"Date","flow"
2006-01-01,0.00686021001640487
2006-01-02,0.00685343359560714
2006-01-03,0.00691510546748113
2006-01-04,0.00695317859822586
2006-01-05,0.0069222648791476
2006-01-06,0.00815839377341575
2006-01-07,0.0873176280323149
2006-01-08,0.00821585117769027
2006-01-09,0.00770002716736308
2006-01-10,0.00782929579378199
2006-01-11,0.0270298928506741
2006-01-12,0.0292232463347928
2006-01-13,0.00758069705431522
2006-01-14,0.00724439345032297
2006-01-15,0.00726854482872405
2006-01-16,0.00737576636876868
2006-01-17,0.00747751246922584
2006-01-18,0.00762324654227729
2006-01-19,0.00776101886059815
2006-01-20,0.0128644210005472
2006-01-21,0.0553229228300632
2006-01-22,0.0697691660395456
2006-01-23,0.183106088739027
2006-01-24,0.121073038355011
2006-01-25,0.0215248482500093
2006-01-26,0.0169734940335119
2006-01-27,0.0120092919016874
2006-01-28,0.0108690127071055
2006-01-29,0.00986715960396566
2006-01-30,0.00922866686116885
2006-01-31,0.0456936040785609
2006-02-01,0.241825859059553
2006-02-02,2.66699166998666
2006-02-03,2.81317722098158
2006-02-04,0.296186719560033
2006-02-05,0.353909099821113
2006-02-06,0.340626128206893
2006-02-07,0.333148294044644
2006-02-08,0.354168932613592
2006-02-09,0.328683283360957
2006-02-10,0.314290176423399
2006-02-11,0.313487673916605
2006-02-12,0.383450205216766
2006-02-13,0.391075317139959
2006-02-14,0.341419992117713
2006-02-15,0.33371562512187
2006-02-16,0.321390489775946
2006-02-17,0.319654128731266
2006-02-18,0.389733836993694
2006-02-19,0.440025426348644
2006-02-20,0.340985953810571
2006-02-21,0.343795678572003
2006-02-22,0.338268409573726
2006-02-23,0.325655952395209
2006-02-24,0.315125002991245
2006-02-25,0.563127007147709
2006-02-26,0.48735089402643
2006-02-27,0.424625262538641
2006-02-28,0.474033291107427
2006-03-01,0.366794448967217
2006-03-02,0.344589090646509
2006-03-03,0.333521693558508
2006-03-04,0.316759033792671
2006-03-05,0.310633967508775
2006-03-06,0.294066522143427
2006-03-07,0.275179377675404
2006-03-08,0.301223651009869
2006-03-09,0.335228793871381
2006-03-10,0.361091134445972
2006-03-11,0.674945638798198
2006-03-12,0.731200294055674
2006-03-13,0.518090382867153
2006-03-14,0.517699854543056
2006-03-15,0.528977619964606
2006-03-16,0.507295506338393
2006-03-17,0.502419027709594
2006-03-18,0.433608286440287
2006-03-19,0.419298322097495
2006-03-20,0.402228919577365
2006-03-21,0.384640640248707
2006-03-22,0.370345845309365
2006-03-23,0.363394090202419
2006-03-24,0.356345383922129
2006-03-25,0.34525344949652
2006-03-26,0.30863202601363
2006-03-27,0.297312154439384
2006-03-28,0.283516166691289
2006-03-29,0.309252977367413
2006-03-30,0.281857895641991
2006-03-31,0.249262423788152
2006-04-01,0.343723919633516
2006-04-02,0.31737381247298
2006-04-03,0.310457787934828
2006-04-04,0.322934206024181
2006-04-05,0.328206258663125
2006-04-06,0.341009768909619
2006-04-07,0.359253285632941
2006-04-08,0.410527237904284
2006-04-09,0.658478846916938
2006-04-10,1.01984637710887
2006-04-11,2.40136406725048
2006-04-12,0.620313058783514
2006-04-13,0.792772961637929
2006-04-14,0.80033250221811
2006-04-15,0.658163538554716
2006-04-16,0.633904332418373
2006-04-17,0.637618818448989
2006-04-18,0.594103946552846
2006-04-19,0.570899108335938
2006-04-20,0.523203733908147
2006-04-21,0.509861205529799
2006-04-22,0.466073836184907
2006-04-23,0.428756482515026
2006-04-24,0.392704450059801
2006-04-25,0.365540396310631
2006-04-26,0.340204221045771
2006-04-27,0.311980852765401
2006-04-28,0.286395995827048
2006-04-29,0.269108687606055
2006-04-30,0.247438264124229
2006-05-01,0.322400967352152
2006-05-02,0.252350687538135
2006-05-03,0.232871648147882
2006-05-04,0.222286636444007
2006-05-05,0.216746502193565
2006-05-06,0.224212228800507
2006-05-07,0.24111709686345
2006-05-08,0.247024378163946
2006-05-09,0.243349939007305
2006-05-10,0.205137247286926
2006-05-11,0.184410686403336
2006-05-12,0.190401556463379
2006-05-13,0.182549684930014
2006-05-14,0.174340759100194
2006-05-15,0.170199159473604
2006-05-16,0.167851193616561
2006-05-17,0.175877194614995
2006-05-18,0.196614123720933
2006-05-19,0.236314512860331
2006-05-20,0.169286623874464
2006-05-21,0.149637718145617
2006-05-22,0.143917869899839
2006-05-23,0.138495784614746
2006-05-24,0.150840393239022
2006-05-25,0.167555740299312
2006-05-26,0.167081486119635
2006-05-27,0.159858688598139
2006-05-28,0.14766148715569
2006-05-29,0.135905250221674
2006-05-30,0.147159832253859
2006-05-31,0.12488973458829
2006-06-01,0.0633980079776596
2006-06-02,0.068650765108513
2006-06-03,0.0698305892800596
2006-06-04,0.0580522606538861
2006-06-05,0.0587579373763595
2006-06-06,0.0621075067474513
2006-06-07,0.0783536389516597
2006-06-08,0.0689631914260338
2006-06-09,0.0555013308313918
2006-06-10,0.0603057097724386
2006-06-11,0.063999499980139
2006-06-12,0.0633900298836065
2006-06-13,0.0644156552601901
2006-06-14,0.0645585620799515
2006-06-15,0.0659048917097111
2006-06-16,0.067005888745085
2006-06-17,0.0613959397158119
2006-06-18,0.0592288927738236
2006-06-19,0.0585655759291278
2006-06-20,0.022442610071952
2006-06-21,0.0203412852242683
2006-06-22,0.019489218822494
2006-06-23,0.018621994148974
2006-06-24,0.0171553229841496
2006-06-25,0.0152732615010224
2006-06-26,0.0135457204259386
2006-06-27,0.0120800956963319
2006-06-28,0.0108369915626483
2006-06-29,0.00977782239865365
2006-06-30,0.00887038820421005
2006-07-01,0.0148225163361837
2006-07-02,0.0134972408213973
2006-07-03,0.0122925002502582
2006-07-04,0.0112399109980214
2006-07-05,0.0102527789375648
2006-07-06,0.00936104822893141
2006-07-07,0.00860911615431278
2006-07-08,0.00802083517172188
2006-07-09,0.0075710790279434
2006-07-10,0.00718936705550398
2006-07-11,0.00685244361377115
2006-07-12,0.00658306945585324
2006-07-13,0.0063919150055662
2006-07-14,0.00626452466222785
2006-07-15,0.00615788738182943
2006-07-16,0.00605906233369366
2006-07-17,0.00596645675527195
2006-07-18,0.00627044603028312
2006-07-19,0.00581251621366473
2006-07-20,0.00574535427968786
2006-07-21,0.00567759745637009
2006-07-22,0.0056140303659699
2006-07-23,0.00555641095330457
2006-07-24,0.005504826166275
2006-07-25,0.00545771529222256
2006-07-26,0.0054142172425837
2006-07-27,0.00537393358424178
2006-07-28,0.00533817100769053
2006-07-29,0.00530531621564561
2006-07-30,0.00527316746226128
2006-07-31,0.00524353501746185
2006-08-01,0.015037652839539
2006-08-02,0.0149648171341684
2006-08-03,0.01489811425922
2006-08-04,0.0148390309374743
2006-08-05,0.0147861349325226
2006-08-06,0.014737627885196
2006-08-07,0.014693684691665
2006-08-08,0.0146540469266154
2006-08-09,0.0146176979324308
2006-08-10,0.0145844367505854
2006-08-11,0.0145529013030301
2006-08-12,0.0145226619968715
2006-08-13,0.0144958126295011
2006-08-14,0.0144718189221709
2006-08-15,0.0144492258342659
2006-08-16,0.0144278480310704
2006-08-17,0.0144079807741547
2006-08-18,0.0143898416991553
2006-08-19,0.0143732190745902
2006-08-20,0.0143575820102237
2006-08-21,0.0263531556196769
2006-08-22,0.0143287822323407
2006-08-23,0.0143165795437909
2006-08-24,0.0143046197587693
2006-08-25,0.0142929155235027
2006-08-26,0.0142819798570595
2006-08-27,0.0142718656134309
2006-08-28,0.0142625755944922
2006-08-29,0.0142542012078911
2006-08-30,0.0142466042066693
2006-08-31,0.0142396186897536
2006-09-01,0.0109515446035205
2006-09-02,0.0109467164090745
2006-09-03,0.010942077620363
2006-09-04,0.0109379210861085
2006-09-05,0.0109340423451386
2006-09-06,0.0109303737261215
2006-09-07,0.0109269555355884
2006-09-08,0.010923753017306
2006-09-09,0.0109207124650912
2006-09-10,0.010917816092696
2006-09-11,0.0109150327861789
2006-09-12,0.0109122994287092
2006-09-13,0.0109095829329226
2006-09-14,0.0109068445281416
2006-09-15,0.010904079683125
2006-09-16,0.0109013019763325
2006-09-17,0.0108985090265726
2006-09-18,0.0108957118363152
2006-09-19,0.0108929218463266
2006-09-20,0.0108901384533133
2006-09-21,0.0108873771873523
2006-09-22,0.0108847248165506
2006-09-23,0.0108821646282316
2006-09-24,0.0108796084819773
2006-09-25,0.0108770503761102
2006-09-26,0.0108744926423952
2006-09-27,0.0108719378059414
2006-09-28,0.0108694043885787
2006-09-29,0.0108669001996841
2006-09-30,0.0108644048922838
2006-10-01,0.00525967487524272
2006-10-02,0.00525846690228994
2006-10-03,0.00525725930383105
2006-10-04,0.00712088092480879
2006-10-05,0.00529586845300538
2006-10-06,0.00525363801769288
2006-10-07,0.00525243133611044
2006-10-08,0.00525122505365965
2006-10-09,0.00525001910769021
2006-10-10,0.00524881356824371
2006-10-11,0.00524760806680977
2006-10-12,0.188962621315808
2006-10-13,0.362959334030057
2006-10-14,0.00525214140217357
2006-10-15,0.0255406130542312
2006-10-16,0.0590392554145403
2006-10-17,0.00531699617678626
2006-10-18,0.00752518542876473
2006-10-19,0.00858765734751294
2006-10-20,0.00661373761428905
2006-10-21,0.00541491158058028
2006-10-22,0.00543224190508417
2006-10-23,0.00544567407456268
2006-10-24,0.0054553074221098
2006-10-25,0.00546069741926539
2006-10-26,0.00546164436435172
2006-10-27,0.00545930907189807
2006-10-28,0.00545528265201454
2006-10-29,0.00545049242933508
2006-10-30,0.00544522399380835
2006-10-31,0.00543980129812783
2006-11-01,0.129077889449956
2006-11-02,0.0274355551903654
2006-11-03,0.0160897744500221
2006-11-04,0.00405436838204251
2006-11-05,0.00401525574179715
2006-11-06,0.0126690979175038
2006-11-07,0.00444686613789281
2006-11-08,0.00405219440064084
2006-11-09,0.00406049779373051
2006-11-10,0.00406696880472719
2006-11-11,0.00556949886144694
2006-11-12,0.00438174438721202
2006-11-13,0.17719330973931
2006-11-14,0.0241441949240978
2006-11-15,0.00493515421185498
2006-11-16,0.00450062231254745
2006-11-17,0.00421796001048727
2006-11-18,0.00424239014251593
2006-11-19,0.00426179214895995
2006-11-20,0.0268737923365589
2006-11-21,0.0215984318026016
2006-11-22,0.112210708896947
2006-11-23,0.0942863853059427
2006-11-24,0.00782825046345284
2006-11-25,0.00790079908247636
2006-11-26,0.00501073220416649
2006-11-27,0.00488104566999973
2006-11-28,0.00542168543070803
2006-11-29,0.00545319493038785
2006-11-30,0.00582072272619487
2006-12-01,0.0501773583213967
2006-12-02,1.70011925438384
2006-12-03,4.96240648979446
2006-12-04,0.79903138100382
2006-12-05,0.748034342982474
2006-12-06,0.144158606027552
2006-12-07,0.0120838601032766
2006-12-08,0.0266769613479313
2006-12-09,0.0190030739600728
2006-12-10,0.0164160350871771
2006-12-11,0.0097154245254835
2006-12-12,0.0612359183030014
2006-12-13,0.0834051324115565
2006-12-14,0.351604978094323
2006-12-15,0.13746292157156
2006-12-16,0.02025227896226
2006-12-17,0.0178020568448673
2006-12-18,0.0424110529374091
2006-12-19,0.0214458343158444
2006-12-20,0.0138611620843615
2006-12-21,0.0344602063995521
2006-12-22,0.0943348472987198
2006-12-23,0.058732238216695
2006-12-24,0.0547046847759081
2006-12-25,0.800769926672498
2006-12-26,0.0812064843487336
2006-12-27,0.15109402213382
2006-12-28,0.108431612989708
2006-12-29,0.135252048666462
2006-12-30,0.132817990614129
2006-12-31,0.122188308189551
2007-01-01,0.170534468003894
2007-01-02,0.121699820253686
2007-01-03,0.238837368724727
2007-01-04,0.231511073204114
2007-01-05,0.1573854608439
2007-01-06,0.173530490842591
2007-01-07,0.18815810953355
2007-01-08,0.187958972144803
2007-01-09,0.184799869611985
2007-01-10,0.183798274280745
2007-01-11,0.18167962792045
2007-01-12,0.189635819922919
2007-01-13,0.176843984664266
2007-01-14,0.216823877924778
2007-01-15,0.168231781813851
2007-01-16,0.168436098921485
2007-01-17,0.167763623394447
2007-01-18,0.176268176128959
2007-01-19,0.186715465688259
2007-01-20,0.173419449275412
2007-01-21,0.178301165348176
2007-01-22,0.328156111872761
2007-01-23,1.30860797302712
2007-01-24,0.742841695726305
2007-01-25,0.501826581953949
2007-01-26,0.502479040425436
2007-01-27,0.481406321489672
2007-01-28,0.466393452062647
2007-01-29,0.43219632203948
2007-01-30,0.391458733536317
2007-01-31,0.363042021235171
2007-02-01,0.323305203084977
2007-02-02,0.299277150716105
2007-02-03,0.30948105127184
2007-02-04,0.28371558606036
2007-02-05,0.308700824269993
2007-02-06,0.419698397947495
2007-02-07,0.580048078782685
2007-02-08,0.684924783118501
2007-02-09,0.521158153180913
2007-02-10,0.679274274563605
2007-02-11,0.552327643886457
2007-02-12,0.504383574810095
2007-02-13,0.495727172262125
2007-02-14,0.486761430939879
2007-02-15,0.545509861949366
2007-02-16,0.471508355993907
2007-02-17,0.438488452051447
2007-02-18,0.41112903444246
2007-02-19,0.384489004004097
2007-02-20,0.353672275113561
2007-02-21,0.32726009387511
2007-02-22,0.302546530462118
2007-02-23,0.279303625928961
2007-02-24,0.269348743117553
2007-02-25,0.252691274419178
2007-02-26,0.580686257622925
2007-02-27,0.607074925327872
2007-02-28,0.387600499602469
2007-03-01,0.350400365573729
2007-03-02,0.348135658986761
2007-03-03,0.376355043360386
2007-03-04,0.317205484329651
2007-03-05,0.299417736119816
2007-03-06,0.28677176619303
2007-03-07,0.273596468005857
2007-03-08,0.285280976166032
2007-03-09,0.277450685436375
2007-03-10,0.27937603853476
2007-03-11,0.291073455764632
2007-03-12,0.287548567486322
2007-03-13,0.284151801852218
2007-03-14,0.260916138540831
2007-03-15,0.250152738212989
2007-03-16,0.244470217414796
2007-03-17,0.439227992925889
2007-03-18,0.512081739283131
2007-03-19,0.393994594786622
2007-03-20,0.364076447010631
2007-03-21,0.384142605249593
2007-03-22,0.345126236877379
2007-03-23,0.333695282762013
2007-03-24,0.319146998552108
2007-03-25,0.303352285465532
2007-03-26,0.2879908837631
2007-03-27,0.289840893272682
2007-03-28,0.308718548624882
2007-03-29,0.268526776391843
2007-03-30,0.246199953589635
2007-03-31,0.238251660372445
2007-04-01,0.319741949255816
2007-04-02,0.317517110801271
2007-04-03,0.309215289360884
2007-04-04,0.313379641349789
2007-04-05,0.336547948062372
2007-04-06,0.338072473553407
2007-04-07,0.361225675719018
2007-04-08,0.379561681564708
2007-04-09,0.407383093620925
2007-04-10,0.422160802577948
2007-04-11,0.455279821385509
2007-04-12,0.394641402422808
2007-04-13,0.345060543144585
2007-04-14,0.339826108830293
2007-04-15,0.348395469254762
2007-04-16,0.356530959073341
2007-04-17,0.312252010430492
2007-04-18,0.301178600061769
2007-04-19,0.282984641275698
2007-04-20,0.261991579740317
2007-04-21,0.250092837981932
2007-04-22,0.246102369311675
2007-04-23,0.239704353868226
2007-04-24,0.250217742907263
2007-04-25,0.26166667203592
2007-04-26,0.286863030636976
2007-04-27,0.297409979423582
2007-04-28,0.331089661631127
2007-04-29,0.417642533881349
2007-04-30,0.372754979374239
2007-05-01,0.245893094521227
2007-05-02,0.282106145075024
2007-05-03,0.253203730395414
2007-05-04,0.251707431815278
2007-05-05,0.253140533912535
2007-05-06,0.301740138011295
2007-05-07,0.339942258822626
2007-05-08,0.462342503377022
2007-05-09,0.48151622114908
2007-05-10,0.53437187917387
2007-05-11,0.548938189255225
2007-05-12,0.417633966114623
2007-05-13,0.482301017678179
2007-05-14,0.488102674643192
2007-05-15,0.267795216978592
2007-05-16,0.256105765420469
2007-05-17,0.275711772474537
2007-05-18,0.398238782673272
2007-05-19,0.723328226025607
2007-05-20,0.283949453942379
2007-05-21,0.336784268870022
2007-05-22,0.423438255962709
2007-05-23,0.443350686912422
2007-05-24,0.425337817669303
2007-05-25,0.468410074563537
2007-05-26,0.478676777748767
2007-05-27,0.283244490410465
2007-05-28,0.236730546330947
2007-05-29,0.193849469093595
2007-05-30,0.194968247190632
2007-05-31,0.210869140073045
2007-06-01,0.165290992049697
2007-06-02,0.174807994039669
2007-06-03,0.178706373122818
2007-06-04,0.15674421964883
2007-06-05,0.145223496073583
2007-06-06,0.104492212859302
2007-06-07,0.0967551773310392
2007-06-08,0.0827702658917411
2007-06-09,0.0600392545116006
2007-06-10,0.0548117677375502
2007-06-11,0.0517604047102406
2007-06-12,0.0543515726779093
2007-06-13,0.0656184172943127
2007-06-14,0.0664401015545199
2007-06-15,0.064892317679876
2007-06-16,0.0665574257795832
2007-06-17,0.0660972691702052
2007-06-18,0.0650898784682574
2007-06-19,0.0412426641906077
2007-06-20,0.0226426581037034
2007-06-21,0.0216702028379684
2007-06-22,0.0209267825547993
2007-06-23,0.0199522936240453
2007-06-24,0.0179656829364832
2007-06-25,0.015744378446818
2007-06-26,0.0137265664006817
2007-06-27,0.0119637576525951
2007-06-28,0.0105067522394903
2007-06-29,0.0093359941260988
2007-06-30,0.00838522983222874
2007-07-01,0.0139998356857164
2007-07-02,0.0127804170907392
2007-07-03,0.0116245179553271
2007-07-04,0.0106220063116888
2007-07-05,0.00970594241307765
2007-07-06,0.00891627436620288
2007-07-07,0.00826471098182288
2007-07-08,0.0077027798655369
2007-07-09,0.00723341562204851
2007-07-10,0.00685805048200088
2007-07-11,0.00658822150072348
2007-07-12,0.00642632809006237
2007-07-13,0.00633032612638241
2007-07-14,0.00624405652710177
2007-07-15,0.00616074591613076
2007-07-16,0.0060775448501827
2007-07-17,0.00599827737427477
2007-07-18,0.00592861530443936
2007-07-19,0.00586928009972166
2007-07-20,0.00581566718215837
2007-07-21,0.00576224947499907
2007-07-22,0.00570709935349096
2007-07-23,0.00565093206723831
2007-07-24,0.00559627935241955
2007-07-25,0.00554412887516668
2007-07-26,0.00549447803898311
2007-07-27,0.00544721826352106
2007-07-28,0.00540374719857225
2007-07-29,0.0053649713628703
2007-07-30,0.00533015053535593
2007-07-31,0.00529817166703164
2007-08-01,0.0151882796496532
2007-08-02,0.0151079031392755
2007-08-03,0.0150344533035928
2007-08-04,0.014967324149635
2007-08-05,0.014902353947539
2007-08-06,0.0148392901591411
2007-08-07,0.0147806960008458
2007-08-08,0.0147274338372366
2007-08-09,0.0146795044996184
2007-08-10,0.0146367767702832
2007-08-11,0.0145968495335133
2007-08-12,0.0145573465881783
2007-08-13,0.0145190576617021
2007-08-14,0.0144840311093245
2007-08-15,0.0144547998246575
2007-08-16,0.0144310915383253
2007-08-17,0.0144105514279047
2007-08-18,0.0143914529060735
2007-08-19,0.0143731903718974
2007-08-20,0.0143558484380506
2007-08-21,0.0143399979625882
2007-08-22,0.0143253381670981
2007-08-23,0.0143109759041524
2007-08-24,0.0142979888425382
2007-08-25,0.0142860758854914
2007-08-26,0.0142745924533221
2007-08-27,0.0142639742225643
2007-08-28,0.0142544870681582
2007-08-29,0.0142459341068621
2007-08-30,0.0142377217056989
2007-08-31,0.0142298810102643
2007-09-01,0.0109434365485968
2007-09-02,0.0109382295041579
2007-09-03,0.0109332532361069
2007-09-04,0.0109285784198853
2007-09-05,0.0146778480838331
2007-09-06,0.0109204582096928
2007-09-07,0.0109168596926251
2007-09-08,0.0109133882189409
2007-09-09,0.0363170327692132
2007-09-10,0.0109071373158075
2007-09-11,0.0381655711890657
2007-09-12,0.0109013146578474
2007-09-13,0.0131627625386244
2007-09-14,0.0108956818272004
2007-09-15,0.0108928517661829
2007-09-16,0.0108900020537964
2007-09-17,0.0108871777785793
2007-09-18,0.0108843692725758
2007-09-19,0.0108815911507465
2007-09-20,0.0108789308644465
2007-09-21,0.010876368534073
2007-09-22,0.0108738116144404
2007-09-23,0.0108712574648687
2007-09-24,0.010868705548209
2007-09-25,0.0108661567272432
2007-09-26,0.010863612502209
2007-09-27,0.0108610680787422
2007-09-28,0.0108585216803986
2007-09-29,0.0108559740631118
2007-09-30,0.0108534513829155
2007-10-01,0.00525437246812303
2007-10-02,0.00525316547645687
2007-10-03,0.00525195934253653
2007-10-04,0.00525075294780798
2007-10-05,0.00524954702929203
2007-10-06,0.00524834157889344
2007-10-07,0.00624082231947313
2007-10-08,0.00524593112016796
2007-10-09,0.0052447263818005
2007-10-10,0.00524352170784315
2007-10-11,0.0052423175741566
2007-10-12,0.00524111364848309
2007-10-13,0.00523990988154712
2007-10-14,0.00523870663552369
2007-10-15,0.00523750349086703
2007-10-16,0.00523630060666662
2007-10-17,0.00523509793822257
2007-10-18,0.00523389567137394
2007-10-19,0.00523269343972208
2007-10-20,0.00523149191341398
2007-10-21,0.00523032624559889
2007-10-22,0.005229089264153
2007-10-23,0.00522788836012421
2007-10-24,0.00522668777955393
2007-10-25,0.00522548745873599
2007-10-26,0.00522428726673831
2007-10-27,0.00522308748126361
2007-10-28,0.00522188793864676
2007-10-29,0.00522068863712796
2007-10-30,0.00521948968652117
2007-10-31,0.00521829100728168
2007-11-01,0.0105553417185584
2007-11-02,0.0423473348941498
2007-11-03,0.00818672312860806
2007-11-04,0.00515308033450515
2007-11-05,0.00523119509551905
2007-11-06,0.0379010532845355
2007-11-07,0.00391752137981262
2007-11-08,0.00396957692518487
2007-11-09,0.00415092406368424
2007-11-10,0.00410904009286457
2007-11-11,0.00426831705995787
2007-11-12,0.00763176290373982
2007-11-13,0.00400047339466119
2007-11-14,0.00383931862824459
2007-11-15,0.284598958814277
2007-11-16,1.19076733648663
2007-11-17,1.74381629217838
2007-11-18,0.125645989281172
2007-11-19,0.00849709173471824
2007-11-20,0.00844201973175756
2007-11-21,0.00800239667771568
2007-11-22,0.00723250875259074
2007-11-23,0.00852024630294232
2007-11-24,0.00913388175899369
2007-11-25,0.00863645100925671
2007-11-26,0.00782036730565683
2007-11-27,0.0126176916643969
2007-11-28,0.0128345024872525
2007-11-29,0.0121101260223532
2007-11-30,0.014114550432904
2007-12-01,0.013219959330685
2007-12-02,0.0461938416963774
2007-12-03,0.0684765003637849
2007-12-04,0.0217437288874589
2007-12-05,0.010003404282888
2007-12-06,0.025195028576126
2007-12-07,0.0818995373916819
2007-12-08,0.0165806007744827
2007-12-09,0.00780298094182489
2007-12-10,0.00670328894623598
2007-12-11,0.00677891881383393
2007-12-12,0.00672309414389075
2007-12-13,0.00655888868047009
2007-12-14,0.00657170132051173
2007-12-15,0.00658425055759865
2007-12-16,0.00659600766350699
2007-12-17,0.00660636892944063
2007-12-18,0.00671622107855824
2007-12-19,0.00712016341379559
2007-12-20,0.00703792424157963
2007-12-21,0.00713894457203393
2007-12-22,0.00679272262991201
2007-12-23,0.00859731075526965
2007-12-24,0.00780485824449271
2007-12-25,0.0067293988114201
2007-12-26,0.0077526627500295
2007-12-27,0.0136479623073393
2007-12-28,0.155334959365937
2007-12-29,0.385568957171303
2007-12-30,0.46747492142146
2007-12-31,0.514455860884428
2008-01-01,0.132084500186621
2008-01-02,0.00703427135652336
2008-01-03,0.0172254845604873
2008-01-04,0.16803977099669
2008-01-05,0.405449970179148
2008-01-06,0.136122716836976
2008-01-07,0.0168371170545142
2008-01-08,0.0147495339253157
2008-01-09,0.0251804893996978
2008-01-10,0.0112465151241636
2008-01-11,0.0154765568782983
2008-01-12,0.016739165787012
2008-01-13,0.0257019596851469
2008-01-14,0.0328332944274154
2008-01-15,0.0731179393163757
2008-01-16,0.0222896433516415
2008-01-17,0.0195668099761689
2008-01-18,0.0212663286873658
2008-01-19,0.040012101513051
2008-01-20,0.269810058845547
2008-01-21,3.41239521129988
2008-01-22,4.23542644191891
2008-01-23,2.27252824179767
2008-01-24,0.743089562376881
2008-01-25,0.676412171420034
2008-01-26,0.643448386171623
2008-01-27,0.598258175977047
2008-01-28,0.587929406503313
2008-01-29,0.614346039692476
2008-01-30,0.643533914957298
2008-01-31,0.536283011069335
2008-02-01,0.493974701598175
2008-02-02,0.46382399038981
2008-02-03,0.436062545308615
2008-02-04,0.407090243332897
2008-02-05,0.391792342170075
2008-02-06,0.45331839682716
2008-02-07,0.420530824648081
2008-02-08,0.570851243061035
2008-02-09,0.638295185874573
2008-02-10,1.18421187135156
2008-02-11,1.72425479995065
2008-02-12,2.23815110949479
2008-02-13,1.33199680620219
2008-02-14,0.836615965213265
2008-02-15,0.69831668757906
2008-02-16,0.661969917861494
2008-02-17,0.647896826450393
2008-02-18,0.64069087439582
2008-02-19,0.643296088834497
2008-02-20,0.639454439382656
2008-02-21,0.619332811851704
2008-02-22,0.587755454255435
2008-02-23,0.545697369319497
2008-02-24,0.52530847703931
2008-02-25,0.477425888899008
2008-02-26,0.468127746764484
2008-02-27,0.455919201510847
2008-02-28,0.43742827265295
2008-02-29,0.407961859434982
2008-03-01,0.339877661428906
2008-03-02,0.317182565354979
2008-03-03,0.301083093605293
2008-03-04,0.297544392868927
2008-03-05,0.259333667932838
2008-03-06,0.240027821694026
2008-03-07,0.22520959755062
2008-03-08,0.211221852347533
2008-03-09,0.198081718616558
2008-03-10,0.185834416068167
2008-03-11,0.174480803546984
2008-03-12,0.164027922515209
2008-03-13,0.154379659424973
2008-03-14,0.145393166951968
2008-03-15,0.137205529645495
2008-03-16,0.12958897072718
2008-03-17,0.123813807176729
2008-03-18,0.123654333339675
2008-03-19,0.118132940744455
2008-03-20,0.120044147434916
2008-03-21,0.126785214680693
2008-03-22,0.135000630664303
2008-03-23,0.144697830532745
2008-03-24,0.139895739418103
2008-03-25,0.161096066792094
2008-03-26,0.190933204257999
2008-03-27,0.139359129895321
2008-03-28,0.138971240384852
2008-03-29,0.140559213917946
2008-03-30,0.145560582140439
2008-03-31,0.143246194937881
2008-04-01,0.202508555303336
2008-04-02,0.228841800553643
2008-04-03,0.180132322651396
2008-04-04,0.172310763354402
2008-04-05,0.174913858274358
2008-04-06,0.163915841532244
2008-04-07,0.149580030589372
2008-04-08,0.141903495255785
2008-04-09,0.143508202832418
2008-04-10,0.120850125186131
2008-04-11,0.115364718635023
2008-04-12,0.108597141858294
2008-04-13,0.104938369548705
2008-04-14,0.100461014291083
2008-04-15,0.0936169211530558
2008-04-16,0.0876166484665372
2008-04-17,0.0866874135426074
2008-04-18,0.162849865716752
2008-04-19,0.104061400186125
2008-04-20,0.0848180179109553
2008-04-21,0.100798195726257
2008-04-22,0.122440444575058
2008-04-23,0.149805989730238
2008-04-24,0.171736192665564
2008-04-25,0.18538543251116
2008-04-26,0.189377207029366
2008-04-27,0.150033274606965
2008-04-28,0.126080826467092
2008-04-29,0.125403340446948
2008-04-30,0.123778806071582
2008-05-01,0.135668153598166
2008-05-02,0.132335712427103
2008-05-03,0.201534066827382
2008-05-04,0.304516021666291
2008-05-05,0.239814025883864
2008-05-06,0.16745310726138
2008-05-07,0.145294854056092
2008-05-08,0.141975388967814
2008-05-09,0.138241018210306
2008-05-10,0.129464310735029
2008-05-11,0.122472027255594
2008-05-12,0.120685022899326
2008-05-13,0.117912914180531
2008-05-14,0.126526697457837
2008-05-15,0.13354055297401
2008-05-16,0.140858662093193
2008-05-17,0.151043974395366
2008-05-18,0.131494858129767
2008-05-19,0.13144569550704
2008-05-20,0.131905601346439
2008-05-21,0.12772420219184
2008-05-22,0.116053452176488
2008-05-23,0.0934355047024549
2008-05-24,0.0839889242884323
2008-05-25,0.071771375917546
2008-05-26,0.0677924984279685
2008-05-27,0.0690044265723606
2008-05-28,0.0696986428973804
2008-05-29,0.0750613802073067
2008-05-30,0.0801712356865058
2008-05-31,0.0787868389641754
2008-06-01,0.0508108460189713
2008-06-02,0.03580011184658
2008-06-03,0.0414073898436286
2008-06-04,0.0438711829564379
2008-06-05,0.0483672758556164
2008-06-06,0.0438273965172601
2008-06-07,0.0206931165597165
2008-06-08,0.0195146603371577
2008-06-09,0.0184796906233141
2008-06-10,0.0172383717347451
2008-06-11,0.0151751081784449
2008-06-12,0.0131273742764728
2008-06-13,0.0113727431012614
2008-06-14,0.00993935809237061
2008-06-15,0.0088058743978161
2008-06-16,0.007937907342798
2008-06-17,0.00722927770667192
2008-06-18,0.00657319051731267
2008-06-19,0.00598820402756718
2008-06-20,0.0106465194581676
2008-06-21,0.00513420580392167
2008-06-22,0.0048078348070974
2008-06-23,0.00450095176613557
2008-06-24,0.00422985022541778
2008-06-25,0.00399418719905626
2008-06-26,0.00380419243597062
2008-06-27,0.00365306913402884
2008-06-28,0.0035379832369512
2008-06-29,0.00345796085646398
2008-06-30,0.00340364107690445
2008-07-01,0.00616485953604834
2008-07-02,0.00608298382233952
2008-07-03,0.00599829695678699
2008-07-04,0.00591821209957059
2008-07-05,0.00584770747250253
2008-07-06,0.00578579471215848
2008-07-07,0.00572613819459702
2008-07-08,0.0056673102779354
2008-07-09,0.00561069522447633
2008-07-10,0.00555567316621506
2008-07-11,0.00550503344036111
2008-07-12,0.0054606274826467
2008-07-13,0.00542233149615326
2008-07-14,0.00538613749223616
2008-07-15,0.00534947433180053
2008-07-16,0.00531520224847018
2008-07-17,0.00528406797355087
2008-07-18,0.00525560184393854
2008-07-19,0.0052293489871225
2008-07-20,0.00520499119334103
2008-07-21,0.00518376359968521
2008-07-22,0.00516521059309886
2008-07-23,0.00514731260093572
2008-07-24,0.00513004196447828
2008-07-25,0.00511569636723637
2008-07-26,0.00510287965590986
2008-07-27,0.00508967058918228
2008-07-28,0.00507708547492807
2008-07-29,0.00506514739719428
2008-07-30,0.00505350010872442
2008-07-31,0.00504266637661297
2008-08-01,0.0145095785813454
2008-08-02,0.0144837422516363
2008-08-03,0.0144587395819284
2008-08-04,0.0144359274243859
2008-08-05,0.0144154593399267
2008-08-06,0.0143959533889259
2008-08-07,0.0143775862860335
2008-08-08,0.0143606817876864
2008-08-09,0.0143453879549647
2008-08-10,0.0143319186684625
2008-08-11,0.0143198986251678
2008-08-12,0.0143081972248401
2008-08-13,0.0142966181793759
2008-08-14,0.0142856480336152
2008-08-15,0.0142751334977588
2008-08-16,0.0142651444713279
2008-08-17,0.0142562723493887
2008-08-18,0.0142483442989183
2008-08-19,0.0142411078176503
2008-08-20,0.0142345650707561
2008-08-21,0.014228087844862
2008-08-22,0.0142213060883475
2008-08-23,0.0142145831060376
2008-08-24,0.0142081632760826
2008-08-25,0.0142021732364557
2008-08-26,0.0141967925830347
2008-08-27,0.0141920147362297
2008-08-28,0.0141873819171862
2008-08-29,0.0141827663259932
2008-08-30,0.0141783857333742
2008-08-31,0.0141742122698307
2008-09-01,0.0109030978095417
2008-09-02,0.0109001554109589
2008-09-03,0.0108973116457354
2008-09-04,0.0108945727961165
2008-09-05,0.010891825650125
2008-09-06,0.0108890750849872
2008-09-07,0.0108863556970272
2008-09-08,0.0108836409914951
2008-09-09,0.0108809185950643
2008-09-10,0.0108781882198985
2008-09-11,0.0108754455688051
2008-09-12,0.0108726825431176
2008-09-13,0.0108699310403312
2008-09-14,0.0108672601564221
2008-09-15,0.0108647009355527
2008-09-16,0.0108622055823602
2008-09-17,0.010859710817197
2008-09-18,0.0108572167389158
2008-09-19,0.0108547236077323
2008-09-20,0.0108522306655323
2008-09-21,0.0108497384603676
2008-09-22,0.0108472468032549
2008-09-23,0.010844755555364
2008-09-24,0.0108422646556387
2008-09-25,0.0108397744849533
2008-09-26,0.0108372853616723
2008-09-27,0.0108347962747342
2008-09-28,0.0108323077562002
2008-09-29,0.010829820240732
2008-09-30,0.0108273335546103
2008-10-01,0.00524172783252641
2008-10-02,0.0052405241240171
2008-10-03,0.00523932053764068
2008-10-04,0.00523811714132694
2008-10-05,0.00523691431942487
2008-10-06,0.00523571165379656
2008-10-07,0.277216166476313
2008-10-08,0.240504442156251
2008-10-09,0.00523890646285395
2008-10-10,0.00525173907748431
2008-10-11,0.00526536501058951
2008-10-12,0.00527808473748877
2008-10-13,0.00528895069152038
2008-10-14,0.00529769337365368
2008-10-15,0.0134498601850798
2008-10-16,0.00531111827288256
2008-10-17,0.0565906394540525
2008-10-18,0.00532148405443557
2008-10-19,0.11961374959177
2008-10-20,0.0338908692514723
2008-10-21,0.00557140661773857
2008-10-22,0.0772689615111969
2008-10-23,0.0273171562176573
2008-10-24,0.116312585480181
2008-10-25,0.115056374319064
2008-10-26,0.00576871000917943
2008-10-27,0.00569185287920565
2008-10-28,0.00575140526007344
2008-10-29,0.00750487427586824
2008-10-30,0.00784245127077539
2008-10-31,0.0123767047541741
2008-11-01,0.0448633785694778
2008-11-02,0.010190351671969
2008-11-03,0.0119456476871055
2008-11-04,0.00915149943374538
2008-11-05,0.0100939445221603
2008-11-06,0.00939561220965321
2008-11-07,0.00540294592437403
2008-11-08,0.00556059407938957
2008-11-09,0.00504906446451992
2008-11-10,0.00443416192923832
2008-11-11,0.249271994036553
2008-11-12,3.31059736211238
2008-11-13,4.63374065677864
2008-11-14,3.36121491261483
2008-11-15,3.22377508713887
2008-11-16,0.0104152876379154
2008-11-17,0.00932139319759407
2008-11-18,0.00889126829913534
2008-11-19,0.0113726977780342
2008-11-20,0.00962899529764628
2008-11-21,0.0102874515236128
2008-11-22,0.00902979365187741
2008-11-23,0.00901312797655898
2008-11-24,0.0100203837558157
2008-11-25,0.0090118966410519
2008-11-26,0.00900725170062868
2008-11-27,0.009005073170883
2008-11-28,0.00900146699441654
2008-11-29,0.00899011512035706
2008-11-30,0.00897694463315339
2008-12-01,0.00896841739463423
2008-12-02,0.00895839627731325
2008-12-03,0.00895158841086461
2008-12-04,0.00894177870276499
2008-12-05,0.00892920809855278
2008-12-06,0.00891280274256709
2008-12-07,0.00889064898189103
2008-12-08,0.0093952046911981
2008-12-09,0.00884621279177151
2008-12-10,0.00882309189094848
2008-12-11,0.00880509598861193
2008-12-12,0.0337694905259558
2008-12-13,0.00884858804552796
2008-12-14,0.0591072727356927
2008-12-15,0.0161633455489674
2008-12-16,0.0109501477150615
2008-12-17,0.0665452618589623
2008-12-18,0.0241023038006132
2008-12-19,0.0105974993768733
2008-12-20,0.00956849146896986
2008-12-21,0.0090544516232692
2008-12-22,0.00923384986488829
2008-12-23,0.00942097141011378
2008-12-24,0.00892826869767601
2008-12-25,0.00900085879438517
2008-12-26,0.00931332367105655
2008-12-27,0.178850847700611
2008-12-28,0.240574886546367
2008-12-29,0.266373418954227
2008-12-30,0.734592542833823
2008-12-31,1.49413012190703
2009-01-01,0.229020116247237
2009-01-02,0.0752272836379771
2009-01-03,0.0862441731239272
2009-01-04,0.0949189549671271
2009-01-05,0.138259803548581
2009-01-06,0.467623982603754
2009-01-07,1.31372797711293
2009-01-08,0.383891702725162
2009-01-09,0.375216614701625
2009-01-10,0.400113730107082
2009-01-11,0.39050850798397
2009-01-12,0.484287878831741
2009-01-13,0.387674681813402
2009-01-14,0.380261465051272
2009-01-15,0.372259804206866
2009-01-16,0.384232437828672
2009-01-17,0.391426392727032
2009-01-18,0.463296063961989
2009-01-19,0.394291877287739
2009-01-20,0.418082579054001
2009-01-21,0.391576149658263
2009-01-22,0.398790333383738
2009-01-23,0.471874295690464
2009-01-24,0.414327138113862
2009-01-25,0.378562804518876
2009-01-26,0.366606165858512
2009-01-27,0.385648094325133
2009-01-28,0.33778051278979
2009-01-29,0.321712038188039
2009-01-30,0.305338589526773
2009-01-31,0.28964916888684
2009-02-01,0.26262409478394
2009-02-02,0.260893050552461
2009-02-03,0.257379350760033
2009-02-04,0.32297184646638
2009-02-05,0.536897098937626
2009-02-06,0.569965208472012
2009-02-07,0.405422994788282
2009-02-08,0.47602155469277
2009-02-09,0.701628367747819
2009-02-10,0.566996872868464
2009-02-11,0.490410396157821
2009-02-12,0.483366240495016
2009-02-13,0.493901805311536
2009-02-14,0.491083418667328
2009-02-15,0.482360276050123
2009-02-16,0.467792031551563
2009-02-17,0.451936539639129
2009-02-18,0.42716644628514
2009-02-19,0.384838927801067
2009-02-20,0.363069366363891
2009-02-21,0.34081252071599
2009-02-22,0.319370671125732
2009-02-23,0.299693458373965
2009-02-24,0.281400610703269
2009-02-25,0.27308243852908
2009-02-26,0.263090763495882
2009-02-27,0.32731612903533
2009-02-28,0.390366507842986
2009-03-01,0.307145007104615
2009-03-02,0.262554211339763
2009-03-03,0.279400013775448
2009-03-04,0.287100591427051
2009-03-05,0.272518924725541
2009-03-06,0.262187197916147
2009-03-07,0.33582895609746
2009-03-08,0.291641204384884
2009-03-09,0.283918237024435
2009-03-10,0.283700853281186
2009-03-11,0.262832053310209
2009-03-12,0.267987282323401
2009-03-13,0.2929164352363
2009-03-14,0.280238106930233
2009-03-15,0.321191367947434
2009-03-16,0.296037441095381
2009-03-17,0.324060645670445
2009-03-18,0.320861448645638
2009-03-19,0.289172706746228
2009-03-20,0.284832013814508
2009-03-21,0.291215222596657
2009-03-22,0.289988348878161
2009-03-23,0.272185656784708
2009-03-24,0.266338049396035
2009-03-25,0.269936581332812
2009-03-26,0.2687112603471
2009-03-27,0.261646046621135
2009-03-28,0.254301968853763
2009-03-29,0.257142216995067
2009-03-30,0.283706620660696
2009-03-31,0.32166136702155
2009-04-01,0.432029855853683
2009-04-02,0.395236171714833
2009-04-03,0.359118617929388
2009-04-04,0.375565045265694
2009-04-05,0.353683931058502
2009-04-06,0.344119060092752
2009-04-07,0.359185685656389
2009-04-08,0.34154136858128
2009-04-09,0.539621549241345
2009-04-10,1.40672769604154
2009-04-11,0.927805214298223
2009-04-12,0.536629005958503
2009-04-13,0.55245995401778
2009-04-14,0.530046621487699
2009-04-15,0.5166303727509
2009-04-16,0.508469661341231
2009-04-17,0.4805632029243
2009-04-18,0.485614780530527
2009-04-19,0.481804181183554
2009-04-20,0.537802489241265
2009-04-21,0.577493409635535
2009-04-22,0.560224436313394
2009-04-23,0.476748190482465
2009-04-24,0.377280271320976
2009-04-25,0.350264307020523
2009-04-26,0.452898007144025
2009-04-27,0.402042131628699
2009-04-28,0.349820496872583
2009-04-29,0.317924948422878
2009-04-30,0.30882277332017
2009-05-01,0.332162749404972
2009-05-02,0.32417846807761
2009-05-03,0.308846874258029
2009-05-04,0.315487193609184
2009-05-05,0.324436710274553
2009-05-06,0.306904846132267
2009-05-07,0.327908399115133
2009-05-08,0.344858419655179
2009-05-09,0.346295528878786
2009-05-10,0.511010659153012
2009-05-11,0.5738698543386
2009-05-12,0.482799258967237
2009-05-13,0.518287291723668
2009-05-14,0.551360770831725
2009-05-15,0.54099577648503
2009-05-16,0.527187607974646
2009-05-17,0.62697145741776
2009-05-18,0.589560684055646
2009-05-19,0.487821030122706
2009-05-20,0.419182506983276
2009-05-21,0.409557912858991
2009-05-22,0.406520737353065
2009-05-23,0.456230738961497
2009-05-24,0.57268390550014
2009-05-25,0.61001953073398
2009-05-26,0.629994725372593
2009-05-27,0.625594997268253
2009-05-28,0.544491457453287
2009-05-29,0.505602662376829
2009-05-30,0.467650099623821
2009-05-31,0.457817929539294
2009-06-01,0.168016929269543
2009-06-02,0.149624561454628
2009-06-03,0.15247673694673
2009-06-04,0.18906218095872
2009-06-05,0.188388536210016
2009-06-06,0.180414519479478
2009-06-07,0.170787098048389
2009-06-08,0.168834619776912
2009-06-09,0.150529150527186
2009-06-10,0.120794454692185
2009-06-11,0.108317495369702
2009-06-12,0.097186428674888
2009-06-13,0.0915084215383527
2009-06-14,0.0845566524723986
2009-06-15,0.0795974857819196
2009-06-16,0.0826063389267009
2009-06-17,0.0806255601623772
2009-06-18,0.0734816049509387
2009-06-19,0.0460854807579216
2009-06-20,0.0262510049057875
2009-06-21,0.0245605976717739
2009-06-22,0.0232010471981746
2009-06-23,0.0218149510507163
2009-06-24,0.0335601884557929
2009-06-25,0.0294925236858042
2009-06-26,0.0397344994245563
2009-06-27,0.0168681984844589
2009-06-28,0.0156398850801779
2009-06-29,0.0141073677384498
2009-06-30,0.0125470312301883
2009-07-01,0.0203670849786998
2009-07-02,0.0180354300064001
2009-07-03,0.0161178402533604
2009-07-04,0.014464894216383
2009-07-05,0.0129889621415881
2009-07-06,0.0117364632853435
2009-07-07,0.0106984709233087
2009-07-08,0.00983673569910594
2009-07-09,0.00913627820393516
2009-07-10,0.00856078790806836
2009-07-11,0.0080299439024756
2009-07-12,0.00755887049383366
2009-07-13,0.00720022046023826
2009-07-14,0.00693332253822113
2009-07-15,0.00674219008475559
2009-07-16,0.00662373182062257
2009-07-17,0.00652532298786929
2009-07-18,0.00642975357679105
2009-07-19,0.00633374645878363
2009-07-20,0.00624143197960636
2009-07-21,0.00615521798021655
2009-07-22,0.0060725707649394
2009-07-23,0.00599503533572895
2009-07-24,0.00592548735773455
2009-07-25,0.00586203280534059
2009-07-26,0.0058055154147543
2009-07-27,0.00575312205300906
2009-07-28,0.00570360896483409
2009-07-29,0.00565700909401668
2009-07-30,0.0056095491746761
2009-07-31,0.00556090366630605
2009-08-01,0.015894466117695
2009-08-02,0.0157667845296508
2009-08-03,0.0156455888130723
2009-08-04,0.0155309600938758
2009-08-05,0.0154236038079973
2009-08-06,0.0153243877036644
2009-08-07,0.0152342282057881
2009-08-08,0.0151509335731943
2009-08-09,0.015076159629316
2009-08-10,0.015006914229899
2009-08-11,0.0149381262768145
2009-08-12,0.014872415742868
2009-08-13,0.0148108673837218
2009-08-14,0.0147530961020801
2009-08-15,0.0147000093674324
2009-08-16,0.0146511918494334
2009-08-17,0.0146078439146474
2009-08-18,0.0145690593839966
2009-08-19,0.0145320550796755
2009-08-20,0.0144965999291366
2009-08-21,0.0144639204604889
2009-08-22,0.0144357402948072
2009-08-23,0.0144112388897049
2009-08-24,0.0143895339255007
2009-08-25,0.0143710839481173
2009-08-26,0.014354341288785
2009-08-27,0.014338143558351
2009-08-28,0.0143231019189904
2009-08-29,0.0143096796446725
2009-08-30,0.0142974163738297
2009-08-31,0.0142854595833952
2009-09-01,0.0109835818216809
2009-09-02,0.0109764874847754
2009-09-03,0.0109700235675158
2009-09-04,0.0109640152871239
2009-09-05,0.010958156666344
2009-09-06,0.0109525190958472
2009-09-07,0.0109471904543818
2009-09-08,0.0109421945029799
2009-09-09,0.010937515021775
2009-09-10,0.0109330815810042
2009-09-11,0.0109288725304353
2009-09-12,0.0109248766946056
2009-09-13,0.0109212249677997
2009-09-14,0.0109179398768421
2009-09-15,0.0208481752581176
2009-09-16,0.0109119479871285
2009-09-17,0.0109090303519168
2009-09-18,0.0109061141442568
2009-09-19,0.0109032348559635
2009-09-20,0.0109004163440142
2009-09-21,0.010897675015078
2009-09-22,0.0108949705531746
2009-09-23,0.0108922864215271
2009-09-24,0.0108896786159256
2009-09-25,0.0108871304869298
2009-09-26,0.0108845805429664
2009-09-27,0.0108820220707621
2009-09-28,0.0108794555151552
2009-09-29,0.0108768844493861
2009-09-30,0.0108743115243107
2009-10-01,0.00526443258699615
2009-10-02,0.00526318251163922
2009-10-03,0.00526193200371369
2009-10-04,0.00526069563750776
2009-10-05,0.00525948110352074
2009-10-06,0.0064767181732886
2009-10-07,0.00525706557434523
2009-10-08,0.00525585814236718
2009-10-09,0.005254651084883
2009-10-10,0.0052534442625134
2009-10-11,0.00525223796774373
2009-10-12,0.00525103168881262
2009-10-13,0.00524982556756314
2009-10-14,0.00524861988556965
2009-10-15,0.00524741467028562
2009-10-16,0.00524620953841802
2009-10-17,0.00524500458288633
2009-10-18,0.00524380016762542
2009-10-19,0.00524259583437305
2009-10-20,0.00524139157327409
2009-10-21,0.00524018778522004
2009-10-22,0.00523898451526279
2009-10-23,0.00523778134948805
2009-10-24,0.00523657826079428
2009-10-25,0.0052353757123713
2009-10-26,0.00523417355533666
2009-10-27,0.00526608836311877
2009-10-28,0.00523179353268624
2009-10-29,0.00556856766163637
2009-10-30,0.00586297218715322
2009-10-31,0.00613184328871293
2009-11-01,0.062513070559807
2009-11-02,0.00705614204350772
2009-11-03,0.00419874742434207
2009-11-04,0.00414608594011243
2009-11-05,0.0099674155758903
2009-11-06,0.0135633063062923
2009-11-07,0.173719967434675
2009-11-08,0.771734551232812
2009-11-09,0.242579185203525
2009-11-10,0.00468954083023412
2009-11-11,0.00624452289051093
2009-11-12,0.0566243929816984
2009-11-13,0.135114379073303
2009-11-14,0.189476256350711
2009-11-15,0.0384373301851005
2009-11-16,0.437912698559164
2009-11-17,0.703831395633114
2009-11-18,0.056690237890987
2009-11-19,0.252839092092177
2009-11-20,0.686083544850623
2009-11-21,0.691251612295076
2009-11-22,0.16181275094413
2009-11-23,0.0270996169672473
2009-11-24,0.0344586516993153
2009-11-25,0.0459273528310814
2009-11-26,0.0996068004191686
2009-11-27,0.0272761501338684
2009-11-28,0.120758854820022
2009-11-29,0.0102141571168433
2009-11-30,0.0103064794936233
2009-12-01,0.0180401717106704
2009-12-02,0.031463740975827
2009-12-03,0.0450883985329968
2009-12-04,0.0442248536687695
2009-12-05,0.0337792284851778
2009-12-06,0.0340096409098213
2009-12-07,0.0174861280349456
2009-12-08,0.0148498480766837
2009-12-09,0.0135521621832896
2009-12-10,0.0934499404240376
2009-12-11,0.0196975207351
2009-12-12,0.044792735442104
2009-12-13,0.0206772718636333
2009-12-14,0.028960314705132
2009-12-15,0.0272904321030806
2009-12-16,0.0954376550211027
2009-12-17,0.217623632447985
2009-12-18,0.0302786282529132
2009-12-19,0.0360375293511615
2009-12-20,0.0439389459992812
2009-12-21,0.0443283488787677
2009-12-22,0.0450849422993142
2009-12-23,0.0437960891834209
2009-12-24,0.0502078519294939
2009-12-25,0.0461046186290776
2009-12-26,0.0952626805626234
2009-12-27,0.0506549802695
2009-12-28,0.051731690819439
2009-12-29,0.0629407701683641
2009-12-30,0.107055672873632
2009-12-31,0.256927650418112
2010-01-01,0.0988634420523009
2010-01-02,0.0846469911433283
2010-01-03,0.0612717135568058
2010-01-04,0.0678599772342476
2010-01-05,0.0656764766123825
2010-01-06,0.0643615930634569
2010-01-07,0.0635760488788008
2010-01-08,0.0630155835394918
2010-01-09,0.0619681469180142
2010-01-10,0.0605821440021107
2010-01-11,0.0591055168812407
2010-01-12,0.0574093445988004
2010-01-13,0.0556793371884393
2010-01-14,0.0550874488112368
2010-01-15,0.0525180475040045
2010-01-16,0.0509243697627697
2010-01-17,0.0495320097276035
2010-01-18,0.0481718652102319
2010-01-19,0.0468506792191857
2010-01-20,0.0455703040679213
2010-01-21,0.0444181836113105
2010-01-22,0.0431329056217439
2010-01-23,0.0419763319538185
2010-01-24,0.0408614203820466
2010-01-25,0.0397877821232718
2010-01-26,0.0386307302885116
2010-01-27,0.0374627046483178
2010-01-28,0.0363581359282443
2010-01-29,0.0351841703932465
2010-01-30,0.0340735125703135
2010-01-31,0.0325470334074742
2010-02-01,0.0302775498866744
2010-02-02,0.0665440854783436
2010-02-03,0.0631931954018772
2010-02-04,0.032240375550035
2010-02-05,0.0378017739653251
2010-02-06,0.0280316744026726
2010-02-07,0.0313746879278593
2010-02-08,0.0343572736621991
2010-02-09,0.0337087374857657
2010-02-10,0.0325211924386968
2010-02-11,0.0325591188919692
2010-02-12,0.0320766046539789
2010-02-13,0.0301669196676203
2010-02-14,0.0281374527996016
2010-02-15,0.0298179407493163
2010-02-16,0.0360643567544493
2010-02-17,0.0372709054215208
2010-02-18,0.0315166063393034
2010-02-19,0.0289185750972995
2010-02-20,0.0305389768575682
2010-02-21,0.0326425816580755
2010-02-22,0.0354139146721082
2010-02-23,0.0344605893646853
2010-02-24,0.0354809869544434
2010-02-25,0.0415632887001343
2010-02-26,0.0348170545922348
2010-02-27,0.03481053638466
2010-02-28,0.0320017620610883
2010-03-01,0.026680206811876
2010-03-02,0.0281413184288028
2010-03-03,0.0272879316932305
2010-03-04,0.025969150084286
2010-03-05,0.0272280774577297
2010-03-06,0.0260968467011985
2010-03-07,0.034844540274259
2010-03-08,0.0407931605836022
2010-03-09,0.0429115193800037
2010-03-10,0.0495849066033602
2010-03-11,0.0548003875840953
2010-03-12,0.0749465138614237
2010-03-13,0.0776163772615529
2010-03-14,0.0892402459197852
2010-03-15,0.0925373791778219
2010-03-16,0.0782578106649607
2010-03-17,0.0833271545613748
2010-03-18,0.0872169754066626
2010-03-19,0.0976976519728055
2010-03-20,0.0853010642886165
2010-03-21,0.113960745990258
2010-03-22,0.0805072876901786
2010-03-23,0.0846531117488974
2010-03-24,0.0836692795942656
2010-03-25,0.108717578948757
2010-03-26,0.0803322685810001
2010-03-27,0.0857166975190928
2010-03-28,0.08958655713251
2010-03-29,0.0914318414381868
2010-03-30,0.0947687693667641
2010-03-31,0.0998284179723745
2010-04-01,0.119202950647263
2010-04-02,0.135463803769231
2010-04-03,0.104285297505542
2010-04-04,0.121988790307168
2010-04-05,0.115925204331751
2010-04-06,0.0945845092927486
2010-04-07,0.121246010145378
2010-04-08,0.098610330985024
2010-04-09,0.0886820634006356
2010-04-10,0.0798761539400164
2010-04-11,0.0765542148616067
2010-04-12,0.0750709647041064
2010-04-13,0.0749649895414637
2010-04-14,0.0757396266660501
2010-04-15,0.0723365002539939
2010-04-16,0.0741394868977813
2010-04-17,0.0725678725194525
2010-04-18,0.095625429210669
2010-04-19,0.0717623881736704
2010-04-20,0.0754723760028196
2010-04-21,0.0699158577593975
2010-04-22,0.0655622836167549
2010-04-23,0.0588225970025718
2010-04-24,0.050583970844037
2010-04-25,0.0387478370238147
2010-04-26,0.124722842198769
2010-04-27,0.0386114385975214
2010-04-28,0.0814519479639191
2010-04-29,0.166352299709215
2010-04-30,0.107193394454379
2010-05-01,0.163878863498287
2010-05-02,0.0599846221392493
2010-05-03,0.0641709522860456
2010-05-04,0.0652309434195137
2010-05-05,0.0930761039399613
2010-05-06,0.0983530992202837
2010-05-07,0.0961932568474725
2010-05-08,0.0845148038416972
2010-05-09,0.0799913740111093
2010-05-10,0.0642114932075939
2010-05-11,0.0579770548119668
2010-05-12,0.0520950950593213
2010-05-13,0.0470110693773082
2010-05-14,0.0421992918225677
2010-05-15,0.0377387508571587
2010-05-16,0.0337276178424432
2010-05-17,0.029810842292259
2010-05-18,0.0261248591644837
2010-05-19,0.0235607364428362
2010-05-20,0.0216380831644038
2010-05-21,0.0201746285742387
2010-05-22,0.0183602698788618
2010-05-23,0.0172870528369423
2010-05-24,0.0161913568311717
2010-05-25,0.0147867390539157
2010-05-26,0.0135091196349479
2010-05-27,0.0121665310348939
2010-05-28,0.0108799469726115
2010-05-29,0.00976724140239121
2010-05-30,0.00890347025788047
2010-05-31,0.0081895922369201
2010-06-01,0.00610758813987549
2010-06-02,0.00567976429681909
2010-06-03,0.00536181873835093
2010-06-04,0.00513914046434331
2010-06-05,0.00533556526312491
2010-06-06,0.00489262553277672
2010-06-07,0.00543198170867029
2010-06-08,0.0204266707401516
2010-06-09,0.0419461718272904
2010-06-10,0.0528205921099504
2010-06-11,0.00478667066641743
2010-06-12,0.00476223847632733
2010-06-13,0.0047086266118497
2010-06-14,0.0046481171730725
2010-06-15,0.00459868178395109
2010-06-16,0.00769077166243833
2010-06-17,0.00450711310653513
2010-06-18,0.00443406838166261
2010-06-19,0.00435589177417809
2010-06-20,0.0042799346224927
2010-06-21,0.00420083452103455
2010-06-22,0.00412102310436443
2010-06-23,0.00404568764885025
2010-06-24,0.00397767969654253
2010-06-25,0.00391320318833934
2010-06-26,0.00384878739378455
2010-06-27,0.0037856611244569
2010-06-28,0.00372436316808181
2010-06-29,0.00366513819291763
2010-06-30,0.00360833949026843
2010-07-01,0.00651818509171279
2010-07-02,0.00641589758724626
2010-07-03,0.00631662851722907
2010-07-04,0.0062236364192977
2010-07-05,0.00613588825088874
2010-07-06,0.00605804175981864
2010-07-07,0.00599074493384833
2010-07-08,0.00592904229115385
2010-07-09,0.00587400072246887
2010-07-10,0.00582119090220627
2010-07-11,0.00576865457914348
2010-07-12,0.00571834380947989
2010-07-13,0.00566701840734406
2010-07-14,0.00561554978371674
2010-07-15,0.00556241970375777
2010-07-16,0.00550758113300038
2010-07-17,0.00545530730512222
2010-07-18,0.00540836997101657
2010-07-19,0.00536614825933788
2010-07-20,0.0053271701203793
2010-07-21,0.00528971834063435
2010-07-22,0.00525447821890333
2010-07-23,0.00522300742833184
2010-07-24,0.00519431247017317
2010-07-25,0.00516887505155297
2010-07-26,0.00514678411525743
2010-07-27,0.00512533832905746
2010-07-28,0.0051035355226157
2010-07-29,0.00508303212867862
2010-07-30,0.00506488423748479
2010-07-31,0.00504853573085244
2010-08-01,0.0145118920151733
2010-08-02,0.0144741758020738
2010-08-03,0.0144423700755513
2010-08-04,0.0144161074677774
2010-08-05,0.0143919432749161
2010-08-06,0.014368837955793
2010-08-07,0.014348100678731
2010-08-08,0.0143299017280478
2010-08-09,0.0143130911558243
2010-08-10,0.0142976009972129
2010-08-11,0.0142837352821616
2010-08-12,0.0142711874329616
2010-08-13,0.0142597274076946
2010-08-14,0.014250084578211
2010-08-15,0.0142425150620092
2010-08-16,0.0142357808731418
2010-08-17,0.0142294808531236
2010-08-18,0.0142236519931357
2010-08-19,0.0142183256135367
2010-08-20,0.014213555835113
2010-08-21,0.0142091890818322
2010-08-22,0.0142050950201922
2010-08-23,0.0142011270297268
2010-08-24,0.0141972163558486
2010-08-25,0.0497235521348419
2010-08-26,0.0153330294662781
2010-08-27,0.0141865022529579
2010-08-28,0.0141830375486805
2010-08-29,0.0141795410365975
2010-08-30,0.0141759993260862
2010-08-31,0.0141724338260834
2010-09-01,0.0109020777961948
2010-09-02,0.0108994853876547
2010-09-03,0.0108969741467707
2010-09-04,0.0108944714530256
2010-09-05,0.0108919694120003
2010-09-06,0.01088946777947
2010-09-07,0.0108869664071553
2010-09-08,0.0108844661607457
2010-09-09,0.0108819666113943
2010-09-10,0.0108794673898563
2010-09-11,0.0108769686400501
2010-09-12,0.0108744705284264
2010-09-13,0.0883613697399181
2010-09-14,0.0108694760481878
2010-09-15,0.010866980194916
2010-09-16,0.0186119189651497
2010-09-17,0.0108619894311092
2010-09-18,0.0108594946732145
2010-09-19,0.010857000570947
2010-09-20,0.0108545075735056
2010-09-21,0.0108520146349399
2010-09-22,0.0108495221194062
2010-09-23,0.0108470307297778
2010-09-24,0.0108445395254984
2010-09-25,0.0118443533559949
2010-09-26,0.0108395590423901
2010-09-27,0.010837069624731
2010-09-28,0.0108345809542834
2010-09-29,0.0108320922940118
2010-09-30,0.0108296047233023
2010-10-01,0.0052428277238702
2010-10-02,0.00524162359968678
2010-10-03,0.00524041970076282
2010-10-04,0.0052392163734348
2010-10-05,0.0248872513082312
2010-10-06,0.00523680986414152
2010-10-07,0.00523560743996322
2010-10-08,0.00523440490878666
2010-10-09,0.00523320265144115
2010-10-10,0.00871649776190687
2010-10-11,0.00523079916379257
2010-10-12,0.0052295980144421
2010-10-13,0.00522839703790791
2010-10-14,0.0052271962426372
2010-10-15,0.00732371473910741
2010-10-16,0.00522479565590833
2010-10-17,0.00522359553148849
2010-10-18,0.00522239590193556
2010-10-19,0.00522119672501341
2010-10-20,0.00521999757589672
2010-10-21,0.00521879870131501
2010-10-22,0.00521760021882559
2010-10-23,0.0052164019126721
2010-10-24,0.00521520386204734
2010-10-25,0.0052140062270967
2010-10-26,0.00521280879875123
2010-10-27,0.00521161166007538
2010-10-28,0.00794104773252002
2010-10-29,0.00520921804935093
2010-10-30,0.00811587797846984
2010-10-31,0.00520682560856789
2010-11-01,0.00381027001270182
2010-11-02,0.00391922828635065
2010-11-03,0.00380852007736151
2010-11-04,0.00380764550952313
2010-11-05,0.00380677108363533
2010-11-06,0.00380589674430903
2010-11-07,0.00380502266337918
2010-11-08,0.00380414896295933
2010-11-09,0.00380327533750792
2010-11-10,0.00380240177903864
2010-11-11,0.00380152839420765
2010-11-12,0.0117782735275319
2010-11-13,0.269868644316839
2010-11-14,0.388840917611819
2010-11-15,0.121980132563111
2010-11-16,0.215792691021673
2010-11-17,0.265461424166428
2010-11-18,0.346791961339862
2010-11-19,0.391286844147622
2010-11-20,0.0802672202496797
2010-11-21,0.0163173703812879
2010-11-22,0.0989781863985423
2010-11-23,0.177514452554292
2010-11-24,0.267548228156399
2010-11-25,0.0319637282028477
2010-11-26,0.0381657229603316
2010-11-27,0.0813444011441031
2010-11-28,0.0817113458893604
2010-11-29,0.0564255345844961
2010-11-30,0.0499665952734459
2010-12-01,0.0508410093973122
2010-12-02,0.0606745394022981
2010-12-03,0.0283497014237076
2010-12-04,0.0166994227344364
2010-12-05,0.0173435460327211
2010-12-06,0.0290546153692945
2010-12-07,0.255144902640402
2010-12-08,0.0107080209507213
2010-12-09,0.126859994926307
2010-12-10,0.597757989443779
2010-12-11,0.430785043328333
2010-12-12,0.0578309696347818
2010-12-13,0.016005186854673
2010-12-14,0.0134403885100245
2010-12-15,0.0146180445222254
2010-12-16,0.00934586000911711
2010-12-17,0.142822246885941
2010-12-18,0.133266355805974
2010-12-19,0.064436346946399
2010-12-20,0.456268100217185
2010-12-21,0.480755192829246
2010-12-22,0.0989301449351336
2010-12-23,0.754035039149168
2010-12-24,0.622711414488001
2010-12-25,0.407073503494478
2010-12-26,0.385784103182128
2010-12-27,0.380183488910817
2010-12-28,0.37567174455859
2010-12-29,0.360841232715261
2010-12-30,0.34549238016296
2010-12-31,0.329177531144383
2011-01-01,0.2122731723189
2011-01-02,0.20156232404263
2011-01-03,0.198653497234388
2011-01-04,0.192365448165821
2011-01-05,0.174430364939995
2011-01-06,0.165526541498708
2011-01-07,0.158978179655294
2011-01-08,0.160399983863143
2011-01-09,0.162727399588859
2011-01-10,0.14671255130918
2011-01-11,0.140287542986276
2011-01-12,0.138402567158952
2011-01-13,0.130881112782701
2011-01-14,0.148356671468528
2011-01-15,0.125534366764379
2011-01-16,0.119258327331488
2011-01-17,0.143013932852801
2011-01-18,0.118118007773755
2011-01-19,0.111909739648237
2011-01-20,0.109962871760909
2011-01-21,0.111537077421307
2011-01-22,0.111523761140172
2011-01-23,0.103992572103478
2011-01-24,0.0938082180161232
2011-01-25,0.0911254074600335
2011-01-26,0.0893676336931365
2011-01-27,0.087467279756474
2011-01-28,0.0853998304578169
2011-01-29,0.0837542230938013
2011-01-30,0.0857522058299641
2011-01-31,0.0838154922890786
2011-02-01,0.0755644468794453
2011-02-02,0.0717438312833801
2011-02-03,0.0808848747745521
2011-02-04,0.0886100024315601
2011-02-05,0.132864720960929
2011-02-06,0.134768259783616
2011-02-07,0.117552876385886
2011-02-08,0.119864085182259
2011-02-09,0.199697527145509
2011-02-10,0.224475339262746
2011-02-11,0.180598911904299
2011-02-12,0.220109562239136
2011-02-13,0.190311546875804
2011-02-14,0.192512723328511
2011-02-15,0.194906935979469
2011-02-16,0.185461959770711
2011-02-17,0.187135738037375
2011-02-18,0.178290368442086
2011-02-19,0.167446150571892
2011-02-20,0.160988989692825
2011-02-21,0.15737063097202
2011-02-22,0.159781895254587
2011-02-23,0.165192241064919
2011-02-24,0.191173416401918
2011-02-25,0.216627655745416
2011-02-26,0.241411530708215
2011-02-27,0.243849930555299
2011-02-28,0.202204763957405
2011-03-01,0.162040811561338
2011-03-02,0.15313381244549
2011-03-03,0.145861488234882
2011-03-04,0.138741998775719
2011-03-05,0.136360735467473
2011-03-06,0.126273444255077
2011-03-07,0.119577801320249
2011-03-08,0.117736830113392
2011-03-09,0.11306018010725
2011-03-10,0.11543359801368
2011-03-11,0.123981123324955
2011-03-12,0.128674335472379
2011-03-13,0.124953984022394
2011-03-14,0.139102392550118
2011-03-15,0.156068207690253
2011-03-16,0.174090272014383
2011-03-17,0.17535785414504
2011-03-18,0.176254080869861
2011-03-19,0.210572156550088
2011-03-20,0.309690588018566
2011-03-21,0.197888028978573
2011-03-22,0.175013801130878
2011-03-23,0.169011749973564
2011-03-24,0.150638136238349
2011-03-25,0.149672186446526
2011-03-26,0.138035547896035
2011-03-27,0.130481156268736
2011-03-28,0.124006332908199
2011-03-29,0.118214767591311
2011-03-30,0.112074911669986
2011-03-31,0.100900693184578
2011-04-01,0.130040024833871
2011-04-02,0.120120805532237
2011-04-03,0.108571899053328
2011-04-04,0.100231993893899
2011-04-05,0.0934014251549114
2011-04-06,0.0936841922162853
2011-04-07,0.0888239778984717
2011-04-08,0.0984659657876842
2011-04-09,0.104565759328457
2011-04-10,0.124540824478093
2011-04-11,0.134423758953465
2011-04-12,0.137718966253816
2011-04-13,0.136493169849176
2011-04-14,0.146061882868991
2011-04-15,0.149441129157609
2011-04-16,0.184088245482844
2011-04-17,0.171311229330581
2011-04-18,0.153329009401133
2011-04-19,0.118220560308651
2011-04-20,0.159846016335402
2011-04-21,0.164894937722093
2011-04-22,0.132622063245653
2011-04-23,0.125682677067802
2011-04-24,0.116120408524106
2011-04-25,0.104665442192988
2011-04-26,0.0996751309392507
2011-04-27,0.0935240379794654
2011-04-28,0.123699045214763
2011-04-29,0.0847017993342163
2011-04-30,0.078600393121315
2011-05-01,0.0818247175927408
2011-05-02,0.0808047099087715
2011-05-03,0.0746301131694976
2011-05-04,0.0703887460018251
2011-05-05,0.0663412950673008
2011-05-06,0.0641569396367069
2011-05-07,0.10136452400733
2011-05-08,0.193503323839199
2011-05-09,0.0772806226971017
2011-05-10,0.0688226581495539
2011-05-11,0.0704585405482014
2011-05-12,0.0575148210713984
2011-05-13,0.06850044142746
2011-05-14,0.0946217206984994
2011-05-15,0.0642313484737241
2011-05-16,0.0633261442102084
2011-05-17,0.0627326111256936
2011-05-18,0.0640155652541146
2011-05-19,0.0628685858129694
2011-05-20,0.058809853028508
2011-05-21,0.058654680748897
2011-05-22,0.0573314904999035
2011-05-23,0.0555097418600511
2011-05-24,0.0568433841760197
2011-05-25,0.0558423333849377
2011-05-26,0.066024915313548
2011-05-27,0.0742150751870807
2011-05-28,0.0640169640434385
2011-05-29,0.0615448782859466
2011-05-30,0.0615877978110086
2011-05-31,0.0611806525968
2011-06-01,0.0433203022175843
2011-06-02,0.028656195131487
2011-06-03,0.0203466484529018
2011-06-04,0.0194141489907992
2011-06-05,0.0185829572939009
2011-06-06,0.0176644789179329
2011-06-07,0.0158484701719329
2011-06-08,0.013818464986095
2011-06-09,0.0120449729714669
2011-06-10,0.0106158104861532
2011-06-11,0.00944740867290065
2011-06-12,0.00842420777338614
2011-06-13,0.00750324415347318
2011-06-14,0.00670562727311996
2011-06-15,0.00603948263405664
2011-06-16,0.00547140848378641
2011-06-17,0.00498016701226357
2011-06-18,0.00457164052095127
2011-06-19,0.00425261760101395
2011-06-20,0.00401322366494328
2011-06-21,0.00382846753204965
2011-06-22,0.00368659357092039
2011-06-23,0.00365773059339232
2011-06-24,0.00353925295154448
2011-06-25,0.00350087464143599
2011-06-26,0.00346860614143059
2011-06-27,0.0034320800069862
2011-06-28,0.00339271399517368
2011-06-29,0.00335351288788326
2011-06-30,0.00331508383160158
2011-07-01,0.00600841173951594
2011-07-02,0.00593248963445913
2011-07-03,0.00586169650267714
2011-07-04,0.00580196421486374
2011-07-05,0.00574869257734685
2011-07-06,0.00569559383818915
2011-07-07,0.00564359503578689
2011-07-08,0.0055953806087579
2011-07-09,0.00554909858660432
2011-07-10,0.00550096395433139
2011-07-11,0.00545327495085798
2011-07-12,0.00541037357638866
2011-07-13,0.00537069131173603
2011-07-14,0.00533255310598883
2011-07-15,0.00529671442430178
2011-07-16,0.00526347403810136
2011-07-17,0.00523282774593893
2011-07-18,0.00520347294801527
2011-07-19,0.00517663848711276
2011-07-20,0.0051531600435492
2011-07-21,0.00513211670481205
2011-07-22,0.00511357877913904
2011-07-23,0.00509730621085589
2011-07-24,0.00508261309594662
2011-07-25,0.00506919979726746
2011-07-26,0.00505731198323742
2011-07-27,0.00504627175690633
2011-07-28,0.00503618232409696
2011-07-29,0.00502699780408613
2011-07-30,0.00501870497879276
2011-07-31,0.00501077967867344
2011-08-01,0.0144218709635795
2011-08-02,0.0143987419824944
2011-08-03,0.0143778821295173
2011-08-04,0.0143582956382919
2011-08-05,0.0143402413082196
2011-08-06,0.0143241227935901
2011-08-07,0.014309238092324
2011-08-08,0.0142952780109353
2011-08-09,0.014282353763857
2011-08-10,0.0142704901220871
2011-08-11,0.0142597724918183
2011-08-12,0.0142501652620246
2011-08-13,0.0142414366195415
2011-08-14,0.0142334669414757
2011-08-15,0.014226161702786
2011-08-16,0.0142195082619695
2011-08-17,0.0142134418310855
2011-08-18,0.0142077251424755
2011-08-19,0.0142023779623041
2011-08-20,0.014197473183735
2011-08-21,0.0141928670571377
2011-08-22,0.014188416070938
2011-08-23,0.0141841094644597
2011-08-24,0.0141799907206199
2011-08-25,0.0141760486829284
2011-08-26,0.014172249107289
2011-08-27,0.0141685424347014
2011-08-28,0.0141648390816656
2011-08-29,0.0141611637983973
2011-08-30,0.0141575784566567
2011-08-31,0.0141540768037082
2011-09-01,0.0108880771681644
2011-09-02,0.0108855764492962
2011-09-03,0.0108830762915635
2011-09-04,0.0108805773854825
2011-09-05,0.0108780778964604
2011-09-06,0.0108755801526275
2011-09-07,0.0108730823237521
2011-09-08,0.010870585093082
2011-09-09,0.0108680884446261
2011-09-10,0.0108655923464028
2011-09-11,0.0332157420332654
2011-09-12,0.0108606022418574
2011-09-13,0.0641158829455403
2011-09-14,0.0108556142750053
2011-09-15,0.0108531214272969
2011-09-16,0.0233212736005936
2011-09-17,0.0192122286780329
2011-09-18,0.0262248095349344
2011-09-19,0.0141200723495162
2011-09-20,0.0108406644493533
2011-09-21,0.0108381748325348
2011-09-22,0.0469213777256851
2011-09-23,0.010833197937931
2011-09-24,0.0108307099870741
2011-09-25,0.0108282231519463
2011-09-26,0.0108257367100493
2011-09-27,0.0108232509913774
2011-09-28,0.020736818227526
2011-09-29,0.0108182811567586
2011-09-30,0.0108157969986537
2011-10-01,0.00523614329002333
2011-10-02,0.00523494111890996
2011-10-03,0.00523373885206132
2011-10-04,0.00523253718496604
2011-10-05,0.0052313359170024
2011-10-06,0.00523013466663714
2011-10-07,0.00522893361407788
2011-10-08,0.00522773271286481
2011-10-09,0.00522653257436625
2011-10-10,0.00522533228276165
2011-10-11,0.00522413239768002
2011-10-12,0.00522293290680247
2011-10-13,0.00522173356691916
2011-10-14,0.00676086424529808
2011-10-15,0.0052310380046564
2011-10-16,0.00521813693859847
2011-10-17,0.00521693869227953
2011-10-18,0.00521574069761765
2011-10-19,0.00523133413393285
2011-10-20,0.00521334531966222
2011-10-21,0.00521214824574848
2011-10-22,0.00521095126545819
2011-10-23,0.00520975465754996
2011-10-24,0.00520855840900101
2011-10-25,0.00856949197134441
2011-10-26,0.0052061662216349
2011-10-27,0.00520497084561445
2011-10-28,0.00520377537033904
2011-10-29,0.00555596643072525
2011-10-30,0.00522752593733559
2011-10-31,0.00543492592771795
2011-11-01,0.00380541523943456
2011-11-02,0.0038045412744353
2011-11-03,0.00910257740031756
2011-11-04,0.0190844268751128
2011-11-05,0.00933850185404794
2011-11-06,0.00451266163755875
2011-11-07,0.00445941488567093
2011-11-08,0.00410927286244936
2011-11-09,0.00391458389363507
2011-11-10,0.05958441582302
2011-11-11,0.00957240350065457
2011-11-12,0.00485128964308931
2011-11-13,0.0528773374147278
2011-11-14,0.0039960045772967
2011-11-15,0.00379350057743352
2011-11-16,0.00379285399201892
2011-11-17,0.00379223310300873
2011-11-18,0.00379162667260558
2011-11-19,0.00379102839212377
2011-11-20,0.0037904331727251
2011-11-21,0.00378983678062397
2011-11-22,0.00378923747093604
2011-11-23,0.00378863405292518
2011-11-24,0.00378802603813716
2011-11-25,0.0038078703391498
2011-11-26,0.00378678937111055
2011-11-27,0.00378615963608017
2011-11-28,0.0037855211578214
2011-11-29,0.0461966900707714
2011-11-30,0.0867136149534779
2011-12-01,0.00460711443510786
2011-12-02,0.0038022411114047
2011-12-03,0.128189133978695
2011-12-04,0.250642520754283
2011-12-05,0.132225141961388
2011-12-06,0.00759103380833408
2011-12-07,0.00415312662567162
2011-12-08,0.0205098824748163
2011-12-09,0.0159864789887313
2011-12-10,0.472046938272454
2011-12-11,0.402255091128678
2011-12-12,0.27630924937992
2011-12-13,0.0721236988842657
2011-12-14,0.0268679803693949
2011-12-15,0.0101874296244863
2011-12-16,0.0065598176908482
2011-12-17,0.0068122345800235
2011-12-18,0.00844565048893106
2011-12-19,0.00643042981399711
2011-12-20,0.00614731960068051
2011-12-21,0.0318941723057271
2011-12-22,0.291482120065516
2011-12-23,0.506655770392089
2011-12-24,1.97337921106654
2011-12-25,0.733259190699214
2011-12-26,0.014844171822964
2011-12-27,0.00922595046408458
2011-12-28,0.0109709349426808
2011-12-29,0.0331951379866102
2011-12-30,0.0121806485485016
2011-12-31,0.00931334968235733
2012-01-01,0.00639898163539008
2012-01-02,0.00706141071846886
2012-01-03,0.00678736469063531
2012-01-04,0.0147849327856383
2012-01-05,0.0182428832472184
2012-01-06,0.0266311394212551
2012-01-07,0.0371856766530354
2012-01-08,0.0326859633748618
2012-01-09,0.0149041493892082
2012-01-10,0.00911763827623751
2012-01-11,0.00832944407326325
2012-01-12,0.00772260484402064
2012-01-13,0.00896756298743641
2012-01-14,0.00929476485978229
2012-01-15,0.00941179769973544
2012-01-16,0.00826052431272683
2012-01-17,0.0081779067059643
2012-01-18,0.102957469725907
2012-01-19,0.265844609178474
2012-01-20,0.432146376275776
2012-01-21,1.31693163009101
2012-01-22,4.56033457730747
2012-01-23,2.9233516703649
2012-01-24,0.93999208315807
2012-01-25,0.9409360726015
2012-01-26,0.807489829067162
2012-01-27,0.910037454380024
2012-01-28,1.52451012399106
2012-01-29,1.44183007106869
2012-01-30,0.687848960786786
2012-01-31,0.769770649957453
2012-02-01,0.664084107186748
2012-02-02,0.644978825113128
2012-02-03,0.628320005362795
2012-02-04,0.656265455726096
2012-02-05,0.612510609943733
2012-02-06,0.55416525371449
2012-02-07,0.547162736238679
2012-02-08,0.510246924661322
2012-02-09,0.453100378563386
2012-02-10,0.421327182054528
2012-02-11,0.391119906158387
2012-02-12,0.364970919080094
2012-02-13,0.337271932970075
2012-02-14,0.314224046133469
2012-02-15,0.29456301147906
2012-02-16,0.289050280804375
2012-02-17,0.264240384348578
2012-02-18,0.282075465735347
2012-02-19,0.294120040269026
2012-02-20,0.240110268307096
2012-02-21,0.225144554268231
2012-02-22,0.235583341309189
2012-02-23,0.233842946543544
2012-02-24,0.210748395366457
2012-02-25,0.201271460865606
2012-02-26,0.192726029128786
2012-02-27,0.217159073956805
2012-02-28,0.225403526001908
2012-02-29,0.344200564842261
2012-03-01,0.821523812356367
2012-03-02,1.80373211403149
2012-03-03,0.619622513746993
2012-03-04,0.553473852326662
2012-03-05,0.577663713269542
2012-03-06,0.556940643287368
2012-03-07,0.526454485157766
2012-03-08,0.55410470548035
2012-03-09,0.750429291986033
2012-03-10,0.976983846239053
2012-03-11,0.571833074110722
2012-03-12,0.579837803061607
2012-03-13,0.576452487630316
2012-03-14,0.550428825816159
2012-03-15,0.523032806365438
2012-03-16,0.473719509380846
2012-03-17,0.437908715614541
2012-03-18,0.39064734620764
2012-03-19,0.369589843735043
2012-03-20,0.337398809101555
2012-03-21,0.368455557066248
2012-03-22,0.509297380523612
2012-03-23,0.411911997763044
2012-03-24,0.36284291299653
2012-03-25,0.360417199168554
2012-03-26,0.361590684051141
2012-03-27,0.353916593116071
2012-03-28,0.336049461829385
2012-03-29,0.299292142948369
2012-03-30,0.282086881042251
2012-03-31,0.273017923035599
2012-04-01,0.352836188302658
2012-04-02,0.349218915066397
2012-04-03,0.344137448600568
2012-04-04,0.322654444510319
2012-04-05,0.29187011258412
2012-04-06,0.259319621335693
2012-04-07,0.242473475347427
2012-04-08,0.231466197542978
2012-04-09,0.223427408717917
2012-04-10,0.219923820890755
2012-04-11,0.217602317536858
2012-04-12,0.222185663609703
2012-04-13,0.19924302967361
2012-04-14,0.193282194097976
2012-04-15,0.175017723063319
2012-04-16,0.170305493760509
2012-04-17,0.162539889744881
2012-04-18,0.152935068572336
2012-04-19,0.151278568521564
2012-04-20,0.147299577899296
2012-04-21,0.144876349018601
2012-04-22,0.100511508305138
2012-04-23,0.095638212818284
2012-04-24,0.0974861905660272
2012-04-25,0.10165653054218
2012-04-26,0.0966905884479168
2012-04-27,0.091345649291676
2012-04-28,0.0939303326237639
2012-04-29,0.0938873731759197
2012-04-30,0.0769592879748413
2012-05-01,0.071849537903634
2012-05-02,0.0811041082644256
2012-05-03,0.0946481196176634
2012-05-04,0.100452429608653
2012-05-05,0.0941483430462419
2012-05-06,0.0888539008084154
2012-05-07,0.0780634297148704
2012-05-08,0.076009658288162
2012-05-09,0.0712874482899275
2012-05-10,0.0612312981628177
2012-05-11,0.0624514090792191
2012-05-12,0.0607344782418812
2012-05-13,0.0564123435876774
2012-05-14,0.034713598472031
2012-05-15,0.0288806894922018
2012-05-16,0.0274742233583916
2012-05-17,0.0262048298294089
2012-05-18,0.0249253227428787
2012-05-19,0.022763070958228
2012-05-20,0.0287903127470722
2012-05-21,0.0185291544532253
2012-05-22,0.0169005820055217
2012-05-23,0.0154457799553081
2012-05-24,0.0140834307324409
2012-05-25,0.0128827765981134
2012-05-26,0.0118601859730821
2012-05-27,0.0109670351951986
2012-05-28,0.0101287429021471
2012-05-29,0.00931134692170705
2012-05-30,0.00856178157703241
2012-05-31,0.00790883039272123
2012-06-01,0.00593239207745772
2012-06-02,0.00550844601665467
2012-06-03,0.00515019510489354
2012-06-04,0.00485484964298124
2012-06-05,0.0046241376543226
2012-06-06,0.0044663600242007
2012-06-07,0.00435334276332642
2012-06-08,0.00423959721409665
2012-06-09,0.00412342804479631
2012-06-10,0.0040223119925572
2012-06-11,0.00392505897891017
2012-06-12,0.00383597371105515
2012-06-13,0.00375416311150042
2012-06-14,0.00367354253139116
2012-06-15,0.00359571797454547
2012-06-16,0.00352237620948055
2012-06-17,0.0034526638996449
2012-06-18,0.00338673932362949
2012-06-19,0.0033242504683048
2012-06-20,0.00326566541348028
2012-06-21,0.00321218150613532
2012-06-22,0.00316394066258336
2012-06-23,0.00312015375650392
2012-06-24,0.0030823809917702
2012-06-25,0.00304994951414979
2012-06-26,0.0030204340117234
2012-06-27,0.00557935586030182
2012-06-28,0.00297723163615727
2012-06-29,0.0265890118496605
2012-06-30,0.0029459137289978
2012-07-01,0.00536804782462672
2012-07-02,0.00533261266615947
2012-07-03,0.00530057271856332
2012-07-04,0.00527038405662429
2012-07-05,0.0052408511195078
2012-07-06,0.00521081896431467
2012-07-07,0.00518110504182049
2012-07-08,0.00515426965392546
2012-07-09,0.00513100678511061
2012-07-10,0.00511140037096077
2012-07-11,0.00509389363681519
2012-07-12,0.00507809723401841
2012-07-13,0.00506439655127374
2012-07-14,0.00505161100151028
2012-07-15,0.0050391707399136
2012-07-16,0.00502731225082833
2012-07-17,0.00501692672435247
2012-07-18,0.00500809509260192
2012-07-19,0.00500001846300138
2012-07-20,0.00499266411294418
2012-07-21,0.00498587072181125
2012-07-22,0.00497938028323755
2012-07-23,0.00497326370379524
2012-07-24,0.00496788458180141
2012-07-25,0.00496347687326053
2012-07-26,0.00495956893394562
2012-07-27,0.0049560358204033
2012-07-28,0.00495283479726256
2012-07-29,0.00494994799706201
2012-07-30,0.00494735807072209
2012-07-31,0.00494506011851881
2012-08-01,0.014250082149478
2012-08-02,0.014244199508783
2012-08-03,0.0142387688013572
2012-08-04,0.0142338501957305
2012-08-05,0.0142294396279553
2012-08-06,0.0142253123405678
2012-08-07,0.0142213849026695
2012-08-08,0.0142175867515846
2012-08-09,0.0142138489277333
2012-08-10,0.0142101722709223
2012-08-11,0.0142065526728051
2012-08-12,0.0142029581706508
2012-08-13,0.0141993552449212
2012-08-14,0.0141957863545167
2012-08-15,0.0141923331798722
2012-08-16,0.0141890164875522
2012-08-17,0.0141857580914367
2012-08-18,0.0141825002989619
2012-08-19,0.0141792432688316
2012-08-20,0.0141759869821523
2012-08-21,0.014172731067671
2012-08-22,0.0141694763831431
2012-08-23,0.0141662219990186
2012-08-24,0.0141629686946459
2012-08-25,0.0141597159806887
2012-08-26,0.014156464265242
2012-08-27,0.0141532128294161
2012-08-28,0.0141499622966897
2012-08-29,0.0141467125178057
2012-08-30,0.0141434641086856
2012-08-31,0.0141402159999688
2012-09-01,0.0108774970697005
2012-09-02,0.010874999019133
2012-09-03,0.01087250122442
2012-09-04,0.0108700045294452
2012-09-05,0.0108675081833628
2012-09-06,0.0108650124456618
2012-09-07,0.0108625170982841
2012-09-08,0.0108600222866018
2012-09-09,0.0108575281981446
2012-09-10,0.0108550349499368
2012-09-11,0.0108525421625578
2012-09-12,0.0108500495932366
2012-09-13,0.0108475579419388
2012-09-14,0.0108450664498231
2012-09-15,0.0108425755297457
2012-09-16,0.01084008607429
2012-09-17,0.0108375963869661
2012-09-18,0.0108351073581768
2012-09-19,0.0108326191718174
2012-09-20,0.0108301310923064
2012-09-21,0.0108276440354864
2012-09-22,0.0108251577222436
2012-09-23,0.0108226715783591
2012-09-24,0.010820185798631
2012-09-25,0.0108177011004696
2012-09-26,0.0108152166908714
2012-09-27,0.0108127327500975
2012-09-28,0.0108102497564213
2012-09-29,0.0108077673086165
2012-09-30,0.0108052849494884
2012-10-01,0.00523105394598803
2012-10-02,0.00522985253266162
2012-10-03,0.00522865150825978
2012-10-04,0.00522745071721269
2012-10-05,0.00522625017289512
2012-10-06,0.0507619616615955
2012-10-07,0.0053138974144983
2012-10-08,0.0119604272359599
2012-10-09,0.00545946281465896
2012-10-10,0.00522025184140326
2012-10-11,0.00521905322129437
2012-10-12,0.00521785450509824
2012-10-13,0.00521665642068455
2012-10-14,0.00521545826200563
2012-10-15,0.00521426056968422
2012-10-16,0.00521306319730166
2012-10-17,0.00521186606777695
2012-10-18,0.356054864256439
2012-10-19,0.849778939913681
2012-10-20,0.596254731158858
2012-10-21,0.487151057589038
2012-10-22,0.900383328786617
2012-10-23,0.2246994090382
2012-10-24,0.027330967795545
2012-10-25,0.134763678021432
2012-10-26,0.136697193008689
2012-10-27,0.290752273884725
2012-10-28,0.268843665394642
2012-10-29,0.0152536856085552
2012-10-30,0.012389500274552
2012-10-31,0.0124451938507613
2012-11-01,0.00897111385972675
2012-11-02,0.00884578919642888
2012-11-03,0.00912291712869715
2012-11-04,0.0122347244541095
2012-11-05,0.00869360150931085
2012-11-06,0.00824414820385258
2012-11-07,0.00926589054490724
2012-11-08,0.00811853114554264
2012-11-09,0.00731144419406535
2012-11-10,0.13273164688576
2012-11-11,0.44264994623774
2012-11-12,0.751853582780452
2012-11-13,0.809682443075363
2012-11-14,0.201683395947608
2012-11-15,0.0111828700393065
2012-11-16,0.132097693028438
2012-11-17,0.137058821104218
2012-11-18,0.314722849301897
2012-11-19,0.349591784352398
2012-11-20,1.17868835191522
2012-11-21,2.17513935856576
2012-11-22,0.52304343148238
2012-11-23,0.486236118068151
2012-11-24,0.493537830779036
2012-11-25,0.561650588330181
2012-11-26,0.468101953576757
2012-11-27,0.450050528259353
2012-11-28,0.423151102724807
2012-11-29,0.396840892478132
2012-11-30,0.370744844639289
2012-12-01,0.348767292514219
2012-12-02,0.32299775305757
2012-12-03,0.303154250024417
2012-12-04,0.285346876837321
2012-12-05,0.270455861409217
2012-12-06,0.256169002053251
2012-12-07,0.242824880674721
2012-12-08,0.230423051746204
2012-12-09,0.228578421919835
2012-12-10,0.211102555349765
2012-12-11,0.197309831486712
2012-12-12,0.185647705120058
2012-12-13,0.174543160177395
2012-12-14,0.164301236195166
2012-12-15,0.156452267263183
2012-12-16,0.147186373587189
2012-12-17,0.147370763536518
2012-12-18,0.13324975315836
2012-12-19,0.125857075902575
2012-12-20,0.12122857454425
2012-12-21,0.113846733842385
2012-12-22,0.108347954746845
2012-12-23,0.103028081165952
2012-12-24,0.0974945227888826
2012-12-25,0.0919296440755163
2012-12-26,0.0875670271308334
2012-12-27,0.155133437486603
2012-12-28,0.352177231149808
2012-12-29,0.173546687671398
2012-12-30,0.475170673112437
2012-12-31,0.900221193736998
2013-01-01,3.93919078357682
2013-01-02,0.898866427647672
2013-01-03,0.643193592942832
2013-01-04,0.641722144431177
2013-01-05,0.61288889556733
2013-01-06,0.576040287554133
2013-01-07,0.531401194461359
2013-01-08,0.488690291808392
2013-01-09,0.449798762595369
2013-01-10,0.413739170755644
2013-01-11,0.377366061731281
2013-01-12,0.358209102139838
2013-01-13,0.88144954245578
2013-01-14,0.978414148104304
2013-01-15,0.706438991680639
2013-01-16,0.65081005551036
2013-01-17,0.778815403552426
2013-01-18,0.717480073389069
2013-01-19,0.650034969574847
2013-01-20,0.640021119854244
2013-01-21,0.770335860942789
2013-01-22,0.74575746649136
2013-01-23,0.702455725898284
2013-01-24,0.619705260253471
2013-01-25,0.651660292139643
2013-01-26,0.592357655249955
2013-01-27,0.573292683880796
2013-01-28,0.52767126553102
2013-01-29,0.5123300972092
2013-01-30,0.482353566239758
2013-01-31,0.450707268108559
2013-02-01,0.40316422645121
2013-02-02,0.376839898483035
2013-02-03,0.348216853879037
2013-02-04,0.323517423235066
2013-02-05,0.358312423379512
2013-02-06,0.428239735207654
2013-02-07,0.314884991511215
2013-02-08,0.317214309665157
2013-02-09,0.315150702775458
2013-02-10,0.332518403777924
2013-02-11,0.540815630845203
2013-02-12,0.44959959283469
2013-02-13,0.391565824988615
2013-02-14,0.390438744283692
2013-02-15,0.373997154118822
2013-02-16,0.355402905382232
2013-02-17,0.340678765527409
2013-02-18,0.313391755445359
2013-02-19,0.295074593991221
2013-02-20,0.27431687929867
2013-02-21,0.260124521067605
2013-02-22,0.265028272546621
2013-02-23,0.530716798470126
2013-02-24,0.448418475633891
2013-02-25,0.348688422028104
2013-02-26,0.424057697274858
2013-02-27,0.486541701582518
2013-02-28,0.407853770482731
2013-03-01,0.34583495805789
2013-03-02,0.352434492509341
2013-03-03,0.359071950011713
2013-03-04,0.384524370916233
2013-03-05,0.324245986309963
2013-03-06,0.317326573690822
2013-03-07,0.301604491245132
2013-03-08,0.308982251144501
2013-03-09,0.30842876777955
2013-03-10,0.301097308632176
2013-03-11,0.311941744352274
2013-03-12,0.269809317972624
2013-03-13,0.292005902998837
2013-03-14,0.258901756554864
2013-03-15,0.359450448963724
2013-03-16,0.285697375654512
2013-03-17,0.280281029763875
2013-03-18,0.278830892034549
2013-03-19,0.320864276495525
2013-03-20,0.429998199028816
2013-03-21,0.34600576870621
2013-03-22,0.336097365414425
2013-03-23,0.321288555872661
2013-03-24,0.304594771562399
2013-03-25,0.292153643671415
2013-03-26,0.267180162005169
2013-03-27,0.247750221721423
2013-03-28,0.233893891609278
2013-03-29,0.293709541963105
2013-03-30,0.442330204147481
2013-03-31,0.36198428124281
2013-04-01,0.532672132973147
2013-04-02,0.514943619879393
2013-04-03,0.488868421569711
2013-04-04,0.496963134941283
2013-04-05,0.472702842317292
2013-04-06,0.462312706250693
2013-04-07,0.434457608185445
2013-04-08,0.495383519334209
2013-04-09,0.486851708562958
2013-04-10,0.455197516204398
2013-04-11,0.479695688498714
2013-04-12,0.566313138940829
2013-04-13,0.956603372513671
2013-04-14,0.886028397853061
2013-04-15,1.10619742134772
2013-04-16,0.67300507193453
2013-04-17,0.661992428430571
2013-04-18,0.638758054019922
2013-04-19,0.671976857090422
2013-04-20,0.657440287190622
2013-04-21,1.12678128387901
2013-04-22,0.756662211324092
2013-04-23,0.819614416852325
2013-04-24,0.764069885900587
2013-04-25,0.655598698626041
2013-04-26,0.659613157268997
2013-04-27,0.832656550843801
2013-04-28,0.681720097469121
2013-04-29,0.58667803093754
2013-04-30,0.510220113275467
2013-05-01,0.540838462664281
2013-05-02,0.537098456443371
2013-05-03,0.57022239580326
2013-05-04,0.693821896466085
2013-05-05,0.573235854357246
2013-05-06,0.582842347629398
2013-05-07,0.519502058317218
2013-05-08,0.452384885435171
2013-05-09,0.443637733141369
2013-05-10,0.450177292390731
2013-05-11,0.508796023182826
2013-05-12,0.510201030688158
2013-05-13,0.549624557426411
2013-05-14,0.596723909043857
2013-05-15,0.756053961054484
2013-05-16,0.865195948724573
2013-05-17,0.792771060455787
2013-05-18,0.772341172503745
2013-05-19,0.637330248297289
2013-05-20,0.424849254680558
2013-05-21,0.451399266075177
2013-05-22,0.442497297796308
2013-05-23,0.40023242251308
2013-05-24,0.332648843073883
2013-05-25,0.37449354471884
2013-05-26,0.438619581123718
2013-05-27,0.464878599063977
2013-05-28,0.401747041492672
2013-05-29,0.239290634639818
2013-05-30,0.281138478065871
2013-05-31,0.356546542322669
2013-06-01,0.328491606159078
2013-06-02,0.283392933521485
2013-06-03,0.211711866829054
2013-06-04,0.137822965622663
2013-06-05,0.135110261900513
2013-06-06,0.167920794735075
2013-06-07,0.191734503180097
2013-06-08,0.198697035818606
2013-06-09,0.200488173052205
2013-06-10,0.183221779496315
2013-06-11,0.172895330340323
2013-06-12,0.154671225577941
2013-06-13,0.135627383113739
2013-06-14,0.106722462949709
2013-06-15,0.104103717506597
2013-06-16,0.098171148127968
2013-06-17,0.0835794769541286
2013-06-18,0.0677997186700256
2013-06-19,0.0626218176542234
2013-06-20,0.0739379047532723
2013-06-21,0.0793544604958633
2013-06-22,0.0804142192451981
2013-06-23,0.0780977594135138
2013-06-24,0.0709835667987195
2013-06-25,0.0639898228727421
2013-06-26,0.0609874395381769
2013-06-27,0.0622952582152463
2013-06-28,0.0619231992777596
2013-06-29,0.0546281384062603
2013-06-30,0.0323725152190205
2013-07-01,0.0601276275694279
2013-07-02,0.039894488787052
2013-07-03,0.0356513401552427
2013-07-04,0.033681709389365
2013-07-05,0.0310879104921475
2013-07-06,0.0283194391732596
2013-07-07,0.0249944421818833
2013-07-08,0.021875498606697
2013-07-09,0.0191782576959554
2013-07-10,0.0168860664481011
2013-07-11,0.0149413424744646
2013-07-12,0.0132370288550617
2013-07-13,0.0117294150620332
2013-07-14,0.010398924796526
2013-07-15,0.00931983542458773
2013-07-16,0.00851113021168139
2013-07-17,0.00789296794201221
2013-07-18,0.00737220374115484
2013-07-19,0.00693883165838258
2013-07-20,0.00657618499073604
2013-07-21,0.00629593336756532
2013-07-22,0.00611200926496468
2013-07-23,0.00597551703927971
2013-07-24,0.00587845783620503
2013-07-25,0.00581014854631548
2013-07-26,0.005749297144896
2013-07-27,0.00569246928160968
2013-07-28,0.00563952735852307
2013-07-29,0.0055888872820569
2013-07-30,0.00553871428727126
2013-07-31,0.00549157500248724
2013-08-01,0.0157060073277094
2013-08-02,0.0155869612844958
2013-08-03,0.0154732598047323
2013-08-04,0.0153667658409272
2013-08-05,0.015273255415137
2013-08-06,0.015187319770165
2013-08-07,0.0151036266855504
2013-08-08,0.0150286136753717
2013-08-09,0.0149625309775343
2013-08-10,0.0149041637125897
2013-08-11,0.0148521762257055
2013-08-12,0.0148026650007279
2013-08-13,0.0147537859378226
2013-08-14,0.0147070556310127
2013-08-15,0.0146642851971643
2013-08-16,0.014625687464515
2013-08-17,0.0145914274527657
2013-08-18,0.0145607301410331
2013-08-19,0.0145300566527999
2013-08-20,0.0144999689719413
2013-08-21,0.0144725716820303
2013-08-22,0.0144471477929372
2013-08-23,0.0144239827776165
2013-08-24,0.0144029724584431
2013-08-25,0.014383064922913
2013-08-26,0.0143636377210524
2013-08-27,0.0143450033819579
2013-08-28,0.0143276209994571
2013-08-29,0.0143124014447775
2013-08-30,0.014299135463348
2013-08-31,0.014286582900271
2013-09-01,0.0109838938289617
2013-09-02,0.0109761161810362
2013-09-03,0.0109688023820352
2013-09-04,0.0109618338928295
2013-09-05,0.010955298605251
2013-09-06,0.0109493243135288
2013-09-07,0.0109437347804392
2013-09-08,0.0109383289639562
2013-09-09,0.0109332989337538
2013-09-10,0.0129423510762579
2013-09-11,0.0109245331808798
2013-09-12,0.010920493266119
2013-09-13,0.0120135094253412
2013-09-14,0.0109131290332555
2013-09-15,0.0109098202583131
2013-09-16,0.0109066438233784
2013-09-17,0.0109035214805891
2013-09-18,0.0109004663672011
2013-09-19,0.0108974791330266
2013-09-20,0.0108945690775042
2013-09-21,0.010891702608829
2013-09-22,0.0531281893474227
2013-09-23,0.0142672308487157
2013-09-24,0.0108835875622453
2013-09-25,0.0108808732513979
2013-09-26,0.0108782452485557
2013-09-27,0.010875661622657
2013-09-28,0.0108730880405009
2013-09-29,0.109101803152123
2013-09-30,0.0221340479901494
2013-10-01,0.00535528706634838
2013-10-02,0.00526018415981914
2013-10-03,0.00525894116992867
2013-10-04,0.00525769719523193
2013-10-05,0.00525645531685619
2013-10-06,0.00536696078643457
2013-10-07,0.0052539767100995
2013-10-08,0.00525273880332991
2013-10-09,0.00525150363627872
2013-10-10,0.00525027423727803
2013-10-11,0.0411999413678304
2013-10-12,0.00539842449733092
2013-10-13,0.00524661814573487
2013-10-14,0.00524539516134976
2013-10-15,0.00524417106017038
2013-10-16,0.00524294927705181
2013-10-17,0.00524173091224581
2013-10-18,0.00524051654685144
2013-10-19,0.0052393105734285
2013-10-20,0.00523811048526137
2013-10-21,0.00523691022146223
2013-10-22,0.00523571054967316
2013-10-23,0.00523451041715806
2013-10-24,0.0052333106707518
2013-10-25,0.00523211063960346
2013-10-26,0.00791767217996492
2013-10-27,0.00522971130341664
2013-10-28,0.00522851183752883
2013-10-29,0.00522731264371219
2013-10-30,0.00522611365192518
2013-10-31,0.00848394706482703
2013-11-01,0.00595302804816163
2013-11-02,0.00610005499436072
2013-11-03,0.00516251082242645
2013-11-04,0.00723929442526139
2013-11-05,0.00382821231632541
2013-11-06,0.00396222739028243
2013-11-07,0.00401033796565777
2013-11-08,0.00381737429950708
2013-11-09,0.00381649891036479
2013-11-10,0.0038156238602551
2013-11-11,0.00381474905643353
2013-11-12,0.00381387432886854
2013-11-13,0.00381300000474204
2013-11-14,0.00381212592406981
2013-11-15,0.00381125193459632
2013-11-16,0.00381037808089043
2013-11-17,0.00397837501682442
2013-11-18,0.00380863114506124
2013-11-19,0.00380775814228599
2013-11-20,0.00380688509597234
2013-11-21,0.00380601207825493
2013-11-22,0.00380513931661533
2013-11-23,0.00380426695635322
2013-11-24,0.03598349671027
2013-11-25,0.0479918777643417
2013-11-26,0.00524563558340418
2013-11-27,0.00389330513072793
2013-11-28,0.0039598045612672
2013-11-29,0.116667429060789
2013-11-30,0.0329599893087789
2013-12-01,0.00708951524780468
2013-12-02,0.00492204960952353
2013-12-03,0.00467428684923319
2013-12-04,0.0167454002768755
2013-12-05,0.00426945120510499
2013-12-06,0.00849272838239027
2013-12-07,0.250044782880151
2013-12-08,0.400213280741971
2013-12-09,0.193031303286407
2013-12-10,0.0209760959090642
2013-12-11,0.00965881333304525
2013-12-12,0.00882767177900948
2013-12-13,0.00920228829488735
2013-12-14,0.0095448604650825
2013-12-15,0.00896695078472398
2013-12-16,0.00685167004059726
2013-12-17,0.0124520207888409
2013-12-18,0.00688073782030559
2013-12-19,0.00674261555917118
2013-12-20,0.00700796679218093
2013-12-21,0.00655684334721152
2013-12-22,0.00602408463316729
2013-12-23,0.00633214255532696
2013-12-24,0.0049370279442441
2013-12-25,0.015070908126725
2013-12-26,0.0131821892764065
2013-12-27,0.00597774126950074
2013-12-28,0.00496243254582866
2013-12-29,0.00497016393408432
2013-12-30,0.0049767374317945
2013-12-31,0.0085232290044349
2014-01-01,0.00347477770117498
2014-01-02,0.00334880073858229
2014-01-03,0.00334336380124376
2014-01-04,0.00333804188729638
2014-01-05,0.00333288018928441
2014-01-06,0.00332904642346709
2014-01-07,0.0583636347777827
2014-01-08,0.0170451881621286
2014-01-09,0.0130971963993438
2014-01-10,0.00624742639121668
2014-01-11,0.00482479824405377
2014-01-12,0.00427493382709994
2014-01-13,0.00337139877655571
2014-01-14,0.00337579790963112
2014-01-15,0.00338492295859285
2014-01-16,0.00338886842225851
2014-01-17,0.00338976620153044
2014-01-18,0.00456924962918167
2014-01-19,0.00421720130772094
2014-01-20,0.00340012815046371
2014-01-21,0.00340352612131681
2014-01-22,0.00340736211757956
2014-01-23,0.00341171952036714
2014-01-24,0.0034163541087427
2014-01-25,0.00342836250081025
2014-01-26,0.00348983897240891
2014-01-27,0.004145005824728
2014-01-28,0.0073713202186807
2014-01-29,0.00434717740624132
2014-01-30,0.00352369420869058
2014-01-31,0.00350191929946472
2014-02-01,0.00607849630717584
2014-02-02,0.00376540242079878
2014-02-03,0.0034244104859907
2014-02-04,0.00384297566587127
2014-02-05,0.00392897817091606
2014-02-06,0.00388451101710348
2014-02-07,0.00324106463711325
2014-02-08,0.00506103018172794
2014-02-09,0.0847246006154704
2014-02-10,0.00934492733577599
2014-02-11,0.0234873050911701
2014-02-12,0.00928709586748702
2014-02-13,0.0051172814210883
2014-02-14,0.00714092268383602
2014-02-15,0.00598302688877382
2014-02-16,0.00708017475474347
2014-02-17,0.0107067821009697
2014-02-18,0.00585091117157352
2014-02-19,0.00389761605721346
2014-02-20,0.00330929858170797
2014-02-21,0.00330615851608595
2014-02-22,0.0072462099913869
2014-02-23,0.0518362695372065
2014-02-24,0.0590340860545619
2014-02-25,0.0331082095814869
2014-02-26,0.0434218116338257
2014-02-27,0.0072632841418818
2014-02-28,0.00869984541737585
2014-03-01,0.0162294128300442
2014-03-02,0.0432351189939381
2014-03-03,0.0439962801368206
2014-03-04,0.057814002744304
2014-03-05,0.042516869263557
2014-03-06,0.0269162571994556
2014-03-07,0.022234134974991
2014-03-08,0.0211467682310646
2014-03-09,0.0136010043739015
2014-03-10,0.00643133392130373
2014-03-11,0.00352335365686608
2014-03-12,0.00334006892798347
2014-03-13,0.00332272851454407
2014-03-14,0.00330573225433652
2014-03-15,0.00329834388238159
2014-03-16,0.016632743443251
2014-03-17,0.0517997139914132
2014-03-18,0.0766843261354007
2014-03-19,0.0457822421772785
2014-03-20,0.0750843877690345
2014-03-21,0.0543136459040856
2014-03-22,0.0508693176957503
2014-03-23,0.0311109649441666
2014-03-24,0.0233507817201161
2014-03-25,0.0219086705231764
2014-03-26,0.024332733863986
2014-03-27,0.0275706780045656
2014-03-28,0.0248120571349408
2014-03-29,0.0189498946374286
2014-03-30,0.0129561445767292
2014-03-31,0.00743856837183536
2014-04-01,0.00942525588724903
2014-04-02,0.00568266425346384
2014-04-03,0.0191933477583603
2014-04-04,0.0271695478903857
2014-04-05,0.00779814936526771
2014-04-06,0.00604647161750862
2014-04-07,0.00893957050065107
2014-04-08,0.00622816624160729
2014-04-09,0.00579614999412893
2014-04-10,0.00574249005320786
2014-04-11,0.00563792549619346
2014-04-12,0.00550201024245733
2014-04-13,0.0053714264669743
2014-04-14,0.00525272926424962
2014-04-15,0.00513997675407006
2014-04-16,0.00713578440885373
2014-04-17,0.0179157352648657
2014-04-18,0.0141575980834596
2014-04-19,0.0187507052089493
2014-04-20,0.0289924997296554
2014-04-21,0.012135418246517
2014-04-22,0.00504791119280354
2014-04-23,0.00499385238908238
2014-04-24,0.00493868230594542
2014-04-25,0.00535590873415142
2014-04-26,0.00490867318261945
2014-04-27,0.00489884056105997
2014-04-28,0.00594326808416893
2014-04-29,0.00482717434866248
2014-04-30,0.00476434333210619
2014-05-01,0.00523341224149729
2014-05-02,0.00613666145143708
2014-05-03,0.00510010006209212
2014-05-04,0.00502292541145881
2014-05-05,0.00656776015924537
2014-05-06,0.00489754634917338
2014-05-07,0.00481889577962556
2014-05-08,0.00676993172051385
2014-05-09,0.00469402404968395
2014-05-10,0.00463332796635579
2014-05-11,0.00457608537827293
2014-05-12,0.00452716253403317
2014-05-13,0.00448049276267443
2014-05-14,0.00443867977081589
2014-05-15,0.0044000176827418
2014-05-16,0.00436041411227462
2014-05-17,0.0043227611066305
2014-05-18,0.00429079511355952
2014-05-19,0.00591651944619392
2014-05-20,0.00426966524458339
2014-05-21,0.00420235689322799
2014-05-22,0.00585183329086584
2014-05-23,0.00647143600003499
2014-05-24,0.0116545943275938
2014-05-25,0.00417481797290852
2014-05-26,0.00408123928847987
2014-05-27,0.00404113713723676
2014-05-28,0.00400002227884713
2014-05-29,0.00395918962366003
2014-05-30,0.00391739451841409
2014-05-31,0.00387526076914857
2014-06-01,0.00310517111337201
2014-06-02,0.0030802824542129
2014-06-03,0.00306027905820863
2014-06-04,0.00304009674563123
2014-06-05,0.00301976256855571
2014-06-06,0.00312844359154289
2014-06-07,0.00298429864431799
2014-06-08,0.00296669376072075
2014-06-09,0.002946022905038
2014-06-10,0.00292590670030571
2014-06-11,0.00290739470644626
2014-06-12,0.00289012481746665
2014-06-13,0.00300808623111981
2014-06-14,0.00285888438347462
2014-06-15,0.00284408688667714
2014-06-16,0.00282976729712955
2014-06-17,0.00281624391744719
2014-06-18,0.00280396817598302
2014-06-19,0.00279255334080728
2014-06-20,0.00278230985151124
2014-06-21,0.00277313037269035
2014-06-22,0.00276493591419335
2014-06-23,0.00275761112791158
2014-06-24,0.0027508462344177
2014-06-25,0.00274485787501011
2014-06-26,0.0027395260741811
2014-06-27,0.0027344262775727
2014-06-28,0.00272964021137283
2014-06-29,0.00272526156134639
2014-06-30,0.00272120108300993
2014-07-01,0.00498512747565657
2014-07-02,0.00497862580962729
2014-07-03,0.00497281577504503
2014-07-04,0.00496764234577785
2014-07-05,0.00496297064883744
2014-07-06,0.00495880678258288
2014-07-07,0.00495496336116106
2014-07-08,0.00495116884129808
2014-07-09,0.00494748704785446
2014-07-10,0.00494408614166449
2014-07-11,0.00494097701628292
2014-07-12,0.0049381392723038
2014-07-13,0.00493552307822669
2014-07-14,0.00493316143419894
2014-07-15,0.00493097878983852
2014-07-16,0.0049290083612306
2014-07-17,0.0049272513778117
2014-07-18,0.00492555080003637
2014-07-19,0.004923916296938
2014-07-20,0.0049223889887776
2014-07-21,0.00492092961681572
2014-07-22,0.00491951781932899
2014-07-23,0.004918149690104
2014-07-24,0.00491679898630683
2014-07-25,0.00491544820321231
2014-07-26,0.00491411811869101
2014-07-27,0.0049128953641098
2014-07-28,0.00491176730169998
2014-07-29,0.00491063914295375
2014-07-30,0.00490951124929656
2014-07-31,0.00490838380783084
2014-08-01,0.0141472877052594
2014-08-02,0.0141440384100437
2014-08-03,0.0141407904373587
2014-08-04,0.0141375421501003
2014-08-05,0.0141342953261275
2014-08-06,0.0141310494496536
2014-08-07,0.0141278040294525
2014-08-08,0.0141245591033113
2014-08-09,0.0141213151804039
2014-08-10,0.0141180725422404
2014-08-11,0.0141148303235082
2014-08-12,0.0141115885100371
2014-08-13,0.0141083479614721
2014-08-14,0.0141051078049429
2014-08-15,0.0141018676748644
2014-08-16,0.0140986289561149
2014-08-17,0.0140953915750107
2014-08-18,0.0140921543119896
2014-08-19,0.0140889177366844
2014-08-20,0.0140856820049647
2014-08-21,0.0140824468589373
2014-08-22,0.0140792129570332
2014-08-23,0.014075979300742
2014-08-24,0.0140727470557799
2014-08-25,0.0140695148580509
2014-08-26,0.0140662840555918
2014-08-27,0.0140630535072475
2014-08-28,0.0140598232800892
2014-08-29,0.0140565943886868
2014-08-30,0.0140533660470793
2014-08-31,0.0140501388258441
2014-09-01,0.0108082041932399
2014-09-02,0.0108057221779164
2014-09-03,0.010803240358118
2014-09-04,0.0204199775734513
2014-09-05,0.010798279086629
2014-09-06,0.0107957988383005
2014-09-07,0.0107933195719591
2014-09-08,0.010790841057917
2014-09-09,0.0107883626012968
2014-09-10,0.0107858851382934
2014-09-11,0.0107834077356193
2014-09-12,0.0107809316296622
2014-09-13,0.0107784555120753
2014-09-14,0.0107759801925801
2014-09-15,0.0107735057387744
2014-09-16,0.0107710314441508
2014-09-17,0.0107685573806685
2014-09-18,0.0107660845950049
2014-09-19,0.0107636116741455
2014-09-20,0.0107611398166813
2014-09-21,0.0107586686540946
2014-09-22,0.0107561979327116
2014-09-23,0.0107537274933499
2014-09-24,0.0107512576943514
2014-09-25,0.0107487886512866
2014-09-26,0.0107463200850416
2014-09-27,0.0107438520566724
2014-09-28,0.0107413846265084
2014-09-29,0.0107389179355604
2014-09-30,0.0107364512286216
2014-10-01,0.00519773037106698
2014-10-02,0.00519653653701804
2014-10-03,0.00519534305986458
2014-10-04,0.0051941499487578
2014-10-05,0.0051929572645881
2014-10-06,0.00519176462335849
2014-10-07,0.00519057230593938
2014-10-08,0.0051893802616474
2014-10-09,0.00518818847992348
2014-10-10,0.00518699681012536
2014-10-11,0.00518580559119819
2014-10-12,0.00518461477386641
2014-10-13,0.0051834241128084
2014-10-14,0.00518223364955636
2014-10-15,0.00518104349744399
2014-10-16,0.00517987959721185
2014-10-17,0.00517866410552008
2014-10-18,0.00820424387840596
2014-10-19,0.0514928064196189
2014-10-20,0.00517509705834435
2014-10-21,0.00517390846685777
2014-10-22,0.00517272029491699
2014-10-23,0.00517153250521338
2014-10-24,0.00517034457894619
2014-10-25,0.00516915749951386
2014-10-26,0.195189048676174
2014-10-27,0.261952966746533
2014-10-28,0.158792041557492
2014-10-29,0.0121250195069526
2014-10-30,0.00782663917543765
2014-10-31,0.00614661121767791
2014-11-01,0.00390828410698517
2014-11-02,0.00393091760631176
2014-11-03,0.0591185727689268
2014-11-04,0.62061023966644
2014-11-05,0.00649138618023653
2014-11-06,0.00629292100469421
2014-11-07,0.00471406156795362
2014-11-08,0.00629568360054173
2014-11-09,0.00808466442893112
2014-11-10,0.0117397066643445
2014-11-11,0.0280437895896036
2014-11-12,0.14990899928849
2014-11-13,0.267403905438854
2014-11-14,0.067279293529108
2014-11-15,0.0591049357914074
2014-11-16,0.0117250822486948
2014-11-17,0.0056878965033012
2014-11-18,0.00617844528634844
2014-11-19,0.021306617712106
2014-11-20,0.0190477447518849
2014-11-21,0.0108761958946805
2014-11-22,0.00819410278382665
2014-11-23,0.0103431517514146
2014-11-24,0.0100094528494738
2014-11-25,0.00829071619684722
2014-11-26,0.00792312688104928
2014-11-27,0.00735824492676044
2014-11-28,0.0304383364884207
2014-11-29,0.013848166223882
2014-11-30,0.00842537473227554
2014-12-01,0.00872033968356673
2014-12-02,0.0083190446309689
2014-12-03,0.00905586476613569
2014-12-04,0.00600309894166316
2014-12-05,0.00671247613840708
2014-12-06,0.00714865552606337
2014-12-07,0.00708220363445602
2014-12-08,0.008264741857709
2014-12-09,0.00678011429647758
2014-12-10,0.0063036230692813
2014-12-11,0.00617808112703196
2014-12-12,0.00638774298566977
2014-12-13,0.00704620762378567
2014-12-14,0.041549988074258
2014-12-15,0.0104051165122526
2014-12-16,0.0060975269595423
2014-12-17,0.00580346921512028
2014-12-18,0.00580676143914336
2014-12-19,0.00580180480117024
2014-12-20,0.00578802958370755
2014-12-21,0.00577158019388568
2014-12-22,0.00575444101125478
2014-12-23,0.00573650323766468
2014-12-24,0.00666273240622638
2014-12-25,0.0259158744429493
2014-12-26,0.00847123398019811
2014-12-27,0.00571715349346423
2014-12-28,0.0514507139539563
2014-12-29,0.0332514930307816
2014-12-30,0.0384010591191603
2014-12-31,0.0214143473918536
2015-01-01,0.00823698439213573
2015-01-02,0.00909030268852983
2015-01-03,0.00631550846473408
2015-01-04,0.0040928083500168
2015-01-05,0.00415295942695152
2015-01-06,0.00414285411561029
2015-01-07,0.00436670800434801
2015-01-08,0.00518477824809449
2015-01-09,0.00558400478281934
2015-01-10,0.00480257383414429
2015-01-11,0.00386933392500439
2015-01-12,0.00385798424024203
2015-01-13,0.00384548382016925
2015-01-14,0.0038325334354885
2015-01-15,0.00381994056539545
2015-01-16,0.0038080624777686
2015-01-17,0.00379672868961433
2015-01-18,0.00378717478269292
2015-01-19,0.00377985531852285
2015-01-20,0.00377344189126948
2015-01-21,0.00376616070172356
2015-01-22,0.00375750979105403
2015-01-23,0.00374700571125319
2015-01-24,0.00373330817662321
2015-01-25,0.00428042830597509
2015-01-26,0.00446984530350833
2015-01-27,0.00496307271447858
2015-01-28,0.00744016393449085
2015-01-29,0.00679270321772312
2015-01-30,0.00672900339036636
2015-01-31,0.0144093538002127
2015-02-01,0.0113492314668352
2015-02-02,0.00827995812125129
2015-02-03,0.0137307346679064
2015-02-04,0.0165578828430072
2015-02-05,0.0347443932484429
2015-02-06,0.0277492868300798
2015-02-07,0.00773920721229633
2015-02-08,0.00617175509815603
2015-02-09,0.00403952087737844
2015-02-10,0.00477739259492225
2015-02-11,0.0649592403257231
2015-02-12,0.0120543739974107
2015-02-13,0.00394456663630645
2015-02-14,0.00862841020686104
2015-02-15,0.0137260951467971
2015-02-16,0.0173233198689356
2015-02-17,0.0269682427269295
2015-02-18,0.0375310016532744
2015-02-19,0.033929901643176
2015-02-20,0.016421278720036
2015-02-21,0.0159602298135808
2015-02-22,0.00912606391488445
2015-02-23,0.0056312661245367
2015-02-24,0.00471958934759411
2015-02-25,0.00483189756958104
2015-02-26,0.00381583664555216
2015-02-27,0.00379721651414487
2015-02-28,0.00378197364080194
2015-03-01,0.00323983140022622
2015-03-02,0.00322074712088736
2015-03-03,0.00320030800788577
2015-03-04,0.00365878849423128
2015-03-05,0.00316387314292592
2015-03-06,0.00314111251089512
2015-03-07,0.00311404914102964
2015-03-08,0.0238546639474611
2015-03-09,0.00565343023889459
2015-03-10,0.021287935767434
2015-03-11,0.00306407531178673
2015-03-12,0.00304421204942001
2015-03-13,0.00302141896962036
2015-03-14,0.00299666635502033
2015-03-15,0.00297087308439341
2015-03-16,0.00294464826170203
2015-03-17,0.00291858400265883
2015-03-18,0.00289303104370709
2015-03-19,0.0403269423262119
2015-03-20,0.0285140501251703
2015-03-21,0.00761580176632871
2015-03-22,0.00578396567084789
2015-03-23,0.00286659970104224
2015-03-24,0.00285068162428476
2015-03-25,0.00283124165414473
2015-03-26,0.00281142072909632
2015-03-27,0.00507984322781418
2015-03-28,0.00278651168820467
2015-03-29,0.00277495939026082
2015-03-30,0.00275590448978661
2015-03-31,0.00273176597727487
2015-04-01,0.00374194299900292
2015-04-02,0.00369794348461212
2015-04-03,0.00365607722038685
2015-04-04,0.00361712811106465
2015-04-05,0.00358288971743802
2015-04-06,0.00355456320938239
2015-04-07,0.00353136807311717
2015-04-08,0.00919933336848018
2015-04-09,0.00382191070340547
2015-04-10,0.00438645531187621
2015-04-11,0.00349160547313599
2015-04-12,0.00348275185990721
2015-04-13,0.00346850800847167
2015-04-14,0.00344941133560889
2015-04-15,0.00343006599969635
2015-04-16,0.00341071689341353
2015-04-17,0.0033888112499281
2015-04-18,0.00336606314690395
2015-04-19,0.00334311661150908
2015-04-20,0.00332024563045365
2015-04-21,0.00329865645727619
2015-04-22,0.00328064207277084
2015-04-23,0.0037159457132377
2015-04-24,0.00325938034476808
2015-04-25,0.00349653757610379
2015-04-26,0.00505410408383493
2015-04-27,0.00349461858713143
2015-04-28,0.0032464489216075
2015-04-29,0.0032440668784887
2015-04-30,0.00323971290596288
2015-05-01,0.00360018648824678
2015-05-02,0.00358703715954458
2015-05-03,0.00357557085239816
2015-05-04,0.00356694557107427
2015-05-05,0.00405126683125985
2015-05-06,0.00354688629880096
2015-05-07,0.00353109399306927
2015-05-08,0.00351423826769708
2015-05-09,0.00349711700116855
2015-05-10,0.00348012404382491
2015-05-11,0.00346427145809505
2015-05-12,0.00344972876920058
2015-05-13,0.00343731284214154
2015-05-14,0.00342737185027054
2015-05-15,0.00341910557452679
2015-05-16,0.00341189435099441
2015-05-17,0.00340534028009924
2015-05-18,0.00339969173303221
2015-05-19,0.00339511362226081
2015-05-20,0.00427663447526099
2015-05-21,0.0033875164299613
2015-05-22,0.00338239034845172
2015-05-23,0.0033764270684031
2015-05-24,0.00337055901372683
2015-05-25,0.00336596852887745
2015-05-26,0.00336266616895541
2015-05-27,0.003359746003047
2015-05-28,0.00335670028289711
2015-05-29,0.00335325519214889
2015-05-30,0.00334975660351456
2015-05-31,0.00334636768903289
2015-06-01,0.0027064895602409
2015-06-02,0.0027043319635532
2015-06-03,0.00270241053033326
2015-06-04,0.00270082338084012
2015-06-05,0.00269947820607929
2015-06-06,0.00269816935926833
2015-06-07,0.00269852411289982
2015-06-08,0.00269565781682831
2015-06-09,0.00269422794657082
2015-06-10,0.00269277166975578
2015-06-11,0.00269140882775051
2015-06-12,0.00269017768416412
2015-06-13,0.00268905764459672
2015-06-14,0.00268798106760806
2015-06-15,0.00268694197260587
2015-06-16,0.0026859709730852
2015-06-17,0.00268506018833907
2015-06-18,0.00268419497830334
2015-06-19,0.00268337591258376
2015-06-20,0.00268261282951631
2015-06-21,0.00268188879757498
2015-06-22,0.0026811755425956
2015-06-23,0.00268047222829908
2015-06-24,0.00267978680576703
2015-06-25,0.00267913047938899
2015-06-26,0.00267849373144428
2015-06-27,0.00267785796302852
2015-06-28,0.00267722308536969
2015-06-29,0.00267659414007689
2015-06-30,0.00267597552324181
2015-07-01,0.00490801446668207
2015-07-02,0.00490688721592319
2015-07-03,0.00490576035149312
2015-07-04,0.00490463370365621
2015-07-05,0.00490350729666041
2015-07-06,0.00490238114918321
2015-07-07,0.00490125507903729
2015-07-08,0.00490012945387399
2015-07-09,0.00489900418358272
2015-07-10,0.00489787920033472
2015-07-11,0.00489675416629709
2015-07-12,0.00489562966440363
2015-07-13,0.00489450533388418
2015-07-14,0.00489338118882878
2015-07-15,0.00489225732885062
2015-07-16,0.00489113392565137
2015-07-17,0.00489001061780554
2015-07-18,0.00488888744594484
2015-07-19,0.00488776464566756
2015-07-20,0.00488664222680396
2015-07-21,0.00488552003764052
2015-07-22,0.00488439795726517
2015-07-23,0.00488327622324229
2015-07-24,0.00488215472219631
2015-07-25,0.00488103356291534
2015-07-26,0.0048799125170099
2015-07-27,0.00487879165067035
2015-07-28,0.00487767116771055
2015-07-29,0.00487655115987946
2015-07-30,0.00487543125624902
2015-07-31,0.00487431149319114
2015-08-01,0.0140490820360363
2015-08-02,0.0140458551473232
2015-08-03,0.0140426297795202
2015-08-04,0.014039404513741
2015-08-05,0.0140361804448519
2015-08-06,0.0140329568624653
2015-08-07,0.0140297340103044
2015-08-08,0.0140265120168438
2015-08-09,0.0140232903190633
2015-08-10,0.0140200698021136
2015-08-11,0.0140168506180858
2015-08-12,0.0140136310382435
2015-08-13,0.0140104124663586
2015-08-14,0.0140071953105259
2015-08-15,0.0140039783955829
2015-08-16,0.0140007625518895
2015-08-17,0.0139975472731058
2015-08-18,0.0139943322985039
2015-08-19,0.013991118530239
2015-08-20,0.0139879049348478
2015-08-21,0.0139846928235248
2015-08-22,0.0139814810296091
2015-08-23,0.0139782705544454
2015-08-24,0.013975060092507
2015-08-25,0.013971850243656
2015-08-26,0.0139686414518848
2015-08-27,0.0139654334583553
2015-08-28,0.0139622261383718
2015-08-29,0.013959020239164
2015-08-30,0.0139558138562878
2015-08-31,0.0139526090226618
2015-09-01,0.0107331787130575
2015-09-02,0.0107307135972138
2015-09-03,0.0107282495207788
2015-09-04,0.0107257857554397
2015-09-05,0.0107233224000493
2015-09-06,0.0107208598543802
2015-09-07,0.0107183976154457
2015-09-08,0.0107159360532172
2015-09-09,0.0107134751895005
2015-09-10,0.0107110147895202
2015-09-11,0.0107085551004083
2015-09-12,0.0107060955842889
2015-09-13,0.010703636618402
2015-09-14,0.0107011783873699
2015-09-15,0.0106987209907724
2015-09-16,0.0106962638820111
2015-09-17,0.0179281951283749
2015-09-18,0.023647859678742
2015-09-19,0.0113369810948434
2015-09-20,0.0106864417328457
2015-09-21,0.0106839872705794
2015-09-22,0.0106815336587384
2015-09-23,0.0106790810092592
2015-09-24,0.010676628369956
2015-09-25,0.0106741764516974
2015-09-26,0.0106717248038304
2015-09-27,0.0106692744991995
2015-09-28,0.0106668238216897
2015-09-29,0.0106643742119363
2015-09-30,0.0106619252549026
2015-10-01,0.0051616505908725
2015-10-02,0.00516046523080353
2015-10-03,0.00515927996822967
2015-10-04,0.00515809524733446
2015-10-05,0.00515691059929662
2015-10-06,0.00515572625465513
2015-10-07,0.00515454231196102
2015-10-08,0.00677481952078178
2015-10-09,0.00515217507595365
2015-10-10,0.0071618526365603
2015-10-11,0.00514980882616041
2015-10-12,0.00514862632301515
2015-10-13,0.00514744383254074
2015-10-14,0.00514626161413755
2015-10-15,0.00514507974594243
2015-10-16,0.00514389818325549
2015-10-17,0.00514271692466885
2015-10-18,0.00514153588641412
2015-10-19,0.00514035514874002
2015-10-20,0.00513917464336475
2015-10-21,0.00513799440196542
2015-10-22,0.00513681451394191
2015-10-23,0.00513563476705752
2015-10-24,0.00513445531582622
2015-10-25,0.00513327630455483
2015-10-26,0.00513209743864619
2015-10-27,0.00513091870613339
2015-10-28,0.00512974046250405
2015-10-29,0.00512856239450672
2015-10-30,0.00512738462779395
2015-10-31,0.00512620717116489
2015-11-01,0.00375334792839429
2015-11-02,0.00375041336366793
2015-11-03,0.00374955205622944
2015-11-04,0.00374869615244511
2015-11-05,0.00374782999034824
2015-11-06,0.00374696933830409
2015-11-07,0.00374610885268474
2015-11-08,0.00374524855332723
2015-11-09,0.003744388449506
2015-11-10,0.00374352860562695
2015-11-11,0.00529273145480224
2015-11-12,0.00385526854982931
2015-11-13,0.00374096649063057
2015-11-14,0.00374009095412761
2015-11-15,0.00374156440245308
2015-11-16,0.00373837333611718
2015-11-17,0.00373751481513511
2015-11-18,0.00373696597364498
2015-11-19,0.003736796105171
2015-11-20,0.00602653321264373
2015-11-21,0.00437790611458875
2015-11-22,0.00381145973144131
2015-11-23,0.111287425545969
2015-11-24,0.0478671005712037
2015-11-25,0.00610295813468047
2015-11-26,0.00379985499908467
2015-11-27,0.00468876132523179
2015-11-28,0.00588429442573033
2015-11-29,0.00746914417778873
2015-11-30,0.00391625646642363
2015-12-01,0.0777196934829787
2015-12-02,0.147195238111489
2015-12-03,0.109431857832317
2015-12-04,0.0175962724580772
2015-12-05,0.0127323432606586
2015-12-06,0.0211458986729005
2015-12-07,0.0154042772942414
2015-12-08,0.0172636478631447
2015-12-09,0.0241200913589152
2015-12-10,0.0353766291105247
2015-12-11,0.00863734050148416
2015-12-12,0.0134141675287265
2015-12-13,0.044406263290234
2015-12-14,0.00509265788289827
2015-12-15,0.00419072992136551
2015-12-16,0.0117921510551337
2015-12-17,0.00424734107436769
2015-12-18,0.0226739002068665
2015-12-19,0.265217677338729
2015-12-20,0.657381491522217
2015-12-21,0.385585394820523
2015-12-22,0.111104539605622
2015-12-23,0.128945496446232
2015-12-24,0.0458357210486776
2015-12-25,0.0381494129940384
2015-12-26,0.0380754956513477
2015-12-27,0.0467343442264478
2015-12-28,0.0438358603572108
2015-12-29,0.031867437999207
2015-12-30,0.0301336300169418
2015-12-31,0.0235945080615474
2016-01-01,0.0150638460812354
2016-01-02,0.0151764313470576
2016-01-03,0.015541695421382
2016-01-04,0.0134721079708157
2016-01-05,0.00665951382388828
2016-01-06,0.00731462355522144
2016-01-07,0.00633051498457012
2016-01-08,0.00465855840292703
2016-01-09,0.00446384253949824
2016-01-10,0.00597179987037046
2016-01-11,0.00485298372134345
2016-01-12,0.004475759383717
2016-01-13,0.0126840393282482
2016-01-14,0.00895599170576853
2016-01-15,0.011897536836249
2016-01-16,0.00453278745847375
2016-01-17,0.00908584464227017
2016-01-18,0.00892155240403122
2016-01-19,0.00469641392158811
2016-01-20,0.00936395875136226
2016-01-21,0.00515610466689843
2016-01-22,0.11248217084223
2016-01-23,0.008711368851189
2016-01-24,0.00778119195260095
2016-01-25,0.0110085908090427
2016-01-26,0.00698806535375848
2016-01-27,0.40675946584492
2016-01-28,0.126444344937845
2016-01-29,0.0114523135726967
2016-01-30,0.0161675737648048
2016-01-31,0.0076389492150859
2016-02-01,0.00660670514778718
2016-02-02,0.00974262045730919
2016-02-03,0.00806033676740725
2016-02-04,0.00747707029328794
2016-02-05,0.0655782035808892
2016-02-06,0.0408838302085966
2016-02-07,0.0163284739187147
2016-02-08,0.0292752337156379
2016-02-09,0.0210095757931348
2016-02-10,0.014424479409038
2016-02-11,0.00935078695214124
2016-02-12,0.0183818260790344
2016-02-13,0.00547517725619865
2016-02-14,0.0140482053611073
2016-02-15,0.212362597231944
2016-02-16,0.0624580259298049
2016-02-17,0.0306110909953709
2016-02-18,0.0116041538692829
2016-02-19,0.0145694321866782
2016-02-20,0.010556153440442
2016-02-21,0.016272822887743
2016-02-22,0.0350467722019152
2016-02-23,0.0130287620949944
2016-02-24,0.204636662461238
2016-02-25,0.13992381873279
2016-02-26,0.0298217625464121
2016-02-27,0.0619491078705732
2016-02-28,0.0579425752388741
2016-02-29,0.0802630740482971
2016-03-01,0.0328053296599566
2016-03-02,0.0276220533432497
2016-03-03,0.0300812516621292
2016-03-04,0.0923688375859454
2016-03-05,0.160466535158667
2016-03-06,0.0935145945896564
2016-03-07,0.0575035627279766
2016-03-08,0.236462331293828
2016-03-09,3.08842216985113
2016-03-10,1.57862179112363
2016-03-11,0.362284970479468
2016-03-12,0.571485211216787
2016-03-13,0.716102729327939
2016-03-14,0.463423921382989
2016-03-15,0.464706786825848
2016-03-16,0.446975815252097
2016-03-17,0.448443996847319
2016-03-18,0.434078884392404
2016-03-19,0.420636572230434
2016-03-20,0.559088087686136
2016-03-21,0.740599524482624
2016-03-22,1.35570743709313
2016-03-23,0.614258326604065
2016-03-24,0.545323807792022
2016-03-25,0.537919564151197
2016-03-26,0.512013029113564
2016-03-27,0.487362624598621
2016-03-28,0.471810944602668
2016-03-29,0.542032334608265
2016-03-30,0.55498159860998
2016-03-31,0.512708459261376
2016-04-01,0.649116888700461
2016-04-02,0.666886014733888
2016-04-03,0.619588852343434
2016-04-04,0.636744090867793
2016-04-05,0.625943951314134
2016-04-06,0.532553420931718
2016-04-07,0.494223758678497
2016-04-08,0.468932600392947
2016-04-09,0.560821368663689
2016-04-10,0.682680471286449
2016-04-11,0.551681541565972
2016-04-12,0.531391093103746
2016-04-13,0.526067388495572
2016-04-14,0.502853143971529
2016-04-15,0.492344450112835
2016-04-16,0.505738248962306
2016-04-17,0.460773314880294
2016-04-18,0.419622355254007
2016-04-19,0.401633544761642
2016-04-20,0.382216193027536
2016-04-21,0.361931746285102
2016-04-22,0.343956606356993
2016-04-23,0.334379003655526
2016-04-24,0.302485149388446
2016-04-25,0.280405315692077
2016-04-26,0.262565593422688
2016-04-27,0.248981113538853
2016-04-28,0.221944090763456
2016-04-29,0.208758273168876
2016-04-30,0.204855388540328
2016-05-01,0.229079328393842
2016-05-02,0.22133233469852
2016-05-03,0.215519961553373
2016-05-04,0.230484556322892
2016-05-05,0.257009216712107
2016-05-06,0.293103863216898
2016-05-07,0.495781974924792
2016-05-08,0.442778125219016
2016-05-09,0.296079354933803
2016-05-10,0.247718739557942
2016-05-11,0.176820915911731
2016-05-12,0.197495816039486
2016-05-13,0.206463543737955
2016-05-14,0.195792864738329
2016-05-15,0.190795361517311
2016-05-16,0.189373400663733
2016-05-17,0.166454543824133
2016-05-18,0.773273998092294
2016-05-19,0.199530664933978
2016-05-20,0.152255220541881
2016-05-21,0.181737014571615
2016-05-22,0.188205714027156
2016-05-23,0.199653946137505
2016-05-24,0.182699583233812
2016-05-25,0.142536006047265
2016-05-26,0.133888199996925
2016-05-27,0.124186932915167
2016-05-28,0.108691074264383
2016-05-29,0.160973083833022
2016-05-30,0.109092092370975
2016-05-31,0.0690778008264006
2016-06-01,0.0466281469618642
2016-06-02,0.0433680159709585
2016-06-03,0.0433050863222432
2016-06-04,0.0428258240815879
2016-06-05,0.0424041438359536
2016-06-06,0.0409770396796408
2016-06-07,0.0416800550790865
2016-06-08,0.0348230687744146
2016-06-09,0.0339784773353224
2016-06-10,0.0363849008397813
2016-06-11,0.0405054504258429
2016-06-12,0.0950315323706188
2016-06-13,0.065604529609877
2016-06-14,0.0425033867651839
2016-06-15,0.0388855823341345
2016-06-16,0.0281291605161143
2016-06-17,0.0250809197373653
2016-06-18,0.0243107434127396
2016-06-19,0.0235162202802979
2016-06-20,0.0224295150629324
2016-06-21,0.0206049453713544
2016-06-22,0.0182503641944451
2016-06-23,0.0160254440779846
2016-06-24,0.0141492256712225
2016-06-25,0.0126791809986568
2016-06-26,0.0115443945902428
2016-06-27,0.0105629629861327
2016-06-28,0.00965460117562047
2016-06-29,0.00888517380984034
2016-06-30,0.00822065146792695
2016-07-01,0.0140337280409287
2016-07-02,0.0131559844586783
2016-07-03,0.0123420936437069
2016-07-04,0.0116028220803726
2016-07-05,0.0109574560417473
2016-07-06,0.0103495639658079
2016-07-07,0.00976927737983184
2016-07-08,0.0092244461462769
2016-07-09,0.00875181671728203
2016-07-10,0.00834794548896882
2016-07-11,0.00799099630610201
2016-07-12,0.00772243422115788
2016-07-13,0.00753792670111742
2016-07-14,0.00738205128199936
2016-07-15,0.00723337316126908
2016-07-16,0.0070907705973672
2016-07-17,0.00696461629779659
2016-07-18,0.00685152638006564
2016-07-19,0.00674043132337224
2016-07-20,0.0066316035442441
2016-07-21,0.00652617377498676
2016-07-22,0.00642141732931988
2016-07-23,0.00631990822463537
2016-07-24,0.0062212800632888
2016-07-25,0.00612772475366765
2016-07-26,0.00604220823865535
2016-07-27,0.00596278841616306
2016-07-28,0.00589442766557305
2016-07-29,0.00583647143055175
2016-07-30,0.00586098499118904
2016-07-31,0.00572388117391402
2016-08-01,0.0163443142662677
2016-08-02,0.016191274822139
2016-08-03,0.0160483897547747
2016-08-04,0.0159176586567669
2016-08-05,0.0157840111539435
2016-08-06,0.0156478619390013
2016-08-07,0.0155175828479465
2016-08-08,0.0153924772604547
2016-08-09,0.0152781454323753
2016-08-10,0.0151800970469939
2016-08-11,0.0150997264388813
2016-08-12,0.0150334827153853
2016-08-13,0.0149726514011595
2016-08-14,0.0149129624718669
2016-08-15,0.014855731713207
2016-08-16,0.0147998678220465
2016-08-17,0.014746199341138
2016-08-18,0.0146963849751417
2016-08-19,0.0146488253056104
2016-08-20,0.0146054735165923
2016-08-21,0.0145677093504225
2016-08-22,0.014536671232944
2016-08-23,0.0145107466961115
2016-08-24,0.0144885909208999
2016-08-25,0.0144701528292878
2016-08-26,0.0144533583494279
2016-08-27,0.0144344537171961
2016-08-28,0.0144133515775567
2016-08-29,0.0143936699491475
2016-08-30,0.0143757264225788
2016-08-31,0.0143594874603638
2016-09-01,0.0110378216184855
2016-09-02,0.0110278586752115
2016-09-03,0.0110179807490407
2016-09-04,0.011008051321251
2016-09-05,0.0109983583589773
2016-09-06,0.0109890567101537
2016-09-07,0.0109808610446927
2016-09-08,0.0109741649939988
2016-09-09,0.0109682675465734
2016-09-10,0.010962800479834
2016-09-11,0.0109577021015939
2016-09-12,0.0109529637120735
2016-09-13,0.010948382310361
2016-09-14,0.0109439371627938
2016-09-15,0.0109396735330835
2016-09-16,0.0109355673505563
2016-09-17,0.0109317015135202
2016-09-18,0.0109282615441006
2016-09-19,0.0109252125937531
2016-09-20,0.0109222487063007
2016-09-21,0.0109192037885687
2016-09-22,0.0109161058246418
2016-09-23,0.0109130310686069
2016-09-24,0.0109100110385388
2016-09-25,0.0109070770678902
2016-09-26,0.0109042095881538
2016-09-27,0.0109013531130678
2016-09-28,0.0108985004961513
2016-09-29,0.010895684624882
2016-09-30,0.0108928964985607
2016-10-01,0.0052733539843672
2016-10-02,0.00527207449786583
2016-10-03,0.00527082208931346
2016-10-04,0.00526956947239608
2016-10-05,0.00526831946074535
2016-10-06,0.00526707113783676
2016-10-07,0.00526582322215506
2016-10-08,0.00526457665767826
2016-10-09,0.00526333250805344
2016-10-10,0.00526208963677618
2016-10-11,0.00526086375287922
2016-10-12,0.0052596554631553
2016-10-13,0.00525844745782149
2016-10-14,0.00525723976503518
2016-10-15,0.00525603223591396
2016-10-16,0.00971306974606421
2016-10-17,0.00525361852359693
2016-10-18,0.00525241187615539
2016-10-19,0.029547145155812
2016-10-20,0.00945005654818233
2016-10-21,0.00561894571851259
2016-10-22,0.00812089918186525
2016-10-23,0.0999103006879615
2016-10-24,0.00850568895470083
2016-10-25,0.0065012299251436
2016-10-26,0.00624897136685893
2016-10-27,0.00539714252910366
2016-10-28,0.00524040277427297
2016-10-29,0.0052392109679113
2016-10-30,0.00523801879937463
2016-10-31,0.00523682630949123
2016-11-01,0.00383223135412637
2016-11-02,0.00383135813288634
2016-11-03,0.00383048491396491
2016-11-04,0.057062197311818
2016-11-05,0.199434855783537
2016-11-06,0.062696824127521
2016-11-07,0.0125129661955623
2016-11-08,0.027577394512627
2016-11-09,0.177258907935911
2016-11-10,0.0238175342761793
2016-11-11,0.0313768240626324
2016-11-12,0.00654308284723033
2016-11-13,0.0078129783502277
2016-11-14,0.00731329102832483
2016-11-15,0.00421109983978125
2016-11-16,0.00423036621154285
2016-11-17,0.00425511674020353
2016-11-18,0.00427490193180892
2016-11-19,0.00428942729944365
2016-11-20,0.123061472048987
2016-11-21,0.18334063844931
2016-11-22,0.0289555767715657
2016-11-23,0.00504493480264699
2016-11-24,0.00483816546913065
2016-11-25,0.00479864751901257
2016-11-26,0.00482686119772212
2016-11-27,0.108999811870034
2016-11-28,0.03165720682281
2016-11-29,0.0069796923708027
2016-11-30,0.0102125717565856
2016-12-01,0.0105473716359686
2016-12-02,0.0116371050778639
2016-12-03,0.00870140652124147
2016-12-04,0.00929396135422907
2016-12-05,0.00550438388751818
2016-12-06,0.00749569883204918
2016-12-07,0.00635255985572949
2016-12-08,0.0107510433767921
2016-12-09,0.00519925544004254
2016-12-10,0.00514066486483446
2016-12-11,0.0553163243928038
2016-12-12,0.031706029988865
2016-12-13,0.0214327355839704
2016-12-14,0.143182820276413
2016-12-15,0.0428185996884693
2016-12-16,0.00927047030246053
2016-12-17,0.10764471887194
2016-12-18,0.0324297379565771
2016-12-19,0.0067182086068068
2016-12-20,0.00560735201323475
2016-12-21,0.00582838205785031
2016-12-22,0.00585170315413614
2016-12-23,0.00724493139999085
2016-12-24,0.0172664125131573
2016-12-25,0.00752246960377573
2016-12-26,0.00611552953043865
2016-12-27,0.00593365463181791
2016-12-28,0.00611108134179305
2016-12-29,0.00589328790244303
2016-12-30,0.00808665611556397
2016-12-31,0.00908434561154806
2017-01-01,0.00436829117472796
2017-01-02,0.0094901808578826
2017-01-03,0.412451950497104
2017-01-04,1.47213667858267
2017-01-05,9.43785049021209
2017-01-06,1.60104866135077
2017-01-07,0.0306899951181691
2017-01-08,0.022274912232482
2017-01-09,0.0330555125300926
2017-01-10,0.0365834595007853
2017-01-11,0.154356618670298
2017-01-12,0.122398637308033
2017-01-13,0.548460742607352
2017-01-14,1.05958090290739
2017-01-15,0.156508613222571
2017-01-16,0.175001075053168
2017-01-17,0.176037004050195
2017-01-18,0.182581783567836
2017-01-19,0.180083379746299
2017-01-20,0.176673523819655
2017-01-21,0.187356530622511
2017-01-22,0.25674050736942
2017-01-23,0.398662756723679
2017-01-24,0.513694453071963
2017-01-25,0.301604558742041
2017-01-26,0.326921979441251
2017-01-27,0.328119994984583
2017-01-28,0.386123211437281
2017-01-29,0.472459379431109
2017-01-30,0.865964876995728
2017-01-31,0.597434006362341
2017-02-01,0.498708432445682
2017-02-02,0.512938893055042
2017-02-03,0.47536512434976
2017-02-04,0.4576674487355
2017-02-05,0.471489344652841
2017-02-06,0.417042773887395
2017-02-07,0.416041989884355
2017-02-08,0.401255281780514
2017-02-09,0.366081630597638
2017-02-10,0.357178784228164
2017-02-11,0.332010826670398
2017-02-12,0.31718443483354
2017-02-13,0.299110491824438
2017-02-14,0.278961163800688
2017-02-15,0.259668584764903
2017-02-16,0.242775241659931
2017-02-17,0.233080944062612
2017-02-18,0.213217596817404
2017-02-19,0.199941907667169
2017-02-20,0.195492991152648
2017-02-21,0.200501966594657
2017-02-22,0.33637853511505
2017-02-23,0.498601328589019
2017-02-24,0.345976557261869
2017-02-25,0.308494824426524
2017-02-26,0.435281300399649
2017-02-27,0.376432896090965
2017-02-28,0.348749296433315
2017-03-01,0.365748957976747
2017-03-02,0.395921815618723
2017-03-03,0.356305615867066
2017-03-04,0.351102001260931
2017-03-05,0.334757875352655
2017-03-06,0.326017327497574
2017-03-07,0.297786720354169
2017-03-08,0.281223539168255
2017-03-09,0.263556287327661
2017-03-10,0.246055989239131
2017-03-11,0.235494035791612
2017-03-12,0.222606031255113
2017-03-13,0.20136112504298
2017-03-14,0.190096031792778
2017-03-15,0.186723373099061
2017-03-16,0.399657521622511
2017-03-17,0.202512928165545
2017-03-18,0.219468178416502
2017-03-19,0.224030175224088
2017-03-20,0.21955104023928
2017-03-21,0.211291706831602
2017-03-22,0.211857128659504
2017-03-23,0.202681378041585
2017-03-24,0.198884465739457
2017-03-25,0.19281605483217
2017-03-26,0.173703230711498
2017-03-27,0.167150762128073
2017-03-28,0.166497573979453
2017-03-29,0.167186933015495
2017-03-30,0.171415010848896
2017-03-31,0.181119143740348
2017-04-01,0.279993959636952
2017-04-02,0.298622637244996
2017-04-03,0.302435658557448
2017-04-04,0.263627717380362
2017-04-05,0.272421079296567
2017-04-06,0.250391438898707
2017-04-07,0.227533564033785
2017-04-08,0.215904542228593
2017-04-09,0.317027181458542
2017-04-10,0.234199195204193
2017-04-11,0.251726393640716
2017-04-12,0.492201457114833
2017-04-13,0.224430305395596
2017-04-14,0.225198163883908
2017-04-15,0.229124298801872
2017-04-16,0.224038614996272
2017-04-17,0.218129701191545
2017-04-18,0.203568740064516
2017-04-19,0.197716745775337
2017-04-20,0.190984288528564
2017-04-21,0.186782753280887
2017-04-22,0.192197683194396
2017-04-23,0.187113381491691
2017-04-24,0.191237001215039
2017-04-25,0.182986265237032
2017-04-26,0.177920389791787
2017-04-27,0.187083263845068
2017-04-28,0.21105836876342
2017-04-29,0.236963475380606
2017-04-30,0.2903760611902
2017-05-01,0.304726948264381
2017-05-02,0.304002225362022
2017-05-03,0.188017495908434
2017-05-04,0.206830616111083
2017-05-05,0.218663827397709
2017-05-06,0.210224946866278
2017-05-07,0.188516004152086
2017-05-08,0.15632090163569
2017-05-09,0.132530419145886
2017-05-10,0.126261341553004
2017-05-11,0.111506278329938
2017-05-12,0.0988120621294332
2017-05-13,0.0936368891949614
2017-05-14,0.0924589062867053
2017-05-15,0.403622219458345
2017-05-16,0.53513312389848
2017-05-17,0.198407336493821
2017-05-18,0.11788822745408
2017-05-19,0.113295188628712
2017-05-20,0.113307767581304
2017-05-21,0.101901906790514
2017-05-22,0.096102294766664
2017-05-23,0.0924255117502148
2017-05-24,0.0885800125723654
2017-05-25,0.080734920796381
2017-05-26,0.0744276658848584
2017-05-27,0.0702514815570873
2017-05-28,0.0843187447303164
2017-05-29,0.0963754486485569
2017-05-30,0.082702986208094
2017-05-31,0.0621201485375394
2017-06-01,0.0362201303781333
2017-06-02,0.0344240594715007
2017-06-03,0.0345906523485655
2017-06-04,0.0374050496085046
2017-06-05,0.0502994002051148
2017-06-06,0.0519802138967692
2017-06-07,0.054198236941555
2017-06-08,0.0343374676535572
2017-06-09,0.0212680065686369
2017-06-10,0.0203496520048437
2017-06-11,0.0195537730346362
2017-06-12,0.0188816350743974
2017-06-13,0.0177832988512104
2017-06-14,0.0161311374847729
2017-06-15,0.0144601024961015
2017-06-16,0.0130395170589359
2017-06-17,0.0118166527299639
2017-06-18,0.0107342124056256
2017-06-19,0.00979736762659553
2017-06-20,0.00938204010174326
2017-06-21,0.00869681896649505
2017-06-22,0.00814143181320876
2017-06-23,0.00759977596802523
2017-06-24,0.00704638513584139
2017-06-25,0.00656548475695952
2017-06-26,0.00611892258490943
2017-06-27,0.00568084835530848
2017-06-28,0.00526821482945559
2017-06-29,0.00490211769245976
2017-06-30,0.004620231556109
2017-07-01,0.0080555990440817
2017-07-02,0.00768009050101066
2017-07-03,0.00736234407502532
2017-07-04,0.00711373681448502
2017-07-05,0.00693037744398609
2017-07-06,0.00678743477245886
2017-07-07,0.00665557509376287
2017-07-08,0.00654250050073545
2017-07-09,0.006442326384556
2017-07-10,0.00634591690985174
2017-07-11,0.00624848104831827
2017-07-12,0.00614729928176507
2017-07-13,0.00605488840912788
2017-07-14,0.00596775377935371
2017-07-15,0.00587998948605891
2017-07-16,0.00579685325519335
2017-07-17,0.00571996380640687
2017-07-18,0.00565099297677453
2017-07-19,0.0055890823299341
2017-07-20,0.00553200841943651
2017-07-21,0.00547844993589643
2017-07-22,0.00542877850140821
2017-07-23,0.00538399292436389
2017-07-24,0.00534590230030072
2017-07-25,0.00531109032787504
2017-07-26,0.00527522788057696
2017-07-27,0.0052418293282845
2017-07-28,0.00521099630660195
2017-07-29,0.00518137871399872
2017-07-30,0.00515526615974543
2017-07-31,0.00513272888621707
2017-08-01,0.0147405614687394
2017-08-02,0.0146896857662642
2017-08-03,0.0146440231554162
2017-08-04,0.0146017926390195
2017-08-05,0.0145624571099999
2017-08-06,0.0145275484272179
2017-08-07,0.014496709639663
2017-08-08,0.0144690692157255
2017-08-09,0.0144432245493503
2017-08-10,0.0144202587411467
2017-08-11,0.0144020213898426
2017-08-12,0.0143866329546173
2017-08-13,0.0143738057557795
2017-08-14,0.0143622192144008
2017-08-15,0.0143496880262524
2017-08-16,0.0143356593622053
2017-08-17,0.0143209925365204
2017-08-18,0.014307221248265
2017-08-19,0.0142953107293979
2017-08-20,0.0142851555345537
2017-08-21,0.0142757924920877
2017-08-22,0.014267344825955
2017-08-23,0.0142595715899727
2017-08-24,0.0142517236338451
2017-08-25,0.014243757971549
2017-08-26,0.0142361424917407
2017-08-27,0.0142290676870051
2017-08-28,0.0142226395354986
2017-08-29,0.0142168303679913
2017-08-30,0.0525691418866502
2017-08-31,0.0142070327797548
2017-09-01,0.0636772607328424
2017-09-02,0.0109250359218672
2017-09-03,0.0109219639046383
2017-09-04,0.0109190309406899
2017-09-05,0.0109162039397504
2017-09-06,0.0109133919484562
2017-09-07,0.0109105724865018
2017-09-08,0.0109077587471109
2017-09-09,0.0109049719662063
2017-09-10,0.0109022104407565
2017-09-11,0.010899457434098
2017-09-12,0.0108967033909383
2017-09-13,0.0108939764552708
2017-09-14,0.010891341505107
2017-09-15,0.0108887697866182
2017-09-16,0.0108861957538092
2017-09-17,0.0294076656353015
2017-09-18,0.0462303844377785
2017-09-19,0.0108786576191209
2017-09-20,0.0108761587828184
2017-09-21,0.0108736611901723
2017-09-22,0.010871164218991
2017-09-23,0.0108686673473893
2017-09-24,0.0108661710812615
2017-09-25,0.0108636756655591
2017-09-26,0.0108702752939999
2017-09-27,0.0108586866091449
2017-09-28,0.0108561930142251
2017-09-29,0.0108536992179654
2017-09-30,0.010851206892142
2017-10-01,0.00525328552673539
2017-10-02,0.00525207909505021
2017-10-03,0.00525087280204037
2017-10-04,0.00524966699263449
2017-10-05,0.0100687821970498
2017-10-06,0.00524725579618423
2017-10-07,0.00524605082164626
2017-10-08,0.00524484609806147
2017-10-09,0.00524364166097855
2017-10-10,0.00524243736820248
2017-10-11,0.00524123336615193
2017-10-12,0.22062111614886
2017-10-13,0.0311448498497949
2017-10-14,0.00523783316937487
2017-10-15,0.00523690289454577
2017-10-16,0.00523599986344254
2017-10-17,0.00523509284031902
2017-10-18,0.00523416973824442
2017-10-19,0.00523322654935988
2017-10-20,0.00523226219523562
2017-10-21,0.00523127598390274
2017-10-22,0.00523026852496966
2017-10-23,0.0455557327164592
2017-10-24,0.0983426910627845
2017-10-25,0.0814093567771142
2017-10-26,0.00696025941384264
2017-10-27,0.00523167931662815
2017-10-28,0.00523512491198907
2017-10-29,0.00523851766534827
2017-10-30,0.00524167560893235
2017-10-31,0.00524452082513621
2017-11-01,0.00384055733281594
2017-11-02,0.00384210432313575
2017-11-03,0.00384342378805597
2017-11-04,0.00384454967540597
2017-11-05,0.0039888934614061
2017-11-06,0.00676562758478264
2017-11-07,0.00566340609045095
2017-11-08,0.0038479820430461
2017-11-09,0.00384856896902712
2017-11-10,0.00384909426449674
2017-11-11,0.00384957910739968
2017-11-12,0.00451712283106924
2017-11-13,0.124179160586895
2017-11-14,0.367936223864615
2017-11-15,0.0462337358693284
2017-11-16,0.00880294709602339
2017-11-17,0.0176966577638904
2017-11-18,0.0504534048452812
2017-11-19,0.189160213222955
2017-11-20,0.0573027260957393
2017-11-21,0.0314728617926217
2017-11-22,0.621489315985139
2017-11-23,0.197051054612792
2017-11-24,0.101136626738294
2017-11-25,0.399337722776925
2017-11-26,0.0173766457700066
2017-11-27,0.0064443257114681
2017-11-28,0.00654480163382122
2017-11-29,0.0104459153895306
2017-11-30,0.0211264261744852
2017-12-01,0.0244734146923702
2017-12-02,0.0126344479231833
2017-12-03,0.0196752639695077
2017-12-04,0.0177637661315491
2017-12-05,0.00939661677934341
2017-12-06,0.0110175330746101
2017-12-07,0.0110278592476089
2017-12-08,0.0118539938546052
2017-12-09,0.0128891628503175
2017-12-10,0.00874770868015788
2017-12-11,0.00930922355689759
2017-12-12,0.00908866614542265
2017-12-13,0.0137299400556203
2017-12-14,0.0151343516947341
2017-12-15,0.0129014596523127
2017-12-16,0.0143698555628172
2017-12-17,0.0145546046704847
2017-12-18,0.0264322211061574
2017-12-19,0.031443690094121
2017-12-20,0.0361150202392334
2017-12-21,0.0262946110791809
2017-12-22,0.0100423402133844
2017-12-23,0.0109710306547618
2017-12-24,0.00908011076990325
2017-12-25,0.0247206690785966
2017-12-26,0.0070702681038498
2017-12-27,0.00682661038129707
2017-12-28,0.00683107492533808
2017-12-29,0.00688464217491363
2017-12-30,0.00683880029096051
2017-12-31,0.00699048223991284
2018-01-01,0.00506754031750353
2018-01-02,0.00560568914040187
2018-01-03,0.00569267359742211
2018-01-04,0.00620393410944375
2018-01-05,0.00755169552754802
2018-01-06,0.00656461375890153
2018-01-07,0.0121741231408766
2018-01-08,0.157470894993177
2018-01-09,0.0108932799590208
2018-01-10,0.0069523962139703
2018-01-11,0.0059979648888752
2018-01-12,0.0119123575125813
2018-01-13,0.191090069318516
2018-01-14,0.12052461865149
2018-01-15,0.422246535533611
2018-01-16,0.463183375895811
2018-01-17,0.0763532676023977
2018-01-18,0.0184476093744083
2018-01-19,0.0249218337562874
2018-01-20,0.0186306128041577
2018-01-21,0.0131844775174049
2018-01-22,0.00844752832673605
2018-01-23,0.0112949818429947
2018-01-24,0.0186706897670143
2018-01-25,0.0173840987737618
2018-01-26,0.137835765677254
2018-01-27,0.0264549118161764
2018-01-28,0.0366129888217983
2018-01-29,0.0270837818892371
2018-01-30,0.0253480819754476
2018-01-31,0.0427294854550694
2018-02-01,0.0642343912791968
2018-02-02,0.0504111208323616
2018-02-03,0.0158157855804527
2018-02-04,0.0277003594299838
2018-02-05,0.0393898523284557
2018-02-06,0.09767386950433
2018-02-07,0.0826068283602988
2018-02-08,0.0986150900588132
2018-02-09,0.269519098151282
2018-02-10,0.23097386646335
2018-02-11,0.137754512247137
2018-02-12,0.136304890145888
2018-02-13,0.152779519585043
2018-02-14,0.140465922246821
2018-02-15,0.147350143332353
2018-02-16,0.142411224505477
2018-02-17,0.150486521092937
2018-02-18,0.156619747095748
2018-02-19,0.140395056917687
2018-02-20,0.134264673042661
2018-02-21,0.130696754771709
2018-02-22,0.137932597953346
2018-02-23,0.135771461060534
2018-02-24,0.132502533541055
2018-02-25,0.196611506551226
2018-02-26,0.676160850280924
2018-02-27,1.18476120581284
2018-02-28,0.751862381682653
2018-03-01,0.384876582197953
2018-03-02,0.39570589815716
2018-03-03,0.400780593320799
2018-03-04,0.411172052805278
2018-03-05,0.386332030289515
2018-03-06,0.380459626534905
2018-03-07,0.370292168257355
2018-03-08,0.339259813014168
2018-03-09,0.323868061492483
2018-03-10,0.306595486933059
2018-03-11,0.289358857539834
2018-03-12,0.272288431154542
2018-03-13,0.256549796014577
2018-03-14,0.231785318175218
2018-03-15,0.212378906404066
2018-03-16,0.194252818162623
2018-03-17,0.178785454801074
2018-03-18,0.164917045674285
2018-03-19,0.155252115619434
2018-03-20,0.143820498309523
2018-03-21,0.134181830833639
2018-03-22,0.126188877192598
2018-03-23,0.130496281773238
2018-03-24,0.113413282922801
2018-03-25,0.106694875028352
2018-03-26,0.100111293001755
2018-03-27,0.0958540201404451
2018-03-28,0.0906631589847015
2018-03-29,0.0831598105092349
2018-03-30,0.0779179057782826
2018-03-31,0.0720503771644884
2018-04-01,0.0913273541266646
2018-04-02,0.0858018046141265
2018-04-03,0.0812733617546777
2018-04-04,0.0779366543504827
2018-04-05,0.0809100991140891
2018-04-06,0.0771878845182444
2018-04-07,0.0616725193548402
2018-04-08,0.0594437914892712
2018-04-09,0.0569727803826603
2018-04-10,0.0525663271380321
2018-04-11,0.0507373479598588
2018-04-12,0.0476892357801898
2018-04-13,0.0425697613956046
2018-04-14,0.0400869567782418
2018-04-15,0.0385737188594147
2018-04-16,0.0400357302596557
2018-04-17,0.0368980893842534
2018-04-18,0.0342479135320106
2018-04-19,0.0319319300738883
2018-04-20,0.0302408870279283
2018-04-21,0.0298308097556721
2018-04-22,0.0295257455544924
2018-04-23,0.0298222312776907
2018-04-24,0.0338141501028589
2018-04-25,0.0299713317512022
2018-04-26,0.0314247338807842
2018-04-27,0.0385417566771474
2018-04-28,0.0455300240218718
2018-04-29,0.0247371830480044
2018-04-30,0.0211115781116266
2018-05-01,0.0230597401971011
2018-05-02,0.0226795328794033
2018-05-03,0.022335605032777
2018-05-04,0.0218395893143827
2018-05-05,0.0205621035514318
2018-05-06,0.0190173465020524
2018-05-07,0.0175108457375346
2018-05-08,0.0161477495931493
2018-05-09,0.0149992843394757
2018-05-10,0.014010531378931
2018-05-11,0.0132573132700644
2018-05-12,0.0166596242681077
2018-05-13,0.0117084338416771
2018-05-14,0.0110315562339648
2018-05-15,0.0165707395055562
2018-05-16,0.0433357103983154
2018-05-17,0.0205302425052459
2018-05-18,0.0119500200565754
2018-05-19,0.0104349924914668
2018-05-20,0.0119495344164876
2018-05-21,0.00957552179557018
2018-05-22,0.00899115987451464
2018-05-23,0.00861427663988485
2018-05-24,0.00821394637334341
2018-05-25,0.00784090745553929
2018-05-26,0.173669556706854
2018-05-27,0.0140401557075889
2018-05-28,0.00855545726082987
2018-05-29,0.00861393079541485
2018-05-30,0.00850201210655159
2018-05-31,0.008275302910122
2018-06-01,0.00641666212991457
2018-06-02,0.0060304570984644
2018-06-03,0.00562164971418382
2018-06-04,0.00524068675270844
2018-06-05,0.0048987549220276
2018-06-06,0.00460727753745862
2018-06-07,0.0043705641395446
2018-06-08,0.00418508040739519
2018-06-09,0.00404614919453708
2018-06-10,0.00394663984986225
2018-06-11,0.00386562318317874
2018-06-12,0.00379563073877742
2018-06-13,0.00373574453619669
2018-06-14,0.0036745727729448
2018-06-15,0.0036064730864282
2018-06-16,0.0035367739502211
2018-06-17,0.00346875115529894
2018-06-18,0.00340378936194229
2018-06-19,0.00334549652254061
2018-06-20,0.00329450599401796
2018-06-21,0.00324961161542046
2018-06-22,0.00320904199221576
2018-06-23,0.00317012580746572
2018-06-24,0.00313156732654408
2018-06-25,0.00309401908792395
2018-06-26,0.00306083775087705
2018-06-27,0.00303113865643079
2018-06-28,0.00300117824995017
2018-06-29,0.00297201247151342
2018-06-30,0.00294621101996677
2018-07-01,0.00536330762985289
2018-07-02,0.00532436121704133
2018-07-03,0.00528897288529493
2018-07-04,0.00525797430255139
2018-07-05,0.00522932151812882
2018-07-06,0.00520365123335114
2018-07-07,0.00517895736038056
2018-07-08,0.00515388906107316
2018-07-09,0.00513079002385078
2018-07-10,0.00510962166072457
2018-07-11,0.0050903506478043
2018-07-12,0.00507393072146072
2018-07-13,0.00506063802781817
2018-07-14,0.00504933985049908
2018-07-15,0.00503874425323113
2018-07-16,0.00502897166607251
2018-07-17,0.0050199784335408
2018-07-18,0.00501203216451639
2018-07-19,0.00500467567736297
2018-07-20,0.00499774605306289
2018-07-21,0.00499130699261553
2018-07-22,0.00498524340477118
2018-07-23,0.00497952058776633
2018-07-24,0.00497402767080504
2018-07-25,0.00496929229350879
2018-07-26,0.00496538039096497
2018-07-27,0.00496203103034327
2018-07-28,0.00495875901838391
2018-07-29,0.00495520789254788
2018-07-30,0.00495198338559658
2018-07-31,0.00494915861984043
2018-08-01,0.0142603579411648
2018-08-02,0.0142529186753344
2018-08-03,0.0142457681113224
2018-08-04,0.0142389497424374
2018-08-05,0.0142325973114759
2018-08-06,0.0142266922973417
2018-08-07,0.0142213093738913
2018-08-08,0.014216389798094
2018-08-09,0.0142118910572033
2018-08-10,0.0142078254375287
2018-08-11,0.01420397444001
2018-08-12,0.0142001898288045
2018-08-13,0.0141964195321034
2018-08-14,0.0141926844166058
2018-08-15,0.0141889859881071
2018-08-16,0.0141852977053076
2018-08-17,0.0141816570685624
2018-08-18,0.0141781122992268
2018-08-19,0.0141747335140949
2018-08-20,0.0141714777687086
2018-08-21,0.0141682233014536
2018-08-22,0.0141649700225869
2018-08-23,0.0141617165264472
2018-08-24,0.0141584640335415
2018-08-25,0.0141552126997394
2018-08-26,0.0141519615595936
2018-08-27,0.0141487117939349
2018-08-28,0.0141454621643079
2018-08-29,0.0141422134510057
2018-08-30,0.0141389657617201
2018-08-31,0.0141357181735136
2018-09-01,0.0108740373566005
2018-09-02,0.0108715396767313
2018-09-03,0.0275975826786621
2018-09-04,0.0108665470783314
2018-09-05,0.010864051507808
2018-09-06,0.0108615567484596
2018-09-07,0.0108590619353236
2018-09-08,0.0108565681041746
2018-09-09,0.0108540745659499
2018-09-10,0.0108515819522903
2018-09-11,0.0108490903009924
2018-09-12,0.0150548660277264
2018-09-13,0.0108441072062785
2018-09-14,0.0108416169185688
2018-09-15,0.010839127034266
2018-09-16,0.0108366380054767
2018-09-17,0.0108341494484191
2018-09-18,0.0108316610018441
2018-09-19,0.0193494643638627
2018-09-20,0.0108266863081704
2018-09-21,0.0108242001359383
2018-09-22,0.0108217141068975
2018-09-23,0.0108192289333701
2018-09-24,0.0108167440927443
2018-09-25,0.0108142596766044
2018-09-26,0.0108117761108899
2018-09-27,0.010809293384698
2018-09-28,0.0930246312646011
2018-09-29,0.0108043290465894
2018-09-30,0.050804381405861
2018-10-01,0.00553750170829336
2018-10-02,0.013091821271812
2018-10-03,0.00522698838973412
2018-10-04,0.00522578816922704
2018-10-05,0.00522458811238505
2018-10-06,0.00522338845291486
2018-10-07,0.00522218893176807
2018-10-08,0.00522098989140948
2018-10-09,0.00521979100521282
2018-10-10,0.00521859238721575
2018-10-11,0.00521739405114499
2018-10-12,0.00521619597447459
2018-10-13,0.00521499812975106
2018-10-14,0.0052138006014467
2018-10-15,0.00521260324067908
2018-10-16,0.00521140628256277
2018-10-17,0.00521020964473728
2018-10-18,0.00520901317550445
2018-10-19,0.00520781683966745
2018-10-20,0.00520662091563293
2018-10-21,0.00520542512816196
2018-10-22,0.00520422980106507
2018-10-23,0.00520303460173252
2018-10-24,0.00520183993879911
2018-10-25,0.00520064526425074
2018-10-26,0.00519945083467208
2018-10-27,0.00519825683695806
2018-10-28,0.00519706295609738
2018-10-29,0.00519586950850924
2018-10-30,0.00956628119362971
2018-10-31,0.00519348338484667
2018-11-01,0.00380050648295364
2018-11-02,0.00379963354999436
2018-11-03,0.00379876102562606
2018-11-04,0.00379788849043756
2018-11-05,0.00379701632004403
2018-11-06,0.00379614453943494
2018-11-07,0.00379527261893627
2018-11-08,0.00379440098697597
2018-11-09,0.0453026707817979
2018-11-10,0.0110181943541068
2018-11-11,0.00392131179989008
2018-11-12,0.0152694496180483
2018-11-13,0.00938195332176514
2018-11-14,0.0645467785875359
2018-11-15,0.00579292927479268
2018-11-16,0.0087376250041234
2018-11-17,0.00475373075083019
2018-11-18,0.00466769417921179
2018-11-19,0.00378520823639457
2018-11-20,0.00378447366815459
2018-11-21,0.00378374366629223
2018-11-22,0.00378301446744249
2018-11-23,0.00378228320837714
2018-11-24,0.00378154816198785
2018-11-25,0.00378080773384238
2018-11-26,0.00378006105214261
2018-11-27,0.217367889299411
2018-11-28,0.118250169938072
2018-11-29,0.00950966225556002
2018-11-30,0.00470058016105816
2018-12-01,0.00504313253548123
2018-12-02,0.00426237295783948
2018-12-03,0.00391704182106324
2018-12-04,0.00393515385459441
2018-12-05,0.00395023922598798
2018-12-06,0.0039633577637833
2018-12-07,0.00397477974363443
2018-12-08,0.124880323156661
2018-12-09,0.112974056796965
2018-12-10,0.0124038584574545
2018-12-11,0.0170401796789554
2018-12-12,0.0154799839755439
2018-12-13,0.0150586466599513
2018-12-14,0.00681969976510672
2018-12-15,0.00635693532222584
2018-12-16,0.00619208367763452
2018-12-17,0.00675734960376334
2018-12-18,0.00554414928560139
2018-12-19,0.00539667800270275
2018-12-20,0.0669434736233702
2018-12-21,0.0837386371220861
2018-12-22,0.00525128703258657
2018-12-23,0.00450490940635359
2018-12-24,0.00533385680628114
2018-12-25,0.00455294123274728
2018-12-26,0.00456824913123692
2018-12-27,0.00457908808173487
2018-12-28,0.00458444520548632
2018-12-29,0.00458826533756638
2018-12-30,0.00459130816694042
2018-12-31,0.00459151248849724
2019-01-01,0.00309004350233785
2019-01-02,0.00308916181780474
2019-01-03,0.00308752730241813
2019-01-04,0.00308639912208815
2019-01-05,0.00308636029054661
2019-01-06,0.00308587132020864
2019-01-07,0.00308479903356441
2019-01-08,0.00308291295772914
2019-01-09,0.00370985823687847
2019-01-10,0.00307800770091342
2019-01-11,0.00307472985592504
2019-01-12,0.00354069511004553
2019-01-13,0.0030666685601065
2019-01-14,0.00306492684211433
2019-01-15,0.003064593054983
2019-01-16,0.00306440849464474
2019-01-17,0.00306346154147646
2019-01-18,0.00306200535138236
2019-01-19,0.0030602233281863
2019-01-20,0.00305771257252435
2019-01-21,0.00305541448088257
2019-01-22,0.00350596365430787
2019-01-23,0.0057739947327907
2019-01-24,0.00336606600011696
2019-01-25,0.00663505001726515
2019-01-26,0.00961016600882678
2019-01-27,0.00481139299215717
2019-01-28,0.00395484178585309
2019-01-29,0.00312318338709132
2019-01-30,0.00311746391706398
2019-01-31,0.00303745172318082
2019-02-01,0.00290400728123147
2019-02-02,0.00289664629705659
2019-02-03,0.00288753257618996
2019-02-04,0.0715245761965966
2019-02-05,0.040884353575518
2019-02-06,0.00331633455281695
2019-02-07,0.00323678209957824
2019-02-08,0.00306609507006555
2019-02-09,0.00289456664029316
2019-02-10,0.0028949146763252
2019-02-11,0.00431544997862997
2019-02-12,0.00573425436864321
2019-02-13,0.0179727464908003
2019-02-14,0.0666245882338679
2019-02-15,0.184068430083718
2019-02-16,0.322403305291142
2019-02-17,0.0240486323087575
2019-02-18,0.00573863601897421
2019-02-19,0.00820998201804848
2019-02-20,0.0129232071008523
2019-02-21,0.0378784887703651
2019-02-22,0.0593021520296684
2019-02-23,0.0571856180100665
2019-02-24,0.0228277906343333
2019-02-25,0.00706436542890837
2019-02-26,0.0167708499040279
2019-02-27,0.22429306330758
2019-02-28,1.69126164697892
2019-03-01,0.378483824697786
2019-03-02,0.312171844462751
2019-03-03,0.402960674822176
2019-03-04,0.0653485428178735
2019-03-05,0.0591960327106745
2019-03-06,0.039609842173927
2019-03-07,0.0454408889546246
2019-03-08,0.0410172092137972
2019-03-09,0.0417435840322147
2019-03-10,0.0458859158982391
2019-03-11,0.0556075258809331
2019-03-12,0.0218197535807985
2019-03-13,0.0178081013786448
2019-03-14,0.02018201806668
2019-03-15,0.0234992873153468
2019-03-16,0.0307270093048674
2019-03-17,0.0364775626192216
2019-03-18,0.0398993868320666
2019-03-19,0.0901598483951133
2019-03-20,0.132080410724597
2019-03-21,0.0802342929818077
2019-03-22,0.0468755308203835
2019-03-23,0.0544489103849431
2019-03-24,0.0645326095622737
2019-03-25,0.0730367091561299
2019-03-26,0.076910815878917
2019-03-27,0.0683124903140833
2019-03-28,0.0666199737720353
2019-03-29,0.0636248160872239
2019-03-30,0.0706005380445739
2019-03-31,0.0637028617826576
2019-04-01,0.201029352524285
2019-04-02,0.087277061451947
2019-04-03,0.0921095958433778
2019-04-04,0.0854464478713213
2019-04-05,0.0817557690787655
2019-04-06,0.0773523367585815
2019-04-07,0.073119695898154
2019-04-08,0.0680953572552861
2019-04-09,0.0622421176761667
2019-04-10,0.0588065090907487
2019-04-11,0.0546677563557161
2019-04-12,0.0488740888268554
2019-04-13,0.0435287273701306
2019-04-14,0.0517646900052255
2019-04-15,0.0508015126767867
2019-04-16,0.0386919934491748
2019-04-17,0.0352200298032573
2019-04-18,0.0327754199066962
2019-04-19,0.0297406607255084
2019-04-20,0.0280416542725287
2019-04-21,0.0245928241351441
2019-04-22,0.0234485994050841
2019-04-23,0.0216425392092952
2019-04-24,0.0461329100450839
2019-04-25,0.0256835945765961
2019-04-26,0.0189871076176968
2019-04-27,0.123872432346344
2019-04-28,0.0333756295182972
2019-04-29,0.0398624190249951
2019-04-30,0.0269832618867717
2019-05-01,0.0252259390853715
2019-05-02,0.0278204162468772
2019-05-03,0.0227677027114064
2019-05-04,0.0211927864643882
2019-05-05,0.0237096911200356
2019-05-06,0.0226452100156729
2019-05-07,0.022736787503981
2019-05-08,0.0190973919484896
2019-05-09,0.0173485834783796
2019-05-10,0.0157622741020966
2019-05-11,0.0148974326080028
2019-05-12,0.013994636154461
2019-05-13,0.0361759613711786
2019-05-14,0.0169392484676147
2019-05-15,0.0125781689233101
2019-05-16,0.0119214819717106
2019-05-17,0.011242219053391
2019-05-18,0.0105447036335182
2019-05-19,0.00993551772160544
2019-05-20,0.0562593107292707
2019-05-21,0.0106671493182579
2019-05-22,0.00899805942714338
2019-05-23,0.00855986496380927
2019-05-24,0.00816709843485455
2019-05-25,0.00784607582739436
2019-05-26,0.00756457855053724
2019-05-27,0.0107736734845496
2019-05-28,0.00759350441741003
2019-05-29,0.00706461527841238
2019-05-30,0.00686612922690328
2019-05-31,0.00667315049354917
2019-06-01,0.0052753471316879
2019-06-02,0.00517504898291547
2019-06-03,0.00509460243638103
2019-06-04,0.00503147793642133
2019-06-05,0.00497174040218791
2019-06-06,0.00490214240573965
2019-06-07,0.00481989183549866
2019-06-08,0.00473404308600942
2019-06-09,0.00465828324046382
2019-06-10,0.00459628469011059
2019-06-11,0.00460449775036983
2019-06-12,0.00449042615803111
2019-06-13,0.00442805421959747
2019-06-14,0.00435576114102374
2019-06-15,0.00427620844002892
2019-06-16,0.00419594529439546
2019-06-17,0.00411911339977134
2019-06-18,0.00525727237462152
2019-06-19,0.00399769985992492
2019-06-20,0.00393063363397562
2019-06-21,0.00385421300398062
2019-06-22,0.00377779532186055
2019-06-23,0.00370333876210209
2019-06-24,0.00363155161523755
2019-06-25,0.0035622166426773
2019-06-26,0.00349512335357883
2019-06-27,0.00345795608706531
2019-06-28,0.0128325467688981
2019-06-29,0.00344940348355891
2019-06-30,0.00330907964415628
2019-07-01,0.00599024935165327
2019-07-02,0.00591472496276023
2019-07-03,0.00583767165616731
2019-07-04,0.00575859965345871
2019-07-05,0.00568469246380365
2019-07-06,0.00561580033056085
2019-07-07,0.00555090274604562
2019-07-08,0.0054900060160353
2019-07-09,0.00543372496692735
2019-07-10,0.00538223831921002
2019-07-11,0.00533633985045217
2019-07-12,0.00529599902986514
2019-07-13,0.00525862920032229
2019-07-14,0.00522325740764289
2019-07-15,0.0051907777293969
2019-07-16,0.00516191428272894
2019-07-17,0.00513589968494522
2019-07-18,0.00511108860132317
2019-07-19,0.00508803713955896
2019-07-20,0.00506768665908397
2019-07-21,0.00504965499682736
2019-07-22,0.00503418726055628
2019-07-23,0.00502067729087649
2019-07-24,0.00500930470151825
2019-07-25,0.00499965013535132
2019-07-26,0.00499065952782389
2019-07-27,0.00498260485932825
2019-07-28,0.00497547290522986
2019-07-29,0.0049690390574361
2019-07-30,0.00496316671349011
2019-07-31,0.00495817726520531
2019-08-01,0.0142822872972474
2019-08-02,0.0142716219437794
2019-08-03,0.0159923857169354
2019-08-04,0.0142545686125613
2019-08-05,0.0147990792773429
2019-08-06,0.014243986827913
2019-08-07,0.0143127908658036
2019-08-08,0.0142347742960425
2019-08-09,0.0142303539689362
2019-08-10,0.0142260692871813
2019-08-11,0.0142220338608804
2019-08-12,0.0142182601180424
2019-08-13,0.0142145710606178
2019-08-14,0.0142109423417628
2019-08-15,0.0142074888005883
2019-08-16,0.0142042014098787
2019-08-17,0.014200938827009
2019-08-18,0.014197677592176
2019-08-19,0.0141944166029558
2019-08-20,0.01419115671427
2019-08-21,0.0141878983087079
2019-08-22,0.0141846393363468
2019-08-23,0.0141813814758561
2019-08-24,0.0141781245940382
2019-08-25,0.0141748684037148
2019-08-26,0.0141716134575148
2019-08-27,0.0141683587437023
2019-08-28,0.0141651045031668
2019-08-29,0.0141618514255136
2019-08-30,0.0141585986567658
2019-08-31,0.0141553470509003
2019-09-01,0.010889137211109
2019-09-02,0.0108866359681753
2019-09-03,0.0108841355545881
2019-09-04,0.0108816363737543
2019-09-05,0.0108791372190874
2019-09-06,0.0108766387774696
2019-09-07,0.0108741409929326
2019-09-08,0.0108716433087022
2019-09-09,0.0108691467402009
2019-09-10,0.0108666501658847
2019-09-11,0.0108641547698076
2019-09-12,0.0108616596782844
2019-09-13,0.0108591652969028
2019-09-14,0.010856671516634
2019-09-15,0.0108541775648263
2019-09-16,0.0108516850696448
2019-09-17,0.0108491929306243
2019-09-18,0.0108467013113083
2019-09-19,0.0108442101535479
2019-09-20,0.0108417198716531
2019-09-21,0.0108392297387644
2019-09-22,0.010836740679447
2019-09-23,0.0108342519268642
2019-09-24,0.0108317638771544
2019-09-25,0.0108292761552582
2019-09-26,0.0108267888367689
2019-09-27,0.010824302410136
2019-09-28,0.010821816366558
2019-09-29,0.0108193311021732
2019-09-30,0.0108168460834669
2019-10-01,0.0052366510396676
2019-10-02,0.00523544827900794
2019-10-03,0.00523424598963335
2019-10-04,0.00523304396458669
2019-10-05,0.00523184233339213
2019-10-06,0.00523064075288095
2019-10-07,0.0052294393501136
2019-10-08,0.00522823844362102
2019-10-09,0.00522703766313296
2019-10-10,0.172762657749388
2019-10-11,0.0479370647298257
2019-10-12,0.00522348739145285
2019-10-13,0.271015328581292
2019-10-14,0.0705801943618349
2019-10-15,0.0052366491221463
2019-10-16,0.00525415072656532
2019-10-17,0.00527160709641753
2019-10-18,0.00528693180627168
2019-10-19,0.00855766154422339
2019-10-20,0.00579115833987527
2019-10-21,0.00705134528641725
2019-10-22,0.0526958939110614
2019-10-23,0.00565441798023247
2019-10-24,0.00549687450345876
2019-10-25,0.0053613162474776
2019-10-26,0.00536820782008461
2019-10-27,0.00538778876693224
2019-10-28,0.00537665211577113
2019-10-29,0.00537876693304771
2019-10-30,0.00537958751531063
2019-10-31,0.00537931322001295
2019-11-01,0.00393659901809979
2019-11-02,0.00393570272100222
2019-11-03,0.00393492647390745
2019-11-04,0.0102648057830452
2019-11-05,0.00393431114544415
2019-11-06,0.00393357684435982
2019-11-07,0.00393238937209777
2019-11-08,0.0039310162040007
2019-11-09,0.00392993933107874
2019-11-10,0.00392922375046804
2019-11-11,0.0039284928523333
2019-11-12,0.00392767746552152
2019-11-13,0.00392680776367693
2019-11-14,0.00392594782499241
2019-11-15,0.00392495470780848
2019-11-16,0.00392381896429632
2019-11-17,0.0494365384252966
2019-11-18,0.0203401886312626
2019-11-19,0.00480771752330302
2019-11-20,0.00393363052254718
2019-11-21,0.00411412597378703
2019-11-22,0.00428458875980978
2019-11-23,0.00412268082576266
2019-11-24,0.00456918915489602
2019-11-25,0.00392713071928381
2019-11-26,0.00480496997164092
2019-11-27,0.014065742348953
2019-11-28,0.00564926795678947
2019-11-29,0.0039310100980647
2019-11-30,0.00393220720570553
2019-12-01,0.0309723373324375
2019-12-02,0.0572031573026694
2019-12-03,0.0275803592760786
2019-12-04,0.274131303682448
2019-12-05,0.311858543658801
2019-12-06,0.0703262720860869
2019-12-07,0.0100224287316925
2019-12-08,0.00844744748226177
2019-12-09,0.0340189530312939
2019-12-10,0.218567225716151
2019-12-11,0.291196653464343
2019-12-12,0.0495172666933745
2019-12-13,0.0146984788871009
2019-12-14,0.0130093678306921
2019-12-15,0.0166342325589731
2019-12-16,0.0878014865464335
2019-12-17,0.423443748056335
2019-12-18,0.0615727524002373
2019-12-19,0.0115203429899282
2019-12-20,0.0473568976104835
2019-12-21,0.312776551542254
2019-12-22,0.0784877660764831
2019-12-23,0.097622397898626
2019-12-24,0.0587086321982555
2019-12-25,0.107013614725115
2019-12-26,0.100870614668026
2019-12-27,0.081876980114064
2019-12-28,0.0259391099825828
2019-12-29,0.0240499448480796
2019-12-30,0.0322368764104075
2019-12-31,0.0154440833552801
2020-01-01,0.00661946127517924
2020-01-02,0.00880891286773792
2020-01-03,0.00642317625556316
2020-01-04,0.00530265259715076
2020-01-05,0.0158581227439646
2020-01-06,0.00840126360648868
2020-01-07,0.0249843627174186
2020-01-08,0.446358681246092
2020-01-09,0.696777975721338
2020-01-10,0.0798963187710302
2020-01-11,0.0393512131587368
2020-01-12,0.0542227493956508
2020-01-13,0.0703320710937189
2020-01-14,0.0475149038670542
2020-01-15,0.0488789296360378
2020-01-16,0.0510506030013919
2020-01-17,0.0648239544469081
2020-01-18,0.0696367368240568
2020-01-19,0.0570228421508434
2020-01-20,0.0479518286088028
2020-01-21,0.0470487130027531
2020-01-22,0.0462469021909695
2020-01-23,0.0464451803297585
2020-01-24,0.0457162407037955
2020-01-25,0.0623443023420767
2020-01-26,0.228791263456981
2020-01-27,0.688615841925352
2020-01-28,1.65929376972501
2020-01-29,0.819759845361508
2020-01-30,0.433225061607168
2020-01-31,0.482199187655556
2020-02-01,0.623992545143482
2020-02-02,0.432085314705669
2020-02-03,0.440253193669922
2020-02-04,0.434877867473153
2020-02-05,0.428697683830443
2020-02-06,0.467434333177449
2020-02-07,0.384833521594185
2020-02-08,0.358199193037324
2020-02-09,0.352449665879038
2020-02-10,0.318655528852288
2020-02-11,0.296359287543883
2020-02-12,0.277423995990421
2020-02-13,0.257290960247784
2020-02-14,0.240037290311955
2020-02-15,0.225440521598439
2020-02-16,0.35204556030086
2020-02-17,0.437021653647796
2020-02-18,0.285239685375647
2020-02-19,0.292746667385945
2020-02-20,0.324327796883478
2020-02-21,0.323378064517172
2020-02-22,0.280617597687923
2020-02-23,0.269147410054512
2020-02-24,0.497805939817899
2020-02-25,2.29925869884674
2020-02-26,0.748315249026429
2020-02-27,0.56488657114214
2020-02-28,0.576194324907535
2020-02-29,0.599348936885869
2020-03-01,0.490702969777186
2020-03-02,0.45976516716534
2020-03-03,0.450929516729457
2020-03-04,0.416604465464341
2020-03-05,0.423306954003036
2020-03-06,0.356253918596957
2020-03-07,0.337117611863377
2020-03-08,0.359609435021228
2020-03-09,0.418726103539342
2020-03-10,0.380563987837154
2020-03-11,0.311646255219286
2020-03-12,0.326755903486068
2020-03-13,0.329992698866697
2020-03-14,0.298173258599349
2020-03-15,0.296281583559395
2020-03-16,0.306581067083711
2020-03-17,0.314154366307517
2020-03-18,0.370189102581917
2020-03-19,0.55356817999657
2020-03-20,0.435708298727866
2020-03-21,0.514594508379768
2020-03-22,0.570103344947905
2020-03-23,0.689638051912289
2020-03-24,0.750532532115281
2020-03-25,0.541106954028281
2020-03-26,0.534685696441084
2020-03-27,0.539652169323499
2020-03-28,0.55472628685888
2020-03-29,0.538606452552307
2020-03-30,0.512397431991868
2020-03-31,0.52110144118992
2020-04-01,0.70732789418947
2020-04-02,0.764192374243514
2020-04-03,0.669697496039775
2020-04-04,0.686896178557631
2020-04-05,0.544381563567747
2020-04-06,0.500513127649576
2020-04-07,0.486741737431183
2020-04-08,0.458227933560227
2020-04-09,0.414570000761397
2020-04-10,0.389075572624981
2020-04-11,0.368443612677501
2020-04-12,0.358262058007358
2020-04-13,0.346942911913872
2020-04-14,0.331853453963593
2020-04-15,0.327274105883684
2020-04-16,0.329391371935045
2020-04-17,0.314105988485722
2020-04-18,0.292900683244304
2020-04-19,0.29882387270544
2020-04-20,0.30522950615197
2020-04-21,0.339288123817921
2020-04-22,0.484081532604654
2020-04-23,0.537630742543936
2020-04-24,0.632982903788706
2020-04-25,0.673759436787172
2020-04-26,0.580454644113558
2020-04-27,0.437786896710429
2020-04-28,0.382387899904684
2020-04-29,0.381336803666248
2020-04-30,0.434333332243425
2020-05-01,0.413130117081368
2020-05-02,0.390050519257261
2020-05-03,0.316185835749293
2020-05-04,0.321215090826214
2020-05-05,0.278755897083682
2020-05-06,0.302579542062807
2020-05-07,0.224392597587164
2020-05-08,0.225308142908392
2020-05-09,0.234428311540318
2020-05-10,0.265009939276253
2020-05-11,0.315389729044602
2020-05-12,0.498820811749428
2020-05-13,0.503015423405353
2020-05-14,0.479616930103874
2020-05-15,0.497257537518286
2020-05-16,0.477793871563214
2020-05-17,0.455153065519013
2020-05-18,0.465006807449643
2020-05-19,0.461274312260099
2020-05-20,0.428316973494519
2020-05-21,0.41249349116277
2020-05-22,0.428374981376146
2020-05-23,0.451284414010092
2020-05-24,0.238657611016065
2020-05-25,0.232006506666351
2020-05-26,0.239435105264639
2020-05-27,0.243366941309084
2020-05-28,0.217089741279179
2020-05-29,0.191595255853097
2020-05-30,0.168395339326067
2020-05-31,0.161626004778266
2020-06-01,0.086934523916897
2020-06-02,0.0747165670855811
2020-06-03,0.0710244914672353
2020-06-04,0.0790159291113992
2020-06-05,0.0789037733144519
2020-06-06,0.0639702386676211
2020-06-07,0.0731658475247768
2020-06-08,0.0789525812306104
2020-06-09,0.0834239917329222
2020-06-10,0.0774226425867489
2020-06-11,0.0816180952480948
2020-06-12,0.0601989521185092
2020-06-13,0.0567150267742977
2020-06-14,0.0429200734239777
2020-06-15,0.0239346349349898
2020-06-16,0.0222329980305321
2020-06-17,0.0205162953830208
2020-06-18,0.0188138073997151
2020-06-19,0.0165126175410867
2020-06-20,0.0142205819707379
2020-06-21,0.0121371679140459
2020-06-22,0.0103255474202783
2020-06-23,0.00882391345065884
2020-06-24,0.00765990281536513
2020-06-25,0.006727593848068
2020-06-26,0.00592540763765831
2020-06-27,0.00526012578892269
2020-06-28,0.00472120617822683
2020-06-29,0.00429150778787937
2020-06-30,0.00396676116264874
2020-07-01,0.00683777625313237
2020-07-02,0.00651286341736899
2020-07-03,0.00629491050914033
2020-07-04,0.00617246765104566
2020-07-05,0.00609212882671367
2020-07-06,0.00601651886025651
2020-07-07,0.00594538385205963
2020-07-08,0.00587849430839649
2020-07-09,0.0058147564534566
2020-07-10,0.00575418826742151
2020-07-11,0.00569617460408302
2020-07-12,0.00564068852265948
2020-07-13,0.00558784435157327
2020-07-14,0.00553661286370842
2020-07-15,0.00548868373083389
2020-07-16,0.00544479188730078
2020-07-17,0.00540309216055645
2020-07-18,0.00536420372524535
2020-07-19,0.00532861980823479
2020-07-20,0.00529592523483798
2020-07-21,0.00526569724927979
2020-07-22,0.00523799609722693
2020-07-23,0.00521166734891918
2020-07-24,0.00518659761046328
2020-07-25,0.00516400707008998
2020-07-26,0.0051434058599282
2020-07-27,0.00512527229828898
2020-07-28,0.00510848028750167
2020-07-29,0.00509196372587404
2020-07-30,0.0050763770144217
2020-07-31,0.00506151369824602
2020-08-01,0.0145519112188321
2020-08-02,0.0145167687901015
2020-08-03,0.0144857890859661
2020-08-04,0.014457224309491
2020-08-05,0.0144307807322971
2020-08-06,0.0144060207932438
2020-08-07,0.0143832365325951
2020-08-08,0.0143623711042068
2020-08-09,0.0143434436479309
2020-08-10,0.0143258899797681
2020-08-11,0.0143096104357013
2020-08-12,0.0142948705675957
2020-08-13,0.0142818705980829
2020-08-14,0.0142706890741448
2020-08-15,0.0142607595568678
2020-08-16,0.014251789307881
2020-08-17,0.014243946886544
2020-08-18,0.0142371453119083
2020-08-19,0.0142309461442955
2020-08-20,0.0142249678789696
2020-08-21,0.0142190301520409
2020-08-22,0.0142130062263459
2020-08-23,0.0142071646936808
2020-08-24,0.0142016884477476
2020-08-25,0.0141967112530704
2020-08-26,0.0141921461098074
2020-08-27,0.0141877890062766
2020-08-28,0.0141836346381857
2020-08-29,0.0141796714740123
2020-08-30,0.0141758645337668
2020-08-31,0.0141721808684885
2020-09-01,0.0109018136533287
2020-09-02,0.0108990667152189
2020-09-03,0.0108963446429674
2020-09-04,0.0108936305116542
2020-09-05,0.0108908884703959
2020-09-06,0.010888143605289
2020-09-07,0.010885444577386
2020-09-08,0.0108827965590182
2020-09-09,0.0108802315952332
2020-09-10,0.0108777329937063
2020-09-11,0.0108752346029686
2020-09-12,0.0108727372051208
2020-09-13,0.01087024034951
2020-09-14,0.0108677435564092
2020-09-15,0.0108652478107127
2020-09-16,0.0422555113435415
2020-09-17,0.010860257459035
2020-09-18,0.0108577632099419
2020-09-19,0.0108552697225974
2020-09-20,0.0108527766357523
2020-09-21,0.0108502844749261
2020-09-22,0.0108477926368254
2020-09-23,0.0108453008350677
2020-09-24,0.0108428102820543
2020-09-25,0.010840320389756
2020-09-26,0.0108378309466569
2020-09-27,0.0108353416787309
2020-09-28,0.0108328535468859
2020-09-29,0.0108303655640472
2020-09-30,0.0108278777505667
2020-10-01,0.00524199177257552
2020-10-02,0.00524078771491403
2020-10-03,0.00523958412677778
2020-10-04,0.00523838105533044
2020-10-05,0.00523717776179133
2020-10-06,0.00523597519928963
2020-10-07,0.0052347724558764
2020-10-08,0.00523357044174075
2020-10-09,0.00523236825091718
2020-10-10,0.00523116671686576
2020-10-11,0.00522996535527866
2020-10-12,0.00522876425801945
2020-10-13,0.00522756333850406
2020-10-14,0.00522636279911403
2020-10-15,0.00522516266941469
2020-10-16,0.00522396245876272
2020-10-17,0.00522276294641511
2020-10-18,0.00522156328412918
2020-10-19,0.0052203643345783
2020-10-20,0.00521916530900237
2020-10-21,0.00521796668326199
2020-10-22,0.00521676853373422
2020-10-23,0.00521557021526186
2020-10-24,0.00521437262853082
2020-10-25,0.00521317518786647
2020-10-26,0.00521197782428311
2020-10-27,0.00521078091931397
2020-10-28,0.00520958410585648
2020-10-29,0.00520838763662364
2020-10-30,0.00520719148486586
2020-10-31,0.00520599572062479
2020-11-01,0.00380966283441748
2020-11-02,0.00481276238694798
2020-11-03,0.00380791310156929
2020-11-04,0.00380703860328927
2020-11-05,0.00380616435541935
2020-11-06,0.0038052902505305
2020-11-07,0.0461129481475659
2020-11-08,0.00515270529076352
2020-11-09,0.0443895140977219
2020-11-10,0.0148365379550454
2020-11-11,0.00512217157999174
2020-11-12,0.00413204123080117
2020-11-13,0.00903788452897373
2020-11-14,0.00754992656790767
2020-11-15,0.0528895064511406
2020-11-16,0.00467338756353953
2020-11-17,0.00411615176419157
2020-11-18,0.00379503009134388
2020-11-19,0.00379425077054241
2020-11-20,0.00379347864645508
2020-11-21,0.00397274168841292
2020-11-22,0.00379194728332281
2020-11-23,0.00425096413695258
2020-11-24,0.00379042769255672
2020-11-25,0.00378967004459487
2020-11-26,0.00378891422395692
2020-11-27,0.00378815938074277
2020-11-28,0.0403028101331729
2020-11-29,0.123301720614732
2020-11-30,0.276110243640574
2020-12-01,0.0539416063962367
2020-12-02,0.0125214027461575
2020-12-03,0.377575944934299
2020-12-04,17.3174592132833
2020-12-05,23.0647687798827
2020-12-06,2.17303296098249
2020-12-07,0.113836380416752
2020-12-08,0.272928422659431
2020-12-09,0.888887658923597
2020-12-10,0.0341839165531407
2020-12-11,0.0194264529266788
2020-12-12,0.0412452330743759
2020-12-13,0.0484033767221943
2020-12-14,0.0362549655565497
2020-12-15,0.0119173741759441
2020-12-16,0.0383167570195343
2020-12-17,0.0839183517666572
2020-12-18,0.115100191717516
2020-12-19,0.100679199216769
2020-12-20,0.0926145972165038
2020-12-21,0.0770743159211914
2020-12-22,0.0878760132586698
2020-12-23,0.0951791852808855
2020-12-24,0.0945261867832442
2020-12-25,0.0968688789068177
2020-12-26,0.085314489978978
2020-12-27,0.0697106704124162
2020-12-28,0.124392493160207
2020-12-29,0.0810098135063781
2020-12-30,0.0814457378453374
2020-12-31,0.0836012678071247
2021-01-01,0.0530484987120139
2021-01-02,0.0535522399382561
2021-01-03,0.0500367328592181
2021-01-04,0.0498435254462472
2021-01-05,0.0548689967691847
2021-01-06,0.28614283158816
2021-01-07,0.175548578729264
2021-01-08,0.0731075412656635
2021-01-09,0.0841860882338531
2021-01-10,0.0849469706199501
2021-01-11,0.0760723885584688
2021-01-12,0.0913492171902548
2021-01-13,0.0853068096038346
2021-01-14,0.0986403558198684
2021-01-15,0.104170938961809
2021-01-16,0.098140129098315
2021-01-17,0.110584622127911
2021-01-18,0.109964096095021
2021-01-19,0.110185341285587
2021-01-20,0.107823380720727
2021-01-21,0.101021065402207
2021-01-22,0.098526380434827
2021-01-23,0.0948060895715153
2021-01-24,0.0910803740698907
2021-01-25,0.0907774256115371
2021-01-26,0.193400979148396
2021-01-27,0.244802050167692
2021-01-28,0.119910266753201
2021-01-29,0.11374444596624
2021-01-30,0.111723242309681
2021-01-31,0.118593053264593
2021-02-01,0.114589759404182
2021-02-02,0.120151795569524
2021-02-03,0.121359782293741
2021-02-04,0.125461529469312
2021-02-05,0.131032097927434
2021-02-06,0.110610086056087
2021-02-07,0.107265912184173
2021-02-08,0.101217909886378
2021-02-09,0.0995437488388936
2021-02-10,0.0970376020029205
2021-02-11,0.0930408882851485
2021-02-12,0.100619188332935
2021-02-13,0.0884190150619741
2021-02-14,0.0874603815031028
2021-02-15,0.0892736665123807
2021-02-16,0.0881559686347865
2021-02-17,0.18712179249186
2021-02-18,0.119321111139859
2021-02-19,0.104791675347422
2021-02-20,0.0985496939777405
2021-02-21,0.110834951135867
2021-02-22,0.0950713172656638
2021-02-23,0.0884184972927909
2021-02-24,0.0901816209994501
2021-02-25,0.0860907520813468
2021-02-26,0.0786170755831434
2021-02-27,0.0744657271897938
2021-02-28,0.0697305542471671
2021-03-01,0.0566780081791233
2021-03-02,0.0528017423323424
2021-03-03,0.053086221995834
2021-03-04,0.0524851864502487
2021-03-05,0.0486950513584496
2021-03-06,0.0458500561944977
2021-03-07,0.0436874225204959
2021-03-08,0.043447729029833
2021-03-09,0.0439140124545227
2021-03-10,0.0442059119731272
2021-03-11,0.0463242345188131
2021-03-12,0.0450738040411032
2021-03-13,0.0404784759040465
2021-03-14,0.0382286036212482
2021-03-15,0.0371220989170473
2021-03-16,0.0361624923390637
2021-03-17,0.0330785257482865
2021-03-18,0.169200484113388
2021-03-19,0.227463317629951
2021-03-20,0.203661568426481
2021-03-21,0.0647603771985806
2021-03-22,0.0761556863951665
2021-03-23,0.0842814745891658
2021-03-24,0.0834730764762648
2021-03-25,0.0774141305483623
2021-03-26,0.0768475630391403
2021-03-27,0.0724697727868227
2021-03-28,0.0691533359864263
2021-03-29,0.0644843476792372
2021-03-30,0.0629365114995422
2021-03-31,0.0597108014305061
2021-04-01,0.0774934075909151
2021-04-02,0.0728735408107867
2021-04-03,0.0680126889384061
2021-04-04,0.0611262503771394
2021-04-05,0.0553602189884639
2021-04-06,0.0498516663289753
2021-04-07,0.0473773212367874
2021-04-08,0.0468457107696689
2021-04-09,0.0425161099348483
2021-04-10,0.0406785845470435
2021-04-11,0.0383098937471048
2021-04-12,0.0497396480207853
2021-04-13,0.0329914138741207
2021-04-14,0.0331867919637162
2021-04-15,0.0315822638907693
2021-04-16,0.0323548378315021
2021-04-17,0.0381171420562675
2021-04-18,0.0329462650261093
2021-04-19,0.0332521965090923
2021-04-20,0.0324524711068993
2021-04-21,0.0302241617239175
2021-04-22,0.0683448472763678
2021-04-23,0.0274001361061535
2021-04-24,0.0248478768655068
2021-04-25,0.0250486495462649
2021-04-26,0.0246113851754205
2021-04-27,0.0245575699419768
2021-04-28,0.0221369978455801
2021-04-29,0.021516255206869
2021-04-30,0.0208963941813286
2021-05-01,0.0236225276812705
2021-05-02,0.0255845151590994
2021-05-03,0.0277742212926456
2021-05-04,0.0284952286354898
2021-05-05,0.03017546332307
2021-05-06,0.0378603252732743
2021-05-07,0.0296964066944843
2021-05-08,0.0256788626068981
2021-05-09,0.0358885092851834
2021-05-10,0.0213528258433949
2021-05-11,0.0199862836508932
2021-05-12,0.0197648356387436
2021-05-13,0.0195588703151633
2021-05-14,0.0190237793602904
2021-05-15,0.0174864581918508
2021-05-16,0.0157321384461402
2021-05-17,0.0140868001906586
2021-05-18,0.012649501885616
2021-05-19,0.011416954768852
2021-05-20,0.0103521284439965
2021-05-21,0.00943743823461596
2021-05-22,0.00864481304942749
2021-05-23,0.00793787598467879
2021-05-24,0.00731438927434817
2021-05-25,0.00678388367681141
2021-05-26,0.00895616396040681
2021-05-27,0.0129120860821446
2021-05-28,0.00601248106535043
2021-05-29,0.00574669006523603
2021-05-30,0.00549717520476078
2021-05-31,0.00525887621149606
2021-06-01,0.00406781066014605
2021-06-02,0.0038992750413556
2021-06-03,0.00376121432681074
2021-06-04,0.00365000393785028
2021-06-05,0.00356896306194062
2021-06-06,0.00350171731319623
2021-06-07,0.00344029257283695
2021-06-08,0.0033822123498056
2021-06-09,0.00332500098896693
2021-06-10,0.00326947124786685
2021-06-11,0.00321766402903593
2021-06-12,0.0031696395009872
2021-06-13,0.00312483853380078
2021-06-14,0.00308245419459147
2021-06-15,0.00304212844230427
2021-06-16,0.00300504053085409
2021-06-17,0.00297174410272669
2021-06-18,0.00294183539122632
2021-06-19,0.00291492792109409
2021-06-20,0.00289110070337931
2021-06-21,0.00287123058725808
2021-06-22,0.00285390079661739
2021-06-23,0.00283740586865486
2021-06-24,0.0028228429651138
2021-06-25,0.00280988706438891
2021-06-26,0.0027982560932188
2021-06-27,0.00278801842179608
2021-06-28,0.00277909668680201
2021-06-29,0.00277160506784077
2021-06-30,0.00276472970923658
2021-07-01,0.00505896566089268
2021-07-02,0.00504637516981969
2021-07-03,0.00503582730496627
2021-07-04,0.0050269413492913
2021-07-05,0.00501855659445428
2021-07-06,0.00501046683491725
2021-07-07,0.00500286744557701
2021-07-08,0.0252777260516592
2021-07-09,0.00499042291240927
2021-07-10,0.00498484668015191
2021-07-11,0.00497951473352511
2021-07-12,0.00497469758854174
2021-07-13,0.0049702845998462
2021-07-14,0.00496603692383404
2021-07-15,0.00496201559717933
2021-07-16,0.00495822029056872
2021-07-17,0.00495466581360068
2021-07-18,0.00495134215777054
2021-07-19,0.00494827359822396
2021-07-20,0.00494549139384345
2021-07-21,0.00494295527206312
2021-07-22,0.004940582328819
2021-07-23,0.00493843006189539
2021-07-24,0.00493648564609351
2021-07-25,0.00493460843937936
2021-07-26,0.00493277166480881
2021-07-27,0.00493103291158748
2021-07-28,0.00492941440361564
2021-07-29,0.00492791290248143
2021-07-30,0.00492649111549523
2021-07-31,0.00492512921668232
2021-08-01,0.0141950510067173
2021-08-02,0.014191388461308
2021-08-03,0.0141877251478863
2021-08-04,0.0141840513108996
2021-08-05,0.0141803988545095
2021-08-06,0.0141769467530042
2021-08-07,0.0141736905891314
2021-08-08,0.0141704357241725
2021-08-09,0.0141671812304669
2021-08-10,0.0141639271561925
2021-08-11,0.0141606748588323
2021-08-12,0.0141574225463576
2021-08-13,0.0141541710217331
2021-08-14,0.0141509209396118
2021-08-15,0.0141476704380594
2021-08-16,0.0141444214555277
2021-08-17,0.0141411732759611
2021-08-18,0.0141379252645448
2021-08-19,0.0141346787211375
2021-08-20,0.0141314325924379
2021-08-21,0.0141281867537505
2021-08-22,0.0141249421213999
2021-08-23,0.0141216985470738
2021-08-24,0.014118455318495
2021-08-25,0.0141152124243275
2021-08-26,0.0141119707270502
2021-08-27,0.014108729773224
2021-08-28,0.0141054897121059
2021-08-29,0.0141022503944391
2021-08-30,0.0140990118306146
2021-08-31,0.0140957738789329
2021-09-01,0.01084330973473
2021-09-02,0.0108408193365377
2021-09-03,0.0108383295205597
2021-09-04,0.0108358403551209
2021-09-05,0.0108333517878872
2021-09-06,0.0108308637745203
2021-09-07,0.0108283764138732
2021-09-08,0.0108258897481036
2021-09-09,0.0108234035395286
2021-09-10,0.0108209180701695
2021-09-11,0.0108184328225024
2021-09-12,0.0108159481105307
2021-09-13,0.0108134641966506
2021-09-14,0.0108109809144112
2021-09-15,0.0108084978967487
2021-09-16,0.0108060160813114
2021-09-17,0.010803533869009
2021-09-18,0.0108010528632931
2021-09-19,0.0107985725342833
2021-09-20,0.0107960922677834
2021-09-21,0.0107936133350703
2021-09-22,0.0107911345768034
2021-09-23,0.0107974755545274
2021-09-24,0.0107861785459704
2021-09-25,0.010783701216709
2021-09-26,0.0107812249479355
2021-09-27,0.0107787487809223
2021-09-28,0.0107762734432555
2021-09-29,0.010773798703794
2021-09-30,0.0107713241235147
2021-10-01,0.0052146128234153
2021-10-02,0.00862320934334446
2021-10-03,0.00521221792941577
2021-10-04,0.00521102108357723
2021-10-05,0.00641833723884542
2021-10-06,0.00520862786107342
2021-10-07,0.00520743158507097
2021-10-08,0.00520623565434906
2021-10-09,0.00520504005799668
2021-10-10,0.00520384473688324
2021-10-11,0.00520264950235391
2021-10-12,0.00520145474403718
2021-10-13,0.00520026014445799
2021-10-14,0.00519906591866874
2021-10-15,0.00519787194136887
2021-10-16,0.00519667821185441
2021-10-17,0.00519548478292058
2021-10-18,0.00519429152856283
2021-10-19,0.00519309869832644
2021-10-20,0.00519190615987148
2021-10-21,0.11796431692809
2021-10-22,0.0828290192946099
2021-10-23,0.00550220034425145
2021-10-24,0.00518727536564291
2021-10-25,0.00518620687652614
2021-10-26,0.00518515403484777
2021-10-27,0.00518410893751982
2021-10-28,0.00519131021410252
2021-10-29,0.00578308230506949
2021-10-30,0.00518097449272281
2021-10-31,0.00517992150532972
2021-11-01,0.00379067493285689
2021-11-02,0.00386395669623496
2021-11-03,0.0616770081650915
2021-11-04,0.0349989920313731
2021-11-05,0.0101834222376231
2021-11-06,0.0185667375442957
2021-11-07,0.0136889488425419
2021-11-08,0.0101304152333118
2021-11-09,0.00597556721012011
2021-11-10,0.00439052694595425
2021-11-11,0.00395914930398596
2021-11-12,0.00450178482495088
2021-11-13,0.00489595802686531
2021-11-14,0.0037904150463314
2021-11-15,0.00379103419921643
2021-11-16,0.00379159757814644
2021-11-17,0.00385650770163515
2021-11-18,0.0103185196801279
2021-11-19,0.00438862633586806
2021-11-20,0.00634404651458748
2021-11-21,0.00379359062974895
2021-11-22,0.00379387595041803
2021-11-23,0.00399601320433685
2021-11-24,0.0763929616247198
2021-11-25,0.142627008654531
2021-11-26,0.473456933204223
2021-11-27,0.324893544111255
2021-11-28,0.208114998571251
2021-11-29,0.182716623028811
2021-11-30,0.053955096885295
2021-12-01,0.00867043125610618
2021-12-02,0.00718750268522454
2021-12-03,0.00786266135744195
2021-12-04,0.0066200619013332
2021-12-05,0.0116118604650077
2021-12-06,0.0142319078173138
2021-12-07,0.00951425289296963
2021-12-08,0.00992234868723521
2021-12-09,0.011769330477404
2021-12-10,0.0125914518177159
2021-12-11,0.0138546817475031
2021-12-12,0.0194480169791319
2021-12-13,0.018860173758365
2021-12-14,0.00908681375500111
2021-12-15,0.00853137263763063
2021-12-16,0.00790736202327997
2021-12-17,0.00901328575289239
2021-12-18,0.0117540021159832
2021-12-19,0.0126236901454917
2021-12-20,0.013252006614225
2021-12-21,0.0356946271480885
2021-12-22,0.0506280530943756
2021-12-23,0.00934997516826022
2021-12-24,0.0961309532408466
2021-12-25,0.0080432252969146
2021-12-26,0.00574352476350958
2021-12-27,0.00585769865175018
2021-12-28,0.00598564614856549
2021-12-29,0.0136431992462731
2021-12-30,0.00588100686095152
2021-12-31,0.00680774173429742
2022-01-01,0.00387654774212069
2022-01-02,0.00456499671381053
2022-01-03,0.0423250797750305
2022-01-04,0.0396487456274783
2022-01-05,0.0200902219872057
2022-01-06,0.078348408931507
2022-01-07,0.25620992745416
2022-01-08,0.0209724417231184
2022-01-09,0.00852815636610532
2022-01-10,0.0079255372812026
2022-01-11,0.00793381267896383
2022-01-12,0.00781581802395554
2022-01-13,0.00580504758093448
2022-01-14,0.082100195449881
2022-01-15,0.506065295858298
2022-01-16,0.117287287147873
2022-01-17,0.597710430142863
2022-01-18,0.225194122829273
2022-01-19,0.0191695835170528
2022-01-20,0.050492896582212
2022-01-21,0.0285227780082642
2022-01-22,0.0271932372231637
2022-01-23,0.0251664306161842
2022-01-24,0.0433683478653974
2022-01-25,0.0515409985926154
2022-01-26,0.0309635269971003
2022-01-27,0.0314371350859116
2022-01-28,0.0381998357294986
2022-01-29,0.0495737920769667
2022-01-30,0.0399981079412663
2022-01-31,0.0565302572361982
2022-02-01,0.0510524224409275
2022-02-02,0.0449242775176256
2022-02-03,0.0487328372909504
2022-02-04,0.0460020511003504
2022-02-05,0.111480781238198
2022-02-06,0.276740695609608
2022-02-07,0.158285983180123
2022-02-08,0.37325057434962
2022-02-09,0.194224994184269
2022-02-10,0.149052388662285
2022-02-11,0.152797272758192
2022-02-12,0.153591922880412
2022-02-13,0.148939805291827
2022-02-14,0.139125891549893
2022-02-15,0.135621588067745
2022-02-16,0.126222983324052
2022-02-17,0.12012521632834
2022-02-18,0.124490611417803
2022-02-19,0.150706376898173
2022-02-20,0.110670010076606
2022-02-21,0.109155435382286
2022-02-22,0.105782186966575
2022-02-23,0.110317144583486
2022-02-24,0.106034111676219
2022-02-25,0.0972893304414948
2022-02-26,0.0932429573321351
2022-02-27,0.0899138342735908
2022-02-28,0.0942844641195162
2022-03-01,0.0740502576375899
2022-03-02,0.113378443660597
2022-03-03,0.0716904803076964
2022-03-04,0.0905879974384428
2022-03-05,0.184844634334718
2022-03-06,0.152666362351471
2022-03-07,0.101435985242354
2022-03-08,0.124589176703781
2022-03-09,0.114257247030895
2022-03-10,0.127284034060592
2022-03-11,0.140277734911568
2022-03-12,0.132873454256233
2022-03-13,0.120823671411486
2022-03-14,0.128405009594337
2022-03-15,0.124389706948389
2022-03-16,0.176373475163799
2022-03-17,0.215681783406931
2022-03-18,0.15307713937405
2022-03-19,0.180688583691742
2022-03-20,0.195481083049028
2022-03-21,0.200550258531029
2022-03-22,0.201427508491142
2022-03-23,0.187528195874506
2022-03-24,0.184953029827092
2022-03-25,0.179345752781053
2022-03-26,0.163050580521948
2022-03-27,0.15226064455361
2022-03-28,0.141558826898545
2022-03-29,0.132747843438016
2022-03-30,0.125705155363512
2022-03-31,0.116874177882354
2022-04-01,0.161094684399527
2022-04-02,0.160280011987679
2022-04-03,0.16636105461201
2022-04-04,0.180681864392098
2022-04-05,0.194472572331609
2022-04-06,0.206193265126836
2022-04-07,0.290697163965214
2022-04-08,0.160797997091422
2022-04-09,0.196298381385607
2022-04-10,0.1947762272959
2022-04-11,0.147435622730601
2022-04-12,0.128092982681931
2022-04-13,0.123360799518117
2022-04-14,0.126433467358311
2022-04-15,0.120791162670091
2022-04-16,0.260275288387502
2022-04-17,0.188919712419869
2022-04-18,0.126399380227822
2022-04-19,0.127965082632261
2022-04-20,0.135803132894454
2022-04-21,0.134561559738097
2022-04-22,0.145950166843901
2022-04-23,0.13200577126293
2022-04-24,0.121064710207365
2022-04-25,0.120735142176371
2022-04-26,0.117531163607954
2022-04-27,0.112000636212549
2022-04-28,0.100965251717783
2022-04-29,0.122003680915725
2022-04-30,0.0941540003434702
2022-05-01,0.100841886443084
2022-05-02,0.0936096785934702
2022-05-03,0.0863236257278299
2022-05-04,0.0817531369004314
2022-05-05,0.0759405898545008
2022-05-06,0.0705364309497322
2022-05-07,0.0677381449613811
2022-05-08,0.063895007106758
2022-05-09,0.0786430682335504
2022-05-10,0.0795075724427832
2022-05-11,0.0712783889706408
2022-05-12,0.0628784551456418
2022-05-13,0.04824263260682
2022-05-14,0.0401510408276862
2022-05-15,0.0404252052985568
2022-05-16,0.0568234296705871
2022-05-17,0.041066642307752
2022-05-18,0.0411448237854066
2022-05-19,0.0343175522577111
2022-05-20,0.0261439566530388
2022-05-21,0.0248041770926916
2022-05-22,0.0238132992985071
2022-05-23,0.023236245334669
2022-05-24,0.0223056145984809
2022-05-25,0.0206819717268889
2022-05-26,0.0188747093487939
2022-05-27,0.0170564717817545
2022-05-28,0.0154239571370813
2022-05-29,0.0140934050181762
2022-05-30,0.018269413722385
2022-05-31,0.0169976266334096
2022-06-01,0.00974280019089286
2022-06-02,0.00903081840804418
2022-06-03,0.00848088087734549
2022-06-04,0.00801644798854109
2022-06-05,0.00948236195890322
2022-06-06,0.00725423713554809
2022-06-07,0.00686141839457606
2022-06-08,0.00645199469617508
2022-06-09,0.00607382389807616
2022-06-10,0.00798980583000783
2022-06-11,0.00564387120957898
2022-06-12,0.00546331805005038
2022-06-13,0.00524894702754959
2022-06-14,0.00502327416918411
2022-06-15,0.00482245988143444
2022-06-16,0.00464264735475538
2022-06-17,0.00446505232910432
2022-06-18,0.00430177667008837
2022-06-19,0.00417188420181695
2022-06-20,0.0040785708522189
2022-06-21,0.00764365777945817
2022-06-22,0.00394396649634692
2022-06-23,0.00386549571223823
2022-06-24,0.00379067932669585
2022-06-25,0.00372050076429024
2022-06-26,0.00365954986088435
2022-06-27,0.00361122876204549
2022-06-28,0.00356904761186543
2022-06-29,0.0127840874103681
2022-06-30,0.00355650120015015
2022-07-01,0.00636617039230648
2022-07-02,0.00627770208472715
2022-07-03,0.00619016733234414
2022-07-04,0.00610871040757714
2022-07-05,0.00602930184399719
2022-07-06,0.00594808842499431
2022-07-07,0.00586595316714173
2022-07-08,0.00578846360259838
2022-07-09,0.00572169006636418
2022-07-10,0.00566610333760413
2022-07-11,0.00561213985499615
2022-07-12,0.00555596058894621
2022-07-13,0.00550198751922364
2022-07-14,0.00545505615207939
2022-07-15,0.00541382264260901
2022-07-16,0.00537499912560983
2022-07-17,0.00533908477000728
2022-07-18,0.0119310978490554
2022-07-19,0.00527257559539439
2022-07-20,0.00525700029784469
2022-07-21,0.00520738605640302
2022-07-22,0.00517823845130206
2022-07-23,0.00515137736680734
2022-07-24,0.00512645646062161
2022-07-25,0.00510605843090241
2022-07-26,0.00508922111413384
2022-07-27,0.00508371449577087
2022-07-28,0.0050575969408697
2022-07-29,0.00504323170999825
2022-07-30,0.00503099227384403
2022-07-31,0.00502023447254528
2022-08-01,0.0144436420798197
2022-08-02,0.0144161741516598
2022-08-03,0.0143907909795054
2022-08-04,0.0143679901872241
2022-08-05,0.0143484337221667
2022-08-06,0.0143313472795056
2022-08-07,0.0143154076380852
2022-08-08,0.0143007357792267
2022-08-09,0.0142889755650182
2022-08-10,0.0142798399836464
2022-08-11,0.014271359188122
2022-08-12,0.0142632577019327
2022-08-13,0.0142556088046099
2022-08-14,0.0142483726964845
2022-08-15,0.014241645830658
2022-08-16,0.0142355335542506
2022-08-17,0.0142299173231761
2022-08-18,0.0142248362389965
2022-08-19,0.0142200964716263
2022-08-20,0.0142154192250012
2022-08-21,0.0142109903902443
2022-08-22,0.0142069298887631
2022-08-23,0.0142030022912165
2022-08-24,0.0141991313641062
2022-08-25,0.0141953221642228
2022-08-26,0.0141915848079804
2022-08-27,0.0141879151445224
2022-08-28,0.0141843082927663
2022-08-29,0.0141807362670196
2022-08-30,0.0141771807899094
2022-08-31,0.014173638189524
2022-09-01,0.0109030023111268
2022-09-02,0.0109004021862479
2022-09-03,0.0108978987460183
2022-09-04,0.0108953957019271
2022-09-05,0.0108928934682841
2022-09-06,0.0108903921977297
2022-09-07,0.010887891207743
2022-09-08,0.0108853904896017
2022-09-09,0.0108828905143107
2022-09-10,0.0108803911735678
2022-09-11,0.0108778919556642
2022-09-12,0.0108753941863913
2022-09-13,0.0108728961205597
2022-09-14,0.0108703992351477
2022-09-15,0.0108679028396389
2022-09-16,0.0108654065785991
2022-09-17,0.0108629114681777
2022-09-18,0.0108604168672846
2022-09-19,0.0108579226305481
2022-09-20,0.0109091113051493
2022-09-21,0.0109556932200962
2022-09-22,0.0108504431904787
2022-09-23,0.0108479513909015
2022-09-24,0.0108454601095751
2022-09-25,0.0108429695165845
2022-09-26,0.0108404789926455
2022-09-27,0.0108379893830955
2022-09-28,0.0108355002867082
2022-09-29,0.0108330119622456
2022-09-30,0.0108305240019395
2022-10-01,0.00524327274402959
2022-10-02,0.00524206854452502
2022-10-03,0.00524086449108716
2022-10-04,0.00523966084170847
2022-10-05,0.00523845776674146
2022-10-06,0.00523725470937284
2022-10-07,0.00523605176709773
2022-10-08,0.0082405247097232
2022-10-09,0.00523398902840442
2022-10-10,0.00523244520870576
2022-10-11,0.00523124348564758
2022-10-12,0.00523004196250717
2022-10-13,0.00522884080224571
2022-10-14,0.00522764010306225
2022-10-15,0.00522643950066996
2022-10-16,0.00522523920941732
2022-10-17,0.00522403927611608
2022-10-18,0.00522283936815653
2022-10-19,0.00522164003179289
2022-10-20,0.00522044092068875
2022-10-21,0.00521924178600273
2022-10-22,0.00521804322819219
2022-10-23,0.00521684488648992
2022-10-24,0.00521564693336027
2022-10-25,0.129141682512041
2022-10-26,0.00521325228116272
2022-10-27,0.00521205845661693
2022-10-28,0.00521086645350517
2022-10-29,0.00520967596420752
2022-10-30,0.00520848588354463
2022-10-31,0.00608076401633061
2022-11-01,0.00402324730398053
2022-11-02,0.00380974893118077
2022-11-03,0.00380887878519318
2022-11-04,0.00380800890919507
2022-11-05,0.03847183139608
2022-11-06,0.00414542974456618
2022-11-07,0.00380540438137437
2022-11-08,0.00380454081715348
2022-11-09,0.00393869291232294
2022-11-10,0.00380281741240265
2022-11-11,0.00380195690771916
2022-11-12,0.013939057682122
2022-11-13,0.0745325032338617
2022-11-14,0.00534133450234463
2022-11-15,0.0047607691398474
2022-11-16,0.00379798614445139
2022-11-17,0.00379732573160747
2022-11-18,0.00379668436255473
2022-11-19,0.00379605550370207
2022-11-20,0.003795435508388
2022-11-21,0.00499374737344628
2022-11-22,0.00592885170470879
2022-11-23,0.00379361479174741
2022-11-24,0.00379301625544541
2022-11-25,0.00379241368475845
2022-11-26,0.00379180318699454
2022-11-27,0.00379118468151751
2022-11-28,0.00413310506797096
2022-11-29,0.0037899433813888
2022-11-30,0.00378932602542811
2022-12-01,0.0037905982862893
2022-12-02,0.00378997905979177
2022-12-03,0.0328051772771525
2022-12-04,0.0239414461892522
2022-12-05,0.0319620706299027
2022-12-06,0.0106530320875176
2022-12-07,0.0167693093820254
2022-12-08,0.0197105301868362
2022-12-09,0.0257021152474304
2022-12-10,0.0242223551308968
2022-12-11,0.0123335516949836
2022-12-12,0.00769493850919222
2022-12-13,0.00568209659601936
2022-12-14,0.0042064540980985
2022-12-15,0.00382473562976142
2022-12-16,0.00484484898783523
2022-12-17,0.00461524338468767
2022-12-18,0.00384430413787875
2022-12-19,0.0465362817129983
2022-12-20,0.159649030647366
2022-12-21,0.110853362664403
2022-12-22,0.042143311557217
2022-12-23,0.0207906243436767
2022-12-24,0.223227223156911
2022-12-25,0.397002979356706
2022-12-26,0.663338285735177
2022-12-27,0.226282203123128
2022-12-28,0.0489966640760555
2022-12-29,0.61770072777014
2022-12-30,0.293143796534151
2022-12-31,0.272075238013118
2023-01-01,0.70662030673606
2023-01-02,1.33260684073656
2023-01-03,0.986669439936385
2023-01-04,0.0365296460142241
2023-01-05,0.0162836403558771
2023-01-06,0.0223710888669602
2023-01-07,0.0235885606163812
2023-01-08,0.263705225607732
2023-01-09,0.0773105864806163
2023-01-10,0.0454525795705854
2023-01-11,0.0526025700749498
2023-01-12,0.185722096588169
2023-01-13,0.0727899561919994
2023-01-14,0.0819420696250439
2023-01-15,0.0850556841371486
2023-01-16,0.0884900665054051
2023-01-17,0.0898228317227786
2023-01-18,0.127598199377022
2023-01-19,0.0919212210887792
2023-01-20,0.129364505876719
2023-01-21,0.407538887148723
2023-01-22,0.29824145442023
2023-01-23,0.223767179141466
2023-01-24,0.23370095586877
2023-01-25,0.241353347540262
2023-01-26,0.229964169056408
2023-01-27,0.256612195223794
2023-01-28,0.26665106455318
2023-01-29,0.244348894076843
2023-01-30,0.265648482979898
2023-01-31,0.276820696529903
2023-02-01,0.249175407608918
2023-02-02,0.230495959956726
2023-02-03,0.216499943276326
2023-02-04,0.207091528483508
2023-02-05,0.198927429016642
2023-02-06,0.188338727426186
2023-02-07,0.17887626250235
2023-02-08,0.168121855460648
2023-02-09,0.159211422752347
2023-02-10,0.15139675696236
2023-02-11,0.143885002369533
2023-02-12,0.138247177836782
2023-02-13,0.14432289219568
2023-02-14,0.148221509710053
2023-02-15,0.131820567226924
2023-02-16,0.117221001843404
2023-02-17,0.116148468492597
2023-02-18,0.113030731872717
2023-02-19,0.10887377020402
2023-02-20,0.108376526749796
2023-02-21,0.112675406867816
2023-02-22,0.119806589857051
2023-02-23,0.121548077023662
2023-02-24,0.122383188184957
2023-02-25,0.416876802735317
2023-02-26,0.562247495670846
2023-02-27,0.320867241068344
2023-02-28,0.268407238284631
2023-03-01,0.232478480318162
2023-03-02,0.229461679977255
2023-03-03,0.22798140919721
2023-03-04,0.218381667008612
2023-03-05,0.209104012351558
2023-03-06,0.203879618440042
2023-03-07,0.207951492492255
2023-03-08,0.202696644762023
2023-03-09,0.184822738909393
2023-03-10,0.177022867959018
2023-03-11,0.182107796025516
2023-03-12,0.175784038815066
2023-03-13,0.170291444940318
2023-03-14,0.167923317920824
2023-03-15,0.164557942146389
2023-03-16,0.160215098084472
2023-03-17,0.16771744140571
2023-03-18,0.163633608058156
2023-03-19,0.12744764323574
2023-03-20,0.123842465201331
2023-03-21,0.134180156152534
2023-03-22,0.133139100792776
2023-03-23,0.112595936150758
2023-03-24,0.106485520009891
2023-03-25,0.118277745636006
2023-03-26,0.117662738582572
2023-03-27,0.112441490629683
2023-03-28,0.100170401657168
2023-03-29,0.0934830996903922
2023-03-30,0.0912070819189933
2023-03-31,0.0885956527522573
2023-04-01,0.119311596100209
2023-04-02,0.116603917929808
2023-04-03,0.113600729066639
2023-04-04,0.10565283115784
2023-04-05,0.0991746111285527
2023-04-06,0.0972445923719614
2023-04-07,0.0940777442937654
2023-04-08,0.0875423770819332
2023-04-09,0.0834095549033291
2023-04-10,0.121088367943906
2023-04-11,0.0826583192584236
2023-04-12,0.0770908484845516
2023-04-13,0.205567258151374
2023-04-14,0.338154882378512
2023-04-15,0.17042899392191
2023-04-16,0.156524475850876
2023-04-17,0.164591869093947
2023-04-18,0.165827453543836
2023-04-19,0.173656077835144
2023-04-20,0.186592385333004
2023-04-21,0.189359326278744
2023-04-22,0.184609784152667
2023-04-23,0.202264380429496
2023-04-24,0.17504464042122
2023-04-25,0.163352430375105
2023-04-26,0.157110029800267
2023-04-27,0.154345391701651
2023-04-28,0.157491887282977
2023-04-29,0.157167256455247
2023-04-30,0.187385312408242
2023-05-01,0.237524638048914
2023-05-02,0.277042174782416
2023-05-03,0.299849130310963
2023-05-04,0.322143362859968
2023-05-05,0.394852455923249
2023-05-06,0.291690966905656
2023-05-07,0.27930348435211
2023-05-08,0.319776123865214
2023-05-09,0.383960076763321
2023-05-10,0.360668190154644
2023-05-11,0.344711267004885
2023-05-12,0.297487082184783
2023-05-13,0.282373409096133
2023-05-14,0.275401467107618
2023-05-15,0.386880840133929
2023-05-16,0.426557367572783
2023-05-17,0.461198540943586
2023-05-18,0.439153362676437
2023-05-19,0.445661642703103
2023-05-20,0.25201061309175
2023-05-21,0.2201897921549
2023-05-22,0.21413843724151
2023-05-23,0.222768644998237
2023-05-24,0.216982529918436
2023-05-25,0.216641396148418
2023-05-26,0.204987610836465
2023-05-27,0.192844988413818
2023-05-28,0.160560378201694
2023-05-29,0.127692027114315
2023-05-30,0.119804476777571
2023-05-31,0.121523964562509
2023-06-01,0.0973277648453255
2023-06-02,0.0930441997484211
2023-06-03,0.0910682324196342
2023-06-04,0.0529903269501142
2023-06-05,0.0331144332176997
2023-06-06,0.0302459411665723
2023-06-07,0.0278657363587029
2023-06-08,0.0252941668814883
2023-06-09,0.02167965690855
2023-06-10,0.0181579096502566
2023-06-11,0.0152416589606802
2023-06-12,0.0130223823985375
2023-06-13,0.0112752558319417
2023-06-14,0.00988412936316359
2023-06-15,0.00874044598929941
2023-06-16,0.0077502880942655
2023-06-17,0.00692569363887092
2023-06-18,0.00631775337831327
2023-06-19,0.00588536830792683
2023-06-20,0.00569102555153486
2023-06-21,0.00528673222394189
2023-06-22,0.00500431358142557
2023-06-23,0.00471878903440734
2023-06-24,0.00444803021236814
2023-06-25,0.00420695580863069
2023-06-26,0.0040462390711418
2023-06-27,0.00407519480956229
2023-06-28,0.00633113634098308
2023-06-29,0.00370450815213896
2023-06-30,0.00362795527644633
2023-07-01,0.0065466687073728
2023-07-02,0.00644215393183481
2023-07-03,0.0063402472839989
2023-07-04,0.006248257504514
2023-07-05,0.00616401630773735
2023-07-06,0.00608280367580976
2023-07-07,0.00600897644736968
2023-07-08,0.0059397970971756
2023-07-09,0.00587269182606718
2023-07-10,0.00580953806947571
2023-07-11,0.00575064966597861
2023-07-12,0.0056958133509358
2023-07-13,0.00564265322383641
2023-07-14,0.00558895418935596
2023-07-15,0.00553628482894011
2023-07-16,0.00548695572502428
2023-07-17,0.00544117434174607
2023-07-18,0.00539845220745752
2023-07-19,0.00535840259031557
2023-07-20,0.00532063881942473
2023-07-21,0.00528468915749831
2023-07-22,0.00525071192266952
2023-07-23,0.0052192919951193
2023-07-24,0.00519131644344973
2023-07-25,0.00516708631773908
2023-07-26,0.00514479235599126
2023-07-27,0.0051228645592386
2023-07-28,0.00510207899356195
2023-07-29,0.00508290012022499
2023-07-30,0.00506577281994529
2023-07-31,0.00505043584991197
2023-08-01,0.0145191548960415
2023-08-02,0.0144846614396918
2023-08-03,0.0144516378004025
2023-08-04,0.0144240833683497
2023-08-05,0.0143986378162053
2023-08-06,0.0143757844845063
2023-08-07,0.0143554449982
2023-08-08,0.0143372514613902
2023-08-09,0.0143209159072077
2023-08-10,0.014305507666142
2023-08-11,0.0142908614558751
2023-08-12,0.014277790877398
2023-08-13,0.0142669184033565
2023-08-14,0.0142581850658897
2023-08-15,0.0142502755525751
2023-08-16,0.0142424833496146
2023-08-17,0.0142351621168067
2023-08-18,0.0142284631752693
2023-08-19,0.0142223673180793
2023-08-20,0.0142167565528349
2023-08-21,0.0142114474511536
2023-08-22,0.014206421835797
2023-08-23,0.0142016980483751
2023-08-24,0.014197323499721
2023-08-25,0.0141933082372885
2023-08-26,0.0141894598054792
2023-08-27,0.0141856757724085
2023-08-28,0.0141819663470678
2023-08-29,0.0141782991104536
2023-08-30,0.0141746859974596
2023-08-31,0.0141712243538959
2023-09-01,0.0109012634447918
2023-09-02,0.0108987158464034
2023-09-03,0.0108962131613807
2023-09-04,0.010893710476358
2023-09-05,0.01089120879004
2023-09-06,0.0108887073901046
2023-09-07,0.0108862067998906
2023-09-08,0.0108837066850426
2023-09-09,0.0108812072309097
2023-09-10,0.0108787082681337
2023-09-11,0.0108762097240287
2023-09-12,0.0108737117926661
2023-09-13,0.0108712144006332
2023-09-14,0.0108687178292245
2023-09-15,0.0108662216663106
2023-09-16,0.0108637262462471
2023-09-17,0.0108612311489091
2023-09-18,0.0108587368874593
2023-09-19,0.010856243171881
2023-09-20,0.0108537494824696
2023-09-21,0.0108512569291392
2023-09-22,0.0108487645248151
2023-09-23,0.0108462732202291
2023-09-24,0.0108437820748254
2023-09-25,0.0108412920814938
2023-09-26,0.0108388020983381
2023-09-27,0.0108363129510707
2023-09-28,0.0108338242530024
2023-09-29,0.0108313366183293
2023-09-30,0.0108288490163649
2023-10-01,0.00524246165152609
2023-10-02,0.00524125763997241
2023-10-03,0.00524005383889555
2023-10-04,0.00524266841473644
2023-10-05,0.00523764729792514
2023-10-06,0.00523644450066082
2023-10-07,0.00523524189733083
2023-10-08,0.00523403944006754
2023-10-09,0.00523283736926504
2023-10-10,0.00523163580881603
2023-10-11,0.00523043437296369
2023-10-12,0.00522923300152148
2023-10-13,0.00522803208376592
2023-10-14,0.00522683134727385
2023-10-15,0.00522563113063843
2023-10-16,0.00522443092667382
2023-10-17,0.00522323098527732
2023-10-18,0.00522203143386129
2023-10-19,0.00522083228544854
2023-10-20,0.0052196333387134
2023-10-21,0.00521843457746538
2023-10-22,0.00521723616818529
2023-10-23,0.0324529137004467
2023-10-24,0.097537332060597
2023-10-25,0.252148732466229
2023-10-26,0.169461082899668
2023-10-27,0.00522497964010599
2023-10-28,0.0233669409725885
2023-10-29,0.00807681837791894
2023-10-30,0.00529237936250321
2023-10-31,0.0619340474956595
2023-11-01,0.0327662571994663
2023-11-02,0.0052021909999037
2023-11-03,0.00394451850030252
2023-11-04,0.00396191714170004
2023-11-05,0.0039764740661599
2023-11-06,0.00398847077559712
2023-11-07,0.00399862684121139
2023-11-08,0.00420029558839484
2023-11-09,0.00401438238685049
2023-11-10,0.00402013762968649
2023-11-11,0.00402412133003657
2023-11-12,0.00402623525114242
2023-11-13,0.110126347413279
2023-11-14,0.075340118890714
2023-11-15,0.00414330141431699
2023-11-16,0.00408597340725032
2023-11-17,0.004111513005188
2023-11-18,0.00413314267843451
2023-11-19,0.00461529638197038
2023-11-20,0.00416553949136311
2023-11-21,0.00417616184969589
2023-11-22,0.00432386111249312
2023-11-23,0.0301192611694902
2023-11-24,0.320072490078852
2023-11-25,0.159346498538033
2023-11-26,0.00818288454580602
2023-11-27,0.00494765731492121
2023-11-28,0.0158883047907192
2023-11-29,0.0136929534657894
2023-11-30,0.00955006176619279
2023-12-01,0.00563004559732727
2023-12-02,0.00833826578372764
2023-12-03,0.0081529729719296
2023-12-04,0.00808521276931818
2023-12-05,0.006794928542151
2023-12-06,0.0148121485222165
2023-12-07,0.00901084530231412
2023-12-08,0.0161705006898404
2023-12-09,0.00501697732141025
2023-12-10,0.0256213653479694
2023-12-11,0.00596253738992367
2023-12-12,0.0419257989938297
2023-12-13,0.011428316132459
2023-12-14,0.00679893463765944
2023-12-15,0.00508076668280075
2023-12-16,0.00607440719901413
2023-12-17,0.005071407411786
2023-12-18,0.00507322098114783
2023-12-19,0.0050725727683759
2023-12-20,0.00506958596243004
2023-12-21,0.00506399770730525
2023-12-22,0.00505310977000872
2023-12-23,0.00504006166423612
2023-12-24,0.00564262980053499
2023-12-25,0.0050268766947291
2023-12-26,0.00502971376841422
2023-12-27,0.00503514578767977
2023-12-28,0.00503930181340251
2023-12-29,0.00503909768412868
2023-12-30,0.00503387044728052
2023-12-31,0.00502762956357655
2024-01-01,0.00338069844670215
2024-01-02,0.00337644550079598
2024-01-03,0.00337080800033245
2024-01-04,0.00336432616176434
2024-01-05,0.00335709373666772
2024-01-06,0.00473117353270905
2024-01-07,0.00343397579913643
2024-01-08,0.00334721275303566
2024-01-09,0.00334851433280199
2024-01-10,0.00397652773507428
2024-01-11,0.00387646836942272
2024-01-12,0.00394224493614295
2024-01-13,0.00385370917343868
2024-01-14,0.00337051650283524
2024-01-15,0.00333179414244349
2024-01-16,0.00332117491294751
2024-01-17,0.00330977543352547
2024-01-18,0.00374251251812846
2024-01-19,0.0489120957694699
2024-01-20,0.00932471905809684
2024-01-21,0.00629088389497384
2024-01-22,0.00404121716783698
2024-01-23,0.0038142826366472
2024-01-24,0.0103121373644566
2024-01-25,0.0380028658951233
2024-01-26,0.0384757277257473
2024-01-27,0.00542229922074652
2024-01-28,0.00695136176578501
2024-01-29,0.00841467037195144
2024-01-30,0.0162648389583245
2024-01-31,0.0563985917081554
2024-02-01,0.212632646359818
2024-02-02,0.0811558100410612
2024-02-03,0.0873491131684786
2024-02-04,0.0280197152347876
2024-02-05,0.0858132275825127
2024-02-06,3.06818416297404
2024-02-07,0.794769850330871
2024-02-08,0.100311107542488
2024-02-09,0.0338713766823814
2024-02-10,0.0366326491918686
2024-02-11,0.0220588453564219
2024-02-12,0.0189965761493384
2024-02-13,0.0121352290661892
2024-02-14,0.0793548693503721
2024-02-15,0.0163345731565538
2024-02-16,0.0116692406572112
2024-02-17,0.0101118944588769
2024-02-18,0.00977091856697514
2024-02-19,0.00995647077867911
2024-02-20,0.0107252772741533
2024-02-21,0.0140396318990662
2024-02-22,0.0200617605278799
2024-02-23,0.0309239805492866
2024-02-24,0.0797280421729292
2024-02-25,0.0390267393638098
2024-02-26,0.124338608780376
2024-02-27,0.120108931120327
2024-02-28,0.0683063215078706
2024-02-29,0.0575135035177908
2024-03-01,0.157294876991924
2024-03-02,1.01631716119508
2024-03-03,0.258263418323266
2024-03-04,0.120994678207639
2024-03-05,0.141203514121837
2024-03-06,0.16891981049583
2024-03-07,0.183916801814715
2024-03-08,0.171101048915728
2024-03-09,0.180132931810715
2024-03-10,0.193710644435063
2024-03-11,0.223242816181798
2024-03-12,0.234581175242222
2024-03-13,0.255954162886908
2024-03-14,0.273378951084525
2024-03-15,0.301391948964852
2024-03-16,0.282476911933824
2024-03-17,0.291819021847226
2024-03-18,0.274170088247666
2024-03-19,0.270334803223491
2024-03-20,0.274251367335173
2024-03-21,0.265394328834086
2024-03-22,0.242804114567782
2024-03-23,0.240640549922472
2024-03-24,0.250268974430591
2024-03-25,0.245942613748282
2024-03-26,0.198576155196211
2024-03-27,0.195135551563385
2024-03-28,0.194397273196808
2024-03-29,0.198082216271068
2024-03-30,0.210706258165707
2024-03-31,0.219564870310923
2024-04-01,0.300163483487231
2024-04-02,0.328054091726858
2024-04-03,0.368318185254889
2024-04-04,0.280243452931761
2024-04-05,0.183578531323188
2024-04-06,0.172170604471671
2024-04-07,0.167336108020727
2024-04-08,0.164404292011385
2024-04-09,0.162803946612188
2024-04-10,0.157271697281541
2024-04-11,0.145465259050631
2024-04-12,0.124770180849331
2024-04-13,0.112153926490248
2024-04-14,0.140106697321563
2024-04-15,0.145384708935703
2024-04-16,0.105455118630804
2024-04-17,0.0958123399064219
2024-04-18,0.0915342432557806
2024-04-19,0.0884949860410505
2024-04-20,0.0838359367110239
2024-04-21,0.0778649023304772
2024-04-22,0.0740028924534216
2024-04-23,0.0691388946609006
2024-04-24,0.0823327006427872
2024-04-25,0.0827869520185693
2024-04-26,0.0675624846733454
2024-04-27,0.0664447439248447
2024-04-28,0.0573829669021878
2024-04-29,0.054053026063538
2024-04-30,0.0528070476572223
2024-05-01,0.0546848860042305
2024-05-02,0.0507396361035599
2024-05-03,0.0484122117349469
2024-05-04,0.0467282669769975
2024-05-05,0.0450717113301064
2024-05-06,0.0427130185008608
2024-05-07,0.0386577809576648
2024-05-08,0.0365668455001922
2024-05-09,0.0544847994603217
2024-05-10,0.111610448245922
2024-05-11,0.207653356822562
2024-05-12,0.06956823259173
2024-05-13,0.0501441675139618
2024-05-14,0.0463449734554258
2024-05-15,0.0439892850246056
2024-05-16,0.0428759408692638
2024-05-17,0.0417043299911713
2024-05-18,0.0396049893746943
2024-05-19,0.0379247972548072
2024-05-20,0.0367297091661916
2024-05-21,0.0368511420458195
2024-05-22,0.0370291422558443
2024-05-23,0.0355662828481959
2024-05-24,0.0335008935002234
2024-05-25,0.0272554225781433
2024-05-26,0.0250968832375349
2024-05-27,0.0238895073399686
2024-05-28,0.0225548694810823
2024-05-29,0.0205279788552002
2024-05-30,0.0185422130386888
2024-05-31,0.0166936090200085
2024-06-01,0.0120135071086372
2024-06-02,0.0107119450113324
2024-06-03,0.00974592035607894
2024-06-04,0.0275561220359118
2024-06-05,0.0104762550407799
2024-06-06,0.00834785445617833
2024-06-07,0.00788464168607967
2024-06-08,0.00742628795012239
2024-06-09,0.00694783803190501
2024-06-10,0.0064783119468813
2024-06-11,0.0060823266474166
2024-06-12,0.00576725441426553
2024-06-13,0.0054712477999553
2024-06-14,0.00517542703965525
2024-06-15,0.004901378817904
2024-06-16,0.00465892773050969
2024-06-17,0.00446081702842576
2024-06-18,0.00431487709152344
2024-06-19,0.00421260418736105
2024-06-20,0.00413535724538272
2024-06-21,0.00461713036920716
2024-06-22,0.00500479592299093
2024-06-23,0.00395927581667384
2024-06-24,0.00389656688133965
2024-06-25,0.00633996380453105
2024-06-26,0.00379305217737319
2024-06-27,0.00374692661625106
2024-06-28,0.00369417389583851
2024-06-29,0.00364093779788908
2024-06-30,0.00358652143220151
2024-07-01,0.00648239305980212
2024-07-02,0.00638736952771786
2024-07-03,0.00629577049081777
2024-07-04,0.00621244200845327
2024-07-05,0.00613558937984908
2024-07-06,0.0060587035420409
2024-07-07,0.0059831299691332
2024-07-08,0.00591266802697424
2024-07-09,0.00584264100716249
2024-07-10,0.00577161880959744
2024-07-11,0.00570084625318287
2024-07-12,0.00563398907922042
2024-07-13,0.0055717133690281
2024-07-14,0.00551224729157825
2024-07-15,0.00545850564034509
2024-07-16,0.00541013173128135
2024-07-17,0.00536388183503828
2024-07-18,0.00531971103261878
2024-07-19,0.00527841400335328
2024-07-20,0.00524058653441214
2024-07-21,0.0052054943245123
2024-07-22,0.00517338279172908
2024-07-23,0.0051441982819057
2024-07-24,0.00549366500264488
2024-07-25,0.00509769140459258
2024-07-26,0.00533199356688024
2024-07-27,0.00506474236339283
2024-07-28,0.00505121227020942
2024-07-29,0.0050401758164004
2024-07-30,0.00503167855665231
2024-07-31,0.00502254811349899
2024-08-01,0.0144509060923964
2024-08-02,0.014423462153997
2024-08-03,0.0143984102955971
2024-08-04,0.0143767864478631
2024-08-05,0.0143572108561792
2024-08-06,0.0143381604007782
2024-08-07,0.0143202462589502
2024-08-08,0.0143046884160564
2024-08-09,0.0142910652219442
2024-08-10,0.0142785806709484
2024-08-11,0.0142683145441263
2024-08-12,0.0142602456979923
2024-08-13,0.0142529263356205
2024-08-14,0.0142462408820059
2024-08-15,0.0142400365432985
2024-08-16,0.014234242836174
2024-08-17,0.0142288565903378
2024-08-18,0.0142237751830829
2024-08-19,0.0142190138527959
2024-08-20,0.0142147307240698
2024-08-21,0.0142107044534594
2024-08-22,0.01420670934167
2024-08-23,0.014202825036218
2024-08-24,0.0141990840855264
2024-08-25,0.0141954456592968
2024-08-26,0.0141918369115984
2024-08-27,0.0141882514461068
2024-08-28,0.0141846734557471
2024-08-29,0.0141811571245982
2024-08-30,0.0141778064470203
2024-08-31,0.0141745501726218
2024-09-01,0.0109039089882036
2024-09-02,0.0109014045986957
2024-09-03,0.0108989012122538
2024-09-04,0.0108963982502977
2024-09-05,0.0108938953348605
2024-09-06,0.0108913933825122
2024-09-07,0.0108888924332296
2024-09-08,0.0108863917398014
2024-09-09,0.0108838910827164
2024-09-10,0.0108813918270161
2024-09-11,0.0108788924550183
2024-09-12,0.0108763942089256
2024-09-13,0.0108738962383126
2024-09-14,0.0108713991246668
2024-09-15,0.0108689023163019
2024-09-16,0.0108664060240072
2024-09-17,0.0811320670444483
2024-09-18,0.0108614151177359
2024-09-19,0.0108589209762179
2024-09-20,0.0108564272722693
2024-09-21,0.0108539334898198
2024-09-22,0.0108514414838146
2024-09-23,0.0108489485895873
2024-09-24,0.0108464572886357
2024-09-25,0.0108439665938848
2024-09-26,0.0108414760321491
2024-09-27,0.0108389860947856
2024-09-28,0.0108364968181371
2024-09-29,0.0108340081578655
2024-09-30,0.0108315196284286
2024-10-01,0.00524375484893828
2024-10-02,0.00524255038827353
2024-10-03,0.00524134664175169
2024-10-04,0.00524014279069537
2024-10-05,0.00523893927224877
2024-10-06,0.00523773623951789
2024-10-07,0.0052365333686923
2024-10-08,0.00523533068511362
2024-10-09,0.00523412835174304
2024-10-10,0.0052329262165304
2024-10-11,0.00523172448784073
2024-10-12,0.00523052298933809
2024-10-13,0.00522932179634361
2024-10-14,0.00522812078144491
2024-10-15,0.00522691989571843
2024-10-16,0.0052257196417744
2024-10-17,0.0052245196289284
2024-10-18,0.00522331949887709
2024-10-19,0.0052221201871512
2024-10-20,0.00534203271106971
2024-10-21,0.00521972181746834
2024-10-22,0.128871369388004
2024-10-23,0.00521732543746019
2024-10-24,0.00521613149359727
2024-10-25,0.00521493966893326
2024-10-26,0.00521374938448096
2024-10-27,0.00521255947170676
2024-10-28,0.00521136981446129
2024-10-29,0.0052101800255798
2024-10-30,0.0052089900163664
2024-10-31,0.00520779982201787
2024-11-01,0.00381098721196137
2024-11-02,0.0054987000170066
2024-11-03,0.00380924434813016
2024-11-04,0.00381141030507318
2024-11-05,0.00380750184162284
2024-11-06,0.00380663059274878
2024-11-07,0.00380575934799669
2024-11-08,0.193382807378923
2024-11-09,0.00380425551477568
2024-11-10,0.00380409765696969
2024-11-11,0.00380411659410474
2024-11-12,0.00380418713375411
2024-11-13,0.00662989440513379
2024-11-14,0.00380430918574957
2024-11-15,0.00380435254302187
2024-11-16,0.00593459882982642
2024-11-17,0.0418813221217772
2024-11-18,0.016163142214585
2024-11-19,0.00669824594683592
2024-11-20,0.00665424285142974
2024-11-21,0.0319852822342102
2024-11-22,0.00659622400231233
2024-11-23,0.00660370907915273
2024-11-24,0.0119104914053641
2024-11-25,0.00469458239037217
2024-11-26,0.00382359303469349
2024-11-27,0.00382760029033854
2024-11-28,0.00383126064529732
2024-11-29,0.00439866721721574
2024-11-30,0.00383730117994856
2024-12-01,0.00384174761410015
2024-12-02,0.00384408062333476
2024-12-03,0.00515634709655351
2024-12-04,0.00560343712945752
2024-12-05,0.00851229031319207
2024-12-06,0.00684372178908798
2024-12-07,0.00424077219866636
2024-12-08,0.00385618025329823
2024-12-09,0.00385786528096446
2024-12-10,0.00445671473946343
2024-12-11,0.00441452798352363
2024-12-12,0.00418408589471784
2024-12-13,0.238108211520839
2024-12-14,0.127595464153859
2024-12-15,0.0675392203527346
2024-12-16,0.00933154138806264
2024-12-17,0.00609992755495981
2024-12-18,0.00685822683159607
2024-12-19,0.0118400409088906
2024-12-20,0.0125400085023557
2024-12-21,0.0169995893615771
2024-12-22,0.0138952804892477
2024-12-23,0.017173941438159
2024-12-24,0.13990892182873
2024-12-25,0.0792780785626183
2024-12-26,0.0115394821651789
2024-12-27,0.0199783879683471
2024-12-28,0.0286306266990964
2024-12-29,0.0454808758778223
2024-12-30,0.0348270475763344
2024-12-31,0.0150700036486668
2025-01-01,0.0110221430066265
2025-01-02,0.0149982188294435
2025-01-03,0.0141174351995532
2025-01-04,0.0154223553788963
2025-01-05,0.0179692836575433
2025-01-06,0.0102842609044869
2025-01-07,0.0101134219469784
2025-01-08,0.0128694234583569
2025-01-09,0.0114081199161134
2025-01-10,0.01358964128414
2025-01-11,0.00655849110602024
2025-01-12,0.00352704743982005
2025-01-13,0.00358942633999655
2025-01-14,0.00373070596610551
2025-01-15,0.00531272280257162
2025-01-16,0.0116813784534009
2025-01-17,0.00806802088704657
2025-01-18,0.00583476488706735
2025-01-19,0.00591339571834517
2025-01-20,0.00530898496048166
2025-01-21,0.00382041957576051
2025-01-22,0.00420600252952552
2025-01-23,0.00441634010246724
2025-01-24,0.00581041647407265
2025-01-25,0.00658144837791198
2025-01-26,0.00706572254043143
2025-01-27,0.00660769291485008
2025-01-28,0.00640832598523103
2025-01-29,0.0679147414478297
2025-01-30,0.0096898089605872
2025-01-31,0.00500989679491002
2025-02-01,0.0174926246920832
2025-02-02,0.00499295148282223
2025-02-03,0.00884970823448235
2025-02-04,0.087110783399725
2025-02-05,0.00824049524336185
2025-02-06,0.00457997097818515
2025-02-07,0.0044136626589116
2025-02-08,0.00475721793181328
2025-02-09,0.00500036105327777
2025-02-10,0.00538272120865329
2025-02-11,0.005232224824347
2025-02-12,0.00488008078251792
2025-02-13,0.00403729030298844
2025-02-14,0.00371538306267811
2025-02-15,0.00795243966080168
2025-02-16,0.0232205491565981
2025-02-17,0.00738067963358742
2025-02-18,0.0397047515581033
2025-02-19,0.365535862972862
2025-02-20,0.0254728294246943
2025-02-21,0.0173696886727001
2025-02-22,0.0157492798502962
2025-02-23,0.00728793422790344
2025-02-24,0.00591084730800863
2025-02-25,0.00945657384636102
2025-02-26,0.00554412036537092
2025-02-27,0.00510700180360526
2025-02-28,0.110314872584969
2025-03-01,0.0814336389398404
2025-03-02,0.439849900825753
2025-03-03,0.156249292739435
2025-03-04,0.0202177680170476
2025-03-05,0.0320685005049999
2025-03-06,0.0485418215948678
2025-03-07,0.0158652634892955
2025-03-08,0.0226136413076741
2025-03-09,0.0283480525335733
2025-03-10,0.02719053398546
2025-03-11,0.033495995812892
2025-03-12,0.0373643953759767
2025-03-13,0.0392657341386163
2025-03-14,0.0195716806344572
2025-03-15,0.0162672055549474
2025-03-16,0.0218840163389295
2025-03-17,0.0297922866115147
2025-03-18,0.0618547990213473
2025-03-19,0.0766451159489333
2025-03-20,0.0814767879232291
2025-03-21,0.0618830183688665
2025-03-22,0.0333926194269245
2025-03-23,0.0140772805302322
2025-03-24,0.0164139490728152
2025-03-25,0.0623917841759414
2025-03-26,0.0755979267736948
2025-03-27,0.0352096235756946
2025-03-28,0.0322079743546852
2025-03-29,0.150467583785908
2025-03-30,0.0534039248682808
2025-03-31,0.0576166997105029
2025-04-01,0.0914644725986333
2025-04-02,0.11487975575791
2025-04-03,0.0926362226001897
2025-04-04,0.0535359441147726
2025-04-05,0.0536697457912007
2025-04-06,0.0520252148458808
2025-04-07,0.0614744947876807
2025-04-08,0.0710666215472154
2025-04-09,0.0848617667230487
2025-04-10,0.0985205132357521
2025-04-11,0.136607565222962
2025-04-12,0.0916564757275979
2025-04-13,0.0815260465792259
2025-04-14,0.0796130205211473
2025-04-15,0.0781845679678629
2025-04-16,0.0768113993514128
2025-04-17,0.0711502382120284
2025-04-18,0.0657327358730885
2025-04-19,0.0603764176616732
2025-04-20,0.0565247253015402
2025-04-21,0.0526306570130206
2025-04-22,0.0499430335665733
2025-04-23,0.0468409180294091
2025-04-24,0.0424008996676034
2025-04-25,0.085977147325886
2025-04-26,0.177953204903103
2025-04-27,0.0401372399779036
2025-04-28,0.0416077383985071
2025-04-29,0.0411423818861415
2025-04-30,0.0405551809336574
2025-05-01,0.0448781535198211
2025-05-02,0.0395244305613382
2025-05-03,0.0361149946754447
2025-05-04,0.0332570384153168
2025-05-05,0.0300473514283822
2025-05-06,0.0265933384774428
2025-05-07,0.0232216045167457
2025-05-08,0.0204724101884899
2025-05-09,0.0182313004518753
2025-05-10,0.0161543689963169
2025-05-11,0.0143082092995471
2025-05-12,0.0128491603339081
2025-05-13,0.0116408007384011
2025-05-14,0.0106171560441212
2025-05-15,0.00987437149958304
2025-05-16,0.00934124527699425
2025-05-17,0.0467279706442845
2025-05-18,0.455977212157163
2025-05-19,1.24241641049722
2025-05-20,0.138493106102786
2025-05-21,0.0634096709868369
2025-05-22,0.0676413219358832
2025-05-23,0.0685443227715431
2025-05-24,0.0658112264038817
2025-05-25,0.0635614836727193
2025-05-26,0.0581177539086309
2025-05-27,0.0527667233603857
2025-05-28,0.0475045546009438
2025-05-29,0.041989113790225
2025-05-30,0.0364730460257796
2025-05-31,0.0312780592269955
2025-06-01,0.0218617496318263
2025-06-02,0.0191610000143038
2025-06-03,0.0167811151265942
2025-06-04,0.0149430736299272
2025-06-05,0.0131716799428042
2025-06-06,0.0117408206964919
2025-06-07,0.0122911940582775
2025-06-08,0.013033636382162
2025-06-09,0.0284807868988811
2025-06-10,0.00885784761429771
2025-06-11,0.00771603875521651
2025-06-12,0.00678922196214526
2025-06-13,0.00614715789549787
2025-06-14,0.00574751799027255
2025-06-15,0.00544324012339508
2025-06-16,0.00521864752864805
2025-06-17,0.00503514492418533
2025-06-18,0.0048755866236562
2025-06-19,0.00475495448606928
2025-06-20,0.00466472299035783
2025-06-21,0.00862083513568453
2025-06-22,0.00450441449710516
2025-06-23,0.00441941081854336
2025-06-24,0.0043324514275348
2025-06-25,0.00424963116760879
2025-06-26,0.00417306290380911
2025-06-27,0.00409940194126376
2025-06-28,0.00402687318666472
2025-06-29,0.0039586431127691
2025-06-30,0.00389313360482733
2025-07-01,0.00702399187534873
2025-07-02,0.00691456416592776
2025-07-03,0.00682233620932928
2025-07-04,0.00672840617191035
2025-07-05,0.00662060654119209
2025-07-06,0.00651371637697158
2025-07-07,0.00640957016959708
2025-07-08,0.00630965331366678
2025-07-09,0.00621423666335406
2025-07-10,0.00612262347220549
2025-07-11,0.00603435206517772
2025-07-12,0.00595145673702622
2025-07-13,0.00587255435330558
2025-07-14,0.00579547132397046
2025-07-15,0.00572642643454958
2025-07-16,0.00566448569076212
2025-07-17,0.00560768444713594
2025-07-18,0.00555653578567609
2025-07-19,0.00550295178608524
2025-07-20,0.00545004904440683
2025-07-21,0.00540150617039439
2025-07-22,0.00535703693733041
2025-07-23,0.00531668348880496
2025-07-24,0.00528059886148587
2025-07-25,0.00524589604677134
2025-07-26,0.00521102300424872
2025-07-27,0.00517734857518074
2025-07-28,0.0051455694326217
2025-07-29,0.00511708291507207
2025-07-30,0.00509193795423677
2025-07-31,0.00506939368976268
2025-08-01,0.0145576730652496
2025-08-02,0.0145083051109573
2025-08-03,0.0144680644457698
2025-08-04,0.0144346425263887
2025-08-05,0.0144038721089428
2025-08-06,0.014376811535324
2025-08-07,0.0143524087069297
2025-08-08,0.0143303334417133
2025-08-09,0.014311306268519
2025-08-10,0.0142951663062217
2025-08-11,0.0142815997277556
2025-08-12,0.014270010385446
2025-08-13,0.0142601079290345
2025-08-14,0.0142516410314174
2025-08-15,0.0142445905244032
2025-08-16,0.0142388121321832
2025-08-17,0.0142335031523636
2025-08-18,0.0142284223770894
2025-08-19,0.014223574451277
2025-08-20,0.0142189657268518
2025-08-21,0.0142146047643656
2025-08-22,0.0142105188514035
2025-08-23,0.0142065776790249
2025-08-24,0.0142026990680119
2025-08-25,0.0141990271505838
2025-08-26,0.014195564946834
2025-08-27,0.0141921858017848
2025-08-28,0.0141888784427523
2025-08-29,0.0141856199096604
2025-08-30,0.0141823619962685
2025-08-31,0.0141791046071655
2025-09-01,0.0109074124647778
2025-09-02,0.0109049074043788
2025-09-03,0.0109024030948255
2025-09-04,0.0108998991523362
2025-09-05,0.0108973959228958
2025-09-06,0.010894893083779
2025-09-07,0.0108923909904197
2025-09-08,0.0108898894850898
2025-09-09,0.0108873880902425
2025-09-10,0.0108848882188922
2025-09-11,0.0108823879237831
2025-09-12,0.0108798886055729
2025-09-13,0.0108773896507924
2025-09-14,0.0108748917405087
2025-09-15,0.0108723946181405
2025-09-16,0.0108698971635977
2025-09-17,0.0108674004221039
2025-09-18,0.0108719888140227
2025-09-19,0.010862409664112
2025-09-20,0.0108599151744284
2025-09-21,0.0108574211194067
2025-09-22,0.0108549273609435
2025-09-23,0.0108524343155295
2025-09-24,0.0108499419126591
2025-09-25,0.0129436452842087
2025-09-26,0.0108449592802277
2025-09-27,0.0108424682409454
2025-09-28,0.0108399778180399
2025-09-29,0.010837488513044
2025-09-30,0.010834999761915
2025-10-01,0.0052454392615239
2025-10-02,0.00524423455307371
2025-10-03,0.00525736043090563
2025-10-04,0.00524182616321574
2025-10-05,0.00524062226429181
2025-10-06,0.00524022908267354
2025-10-07,0.00523821549348633
2025-10-08,0.00523701229392268
2025-10-09,0.0052358097958311
2025-10-10,0.00563451571411541
2025-10-11,0.00523340508896559
2025-10-12,0.00523220298296629
2025-10-13,0.00523100141688581
2025-10-14,0.00522980019362209
2025-10-15,0.00522859897423001
2025-10-16,0.00940918713696648
2025-10-17,0.00536427658922469
2025-10-18,0.00522499749438335
2025-10-19,0.00522379758466395
2025-10-20,0.00522259775695309
2025-10-21,0.00522139832731796
2025-10-22,0.00522019914230053
2025-10-23,0.00521900021386773
2025-10-24,0.00521780167963903
2025-10-25,0.00521660336855798
2025-10-26,0.00521540532567652
2025-10-27,0.00521420750347892
2025-10-28,0.00521301008780432
2025-10-29,0.00521181287028764
2025-10-30,0.00732496848619384
2025-10-31,0.00520941916664366
2025-11-01,0.00779563934224377
2025-11-02,0.00388571798600925
2025-11-03,0.00381274831219152
2025-11-04,0.174369479924871
2025-11-05,0.317982832506059
2025-11-06,0.0560076627494659
2025-11-07,0.00389835445357909
2025-11-08,0.00395471629784206
2025-11-09,0.00399827008848492
2025-11-10,0.0672797375690763
2025-11-11,0.231917002151256
2025-11-12,0.0557912668813938
2025-11-13,0.340193475380021
2025-11-14,0.149767009366709
2025-11-15,0.00773814393061486
2025-11-16,0.0122824781549024
2025-11-17,0.190259177812416
2025-11-18,0.016233716223731
2025-11-19,0.00686961223079238
2025-11-20,0.00887662733787023
2025-11-21,0.0145440382561218
2025-11-22,0.0119602940213676
2025-11-23,0.00767846654635906
2025-11-24,0.0449281439731891
2025-11-25,0.0197665702632484
2025-11-26,0.0080028913901772
2025-11-27,0.00696485404412811
2025-11-28,0.00619032534280714
2025-11-29,0.00618394741403661
2025-11-30,0.0381079843618516
2025-12-01,0.236882732598488
2025-12-02,0.546307686521782
2025-12-03,0.207715769920605
2025-12-04,0.0118964075096305
2025-12-05,0.0117962429168468
2025-12-06,0.243356629162279
2025-12-07,0.0521531158485526
2025-12-08,0.0073817245624224
2025-12-09,0.00781613552391763
2025-12-10,0.0381036246761059
2025-12-11,0.0640863625720443
2025-12-12,0.0820963916070583
2025-12-13,0.150359218126032
2025-12-14,0.348437779685207
2025-12-15,1.40191385750456
2025-12-16,1.56238785659711
2025-12-17,0.396912150599611
2025-12-18,0.0608133178391947
2025-12-19,0.0553316831643211
2025-12-20,0.231255203112776
2025-12-21,0.102600097158814
2025-12-22,0.0838881860624061
2025-12-23,0.0881521583237208
2025-12-24,0.102212665752204
2025-12-25,0.0971465301209359
2025-12-26,0.095649509555384
2025-12-27,0.0961314449739255
2025-12-28,0.0959482742410443
2025-12-29,0.0952173959467427
2025-12-30,0.141691509171286
2025-12-31,0.344651603218503
2026-01-01,0.207314215767949
2026-01-02,0.142505834477074
2026-01-03,0.131376950874538
2026-01-04,0.137669615915866
2026-01-05,0.137792794492839
2026-01-06,0.138265155934757
2026-01-07,0.138221634339699
2026-01-08,0.13342459818144
2026-01-09,0.128644296476524
2026-01-10,0.125862564667327
2026-01-11,0.11909239086564
2026-01-12,0.115226421691106
2026-01-13,0.111387331113493
2026-01-14,0.210657570324017
2026-01-15,0.819721876412482
2026-01-16,0.978415912873829
2026-01-17,0.513825040397546
2026-01-18,0.534847907997812
2026-01-19,0.576136636579002
2026-01-20,0.617193711691067
2026-01-21,0.520185540121711
2026-01-22,0.521395158067462
2026-01-23,0.485028899794497
2026-01-24,0.476590921606382
2026-01-25,1.34579303456577
2026-01-26,11.3459062065928
2026-01-27,6.1673696174164
2026-01-28,2.736056108373
2026-01-29,0.803514285517179
2026-01-30,0.723123252622195
2026-01-31,1.09711111883505
2026-02-01,0.8026068776102
2026-02-02,0.80470193488049
2026-02-03,0.86443461342345
2026-02-04,0.711378648883619
2026-02-05,0.678218467049801
2026-02-06,0.678913414084809
2026-02-07,0.668255101794259
2026-02-08,0.645454106858727
2026-02-09,0.605003222403454
2026-02-10,0.551366749024118
2026-02-11,0.503459400865673
2026-02-12,0.464096774919602
2026-02-13,0.425475838216264
2026-02-14,0.577515036349915
2026-02-15,0.98262475180346
2026-02-16,0.915105447555883
2026-02-17,0.648078235328343
2026-02-18,0.788054493296282
2026-02-19,0.976467459463425
2026-02-20,2.60702339976707
2026-02-21,0.839419319258186
2026-02-22,0.760919724700893
2026-02-23,0.717249395213786
2026-02-24,0.682369083598861
2026-02-25,0.672448376875102
2026-02-26,0.686020931523703
2026-02-27,0.981901512344249
2026-02-28,1.03658921119727
2026-03-01,0.588853829359474
2026-03-02,0.584491692444872
2026-03-03,0.575172371559446
2026-03-04,0.558908639992596
2026-03-05,0.528025739348907
2026-03-06,0.544017529699718
2026-03-07,0.620829820965413
2026-03-08,0.465125082283791
2026-03-09,0.462087278046812
2026-03-10,0.441493187136789
2026-03-11,0.423578347365899
2026-03-12,0.397454669721703
2026-03-13,0.378250265042056
2026-03-14,0.354862167122221
2026-03-15,0.33287107570983
2026-03-16,0.313309605890874
2026-03-17,0.335579303803883
2026-03-18,0.274232654429857
2026-03-19,0.320365971478613
2026-03-20,0.251653790394697
2026-03-21,0.254030626854425
2026-03-22,0.663253503607847
2026-03-23,0.586754974433244
2026-03-24,0.402723095501552
2026-03-25,0.419223568058689
2026-03-26,0.409301822572072
2026-03-27,0.358845010401114
2026-03-28,0.342953792612973
2026-03-29,0.316719687035677
2026-03-30,0.297860168655487
2026-03-31,0.28182121210797
2026-04-01,0.352769821294222
2026-04-02,0.321606847745032
2026-04-03,0.300767504770522
2026-04-04,0.275529044348586
2026-04-05,0.256470376153019
2026-04-06,0.235995097548736
2026-04-07,0.211595159039706
2026-04-08,0.203043317070502
2026-04-09,0.190532275360234
2026-04-10,0.172509184242926
2026-04-11,0.205020275033063
2026-04-12,0.155222037552203
2026-04-13,0.318639731509944
2026-04-14,0.246585058171531
2026-04-15,0.181233334105313
2026-04-16,0.175362703105477
2026-04-17,0.171836385344357
2026-04-18,0.170517853464047
2026-04-19,0.16788572646787
2026-04-20,0.159135615343784
2026-04-21,0.147179545510627
2026-04-22,0.129064223059722
2026-04-23,0.106575683010411
2026-04-24,0.0974541337743974
2026-04-25,0.0841093980074127
2026-04-26,0.0808655681592726
2026-04-27,0.0768859030177586
2026-04-28,0.0711879390689762
2026-04-29,0.0677554350912127
2026-04-30,0.162364172762087
2026-05-01,0.110971708416816
2026-05-02,0.0972949881046997
2026-05-03,0.0986511964739161
2026-05-04,0.0985197961321456
2026-05-05,0.0828198779904076
2026-05-06,0.0832515717324609
2026-05-07,0.0791592705499988
2026-05-08,0.0764360936891357
2026-05-09,0.0725357198727683
2026-05-10,0.0725881006304007
2026-05-11,0.0830321470415887
2026-05-12,0.0733157886568041
2026-05-13,0.133756202952852
2026-05-14,0.0465574420972504
2026-05-15,0.0460712259619913
2026-05-16,0.0789819871623119
2026-05-17,0.0603158210757515
2026-05-18,0.0782400775918696
2026-05-19,0.239511676321418
2026-05-20,0.228038818910634
2026-05-21,0.0689749776016114
2026-05-22,0.0714992515619433
2026-05-23,0.0734065371855881
2026-05-24,0.0737090158477809
2026-05-25,0.084303186505196
2026-05-26,0.0688974445395884
2026-05-27,0.073511531391416
2026-05-28,0.0793353192729145
2026-05-29,0.0780206541136491
2026-05-30,0.0790525608347583
2026-05-31,0.0686303338862645
2026-06-01,0.0515470442697685
2026-06-02,0.0323245928120457
2026-06-03,0.0343907119846225
2026-06-04,0.0245179041104184
2026-06-05,0.0228069720734197
2026-06-06,0.0213211306087591
2026-06-07,0.0196897278490812
2026-06-08,0.0177256837454671
2026-06-09,0.0182951629617994
2026-06-10,0.0144152292248884
2026-06-11,0.0130802545899086
2026-06-12,0.0119956620771899
2026-06-13,0.0125532777081586
2026-06-14,0.0109329459263023
2026-06-15,0.0101230772813319
2026-06-16,0.00943959363826859
2026-06-17,0.00878325709520177
2026-06-18,0.008179939290036
2026-06-19,0.00758356029619594
2026-06-20,0.0070180273330488
2026-06-21,0.00652633088461321
2026-06-22,0.00613541250805768
2026-06-23,0.00581830786412768
2026-06-24,0.0055373313293721
2026-06-25,0.00528420184700328
2026-06-26,0.0050655342035963
2026-06-27,0.00489989876036208
2026-06-28,0.00477880114968448
2026-06-29,0.0046810500855711
2026-06-30,0.00459005250104579
2026-07-01,0.00834366100489833
2026-07-02,0.00808715301298114
2026-07-03,0.0079106855123986
2026-07-04,0.00773435602589674
2026-07-05,0.00756316977439559
2026-07-06,0.00739836312933785
2026-07-07,0.00724045441028554
2026-07-08,0.00750924861035608
2026-07-09,0.0069933491482901
2026-07-10,0.00686369347574193
2026-07-11,0.00673507619537891
2026-07-12,0.00661176016931021
2026-07-13,0.00649517325830547
2026-07-14,0.00638565951716285
2026-07-15,0.00627919496473262
2026-07-16,0.00617323353036665
2026-07-17,0.00606717309228187
2026-07-18,0.0059611498721768
2026-07-19,0.00586017862434736
2026-07-20,0.00576533035840168
2026-07-21,0.00568273899073762
2026-07-22,0.00561342777626693
2026-07-23,0.00554541040218787
2026-07-24,0.00547893050402385
2026-07-25,0.00541955866262186
2026-07-26,0.00536558901448145
2026-07-27,0.00531669658597395
2026-07-28,0.00527438247257197
2026-07-29,0.00527335722539639
2026-07-30,0.00645365499665501
2026-07-31,0.0051779198286699
2026-08-01,0.0148499516649897
2026-08-02,0.0147819782084379
2026-08-03,0.0147238323955752
2026-08-04,0.0146726463745186
2026-08-05,0.0146235528935048
2026-08-06,0.0145781087325943
2026-08-07,0.0145379802378402
2026-08-08,0.0145036622217879
2026-08-09,0.014474492942079
2026-08-10,0.0144483809714858
2026-08-11,0.0144254074869367
2026-08-12,0.0144048790204535
2026-08-13,0.0143861088602996
2026-08-14,0.0143683852800172
2026-08-15,0.0143516526993129
2026-08-16,0.0143363837471706
2026-08-17,0.0143225980461657
2026-08-18,0.014310465558485
2026-08-19,0.0143000425275765
2026-08-20,0.0142908730535239
2026-08-21,0.014282497578669
2026-08-22,0.0142749304921448
2026-08-23,0.0142679874690822
2026-08-24,0.0142614071859354
2026-08-25,0.0142551953475347
2026-08-26,0.0142494972310331
2026-08-27,0.0142443822938487
2026-08-28,0.164487356609978
2026-08-29,0.014235385348637
2026-08-30,0.0142313529036978
2026-08-31,0.014227249853573
2026-09-01,0.0109438148054724
2026-09-02,0.010940743090617
2026-09-03,0.0109377516224869
2026-09-04,0.0109348549033796
2026-09-05,0.010931999248191
2026-09-06,0.0109291416995338
2026-09-07,0.0109262535159358
2026-09-08,0.014009873713207
2026-09-09,0.0109206903511226
2026-09-10,0.0109181023037386
2026-09-11,0.0109155187301738
2026-09-12,0.0109129828625683
2026-09-13,0.0109104770324253
2026-09-14,0.010907971198648
2026-09-15,0.0109054658504126
2026-09-16,0.0109029614281961
2026-09-17,0.0109004578302381
2026-09-18,0.010897954469963
2026-09-19,0.0108954512361616
2026-09-20,0.01089294910864
2026-09-21,0.0108904474463085
2026-09-22,0.0108879465936982
2026-09-23,0.0108854459039043
2026-09-24,0.0108829456596753
2026-09-25,0.010880446388711
2026-09-26,0.0108779479572692
2026-09-27,0.0108754497046348
2026-09-28,0.0108729520204044
2026-09-29,0.010870454884226
2026-09-30,0.0108679583360767
2026-10-01,0.00526139534764702
2026-10-02,0.00526018695022092
2026-10-03,0.00525897899381064
2026-10-04,0.00525777117325997
2026-10-05,0.00525656359627113
2026-10-06,0.00525535635857937
2026-10-07,0.00525414957457428
2026-10-08,0.00525294275079681
2026-10-09,0.00525173658907102
2026-10-10,0.00525053049175536
2026-10-11,0.00524932463729757
2026-10-12,0.00524811890673249
2026-10-13,0.00524691391248435
2026-10-14,0.00524570874471601
2026-10-15,0.00524450404330516
2026-10-16,0.00524329974841728
2026-10-17,0.0052420953616658
2026-10-18,0.00524089155566138
2026-10-19,0.00523968816005156
2026-10-20,0.0052384847081269
2026-10-21,0.00523728148110974
2026-10-22,0.0052360788893947
2026-10-23,0.00523487617660268
2026-10-24,0.00523367402555149
2026-10-25,0.00523247220711
2026-10-26,0.00523127055761311
2026-10-27,0.00601955315693042
2026-10-28,0.00522886799388036
2026-10-29,0.00675708544295079
2026-10-30,0.00522646649696239
2026-10-31,0.00522526621274912
2026-11-01,0.00382376473049137
2026-11-02,0.00382288663939318
2026-11-03,0.00382200850346848
2026-11-04,0.00382113081142918
2026-11-05,0.00382030151346041
2026-11-06,0.0136317740738331
2026-11-07,0.00420643845009368
2026-11-08,0.0244987480235152
2026-11-09,0.00381674502227376
2026-11-10,0.0234683365234266
2026-11-11,0.0155967062440667
2026-11-12,0.00381411638913178
2026-11-13,0.00381324096108833
2026-11-14,0.00381236593725624
2026-11-15,0.00381149127667338
2026-11-16,0.00381061705302007
2026-11-17,0.00380974323589674
2026-11-18,0.0038088695653612
2026-11-19,0.00380799617460487
2026-11-20,0.0205005751052272
2026-11-21,0.0973221576107265
2026-11-22,0.12623046544763
2026-11-23,0.134841325192286
2026-11-24,0.0250633156286276
2026-11-25,0.00968358467429718
2026-11-26,0.219001115153009
2026-11-27,0.215118895596276
2026-11-28,0.0889415292724436
2026-11-29,0.0232153968283181
2026-11-30,0.0183266408955579
2026-12-01,0.00789049666735242
2026-12-02,0.0584980348470344
2026-12-03,0.450607387660654
2026-12-04,2.65238302795627
2026-12-05,1.73950649680433
2026-12-06,0.0628062559547782
2026-12-07,0.223212186577455
2026-12-08,0.054383331122021
2026-12-09,0.0141840652437795
2026-12-10,0.0159556504808832
2026-12-11,0.0159158953825699
2026-12-12,0.0357161335769891
2026-12-13,0.0400538336497627
2026-12-14,0.0463360787083759
2026-12-15,0.0391317028122316
2026-12-16,0.0500188665991463
2026-12-17,0.0219091897000339
2026-12-18,0.00821773862211654
2026-12-19,0.00825392774213173
2026-12-20,0.0170300632248402
2026-12-21,0.00937474497564198
2026-12-22,0.0090884222336742
2026-12-23,0.0167590453842216
2026-12-24,0.0119911451077662
2026-12-25,0.023038349267241
2026-12-26,0.025526363317933
2026-12-27,0.0106454621762503
2026-12-28,0.0108758051382765
2026-12-29,0.0130718074495067
2026-12-30,0.0185820668995403
2026-12-31,0.0194277134576792
2027-01-01,0.0113621237691865
2027-01-02,0.0144559230699492
2027-01-03,0.0216603730468685
2027-01-04,0.112686659268059
2027-01-05,0.253123102271191
2027-01-06,0.325656382006303
2027-01-07,0.276999043445388
2027-01-08,0.247645393976501
2027-01-09,0.0802794430518385
2027-01-10,0.0440591942911176
2027-01-11,0.0474676880505896
2027-01-12,0.0531818344113412
2027-01-13,0.0633328684294824
2027-01-14,0.0626124639846753
2027-01-15,0.0758851376527483
2027-01-16,0.0601074188466807
2027-01-17,0.0655401711887672
2027-01-18,0.0751779886313656
2027-01-19,0.142894423100414
2027-01-20,0.246653136093489
2027-01-21,0.10573520124162
2027-01-22,0.115767171466688
2027-01-23,0.118510213885349
2027-01-24,0.19343942102958
2027-01-25,0.13769752052185
2027-01-26,0.480778278359461
2027-01-27,0.712084405900595
2027-01-28,0.497568856235127
2027-01-29,0.40301608800869
2027-01-30,0.380939618535959
2027-01-31,0.40384695524715
2027-02-01,0.376001459875437
2027-02-02,0.359755210159291
2027-02-03,0.344532166600841
2027-02-04,0.341718972782227
2027-02-05,0.336944256545148
2027-02-06,0.314768124869529
2027-02-07,0.300049590610858
2027-02-08,0.300266720184018
2027-02-09,0.299911947193327
2027-02-10,0.25875880909761
2027-02-11,0.318760882015836
2027-02-12,0.689543869233616
2027-02-13,1.73711752340504
2027-02-14,1.17636589649546
2027-02-15,0.771925863710742
2027-02-16,0.910179874023941
2027-02-17,0.705507886869417
2027-02-18,0.925327449385275
2027-02-19,1.13697620545138
2027-02-20,0.791291010149599
2027-02-21,0.675677863049009
2027-02-22,0.659621908283569
2027-02-23,0.864540694266379
2027-02-24,0.717600043371237
2027-02-25,0.641620065684087
2027-02-26,0.608613881098116
2027-02-27,0.598111791029738
2027-02-28,0.581810922008303
2027-03-01,0.479428891370538
2027-03-02,0.447856183974075
2027-03-03,0.41672594040895
2027-03-04,0.383043581173277
2027-03-05,0.34742152650659
2027-03-06,0.324022537670561
2027-03-07,0.298262370075009
2027-03-08,0.27704549966887
2027-03-09,0.267741585002857
2027-03-10,0.258572601700853
2027-03-11,0.254780350050371
2027-03-12,0.282270474507242
2027-03-13,0.25830781986983
2027-03-14,0.233541546659732
2027-03-15,0.200823652936136
2027-03-16,0.283544083201356
2027-03-17,0.213568809516699
2027-03-18,0.204811455719813
2027-03-19,0.388099631899516
2027-03-20,0.275903946256048
2027-03-21,0.277372313990264
2027-03-22,0.271685054474457
2027-03-23,0.26722391318205
2027-03-24,0.258767299024169
2027-03-25,0.760719028917806
2027-03-26,1.56222099175945
2027-03-27,0.832628915452132
2027-03-28,0.628664592473689
2027-03-29,0.64191520296561
2027-03-30,0.544094838146989
2027-03-31,0.496206351365068
2027-04-01,0.638775072825082
2027-04-02,0.591887604776672
2027-04-03,0.616841985831339
2027-04-04,0.706076302116052
2027-04-05,0.684490099226812
2027-04-06,0.640452418533989
2027-04-07,0.61071164564234
2027-04-08,0.600881983180353
2027-04-09,0.572568324112608
2027-04-10,0.523015018675151
2027-04-11,0.489743190206755
2027-04-12,0.452127240090681
2027-04-13,0.418465167321556
2027-04-14,0.393567418065162
2027-04-15,0.371012953059569
2027-04-16,0.35413163314108
2027-04-17,0.33614060184358
2027-04-18,0.332137650167987
2027-04-19,0.308773909650666
2027-04-20,0.303022738835112
2027-04-21,0.295312738162128
2027-04-22,0.306368944980716
2027-04-23,0.226423028813022
2027-04-24,0.216612467110314
2027-04-25,0.211688786953311
2027-04-26,0.211764780921091
2027-04-27,0.220889032023467
2027-04-28,0.225600832660521
2027-04-29,0.220840880922265
2027-04-30,0.3914478141054
2027-05-01,0.49657501632664
2027-05-02,0.295778620073581
2027-05-03,0.299130894628323
2027-05-04,0.299160838108992
2027-05-05,0.38027817047613
2027-05-06,0.490352948702022
2027-05-07,0.4814858752375
2027-05-08,0.438111255996788
2027-05-09,0.399492573327016
2027-05-10,0.402921003990131
2027-05-11,0.393385341467289
2027-05-12,0.374958198073761
2027-05-13,0.374350311245873
2027-05-14,0.384579936005252
2027-05-15,0.340349286039381
2027-05-16,0.331567065334051
2027-05-17,0.324037012521491
2027-05-18,0.328625938061414
2027-05-19,0.330170980474039
2027-05-20,0.376485274580147
2027-05-21,0.266886177111867
2027-05-22,0.244184934984277
2027-05-23,0.243359637008354
2027-05-24,0.25257056354461
2027-05-25,0.267655521982689
2027-05-26,0.221329229571454
2027-05-27,0.185000697822869
2027-05-28,0.166310633633267
2027-05-29,0.175642221079843
2027-05-30,0.170499083249882
2027-05-31,0.165923084692705
2027-06-01,0.115043633928879
2027-06-02,0.112085218913658
2027-06-03,0.11790947932848
2027-06-04,0.111482739428815
2027-06-05,0.0823900550627566
2027-06-06,0.0656964165445398
2027-06-07,0.0662094768196719
2027-06-08,0.0612573163079622
2027-06-09,0.0580340504496127
2027-06-10,0.0561138717126334
2027-06-11,0.0532551861467453
2027-06-12,0.0552241435476189
2027-06-13,0.0595892680924232
2027-06-14,0.0584341983074061
2027-06-15,0.0522635541567217
2027-06-16,0.0516082342071764
2027-06-17,0.0439953439942833
2027-06-18,0.0355973452986695
2027-06-19,0.0439788378767564
2027-06-20,0.0523259270007374
2027-06-21,0.0555116912541902
2027-06-22,0.0528930895060479
2027-06-23,0.0509282516989051
2027-06-24,0.0469118954417612
2027-06-25,0.04011202858296
2027-06-26,0.0439255098066819
2027-06-27,0.024028202700624
2027-06-28,0.0204222347160561
2027-06-29,0.0197659017445905
2027-06-30,0.0189441748705866
2027-07-01,0.0324758554232035
2027-07-02,0.0290308906542513
2027-07-03,0.0257039783337982
2027-07-04,0.0226616081655341
2027-07-05,0.0199465833072854
2027-07-06,0.0176091557798677
2027-07-07,0.0156755399042089
2027-07-08,0.0140356991363552
2027-07-09,0.0125751593932648
2027-07-10,0.011274858692769
2027-07-11,0.0101700559605552
2027-07-12,0.00925414598005756
2027-07-13,0.00849568760808137
2027-07-14,0.0078676646945005
2027-07-15,0.00735559890519796
2027-07-16,0.00695363669494145
2027-07-17,0.00665917812593733
2027-07-18,0.00645691946651935
2027-07-19,0.00632030883220318
2027-07-20,0.00620551582048073
2027-07-21,0.00609803340601361
2027-07-22,0.0059947261363739
2027-07-23,0.00589890753305991
2027-07-24,0.00581260100480891
2027-07-25,0.00573410336981249
2027-07-26,0.00575666217682991
2027-07-27,0.00560956180654663
2027-07-28,0.00555372840799283
2027-07-29,0.00549610255782481
2027-07-30,0.00544578393379194
2027-07-31,0.00540055153652187
2027-08-01,0.0154592149056773
2027-08-02,0.0153707757348302
2027-08-03,0.0152896680671858
2027-08-04,0.0152070382820635
2027-08-05,0.0151206206748202
2027-08-06,0.0150367737005443
2027-08-07,0.014962414755434
2027-08-08,0.0148977942370428
2027-08-09,0.0148432889834628
2027-08-10,0.0147947516747465
2027-08-11,0.0147476360637594
2027-08-12,0.0147040012881443
2027-08-13,0.0146639973238167
2027-08-14,0.0146274074892514
2027-08-15,0.0145944266479972
2027-08-16,0.0145631806844428
2027-08-17,0.0145338716661501
2027-08-18,0.014507217056526
2027-08-19,0.0144830380258161
2027-08-20,0.0144611230768151
2027-08-21,0.0144407069508048
2027-08-22,0.0144214662550442
2027-08-23,0.0144033271687088
2027-08-24,0.0143863484933987
2027-08-25,0.0143708749863922
2027-08-26,0.0143572674812718
2027-08-27,0.0143449029187544
2027-08-28,0.0143334775362319
2027-08-29,0.0143231783074135
2027-08-30,0.0143134506385362
2027-08-31,0.0143032963137282
2027-09-01,0.0109973649159738
2027-09-02,0.0109894673718726
2027-09-03,0.010981958389332
2027-09-04,0.0109749663288048
2027-09-05,0.0109684396777689
2027-09-06,0.0109623545661638
2027-09-07,0.0109566021613399
2027-09-08,0.0109511821776414
2027-09-09,0.0109463219156148
2027-09-10,0.0109419868865112
2027-09-11,0.0109380026760699
2027-09-12,0.0109342417757174
2027-09-13,0.0109305450003498
2027-09-14,0.0109268762148819
2027-09-15,0.0109233453298955
2027-09-16,0.0109200592271498
2027-09-17,0.0109170427245301
2027-09-18,0.0109141866136008
2027-09-19,0.0109113276708273
2027-09-20,0.0109083979174166
2027-09-21,0.0109054628339464
2027-09-22,0.0109025500992204
2027-09-23,0.0108996675880326
2027-09-24,0.0108968161028361
2027-09-25,0.0108940044364481
2027-09-26,0.0108912371070263
2027-09-27,0.0108885036463426
2027-09-28,0.0108857672571425
2027-09-29,0.0108830575851114
2027-09-30,0.0108804375631848
2027-10-01,0.00526739855530262
2027-10-02,0.00526615255784615
2027-10-03,0.00526491056860052
2027-10-04,0.00526367180760475
2027-10-05,0.00526243424857949
2027-10-06,0.00526119371014567
2027-10-07,0.00525995038306992
2027-10-08,0.0052587237646159
2027-10-09,0.00525751593209833
2027-10-10,0.00525630860571064
2027-10-11,0.00525510140814323
2027-10-12,0.00525389467869316
2027-10-13,0.00525268801858079
2027-10-14,0.0052514816900222
2027-10-15,0.00525027564726156
2027-10-16,0.00524906982025728
2027-10-17,0.00524786435296422
2027-10-18,0.00524665922602416
2027-10-19,0.00524545435566872
2027-10-20,0.122578923458734
2027-10-21,0.051997660271653
2027-10-22,0.00662147855520836
2027-10-23,0.00675510381139602
2027-10-24,0.00523949029353467
2027-10-25,0.00523831548898401
2027-10-26,0.00523714010861381
2027-10-27,0.00523596314649972
2027-10-28,0.00523478427918322
2027-10-29,0.00523360333384804
2027-10-30,0.00523242039813418
2027-10-31,0.0052312358447757
2027-11-01,0.00382814474527232
2027-11-02,0.00382727629985784
2027-11-03,0.00382640750021097
2027-11-04,0.00382553844525913
2027-11-05,0.00382466923882466
2027-11-06,0.00382379970701163
2027-11-07,0.00382292992478851
2027-11-08,0.00382205975561479
2027-11-09,0.00382118908819709
2027-11-10,0.00382031812039035
2027-11-11,0.003819446990796
2027-11-12,0.00381857559894085
2027-11-13,0.00381770409089749
2027-11-14,0.00602685515244091
2027-11-15,0.00703167774930688
2027-11-16,0.0538409567381242
2027-11-17,0.0209505219561122
2027-11-18,0.00432962250480351
2027-11-19,0.00381250293940453
2027-11-20,0.00399056785739658
2027-11-21,0.00470296214179694
2027-11-22,0.00381399400531716
2027-11-23,0.00380913559930008
2027-11-24,0.00380830183671501
2027-11-25,0.0236586536366557
2027-11-26,0.00448120049485166
2027-11-27,0.00651660358358734
2027-11-28,0.00705608946022048
2027-11-29,0.00416245803483523
2027-11-30,0.00414971371264669
2027-12-01,0.0123893501041221
2027-12-02,0.0369461547123062
2027-12-03,0.189421277398495
2027-12-04,0.00482504003756909
2027-12-05,0.490430219182704
2027-12-06,0.722271781569423
2027-12-07,0.128552321507476
2027-12-08,0.00939915136868458
2027-12-09,0.00977148364922329
2027-12-10,0.055995245808103
2027-12-11,0.0109765891343756
2027-12-12,0.0247593272972938
2027-12-13,0.0204174171141798
2027-12-14,0.00845151389895524
2027-12-15,0.0218986541318877
2027-12-16,0.0320235658386881
2027-12-17,0.290074061612953
2027-12-18,0.0227598577872737
2027-12-19,0.0236401314934636
2027-12-20,0.00808506083791736
2027-12-21,0.00756676223531034
2027-12-22,0.00691344721512089
2027-12-23,0.0111650321838991
2027-12-24,0.0176712742044139
2027-12-25,0.0202065469358177
2027-12-26,0.0245040211937814
2027-12-27,0.0309283363524459
2027-12-28,0.054927515433208
2027-12-29,0.0597739524671997
2027-12-30,0.0631293276278142
2027-12-31,0.0495436243376182
2028-01-01,0.0120915539016079
2028-01-02,0.00912160722897809
2028-01-03,0.00992811317490472
2028-01-04,0.0116066457439944
2028-01-05,0.0110847483102006
2028-01-06,0.0112841066730076
2028-01-07,0.0140352553846768
2028-01-08,0.0217405132651275
2028-01-09,0.015271004424163
2028-01-10,0.0176739955373958
2028-01-11,0.0183058017902748
2028-01-12,0.0220663976021107
2028-01-13,0.0183729830292819
2028-01-14,0.0194243197240971
2028-01-15,0.0205911633746382
2028-01-16,0.0210085233738664
2028-01-17,0.00879739942046532
2028-01-18,0.00567395021028857
2028-01-19,0.00627238767114379
2028-01-20,0.00692566233055812
2028-01-21,0.00730072641619713
2028-01-22,0.00708191001242296
2028-01-23,0.00789861979201897
2028-01-24,0.00864733261068789
2028-01-25,0.0108782276550242
2028-01-26,0.0425058769243516
2028-01-27,0.0611991890036504
2028-01-28,0.0741158592260757
2028-01-29,0.0198089708745816
2028-01-30,0.00843783388891337
2028-01-31,0.00566124833428802
2028-02-01,0.00579249958142541
2028-02-02,0.0620427749717945
2028-02-03,0.00850092343733836
2028-02-04,0.00549355120475612
2028-02-05,0.00491538832105527
2028-02-06,0.00501261048379172
2028-02-07,0.00500174080369593
2028-02-08,0.00465164241584323
2028-02-09,0.00455051429654629
2028-02-10,0.00454568616296186
2028-02-11,0.00471797649753554
2028-02-12,0.00516779629766531
2028-02-13,0.0110085702897029
2028-02-14,0.00863901571797545
2028-02-15,0.00499201271561225
2028-02-16,0.00513709024213422
2028-02-17,0.0048442646041016
2028-02-18,0.00481156750361043
2028-02-19,0.00449571475877614
2028-02-20,0.00613287320142474
2028-02-21,0.0174611037306803
2028-02-22,0.0054215101984154
2028-02-23,0.00505371854078774
2028-02-24,0.160241516642107
2028-02-25,0.184298567062546
2028-02-26,0.0252218626546631
2028-02-27,0.00944967589674777
2028-02-28,0.00714915243292302
2028-02-29,0.00625468911957792
2028-03-01,0.00578620508524752
2028-03-02,0.00578681592734027
2028-03-03,0.00561571636263048
2028-03-04,0.00561701012916199
2028-03-05,0.0327894152634239
2028-03-06,0.00494368769514582
2028-03-07,0.0047799132428584
2028-03-08,0.00490838008921293
2028-03-09,0.00472114657116162
2028-03-10,0.00488279509185121
2028-03-11,0.0052513869866543
2028-03-12,0.00565530759440243
2028-03-13,0.00668282816985803
2028-03-14,0.00682984412649124
2028-03-15,0.00690119779285491
2028-03-16,0.00690236054481152
2028-03-17,0.00567022688187458
2028-03-18,0.00502639005276472
2028-03-19,0.00506584770453179
2028-03-20,0.00500284465232963
2028-03-21,0.00489503242367636
2028-03-22,0.00528610427422028
2028-03-23,0.00467709621903131
2028-03-24,0.00454034323210726
2028-03-25,0.00440626783834054
2028-03-26,0.00429798137244961
2028-03-27,0.00422353227052423
2028-03-28,0.00416695769666321
2028-03-29,0.00411279597663091
2028-03-30,0.00405051502659907
2028-03-31,0.00396797820071738
2028-04-01,0.00534457895835119
2028-04-02,0.00518530195402314
2028-04-03,0.00713092827765923
2028-04-04,0.0120636073010101
2028-04-05,0.00893288930626973
2028-04-06,0.00551089039719195
2028-04-07,0.00521511289963678
2028-04-08,0.00493993015355954
2028-04-09,0.00487705503238383
2028-04-10,0.00480477066738054
2028-04-11,0.00472933657780645
2028-04-12,0.00464759827068125
2028-04-13,0.00456008477291851
2028-04-14,0.00447533014896337
2028-04-15,0.00440342655888393
2028-04-16,0.00435048756345719
2028-04-17,0.00430791192227921
2028-04-18,0.00426693219369667
2028-04-19,0.024007878768668
2028-04-20,0.073985002491532
2028-04-21,0.112848569842598
2028-04-22,0.143278972641851
2028-04-23,0.0330655735135836
2028-04-24,0.0350646567349873
2028-04-25,0.0178761086485171
2028-04-26,0.00811620945779151
2028-04-27,0.0068643771971316
2028-04-28,0.0063501610779155
2028-04-29,0.00569344330846363
2028-04-30,0.00569995741722197
2028-05-01,0.00625490079251196
2028-05-02,0.00609238351111563
2028-05-03,0.00600629941576709
2028-05-04,0.00572416243424786
2028-05-05,0.00546112839865767
2028-05-06,0.00519485114859938
2028-05-07,0.00495583582767739
2028-05-08,0.00499964949185097
2028-05-09,0.00639769328786548
2028-05-10,0.00468132067452726
2028-05-11,0.00456002237673259
2028-05-12,0.00445439267124931
2028-05-13,0.00435384559281978
2028-05-14,0.00426876939063762
2028-05-15,0.00420387820759124
2028-05-16,0.00415236885096843
2028-05-17,0.00410670875865724
2028-05-18,0.0040683820760107
2028-05-19,0.00403115562016102
2028-05-20,0.00399053657921947
2028-05-21,0.00395092472053386
2028-05-22,0.0039124353973766
2028-05-23,0.00387526333610452
2028-05-24,0.00383945911814991
2028-05-25,0.00380455975547638
2028-05-26,0.00377234543225401
2028-05-27,0.00374335297676998
2028-05-28,0.00372003409054708
2028-05-29,0.00446361896534988
2028-05-30,0.00369239732317997
2028-05-31,0.00367273783719566
2028-06-01,0.00295504707600565
2028-06-02,0.00293663286928677
2028-06-03,0.00291736484768336
2028-06-04,0.00289775656479732
2028-06-05,0.00287972390639956
2028-06-06,0.00286430288869203
2028-06-07,0.00285115225693111
2028-06-08,0.00283897004244246
2028-06-09,0.00282773187542434
2028-06-10,0.00281766934535152
2028-06-11,0.00280764267650553
2028-06-12,0.0027973393882525
2028-06-13,0.00278769063003858
2028-06-14,0.00277887058315381
2028-06-15,0.00277060165437793
2028-06-16,0.00276258688103774
2028-06-17,0.00275497778236711
2028-06-18,0.00274826889956805
2028-06-19,0.00274218535866696
2028-06-20,0.00273652048155386
2028-06-21,0.00273151703976607
2028-06-22,0.00272693062153751
2028-06-23,0.00272257582797105
2028-06-24,0.00271846837868461
2028-06-25,0.00271467801546141
2028-06-26,0.00271133810963578
2028-06-27,0.00270831359677437
2028-06-28,0.00270536125183438
2028-06-29,0.00270252742186087
2028-06-30,0.00269993128948611
2028-07-01,0.00494880030823154
2028-07-02,0.00494488149371166
2028-07-03,0.0049413161382619
2028-07-04,0.00493806718970608
2028-07-05,0.00493508390593499
2028-07-06,0.00493235097600746
2028-07-07,0.00492986208890334
2028-07-08,0.00492760054925467
2028-07-09,0.0049255729443116
2028-07-10,0.00492371344941321
2028-07-11,0.00492194813715162
2028-07-12,0.00492030771067263
2028-07-13,0.00491880011707746
2028-07-14,0.00491739232869415
2028-07-15,0.00491604347200085
2028-07-16,0.00491472012709856
2028-07-17,0.00491339586700004
2028-07-18,0.0049120886597629
2028-07-19,0.00491086236006606
2028-07-20,0.00490971303318835
2028-07-21,0.00490858563694179
2028-07-22,0.00490745821710262
2028-07-23,0.00490633118752436
2028-07-24,0.00490520432702639
2028-07-25,0.00490407787677749
2028-07-26,0.00490295140129763
2028-07-27,0.00490182543502467
2028-07-28,0.00490069985049308
2028-07-29,0.00489957405133438
2028-07-30,0.0048984491149439
2028-07-31,0.00489732389511455
2028-08-01,0.0141154097666765
2028-08-02,0.0141121680306679
2028-08-03,0.0141089269861539
2028-08-04,0.0141056872112693
2028-08-05,0.0141024476224836
2028-08-06,0.0140992084937497
2028-08-07,0.0140959705826885
2028-08-08,0.0140927332346475
2028-08-09,0.014089496668789
2028-08-10,0.0140862608133183
2028-08-11,0.0140830260281527
2028-08-12,0.0140797915046592
2028-08-13,0.014076557690609
2028-08-14,0.0140733249676465
2028-08-15,0.0140700930070285
2028-08-16,0.0140668616642211
2028-08-17,0.014063630996849
2028-08-18,0.0140604012089599
2028-08-19,0.0140571717091934
2028-08-20,0.0140539435914713
2028-08-21,0.0140507162512085
2028-08-22,0.0140474890006886
2028-08-23,0.0140442627515135
2028-08-24,0.0140410375820901
2028-08-25,0.0140378131183312
2028-08-26,0.0140345889332485
2028-08-27,0.024176340240613
2028-08-28,0.0140281432393181
2028-08-29,0.0140249216086087
2028-08-30,0.014021700750635
2028-08-31,0.0140184808581087
2028-09-01,0.0107838509700859
2028-09-02,0.0107813741728856
2028-09-03,0.0107788981897678
2028-09-04,0.0107764222909656
2028-09-05,0.0107739478684149
2028-09-06,0.0107714730955178
2028-09-07,0.0107689996825746
2028-09-08,0.0107665261947649
2028-09-09,0.0107640538328603
2028-09-10,0.0107615817151805
2028-09-11,0.0107591100583295
2028-09-12,0.0107566389815122
2028-09-13,0.0107541690407761
2028-09-14,0.0107516996059341
2028-09-15,0.0107492298243802
2028-09-16,0.0107467615517863
2028-09-17,0.0107442935648481
2028-09-18,0.0107418255139463
2028-09-19,0.0107393584450315
2028-09-20,0.0107368925638048
2028-09-21,0.0107344266011698
2028-09-22,0.0107319611400679
2028-09-23,0.010729496696569
2028-09-24,0.010727032289413
2028-09-25,0.0107245688969528
2028-09-26,0.0107221059798585
2028-09-27,0.010719643534496
2028-09-28,0.0107171818763221
2028-09-29,0.0107147202145139
2028-09-30,0.0107122595397807
2028-10-01,0.0115542954334604
2028-10-02,0.00518482745436165
2028-10-03,0.00518363687672003
2028-10-04,0.00518244618680066
2028-10-05,0.00518125628493747
2028-10-06,0.00518006622926429
2028-10-07,0.00517887662798172
2028-10-08,0.00517768732903962
2028-10-09,0.0231162458611424
2028-10-10,0.00517530936012209
2028-10-11,0.00517412090590302
2028-10-12,0.00517293250729488
2028-10-13,0.00517174454442303
2028-10-14,0.00517055690571367
2028-10-15,0.00516936922582404
2028-10-16,0.00516818204150527
2028-10-17,0.00516699526370946
2028-10-18,0.00516580870167001
2028-10-19,0.00516462230751924
2028-10-20,0.00915523913717842
2028-10-21,0.00941852340597966
2028-10-22,0.00694588342264124
2028-10-23,0.00776652428329078
2028-10-24,0.00515869463922145
2028-10-25,0.286523026389292
2028-10-26,0.0597106663725083
2028-10-27,0.00515858441799941
2028-10-28,0.217985267853208
2028-10-29,0.0151689656522228
2028-10-30,0.00521040510062582
2028-10-31,0.767034807929819
2028-11-01,5.11028904282836
2028-11-02,0.00524278292957351
2028-11-03,0.00607794443118718
2028-11-04,0.00557437102121301
2028-11-05,0.00560739329159041
2028-11-06,0.00561875214827887
2028-11-07,0.00561958097273554
2028-11-08,0.00561315406766523
2028-11-09,0.00560286232486064
2028-11-10,0.00558889898363223
2028-11-11,0.00557149877820208
2028-11-12,0.0079665221821932
2028-11-13,0.0532003313085758
2028-11-14,0.412423701571676
2028-11-15,0.525325274137067
2028-11-16,0.2735675394861
2028-11-17,0.565664317527695
2028-11-18,0.728485298686435
2028-11-19,0.0448800532085502
2028-11-20,0.0095505306570449
2028-11-21,0.0156617687846095
2028-11-22,0.223448192091895
2028-11-23,0.0846109100746415
2028-11-24,0.0200799591191658
2028-11-25,0.011496818362913
2028-11-26,0.0127298112581349
2028-11-27,0.0148147770349609
2028-11-28,0.0152305430421295
2028-11-29,0.0110322485627716
2028-11-30,0.0116282172142278
2028-12-01,0.012426985468031
2028-12-02,0.0103372103034433
2028-12-03,0.0104990185412962
2028-12-04,0.00921497153414602
2028-12-05,0.00928840105179311
2028-12-06,0.00936211821036204
2028-12-07,0.0094182442207458
2028-12-08,0.00946140721908664
2028-12-09,0.00953626697371287
2028-12-10,0.00953025155135378
2028-12-11,0.0323476335407152
2028-12-12,0.230933724326996
2028-12-13,0.0289421964417351
2028-12-14,0.0336274713247074
2028-12-15,0.0245169009978081
2028-12-16,0.0591812811169051
2028-12-17,0.121905613272958
2028-12-18,0.0370102784197963
2028-12-19,0.0157545331056808
2028-12-20,0.0175165059093019
2028-12-21,0.0181463453474824
2028-12-22,0.0210737324547679
2028-12-23,0.0493287192728493
2028-12-24,0.0516133708330517
2028-12-25,0.0359735452390613
2028-12-26,0.119694136341512
2028-12-27,0.0782437464402234
2028-12-28,0.0337714423900911
2028-12-29,0.0318577773753796
2028-12-30,0.0337207143623058
2028-12-31,0.137641279398264
2029-01-01,0.421650498731924
2029-01-02,0.0771669561055464
2029-01-03,0.0534607992514637
2029-01-04,0.0700636462779902
2029-01-05,0.175946941036821
2029-01-06,0.0720298502680967
2029-01-07,0.0776119744300953
2029-01-08,0.0773039229395116
2029-01-09,0.21861029243626
2029-01-10,0.213806703154356
2029-01-11,0.115679746079959
2029-01-12,0.134718865102768
2029-01-13,0.133005782039656
2029-01-14,0.137956635798718
2029-01-15,0.138943122865654
2029-01-16,0.134955108673155
2029-01-17,0.13368943413308
2029-01-18,0.190239427619799
2029-01-19,0.158348931322559
2029-01-20,0.149966637155549
2029-01-21,0.155748688249281
2029-01-22,0.148225142935222
2029-01-23,0.140479241881126
2029-01-24,0.13505570096155
2029-01-25,0.13513882989897
2029-01-26,0.133153560539412
2029-01-27,0.139898960626781
2029-01-28,0.131032256220996
2029-01-29,0.126192993080946
2029-01-30,0.166105374597143
2029-01-31,0.126666024050675
2029-02-01,0.112519856707844
2029-02-02,0.110240727192596
2029-02-03,0.107854360150179
2029-02-04,0.11774344112192
2029-02-05,0.109591353593733
2029-02-06,0.121552714657038
2029-02-07,0.129185121889174
2029-02-08,0.129043301438481
2029-02-09,0.137312011474396
2029-02-10,0.143502258963814
2029-02-11,0.143997894912181
2029-02-12,0.220949722799519
2029-02-13,0.511405572287185
2029-02-14,1.21227674852261
2029-02-15,1.78204779783679
2029-02-16,0.814892750448415
2029-02-17,0.556012143030674
2029-02-18,0.614393710941164
2029-02-19,1.18365178008838
2029-02-20,0.618070640135705
2029-02-21,0.614490907677156
2029-02-22,0.595806414272412
2029-02-23,0.573397148244161
2029-02-24,0.534469544031399
2029-02-25,0.680167799416775
2029-02-26,1.38105246908948
2029-02-27,0.732006152086154
2029-02-28,0.641985040308385
2029-03-01,0.548669882919076
2029-03-02,0.519235786301521
2029-03-03,0.650493522512826
2029-03-04,0.488812118988598
2029-03-05,0.471487604344893
2029-03-06,0.44648899735639
2029-03-07,0.415020326434344
2029-03-08,0.38031783576497
2029-03-09,0.347168470992793
2029-03-10,0.315335444606511
2029-03-11,0.286711646639205
2029-03-12,0.260354082172582
2029-03-13,0.237213968517945
2029-03-14,0.218110293979242
2029-03-15,0.20172623628609
2029-03-16,0.186210611158792
2029-03-17,0.172122793324619
2029-03-18,0.157178787838568
2029-03-19,0.143115581581565
2029-03-20,0.130477446866965
2029-03-21,0.118820906452225
2029-03-22,0.10829578735214
2029-03-23,0.0996818233226772
2029-03-24,0.0885066628152733
2029-03-25,0.0833913665801754
2029-03-26,0.0763108235793901
2029-03-27,0.0720390782510993
2029-03-28,0.201312490019756
2029-03-29,0.431259887613902
2029-03-30,5.23208858731402
2029-03-31,0.961277960732757
2029-04-01,0.650154364423138
2029-04-02,0.65895132253754
2029-04-03,0.659704884079523
2029-04-04,0.64844843598694
2029-04-05,0.566356349767024
2029-04-06,0.51498603477725
2029-04-07,0.491483282025221
2029-04-08,0.43189505833533
2029-04-09,0.394026336410047
2029-04-10,0.35952244729885
2029-04-11,0.334130892100042
2029-04-12,0.303448719212433
2029-04-13,0.276667107771595
2029-04-14,0.253841173430695
2029-04-15,0.230741111003422
2029-04-16,0.208828406251284
2029-04-17,0.187739886195636
2029-04-18,0.16621312877677
2029-04-19,0.312276986507106
2029-04-20,0.138850414451251
2029-04-21,0.130672023806955
2029-04-22,0.124415626495979
2029-04-23,0.146692656363211
2029-04-24,0.114295605092818
2029-04-25,0.12774958604163
2029-04-26,0.107874028714707
2029-04-27,0.13710257090354
2029-04-28,0.120500027557795
2029-04-29,0.124250628488997
2029-04-30,0.123939734637904
2029-05-01,0.13705031814247
2029-05-02,0.111692357064524
2029-05-03,0.105303514228164
2029-05-04,0.0979647907484788
2029-05-05,0.0838770592607306
2029-05-06,0.0727416830795035
2029-05-07,0.0610429979429858
2029-05-08,0.0529495504978503
2029-05-09,0.0425496161668562
2029-05-10,0.0348043817096604
2029-05-11,0.0282103300462436
2029-05-12,0.0240216100947916
2029-05-13,0.0194268497867748
2029-05-14,0.0266345827894905
2029-05-15,0.0149828057134798
2029-05-16,0.0137575021068791
2029-05-17,0.0126118015366901
2029-05-18,0.0117953310226387
2029-05-19,0.0110715937642872
2029-05-20,0.0104703512871833
2029-05-21,0.0100335576404373
2029-05-22,0.00979919016989481
2029-05-23,0.00939707904136919
2029-05-24,0.00908153187538709
2029-05-25,0.00879454626313994
2029-05-26,0.00854567695744457
2029-05-27,0.0083253062782162
2029-05-28,0.00812577880469202
2029-05-29,0.00793835113100473
2029-05-30,0.00776239542659414
2029-05-31,0.00760076805194309
2029-06-01,0.0202802351287302
2029-06-02,0.0293305570504288
2029-06-03,0.00706554566753761
2029-06-04,0.00595118643965183
2029-06-05,0.00586552901838931
2029-06-06,0.00577508891301679
2029-06-07,0.00633243108572065
2029-06-08,0.00561521385775668
2029-06-09,0.00553002773317388
2029-06-10,0.0073482117432846
2029-06-11,0.00535869059118264
2029-06-12,0.00525524959837798
2029-06-13,0.0064730875909483
2029-06-14,0.00508263976176774
2029-06-15,0.0238472932951291
2029-06-16,0.00510569249858465
2029-06-17,0.00493304088624312
2029-06-18,0.00505582111940835
2029-06-19,0.0057829555447476
2029-06-20,0.00482516456951678
2029-06-21,0.00465173525762096
2029-06-22,0.00457173028895761
2029-06-23,0.00448951990190958
2029-06-24,0.00440822833338841
2029-06-25,0.00433130699333806
2029-06-26,0.00425737820178287
2029-06-27,0.00418233683822896
2029-06-28,0.0041059931312648
2029-06-29,0.00403974044198349
2029-06-30,0.00395985928442321
2029-07-01,0.00711606517001143
2029-07-02,0.00695849595238574
2029-07-03,0.00679923183854123
2029-07-04,0.00665083212358197
2029-07-05,0.00652021811443401
2029-07-06,0.00639258731533027
2029-07-07,0.00626126720919557
2029-07-08,0.0061357294274807
2029-07-09,0.00601657241676613
2029-07-10,0.00590612814159052
2029-07-11,0.00580370038567853
2029-07-12,0.00570941196620057
2029-07-13,0.00562280606163509
2029-07-14,0.00554334835336147
2029-07-15,0.00547021653118417
2029-07-16,0.00540328329533904
2029-07-17,0.00534339559783554
2029-07-18,0.00529072483300471
2029-07-19,0.00524447925158581
2029-07-20,0.00520355286466643
2029-07-21,0.00516791586758566
2029-07-22,0.00513776644996842
2029-07-23,0.00511282994284917
2029-07-24,0.0050915832280475
2029-07-25,0.00507130888613112
2029-07-26,0.0050509906944211
2029-07-27,0.00503356348633809
2029-07-28,0.00501964134904484
2029-07-29,0.0050083428738692
2029-07-30,0.00499902178253064
2029-07-31,0.00499077422094848
2029-08-01,0.0143675991904973
2029-08-02,0.014350219133761
2029-08-03,0.0143350226865251
2029-08-04,0.0143211311320598
2029-08-05,0.0143087919630748
2029-08-06,0.0142983074977857
2029-08-07,0.0142894792366294
2029-08-08,0.0142824932606066
2029-08-09,0.0142765986462863
2029-08-10,0.0142711667759782
2029-08-11,0.0142660926596456
2029-08-12,0.0142613045396118
2029-08-13,0.0142566975911563
2029-08-14,0.0142524032020268
2029-08-15,0.0142484930269316
2029-08-16,0.0142447510824528
2029-08-17,0.0142410420472586
2029-08-18,0.014237395649948
2029-08-19,0.0142338028368542
2029-08-20,0.0142303495110634
2029-08-21,0.0142270610519379
2029-08-22,0.01422379375897
2029-08-23,0.0142205267068916
2029-08-24,0.0142172610160751
2029-08-25,0.0142139958665515
2029-08-26,0.0142107314406411
2029-08-27,0.0142074682314588
2029-08-28,0.0142042051715335
2029-08-29,0.0142009434596448
2029-08-30,0.0141976813500523
2029-08-31,0.0141944207509786
2029-09-01,0.0109191951127756
2029-09-02,0.0533111555269699
2029-09-03,0.0109141802862901
2029-09-04,0.0271675011417544
2029-09-05,0.0109091677334208
2029-09-06,0.0148649186243979
2029-09-07,0.0109041578096016
2029-09-08,0.042078479028527
2029-09-09,0.010899149639694
2029-09-10,0.0108966468412813
2029-09-11,0.0108941443103528
2029-09-12,0.0108916422889527
2029-09-13,0.0108891410431115
2029-09-14,0.0108866401381674
2029-09-15,0.0108841401149036
2029-09-16,0.07611825328342
2029-09-17,0.0108791414523162
2029-09-18,0.0108766430470414
2029-09-19,0.0916013859805797
2029-09-20,0.0108889066913024
2029-09-21,0.0108691520615381
2029-09-22,0.0108666573668803
2029-09-23,0.0108641630392863
2029-09-24,0.0108616698012545
2029-09-25,0.0108591767282198
2029-09-26,0.0108566844641795
2029-09-27,0.0108541926253519
2029-09-28,0.0108517009449797
2029-09-29,0.0108492098606322
2029-09-30,0.0108467192654609
2029-10-01,0.00525111363609861
2029-10-02,0.00524990803752151
2029-10-03,0.00524870265927635
2029-10-04,0.00524749761364087
2029-10-05,0.00524629275525234
2029-10-06,0.00524508799435893
2029-10-07,0.00524388366533017
2029-10-08,0.00524267975197553
2029-10-09,0.00524147574710923
2029-10-10,0.00524027234551598
2029-10-11,0.00523906895976128
2029-10-12,0.00523786585276517
2029-10-13,0.00523666313997316
2029-10-14,0.00523546077633335
2029-10-15,0.00523425841762107
2029-10-16,0.00523305640102163
2029-10-17,0.00523185465966111
2029-10-18,0.00523065332517553
2029-10-19,0.00522945203327807
2029-10-20,0.00522825110144379
2029-10-21,0.00522705041422723
2029-10-22,0.0052258500561007
2029-10-23,0.00522464990633918
2029-10-24,0.00522345016556439
2029-10-25,0.00522225063315463
2029-10-26,0.0052210513340996
2029-10-27,0.00521985246022183
2029-10-28,0.00521865377851855
2029-10-29,0.00521745508907198
2029-10-30,0.00521625699937877
2029-10-31,0.00521505893995479
2029-11-01,0.00381629520999203
2029-11-02,0.00394118914395816
2029-11-03,0.00381494069796269
2029-11-04,0.00381366653794888
2029-11-05,0.00381279088912205
2029-11-06,0.003811915277393
2029-11-07,0.00381103977077435
2029-11-08,0.00381016459597486
2029-11-09,0.00380928949614382
2029-11-10,0.00380841472400996
2029-11-11,0.00380754010052488
2029-11-12,0.00380666578026275
2029-11-13,0.00380579153857579
2029-11-14,0.00380491767379209
2029-11-15,0.00380404384043847
2029-11-16,0.00406526358691159
2029-11-17,0.00435221546551717
2029-11-18,0.043145044920993
2029-11-19,0.0116962903936732
2029-11-20,0.0104320281461799
2029-11-21,0.0886047762359843
2029-11-22,0.225884144335858
2029-11-23,0.0205739374998847
2029-11-24,0.1964826378788
2029-11-25,0.478072567228662
2029-11-26,0.0144555678786635
2029-11-27,0.0185721614997213
2029-11-28,0.0161874997823009
2029-11-29,0.0132727552276663
2029-11-30,0.01364937244176
2029-12-01,0.480285247250172
2029-12-02,0.367082063652237
2029-12-03,0.0161331465503749
2029-12-04,0.0146119828643125
2029-12-05,0.0162063128661139
2029-12-06,0.0153505876140124
2029-12-07,0.0115754124026939
2029-12-08,0.0112131416467417
2029-12-09,0.0103648465393699
2029-12-10,0.0296511585732165
2029-12-11,0.263683323596167
2029-12-12,0.526157119596852
2029-12-13,0.398065607575613
2029-12-14,0.446877526978882
2029-12-15,0.0079788022939882
2029-12-16,0.0447171228083203
2029-12-17,0.251190650169122
2029-12-18,0.044773441175413
2029-12-19,0.0246887771607451
2029-12-20,0.0134985628497761
2029-12-21,0.0712328735308445
2029-12-22,0.407122515163037
2029-12-23,0.0178440575940764
2029-12-24,0.0201425753478873
2029-12-25,0.0158049827582132
2029-12-26,0.154205352759848
2029-12-27,0.329863030180393
2029-12-28,0.363419711147296
2029-12-29,0.612339020868521
2029-12-30,0.111495404717359
2029-12-31,0.792309453583636
2030-01-01,0.277552959177437
2030-01-02,0.592656372292376
2030-01-03,1.48763428130358
2030-01-04,1.18519442326005
2030-01-05,0.717193151241921
2030-01-06,0.89269672787113
2030-01-07,3.52012658754536
2030-01-08,2.26408795236287
2030-01-09,0.792746535756075
2030-01-10,0.795752708476159
2030-01-11,0.724068383831609
2030-01-12,0.755434049366445
2030-01-13,0.991561665437787
2030-01-14,1.06628735479552
2030-01-15,1.25801245859837
2030-01-16,1.56895888153522
2030-01-17,1.01795360586656
2030-01-18,0.701193259647861
2030-01-19,0.966835272806462
2030-01-20,0.688621642871179
2030-01-21,0.670968024113199
2030-01-22,0.672377963918322
2030-01-23,0.652543524282651
2030-01-24,0.643151305895852
2030-01-25,0.613016472138561
2030-01-26,0.578977899107403
2030-01-27,0.622134763777779
2030-01-28,0.702772872266092
2030-01-29,0.603646184968091
2030-01-30,0.588943867984873
2030-01-31,0.555361242438007
2030-02-01,0.555120941238185
2030-02-02,0.586407784838328
2030-02-03,1.18436159771457
2030-02-04,3.99377602206136
2030-02-05,1.36130454635229
2030-02-06,0.69042159985484
2030-02-07,0.691622450165331
2030-02-08,0.695675267754015
2030-02-09,0.681419291400622
2030-02-10,0.665445992272303
2030-02-11,0.649640478369956
2030-02-12,0.650785002177327
2030-02-13,0.663862121170653
2030-02-14,0.557366837959432
2030-02-15,0.53391850063774
2030-02-16,0.510025160071893
2030-02-17,0.542147806435446
2030-02-18,0.487414906684628
2030-02-19,0.437452186945429
2030-02-20,0.426533120215377
2030-02-21,0.62894156528064
2030-02-22,0.935867919880627
2030-02-23,0.564081110020376
2030-02-24,0.569406780928659
2030-02-25,0.551025101843585
2030-02-26,0.519640356523397
2030-02-27,0.554073552536526
2030-02-28,0.478964822509571
2030-03-01,0.382129629467107
2030-03-02,0.367425177753621
2030-03-03,0.331583977659948
2030-03-04,0.312298747811414
2030-03-05,0.291791170376873
2030-03-06,0.283968579685728
2030-03-07,0.264475616614449
2030-03-08,0.366305296763662
2030-03-09,0.33677588357961
2030-03-10,0.329534469687789
2030-03-11,0.365319873267783
2030-03-12,0.355068107775374
2030-03-13,0.333006153978461
2030-03-14,0.416710912911998
2030-03-15,0.4803047646628
2030-03-16,0.447025102594821
2030-03-17,0.399765585973029
2030-03-18,0.391006645619044
2030-03-19,0.894642077502236
2030-03-20,0.813524964570165
2030-03-21,0.719515365174136
2030-03-22,0.606367639505882
2030-03-23,0.531724979337844
2030-03-24,0.531088239673491
2030-03-25,0.52943466675263
2030-03-26,0.879036359307647
2030-03-27,0.911957511448405
2030-03-28,0.589022309663664
2030-03-29,0.525568233357904
2030-03-30,0.541683096296008
2030-03-31,1.14409453916125
2030-04-01,3.18404055687592
2030-04-02,1.56533609295998
2030-04-03,0.840452555513532
2030-04-04,0.826118270681899
2030-04-05,0.83330169093323
2030-04-06,0.855011969953873
2030-04-07,0.819607672160473
2030-04-08,0.75417653644739
2030-04-09,0.730030705992148
2030-04-10,0.681991245366102
2030-04-11,0.657424303101806
2030-04-12,0.615375266060795
2030-04-13,0.580722250807469
2030-04-14,0.5385032538888
2030-04-15,0.494190509791624
2030-04-16,0.491077716916683
2030-04-17,0.440650300870018
2030-04-18,0.401001153872031
2030-04-19,0.376020720179632
2030-04-20,0.41147217865182
2030-04-21,0.567720062210022
2030-04-22,0.424362472011984
2030-04-23,0.414528431104519
2030-04-24,0.425424239691843
2030-04-25,0.441720518995272
2030-04-26,0.441611215592907
2030-04-27,0.436153531085437
2030-04-28,0.520053447685242
2030-04-29,0.527703934058001
2030-04-30,0.54101505219748
2030-05-01,0.588347598963424
2030-05-02,0.55349298083237
2030-05-03,0.583287155333793
2030-05-04,0.576378548553215
2030-05-05,0.504673776761614
2030-05-06,0.508364026065148
2030-05-07,0.640137224547533
2030-05-08,0.680023440264982
2030-05-09,0.721873674754237
2030-05-10,0.795049774943511
2030-05-11,0.903408754753705
2030-05-12,0.865479631452209
2030-05-13,0.85785023975506
2030-05-14,0.745970510856193
2030-05-15,0.671660981198183
2030-05-16,0.451569789584499
2030-05-17,0.456990809360026
2030-05-18,0.38781317748366
2030-05-19,0.309739596369273
2030-05-20,0.327561227531115
2030-05-21,0.285376025116798
2030-05-22,0.377723856594899
2030-05-23,0.396568429789525
2030-05-24,0.366226298868727
2030-05-25,0.359898350238623
2030-05-26,0.405762227879101
2030-05-27,0.403703293053821
2030-05-28,0.475773728758903
2030-05-29,0.471914065297297
2030-05-30,0.437473158783062
2030-05-31,0.417177029960391
2030-06-01,0.318861613928155
2030-06-02,0.297799533052652
2030-06-03,0.333342074859856
2030-06-04,0.32457164418912
2030-06-05,0.350216616470929
2030-06-06,0.38289467181314
2030-06-07,0.471043866566465
2030-06-08,0.373388802932846
2030-06-09,0.225944611801295
2030-06-10,0.152361348697426
2030-06-11,0.16234526524176
2030-06-12,0.162775526491882
2030-06-13,0.175785161311248
2030-06-14,0.158367322209109
2030-06-15,0.145479427512831
2030-06-16,0.156842784903345
2030-06-17,0.166361852723824
2030-06-18,0.165480487002593
2030-06-19,0.160768950187698
2030-06-20,0.157347581757854
2030-06-21,0.153212124118612
2030-06-22,0.146499760227234
2030-06-23,0.106069467257703
2030-06-24,0.0923964370484213
2030-06-25,0.0879108797476846
2030-06-26,0.087231917203058
2030-06-27,0.0841835783210186
2030-06-28,0.0741234880744383
2030-06-29,0.0685616485893259
2030-06-30,0.0713157441445743
2030-07-01,0.128477714229479
2030-07-02,0.127795388631358
2030-07-03,0.128236623218944
2030-07-04,0.116329745537557
2030-07-05,0.126491840690149
2030-07-06,0.136471014438689
2030-07-07,0.0773246567587696
2030-07-08,0.0375411981526969
2030-07-09,0.0361624154787581
2030-07-10,0.0353765354202009
2030-07-11,0.0337053368198612
2030-07-12,0.0298312484014058
2030-07-13,0.0258232947393858
2030-07-14,0.0223380592441126
2030-07-15,0.0193517811292363
2030-07-16,0.0168914631167624
2030-07-17,0.0148663963801408
2030-07-18,0.0132389589216484
2030-07-19,0.0119782095259116
2030-07-20,0.0109662254172175
2030-07-21,0.0101038162658469
2030-07-22,0.00979482252553428
2030-07-23,0.00874949251274222
2030-07-24,0.00804661165727166
2030-07-25,0.00743745493153858
2030-07-26,0.00696924469052218
2030-07-27,0.00658181913200979
2030-07-28,0.00625145563264629
2030-07-29,0.00598601169299294
2030-07-30,0.00584744411225595
2030-07-31,0.00571892776561739
2030-08-01,0.0163240173248262
2030-08-02,0.0161834232791194
2030-08-03,0.0160561448569731
2030-08-04,0.0159386822872109
2030-08-05,0.015825682600756
2030-08-06,0.015716448404548
2030-08-07,0.015611010128127
2030-08-08,0.015512107219824
2030-08-09,0.0154192107977607
2030-08-10,0.0153316759922349
2030-08-11,0.0152491896601181
2030-08-12,0.0151718124110983
2030-08-13,0.0151021520771504
2030-08-14,0.0150405123868746
2030-08-15,0.014982130735631
2030-08-16,0.0149238255323244
2030-08-17,0.0148664187986868
2030-08-18,0.0148121704948548
2030-08-19,0.0147630424910689
2030-08-20,0.0147199575443278
2030-08-21,0.0146836094116774
2030-08-22,0.0146523398664576
2030-08-23,0.0146224505226799
2030-08-24,0.0145923862232176
2030-08-25,0.0145636464835007
2030-08-26,0.0145352284191245
2030-08-27,0.0145059671885859
2030-08-28,0.0144774529922939
2030-08-29,0.0144508245064279
2030-08-30,0.0144262748469071
2030-08-31,0.0144028836174495
2030-09-01,0.0110651506132421
2030-09-02,0.0110493716344235
2030-09-03,0.0110356239759774
2030-09-04,0.0110241645761401
2030-09-05,0.0110137281566895
2030-09-06,0.011003648877397
2030-09-07,0.010993719730175
2030-09-08,0.0109841353490576
2030-09-09,0.0109751866478672
2030-09-10,0.0205900921558485
2030-09-11,0.0109615522246577
2030-09-12,0.0242748692082114
2030-09-13,0.0109495678383028
2030-09-14,0.0109428654130525
2030-09-15,0.010936339039677
2030-09-16,0.0109302497479038
2030-09-17,0.0363360249671372
2030-09-18,0.0576138245472835
2030-09-19,0.575483993277693
2030-09-20,0.853462587174731
2030-09-21,0.0110106396448416
2030-09-22,0.0111618884330618
2030-09-23,0.0112676022919786
2030-09-24,0.0113365022558986
2030-09-25,0.0113811824313224
2030-09-26,0.0114078527781235
2030-09-27,0.0114210146933331
2030-09-28,0.0114195860236722
2030-09-29,0.0114048091818217
2030-09-30,0.0113828157816671
2030-10-01,0.00549994023496405
2030-10-02,0.00548722068052908
2030-10-03,0.00547553654817553
2030-10-04,0.00546581947907204
2030-10-05,0.00545683691460178
2030-10-06,0.00544895996764163
2030-10-07,0.00544199791099223
2030-10-08,0.00543544979362192
2030-10-09,0.00542903784877329
2030-10-10,0.00542260443669648
2030-10-11,0.0182961320177584
2030-10-12,0.00541215987592084
2030-10-13,0.082363529843133
2030-10-14,0.00619324358429409
2030-10-15,0.0214568089700409
2030-10-16,0.00544794159559082
2030-10-17,0.00540104862452562
2030-10-18,0.00539851752104777
2030-10-19,0.00539522711116434
2030-10-20,0.00539148088380122
2030-10-21,0.00538771783870633
2030-10-22,0.00538408073970482
2030-10-23,0.0053805034185851
2030-10-24,0.0053768253205989
2030-10-25,0.0093686107622849
2030-10-26,0.00536993980782379
2030-10-27,0.00536704042164321
2030-10-28,0.00536425766918844
2030-10-29,0.00536200155192132
2030-10-30,0.101962279904592
2030-10-31,0.0265040787579104
2030-11-01,0.081113179293647
2030-11-02,0.304478401657012
2030-11-03,0.0090774747960861
2030-11-04,0.00651811612036272
2030-11-05,0.00630331997712275
2030-11-06,0.0119616555727031
2030-11-07,0.00772347325092628
2030-11-08,0.00429939175779269
2030-11-09,0.00500651657691828
2030-11-10,0.00433856647346536
2030-11-11,0.00434827125138778
2030-11-12,0.0060082769988341
2030-11-13,0.00436321646659269
2030-11-14,0.00436816278278532
2030-11-15,0.00437063312531375
2030-11-16,0.00437132412683346
2030-11-17,0.00437172731749477
2030-11-18,0.00437319176986314
2030-11-19,0.0298763089413485
2030-11-20,0.010066914824656
2030-11-21,0.00484581611290444
2030-11-22,0.0676857674275015
2030-11-23,0.523496977817702
2030-11-24,1.62874534945253
2030-11-25,1.32699212687943
2030-11-26,0.42853053307873
2030-11-27,0.410293003963947
2030-11-28,0.488862401295797
2030-11-29,0.0280109683191889
2030-11-30,0.00927005500296397
2030-12-01,0.0086371549718524
2030-12-02,0.00935427499743226
2030-12-03,0.00867209353277659
2030-12-04,0.00865119058069545
2030-12-05,0.00865467935505256
2030-12-06,0.050693749755096
2030-12-07,0.0599734419843873
2030-12-08,0.0648736663835229
2030-12-09,0.0344711099762091
2030-12-10,0.126687410649549
2030-12-11,0.0131668639621298
2030-12-12,0.00928752241027985
2030-12-13,0.0100239185707285
2030-12-14,0.0115787062979809
2030-12-15,0.0111781473376684
2030-12-16,0.00968841610074253
2030-12-17,0.0098317351288302
2030-12-18,0.0103892828852569
2030-12-19,0.0109965684935102
2030-12-20,0.0104836838530947
2030-12-21,0.00973276207972402
2030-12-22,0.00973225355358643
2030-12-23,0.0097207136841566
2030-12-24,0.00969515315653075
2030-12-25,0.0096607564068064
2030-12-26,0.00962610267524515
2030-12-27,0.00958883870567733
2030-12-28,0.00959421633308482
2030-12-29,0.0162948473953416
2030-12-30,0.00963560438826307
2030-12-31,0.00953180801464222
2031-01-01,0.00641693293343236
2031-01-02,0.00640718543231347
2031-01-03,0.006386960710773
2031-01-04,0.00636037749450533
2031-01-05,0.00723436023774881
2031-01-06,0.00631205354153174
2031-01-07,0.0116532338163722
2031-01-08,0.00838591704330923
2031-01-09,0.00627099317847384
2031-01-10,0.00625108501571275
2031-01-11,0.00623787504785015
2031-01-12,0.00689015853208022
2031-01-13,0.00627423761674706
2031-01-14,0.0061829297386152
2031-01-15,0.00617397902283728
2031-01-16,0.00617092827938833
2031-01-17,0.0419716592358602
2031-01-18,0.0366736416799057
2031-01-19,0.0239645607125426
2031-01-20,0.0197729310249072
2031-01-21,0.0189320020277802
2031-01-22,0.0146210907122199
2031-01-23,0.147603163746309
2031-01-24,0.0903043262461084
2031-01-25,0.0636837741164385
2031-01-26,0.0163635295234144
2031-01-27,0.0164549049526752
2031-01-28,0.0146397378676002
2031-01-29,0.0212337283698485
2031-01-30,0.0145483425759937
2031-01-31,0.0111090872320045
2031-02-01,0.038593465422068
2031-02-02,0.0628150674452646
2031-02-03,0.0814525867624758
2031-02-04,0.0994420742027751
2031-02-05,0.0967097754498859
2031-02-06,0.102060814048241
2031-02-07,0.0927092622681527
2031-02-08,0.0573048002837838
2031-02-09,0.0775374246421117
2031-02-10,0.107549968562275
2031-02-11,0.137529594310831
2031-02-12,0.125256169278583
2031-02-13,0.128312130313229
2031-02-14,0.114681497021607
2031-02-15,0.11987783249022
2031-02-16,0.11006673080127
2031-02-17,0.107693892776292
2031-02-18,0.10450917370704
2031-02-19,0.104049246180462
2031-02-20,0.0963630837216804
2031-02-21,0.0900261188213259
2031-02-22,0.0872041236410192
2031-02-23,0.166503703686752
2031-02-24,0.35668975797314
2031-02-25,0.436596439470779
2031-02-26,0.265871576808199
2031-02-27,0.218804419195885
2031-02-28,0.344934911957881
2031-03-01,0.470972426131175
2031-03-02,0.526834187797619
2031-03-03,0.341320628953097
2031-03-04,0.339856229520251
2031-03-05,0.327995562506568
2031-03-06,0.306544636138126
2031-03-07,0.282412111525307
2031-03-08,0.258903846567868
2031-03-09,0.237725142820936
2031-03-10,0.216654675814092
2031-03-11,0.197939986588333
2031-03-12,0.199657011229296
2031-03-13,0.235411952889214
2031-03-14,0.16948890945967
2031-03-15,0.159983441808432
2031-03-16,0.15491254788884
2031-03-17,0.150725947519886
2031-03-18,0.14863481460653
2031-03-19,0.134673685068874
2031-03-20,0.1636011540531
2031-03-21,0.134690896440155
2031-03-22,0.127241767551359
2031-03-23,0.12442406577719
2031-03-24,0.12027699070634
2031-03-25,0.117407657651513
2031-03-26,0.110839808411435
2031-03-27,0.10301081279596
2031-03-28,0.096422911395425
2031-03-29,0.0896222143526547
2031-03-30,0.0824107627971776
2031-03-31,0.0815799345716243
2031-04-01,0.236180071674581
2031-04-02,0.176813108787922
2031-04-03,0.126664692196747
2031-04-04,0.131226582822181
2031-04-05,0.128794242247598
2031-04-06,0.128540373548956
2031-04-07,0.122770660407155
2031-04-08,0.118860780540894
2031-04-09,0.144414789722595
2031-04-10,0.11233682616707
2031-04-11,0.105333244908137
2031-04-12,0.0958966274159536
2031-04-13,0.0913590598991973
2031-04-14,0.0771682891164825
2031-04-15,0.0708170619485442
2031-04-16,0.0660290389955108
2031-04-17,0.0608712804761091
2031-04-18,0.0563326309486245
2031-04-19,0.0863649271573404
2031-04-20,0.0592057209835553
2031-04-21,0.044947315068754
2031-04-22,0.0434409156273645
2031-04-23,0.0365305495397595
2031-04-24,0.0329501377667097
2031-04-25,0.0295589025861162
2031-04-26,0.0259202560616649
2031-04-27,0.0228719295309001
2031-04-28,0.0205920447219583
2031-04-29,0.0185488995944563
2031-04-30,0.0166824884081238
2031-05-01,0.0166793267666007
2031-05-02,0.0150045374575038
2031-05-03,0.013672028397646
2031-05-04,0.0126232257324323
2031-05-05,0.0118262586213522
2031-05-06,0.0111694116173797
2031-05-07,0.0105519571661507
2031-05-08,0.0099928144037507
2031-05-09,0.00951992616942386
2031-05-10,0.00917433904900421
2031-05-11,0.00893834680522712
2031-05-12,0.00872890887654642
2031-05-13,0.00849335860901139
2031-05-14,0.00827228453178182
2031-05-15,0.0317569140139419
2031-05-16,0.00811780694273263
2031-05-17,0.00782461609862165
2031-05-18,0.00756970128114774
2031-05-19,0.00732121400883816
2031-05-20,0.00709830087999421
2031-05-21,0.00690048350616762
2031-05-22,0.00672872385067968
2031-05-23,0.00658475962709004
2031-05-24,0.00646101368009447
2031-05-25,0.00634553794003175
2031-05-26,0.00623929141581886
2031-05-27,0.00614092018800991
2031-05-28,0.00603474793032928
2031-05-29,0.00592367682763775
2031-05-30,0.00581148953951177
2031-05-31,0.0582456866538878
2031-06-01,0.0411798496733402
2031-06-02,0.00468350179083035
2031-06-03,0.00498587202827292
2031-06-04,0.00444391127880124
2031-06-05,0.00437030493874883
2031-06-06,0.00431756330430353
2031-06-07,0.00454865629721962
2031-06-08,0.00421575667485948
2031-06-09,0.00415756158973306
2031-06-10,0.00409460817940282
2031-06-11,0.00403043873816768
2031-06-12,0.00397254115656302
2031-06-13,0.00391894793850156
2031-06-14,0.00385778351207161
2031-06-15,0.00378594081319757
2031-06-16,0.00370839467299094
2031-06-17,0.0036314077027141
2031-06-18,0.00355613589407675
2031-06-19,0.00348269955552643
2031-06-20,0.00341220657289816
2031-06-21,0.00334547500398263
2031-06-22,0.00328246304268388
2031-06-23,0.00566804361051292
2031-06-24,0.00318405527834962
2031-06-25,0.00314309787563358
2031-06-26,0.00309941266980931
2031-06-27,0.00305543237677762
2031-06-28,0.00301402943520685
2031-06-29,0.00297683745362727
2031-06-30,0.00294439132594025
2031-07-01,0.00539892073877218
2031-07-02,0.00530458343608517
2031-07-03,0.00526246379843989
2031-07-04,0.00522274097417809
2031-07-05,0.00518594566504395
2031-07-06,0.00515281516858056
2031-07-07,0.00512409787150772
2031-07-08,0.00509885473760968
2031-07-09,0.00507574925043296
2031-07-10,0.00505674244840354
2031-07-11,0.00504145007034771
2031-07-12,0.00502799022805886
2031-07-13,0.00501649662210425
2031-07-14,0.00500659243051525
2031-07-15,0.0049976895976127
2031-07-16,0.00498987663299647
2031-07-17,0.00498320061995694
2031-07-18,0.00497712405061286
2031-07-19,0.00497141170773879
2031-07-20,0.00496622247437958
2031-07-21,0.0049617913901609
2031-07-22,0.00495803760947298
2031-07-23,0.0049550065719885
2031-07-24,0.00495255852891545
2031-07-25,0.00495035668706089
2031-07-26,0.00494826263749584
2031-07-27,0.00494630710368186
2031-07-28,0.00494453397637199
2031-07-29,0.00494295947449476
2031-07-30,0.00494149968540262
2031-07-31,0.00494011423593347
2031-08-01,0.0142382205103974
2031-08-02,0.0142345721462948
2031-08-03,0.0142309902062919
2031-08-04,0.0142274152747565
2031-08-05,0.0142238222623385
2031-08-06,0.0142202325940336
2031-08-07,0.0142167792521834
2031-08-08,0.0142134937309651
2031-08-09,0.0142102296186834
2031-08-10,0.0142069662744141
2031-08-11,0.01420370359141
2031-08-12,0.0142004414534775
2031-08-13,0.0141971802526524
2031-08-14,0.0141939197716619
2031-08-15,0.0141906598149601
2031-08-16,0.0141874008104806
2031-08-17,0.0141841424861596
2031-08-18,0.0141808851131159
2031-08-19,0.0141776281840647
2031-08-20,0.0141743723215399
2031-08-21,0.014171117366838
2031-08-22,0.0141678621504639
2031-08-23,0.0141646086675495
2031-08-24,0.0141613558326751
2031-08-25,0.014158103681738
2031-08-26,0.0141548519370067
2031-08-27,0.0141516012965886
2031-08-28,0.0141483513183804
2031-08-29,0.0141451016490775
2031-08-30,0.0141418535923172
2031-08-31,0.0141386055459484
2031-09-01,0.0108762582542465
2031-09-02,0.0108737607597264
2031-09-03,0.0108712634178468
2031-09-04,0.0108687667105153
2031-09-05,0.0108662707060568
2031-09-06,0.0108637749196562
2031-09-07,0.0108612802002851
2031-09-08,0.0108587856989717
2031-09-09,0.010856291726812
2031-09-10,0.0108537982503703
2031-09-11,0.0108513059260008
2031-09-12,0.0204471245822534
2031-09-13,0.0109991172292065
2031-09-14,0.0905012153993508
2031-09-15,0.0108413407847041
2031-09-16,0.010838851413564
2031-09-17,0.0108363618708851
2031-09-18,0.0108338737324985
2031-09-19,0.0694069237793545
2031-09-20,0.0109303987388052
2031-09-21,0.0108264121390066
2031-09-22,0.0108239262139066
2031-09-23,0.0108214411872048
2031-09-24,0.0108189573053065
2031-09-25,0.0108164730359921
2031-09-26,0.0108139900822932
2031-09-27,0.0108115072434381
2031-09-28,0.0108090250369506
2031-09-29,0.0108065436961525
2031-09-30,0.0108040626257461
2031-10-01,0.00523046262331788
2031-10-02,0.00522926175694963
2031-10-03,0.00522806096766237
2031-10-04,0.00522686066409087
2031-10-05,0.0052256604939152
2031-10-06,0.00522446055322264
2031-10-07,0.00522326093317286
2031-10-08,0.00522206146763698
2031-10-09,0.00522086233154311
2031-10-10,0.00521966356008802
2031-10-11,0.00521846504627345
2031-10-12,0.00521726661129969
2031-10-13,0.00521606857369774
2031-10-14,0.0052148707015207
2031-10-15,0.00521367336011132
2031-10-16,0.00521247604897118
2031-10-17,0.00521127925276012
2031-10-18,0.00521008247414746
2031-10-19,0.00520888591129114
2031-10-20,0.00520768974228695
2031-10-21,0.00520649399247656
2031-10-22,0.00520529821556464
2031-10-23,0.00520410292436846
2031-10-24,0.00534172249251689
2031-10-25,0.0157339140508975
2031-10-26,0.258675328363066
2031-10-27,0.164079248806829
2031-10-28,0.0076055602888714
2031-10-29,0.0052072270755113
2031-10-30,0.00521393647901925
2031-10-31,0.00522070521904122
2031-11-01,0.17503671663571
2031-11-02,0.0798202698266663
2031-11-03,0.00548945080513052
2031-11-04,0.0306774432181134
2031-11-05,0.00454671528015778
2031-11-06,0.00773079297466085
2031-11-07,0.00411736499236904
2031-11-08,0.00411540165043072
2031-11-09,0.00505243216761596
2031-11-10,0.00416182928856407
2031-11-11,0.0041776283254397
2031-11-12,0.00418861533858641
2031-11-13,0.00419488638861629
2031-11-14,0.00419857403286592
2031-11-15,0.0343889553981813
2031-11-16,0.00575026842904961
2031-11-17,0.00421710551899531
2031-11-18,0.0225228786057933
2031-11-19,0.0518196381447943
2031-11-20,0.0155785078208893
2031-11-21,0.263776529119329
2031-11-22,0.429993719429283
2031-11-23,0.058404754289446
2031-11-24,0.0141604603991642
2031-11-25,0.0112947835372879
2031-11-26,0.0194937969533526
2031-11-27,0.0207236784366094
2031-11-28,0.0197313957572164
2031-11-29,0.0476132158817042
2031-11-30,0.117720937966556
2031-12-01,0.0932683958737831
2031-12-02,0.0924113847134503
2031-12-03,0.108740353654644
2031-12-04,0.0438060763419158
2031-12-05,0.0409234703629101
2031-12-06,0.0216352156821397
2031-12-07,0.0294740213414193
2031-12-08,0.0219506783171548
2031-12-09,0.0105341899290863
2031-12-10,0.0101653624076528
2031-12-11,0.00748878364746238
2031-12-12,0.00669334948371757
2031-12-13,0.00846950105782851
2031-12-14,0.0651083128466561
2031-12-15,0.238340673108935
2031-12-16,0.0245712297457682
2031-12-17,0.00671590828722733
2031-12-18,0.0071363330148526
2031-12-19,0.00664276630069962
2031-12-20,0.00704243343445306
2031-12-21,0.00778908999113672
2031-12-22,0.00769616990545302
2031-12-23,0.00924970423318744
2031-12-24,0.0113260372407451
2031-12-25,0.00821185051171821
2031-12-26,0.013954521177891
2031-12-27,0.372223181544564
2031-12-28,0.00865248890174746
2031-12-29,0.00867046541340113
2031-12-30,0.0882297228422598
2031-12-31,0.579828270826374
2032-01-01,0.926923732974602
2032-01-02,0.349666480480435
2032-01-03,0.198820814896981
2032-01-04,0.0681417488616347
2032-01-05,0.0396166937191717
2032-01-06,0.0416783033501097
2032-01-07,0.0529930994516141
2032-01-08,0.0570051149213096
2032-01-09,0.0529880726195605
2032-01-10,0.0652935118837196
2032-01-11,0.0573571853942025
2032-01-12,0.0469664249012773
2032-01-13,0.135982446244188
2032-01-14,0.657101879211569
2032-01-15,0.413167328804529
2032-01-16,0.265483875759598
2032-01-17,0.613001211328167
2032-01-18,1.91225441839798
2032-01-19,0.948658167377202
2032-01-20,1.00056526393614
2032-01-21,0.657725372804923
2032-01-22,0.628718487658347
2032-01-23,0.621590325809379
2032-01-24,0.601313984005592
2032-01-25,0.574324934784468
2032-01-26,0.541944406992975
2032-01-27,0.508004416552251
2032-01-28,0.481015497421476
2032-01-29,0.504067035709964
2032-01-30,0.497595976999849
2032-01-31,0.407850648720193
2032-02-01,0.378238754505965
2032-02-02,0.379870059656702
2032-02-03,0.37736113304562
2032-02-04,0.355372241351272
2032-02-05,0.3553109988019
2032-02-06,0.389822521988308
2032-02-07,0.344555961657443
2032-02-08,0.406538881941455
2032-02-09,0.339445372876641
2032-02-10,0.333193060744572
2032-02-11,0.321971198792157
2032-02-12,0.303335573371934
2032-02-13,0.294063757170806
2032-02-14,0.286965453618266
2032-02-15,0.283951404977375
2032-02-16,0.375592132632314
2032-02-17,0.264978589407011
2032-02-18,0.270155106584345
2032-02-19,0.27581783012303
2032-02-20,0.259602813889241
2032-02-21,0.251605187383137
2032-02-22,0.237364160051739
2032-02-23,0.228518668101045
2032-02-24,0.21633646542183
2032-02-25,0.20814381251055
2032-02-26,0.199451925419746
2032-02-27,0.199229017948026
2032-02-28,0.185441808511371
2032-02-29,0.179743170405531
2032-03-01,0.165145843379357
2032-03-02,0.154314613632277
2032-03-03,0.144627975902212
2032-03-04,0.136381442484253
2032-03-05,0.133977995206177
2032-03-06,0.13089760906083
2032-03-07,0.128131551488301
2032-03-08,0.129728660425987
2032-03-09,0.131147611566494
2032-03-10,0.129596288120713
2032-03-11,0.114574936165934
2032-03-12,0.112065667904012
2032-03-13,0.161840023880949
2032-03-14,0.411179323192628
2032-03-15,2.46144026095767
2032-03-16,0.430879118377657
2032-03-17,0.376372543240701
2032-03-18,0.374788683446657
2032-03-19,0.362626731183541
2032-03-20,0.344959656547563
2032-03-21,0.315017788096602
2032-03-22,0.304555191312373
2032-03-23,0.282232908135764
2032-03-24,0.260571918951082
2032-03-25,0.243407861722502
2032-03-26,0.241397370841576
2032-03-27,0.382924078749097
2032-03-28,0.455734295851736
2032-03-29,0.304391588977608
2032-03-30,0.374458519593704
2032-03-31,0.321372752460504
2032-04-01,0.438437508691532
2032-04-02,0.428670643565446
2032-04-03,0.432380089086236
2032-04-04,0.42698141767955
2032-04-05,0.416078012005196
2032-04-06,0.410733579105128
2032-04-07,0.373233946686928
2032-04-08,0.336229515298844
2032-04-09,0.325502066367984
2032-04-10,0.295997760582181
2032-04-11,0.288982894310298
2032-04-12,0.55852755004894
2032-04-13,1.31641029748298
2032-04-14,0.460547667533209
2032-04-15,0.492505847612625
2032-04-16,0.49097096806376
2032-04-17,0.472205631546737
2032-04-18,0.438680371536708
2032-04-19,0.432229484223887
2032-04-20,0.413741600017835
2032-04-21,0.41236427070826
2032-04-22,0.447974925671131
2032-04-23,0.365437944235061
2032-04-24,0.324202351848178
2032-04-25,0.25897299062542
2032-04-26,0.245519501858844
2032-04-27,0.255076568741066
2032-04-28,0.252232336522337
2032-04-29,0.304451551156972
2032-04-30,0.35862230003638
2032-05-01,0.377999799594238
2032-05-02,0.3663336509637
2032-05-03,0.353601633648121
2032-05-04,0.22348006671154
2032-05-05,0.341894746444398
2032-05-06,0.292623353005929
2032-05-07,0.2489180749865
2032-05-08,0.196962252832032
2032-05-09,0.217856711096184
2032-05-10,0.207740667963011
2032-05-11,0.18020428947271
2032-05-12,0.174511483927351
2032-05-13,0.16144903559446
2032-05-14,0.145740598015856
2032-05-15,0.142296764391168
2032-05-16,0.133252219714745
2032-05-17,0.113181017344879
2032-05-18,0.132608655199928
2032-05-19,0.120654295141905
2032-05-20,0.0745754628344768
2032-05-21,0.0727746212909223
2032-05-22,0.0703808850180651
2032-05-23,0.0702669095439446
2032-05-24,0.0737123287133794
2032-05-25,0.0831344069234701
2032-05-26,0.0889816298365708
2032-05-27,0.0847763556837388
2032-05-28,0.0726306511532286
2032-05-29,0.0659002503658745
2032-05-30,0.0669454579062439
2032-05-31,0.0758598789160187
2032-06-01,0.0677496688025968
2032-06-02,0.0722386523138047
2032-06-03,0.0550389999131401
2032-06-04,0.0462854626160973
2032-06-05,0.046777686604108
2032-06-06,0.0214767003527406
2032-06-07,0.0210791614196057
2032-06-08,0.0204194643316594
2032-06-09,0.0196814147807727
2032-06-10,0.0185602164498932
2032-06-11,0.0168295711671573
2032-06-12,0.0150604831843946
2032-06-13,0.0133475638771123
2032-06-14,0.0117997003062489
2032-06-15,0.0104713677328315
2032-06-16,0.00935078642160471
2032-06-17,0.00835766552648485
2032-06-18,0.00745175573952519
2032-06-19,0.00666071012458229
2032-06-20,0.00599570554541517
2032-06-21,0.00544310661774171
2032-06-22,0.00500739427180895
2032-06-23,0.00465770418809662
2032-06-24,0.00436412633799156
2032-06-25,0.00462464705046354
2032-06-26,0.00397597335602217
2032-06-27,0.00384811002771745
2032-06-28,0.003753078937268
2032-06-29,0.00366918704872501
2032-06-30,0.00359021685631281
2032-07-01,0.00645995714269894
2032-07-02,0.00634520866200642
2032-07-03,0.00631382099930092
2032-07-04,0.00614791710507791
2032-07-05,0.0405709220720577
2032-07-06,0.00598545157848709
2032-07-07,0.00590739549994553
2032-07-08,0.00582675792909039
2032-07-09,0.00574716941951777
2032-07-10,0.00567339852627114
2032-07-11,0.00560535387259455
2032-07-12,0.00554271601666836
2032-07-13,0.00548409086725117
2032-07-14,0.00543002071922797
2032-07-15,0.00538174921383864
2032-07-16,0.00533862270830744
2032-07-17,0.00529874900610055
2032-07-18,0.00526145801122607
2032-07-19,0.00522697750498111
2032-07-20,0.00519604666117572
2032-07-21,0.00516975880277354
2032-07-22,0.00514749074569902
2032-07-23,0.00512665356728072
2032-07-24,0.00510692655595848
2032-07-25,0.00508907168352913
2032-07-26,0.00507321684383156
2032-07-27,0.00505934048207784
2032-07-28,0.00504622826788282
2032-07-29,0.00503365443547821
2032-07-30,0.00502254985017637
2032-07-31,0.00501297272605917
2032-08-01,0.0144281673022392
2032-08-02,0.0144071681357775
2032-08-03,0.0143888087800803
2032-08-04,0.0143718708424916
2032-08-05,0.0143549366051545
2032-08-06,0.0143385127522161
2032-08-07,0.0143242035605342
2032-08-08,0.0143121483842141
2032-08-09,0.0143009579690918
2032-08-10,0.0142904994764145
2032-08-11,0.0142812708389552
2032-08-12,0.0142732558141489
2032-08-13,0.014265704597992
2032-08-14,0.0142582538705445
2032-08-15,0.014251140102168
2032-08-16,0.0142447409367536
2032-08-17,0.0142389547737216
2032-08-18,0.0142336873997703
2032-08-19,0.0142288863085452
2032-08-20,0.0142242079179311
2032-08-21,0.014219541980832
2032-08-22,0.0142150908510431
2032-08-23,0.0142109741117819
2032-08-24,0.0142071202377592
2032-08-25,0.0142033732468814
2032-08-26,0.0141996404684842
2032-08-27,0.0141959297886288
2032-08-28,0.0141922492029574
2032-08-29,0.0141886133065398
2032-08-30,0.0141849829732527
2032-08-31,0.0141813282543906
2032-09-01,0.0109088030826251
2032-09-02,0.010906009483053
2032-09-03,0.0109033355761359
2032-09-04,0.0109007883077416
2032-09-05,0.0108982844844572
2032-09-06,0.0108957814905193
2032-09-07,0.0108932793470068
2032-09-08,0.0108907776381563
2032-09-09,0.0108882767273972
2032-09-10,0.0108857760543213
2032-09-11,0.0108832756669009
2032-09-12,0.0108807762164023
2032-09-13,0.0108782777791456
2032-09-14,0.0108757790860344
2032-09-15,0.0108732816373065
2032-09-16,0.0108707842132918
2032-09-17,0.0108682881833932
2032-09-18,0.0117814408588495
2032-09-19,0.0108632963460151
2032-09-20,0.0108608018868596
2032-09-21,0.0108583075767102
2032-09-22,0.010855813752103
2032-09-23,0.0108533205780348
2032-09-24,0.0108508280021719
2032-09-25,0.010848336149534
2032-09-26,0.0108458445621998
2032-09-27,0.010843353861634
2032-09-28,0.01084094113127
2032-09-29,0.010838373681626
2032-09-30,0.0108358845677941
2032-10-01,0.00524586784900443
2032-10-02,0.00524466316484002
2032-10-03,0.00524345859717701
2032-10-04,0.00524225450995021
2032-10-05,0.00524105049241307
2032-10-06,0.00581704056546202
2032-10-07,0.00694496158941104
2032-10-08,0.00523744057906275
2032-10-09,0.00523623780115667
2032-10-10,0.00523503516650154
2032-10-11,0.00523383283805851
2032-10-12,0.00523263082075512
2032-10-13,0.00523142918991255
2032-10-14,0.00523022761714467
2032-10-15,0.00522902663392308
2032-10-16,0.00522782570244077
2032-10-17,0.00522662516375469
2032-10-18,0.00522542482287457
2032-10-19,0.00522422473118776
2032-10-20,0.00522302487919112
2032-10-21,0.0052218255470511
2032-10-22,0.00522062643066742
2032-10-23,0.00521942744767959
2032-10-24,0.00521822875541728
2032-10-25,0.00521703028665461
2032-10-26,0.0052158321212883
2032-10-27,0.0052146343233765
2032-10-28,0.0052134368834161
2032-10-29,0.00521223953637522
2032-10-30,0.0052110424631654
2032-10-31,0.00520985872109301
2032-11-01,0.00381248012400441
2032-11-02,0.00395993486855204
2032-11-03,0.00520394604340396
2032-11-04,0.0038098541781338
2032-11-05,0.00380897916280329
2032-11-06,0.00380810432008056
2032-11-07,0.00380722982360392
2032-11-08,0.00380635558088645
2032-11-09,0.00380548144405228
2032-11-10,0.00380460749760193
2032-11-11,0.00380373375287082
2032-11-12,0.00380286020161499
2032-11-13,0.00380198676474404
2032-11-14,0.00380111357132735
2032-11-15,0.00380024077696956
2032-11-16,0.00379936802975686
2032-11-17,0.00379849540800686
2032-11-18,0.00379762311627262
2032-11-19,0.00379675098941747
2032-11-20,0.0037958790230618
2032-11-21,0.0037950073331362
2032-11-22,0.00379872114859044
2032-11-23,0.00379326454298534
2032-11-24,0.00847086193002952
2032-11-25,0.00387751646500395
2032-11-26,0.00379180933749941
2032-11-27,0.00378978107931879
2032-11-28,0.00378891089803675
2032-11-29,0.0037880405665602
2032-11-30,0.00378717084771247
2032-12-01,0.213309132081647
2032-12-02,0.61048082225105
2032-12-03,0.682273608908836
2032-12-04,0.169760218447395
2032-12-05,0.0784733054954218
2032-12-06,0.00641485788209136
2032-12-07,0.00947316549312706
2032-12-08,0.0113954093996195
2032-12-09,0.0259003495987254
2032-12-10,0.0100000962370161
2032-12-11,0.00954393579009308
2032-12-12,0.0075731683086625
2032-12-13,0.00697038590879668
2032-12-14,0.00809536785581859
2032-12-15,0.00911992995309626
2032-12-16,0.0103610348084585
2032-12-17,0.00865054893183598
2032-12-18,0.0116631431879843
2032-12-19,0.0121390999411491
2032-12-20,0.0160442516255996
2032-12-21,0.0073917813985
2032-12-22,0.0120001919580974
2032-12-23,0.0103316488003986
2032-12-24,0.0148535511909023
2032-12-25,0.0150935209797982
2032-12-26,0.00824949182196582
2032-12-27,0.00769648043320586
2032-12-28,0.0058753487720464
2032-12-29,0.00756711599374413
2032-12-30,0.00835501703877314
2032-12-31,0.00600771981641612
2033-01-01,0.0258975506229679
2033-01-02,0.0576573673805571
2033-01-03,0.167100684616416
2033-01-04,0.334651748392742
2033-01-05,0.309039231151227
2033-01-06,2.05822007841326
2033-01-07,1.83844740025474
2033-01-08,0.334245118036304
2033-01-09,0.0750344959332122
2033-01-10,0.0103090102816877
2033-01-11,0.00812199197324595
2033-01-12,0.0111530249938993
2033-01-13,0.0113440587218968
2033-01-14,0.0110130606126784
2033-01-15,0.0126467758259491
2033-01-16,0.0130535324121349
2033-01-17,0.0132639839269029
2033-01-18,0.0158714751740692
2033-01-19,0.0566922357266506
2033-01-20,0.0564510222803765
2033-01-21,0.0193863828385922
2033-01-22,0.0246364614682264
2033-01-23,0.0253769263262502
2033-01-24,0.0255451021336409
2033-01-25,0.0224339781088756
2033-01-26,0.0350584506900503
2033-01-27,0.0493683652797011
2033-01-28,0.043082751196885
2033-01-29,0.0338100823260279
2033-01-30,0.0408675980899411
2033-01-31,0.0375417995899051
2033-02-01,0.103136329730801
2033-02-02,0.0802291136526722
2033-02-03,0.0520300384018288
2033-02-04,0.0924431040740601
2033-02-05,0.112231201843981
2033-02-06,0.0699181879309286
2033-02-07,0.0881225120535419
2033-02-08,0.0871597121213339
2033-02-09,0.0850717755421898
2033-02-10,0.0836530983975446
2033-02-11,0.0852452958559517
2033-02-12,0.0858416418304589
2033-02-13,0.0850370566241315
2033-02-14,0.0860955848028441
2033-02-15,0.0797935140284897
2033-02-16,0.0876474490636699
2033-02-17,0.109061209320691
2033-02-18,0.112555381605166
2033-02-19,0.181747979924026
2033-02-20,0.156634680811189
2033-02-21,0.394314735443927
2033-02-22,0.21279966820928
2033-02-23,0.211976410147935
2033-02-24,0.211968161547437
2033-02-25,0.215564934193568
2033-02-26,0.21871984374125
2033-02-27,0.215917584154828
2033-02-28,0.203230171912944
2033-03-01,0.164885640179454
2033-03-02,0.149799362874453
2033-03-03,0.322014226402741
2033-03-04,0.245754546347345
2033-03-05,0.212356247738151
2033-03-06,0.25499403669779
2033-03-07,0.374782511007267
2033-03-08,0.265155064408153
2033-03-09,0.27849049764621
2033-03-10,0.268337390964068
2033-03-11,0.258935217698296
2033-03-12,0.285313641018079
2033-03-13,0.316088019192054
2033-03-14,0.311295931841144
2033-03-15,0.262050579471836
2033-03-16,0.260080331090322
2033-03-17,0.260775720342298
2033-03-18,0.354884658596937
2033-03-19,0.314956046174931
2033-03-20,0.272724066072185
2033-03-21,0.290218890965766
2033-03-22,0.298700205550285
2033-03-23,0.290197553746879
2033-03-24,0.286437360221968
2033-03-25,0.296485573103501
2033-03-26,0.265518820129329
2033-03-27,0.258273751087946
2033-03-28,0.25933499128277
2033-03-29,0.256438214127731
2033-03-30,0.26396143502336
2033-03-31,0.254275781905777
2033-04-01,0.35676514750679
2033-04-02,0.339461694572871
2033-04-03,0.28526262734517
2033-04-04,0.284042211899745
2033-04-05,0.283875659613056
2033-04-06,0.280857411954299
2033-04-07,0.276472301616281
2033-04-08,0.272280337830633
2033-04-09,0.267604017442626
2033-04-10,0.306675292094746
2033-04-11,0.239695777161368
2033-04-12,0.215600274080902
2033-04-13,0.199480566376478
2033-04-14,0.185392731512398
2033-04-15,0.191842381221764
2033-04-16,0.226533573994765
2033-04-17,0.350472367814387
2033-04-18,0.351815741143745
2033-04-19,0.19452026462548
2033-04-20,0.257947132655623
2033-04-21,0.265925606901938
2033-04-22,0.171050999149116
2033-04-23,0.176550968394291
2033-04-24,0.181647958751478
2033-04-25,0.188606600730827
2033-04-26,0.17440725174182
2033-04-27,0.160144585187395
2033-04-28,0.142320686742322
2033-04-29,0.137550923024888
2033-04-30,0.13301833907111
2033-05-01,0.327781896546492
2033-05-02,0.197835432122946
2033-05-03,0.178352586542907
2033-05-04,0.153967915125244
2033-05-05,0.152262479535859
2033-05-06,0.149254915210499
2033-05-07,0.140432258616556
2033-05-08,0.126625512230657
2033-05-09,0.111000201689611
2033-05-10,0.103022123988277
2033-05-11,0.103590466276859
2033-05-12,0.143201709958302
2033-05-13,0.0962937371515095
2033-05-14,0.0950005463319694
2033-05-15,0.09589227819307
2033-05-16,0.092283714998564
2033-05-17,0.0946513411892994
2033-05-18,0.0909288820790974
2033-05-19,0.0951664363882834
2033-05-20,0.0984116799748141
2033-05-21,0.0858521184425493
2033-05-22,0.0790649477762204
2033-05-23,0.081356972135728
2033-05-24,0.0353653169116029
2033-05-25,0.0335588439132805
2033-05-26,0.0309720898595077
2033-05-27,0.0301730854070785
2033-05-28,0.0280870329723364
2033-05-29,0.0286901151418008
2033-05-30,0.0239842194870295
2033-05-31,0.0420413022247397
2033-06-01,0.0166506044115796
2033-06-02,0.0277672687484357
2033-06-03,0.014362926668765
2033-06-04,0.013062110585646
2033-06-05,0.0119599310802015
2033-06-06,0.0110201889877546
2033-06-07,0.0102351806631203
2033-06-08,0.00960886334864131
2033-06-09,0.00901679184519232
2033-06-10,0.00845665628738005
2033-06-11,0.00786035873697907
2033-06-12,0.00727275026576115
2033-06-13,0.00674991030668819
2033-06-14,0.00628768327244821
2033-06-15,0.00589727535408307
2033-06-16,0.0055632491491021
2033-06-17,0.00526571101232686
2033-06-18,0.00501096493851074
2033-06-19,0.00480185245221663
2033-06-20,0.00464300289804726
2033-06-21,0.00452025288345762
2033-06-22,0.00440574719474853
2033-06-23,0.00429969397932344
2033-06-24,0.00420118547961648
2033-06-25,0.00410700751923866
2033-06-26,0.00401970266779924
2033-06-27,0.00394066972873378
2033-06-28,0.0038665328887283
2033-06-29,0.00379689837535466
2033-06-30,0.00372932970070396
2033-07-01,0.00671872862819071
2033-07-02,0.0065957151490196
2033-07-03,0.00647557515661456
2033-07-04,0.00636854609490163
2033-07-05,0.00641803128024123
2033-07-06,0.0263592005789605
2033-07-07,0.0183313306769286
2033-07-08,0.0344840163150772
2033-07-09,0.00682064074426671
2033-07-10,0.00614126841325063
2033-07-11,0.00606244029903052
2033-07-12,0.00598645946151008
2033-07-13,0.00590886923324649
2033-07-14,0.00583061211168627
2033-07-15,0.00575221154516023
2033-07-16,0.00567824806684154
2033-07-17,0.0056092608554262
2033-07-18,0.00554546183536361
2033-07-19,0.00548781528858844
2033-07-20,0.00543593767743334
2033-07-21,0.00538798465836338
2033-07-22,0.00534348503606631
2033-07-23,0.0053026421361447
2033-07-24,0.00526498784080971
2033-07-25,0.00523162193412028
2033-07-26,0.00520029428639827
2033-07-27,0.00516948693477373
2033-07-28,0.00514118368846247
2033-07-29,0.00511604060127273
2033-07-30,0.00509427514388068
2033-07-31,0.00507573687775334
2033-08-01,0.0145883820256429
2033-08-02,0.0145486858784244
2033-08-03,0.0145128756236946
2033-08-04,0.0144803753229912
2033-08-05,0.014450644007451
2033-08-06,0.0144234183706766
2033-08-07,0.0143983677138904
2033-08-08,0.0143746636426521
2033-08-09,0.0143545103913269
2033-08-10,0.0143385697674552
2033-08-11,0.0143234145425536
2033-08-12,0.0143097198883342
2033-08-13,0.0142983827289945
2033-08-14,0.0142882333230557
2033-08-15,0.0142791769187572
2033-08-16,0.049423224671461
2033-08-17,0.0142638127415773
2033-08-18,0.0142568458232205
2033-08-19,0.0142504075949755
2033-08-20,0.0142445035642372
2033-08-21,0.0142389625794862
2033-08-22,0.0142337677765679
2033-08-23,0.0142290963991446
2033-08-24,0.0142248678890432
2033-08-25,0.0142208222631974
2033-08-26,0.0142169098152388
2033-08-27,0.0142130429530209
2033-08-28,0.0142091764195463
2033-08-29,0.0142054695117372
2033-08-30,0.0142019980663323
2033-08-31,0.0141986504409662
2033-09-01,0.0109224400491155
2033-09-02,0.0109199315325003
2033-09-03,0.0109174233538747
2033-09-04,0.0109149159733407
2033-09-05,0.0109124093581896
2033-09-06,0.0109099033594151
2033-09-07,0.0109073974754844
2033-09-08,0.0109048926127912
2033-09-09,0.0109023886426811
2033-09-10,0.0108998842931506
2033-09-11,0.0108973814547606
2033-09-12,0.0108948785538606
2033-09-13,0.0130287574794547
2033-09-14,0.0108898750467558
2033-09-15,0.0108873740916583
2033-09-16,0.0393428591683855
2033-09-17,0.0108823736155569
2033-09-18,0.0108798747857962
2033-09-19,0.0108773754377848
2033-09-20,0.0108748779897837
2033-09-21,0.0108723802030661
2033-09-22,0.0108698836309305
2033-09-23,0.0108673868538206
2033-09-24,0.0108648910390723
2033-09-25,0.0108623959569985
2033-09-26,0.0108599014273376
2033-09-27,0.0108574071317255
2033-09-28,0.0108549137279697
2033-09-29,0.0108524207799548
2033-09-30,0.0108499286351195
2033-10-01,0.00525266663476901
2033-10-02,0.0052514604040575
2033-10-03,0.0052502542951269
2033-10-04,0.00524904870605295
2033-10-05,0.00524784311521914
2033-10-06,0.00524663788796822
2033-10-07,0.0052454329261011
2033-10-08,0.00524422824721623
2033-10-09,0.0110651748401704
2033-10-10,0.00524182008895316
2033-10-11,0.00524061603234757
2033-10-12,0.0052394124125342
2033-10-13,0.00523820924042403
2033-10-14,0.0052370063259544
2033-10-15,0.00535451367946563
2033-10-16,0.0138107831552688
2033-10-17,0.00721785848399939
2033-10-18,0.00523219718711034
2033-10-19,0.00523099553479772
2033-10-20,0.00522979421509479
2033-10-21,0.00522862637458164
2033-10-22,0.0052273922542831
2033-10-23,0.00522619166878527
2033-10-24,0.00522499151655998
2033-10-25,0.00522465137087775
2033-10-26,0.00577205418251663
2033-10-27,0.00522139250224866
2033-10-28,0.00522019328731397
2033-10-29,0.00521899454331237
2033-10-30,0.00521779593798614
2033-10-31,0.00521659767019715
2033-11-01,0.00381742114886675
2033-11-02,0.00381654447366763
2033-11-03,0.0038156680540311
2033-11-04,0.00381479164727574
2033-11-05,0.00381391559655613
2033-11-06,0.00381303963600478
2033-11-07,0.00381216408018005
2033-11-08,0.00381146700621539
2033-11-09,0.00381041328489231
2033-11-10,0.00380953823169113
2033-11-11,0.00380866324547209
2033-11-12,0.00380778854083559
2033-11-13,0.00630437037896626
2033-11-14,0.00380603975733023
2033-11-15,0.00380516582066956
2033-11-16,0.00380429198525496
2033-11-17,0.0038034182585575
2033-11-18,0.00380254468617655
2033-11-19,0.00380167140207637
2033-11-20,0.00380079841192466
2033-11-21,0.00379992552920198
2033-11-22,0.0231247460278387
2033-11-23,0.0148588873223781
2033-11-24,0.0172837823108427
2033-11-25,0.00845122189513099
2033-11-26,0.00454826102383718
2033-11-27,0.00530465829466896
2033-11-28,0.0689857225464226
2033-11-29,0.256624960817671
2033-11-30,0.459846277042679
2033-12-01,0.124453518840475
2033-12-02,0.0242835197835679
2033-12-03,0.0131456553084443
2033-12-04,0.0158877467854137
2033-12-05,0.0166209348608555
2033-12-06,0.0175941534020761
2033-12-07,0.0121122768225689
2033-12-08,0.00893402076296028
2033-12-09,0.0094644090865129
2033-12-10,0.00513051306029026
2033-12-11,0.00502298027759389
2033-12-12,0.00494611289959997
2033-12-13,0.00503759235729049
2033-12-14,0.00512108266158012
2033-12-15,0.00553239983234991
2033-12-16,0.00600388416972769
2033-12-17,0.0057490301266222
2033-12-18,0.00917947150894742
2033-12-19,0.0182728284513124
2033-12-20,0.0407104693549511
2033-12-21,0.0146671395369557
2033-12-22,0.0145363056195772
2033-12-23,0.00659052983268973
2033-12-24,0.0137555963561569
2033-12-25,0.0332171641920077
2033-12-26,0.0345203533968084
2033-12-27,0.0497894255422979
2033-12-28,0.0901710509455014
2033-12-29,0.111447622840811
2033-12-30,0.0669542216137028
2033-12-31,0.0352727262958957
2034-01-01,0.0186569443891909
2034-01-02,0.0251253727674088
2034-01-03,0.23623251777047
2034-01-04,0.00947907731568237
2034-01-05,0.00908014550961646
2034-01-06,0.00995724360392999
2034-01-07,0.0107002663498286
2034-01-08,0.00701950121289634
2034-01-09,0.0190095322077962
2034-01-10,0.00550723979305892
2034-01-11,0.00409627413224061
2034-01-12,0.00411168181614845
2034-01-13,0.00412625552651381
2034-01-14,0.00413763893652724
2034-01-15,0.00414666898405843
2034-01-16,0.00415417111504767
2034-01-17,0.00416058258701789
2034-01-18,0.00416707669546484
2034-01-19,0.0172241674095886
2034-01-20,0.00913389363940729
2034-01-21,0.00813319263420381
2034-01-22,0.0161475041452755
2034-01-23,0.0136606186063035
2034-01-24,0.00617959150573926
2034-01-25,0.00654475994537806
2034-01-26,0.00940048635621914
2034-01-27,0.0168143097970806
2034-01-28,0.025301933208522
2034-01-29,0.0143901482853646
2034-01-30,0.00630809282318768
2034-01-31,0.00427595114790707
2034-02-01,0.00409970580778923
2034-02-02,0.00484631303202542
2034-02-03,0.00648481552297989
2034-02-04,0.00624463637763262
2034-02-05,0.00886686125805861
2034-02-06,0.0112804895652151
2034-02-07,0.0151412463663439
2034-02-08,0.0241240910878144
2034-02-09,0.0229331995433258
2034-02-10,0.0195970922015381
2034-02-11,0.0197860823040552
2034-02-12,0.0212597851745027
2034-02-13,0.00945444298620977
2034-02-14,0.00842017718817806
2034-02-15,0.00919189523688158
2034-02-16,0.00969509603495517
2034-02-17,0.0104124675576212
2034-02-18,0.00893335316699212
2034-02-19,0.00639509351762733
2034-02-20,0.00551799436586337
2034-02-21,0.00460798209893198
2034-02-22,0.00597690439436945
2034-02-23,0.00519348218024175
2034-02-24,0.00444862110706436
2034-02-25,0.0049092426684432
2034-02-26,0.00601499993947553
2034-02-27,0.00716161195705795
2034-02-28,0.00784452092551399
2034-03-01,0.00578633484943279
2034-03-02,0.00360272867927236
2034-03-03,0.00356516695892312
2034-03-04,0.00407318888256056
2034-03-05,0.00361369170956566
2034-03-06,0.00327961052542818
2034-03-07,0.00325916430199758
2034-03-08,0.00323492999293218
2034-03-09,0.00321033872894487
2034-03-10,0.00422535356818323
2034-03-11,0.0038725826024995
2034-03-12,0.00671376076394674
2034-03-13,0.00465769197353348
2034-03-14,0.00357295221445187
2034-03-15,0.00316382667540268
2034-03-16,0.00315850906714463
2034-03-17,0.00315646124356376
2034-03-18,0.00315458138241351
2034-03-19,0.00314919384444776
2034-03-20,0.00313980665211444
2034-03-21,0.00454786940752917
2034-03-22,0.0197194753741589
2034-03-23,0.00363597577893728
2034-03-24,0.00310865811736316
2034-03-25,0.0030746948201934
2034-03-26,0.00304976750662056
2034-03-27,0.00303163007461991
2034-03-28,0.00301907138607434
2034-03-29,0.00300471996230521
2034-03-30,0.00298923945126839
2034-03-31,0.00297254512454704
2034-04-01,0.00408877242838529
2034-04-02,0.00405595361046223
2034-04-03,0.0040145725564575
2034-04-04,0.00396419980258033
2034-04-05,0.00391008796614549
2034-04-06,0.00385961165184014
2034-04-07,0.0038208517822348
2034-04-08,0.0037917646993999
2034-04-09,0.00375815731407444
2034-04-10,0.00371611696844667
2034-04-11,0.0415344753780513
2034-04-12,0.00459329251879514
2034-04-13,0.00363094126819049
2034-04-14,0.00359878132326846
2034-04-15,0.00356005396439386
2034-04-16,0.00352023469756897
2034-04-17,0.00351241263943456
2034-04-18,0.00426298335339968
2034-04-19,0.0112262252538176
2034-04-20,0.00356782059056004
2034-04-21,0.00343788757069259
2034-04-22,0.0404678697808166
2034-04-23,0.0561244793205206
2034-04-24,0.00647597210006182
2034-04-25,0.00340610629213859
2034-04-26,0.00338531648300898
2034-04-27,0.00336276055362008
2034-04-28,0.00333881436355271
2034-04-29,0.00331508598603462
2034-04-30,0.0223766193477711
2034-05-01,0.00714291237190413
2034-05-02,0.00383013153806621
2034-05-03,0.00364203390741067
2034-05-04,0.00362300957687944
2034-05-05,0.00360132374504905
2034-05-06,0.00358009276792773
2034-05-07,0.00355968380494271
2034-05-08,0.00354004134991899
2034-05-09,0.00352304117469417
2034-05-10,0.00350708571523707
2034-05-11,0.00349112095878361
2034-05-12,0.00347572165281599
2034-05-13,0.00346122793819312
2034-05-14,0.00344965024647267
2034-05-15,0.00374042336073923
2034-05-16,0.0225425823914264
2034-05-17,0.0234997645633251
2034-05-18,0.0130286721985635
2034-05-19,0.00812352154710354
2034-05-20,0.00390972892337991
2034-05-21,0.0034304457186788
2034-05-22,0.00342430684794367
2034-05-23,0.00341782479898362
2034-05-24,0.00341149031270197
2034-05-25,0.00340567961296498
2034-05-26,0.0034001428209309
2034-05-27,0.00339435124936237
2034-05-28,0.00338818290585135
2034-05-29,0.00338186993553231
2034-05-30,0.0033757238533146
2034-05-31,0.00337014639530581
2034-06-01,0.00272385052433717
2034-06-02,0.00271966122526072
2034-06-03,0.00271606450476757
2034-06-04,0.00271290917245556
2034-06-05,0.00270988853162712
2034-06-06,0.00270700875649407
2034-06-07,0.00270437418028686
2034-06-08,0.00270202659106125
2034-06-09,0.00270010139333505
2034-06-10,0.00269864376761362
2034-06-11,0.00269738916320122
2034-06-12,0.00269617328894239
2034-06-13,0.00269488335379203
2034-06-14,0.00269353044121682
2034-06-15,0.00269223942276174
2034-06-16,0.00269106016491726
2034-06-17,0.00269001411926043
2034-06-18,0.0026890807735546
2034-06-19,0.00268822776565617
2034-06-20,0.00268742402124132
2034-06-21,0.00268664557882397
2034-06-22,0.00268588758594915
2034-06-23,0.00268514737427563
2034-06-24,0.00268442206237359
2034-06-25,0.00268370352090284
2034-06-26,0.00268299881536797
2034-06-27,0.00268230349680702
2034-06-28,0.00268161950766665
2034-06-29,0.00268094728591274
2034-06-30,0.00268030575695934
2034-07-01,0.00491595693369365
2034-07-02,0.00491482857801474
2034-07-03,0.00491370017515064
2034-07-04,0.00491257200296972
2034-07-05,0.00491144423579507
2034-07-06,0.00491031653579381
2034-07-07,0.00490918898128023
2034-07-08,0.00490806173084902
2034-07-09,0.00490693464130624
2034-07-10,0.0049058078866473
2034-07-11,0.00490468130926051
2034-07-12,0.00490355511754717
2034-07-13,0.00490242893500873
2034-07-14,0.00490130302214682
2034-07-15,0.0049001774143503
2034-07-16,0.00489905199562225
2034-07-17,0.00489792701008052
2034-07-18,0.00489680197440452
2034-07-19,0.0048956775636047
2034-07-20,0.00489455313085066
2034-07-21,0.0048934292276194
2034-07-22,0.00489230533880583
2034-07-23,0.00489118167150056
2034-07-24,0.00489005841215063
2034-07-25,0.00488893548145871
2034-07-26,0.00488781265955487
2034-07-27,0.00488669010372314
2034-07-28,0.00488556789784828
2034-07-29,0.00488444586596882
2034-07-30,0.00488332409852308
2034-07-31,0.00488220266497816
2034-08-01,0.0140718255636871
2034-08-02,0.0140685939979388
2034-08-03,0.0140653633844127
2034-08-04,0.0140621334075906
2034-08-05,0.0140589035460175
2034-08-06,0.0140556747755322
2034-08-07,0.0140524463772448
2034-08-08,0.0140492196491246
2034-08-09,0.0140459930258621
2034-08-10,0.0140427668050269
2034-08-11,0.014039541679058
2034-08-12,0.0140363175478212
2034-08-13,0.0140330940920196
2034-08-14,0.014029871109495
2034-08-15,0.0140266491982202
2034-08-16,0.01402342764025
2034-08-17,0.0140202073311265
2034-08-18,0.0140169872836753
2034-08-19,0.014013768196948
2034-08-20,0.0140105499840356
2034-08-21,0.0140073321178151
2034-08-22,0.014004115217042
2034-08-23,0.0140008993686254
2034-08-24,0.0139976834521929
2034-08-25,0.0139944692994494
2034-08-26,0.0139912548075713
2034-08-27,0.0139880421398408
2034-08-28,0.0139848293568612
2034-08-29,0.0139816176262381
2034-08-30,0.0139784071312364
2034-08-31,0.0139751968638989
2034-09-01,0.0107505541875446
2034-09-02,0.0107480853240141
2034-09-03,0.0107456167345095
2034-09-04,0.0107431490855609
2034-09-05,0.0107406819526824
2034-09-06,0.0107382153547725
2034-09-07,0.0107357493579752
2034-09-08,0.0107332833648122
2034-09-09,0.0107308182860382
2034-09-10,0.0107283538861509
2034-09-11,0.0107258899398238
2034-09-12,0.0107234273687145
2034-09-13,0.0107209641797749
2034-09-14,0.0107185019568313
2034-09-15,0.0107160405545119
2034-09-16,0.0107135793411759
2034-09-17,0.0107111193664083
2034-09-18,0.0107086594904935
2034-09-19,0.0210324123337828
2034-09-20,0.0107037413181293
2034-09-21,0.010701283031856
2034-09-22,0.0106988255611187
2034-09-23,0.0106963682292116
2034-09-24,0.0106939115921821
2034-09-25,0.0106914557169012
2034-09-26,0.0106890006833234
2034-09-27,0.0106865458452707
2034-09-28,0.0106840915429134
2034-09-29,0.010681637778432
2034-09-30,0.010679184761162
2034-10-01,0.00517000630502944
2034-10-02,0.0051688189908345
2034-10-03,0.00516763204127835
2034-10-04,0.00516644521068735
2034-10-05,0.00516525856839919
2034-10-06,0.00516407248116447
2034-10-07,0.005162886424199
2034-10-08,0.0496036172376662
2034-10-09,0.00516051544149297
2034-10-10,0.0196069136535678
2034-10-11,0.00566602136762248
2034-10-12,0.0197475824226956
2034-10-13,0.0051557770499633
2034-10-14,0.00515459335892627
2034-10-15,0.0051534100152816
2034-10-16,0.00515222691942234
2034-10-17,0.00515104427795367
2034-10-18,0.00514986178959107
2034-10-19,0.00514867959969726
2034-10-20,0.00514749768081877
2034-10-21,0.00514631584958029
2034-10-22,0.0076983467166889
2034-10-23,0.0055818158226314
2034-10-24,0.00514277229978376
2034-10-25,0.00514159157161279
2034-10-26,0.00514041122391916
2034-10-27,0.0121593938983286
2034-10-28,0.00513805102163895
2034-10-29,0.00513687134092454
2034-10-30,0.00513569203751978
2034-10-31,0.00513451294881542
2034-11-01,0.00375735294735161
2034-11-02,0.00375649033608027
2034-11-03,0.00375562788170168
2034-11-04,0.00430273221204478
2034-11-05,0.0118479760451224
2034-11-06,0.00378356411709774
2034-11-07,0.00375217988429778
2034-11-08,0.00375131841378357
2034-11-09,0.00375045718182877
2034-11-10,0.00374959619538924
2034-11-11,0.0037487353632662
2034-11-12,0.00374787477665843
2034-11-13,0.00374701440001385
2034-11-14,0.00374615425033564
2034-11-15,0.00374529428202441
2034-11-16,0.00374761338561135
2034-11-17,0.00374357478361962
2034-11-18,0.00374271528933573
2034-11-19,0.0037418560470077
2034-11-20,0.00375181986464694
2034-11-21,0.00374013820486476
2034-11-22,0.00378795730314081
2034-11-23,0.00373842106732228
2034-11-24,0.00378053025549209
2034-11-25,0.00400588773840937
2034-11-26,0.0038715121362526
2034-11-27,0.00544807713274015
2034-11-28,0.00642173744517094
2034-11-29,0.00448483236823775
2034-11-30,0.00373241720590007
2034-12-01,0.00373342072661817
2034-12-02,0.0244785712886744
2034-12-03,0.00373170680933454
2034-12-04,0.00373085009710362
2034-12-05,0.00372999362406659
2034-12-06,0.00372913742038038
2034-12-07,0.00372828148243648
2034-12-08,0.00372742558444415
2034-12-09,0.00372656998492862
2034-12-10,0.0037257146055333
2034-12-11,0.00372485933181632
2034-12-12,0.00372400434858582
2034-12-13,0.00372314953856468
2034-12-14,0.00372229486334782
2034-12-15,0.00372144043170662
2034-12-16,0.00372058618642011
2034-12-17,0.00380263841935862
2034-12-18,0.00371887837682787
2034-12-19,0.00371802464008604
2034-12-20,0.00371717130569509
2034-12-21,0.00371631793753864
2034-12-22,0.00371546486012643
2034-12-23,0.00470033154285516
2034-12-24,0.00546895795055447
2034-12-25,0.0158367955675942
2034-12-26,0.262616459489144
2034-12-27,1.40859222016836
2034-12-28,0.71130121954749
2034-12-29,0.00801437253959511
2034-12-30,0.0179114573965005
2034-12-31,0.023041823400769
2035-01-01,0.0383496769683051
2035-01-02,0.029619386717574
2035-01-03,0.0202239233949195
2035-01-04,0.0488000005645721
2035-01-05,0.015162235698235
2035-01-06,0.0077375769248492
2035-01-07,0.00409249895517279
2035-01-08,0.00584788818366488
2035-01-09,0.00697464789582902
2035-01-10,0.00611437245009866
2035-01-11,0.00485167365214369
2035-01-12,0.0324697172530635
2035-01-13,0.213597173438827
2035-01-14,0.25421784839617
2035-01-15,0.121900545419786
2035-01-16,0.00585267302904393
2035-01-17,0.00485794881849807
2035-01-18,0.0249108989433982
2035-01-19,0.00704997388706646
2035-01-20,0.11409067282268
2035-01-21,1.69189936621104
2035-01-22,14.6996753562554
2035-01-23,1.45898768037777
2035-01-24,0.0480556694452091
2035-01-25,0.176446277227704
2035-01-26,0.0973568775790858
2035-01-27,0.0809436473036921
2035-01-28,0.0854076336239911
2035-01-29,0.0836131558995766
2035-01-30,0.0891564650311729
2035-01-31,0.0922755849453668
2035-02-01,0.0937454037321444
2035-02-02,0.0978153209322924
2035-02-03,0.187842557233753
2035-02-04,0.132259660493013
2035-02-05,0.0959298692862283
2035-02-06,0.0991421044485615
2035-02-07,0.143001552848302
2035-02-08,0.17467847905315
2035-02-09,0.331649515825885
2035-02-10,0.524461751382735
2035-02-11,0.269477899808412
2035-02-12,0.307926555731145
2035-02-13,0.306560863880577
2035-02-14,0.300638452257226
2035-02-15,0.302257433329753
2035-02-16,0.301709844347312
2035-02-17,0.308575196117353
2035-02-18,0.280707708781271
2035-02-19,0.270817134266792
2035-02-20,0.262426319504522
2035-02-21,0.257553040732514
2035-02-22,0.254259715137212
2035-02-23,0.237783744080446
2035-02-24,0.224980015329001
2035-02-25,0.203755272765438
2035-02-26,0.261670250915821
2035-02-27,0.222705022012603
2035-02-28,0.214597655445446
2035-03-01,0.20104750191077
2035-03-02,0.195257101399785
2035-03-03,0.198624335460928
2035-03-04,0.187929423023366
2035-03-05,0.193886009689629
2035-03-06,0.192349694521819
2035-03-07,0.187784566031388
2035-03-08,0.191573162687926
2035-03-09,0.188857633219974
2035-03-10,0.179941617113234
2035-03-11,0.167742141868963
2035-03-12,0.162800275496937
2035-03-13,0.152425351487915
2035-03-14,0.141483350923487
2035-03-15,0.131898440213311
2035-03-16,0.139747029424928
2035-03-17,0.175805945573138
2035-03-18,0.161642470888506
2035-03-19,0.131721358519032
2035-03-20,0.13593757339688
2035-03-21,0.133930415483213
2035-03-22,1.61763405281229
2035-03-23,1.00773671787462
2035-03-24,0.586925706933213
2035-03-25,1.0529847071177
2035-03-26,0.766834444882594
2035-03-27,0.809161976765837
2035-03-28,0.639097862983435
2035-03-29,0.542312637084657
2035-03-30,0.516769161586941
2035-03-31,0.491313625824769
2035-04-01,0.643342102161064
2035-04-02,0.59236191457153
2035-04-03,0.546620450105172
2035-04-04,0.495795585549668
2035-04-05,0.478402972293115
2035-04-06,0.4165578839517
2035-04-07,0.375223505632566
2035-04-08,0.343327074865519
2035-04-09,0.315490153787143
2035-04-10,0.28952991953002
2035-04-11,0.265305360929511
2035-04-12,0.241193804179472
2035-04-13,0.221523254869469
2035-04-14,0.200424443287105
2035-04-15,0.186265422236589
2035-04-16,0.218186747738472
2035-04-17,0.162928765391688
2035-04-18,0.152549668316625
2035-04-19,0.161668841991229
2035-04-20,0.214246969193804
2035-04-21,0.160038611368146
2035-04-22,0.137766220678584
2035-04-23,0.169521999049151
2035-04-24,0.138784354838888
2035-04-25,0.159805162104703
2035-04-26,0.148327075715611
2035-04-27,0.135048151412009
2035-04-28,0.124760690839181
2035-04-29,0.116678966912889
2035-04-30,0.107180710209487
2035-05-01,0.107836613801381
2035-05-02,0.0994859720854203
2035-05-03,0.0912352633580676
2035-05-04,0.0838478665932736
2035-05-05,0.076675694104795
2035-05-06,0.0684797867802696
2035-05-07,0.0592231004508162
2035-05-08,0.0546477758270283
2035-05-09,0.0514781731413507
2035-05-10,0.0490209925430841
2035-05-11,0.0467034145620786
2035-05-12,0.0446035315407935
2035-05-13,0.0421753195606675
2035-05-14,0.0402142337988167
2035-05-15,0.0401944083882773
2035-05-16,0.0422047088303848
2035-05-17,0.051386004603603
2035-05-18,0.0538978685097198
2035-05-19,0.0390855066782978
2035-05-20,0.0315374009257032
2035-05-21,0.0309004889916396
2035-05-22,0.0328404878268585
2035-05-23,0.04078385316762
2035-05-24,0.0462873958003812
2035-05-25,0.0472606256135653
2035-05-26,0.0249507121630401
2035-05-27,0.0237761099679804
2035-05-28,0.0267069807296148
2035-05-29,0.0228443387950889
2035-05-30,0.022350376114558
2035-05-31,0.0210556909886321
2035-06-01,0.0156874011805405
2035-06-02,0.0143993063736323
2035-06-03,0.013276363591697
2035-06-04,0.0122567208136262
2035-06-05,0.0113468322982738
2035-06-06,0.0105760551044345
2035-06-07,0.00984610723972101
2035-06-08,0.00915885278096723
2035-06-09,0.00856607063854566
2035-06-10,0.00805994889216911
2035-06-11,0.0075617939584727
2035-06-12,0.00703278293444241
2035-06-13,0.00653704816067161
2035-06-14,0.00610518647668601
2035-06-15,0.00574272840944989
2035-06-16,0.00544644564834999
2035-06-17,0.00519668326605996
2035-06-18,0.0049770595205818
2035-06-19,0.00477485528052314
2035-06-20,0.00459744458528962
2035-06-21,0.00445049531845521
2035-06-22,0.00433235545727399
2035-06-23,0.00423893039707777
2035-06-24,0.00415196245394546
2035-06-25,0.00406273474929062
2035-06-26,0.00397427116831879
2035-06-27,0.00388776372132697
2035-06-28,0.00380665056103839
2035-06-29,0.00372975207416317
2035-06-30,0.00365592440450524
2035-07-01,0.0065799444890247
2035-07-02,0.0064617558476625
2035-07-03,0.00634962519647294
2035-07-04,0.00624374100624099
2035-07-05,0.00613927779036128
2035-07-06,0.00603199253006615
2035-07-07,0.00593042727237546
2035-07-08,0.00583518066702818
2035-07-09,0.00574636974314387
2035-07-10,0.00566452391142728
2035-07-11,0.00558865818612775
2035-07-12,0.00551775001749011
2035-07-13,0.00545191800878452
2035-07-14,0.0053917702061577
2035-07-15,0.00533714660919312
2035-07-16,0.0052886371966944
2035-07-17,0.0052457426378647
2035-07-18,0.00520779600795058
2035-07-19,0.0051740679555273
2035-07-20,0.0051442191783946
2035-07-21,0.00511821074516029
2035-07-22,0.00509583270299532
2035-07-23,0.00507592147378167
2035-07-24,0.00505775226798567
2035-07-25,0.00504235878974649
2035-07-26,0.00502988488903625
2035-07-27,0.00501941939118749
2035-07-28,0.00501016334529873
2035-07-29,0.00500179989392295
2035-07-30,0.00499426601565868
2035-07-31,0.00498747350695448
2035-08-01,0.0148294193546657
2035-08-02,0.014347771943911
2035-08-03,0.0143354384920368
2035-08-04,0.0143239645546925
2035-08-05,0.0143140369588636
2035-08-06,0.014305177009874
2035-08-07,0.0142972635676988
2035-08-08,0.0142896517399642
2035-08-09,0.0142821294995083
2035-08-10,0.0142749273350754
2035-08-11,0.0142681830902521
2035-08-12,0.0142618175634037
2035-08-13,0.0142559649158134
2035-08-14,0.014250484109039
2035-08-15,0.0142453018607148
2035-08-16,0.0142404836398843
2035-08-17,0.014235987340952
2035-08-18,0.0142317564578529
2035-08-19,0.0142277005993987
2035-08-20,0.0142237875326848
2035-08-21,0.0146420022011211
2035-08-22,0.0154500440240743
2035-08-23,0.0142126116918496
2035-08-24,0.014208881941103
2035-08-25,0.0142051802280051
2035-08-26,0.0142016689687611
2035-08-27,0.0141983462617609
2035-08-28,0.0141950855549954
2035-08-29,0.0141918253252857
2035-08-30,0.0141885663982686
2035-08-31,0.014185307534544
2035-09-01,0.0109121844548251
2035-09-02,0.010909678459685
2035-09-03,0.0109071726695192
2035-09-04,0.0109046676025784
2035-09-05,0.0109021637218721
2035-09-06,0.0108996594123188
2035-09-07,0.0108971566938605
2035-09-08,0.0108946540640792
2035-09-09,0.010892151924201
2035-09-10,0.0108896501746463
2035-09-11,0.0108871498773565
2035-09-12,0.010884649263883
2035-09-13,0.0108821493271155
2035-09-14,0.0108796505264292
2035-09-15,0.0197170919086798
2035-09-16,0.0108746538539827
2035-09-17,0.0108721564713989
2035-09-18,0.0108696594013646
2035-09-19,0.0108671631185191
2035-09-20,0.0108646674760366
2035-09-21,0.0108621719767453
2035-09-22,0.0108596779522518
2035-09-23,0.0198392343820417
2035-09-24,0.0108548217657255
2035-09-25,0.0108521972496277
2035-09-26,0.0108497051084267
2035-09-27,0.010847213859082
2035-09-28,0.0108447222048767
2035-09-29,0.0108422320094781
2035-09-30,0.0108397419107518
2035-10-01,0.00524773502093932
2035-10-02,0.0126097470885102
2035-10-03,0.0154992600159752
2035-10-04,0.0446098955097342
2035-10-05,0.00524291621177631
2035-10-06,0.00611776733292811
2035-10-07,0.0058032872234847
2035-10-08,0.00523930541850614
2035-10-09,0.00523810211546392
2035-10-10,0.00523689968706198
2035-10-11,0.00523569708795562
2035-10-12,0.00523449495239102
2035-10-13,0.00523329321842182
2035-10-14,0.00523209168753814
2035-10-15,0.0052308902481661
2035-10-16,0.00522968921355719
2035-10-17,0.0125014638666767
2035-10-18,0.00522728783806818
2035-10-19,0.00522608755667064
2035-10-20,0.0052248876300568
2035-10-21,0.00522368798360941
2035-10-22,0.00981329769040081
2035-10-23,0.00522128959949586
2035-10-24,0.0632337490021341
2035-10-25,0.00521889209495018
2035-10-26,0.0586132621235204
2035-10-27,0.00521650147208151
2035-10-28,0.00943953091053742
2035-10-29,0.00542694374903318
2035-10-30,0.00539832379367377
2035-10-31,0.0143387042817045
2035-11-01,0.00412017297736587
2035-11-02,0.00381306235659943
2035-11-03,0.00422681187254341
2035-11-04,0.00653043662963921
2035-11-05,0.00385266406966897
2035-11-06,0.00380964701684613
2035-11-07,0.00380879458763076
2035-11-08,0.022964289628657
2035-11-09,0.00827484693024334
2035-11-10,0.00380624514539493
2035-11-11,0.00380540654721563
2035-11-12,0.0313658074042274
2035-11-13,0.0177342082150564
2035-11-14,0.0169123595943407
2035-11-15,0.0322296243301233
2035-11-16,0.0059015858220465
2035-11-17,0.00417762298928291
2035-11-18,0.00745705802222429
2035-11-19,0.0043579458868384
2035-11-20,0.00380349059487358
2035-11-21,0.0239768967217393
2035-11-22,0.165225702786709
2035-11-23,0.0333564082755509
2035-11-24,0.00840966635570694
2035-11-25,0.00569470746713436
2035-11-26,0.00517005967320628
2035-11-27,0.0246273024804106
2035-11-28,0.0977303662967097
2035-11-29,0.34093000349638
2035-11-30,0.866288662876872
2035-12-01,0.489288271852132
2035-12-02,0.020255797502849
2035-12-03,0.112458297096922
2035-12-04,0.328171589910405
2035-12-05,0.360705720991126
2035-12-06,0.499927111528923
2035-12-07,0.0151648234712368
2035-12-08,0.0144972600308122
2035-12-09,0.0244624990761175
2035-12-10,0.0352974124374938
2035-12-11,0.0343497018646577
2035-12-12,0.0302663758239557
2035-12-13,0.0100024273693007
2035-12-14,0.0116551875157949
2035-12-15,0.0160415728059719
2035-12-16,0.0119486543874704
2035-12-17,0.0324665515354554
2035-12-18,0.0226098976227117
2035-12-19,0.0411987269666122
2035-12-20,0.0157892539192619
2035-12-21,0.0265328000409515
2035-12-22,0.0575306282430215
2035-12-23,0.574141479000852
2035-12-24,0.0930528954152974
2035-12-25,0.0246173209532306
2035-12-26,0.0265035533457855
2035-12-27,0.0281049567877776
2035-12-28,0.00961250473032889
2035-12-29,0.010461147756505
2035-12-30,0.00930412283091699
2035-12-31,0.0802364723681745
2036-01-01,0.149165757516914
2036-01-02,0.116052180431565
2036-01-03,0.0167173394647697
2036-01-04,0.0226745971705877
2036-01-05,0.299918788835183
2036-01-06,1.79384989054853
2036-01-07,0.199226823218688
2036-01-08,0.411864083116138
2036-01-09,0.292636348738053
2036-01-10,0.401813386359175
2036-01-11,0.31031853851109
2036-01-12,0.333160797837749
2036-01-13,0.380747337923727
2036-01-14,0.381337165326318
2036-01-15,0.335513150229379
2036-01-16,0.335530443607087
2036-01-17,0.330846663061356
2036-01-18,0.306338156957009
2036-01-19,0.280501694729646
2036-01-20,0.265609600224177
2036-01-21,0.249945449702445
2036-01-22,0.2478077193956
2036-01-23,0.29553258965901
2036-01-24,0.216381712225439
2036-01-25,0.211699471580904
2036-01-26,0.206943902553994
2036-01-27,0.191527096328338
2036-01-28,0.184456824560914
2036-01-29,0.175485605395948
2036-01-30,0.413515998431072
2036-01-31,0.340546535212287
2036-02-01,0.317605403258727
2036-02-02,0.274449845347722
2036-02-03,0.279533897538609
2036-02-04,0.277630070832814
2036-02-05,0.27687119075469
2036-02-06,0.256622024317095
2036-02-07,0.237140103878688
2036-02-08,0.223753011645378
2036-02-09,0.212480074555431
2036-02-10,0.250750257125097
2036-02-11,0.212870854973394
2036-02-12,0.189433106250309
2036-02-13,0.287517211030246
2036-02-14,0.308107946617646
2036-02-15,0.229231707011241
2036-02-16,0.23994839370516
2036-02-17,0.275585931712176
2036-02-18,0.309498793681488
2036-02-19,0.2467192621343
2036-02-20,0.240546579758487
2036-02-21,0.257881962343495
2036-02-22,0.23500206007295
2036-02-23,0.225870399339989
2036-02-24,0.218829068198977
2036-02-25,0.211291174064874
2036-02-26,0.198384522720631
2036-02-27,0.185303627702999
2036-02-28,0.178815002630759
2036-02-29,0.173853097634073
2036-03-01,0.138799849244493
2036-03-02,0.173359591178969
2036-03-03,0.135420826547458
2036-03-04,0.125822553386768
2036-03-05,0.120906300398037
2036-03-06,0.118537369028139
2036-03-07,0.127605225064756
2036-03-08,0.13784968564064
2036-03-09,0.141691534792269
2036-03-10,0.147831338590279
2036-03-11,0.279524875316473
2036-03-12,0.415410995369636
2036-03-13,0.434906114322076
2036-03-14,0.407831366536665
2036-03-15,0.377922653977296
2036-03-16,0.505406710182303
2036-03-17,0.594302789041863
2036-03-18,0.561673454537639
2036-03-19,0.483260524888474
2036-03-20,0.483780278378343
2036-03-21,0.456757875822912
2036-03-22,0.431105103593381
2036-03-23,0.53912729088264
2036-03-24,0.422983015585856
2036-03-25,0.401173967418466
2036-03-26,0.399006463989107
2036-03-27,0.378013734357526
2036-03-28,0.386052281199938
2036-03-29,0.346034565545518
2036-03-30,0.337720186761919
2036-03-31,0.315761467130379
2036-04-01,0.822574511225818
2036-04-02,1.07954170628435
2036-04-03,0.717097063106857
2036-04-04,0.678554745759012
2036-04-05,0.891743687150774
2036-04-06,0.663567799868044
2036-04-07,0.663487606918077
2036-04-08,0.643751434547559
2036-04-09,0.618239349646655
2036-04-10,0.622169843803387
2036-04-11,0.617096618543243
2036-04-12,0.629576513826501
2036-04-13,0.6960925370287
2036-04-14,0.647805294231788
2036-04-15,0.645481427755535
2036-04-16,0.689750667127737
2036-04-17,0.661471660589192
2036-04-18,0.440539793179697
2036-04-19,0.417647418792905
2036-04-20,0.384952295012042
2036-04-21,0.370224053554078
2036-04-22,0.414011161951325
2036-04-23,0.509960210485711
2036-04-24,0.371638743000318
2036-04-25,0.364344488550935
2036-04-26,0.490035932123343
2036-04-27,0.752092296736005
2036-04-28,0.471579692514773
2036-04-29,0.476427838632141
2036-04-30,0.467921162530686
2036-05-01,0.503458893767621
2036-05-02,0.484578309691037
2036-05-03,0.444441654616669
2036-05-04,0.421944367365435
2036-05-05,0.386158803012379
2036-05-06,0.370168055094252
2036-05-07,0.364912793571097
2036-05-08,0.345159016588185
2036-05-09,0.335976610753247
2036-05-10,0.316263535197898
2036-05-11,0.35833760751852
2036-05-12,0.36143639340038
2036-05-13,0.386964257102916
2036-05-14,0.388257018555497
2036-05-15,0.35447741276808
2036-05-16,0.209854138360036
2036-05-17,0.220704642258794
2036-05-18,0.277504649560898
2036-05-19,0.280182634938577
2036-05-20,0.260368513537799
2036-05-21,0.264371325841816
2036-05-22,0.253229433242794
2036-05-23,0.285907482060334
2036-05-24,0.25350864936647
2036-05-25,0.310350366691388
2036-05-26,0.35602366383701
2036-05-27,0.398632896883665
2036-05-28,0.29016295909512
2036-05-29,0.226103692264595
2036-05-30,0.233075188154382
2036-05-31,0.207286121238342
2036-06-01,0.139488394211244
2036-06-02,0.180086604317763
2036-06-03,0.128111315099295
2036-06-04,0.129232479673935
2036-06-05,0.121485634005238
2036-06-06,0.110104840519473
2036-06-07,0.0962859157595588
2036-06-08,0.11096186633353
2036-06-09,0.143156924489016
2036-06-10,0.12914808251849
2036-06-11,0.131631544113064
2036-06-12,0.107401790485332
2036-06-13,0.094068969622202
2036-06-14,0.0662856610277421
2036-06-15,0.0712484787380912
2036-06-16,0.082273043851138
2036-06-17,0.084033509519869
2036-06-18,0.0789941571047683
2036-06-19,0.0672936176841617
2036-06-20,0.0646985019043489
2036-06-21,0.0637174225584292
2036-06-22,0.061042945419066
2036-06-23,0.0602135763837167
2036-06-24,0.0598459878417183
2036-06-25,0.0607956381450232
2036-06-26,0.0650900085859265
2036-06-27,0.0645918667926361
2036-06-28,0.0566626282389825
2036-06-29,0.0623324669024029
2036-06-30,0.022821169289364
2036-07-01,0.0377094911992623
2036-07-02,0.036879568801296
2036-07-03,0.0359391802453634
2036-07-04,0.0331104195964371
2036-07-05,0.0290408488443835
2036-07-06,0.0250676328020594
2036-07-07,0.0216688170670589
2036-07-08,0.0187927558425478
2036-07-09,0.0163603518083378
2036-07-10,0.0142601291369556
2036-07-11,0.0124856680208252
2036-07-12,0.0110475564990633
2036-07-13,0.00990263247604833
2036-07-14,0.00898244801867411
2036-07-15,0.00822827412159346
2036-07-16,0.00757174614602508
2036-07-17,0.00701473598969304
2036-07-18,0.00659378766320099
2036-07-19,0.00628326252927625
2036-07-20,0.00606532994017317
2036-07-21,0.00593232350717576
2036-07-22,0.00585281074033041
2036-07-23,0.00578338296597075
2036-07-24,0.00571857759378268
2036-07-25,0.00565928235885918
2036-07-26,0.00560488597631401
2036-07-27,0.00555516811159165
2036-07-28,0.00550923274663093
2036-07-29,0.00546585085580685
2036-07-30,0.00542509861175623
2036-07-31,0.00538716831512924
2036-08-01,0.0154273623719627
2036-08-02,0.015330902668914
2036-08-03,0.0152439573984097
2036-08-04,0.0151648959142209
2036-08-05,0.0150932579379106
2036-08-06,0.0150283578979526
2036-08-07,0.0149698787818714
2036-08-08,0.0149160708268852
2036-08-09,0.0148645356407448
2036-08-10,0.0148137725725332
2036-08-11,0.0147644203270704
2036-08-12,0.0147200463116374
2036-08-13,0.0204892287667286
2036-08-14,0.0146481911229004
2036-08-15,0.0146115868755855
2036-08-16,0.0145783895644111
2036-08-17,0.0145473927779035
2036-08-18,0.0145178896366792
2036-08-19,0.0144902449740311
2036-08-20,0.0144651395644777
2036-08-21,0.0144423490671526
2036-08-22,0.0144211995251823
2036-08-23,0.0144024659122171
2036-08-24,0.0143858958894175
2036-08-25,0.014369553725416
2036-08-26,0.014352249002857
2036-08-27,0.0143359443552702
2036-08-28,0.0143215454686179
2036-08-29,0.0143083489219345
2036-08-30,0.0142963103414842
2036-08-31,0.0142854181919659
2036-09-01,0.0109842882242954
2036-09-02,0.0109773581590552
2036-09-03,0.0109707602060251
2036-09-04,0.010964730600307
2036-09-05,0.0109590647513474
2036-09-06,0.0109537385993753
2036-09-07,0.0109487590742676
2036-09-08,0.0109439387059162
2036-09-09,0.0109392023843106
2036-09-10,0.0109344558023586
2036-09-11,0.0109297691746727
2036-09-12,0.0109253100750402
2036-09-13,0.0109212116306576
2036-09-14,0.0109173585340121
2036-09-15,0.010913682416714
2036-09-16,0.0601126671210842
2036-09-17,0.0110679438290325
2036-09-18,0.0109049188640432
2036-09-19,0.010901784883509
2036-09-20,0.0108985866166269
2036-09-21,0.0108954260955506
2036-09-22,0.0108923101265909
2036-09-23,0.0108892569793574
2036-09-24,0.0108862739231705
2036-09-25,0.0525404096022448
2036-09-26,0.0108806152112428
2036-09-27,0.0108779094715207
2036-09-28,0.0108750633832547
2036-09-29,0.0108722296399679
2036-09-30,0.01086939170561
2036-10-01,0.00526196454913257
2036-10-02,0.00526069495856161
2036-10-03,0.0052594499012115
2036-10-04,0.00525821022017157
2036-10-05,0.00525697114064484
2036-10-06,0.00525572994755067
2036-10-07,0.00525448577399203
2036-10-08,0.00525324057691065
2036-10-09,0.00525199608869269
2036-10-10,0.00525075239134667
2036-10-11,0.00524950732871705
2036-10-12,0.00524828063283007
2036-10-13,0.00524707534926427
2036-10-14,0.00524587030926028
2036-10-15,0.00524466564304625
2036-10-16,0.0052434611260666
2036-10-17,0.00524225682660315
2036-10-18,0.00524105295900435
2036-10-19,0.00523984935186182
2036-10-20,0.00523864598968898
2036-10-21,0.00523744291718573
2036-10-22,0.00523624014807883
2036-10-23,0.00523503752503866
2036-10-24,0.00523383509241312
2036-10-25,0.00523263300506813
2036-10-26,0.00523143143757977
2036-10-27,0.00523022999468805
2036-10-28,0.00522902878127943
2036-10-29,0.00522782787408292
2036-10-30,0.00522662749167059
2036-10-31,0.00522542693855382
2036-11-01,0.00382388245260767
2036-11-02,0.00382300414252945
2036-11-03,0.00382212610501695
2036-11-04,0.00382124841246241
2036-11-05,0.00382037080698463
2036-11-06,0.00381949336432493
2036-11-07,0.00381861630784296
2036-11-08,0.00381773912718643
2036-11-09,0.0066744861224569
2036-11-10,0.0166508663979768
2036-11-11,0.00620525563284873
2036-11-12,0.00381423337650568
2036-11-13,0.00381335749298377
2036-11-14,0.00385051332333618
2036-11-15,0.0038116061572018
2036-11-16,0.0608536228548763
2036-11-17,0.00415603985495966
2036-11-18,0.00418457671469666
2036-11-19,0.00380810921570108
2036-11-20,0.00380723690567557
2036-11-21,0.114832387958765
2036-11-22,0.398380087512974
2036-11-23,0.0525417236762125
2036-11-24,0.00539398330917652
2036-11-25,0.00463408157603942
2036-11-26,0.00409883649544583
2036-11-27,0.0407751172468062
2036-11-28,0.0149475980435538
2036-11-29,0.0441579492184041
2036-11-30,0.122256198672567
2036-12-01,0.267647944428262
2036-12-02,0.124659987818639
2036-12-03,0.011902505394587
2036-12-04,0.00852304666448414
2036-12-05,0.0050010391012305
2036-12-06,0.00756899926491726
2036-12-07,0.00516959556945173
2036-12-08,0.00509025376375318
2036-12-09,0.00513883138258413
2036-12-10,0.00509259742845547
2036-12-11,0.00508446940265883
2036-12-12,0.00507628295788694
2036-12-13,0.00806334743519198
2036-12-14,0.00510097227447417
2036-12-15,0.00504898709120871
2036-12-16,0.00650360683263011
2036-12-17,0.00761617763062153
2036-12-18,0.00532284522998979
2036-12-19,0.0519152876658647
2036-12-20,0.144605427570508
2036-12-21,0.054796289484059
2036-12-22,0.0279286696256846
2036-12-23,0.0457589111893312
2036-12-24,0.0295313329517197
2036-12-25,0.0111763119722819
2036-12-26,0.0184737166187446
2036-12-27,0.0310294225385362
2036-12-28,0.0501051372260591
2036-12-29,0.0424405588321103
2036-12-30,0.220939299250519
2036-12-31,0.235338864681113
2037-01-01,0.00720480120649478
2037-01-02,0.0062271247484557
2037-01-03,0.00441970724959146
2037-01-04,0.00446676337095108
2037-01-05,0.0420850861627667
2037-01-06,0.433456331255081
2037-01-07,2.67814658775051
2037-01-08,0.92308874807103
2037-01-09,0.359988185289589
2037-01-10,0.321780833741773
2037-01-11,0.560791290953494
2037-01-12,0.67551098682004
2037-01-13,0.25826176255284
2037-01-14,0.146288235138084
2037-01-15,0.164396813460275
2037-01-16,0.162937297565919
2037-01-17,0.190801630437242
2037-01-18,0.204345728111293
2037-01-19,0.20453504237405
2037-01-20,0.32052117354161
2037-01-21,0.391465903434339
2037-01-22,0.460430444380914
2037-01-23,0.383743065752356
2037-01-24,0.394261381943735
2037-01-25,0.444478349300551
2037-01-26,0.875898063371866
2037-01-27,1.87299575161453
2037-01-28,1.70063928423121
2037-01-29,3.60600050748929
2037-01-30,3.6296129342015
2037-01-31,4.27224188635356
2037-02-01,1.21105515756006
2037-02-02,0.714908582076905
2037-02-03,0.692821576869567
2037-02-04,0.680476421869302
2037-02-05,0.685616392152384
2037-02-06,0.682396631355747
2037-02-07,0.692458151402531
2037-02-08,0.650803350689837
2037-02-09,0.765799115440064
2037-02-10,0.720496343045153
2037-02-11,0.633572217188122
2037-02-12,0.616877230586297
2037-02-13,0.576392049199218
2037-02-14,0.535414676614689
2037-02-15,0.486376961324088
2037-02-16,0.47823697877081
2037-02-17,0.437297749842827
2037-02-18,0.390249159642964
2037-02-19,0.369815105403917
2037-02-20,0.36105681398323
2037-02-21,0.334307307028757
2037-02-22,0.316898809790162
2037-02-23,0.582822775951635
2037-02-24,0.441852132662597
2037-02-25,0.392221032253411
2037-02-26,0.44623168732749
2037-02-27,0.923610537542676
2037-02-28,0.900515199027064
2037-03-01,0.534995102798246
2037-03-02,0.537363046933019
2037-03-03,0.51248433648831
2037-03-04,0.483329057226372
2037-03-05,0.452175805246671
2037-03-06,0.415412203410242
2037-03-07,0.380402681642314
2037-03-08,0.351683244079456
2037-03-09,0.329331276905357
2037-03-10,0.308214291975205
2037-03-11,0.277005002125442
2037-03-12,0.292874449175935
2037-03-13,0.245255315166732
2037-03-14,0.230746649379353
2037-03-15,0.218166058014258
2037-03-16,0.204761252447645
2037-03-17,0.196321120387799
2037-03-18,0.186366503133821
2037-03-19,0.187416079149291
2037-03-20,0.227803279914978
2037-03-21,0.26584399217276
2037-03-22,0.466077695628398
2037-03-23,0.289960584710237
2037-03-24,0.308117538127138
2037-03-25,0.327428892575243
2037-03-26,0.295106165015431
2037-03-27,0.298085379134245
2037-03-28,0.28814955275543
2037-03-29,0.277843674348806
2037-03-30,0.536942689830556
2037-03-31,0.80651957243283
2037-04-01,0.753901601755242
2037-04-02,0.796119827059709
2037-04-03,0.648229935031394
2037-04-04,0.630326994488023
2037-04-05,0.615289796949688
2037-04-06,0.591074832275011
2037-04-07,0.612454962058912
2037-04-08,0.651939994000936
2037-04-09,0.694410329303732
2037-04-10,0.493279342994629
2037-04-11,0.603690214591804
2037-04-12,0.454283581930261
2037-04-13,0.648356514916798
2037-04-14,0.386215216978491
2037-04-15,0.37082718718131
2037-04-16,0.356649370435661
2037-04-17,0.369644565078589
2037-04-18,0.646647325154652
2037-04-19,0.817337098138396
2037-04-20,0.570830709383068
2037-04-21,0.631387743192042
2037-04-22,0.571742792703219
2037-04-23,0.551384779560177
2037-04-24,0.527797129297852
2037-04-25,0.5042894651791
2037-04-26,0.477317935864866
2037-04-27,0.450290424650136
2037-04-28,0.43196317305931
2037-04-29,0.419471432514591
2037-04-30,0.505130438859253
2037-05-01,0.583742473095774
2037-05-02,0.58368357749397
2037-05-03,0.470124227695947
2037-05-04,0.527182183827718
2037-05-05,0.333502706502735
2037-05-06,0.274917901934886
2037-05-07,0.272563665973967
2037-05-08,0.290561882419152
2037-05-09,0.253003534093288
2037-05-10,0.245395846330367
2037-05-11,0.206095048847599
2037-05-12,0.200232102788747
2037-05-13,0.162827464805258
2037-05-14,0.15867033790176
2037-05-15,0.135314572667144
2037-05-16,0.122385962068873
2037-05-17,0.114176933802639
2037-05-18,0.107638397844208
2037-05-19,0.102559280608689
2037-05-20,0.0982302268745454
2037-05-21,0.106699153513693
2037-05-22,0.11125798855261
2037-05-23,0.110644335829772
2037-05-24,0.104951209862824
2037-05-25,0.0792849906273291
2037-05-26,0.0796990126688617
2037-05-27,0.0800155085812324
2037-05-28,0.0622653569753117
2037-05-29,0.0530696979393158
2037-05-30,0.0527766514823949
2037-05-31,0.0552332218467895
2037-06-01,0.0395394054169637
2037-06-02,0.0359300283186694
2037-06-03,0.0337405332925173
2037-06-04,0.0329506323353982
2037-06-05,0.035233203905914
2037-06-06,0.0471239386044
2037-06-07,0.0561114427537371
2037-06-08,0.0597116865361027
2037-06-09,0.0631033841052963
2037-06-10,0.0640876012197022
2037-06-11,0.0647481961170296
2037-06-12,0.062509083183217
2037-06-13,0.0474707903700601
2037-06-14,0.024731505267096
2037-06-15,0.0207163299503572
2037-06-16,0.0204109725443268
2037-06-17,0.019768008960017
2037-06-18,0.0186625819963472
2037-06-19,0.0167184427346206
2037-06-20,0.014781412145687
2037-06-21,0.0130428844673056
2037-06-22,0.0115062726695176
2037-06-23,0.010203606873489
2037-06-24,0.0091060107515909
2037-06-25,0.00821762571368583
2037-06-26,0.00751280598260005
2037-06-27,0.00692113211182358
2037-06-28,0.00640133292857918
2037-06-29,0.00592533582589674
2037-06-30,0.00549838749454143
2037-07-01,0.00940695414443087
2037-07-02,0.00881046430719261
2037-07-03,0.0095146701144836
2037-07-04,0.00783017530225515
2037-07-05,0.00740430602498404
2037-07-06,0.00705499180221505
2037-07-07,0.00679983574156552
2037-07-08,0.00660441805693052
2037-07-09,0.00645951985650444
2037-07-10,0.00634092163583345
2037-07-11,0.00622631200938028
2037-07-12,0.00611052328644968
2037-07-13,0.00600023545641708
2037-07-14,0.00589855947472885
2037-07-15,0.00580733920127163
2037-07-16,0.00572534476829572
2037-07-17,0.00565025661834794
2037-07-18,0.0055812980778381
2037-07-19,0.0055184834602647
2037-07-20,0.00546161158695168
2037-07-21,0.00540975161978362
2037-07-22,0.00536223438222465
2037-07-23,0.00531925700223274
2037-07-24,0.00528058059622707
2037-07-25,0.00524522214974967
2037-07-26,0.00521271778250454
2037-07-27,0.00518321328397201
2037-07-28,0.00515682695661656
2037-07-29,0.00513383914407909
2037-07-30,0.0051140382390995
2037-07-31,0.00509666978248529
2037-08-01,0.0146497040875219
2037-08-02,0.0146099917591415
2037-08-03,0.0145733854486787
2037-08-04,0.0145396893280825
2037-08-05,0.0145078782084691
2037-08-06,0.0144791544203607
2037-08-07,0.0144541717766002
2037-08-08,0.0144311089484961
2037-08-09,0.014409848910983
2037-08-10,0.0143905294046789
2037-08-11,0.0143728631324817
2037-08-12,0.0143578269457259
2037-08-13,0.0143455672910595
2037-08-14,0.0143345718585136
2037-08-15,0.0143240652776788
2037-08-16,0.0143137694175347
2037-08-17,0.0143039791882365
2037-08-18,0.0142948839752221
2037-08-19,0.0142864486955332
2037-08-20,0.0142788907694228
2037-08-21,0.0142718984244705
2037-08-22,0.0142648835747706
2037-08-23,0.0142581333388837
2037-08-24,0.0142516063990643
2037-08-25,0.020271326360732
2037-08-26,0.014238685805949
2037-08-27,0.0142326765764031
2037-08-28,0.014226920493385
2037-08-29,0.0142213579636658
2037-08-30,0.0142162562423408
2037-08-31,0.0142114589231619
2037-09-01,0.0109312306067915
2037-09-02,0.0109277930003916
2037-09-03,0.0109244867869016
2037-09-04,0.0109213228328686
2037-09-05,0.010918269743057
2037-09-06,0.0109153231584913
2037-09-07,0.0109124701178158
2037-09-08,0.0109096431939233
2037-09-09,0.0109068045530582
2037-09-10,0.0109039600195444
2037-09-11,0.0109011579091762
2037-09-12,0.010898481051937
2037-09-13,0.0108958903268032
2037-09-14,0.0108933011317082
2037-09-15,0.0108907373069119
2037-09-16,0.0108882174389342
2037-09-17,0.0108857170595094
2037-09-18,0.0108832173255357
2037-09-19,0.0108807176228169
2037-09-20,0.0108782190510912
2037-09-21,0.0108757205811259
2037-09-22,0.0108732225589059
2037-09-23,0.0108707257490873
2037-09-24,0.0108682293361338
2037-09-25,0.0108657336623964
2037-09-26,0.0108632376201413
2037-09-27,0.0108607432213151
2037-09-28,0.010858248842841
2037-09-29,0.0108557551752354
2037-09-30,0.0108532621080154
2037-10-01,0.00525428060132477
2037-10-02,0.00525307372967965
2037-10-03,0.00525186764609076
2037-10-04,0.00525066139672496
2037-10-05,0.00524945542048626
2037-10-06,0.00524824977580138
2037-10-07,0.0052470445478465
2037-10-08,0.00524583972148706
2037-10-09,0.00806868273347203
2037-10-10,0.00524343050485641
2037-10-11,0.00524222606284595
2037-10-12,0.00524102221284554
2037-10-13,0.00523981874930594
2037-10-14,0.00523861526992776
2037-10-15,0.00993701932673711
2037-10-16,0.00529197435370651
2037-10-17,0.0139610182896302
2037-10-18,0.00523380465528217
2037-10-19,0.00523260280692339
2037-10-20,0.00523140084135931
2037-10-21,0.00567603655039762
2037-10-22,0.00542916432809809
2037-10-23,0.00522779754289431
2037-10-24,0.00522659684863839
2037-10-25,0.00522539665523285
2037-10-26,0.00522419673495441
2037-10-27,0.00522299666156994
2037-10-28,0.00522179747690449
2037-10-29,0.00522059801312847
2037-10-30,0.00521939925082454
2037-10-31,0.00521820047584977
2037-11-01,0.0323734895381102
2037-11-02,0.00381771715653398
2037-11-03,0.00381684040069868
2037-11-04,0.00381596385328087
2037-11-05,0.00381508754004286
2037-11-06,0.00381421133732536
2037-11-07,0.00381333543602743
2037-11-08,0.00381245970373055
2037-11-09,0.00381158423936218
2037-11-10,0.00381070885562998
2037-11-11,0.00393876152855481
2037-11-12,0.00380921472940708
2037-11-13,0.00380808407988556
2037-11-14,0.00380720958856137
2037-11-15,0.00380633512866726
2037-11-16,0.00380546109410965
2037-11-17,0.0118983952728121
2037-11-18,0.0180598028718145
2037-11-19,0.0208784026229556
2037-11-20,0.0370255948662347
2037-11-21,0.305914157229853
2037-11-22,0.614250332278108
2037-11-23,1.82474835644979
2037-11-24,0.652073670722018
2037-11-25,0.803395698980929
2037-11-26,0.98240855132903
2037-11-27,0.959146540242909
2037-11-28,0.608675780082096
2037-11-29,0.0388426346106171
2037-11-30,0.0129533286039747
2037-12-01,0.0424668477838995
2037-12-02,0.215760651289584
2037-12-03,0.562411125110714
2037-12-04,0.476302999901163
2037-12-05,0.16514099932059
2037-12-06,0.0757024419924099
2037-12-07,0.081493686278649
2037-12-08,0.083108403224369
2037-12-09,0.0909326937550473
2037-12-10,0.0907125800074502
2037-12-11,0.0919728517443414
2037-12-12,0.090848461700558
2037-12-13,0.0837707245180233
2037-12-14,0.0829405003384093
2037-12-15,0.0833822046535861
2037-12-16,0.0828884148597167
2037-12-17,0.0901955770437278
2037-12-18,0.0978832532696956
2037-12-19,0.0931249816687074
2037-12-20,0.0815016560467798
2037-12-21,0.0796504157146699
2037-12-22,0.0817569803589245
2037-12-23,0.084122454983813
2037-12-24,0.0866965098677774
2037-12-25,0.0772703284051409
2037-12-26,0.0745598478868063
2037-12-27,0.0733861281146824
2037-12-28,0.0694778450310846
2037-12-29,0.0626770764188686
2037-12-30,0.0585266263595568
2037-12-31,0.0541598431723773
2038-01-01,0.0373221088130035
2038-01-02,0.0357245162305783
2038-01-03,0.0338162264703683
2038-01-04,0.0321648326334389
2038-01-05,0.0280694454346343
2038-01-06,0.0277393675361403
2038-01-07,0.0273348925318585
2038-01-08,0.0275616291998448
2038-01-09,0.0272714978747544
2038-01-10,0.0260032840419476
2038-01-11,0.0251512559596944
2038-01-12,0.0231443522648382
2038-01-13,0.021341253526676
2038-01-14,0.0205734003046082
2038-01-15,0.0194978806213859
2038-01-16,0.0188887156864212
2038-01-17,0.0187172368620704
2038-01-18,0.0170038891726378
2038-01-19,0.0156778395010006
2038-01-20,0.015284782752064
2038-01-21,0.0145268331733994
2038-01-22,0.0136240222851286
2038-01-23,0.0129434064053337
2038-01-24,0.0127772772759124
2038-01-25,0.0126303391995308
2038-01-26,0.0124764782230174
2038-01-27,0.012320222208211
2038-01-28,0.0233168773325721
2038-01-29,0.0756199960412534
2038-01-30,0.015931294665171
2038-01-31,0.107843130217206
2038-02-01,0.0520820118942628
2038-02-02,0.0581484621479908
2038-02-03,0.063701330930141
2038-02-04,0.173160414884491
2038-02-05,0.0875525009875528
2038-02-06,0.0530162526135204
2038-02-07,0.0444812541821028
2038-02-08,0.164934676199754
2038-02-09,0.352782193150489
2038-02-10,0.331908081911952
2038-02-11,0.179891400979537
2038-02-12,0.204303679625079
2038-02-13,0.215224933358144
2038-02-14,0.219201121136957
2038-02-15,0.208813513184118
2038-02-16,0.206703927723718
2038-02-17,0.197524495801391
2038-02-18,0.192337576196264
2038-02-19,0.277371523175488
2038-02-20,0.362389436743899
2038-02-21,0.666008229664309
2038-02-22,2.6159954619173
2038-02-23,1.95164899373554
2038-02-24,1.64143775044487
2038-02-25,0.707863273281364
2038-02-26,0.683280683482831
2038-02-27,0.696443072072924
2038-02-28,0.695647346855343
2038-03-01,0.583859904000866
2038-03-02,0.588200405804621
2038-03-03,0.523900470684564
2038-03-04,0.490088364349709
2038-03-05,0.457726225011498
2038-03-06,0.470864674374066
2038-03-07,0.395800065941965
2038-03-08,0.370005783391369
2038-03-09,0.339780482099357
2038-03-10,0.313822946899723
2038-03-11,0.288694311983276
2038-03-12,0.267437811986638
2038-03-13,0.252316487944575
2038-03-14,0.237263355823185
2038-03-15,0.231271940907073
2038-03-16,0.217814153485645
2038-03-17,0.213017891023323
2038-03-18,0.200205130790513
2038-03-19,0.189051157549065
2038-03-20,0.182257008875006
2038-03-21,0.175685775835081
2038-03-22,0.167831619123217
2038-03-23,0.15865738274519
2038-03-24,0.162046104673859
2038-03-25,0.142134458716653
2038-03-26,0.129348252226524
2038-03-27,0.120835844209645
2038-03-28,0.111382238984077
2038-03-29,0.104119317671624
2038-03-30,0.101567466897165
2038-03-31,0.089598615216359
2038-04-01,0.153685201941564
2038-04-02,0.28079491276914
2038-04-03,0.171306576205707
2038-04-04,0.489317702461582
2038-04-05,0.74905857571202
2038-04-06,0.312813970311905
2038-04-07,0.340556957347953
2038-04-08,0.329120206523268
2038-04-09,0.313058817601186
2038-04-10,0.295152584111452
2038-04-11,0.269732326407974
2038-04-12,0.247402794013994
2038-04-13,0.219963055959694
2038-04-14,0.195464542304291
2038-04-15,0.162438100814078
2038-04-16,0.140909827760217
2038-04-17,0.125651682039378
2038-04-18,0.113568182789854
2038-04-19,0.10261680834497
2038-04-20,0.0949796123944268
2038-04-21,0.0895312108031812
2038-04-22,0.078744113600383
2038-04-23,0.0460537324249449
2038-04-24,0.0394288791439496
2038-04-25,0.0344599269650569
2038-04-26,0.0307540962028253
2038-04-27,0.0274884659429474
2038-04-28,0.0240390014217506
2038-04-29,0.0208940722431401
2038-04-30,0.0181684491846327
2038-05-01,0.0179473557517553
2038-05-02,0.0162712095189429
2038-05-03,0.0150019606132379
2038-05-04,0.0140247750428316
2038-05-05,0.0132064437368094
2038-05-06,0.0124808036284787
2038-05-07,0.0117966424083703
2038-05-08,0.0111220257500384
2038-05-09,0.0104987840633092
2038-05-10,0.00995698896395006
2038-05-11,0.00948333192168349
2038-05-12,0.00906698975177894
2038-05-13,0.00869983426611605
2038-05-14,0.00838340542556384
2038-05-15,0.0155055594204571
2038-05-16,0.011017605529152
2038-05-17,0.0253490708406082
2038-05-18,0.00787297688983024
2038-05-19,0.00770616974934052
2038-05-20,0.0347145865845887
2038-05-21,0.0078124091944564
2038-05-22,0.0136741027734133
2038-05-23,0.00743125973817438
2038-05-24,0.00720081879588839
2038-05-25,0.0441690157199387
2038-05-26,0.0128276273072242
2038-05-27,0.00878139250922989
2038-05-28,0.00701915734634835
2038-05-29,0.00683983898480742
2038-05-30,0.00794907157439358
2038-05-31,0.00670091322444977
2038-06-01,0.00527728869919348
2038-06-02,0.00517563118392172
2038-06-03,0.00508201805702298
2038-06-04,0.0726877860340889
2038-06-05,0.114817860716308
2038-06-06,0.0299976664951532
2038-06-07,0.00574397298458601
2038-06-08,0.00560320663672406
2038-06-09,0.0055375745058314
2038-06-10,0.00541273084204125
2038-06-11,0.00525736701812429
2038-06-12,0.00506819343646221
2038-06-13,0.00487155442198453
2038-06-14,0.00468084126657234
2038-06-15,0.00450488401762951
2038-06-16,0.00434649298803959
2038-06-17,0.00421697736763632
2038-06-18,0.0041197019673586
2038-06-19,0.00403296185151681
2038-06-20,0.00395048845987127
2038-06-21,0.00387019603911079
2038-06-22,0.0037921873886921
2038-06-23,0.00371643538938068
2038-06-24,0.0036420706724295
2038-06-25,0.00356866381298543
2038-06-26,0.00349879601596631
2038-06-27,0.00343635062965054
2038-06-28,0.00338045118066968
2038-06-29,0.00332865723870722
2038-06-30,0.00327765584248581
2038-07-01,0.00591840435696764
2038-07-02,0.00582655241199754
2038-07-03,0.0057417542876819
2038-07-04,0.00566618792034702
2038-07-05,0.00559590675319845
2038-07-06,0.00552906670090911
2038-07-07,0.0054673883959462
2038-07-08,0.00541253426521466
2038-07-09,0.00536399759343423
2038-07-10,0.00532012176534351
2038-07-11,0.00527881726443309
2038-07-12,0.00523978152611095
2038-07-13,0.00520425273255176
2038-07-14,0.00517179414412291
2038-07-15,0.00514190303334869
2038-07-16,0.00511587033545436
2038-07-17,0.00509404741894364
2038-07-18,0.00507527929864727
2038-07-19,0.00505933892168958
2038-07-20,0.00504528976544964
2038-07-21,0.00503269160383302
2038-07-22,0.00502144524241405
2038-07-23,0.00501139918852939
2038-07-24,0.0050022589678823
2038-07-25,0.00499384007586575
2038-07-26,0.00498610911191357
2038-07-27,0.00497936465903908
2038-07-28,0.00497360852895727
2038-07-29,0.00496840867991172
2038-07-30,0.00496388111015643
2038-07-31,0.00496011816898674
2038-08-01,0.0142899515841031
2038-08-02,0.0142807099726187
2038-08-03,0.014272274576736
2038-08-04,0.0142646437914699
2038-08-05,0.0142577544442565
2038-08-06,0.014251514247021
2038-08-07,0.0142457294235235
2038-08-08,0.0142404183134851
2038-08-09,0.014235631462136
2038-08-10,0.0142311274367909
2038-08-11,0.0142269100331126
2038-08-12,0.014222950422768
2038-08-13,0.0142191241877456
2038-08-14,0.0142154203869388
2038-08-15,0.0142118119396438
2038-08-16,0.0142082416256296
2038-08-17,0.0142046914480886
2038-08-18,0.0142011489431143
2038-08-19,0.0141976664734723
2038-08-20,0.0141943412990078
2038-08-21,0.0141910812790136
2038-08-22,0.0141878223501072
2038-08-23,0.0141845640002802
2038-08-24,0.014181306529936
2038-08-25,0.0141780495886042
2038-08-26,0.0169389604188125
2038-08-27,0.0141715382470885
2038-08-28,0.014168283237596
2038-08-29,0.0141650294249937
2038-08-30,0.0141617769698745
2038-08-31,0.0141585243843917
2038-09-01,0.0108915809362092
2038-09-02,0.0108890795217366
2038-09-03,0.0108865786952933
2038-09-04,0.0108840785295651
2038-09-05,0.0108815789983851
2038-09-06,0.0108790796162113
2038-09-07,0.0108765813337757
2038-09-08,0.0108740836153829
2038-09-09,0.0108715865555246
2038-09-10,0.0108690895945193
2038-09-11,0.0108665933625539
2038-09-12,0.0108640976604689
2038-09-13,0.0108616025384177
2038-09-14,0.010859108111244
2038-09-15,0.0108566146573349
2038-09-16,0.0108541213924094
2038-09-17,0.010851628286666
2038-09-18,0.0108491362806608
2038-09-19,0.0641098684228806
2038-09-20,0.0108441533422216
2038-09-21,0.0291569954734671
2038-09-22,0.0108391730589996
2038-09-23,0.0108366841770359
2038-09-24,0.0108341951344362
2038-09-25,0.0108317070098599
2038-09-26,0.0108292195881566
2038-09-27,0.0108267325996614
2038-09-28,0.0108242458931877
2038-09-29,0.0108217600269634
2038-09-30,0.0108192746215679
2038-10-01,0.00523782671287511
2038-10-02,0.00523662366571356
2038-10-03,0.00523542117818104
2038-10-04,0.00523421875329879
2038-10-05,0.00523301681413229
2038-10-06,0.00523181506784423
2038-10-07,0.00523061335675294
2038-10-08,0.0052294121986033
2038-10-09,0.00522821134772165
2038-10-10,0.00522701045706763
2038-10-11,0.00522581030765808
2038-10-12,0.00522460992594968
2038-10-13,0.00522341010527817
2038-10-14,0.00522221052429683
2038-10-15,0.00522101133857548
2038-10-16,0.00521981236720259
2038-10-17,0.00521861353943262
2038-10-18,0.00521741506081485
2038-10-19,0.00521621684265334
2038-10-20,0.00521501881349861
2038-10-21,0.00521382129152968
2038-10-22,0.00521262391140382
2038-10-23,0.00521142666467381
2038-10-24,0.00521022977765503
2038-10-25,0.0063313071585823
2038-10-26,0.00520799035141124
2038-10-27,0.00520664099927516
2038-10-28,0.00520544538356455
2038-10-29,0.00520424981325781
2038-10-30,0.00520305464701024
2038-10-31,0.00520185981231649
2038-11-01,0.00380663627386353
2038-11-02,0.00380576204145101
2038-11-03,0.0038048879391384
2038-11-04,0.0038040140895545
2038-11-05,0.00380314063902951
2038-11-06,0.0038022672070534
2038-11-07,0.00380139401569769
2038-11-08,0.00380052088771738
2038-11-09,0.194649109550565
2038-11-10,0.224431299837952
2038-11-11,0.00425233863052286
2038-11-12,0.0039852665369686
2038-11-13,0.00384736886651242
2038-11-14,0.00642161776666133
2038-11-15,0.0067673712377148
2038-11-16,0.0249709644536554
2038-11-17,0.00399682623621167
2038-11-18,0.00408136820500356
2038-11-19,0.0107519885050889
2038-11-20,0.00622162672799213
2038-11-21,0.00399402212097834
2038-11-22,0.00396656165781731
2038-11-23,0.00397538850282239
2038-11-24,0.00398234482199016
2038-11-25,0.00398737071990387
2038-11-26,0.00557135423850367
2038-11-27,0.00399599029490415
2038-11-28,0.0215293411399359
2038-11-29,0.00400554629006811
2038-11-30,0.0248156207836355
2038-12-01,0.0307802959696277
2038-12-02,0.00404939689924308
2038-12-03,0.00402633864220837
2038-12-04,0.00403009609570362
2038-12-05,0.00403282843109031
2038-12-06,0.00403414327353006
2038-12-07,0.00403483521753729
2038-12-08,0.00414980636854103
2038-12-09,0.0376567722426037
2038-12-10,0.0866635083554029
2038-12-11,0.00502916159816148
2038-12-12,0.262152635021057
2038-12-13,0.0451552453604663
2038-12-14,0.00619153212753309
2038-12-15,0.0050954851318504
2038-12-16,0.00631971687166118
2038-12-17,0.00450745295927829
2038-12-18,0.0106039675344341
2038-12-19,0.0082121183186236
2038-12-20,0.029394119748381
2038-12-21,0.207676121213037
2038-12-22,0.0141415300169304
2038-12-23,0.00980690056795999
2038-12-24,0.00764425959141097
2038-12-25,0.0126701543505129
2038-12-26,0.00604843222112207
2038-12-27,0.0256263696917135
2038-12-28,0.277517952639142
2038-12-29,0.11074899740325
2038-12-30,0.0250855003150784
2038-12-31,0.00918870532897087
2039-01-01,0.00901831240478226
2039-01-02,0.149698918283088
2039-01-03,0.174699241635712
2039-01-04,0.0622044618987419
2039-01-05,0.0298193252224316
2039-01-06,0.00487590573915048
2039-01-07,0.0195935593970555
2039-01-08,0.00722740678905051
2039-01-09,0.0145610930498889
2039-01-10,0.00668447327275431
2039-01-11,0.0315639248602273
2039-01-12,0.0103614367538865
2039-01-13,0.00576616204964879
2039-01-14,0.00767917857066348
2039-01-15,0.0123915741064126
2039-01-16,0.0187206077070567
2039-01-17,0.020123704019444
2039-01-18,0.0399544074820413
2039-01-19,0.0533321449743143
2039-01-20,0.0308600660196398
2039-01-21,0.0331269326119842
2039-01-22,0.0259496583958119
2039-01-23,0.0318367869795589
2039-01-24,0.0197961330913085
2039-01-25,0.00895033751478607
2039-01-26,0.00707453059236665
2039-01-27,0.00771389741612608
2039-01-28,0.00662969644924416
2039-01-29,0.0124912983809481
2039-01-30,0.0687822014636656
2039-01-31,0.353345087101365
2039-02-01,0.89378403155015
2039-02-02,0.310394009395841
2039-02-03,0.343780624025699
2039-02-04,0.36631256881596
2039-02-05,0.0453004723339354
2039-02-06,0.0617053377303255
2039-02-07,0.079489219548018
2039-02-08,0.0591590037297511
2039-02-09,0.110559716791813
2039-02-10,0.566667776339295
2039-02-11,0.523915201767956
2039-02-12,0.266645181715681
2039-02-13,0.259478447097149
2039-02-14,0.259521065057791
2039-02-15,0.249806408297295
2039-02-16,0.236192713791321
2039-02-17,0.33196759772092
2039-02-18,0.30495502817673
2039-02-19,0.295104878811471
2039-02-20,0.292461116456275
2039-02-21,0.345243461155335
2039-02-22,0.282304950442434
2039-02-23,0.488224288538509
2039-02-24,0.787497355735511
2039-02-25,0.763920011521439
2039-02-26,0.738818889343988
2039-02-27,0.711897240468438
2039-02-28,0.621584775774156
2039-03-01,0.509539743087276
2039-03-02,0.495880565760497
2039-03-03,0.444053208295371
2039-03-04,0.415518954846475
2039-03-05,0.395365914616366
2039-03-06,0.38166471432914
2039-03-07,0.365793076287024
2039-03-08,0.342445602767813
2039-03-09,0.323738591725208
2039-03-10,0.374844600189978
2039-03-11,0.559680259190576
2039-03-12,0.644112234777734
2039-03-13,0.413477657385334
2039-03-14,0.408016586095212
2039-03-15,0.407036893014681
2039-03-16,0.396843006112368
2039-03-17,0.381710920684296
2039-03-18,0.353473627293477
2039-03-19,0.336418166230651
2039-03-20,0.315173401906705
2039-03-21,0.296241437029034
2039-03-22,0.280499993244434
2039-03-23,0.269078518504955
2039-03-24,0.255687684237936
2039-03-25,0.230019124709361
2039-03-26,0.213165412043833
2039-03-27,0.19642622781595
2039-03-28,0.181958267415309
2039-03-29,0.170368606922363
2039-03-30,0.156475551176599
2039-03-31,0.145146080051748
2039-04-01,0.184556877847776
2039-04-02,0.167871367370631
2039-04-03,0.155707802067862
2039-04-04,0.206452368736706
2039-04-05,0.160375828712135
2039-04-06,0.138830485224388
2039-04-07,0.135528706917142
2039-04-08,0.141320193535506
2039-04-09,0.115770732792286
2039-04-10,0.110615670193786
2039-04-11,0.0889647489364651
2039-04-12,0.0873124490576077
2039-04-13,0.105349527076407
2039-04-14,0.0713512876466792
2039-04-15,0.068016601598198
2039-04-16,0.0615126249749512
2039-04-17,0.057277685962144
2039-04-18,0.056339091177128
2039-04-19,0.0583676398103023
2039-04-20,0.0605091255774419
2039-04-21,0.0516788355979195
2039-04-22,0.033742523701136
2039-04-23,0.0308484648983506
2039-04-24,0.0540877527161572
2039-04-25,0.273127971017617
2039-04-26,0.104340996519748
2039-04-27,0.0418143508576925
2039-04-28,0.0458079446136252
2039-04-29,0.0491433917699652
2039-04-30,0.0446180269576548
2039-05-01,0.046255711873273
2039-05-02,0.0412313876623408
2039-05-03,0.0368286979863031
2039-05-04,0.0420378021536078
2039-05-05,0.0333253598294946
2039-05-06,0.030014976814934
2039-05-07,0.0275665908372111
2039-05-08,0.0253536177778906
2039-05-09,0.0235607459445889
2039-05-10,0.0216612483964476
2039-05-11,0.0195935912393163
2039-05-12,0.0177226852178828
2039-05-13,0.0158637450759394
2039-05-14,0.014112501192584
2039-05-15,0.0127553913033194
2039-05-16,0.0116350357697103
2039-05-17,0.0106716300936518
2039-05-18,0.00995548149226192
2039-05-19,0.00948597630288238
2039-05-20,0.0091447751071355
2039-05-21,0.00883989126855887
2039-05-22,0.00882513438557006
2039-05-23,0.0710135147321232
2039-05-24,0.00846480155108986
2039-05-25,0.0081228875195754
2039-05-26,0.00789316618281307
2039-05-27,0.00768219255651964
2039-05-28,0.00750475779036141
2039-05-29,0.00735315261222
2039-05-30,0.00721616678568389
2039-05-31,0.00708876342820467
2039-06-01,0.00897410461005084
2039-06-02,0.00555644982598691
2039-06-03,0.00546845581126506
2039-06-04,0.00597621481279175
2039-06-05,0.00536818365037477
2039-06-06,0.00525304841175846
2039-06-07,0.00522340477679871
2039-06-08,0.0367525717754549
2039-06-09,0.00538438920004757
2039-06-10,0.00510910826753505
2039-06-11,0.00499689960567401
2039-06-12,0.00489855938025452
2039-06-13,0.00985499633535973
2039-06-14,0.00470683864105814
2039-06-15,0.0046168762257387
2039-06-16,0.00453442758559683
2039-06-17,0.00444748306756739
2039-06-18,0.00434498170024229
2039-06-19,0.00424582180163093
2039-06-20,0.00415015923615334
2039-06-21,0.00405766032523298
2039-06-22,0.0039679760289787
2039-06-23,0.0038833439141157
2039-06-24,0.00380841557362875
2039-06-25,0.00374491244214369
2039-06-26,0.00368255787480953
2039-06-27,0.00361558471875793
2039-06-28,0.00354720986640955
2039-06-29,0.00347884827199636
2039-06-30,0.00341464218594696
2039-07-01,0.00615704884320276
2039-07-02,0.00606290182858619
2039-07-03,0.00597439215924932
2039-07-04,0.00588276371745179
2039-07-05,0.00579400489192344
2039-07-06,0.00571202621421597
2039-07-07,0.00563609057421639
2039-07-08,0.00556583539693662
2039-07-09,0.00550090703522111
2039-07-10,0.00544042347387132
2039-07-11,0.00538508998478839
2039-07-12,0.00533449962710244
2039-07-13,0.0052896448791803
2039-07-14,0.00524962321795706
2039-07-15,0.0052107837025546
2039-07-16,0.00517551856152809
2039-07-17,0.00514358404139111
2039-07-18,0.00511479015618955
2039-07-19,0.00509064945986245
2039-07-20,0.00507092499293643
2039-07-21,0.00505304853393467
2039-07-22,0.00503649531858364
2039-07-23,0.00502226722853905
2039-07-24,0.00501022975289345
2039-07-25,0.00500020502180285
2039-07-26,0.00499145678530108
2039-07-27,0.0049833863287695
2039-07-28,0.00497619370073321
2039-07-29,0.00496981076019686
2039-07-30,0.00496452088048416
2039-07-31,0.00496015289467054
2039-08-01,0.0142882547083756
2039-08-02,0.0142791039981983
2039-08-03,0.0142724202922135
2039-08-04,0.0142665562292948
2039-08-05,0.0142611655973803
2039-08-06,0.0142561315017685
2039-08-07,0.0142513501304195
2039-08-08,0.0142467493307867
2039-08-09,0.0142424472388611
2039-08-10,0.0142383982953527
2039-08-11,0.0142344093767852
2039-08-12,0.0142307570602054
2039-08-13,0.0142274539899507
2039-08-14,0.0142241866686429
2039-08-15,0.0142209202164267
2039-08-16,0.014217654565286
2039-08-17,0.0142143893061813
2039-08-18,0.0142111244457252
2039-08-19,0.0142078608567877
2039-08-20,0.0142045976532733
2039-08-21,0.0142013357004951
2039-08-22,0.014198074167148
2039-08-23,0.0141948134925012
2039-08-24,0.0141915533251393
2039-08-25,0.0141882941610113
2039-08-26,0.0141850359207655
2039-08-27,0.0141817779006265
2039-08-28,0.0141785207987017
2039-08-29,0.0141752649616828
2039-08-30,0.0141720092162965
2039-08-31,0.014168754711255
2039-09-01,0.0108994509665036
2039-09-02,0.0245295896309225
2039-09-03,0.0108944448695989
2039-09-04,0.0108919430197376
2039-09-05,0.0108894416372468
2039-09-06,0.0108869404662722
2039-09-07,0.0108844406523439
2039-09-08,0.0108819404728054
2039-09-09,0.0108794415899839
2039-09-10,0.0108769431941582
2039-09-11,0.0108744450425572
2039-09-12,0.0108719478802119
2039-09-13,0.0108694510136982
2039-09-14,0.0108669544488313
2039-09-15,0.0108644587147644
2039-09-16,0.0108619640150185
2039-09-17,0.0108594693806899
2039-09-18,0.0108569751366848
2039-09-19,0.0108544817583691
2039-09-20,0.0108584689729201
2039-09-21,0.01274612977342
2039-09-22,0.010847004962614
2039-09-23,0.0108445142395155
2039-09-24,0.0108420237620955
2039-09-25,0.0108395338748853
2039-09-26,0.0108370445597135
2039-09-27,0.0108345554560576
2039-09-28,0.0108320672733325
2039-09-29,0.010829579243248
2039-09-30,0.0108270924982507
2039-10-01,0.00524161127588157
2039-10-02,0.00524040760045725
2039-10-03,0.00523920412776647
2039-10-04,0.00523800100246805
2039-10-05,0.00523679807497559
2039-10-06,0.00523559525764911
2039-10-07,0.00523439289295338
2039-10-08,0.00523319063068033
2039-10-09,0.00523198886890567
2039-10-10,0.00525084503564208
2039-10-11,0.0669169491605467
2039-10-12,0.0708857689539963
2039-10-13,0.00840252422090339
2039-10-14,0.00668625112595043
2039-10-15,0.00522480204694205
2039-10-16,0.00522361225841254
2039-10-17,0.00522242332974069
2039-10-18,0.0104695759602521
2039-10-19,0.155826004811574
2039-10-20,0.00541930325765018
2039-10-21,0.00521817887698557
2039-10-22,0.0052174655358322
2039-10-23,0.00523042807625737
2039-10-24,0.0456577305568891
2039-10-25,0.00663988561402981
2039-10-26,0.00521503329592316
2039-10-27,0.00521463684945035
2039-10-28,0.0214443329386992
2039-10-29,0.00826284485053009
2039-10-30,0.00521375702957643
2039-10-31,0.00521360637850184
2039-11-01,0.00381600978240917
2039-11-02,0.00381590075663376
2039-11-03,0.00381576282575253
2039-11-04,0.00381558544703654
2039-11-05,0.00381535758904491
2039-11-06,0.00387197807087435
2039-11-07,0.00381478120373186
2039-11-08,0.0038144281808793
2039-11-09,0.00381403041370918
2039-11-10,0.00381358668984505
2039-11-11,0.00381309642886101
2039-11-12,0.00381256236414303
2039-11-13,0.00381199043211083
2039-11-14,0.0038113858947256
2039-11-15,0.00381074993860149
2039-11-16,0.00381008007174578
2039-11-17,0.00380938189875902
2039-11-18,0.00380866901289073
2039-11-19,0.00380794426216939
2039-11-20,0.00407384309371955
2039-11-21,0.00380648252334997
2039-11-22,0.00380573739434739
2039-11-23,0.0650350674838325
2039-11-24,0.170179736260012
2039-11-25,0.344930116880665
2039-11-26,0.0837357109204476
2039-11-27,0.00410796092709293
2039-11-28,0.00420288422805534
2039-11-29,0.00425997363989565
2039-11-30,0.00429709617781301
2039-12-01,0.00432569668792246
2039-12-02,0.00434528814112281
2039-12-03,0.00436013989796028
2039-12-04,0.00490181690182423
2039-12-05,0.00509084293379
2039-12-06,0.00439690473902843
2039-12-07,0.00440342508363671
2039-12-08,0.00440713461227161
2039-12-09,0.00440930557333941
2039-12-10,0.0221851028202463
2039-12-11,0.358812580060893
2039-12-12,0.00935373499358944
2039-12-13,0.00909945074788044
2039-12-14,0.00527316737664272
2039-12-15,0.00585465922779555
2039-12-16,0.00595463344907621
2039-12-17,0.00485428225377861
2039-12-18,0.0080561038441426
2039-12-19,0.0048875633012893
2039-12-20,0.00489025911914592
2039-12-21,0.0048909940391751
2039-12-22,0.011037668889724
2039-12-23,0.00983424039475735
2039-12-24,0.00562301934431069
2039-12-25,0.00490799854587057
2039-12-26,0.072446635587529
2039-12-27,0.0232528557448328
2039-12-28,0.0319749705653916
2039-12-29,0.408905278471852
2039-12-30,0.870708422546554
2039-12-31,0.868292735436029
2040-01-01,0.133414339453761
2040-01-02,0.00684793633908487
2040-01-03,0.0124264771145641
2040-01-04,0.0844897388272689
2040-01-05,0.0107474068426101
2040-01-06,0.00714075467325836
2040-01-07,0.00651983397435992
2040-01-08,0.00653801504159325
2040-01-09,0.00641572926390554
2040-01-10,0.0051954785487997
2040-01-11,0.00519120748347375
2040-01-12,0.0114861449319697
2040-01-13,0.0067146716076874
2040-01-14,0.00763843744340526
2040-01-15,0.00585634552269123
2040-01-16,0.00521701824388276
2040-01-17,0.00517451886842234
2040-01-18,0.00516291247701713
2040-01-19,0.0051448626438081
2040-01-20,0.00512275884103709
2040-01-21,0.00510073552098193
2040-01-22,0.00507548829225908
2040-01-23,0.00504867388518634
2040-01-24,0.00502330469225094
2040-01-25,0.00499741867582172
2040-01-26,0.00497233323177166
2040-01-27,0.0049445893687991
2040-01-28,0.00491663261973341
2040-01-29,0.0122942451630287
2040-01-30,0.0659905591087598
2040-01-31,0.0246179554957398
2040-02-01,0.00494164019324551
2040-02-02,0.0126102656989085
2040-02-03,0.00466584665455219
2040-02-04,0.0120453425290031
2040-02-05,0.00469016466105299
2040-02-06,0.00464619972995686
2040-02-07,0.00636719841586924
2040-02-08,0.00463985221053145
2040-02-09,0.00463165247610057
2040-02-10,0.00462452224427757
2040-02-11,0.00461819771060197
2040-02-12,0.00461422716871664
2040-02-13,0.00923722000731493
2040-02-14,0.00537984798062452
2040-02-15,0.00460622770777398
2040-02-16,0.0045973883960346
2040-02-17,0.00708011498594572
2040-02-18,0.0351047692686851
2040-02-19,0.0124266465550683
2040-02-20,0.0107830230298592
2040-02-21,0.100234245854141
2040-02-22,0.241255665327066
2040-02-23,0.795236504858066
2040-02-24,0.316862644831385
2040-02-25,0.0123226650845978
2040-02-26,0.00966908200782254
2040-02-27,0.0113582913791694
2040-02-28,0.011631472528284
2040-02-29,0.0154815242522604
2040-03-01,0.0100272288881408
2040-03-02,0.0143659674988792
2040-03-03,0.0219861949408614
2040-03-04,0.0286502673820608
2040-03-05,0.0158094571641631
2040-03-06,0.0135515903504855
2040-03-07,0.012112637318562
2040-03-08,0.0131168160602219
2040-03-09,0.0130339782909246
2040-03-10,0.012391623072001
2040-03-11,0.012456885949619
2040-03-12,0.0126879944806147
2040-03-13,0.0128130417561387
2040-03-14,0.0160678954958546
2040-03-15,0.0488979871344595
2040-03-16,0.0149102862508667
2040-03-17,0.0363663403983348
2040-03-18,0.248158259679505
2040-03-19,0.257994547906307
2040-03-20,0.0459382914648289
2040-03-21,0.0733922149368177
2040-03-22,0.0708920776323239
2040-03-23,0.0701322985293054
2040-03-24,0.0768061133767692
2040-03-25,0.0710422211916579
2040-03-26,0.0685827732279499
2040-03-27,0.0642980498362597
2040-03-28,0.0614104741479228
2040-03-29,0.0564460636372049
2040-03-30,0.0476351275324299
2040-03-31,0.0431033196829412
2040-04-01,0.0541167908313079
2040-04-02,0.0610398081120737
2040-04-03,0.0668924456628611
2040-04-04,0.0446263873086254
2040-04-05,0.0588448576497872
2040-04-06,0.0977759837671
2040-04-07,0.0389851941406188
2040-04-08,0.0369082589307758
2040-04-09,0.058400385368584
2040-04-10,0.0512870387394966
2040-04-11,0.0335898530544875
2040-04-12,0.0314327094527929
2040-04-13,0.0297746529432623
2040-04-14,0.0259713699396464
2040-04-15,0.0231386587146905
2040-04-16,0.0206503432140042
2040-04-17,0.0184283628728183
2040-04-18,0.016348242858911
2040-04-19,0.0144912376799077
2040-04-20,0.0130427412199086
2040-04-21,0.0136724824667452
2040-04-22,0.0116384026548035
2040-04-23,0.0111260276719579
2040-04-24,0.0107638289363992
2040-04-25,0.0119049161734132
2040-04-26,0.0589971441582782
2040-04-27,0.363096385128278
2040-04-28,0.075391641856593
2040-04-29,0.0451471873213222
2040-04-30,0.0469766422925033
2040-05-01,0.0601425286589625
2040-05-02,0.0585806950906966
2040-05-03,0.0544618486315414
2040-05-04,0.0537340385129996
2040-05-05,0.0501368386927805
2040-05-06,0.0438794974073896
2040-05-07,0.0393110682428691
2040-05-08,0.0586199836113395
2040-05-09,0.0368587180118602
2040-05-10,0.0318549666206056
2040-05-11,0.0290200024450103
2040-05-12,0.0261437767838718
2040-05-13,0.0235267908607326
2040-05-14,0.0214564329407176
2040-05-15,0.0332950099392869
2040-05-16,0.0202638730124619
2040-05-17,0.0166428804769303
2040-05-18,0.0146385928204504
2040-05-19,0.0130626330306005
2040-05-20,0.018421253812519
2040-05-21,0.0120004943218604
2040-05-22,0.0411148917507925
2040-05-23,0.0196038143256131
2040-05-24,0.0129142981371258
2040-05-25,0.012299786770393
2040-05-26,0.00979877736569272
2040-05-27,0.00872874932679711
2040-05-28,0.00798290615429667
2040-05-29,0.00743283826207345
2040-05-30,0.00719398637641681
2040-05-31,0.00680319894710937
2040-06-01,0.00526860242213485
2040-06-02,0.00505813891212745
2040-06-03,0.00489957753845036
2040-06-04,0.00478038257561343
2040-06-05,0.00642146354617632
2040-06-06,0.00461243689403608
2040-06-07,0.00452779612988234
2040-06-08,0.00444438427411707
2040-06-09,0.00436811100785969
2040-06-10,0.00612560163601468
2040-06-11,0.00426201339998206
2040-06-12,0.00420952770980956
2040-06-13,0.00414350027968101
2040-06-14,0.00407473916641266
2040-06-15,0.004008616833074
2040-06-16,0.00394616217481288
2040-06-17,0.00388522941519834
2040-06-18,0.00382296550323372
2040-06-19,0.00376072439979027
2040-06-20,0.00370197492234906
2040-06-21,0.00364795331254815
2040-06-22,0.00359410578347663
2040-06-23,0.00354033143757864
2040-06-24,0.00349329983253053
2040-06-25,0.00345014117496372
2040-06-26,0.00340806427995901
2040-06-27,0.00336730372826972
2040-06-28,0.00332347293200534
2040-06-29,0.00327679517089853
2040-06-30,0.0032339366425055
2040-07-01,0.0058640039243597
2040-07-02,0.00580374331306712
2040-07-03,0.00574769372176958
2040-07-04,0.00568886879743589
2040-07-05,0.00562871325643673
2040-07-06,0.00556913730694431
2040-07-07,0.00551292009940828
2040-07-08,0.00546344076110103
2040-07-09,0.00541769251624903
2040-07-10,0.00537389814488186
2040-07-11,0.00533632711372566
2040-07-12,0.00530093012808301
2040-07-13,0.00526602812761161
2040-07-14,0.0052336382644226
2040-07-15,0.00520413604880165
2040-07-16,0.00517597617209097
2040-07-17,0.00514913655882706
2040-07-18,0.00512231816841632
2040-07-19,0.00509669806771736
2040-07-20,0.0050737529187901
2040-07-21,0.00505280244707473
2040-07-22,0.00503456532965584
2040-07-23,0.0050190677615268
2040-07-24,0.00500586397626457
2040-07-25,0.00499510742471819
2040-07-26,0.00498607519591464
2040-07-27,0.00497801330775615
2040-07-28,0.00497046272757041
2040-07-29,0.00496350562936153
2040-07-30,0.00495730116126345
2040-07-31,0.00495223456583645
2040-08-01,0.0142653170710186
2040-08-02,0.0142546480890934
2040-08-03,0.0142453545739507
2040-08-04,0.0142382062213989
2040-08-05,0.01423246252388
2040-08-06,0.0142272257051089
2040-08-07,0.0142223635469778
2040-08-08,0.0142177579418355
2040-08-09,0.0142133783184425
2040-08-10,0.0142092548191606
2040-08-11,0.0142053610935121
2040-08-12,0.01420154826895
2040-08-13,0.0141979096849613
2040-08-14,0.014194481819774
2040-08-15,0.0141911545878297
2040-08-16,0.0141878953689112
2040-08-17,0.0141846364674001
2040-08-18,0.0141813786862613
2040-08-19,0.0141781223003922
2040-08-20,0.014174866160136
2040-08-21,0.014171610551726
2040-08-22,0.0141683559512734
2040-08-23,0.0141651020130306
2040-08-24,0.0141618482816695
2040-08-25,0.0141585965397722
2040-08-26,0.0141553445465941
2040-08-27,0.014152093252468
2040-08-28,0.0141488435472678
2040-08-29,0.0141455934358618
2040-08-30,0.0141423451939473
2040-08-31,0.0141390970805073
2040-09-01,0.0108766362574483
2040-09-02,0.0108741382635758
2040-09-03,0.0108716410169147
2040-09-04,0.0108691437804296
2040-09-05,0.0108666476436828
2040-09-06,0.0108641522461519
2040-09-07,0.0108616572418519
2040-09-08,0.0108591623901924
2040-09-09,0.0108566684267549
2040-09-10,0.0108541748703588
2040-09-11,0.0108516822218099
2040-09-12,0.0108491899628576
2040-09-13,0.0108466984794643
2040-09-14,0.010844207275185
2040-09-15,0.0108417166618422
2040-09-16,0.0108392265674771
2040-09-17,0.0108367375852068
2040-09-18,0.0108342488573373
2040-09-19,0.0108317604834481
2040-09-20,0.0108292730043229
2040-09-21,0.0108267857403481
2040-09-22,0.0108242993122615
2040-09-23,0.010821813333374
2040-09-24,0.0108193276524988
2040-09-25,0.0108168433599249
2040-09-26,0.0108143590230127
2040-09-27,0.0108118753700751
2040-09-28,0.0108093921954109
2040-09-29,0.0108069096850961
2040-09-30,0.0108044275251276
2040-10-01,0.0052306389205359
2040-10-02,0.00522943763391795
2040-10-03,0.00522823677564498
2040-10-04,0.00522703586457682
2040-10-05,0.00522583537305443
2040-10-06,0.0189391140872153
2040-10-07,0.017747063144438
2040-10-08,0.00935713146118974
2040-10-09,0.00522103641171513
2040-10-10,0.0249667170429098
2040-10-11,0.0308201427256759
2040-10-12,0.00525379244538337
2040-10-13,0.00521624206678723
2040-10-14,0.00521504445436254
2040-10-15,0.00521384695703137
2040-10-16,0.00521264990564356
2040-10-17,0.00521145301792084
2040-10-18,0.00521025658881233
2040-10-19,0.00520906023854465
2040-10-20,0.00520786441411707
2040-10-21,0.00520666871147037
2040-10-22,0.00520547305563542
2040-10-23,0.00520427793056811
2040-10-24,0.00520308310572944
2040-10-25,0.00520188827033175
2040-10-26,0.00520069409698573
2040-10-27,0.00519949971597862
2040-10-28,0.00519830587665017
2040-10-29,0.00519711235092515
2040-10-30,0.00519591902054234
2040-10-31,0.00519472582355536
2040-11-01,0.00380141582533542
2040-11-02,0.00380054281689245
2040-11-03,0.00379967018329175
2040-11-04,0.00379879768442817
2040-11-05,0.00383446979861051
2040-11-06,0.00471719815901485
2040-11-07,0.0247724224794993
2040-11-08,0.0709289060367823
2040-11-09,0.00859434086684925
2040-11-10,0.00433036143461035
2040-11-11,0.00452704127630471
2040-11-12,0.0126007138765896
2040-11-13,0.0042452189597267
2040-11-14,0.00588599957141133
2040-11-15,0.00470056018286632
2040-11-16,0.00415360492716917
2040-11-17,0.00573419924089535
2040-11-18,0.00379760312185051
2040-11-19,0.00414183582608633
2040-11-20,0.00378526482418242
2040-11-21,0.00378445845857485
2040-11-22,0.00378365261439736
2040-11-23,0.00378284599889495
2040-11-24,0.00525447120899307
2040-11-25,0.004967449725654
2040-11-26,0.0037804250286337
2040-11-27,0.00377962139950359
2040-11-28,0.00377882003282359
2040-11-29,0.00377802068333604
2040-11-30,0.00421607337905548
2040-12-01,0.0121655577766882
2040-12-02,0.00675609321483762
2040-12-03,0.00602496952155806
2040-12-04,0.00545984732902771
2040-12-05,0.00629853997559951
2040-12-06,0.00585082333082991
2040-12-07,0.00377799690184877
2040-12-08,0.00377283565337885
2040-12-09,0.00377207512620398
2040-12-10,0.00445598058289567
2040-12-11,0.00555951491435294
2040-12-12,0.00430538764516415
2040-12-13,0.00376905789521205
2040-12-14,0.0125272039469633
2040-12-15,0.00907364122666767
2040-12-16,0.00640979210985948
2040-12-17,0.0050801055643862
2040-12-18,0.00479329290597515
2040-12-19,0.0044463727698755
2040-12-20,0.00676415492310671
2040-12-21,0.0054801606071669
2040-12-22,0.00386972444248839
2040-12-23,0.00394327732745972
2040-12-24,0.0921592509199975
2040-12-25,0.905742648830727
2040-12-26,0.580401912525914
2040-12-27,0.52258931629911
2040-12-28,0.637223799688662
2040-12-29,0.0938686732762988
2040-12-30,0.0941868338107763
2040-12-31,0.0211241913879189
2041-01-01,0.0299039977512759
2041-01-02,0.0442155838560998
2041-01-03,0.0387610199769733
2041-01-04,0.0215332911164704
2041-01-05,0.0183714062691771
2041-01-06,0.011777268933319
2041-01-07,0.00805196313933008
2041-01-08,0.0183359339155384
2041-01-09,0.0195796914845695
2041-01-10,0.0169169881571089
2041-01-11,0.0352199855994518
2041-01-12,0.223468628169378
2041-01-13,0.195200655047349
2041-01-14,0.239559864551487
2041-01-15,1.36213290831381
2041-01-16,3.66057128050398
2041-01-17,0.370035626601093
2041-01-18,0.0738428813685555
2041-01-19,0.381136545272908
2041-01-20,0.190303206206377
2041-01-21,0.282412120072659
2041-01-22,0.177538839303841
2041-01-23,0.258023661663334
2041-01-24,0.1963328050761
2041-01-25,0.194187764462819
2041-01-26,0.308850539517243
2041-01-27,0.3799341767162
2041-01-28,0.243079138628021
2041-01-29,0.274365202713066
2041-01-30,0.257003124775959
2041-01-31,0.259796937280019
2041-02-01,0.239926192162395
2041-02-02,0.275772156197415
2041-02-03,0.227707755846945
2041-02-04,0.267957609341588
2041-02-05,0.263660647022095
2041-02-06,0.226483984388926
2041-02-07,0.223385913834808
2041-02-08,0.218110912445686
2041-02-09,0.210838369189946
2041-02-10,0.204694794175443
2041-02-11,0.202182135378261
2041-02-12,0.19960251684498
2041-02-13,0.195518669545433
2041-02-14,0.174998555821776
2041-02-15,0.162304311582641
2041-02-16,0.157369008361641
2041-02-17,0.152018293354819
2041-02-18,0.146120230399923
2041-02-19,0.13680884229826
2041-02-20,0.132079778493022
2041-02-21,0.123632457610882
2041-02-22,0.118494405891921
2041-02-23,0.117990728170275
2041-02-24,0.122679458211047
2041-02-25,0.219802249649368
2041-02-26,0.157340442790674
2041-02-27,0.222592613166902
2041-02-28,0.269523569717317
2041-03-01,0.187970061386243
2041-03-02,0.162651635759011
2041-03-03,0.258046079789714
2041-03-04,0.475223099328907
2041-03-05,0.568943372818904
2041-03-06,0.802418089977492
2041-03-07,0.727811792779155
2041-03-08,0.538878822787877
2041-03-09,0.55262363234549
2041-03-10,0.530049622300651
2041-03-11,0.538894440306262
2041-03-12,0.487991466340786
2041-03-13,0.454887056927655
2041-03-14,0.437427041211405
2041-03-15,0.419357143081473
2041-03-16,0.3905994346494
2041-03-17,0.363169195520995
2041-03-18,0.350074299625562
2041-03-19,0.336244284618476
2041-03-20,0.312597983261701
2041-03-21,0.27947322365884
2041-03-22,0.263970103183286
2041-03-23,0.259235292861185
2041-03-24,0.260140857089725
2041-03-25,0.25978476872701
2041-03-26,0.258301670847711
2041-03-27,0.368353520931499
2041-03-28,0.392125221988311
2041-03-29,0.246027135644547
2041-03-30,0.473868068290563
2041-03-31,0.44935911249433
2041-04-01,0.530170229789023
2041-04-02,0.507564395560289
2041-04-03,0.489698300190703
2041-04-04,0.47656795709983
2041-04-05,0.470328657366237
2041-04-06,0.456240708429444
2041-04-07,0.439578279126351
2041-04-08,0.424769716918708
2041-04-09,0.439802862379887
2041-04-10,0.354433226569075
2041-04-11,0.328834298507395
2041-04-12,0.312982188633344
2041-04-13,0.285849613534669
2041-04-14,0.287492526574491
2041-04-15,0.265318539913523
2041-04-16,0.250474807336914
2041-04-17,0.264335746441532
2041-04-18,0.270325612429989
2041-04-19,0.257817631132458
2041-04-20,0.284325833892583
2041-04-21,0.334742585817571
2041-04-22,0.391412014357078
2041-04-23,0.393662646656209
2041-04-24,0.213171157784417
2041-04-25,0.156316020069535
2041-04-26,0.147682133689437
2041-04-27,0.16421720600371
2041-04-28,0.190348493206859
2041-04-29,0.195252347198803
2041-04-30,0.188176801761286
2041-05-01,0.189248531391308
2041-05-02,0.179673148090448
2041-05-03,0.176462508324219
2041-05-04,0.142463943767188
2041-05-05,0.102862150879715
2041-05-06,0.102577038341288
2041-05-07,0.106158914846614
2041-05-08,0.106734366898879
2041-05-09,0.103496491251697
2041-05-10,0.0998062049967063
2041-05-11,0.0956000342600424
2041-05-12,0.0842995458273642
2041-05-13,0.0810029834501306
2041-05-14,0.0440505574934667
2041-05-15,0.0336811281397126
2041-05-16,0.0312086928640514
2041-05-17,0.0289329412127492
2041-05-18,0.0268761040816292
2041-05-19,0.0241576724248364
2041-05-20,0.0213087150879391
2041-05-21,0.0214624389402616
2041-05-22,0.0177470940268933
2041-05-23,0.0164164306727892
2041-05-24,0.0210637946527694
2041-05-25,0.0138634122318901
2041-05-26,0.0128845009808886
2041-05-27,0.0124221815436191
2041-05-28,0.0119538124822344
2041-05-29,0.0107899183004422
2041-05-30,0.0100691660619185
2041-05-31,0.00931999071582723
2041-06-01,0.00931147603110461
2041-06-02,0.00658587565847855
2041-06-03,0.00618276255504146
2041-06-04,0.00577003944301311
2041-06-05,0.00539189771320414
2041-06-06,0.00506080431438254
2041-06-07,0.00478014966098815
2041-06-08,0.0045430602336235
2041-06-09,0.00436526780109336
2041-06-10,0.00423300697040204
2041-06-11,0.00412633321302093
2041-06-12,0.00404238920046257
2041-06-13,0.0553078006885815
2041-06-14,0.00505190929227208
2041-06-15,0.00390555257239446
2041-06-16,0.00385065331321877
2041-06-17,0.00378735527409276
2041-06-18,0.00372355556181509
2041-06-19,0.00366196093605395
2041-06-20,0.00360236492946602
2041-06-21,0.00354437156228926
2041-06-22,0.0034909214947763
2041-06-23,0.0034402012408708
2041-06-24,0.00338824185032259
2041-06-25,0.00333465614698439
2041-06-26,0.00328286546047322
2041-06-27,0.00323391226609498
2041-06-28,0.00344485448819499
2041-06-29,0.00314846438043775
2041-06-30,0.00310845685038879
2041-07-01,0.00563289706892274
2041-07-02,0.00556876259946236
2041-07-03,0.0055100756793791
2041-07-04,0.00545680215642036
2041-07-05,0.00540817682103285
2041-07-06,0.00536353149215724
2041-07-07,0.00532264942721118
2041-07-08,0.0052867546023482
2041-07-09,0.0052532837518479
2041-07-10,0.00521983743896089
2041-07-11,0.00518932818506305
2041-07-12,0.00516253000367911
2041-07-13,0.00513887196801185
2041-07-14,0.00511784285593936
2041-07-15,0.00509837722243006
2041-07-16,0.00508029941206749
2041-07-17,0.00506398522840639
2041-07-18,0.00504927658530743
2041-07-19,0.00503622253080017
2041-07-20,0.0050248956612767
2041-07-21,0.00501505781666256
2041-07-22,0.00500634107595231
2041-07-23,0.0049983127898801
2041-07-24,0.00499092361550892
2041-07-25,0.00498420918257785
2041-07-26,0.00497779015912791
2041-07-27,0.0049714842277826
2041-07-28,0.00496556344233345
2041-07-29,0.00496046078791313
2041-07-30,0.00495637622064239
2041-07-31,0.00495284383781528
2041-08-01,0.0142695697494221
2041-08-02,0.0142613926900553
2041-08-03,0.0142540148321549
2041-08-04,0.0142473423553995
2041-08-05,0.0142412462242568
2041-08-06,0.014235634668328
2041-08-07,0.0142304244239202
2041-08-08,0.0142255190568248
2041-08-09,0.0142210788190201
2041-08-10,0.0142170488585493
2041-08-11,0.0142131462766691
2041-08-12,0.0142093149999711
2041-08-13,0.0142054717600392
2041-08-14,0.0142016532504849
2041-08-15,0.0141981084159675
2041-08-16,0.0141948268207758
2041-08-17,0.0141915668064496
2041-08-18,0.0141883075695824
2041-08-19,0.0141850492802139
2041-08-20,0.0141817913961067
2041-08-21,0.0141785347428975
2041-08-22,0.014175278150147
2041-08-23,0.0141720229734488
2041-08-24,0.0141687682227944
2041-08-25,0.0141655138320572
2041-08-26,0.0141622607647954
2041-08-27,0.0141590086828188
2041-08-28,0.0141557564062413
2041-08-29,0.0141525059604241
2041-08-30,0.0141492558282354
2041-08-31,0.014146006101308
2041-09-01,0.0108819508545374
2041-09-02,0.0108794518895809
2041-09-03,0.010876953303318
2041-09-04,0.0108744554904334
2041-09-05,0.0178251207995625
2041-09-06,0.01086946105526
2041-09-07,0.0108669652666788
2041-09-08,0.0112605691689864
2041-09-09,0.0108619743851208
2041-09-10,0.010859479353927
2041-09-11,0.0108569858753047
2041-09-12,0.0108544920870404
2041-09-13,0.0108519994370378
2041-09-14,0.0108495074615607
2041-09-15,0.0108470157135906
2041-09-16,0.0108445243363187
2041-09-17,0.0108420341438276
2041-09-18,0.0108395438074183
2041-09-19,0.090151530864431
2041-09-20,0.0108345656437182
2041-09-21,0.0108320778098856
2041-09-22,0.123442277891347
2041-09-23,0.0417676449365487
2041-09-24,0.0108246186259324
2041-09-25,0.0108221364739593
2041-09-26,0.0108196563971697
2041-09-27,0.0108171767208795
2041-09-28,0.0108146975802847
2041-09-29,0.0108122191789058
2041-09-30,0.0108097409265331
2041-10-01,0.00523321293101659
2041-10-02,0.0052320128217314
2041-10-03,0.00523081310453846
2041-10-04,0.00649891883787667
2041-10-05,0.00522841380953189
2041-10-06,0.0052272141391507
2041-10-07,0.00522601486367751
2041-10-08,0.00554498249845033
2041-10-09,0.00522361674002023
2041-10-10,0.00522241825365915
2041-10-11,0.0168435009877768
2041-10-12,0.00522002123306938
2041-10-13,0.0212281091252559
2041-10-14,0.00529692425156637
2041-10-15,0.00521642800088728
2041-10-16,0.00521523095442702
2041-10-17,0.00521403417722223
2041-10-18,0.00521283764357924
2041-10-19,0.00521164138799093
2041-10-20,0.00521044533056057
2041-10-21,0.00520924941919689
2041-10-22,0.00520805394110575
2041-10-23,0.00520685850102714
2041-10-24,0.0052056633126056
2041-10-25,0.00520446837830491
2041-10-26,0.00520327368158259
2041-10-27,0.00520207936604152
2041-10-28,0.00520088518002465
2041-10-29,0.00519969121363577
2041-10-30,0.00519849729511454
2041-10-31,0.00519730399957655
2041-11-01,0.00381158049325798
2041-11-02,0.00380242945193098
2041-11-03,0.00380155645559631
2041-11-04,0.00380068366974008
2041-11-05,0.0285600355174428
2041-11-06,0.00379893873513071
2041-11-07,0.0395000106333619
2041-11-08,0.00379719556292411
2041-11-09,0.00379632550349803
2041-11-10,0.00383485910078567
2041-11-11,0.00406662254062872
2041-11-12,0.0126786890746769
2041-11-13,0.00407390276680716
2041-11-14,0.0045680547677719
2041-11-15,0.00380174957511183
2041-11-16,0.0039097420211252
2041-11-17,0.00378940072415223
2041-11-18,0.00378853963620901
2041-11-19,0.00386138663715849
2041-11-20,0.00387029462920542
2041-11-21,0.00378595956098614
2041-11-22,0.0037850999961134
2041-11-23,0.0037842407344636
2041-11-24,0.0037833814511734
2041-11-25,0.00378252213696839
2041-11-26,0.00378166261898314
2041-11-27,0.288300725204298
2041-11-28,0.186140600368347
2041-11-29,0.407997772699401
2041-11-30,0.568326079171642
2041-12-01,0.021894550430852
2041-12-02,0.0070265516769109
2041-12-03,0.00512731591195861
2041-12-04,0.0052011314441558
2041-12-05,0.00525358915024399
2041-12-06,0.0056163257522112
2041-12-07,0.0123971440451795
2041-12-08,0.0167133458396864
2041-12-09,0.0087196197853241
2041-12-10,0.0059917716882495
2041-12-11,0.00794718080128684
2041-12-12,0.00572223259766055
2041-12-13,0.00970505681574983
2041-12-14,0.00670837070373139
2041-12-15,0.00703050513894547
2041-12-16,0.00751467071800386
2041-12-17,0.00592286144415652
2041-12-18,0.00648675312064916
2041-12-19,0.00794431782301026
2041-12-20,0.00630553063667343
2041-12-21,0.00542364530105013
2041-12-22,0.0078427685478204
2041-12-23,0.00560006188042226
2041-12-24,0.0148186181680376
2041-12-25,0.0118040369290439
2041-12-26,0.00581797364804489
2041-12-27,0.0070031970589465
2041-12-28,0.00636467365432037
2041-12-29,0.00546756980241494
2041-12-30,0.00613574340883885
2041-12-31,0.0259723699676311
2042-01-01,0.00555783230439761
2042-01-02,0.00386950468420126
2042-01-03,0.0038896378492182
2042-01-04,0.00399554300729177
2042-01-05,0.00476721040799358
2042-01-06,0.0043343100400722
2042-01-07,0.00433193466634132
2042-01-08,0.00392592143577979
2042-01-09,0.00455383655306441
2042-01-10,0.00441637497833391
2042-01-11,0.00451224125646162
2042-01-12,0.00422246676204348
2042-01-13,0.00445327228646186
2042-01-14,0.00498847384185471
2042-01-15,0.00400878081338968
2042-01-16,0.00351386704895475
2042-01-17,0.00349765002564311
2042-01-18,0.00348058193541573
2042-01-19,0.00346527516736632
2042-01-20,0.0034535761729187
2042-01-21,0.00344471291745889
2042-01-22,0.00343938537604352
2042-01-23,0.0110878187418067
2042-01-24,0.182071041781155
2042-01-25,0.0494311892210583
2042-01-26,0.00959474832990016
2042-01-27,0.0135665809978002
2042-01-28,0.00620360407534568
2042-01-29,0.00775426971973038
2042-01-30,0.0243661463468662
2042-01-31,0.00861237945533598
2042-02-01,0.0092633860363326
2042-02-02,0.00793859367035837
2042-02-03,0.00494988659764719
2042-02-04,0.00838459049808681
2042-02-05,0.00462803011811582
2042-02-06,0.1785181127291
2042-02-07,0.11116071482635
2042-02-08,0.104278885710235
2042-02-09,0.257816580178016
2042-02-10,0.410826418749123
2042-02-11,0.502385818465636
2042-02-12,0.123507928515618
2042-02-13,0.0118725752801619
2042-02-14,0.0100081980703196
2042-02-15,0.0927521180412889
2042-02-16,0.0935604722347071
2042-02-17,0.0928536318954539
2042-02-18,0.0279880683644825
2042-02-19,0.102543668374579
2042-02-20,0.346612786845132
2042-02-21,0.103513967857079
2042-02-22,0.0222780023362479
2042-02-23,0.0297887642692642
2042-02-24,0.0350473896557635
2042-02-25,0.0406685115964473
2042-02-26,0.0395674592469537
2042-02-27,0.220412317986912
2042-02-28,0.576949042360541
2042-03-01,0.0930851664752362
2042-03-02,0.106666620868451
2042-03-03,0.107820066547033
2042-03-04,0.105667850923383
2042-03-05,0.101405191345114
2042-03-06,0.0965338564200016
2042-03-07,0.0966410520572301
2042-03-08,0.0884508322976323
2042-03-09,0.0841949968048561
2042-03-10,0.0911893248274337
2042-03-11,0.0804939234757878
2042-03-12,0.0712208529857812
2042-03-13,0.0673557754585566
2042-03-14,0.0642659109877538
2042-03-15,0.0608657167451707
2042-03-16,0.212199767926081
2042-03-17,0.251484660709466
2042-03-18,0.105684809956821
2042-03-19,0.112235930120732
2042-03-20,0.11236137899189
2042-03-21,0.107155631614631
2042-03-22,0.100907216474552
2042-03-23,0.0942860070393823
2042-03-24,0.0877437840440765
2042-03-25,0.0810502272752512
2042-03-26,0.0748022637910186
2042-03-27,0.0689235568224525
2042-03-28,0.19335365966397
2042-03-29,0.149201183240577
2042-03-30,0.0781263360090125
2042-03-31,0.0819629478261975
2042-04-01,0.118704432945173
2042-04-02,0.134094842536716
2042-04-03,0.127911618671385
2042-04-04,0.150526677562539
2042-04-05,0.125001616777017
2042-04-06,0.132742081729894
2042-04-07,0.121159430332292
2042-04-08,0.119970171210307
2042-04-09,0.112241409206422
2042-04-10,0.106343343229121
2042-04-11,0.0997602722911164
2042-04-12,0.0942193405881913
2042-04-13,0.0876386001580465
2042-04-14,0.0806635679940683
2042-04-15,0.0736420117387218
2042-04-16,0.065059911984727
2042-04-17,0.0604764790824713
2042-04-18,0.0560543480314146
2042-04-19,0.0521714520051396
2042-04-20,0.048659701997987
2042-04-21,0.0445193350573303
2042-04-22,0.0619251079779151
2042-04-23,0.0510895076520252
2042-04-24,0.037544859085546
2042-04-25,0.0535788118515274
2042-04-26,0.0427994280984163
2042-04-27,0.0318156160259873
2042-04-28,0.0280820333042902
2042-04-29,0.0242769335208166
2042-04-30,0.0209168470429207
2042-05-01,0.0205542830035162
2042-05-02,0.0183158012640641
2042-05-03,0.0162019989376138
2042-05-04,0.0142459257960106
2042-05-05,0.0127626097793739
2042-05-06,0.0117853202333511
2042-05-07,0.0109726147733621
2042-05-08,0.0102069655777457
2042-05-09,0.0095636155319439
2042-05-10,0.00905532660804986
2042-05-11,0.00862420906618968
2042-05-12,0.00828748876321857
2042-05-13,0.00804162127884305
2042-05-14,0.0078499361094769
2042-05-15,0.00770491635201309
2042-05-16,0.0103908618764124
2042-05-17,0.0102728498567835
2042-05-18,0.00916429603045291
2042-05-19,0.00806061162114771
2042-05-20,0.00816557049106391
2042-05-21,0.00734549626078669
2042-05-22,0.00722964320467685
2042-05-23,0.0071117693479106
2042-05-24,0.00699609243387314
2042-05-25,0.00688335875216223
2042-05-26,0.0067799862301315
2042-05-27,0.00668395690988378
2042-05-28,0.00658556828528879
2042-05-29,0.0106538875465592
2042-05-30,0.00651037540981486
2042-05-31,0.00666716494536733
2042-06-01,0.00505342051290984
2042-06-02,0.00495664339529896
2042-06-03,0.00484827371462724
2042-06-04,0.00473395269284785
2042-06-05,0.00461764574218946
2042-06-06,0.00450621800997057
2042-06-07,0.00439994651283967
2042-06-08,0.00429507909474014
2042-06-09,0.0041961460763984
2042-06-10,0.00410192166519976
2042-06-11,0.0040081013039815
2042-06-12,0.00391762816719201
2042-06-13,0.00382868288910058
2042-06-14,0.00374014486428502
2042-06-15,0.00365359667967684
2042-06-16,0.00356961099319819
2042-06-17,0.00348847621146895
2042-06-18,0.00341253472545954
2042-06-19,0.00334200376768663
2042-06-20,0.00327530670412551
2042-06-21,0.00321277460377609
2042-06-22,0.00315438870412195
2042-06-23,0.00310046129878622
2042-06-24,0.00305091437553902
2042-06-25,0.00300570775654589
2042-06-26,0.00296493545479585
2042-06-27,0.00292859032387139
2042-06-28,0.00289645639121161
2042-06-29,0.00286860018440866
2042-06-30,0.00284432744141397
2042-07-01,0.00517802477248079
2042-07-02,0.0051427540151051
2042-07-03,0.00511224338366163
2042-07-04,0.00508581377470096
2042-07-05,0.0050629942825755
2042-07-06,0.00504352850194013
2042-07-07,0.00502648257155013
2042-07-08,0.00501139042125761
2042-07-09,0.00499921433745659
2042-07-10,0.00498974986242742
2042-07-11,0.00498202396596882
2042-07-12,0.00497598966374826
2042-07-13,0.00497090990496189
2042-07-14,0.00496617979995609
2042-07-15,0.00496181495916695
2042-07-16,0.00495816212727653
2042-07-17,0.00495547041722326
2042-07-18,0.00495352458848688
2042-07-19,0.00495176303564036
2042-07-20,0.00495009554222487
2042-07-21,0.00494851866732542
2042-07-22,0.00494707298627961
2042-07-23,0.00494573092884216
2042-07-24,0.00494441517911825
2042-07-25,0.00494314404332606
2042-07-26,0.00494195699057242
2042-07-27,0.00494082188511657
2042-07-28,0.00493968729312741
2042-07-29,0.00493855291871446
2042-07-30,0.00493741858165644
2042-07-31,0.00493628489208418
2042-08-01,0.0142277053453943
2042-08-02,0.0142244374979083
2042-08-03,0.014221171045692
2042-08-04,0.0142179050327448
2042-08-05,0.0142146402506958
2042-08-06,0.0142113754686468
2042-08-07,0.01420811151129
2042-08-08,0.0142048486610803
2042-08-09,0.014201586271867
2042-08-10,0.0141983248981683
2042-08-11,0.0141950640062485
2042-08-12,0.014191804302717
2042-08-13,0.0141885447380512
2042-08-14,0.0141852857571882
2042-08-15,0.0141820289594453
2042-08-16,0.0141787716355242
2042-08-17,0.0141755152855525
2042-08-18,0.0141722596317986
2042-08-19,0.014169004870753
2042-08-20,0.0141657506935101
2042-08-21,0.0141624975109991
2042-08-22,0.0141592449651921
2042-08-23,0.0141559933508246
2042-08-24,0.0141527423542678
2042-08-25,0.0141494923968422
2042-08-26,0.0141462430317213
2042-08-27,0.0141429938649801
2042-08-28,0.0141397458186112
2042-08-29,0.0141364983560452
2042-08-30,0.0141332521243772
2042-08-31,0.0141300062639624
2042-09-01,0.0108696431182617
2042-09-02,0.0108671467838091
2042-09-03,0.010864651325222
2042-09-04,0.010862156279491
2042-09-05,0.0108596614031182
2042-09-06,0.0108571674898341
2042-09-07,0.0108546744160725
2042-09-08,0.0108521809999602
2042-09-09,0.0108496891960219
2042-09-10,0.0108471970584551
2042-09-11,0.0108447064283947
2042-09-12,0.0108422153971079
2042-09-13,0.0108397254757352
2042-09-14,0.0108372363909777
2042-09-15,0.0108347476216772
2042-09-16,0.010832259186732
2042-09-17,0.0108297715498783
2042-09-18,0.0108272842248472
2042-09-19,0.0108247978629048
2042-09-20,0.0108223116964876
2042-09-21,0.0108198263855838
2042-09-22,0.0108173415943844
2042-09-23,0.0108148576637865
2042-09-24,0.0108123738821948
2042-09-25,0.0108098905512559
2042-09-26,0.0108074080547514
2042-09-27,0.0108049260074461
2042-09-28,0.010802444785853
2042-09-29,0.0107999638600916
2042-09-30,0.0107974837484127
2042-10-01,0.00522727709882261
2042-10-02,0.00522607667311821
2042-10-03,0.00522487653849131
2042-10-04,0.00522367646686668
2042-10-05,0.00522247694044036
2042-10-06,0.00522127772163402
2042-10-07,0.00522007840322076
2042-10-08,0.00521887981408505
2042-10-09,0.00521768110035268
2042-10-10,0.00521648307401371
2042-10-11,0.00521528484916481
2042-10-12,0.00521408716423472
2042-10-13,0.00521288989110712
2042-10-14,0.00521169270280378
2042-10-15,0.00521049579642677
2042-10-16,0.00520929920506105
2042-10-17,0.00520810282945167
2042-10-18,0.00520690694694936
2042-10-19,0.00520571102080304
2042-10-20,0.0054537214876881
2042-10-21,0.00819850504055234
2042-10-22,0.00525957506839986
2042-10-23,0.00520093065991309
2042-10-24,0.00519973609905038
2042-10-25,0.0172982138294661
2042-10-26,0.00963089548157652
2042-10-27,0.00578570716013388
2042-10-28,0.0054025538829695
2042-10-29,0.00519376835709159
2042-10-30,0.00519257570424705
2042-10-31,0.00629351569427085
2042-11-01,0.00397978399279298
2042-11-02,0.00411752532026971
2042-11-03,0.0248398023903376
2042-11-04,0.0453084614154128
2042-11-05,0.0677073858405373
2042-11-06,0.0155986764964995
2042-11-07,0.0102227811788731
2042-11-08,0.00415272398495104
2042-11-09,0.00474783987022028
2042-11-10,0.00379163968414111
2042-11-11,0.00379096439456708
2042-11-12,0.012407932279707
2042-11-13,0.00378964014351636
2042-11-14,0.00378898948455804
2042-11-15,0.00378833764284995
2042-11-16,0.0037876793105739
2042-11-17,0.0428561953078954
2042-11-18,0.0187454049108611
2042-11-19,0.0205142330491824
2042-11-20,0.0657379171935214
2042-11-21,0.163599361281791
2042-11-22,0.00639934940802671
2042-11-23,0.00711941006386158
2042-11-24,0.0234656594292319
2042-11-25,0.183753536799167
2042-11-26,0.494092956097326
2042-11-27,0.634619885139537
2042-11-28,0.347129773646085
2042-11-29,0.129011921283251
2042-11-30,0.157433102215347
2042-12-01,0.166670261883791
2042-12-02,0.025717385606661
2042-12-03,0.016175466664622
2042-12-04,0.200401802663146
2042-12-05,0.341717120233714
2042-12-06,0.0246798779296236
2042-12-07,0.0647814529203073
2042-12-08,0.0457220847161514
2042-12-09,0.0706535567441714
2042-12-10,0.0925251606985876
2042-12-11,0.083038210653251
2042-12-12,0.0727187767546653
2042-12-13,0.0653388491582519
2042-12-14,0.0799171756118472
2042-12-15,0.0750011488500025
2042-12-16,0.0538029067079889
2042-12-17,0.022637256798436
2042-12-18,0.0129605629215082
2042-12-19,0.0119858160758897
2042-12-20,0.00943081245879466
2042-12-21,0.0116313169350322
2042-12-22,0.0224012237450165
2042-12-23,0.0393604481886998
2042-12-24,0.0147096132945923
2042-12-25,0.01345699192574
2042-12-26,0.0140726524439345
2042-12-27,0.0132260347515236
2042-12-28,0.019883424634103
2042-12-29,0.127986044884721
2042-12-30,0.085207714193285
2042-12-31,0.209495543974314
2043-01-01,0.0130519728567868
2043-01-02,0.00686147863047911
2043-01-03,0.0110212824440091
2043-01-04,0.0175521130813577
2043-01-05,0.0137472168020834
2043-01-06,0.0113140659907982
2043-01-07,0.0132916490306541
2043-01-08,0.0142154178935042
2043-01-09,0.0133839680632512
2043-01-10,0.00961093478451986
2043-01-11,0.00844535610952609
2043-01-12,0.00752904966615953
2043-01-13,0.00916130541306586
2043-01-14,0.0108664217178658
2043-01-15,0.0134311136893883
2043-01-16,0.0137904896053188
2043-01-17,0.0131410223374332
2043-01-18,0.0138867904403539
2043-01-19,0.00977946765541252
2043-01-20,0.00690215183428915
2043-01-21,0.00758829114017137
2043-01-22,0.00688762257044169
2043-01-23,0.00683428717229574
2043-01-24,0.00709671077783123
2043-01-25,0.00869058350746531
2043-01-26,0.221253406777771
2043-01-27,0.336606662161594
2043-01-28,0.0172566181616514
2043-01-29,0.0231466577820451
2043-01-30,0.0265368947147825
2043-01-31,0.0267210308249624
2043-02-01,0.0261578055468807
2043-02-02,0.026294351994474
2043-02-03,0.0270592459381182
2043-02-04,0.0441833901384256
2043-02-05,0.0303594097271935
2043-02-06,0.0258374157182832
2043-02-07,0.02567350606305
2043-02-08,0.02585419417522
2043-02-09,0.0289061550972633
2043-02-10,0.036432311420366
2043-02-11,0.0532759902690392
2043-02-12,0.0462434846943054
2043-02-13,0.0268527413684695
2043-02-14,0.0271027711829296
2043-02-15,0.0259098670588365
2043-02-16,0.0248817363110762
2043-02-17,0.0238574759250932
2043-02-18,0.0247622413621783
2043-02-19,0.0241164619418752
2043-02-20,0.0233016449832786
2043-02-21,0.0227848159071017
2043-02-22,0.0220158150944172
2043-02-23,0.137820232443431
2043-02-24,0.551018769576882
2043-02-25,0.331550483398615
2043-02-26,0.789085304983817
2043-02-27,0.561518201855387
2043-02-28,0.408406514493575
2043-03-01,0.312842107445022
2043-03-02,0.329075923526093
2043-03-03,0.291504632646961
2043-03-04,0.2804071989739
2043-03-05,0.261928455798413
2043-03-06,0.241563057696898
2043-03-07,0.222109735352053
2043-03-08,0.204741993213305
2043-03-09,0.187887340982507
2043-03-10,0.173173735965919
2043-03-11,0.160181461434508
2043-03-12,0.147205240974817
2043-03-13,0.134754503422551
2043-03-14,0.125330153591451
2043-03-15,0.127168932985108
2043-03-16,0.108584824279992
2043-03-17,0.100460680456804
2043-03-18,0.0931646530852632
2043-03-19,0.21079505084836
2043-03-20,0.338456979000773
2043-03-21,0.167893808047603
2043-03-22,0.156166835682178
2043-03-23,0.15889071385109
2043-03-24,0.152006644728155
2043-03-25,0.143725476344098
2043-03-26,0.153494198995034
2043-03-27,0.128077368755943
2043-03-28,0.120301030808238
2043-03-29,0.111096459321559
2043-03-30,0.103144360489249
2043-03-31,0.0948773487977205
2043-04-01,0.153769970232716
2043-04-02,0.132303517542108
2043-04-03,0.118525374489131
2043-04-04,0.106313512738969
2043-04-05,0.0981450640256849
2043-04-06,0.0930049025040645
2043-04-07,0.11686678156284
2043-04-08,0.0821763064101199
2043-04-09,0.0770226688436665
2043-04-10,0.122709441173997
2043-04-11,0.0864099166794834
2043-04-12,0.0708422152943458
2043-04-13,0.0666113431391784
2043-04-14,0.063008673120544
2043-04-15,0.0594849915041145
2043-04-16,0.0560577781598499
2043-04-17,0.0518027378415889
2043-04-18,0.0407092011380152
2043-04-19,0.0350058472429127
2043-04-20,0.0309752085643623
2043-04-21,0.209818739760484
2043-04-22,0.143033186105803
2043-04-23,0.0330882980648629
2043-04-24,0.0346916952849443
2043-04-25,0.0337730849967757
2043-04-26,0.03229172310171
2043-04-27,0.0300633317607
2043-04-28,0.0272292235905794
2043-04-29,0.0245963793004646
2043-04-30,0.0221518337750555
2043-05-01,0.0220781880938584
2043-05-02,0.0199181969682224
2043-05-03,0.0182468022207337
2043-05-04,0.0167358895795611
2043-05-05,0.0152179294612277
2043-05-06,0.0139123643015654
2043-05-07,0.0128527927552941
2043-05-08,0.0120366775711377
2043-05-09,0.0131866816162745
2043-05-10,0.0674446416401383
2043-05-11,0.0205503408008098
2043-05-12,0.0129923803061964
2043-05-13,0.164748811595782
2043-05-14,0.0172118817909642
2043-05-15,0.0123475381065979
2043-05-16,0.0121126408731854
2043-05-17,0.0120728267095111
2043-05-18,0.011047378996759
2043-05-19,0.0105584012784849
2043-05-20,0.0101449338071106
2043-05-21,0.00976028872520364
2043-05-22,0.0103650908734173
2043-05-23,0.00940775473799859
2043-05-24,0.00908030113011098
2043-05-25,0.00871582133924412
2043-05-26,0.00843142845664711
2043-05-27,0.0519197713008966
2043-05-28,0.00847832887188812
2043-05-29,0.00789061250160682
2043-05-30,0.00771760463609888
2043-05-31,0.00765664012649179
2043-06-01,0.00605640185309743
2043-06-02,0.00594476681225484
2043-06-03,0.00581798367826564
2043-06-04,0.00568039967924614
2043-06-05,0.00555111548524144
2043-06-06,0.00583027956348208
2043-06-07,0.00537166748086972
2043-06-08,0.00530215762666692
2043-06-09,0.00523400600975447
2043-06-10,0.0051609282659681
2043-06-11,0.0050768668828346
2043-06-12,0.00498138630004867
2043-06-13,0.00487619874602137
2043-06-14,0.00476604577107656
2043-06-15,0.00465667795611011
2043-06-16,0.00454951991525286
2043-06-17,0.00444287284771392
2043-06-18,0.00433803186082087
2043-06-19,0.0042367365644273
2043-06-20,0.00414105343812956
2043-06-21,0.00405216490734445
2043-06-22,0.00396926286925336
2043-06-23,0.00388939946717374
2043-06-24,0.00380906050414116
2043-06-25,0.00372756972472148
2043-06-26,0.00364773526340011
2043-06-27,0.00357088353063532
2043-06-28,0.0034982848322386
2043-06-29,0.00342915217670535
2043-06-30,0.00336249950523953
2043-07-01,0.00605176028285718
2043-07-02,0.00594139050983134
2043-07-03,0.00583847546583343
2043-07-04,0.00574380222158079
2043-07-05,0.0265565274605628
2043-07-06,0.00560187589626598
2043-07-07,0.00554704281275382
2043-07-08,0.00547774127255927
2043-07-09,0.00541395064818504
2043-07-10,0.005357259258907
2043-07-11,0.00530800627651071
2043-07-12,0.0052624767894422
2043-07-13,0.00522045126267291
2043-07-14,0.00518111328612302
2043-07-15,0.00514598135152986
2043-07-16,0.00511574620922241
2043-07-17,0.00509010081070418
2043-07-18,0.00506763246295277
2043-07-19,0.00504787054900223
2043-07-20,0.00503089847327625
2043-07-21,0.00501692476420072
2043-07-22,0.00500499843295966
2043-07-23,0.0049949940242714
2043-07-24,0.00498675922497441
2043-07-25,0.00497945377647604
2043-07-26,0.00497284524154538
2043-07-27,0.00496718734940596
2043-07-28,0.0049626145392044
2043-07-29,0.00495875131179602
2043-07-30,0.00495566913440489
2043-07-31,0.00495330064721284
2043-08-01,0.0142739553638788
2043-08-02,0.0142684917660614
2043-08-03,0.0142634402583896
2043-08-04,0.0142586247770868
2043-08-05,0.0142540068516273
2043-08-06,0.0142496442199186
2043-08-07,0.0142456115170861
2043-08-08,0.0142417709486659
2043-08-09,0.0142380086277691
2043-08-10,0.0142343578396568
2043-08-11,0.0142309377046609
2043-08-12,0.0142276696380126
2043-08-13,0.01422440204842
2043-08-14,0.0142211349321045
2043-08-15,0.0142178686744892
2043-08-16,0.0142146042183494
2043-08-17,0.0142113396309013
2043-08-18,0.0142080756480386
2043-08-19,0.0142048130349398
2043-08-20,0.0142015507222443
2043-08-21,0.0141982886296557
2043-08-22,0.0141950277887479
2043-08-23,0.0141917680049199
2043-08-24,0.014188508640523
2043-08-25,0.0141852501452176
2043-08-26,0.0141819920655648
2043-08-27,0.0141787357666049
2043-08-28,0.0141754787393086
2043-08-29,0.014172224076508
2043-08-30,0.014168968651363
2043-08-31,0.0141657146554957
2043-09-01,0.010897112399779
2043-09-02,0.0108946096667836
2043-09-03,0.0108921078699831
2043-09-04,0.0108896064220749
2043-09-05,0.0108871054836953
2043-09-06,0.0108846051718683
2043-09-07,0.0117670586936272
2043-09-08,0.0108796062476116
2043-09-09,0.0108771076453579
2043-09-10,0.0108746098150288
2043-09-11,0.0108721122223827
2043-09-12,0.0108696152017748
2043-09-13,0.0108671188680491
2043-09-14,0.0108646232408306
2043-09-15,0.0108621281820162
2043-09-16,0.010859633530243
2043-09-17,0.0108571396336766
2043-09-18,0.0108546460750998
2043-09-19,0.01085215338512
2043-09-20,0.0108496611407049
2043-09-21,0.0108471694210823
2043-09-22,0.0108446785882281
2043-09-23,0.0108421876361689
2043-09-24,0.0108396978027463
2043-09-25,0.0108372080994315
2043-09-26,0.0108347193170475
2043-09-27,0.0108322314853955
2043-09-28,0.010829743434232
2043-09-29,0.010827256207327
2043-09-30,0.0108247696120627
2043-10-01,0.00524048690727983
2043-10-02,0.00523928345183548
2043-10-03,0.00523808027690956
2043-10-04,0.00523687724945821
2043-10-05,0.00523567455848822
2043-10-06,0.00523447201992033
2043-10-07,0.00523327004661295
2043-10-08,0.0052320681507385
2043-10-09,0.00523086660683199
2043-10-10,0.0052296653944793
2043-10-11,0.0052284644584214
2043-10-12,0.00522726367019005
2043-10-13,0.00522606309771505
2043-10-14,0.0052248629711834
2043-10-15,0.00522366283374074
2043-10-16,0.00522246339847414
2043-10-17,0.00522126398397363
2043-10-18,0.00522006491158594
2043-10-19,0.00521886607994433
2043-10-20,0.00521766774316963
2043-10-21,0.00521646939548392
2043-10-22,0.00521527131212613
2043-10-23,0.0770393991978532
2043-10-24,0.00534395626228403
2043-10-25,0.00521167941671824
2043-10-26,0.00521048276375813
2043-10-27,0.00520928663452631
2043-10-28,0.161784128221655
2043-10-29,0.146365374444857
2043-10-30,0.00520672392292021
2043-10-31,0.00520759756434905
2043-11-01,0.0382709049777887
2043-11-02,0.00429684973356965
2043-11-03,0.0298577732858394
2043-11-04,0.00975022554609631
2043-11-05,0.00382201538072943
2043-11-06,0.00382572118383331
2043-11-07,0.00382943280407718
2043-11-08,0.0272722970272805
2043-11-09,0.0760810565145991
2043-11-10,0.0112510813843282
2043-11-11,0.004926821016099
2043-11-12,0.00386919061512617
2043-11-13,0.00388161967048299
2043-11-14,0.00389304433865562
2043-11-15,0.00390343253984312
2043-11-16,0.0039129034674499
2043-11-17,0.00419484045588126
2043-11-18,0.00902023859755469
2043-11-19,0.00393627728053711
2043-11-20,0.00394135973145949
2043-11-21,0.00394544441019783
2043-11-22,0.00394871970217711
2043-11-23,0.00452866601071676
2043-11-24,0.0039543346272496
2043-11-25,0.0984538094239112
2043-11-26,0.331131451665671
2043-11-27,0.280781034107702
2043-11-28,1.30030781751223
2043-11-29,3.58152669421694
2043-11-30,0.546058042368609
2043-12-01,0.00778472954075639
2043-12-02,0.00743268775900833
2043-12-03,0.0073046559283162
2043-12-04,0.00736214248211577
2043-12-05,0.00739369590509149
2043-12-06,0.00740777941611272
2043-12-07,0.00741508526664215
2043-12-08,0.00832982521197998
2043-12-09,0.021808029652015
2043-12-10,0.049594040595286
2043-12-11,0.0112040487423141
2043-12-12,0.00748156455934911
2043-12-13,0.0721653623278666
2043-12-14,0.103009923803639
2043-12-15,0.0900241096496875
2043-12-16,0.0769859509102991
2043-12-17,0.0951826627739526
2043-12-18,0.077297427837989
2043-12-19,0.0105172864921051
2043-12-20,0.00954895758364771
2043-12-21,0.0374939724946679
2043-12-22,0.0365597651145355
2043-12-23,0.0492237475109307
2043-12-24,0.0359210980642043
2043-12-25,0.0203635228231963
2043-12-26,0.0162316763206847
2043-12-27,0.0187039524868769
2043-12-28,0.021172295900892
2043-12-29,0.0117229867142219
2043-12-30,0.0136168286267938
2043-12-31,0.0149783376115206
2044-01-01,0.0107542289611682
2044-01-02,0.14206609258211
2044-01-03,0.554316683206346
2044-01-04,0.0113229302813263
2044-01-05,0.0215062531901729
2044-01-06,0.0839031595389526
2044-01-07,0.325150801856216
2044-01-08,0.295966315635957
2044-01-09,0.0821359689965842
2044-01-10,0.0664285414765195
2044-01-11,0.0721566373532475
2044-01-12,0.0777352930948646
2044-01-13,0.0837550058191471
2044-01-14,0.0831085875812787
2044-01-15,0.139375094993525
2044-01-16,0.263461214596467
2044-01-17,0.24964982457372
2044-01-18,0.141627859928393
2044-01-19,0.154996463771581
2044-01-20,0.153730105278669
2044-01-21,0.156072448238966
2044-01-22,0.15166290564833
2044-01-23,0.153338889143413
2044-01-24,0.251042335661536
2044-01-25,0.151478878085338
2044-01-26,0.150455220051135
2044-01-27,0.163877436024542
2044-01-28,0.150633991249529
2044-01-29,0.143888558212081
2044-01-30,0.137217976794402
2044-01-31,0.130605934465147
2044-02-01,0.118994329687799
2044-02-02,0.114962291737962
2044-02-03,0.274193827735139
2044-02-04,0.772314032897817
2044-02-05,1.74810873924496
2044-02-06,0.702884518623554
2044-02-07,0.523957649910382
2044-02-08,0.526275846478367
2044-02-09,0.512392651166334
2044-02-10,0.491610090305101
2044-02-11,0.470494077134052
2044-02-12,0.455050101468132
2044-02-13,0.397247766233042
2044-02-14,0.390796766032025
2044-02-15,0.503789648528528
2044-02-16,0.41768996138973
2044-02-17,0.393234202071274
2044-02-18,0.377717703090368
2044-02-19,0.419000901541822
2044-02-20,0.392222880141019
2044-02-21,0.372962892709329
2044-02-22,0.368136087634377
2044-02-23,0.564906768244051
2044-02-24,0.398649291901912
2044-02-25,0.41909641231324
2044-02-26,0.468319931711772
2044-02-27,0.519863967171517
2044-02-28,0.582084003322557
2044-02-29,0.541501994428239
2044-03-01,0.421952481381675
2044-03-02,0.440017107074713
2044-03-03,0.499983320669102
2044-03-04,0.537938541101276
2044-03-05,0.450689569249212
2044-03-06,0.418478991687396
2044-03-07,0.535823511324438
2044-03-08,0.453523223846438
2044-03-09,0.426930763192281
2044-03-10,0.452631908945106
2044-03-11,0.700762943759956
2044-03-12,0.634231824871952
2044-03-13,0.535310028848489
2044-03-14,0.51592180426861
2044-03-15,0.487662078135631
2044-03-16,0.466748501090404
2044-03-17,0.444028701514071
2044-03-18,0.417548317332365
2044-03-19,0.390039574472289
2044-03-20,0.364344821413948
2044-03-21,0.329735720963803
2044-03-22,0.316229985221363
2044-03-23,0.298010753032813
2044-03-24,0.28983406735237
2044-03-25,0.27266283490222
2044-03-26,0.973806829404587
2044-03-27,0.972021158983832
2044-03-28,0.527696624479903
2044-03-29,0.542945673449004
2044-03-30,0.924675875877516
2044-03-31,0.599641474790181
2044-04-01,0.86401791846436
2044-04-02,0.858301620392979
2044-04-03,0.748848336696028
2044-04-04,0.718225478741601
2044-04-05,0.714319052854537
2044-04-06,0.718890916020685
2044-04-07,0.700754282476858
2044-04-08,0.593276185416168
2044-04-09,0.467804394783671
2044-04-10,0.393500351909676
2044-04-11,0.375625073844427
2044-04-12,0.345375951190328
2044-04-13,0.340746116179272
2044-04-14,0.357362480137338
2044-04-15,0.462677631634087
2044-04-16,0.309737685178451
2044-04-17,0.319888099682301
2044-04-18,0.322940710185419
2044-04-19,0.311636558772216
2044-04-20,0.297346446382294
2044-04-21,0.295802350350179
2044-04-22,0.308805462580624
2044-04-23,0.287026025881872
2044-04-24,0.251680700234796
2044-04-25,0.225078480256074
2044-04-26,0.223387191331277
2044-04-27,0.215945288338379
2044-04-28,0.183229641801497
2044-04-29,0.172587732427468
2044-04-30,0.165933464836289
2044-05-01,0.179696494039808
2044-05-02,0.192111053977907
2044-05-03,0.171209347272671
2044-05-04,0.16029285381085
2044-05-05,0.15000023878381
2044-05-06,0.16156245923439
2044-05-07,0.240371245497167
2044-05-08,0.263757255045391
2044-05-09,0.169781991016598
2044-05-10,0.12570246624738
2044-05-11,0.139352825393163
2044-05-12,0.142028106858506
2044-05-13,0.169794416952667
2044-05-14,0.14963718788586
2044-05-15,0.159436562005486
2044-05-16,0.18438546719658
2044-05-17,0.172818555451976
2044-05-18,0.16924593973469
2044-05-19,0.127454528954821
2044-05-20,0.160271419034989
2044-05-21,0.104568644550072
2044-05-22,0.105079034707233
2044-05-23,0.103114583138799
2044-05-24,0.0922857457594689
2044-05-25,0.0865692594096039
2044-05-26,0.0847762623201487
2044-05-27,0.0850325690799655
2044-05-28,0.0773200528173362
2044-05-29,0.131956393961921
2044-05-30,0.108347392391887
2044-05-31,0.0522241155783069
2044-06-01,0.0408601095188638
2044-06-02,0.0444919383983114
2044-06-03,0.0531401686966652
2044-06-04,0.0487709453404337
2044-06-05,0.0723826806674332
2044-06-06,0.0545086834620766
2044-06-07,0.0353650106881374
2044-06-08,0.033593794262891
2044-06-09,0.0393848503070886
2044-06-10,0.0313560019595299
2044-06-11,0.024814375628035
2044-06-12,0.0351814872317109
2044-06-13,0.0289590795723356
2044-06-14,0.0230197435822854
2044-06-15,0.0214457891194274
2044-06-16,0.0197879533678013
2044-06-17,0.017657649717041
2044-06-18,0.0156069625952688
2044-06-19,0.013888573095648
2044-06-20,0.0124937331550624
2044-06-21,0.0112723419519109
2044-06-22,0.010173500195685
2044-06-23,0.00924531856225505
2044-06-24,0.00844294042025452
2044-06-25,0.00775265895409131
2044-06-26,0.00714580142169268
2044-06-27,0.014717294459447
2044-06-28,0.00620541893450257
2044-06-29,0.00634762132469044
2044-06-30,0.0056775522028481
2044-07-01,0.0119169561957387
2044-07-02,0.00966869278258205
2044-07-03,0.00928514635452792
2044-07-04,0.00894622493950062
2044-07-05,0.00866346588642623
2044-07-06,0.00843533226922846
2044-07-07,0.00825515513200381
2044-07-08,0.00808997507574636
2044-07-09,0.00793142291706187
2044-07-10,0.00777208025166016
2044-07-11,0.00761015531145704
2044-07-12,0.0074581600300701
2044-07-13,0.00732054883233467
2044-07-14,0.00718403536741276
2044-07-15,0.0070415557458531
2044-07-16,0.00690120677974135
2044-07-17,0.00675849897384435
2044-07-18,0.0066151115103995
2044-07-19,0.00647762440645619
2044-07-20,0.00634594502960792
2044-07-21,0.00622064680255223
2044-07-22,0.00610274511141386
2044-07-23,0.00599195092982029
2044-07-24,0.00588939264326884
2044-07-25,0.00579715119104859
2044-07-26,0.00571557147139307
2044-07-27,0.00564208478573069
2044-07-28,0.00557191329860716
2044-07-29,0.00550475378811447
2044-07-30,0.00544505079247833
2044-07-31,0.00539112010227176
2044-08-01,0.0154007294074413
2044-08-02,0.015275885403278
2044-08-03,0.0151595731252926
2044-08-04,0.015055990943114
2044-08-05,0.01496333792903
2044-08-06,0.0148790758728555
2044-08-07,0.0148015671397323
2044-08-08,0.0147282807707218
2044-08-09,0.0146633699341907
2044-08-10,0.0146080281384374
2044-08-11,0.0145616968192733
2044-08-12,0.0145241188493533
2044-08-13,0.0144910126577037
2044-08-14,0.0144605438887064
2044-08-15,0.0144336426686895
2044-08-16,0.0144098423049426
2044-08-17,0.0143883886829568
2044-08-18,0.0143687642256563
2044-08-19,0.0143508079404459
2044-08-20,0.0143354777844211
2044-08-21,0.0143226371137197
2044-08-22,0.0143114339248411
2044-08-23,0.0143018678257491
2044-08-24,0.0142933084123929
2044-08-25,0.0142849132648953
2044-08-26,0.0142766808415634
2044-08-27,0.0142690147834614
2044-08-28,0.0142619582901067
2044-08-29,0.0142554517285946
2044-08-30,0.0142494900374112
2044-08-31,0.0142441009301856
2044-09-01,0.0109562422932788
2044-09-02,0.0109528496511247
2044-09-03,0.010949621529222
2044-09-04,0.0109465647287935
2044-09-05,0.0160140047024966
2044-09-06,0.0109408462995558
2044-09-07,0.0109381092358302
2044-09-08,0.0109352947732144
2044-09-09,0.010932461229087
2044-09-10,0.0109296311208237
2044-09-11,0.0109269087948983
2044-09-12,0.0109242878883839
2044-09-13,0.0109217186499391
2044-09-14,0.0109192104211602
2044-09-15,0.0109167027200812
2044-09-16,0.0109141957240558
2044-09-17,0.010911689308064
2044-09-18,0.0109091830512546
2044-09-19,0.010906677771344
2044-09-20,0.0109041729362714
2044-09-21,0.0109016684035722
2044-09-22,0.010899164977153
2044-09-23,0.0108966620333684
2044-09-24,0.0108941596906965
2044-09-25,0.0108916574941233
2044-09-26,0.0108891564263626
2044-09-27,0.0108866553760467
2044-09-28,0.0108841553593246
2044-09-29,0.0108816556129942
2044-09-30,0.0108791562046535
2044-10-01,0.00526681642638684
2044-10-02,0.00526560693891606
2044-10-03,0.00526439781502814
2044-10-04,0.00526318868938038
2044-10-05,0.00526197998468628
2044-10-06,0.00526417258793199
2044-10-07,0.00525956331724647
2044-10-08,0.00525835543791716
2044-10-09,0.00525714788627001
2044-10-10,0.00525594049582416
2044-10-11,0.00525473334119683
2044-10-12,0.00525352654276105
2044-10-13,0.00525232022792922
2044-10-14,0.00525111396378076
2044-10-15,0.00524990795128938
2044-10-16,0.00524947465834955
2044-10-17,0.00524749684705472
2044-10-18,0.00524629189011517
2044-10-19,0.005245086983859
2044-10-20,0.0627572761350713
2044-10-21,0.00990101385119687
2044-10-22,0.0052414741977464
2044-10-23,0.00524027056315037
2044-10-24,0.00523906729530492
2044-10-25,0.00523786440371321
2044-10-26,0.00523666146847746
2044-10-27,0.00523545900100708
2044-10-28,0.0215159626472654
2044-10-29,0.00523305512021032
2044-10-30,0.00523185348584807
2044-10-31,0.00523065213728375
2044-11-01,0.00382770631119274
2044-11-02,0.00382682748226067
2044-11-03,0.004504737930072
2044-11-04,0.00382507040868676
2044-11-05,0.00382419226400287
2044-11-06,0.00382331427904558
2044-11-07,0.00382243649683804
2044-11-08,0.0038215589181531
2044-11-09,0.0038206814108299
2044-11-10,0.0038198040784331
2044-11-11,0.00381892721362305
2044-11-12,0.00534380982164498
2044-11-13,0.176997922103902
2044-11-14,0.15505874696907
2044-11-15,0.00419208108341973
2044-11-16,0.00410992517586618
2044-11-17,0.00618459869000335
2044-11-18,0.00386232291691734
2044-11-19,0.00385323904887263
2044-11-20,0.00386158832652174
2044-11-21,0.00386924944526948
2044-11-22,0.493773692592628
2044-11-23,1.07853213867724
2044-11-24,0.355943685328093
2044-11-25,0.0694253735057333
2044-11-26,0.157355185082518
2044-11-27,0.383427146705091
2044-11-28,0.0658051911345149
2044-11-29,0.011279977010635
2044-11-30,0.00815677553359119
2044-12-01,0.0698188266394639
2044-12-02,0.242664900549115
2044-12-03,0.358951167265395
2044-12-04,0.550838414587173
2044-12-05,0.0155652976063973
2044-12-06,0.192858199319757
2044-12-07,0.295849295515154
2044-12-08,0.0110408933172386
2044-12-09,0.0117431606725079
2044-12-10,0.0111676649618026
2044-12-11,0.0109398227277218
2044-12-12,0.0102810444033601
2044-12-13,0.00962133192698334
2044-12-14,0.00921712336125181
2044-12-15,0.0252789507487887
2044-12-16,0.0208658506706196
2044-12-17,0.126769558818298
2044-12-18,0.0907337274393652
2044-12-19,0.0842468338031512
2044-12-20,0.0207429924231193
2044-12-21,0.0114459853578489
2044-12-22,0.0112373298434373
2044-12-23,0.00963015976286274
2044-12-24,0.00999303336001786
2044-12-25,0.03434530998039
2044-12-26,0.06106814253208
2044-12-27,0.015403566641563
2044-12-28,0.0159368318161203
2044-12-29,0.025250057430068
2044-12-30,0.0303014468590978
2044-12-31,0.0179000758043257
2045-01-01,0.0108856664348396
2045-01-02,0.00867879812801854
2045-01-03,0.00725087275760616
2045-01-04,0.0076044791565887
2045-01-05,0.00818685915876928
2045-01-06,0.00884062951802672
2045-01-07,0.015049950873899
2045-01-08,0.0352369190704299
2045-01-09,0.0325386099179211
2045-01-10,0.0123532060867
2045-01-11,0.021659015050504
2045-01-12,0.0212520199468399
2045-01-13,0.0325231622747573
2045-01-14,0.0371273208761378
2045-01-15,0.0538179914086355
2045-01-16,0.0294448256091661
2045-01-17,0.0163666423209922
2045-01-18,0.0114069055110932
2045-01-19,0.0120369806180416
2045-01-20,0.021921216958507
2045-01-21,0.0274265857482398
2045-01-22,0.0642407145420833
2045-01-23,0.0811210816241673
2045-01-24,0.0611842068747137
2045-01-25,0.086813396451595
2045-01-26,0.10005718007874
2045-01-27,0.0898940554522583
2045-01-28,0.0792815714790973
2045-01-29,0.0767275748314165
2045-01-30,0.0774212094208066
2045-01-31,0.212932923503092
2045-02-01,0.414013242882277
2045-02-02,0.355422478578574
2045-02-03,0.228847638153097
2045-02-04,0.236386092924969
2045-02-05,0.242506974472289
2045-02-06,0.237275639205165
2045-02-07,0.235368896429338
2045-02-08,0.23175313546843
2045-02-09,0.227930632519472
2045-02-10,0.224941678112863
2045-02-11,0.202771510086606
2045-02-12,0.199955633382336
2045-02-13,0.176341738068562
2045-02-14,0.164560834106887
2045-02-15,0.153999392949119
2045-02-16,0.143863048633182
2045-02-17,0.133618831506936
2045-02-18,0.127020632892896
2045-02-19,0.128023994649385
2045-02-20,0.126255646026001
2045-02-21,0.157774548294599
2045-02-22,0.345296963694909
2045-02-23,0.149656065148416
2045-02-24,0.165064135300059
2045-02-25,0.163054405104535
2045-02-26,0.159155888430528
2045-02-27,0.17070475742126
2045-02-28,0.14593956316945
2045-03-01,0.119270160250098
2045-03-02,0.11149614489302
2045-03-03,0.102984046254181
2045-03-04,0.0964264729903246
2045-03-05,0.0937125428276655
2045-03-06,0.0853107220751691
2045-03-07,0.0753707049503505
2045-03-08,0.07029787359676
2045-03-09,0.0702618629337136
2045-03-10,0.0593190373060645
2045-03-11,0.0691570785997576
2045-03-12,0.093535633343308
2045-03-13,0.060594225403938
2045-03-14,0.111049204398965
2045-03-15,0.100529079584579
2045-03-16,0.0880783917023327
2045-03-17,0.0662611424068518
2045-03-18,0.296774293577214
2045-03-19,0.919970017153543
2045-03-20,0.531330085251523
2045-03-21,0.459805853301054
2045-03-22,0.415146878193231
2045-03-23,0.464954433561932
2045-03-24,0.428369795021924
2045-03-25,0.436329748125206
2045-03-26,0.396049770734172
2045-03-27,0.369597043800776
2045-03-28,0.350525114757619
2045-03-29,0.335184333244406
2045-03-30,0.315202351783866
2045-03-31,0.296057427566185
2045-04-01,0.392974647037709
2045-04-02,0.345711252413123
2045-04-03,0.314873586691748
2045-04-04,0.290185157697652
2045-04-05,0.264050425215674
2045-04-06,0.234727273492576
2045-04-07,0.209273457795229
2045-04-08,0.186828804488612
2045-04-09,0.165910317836009
2045-04-10,0.143832104036465
2045-04-11,0.128345940543072
2045-04-12,0.11574845749845
2045-04-13,0.103885385404277
2045-04-14,0.0929992216079324
2045-04-15,0.0817160261631273
2045-04-16,0.0710257157155144
2045-04-17,0.062921337113755
2045-04-18,0.0563580959202837
2045-04-19,0.0495484404035163
2045-04-20,0.0420002422789856
2045-04-21,0.0345694515748892
2045-04-22,0.0281289677703655
2045-04-23,0.0231382827160971
2045-04-24,0.18051671317501
2045-04-25,0.0734151932536319
2045-04-26,0.021762148062606
2045-04-27,0.0221785403613362
2045-04-28,0.0562956861705271
2045-04-29,0.0245172826062546
2045-04-30,0.0216875454034454
2045-05-01,0.0226345964661193
2045-05-02,0.021006332849208
2045-05-03,0.0339248412230167
2045-05-04,0.0405726094752318
2045-05-05,0.0244706507126329
2045-05-06,0.0218907866183902
2045-05-07,0.0185961461731902
2045-05-08,0.0170619842329388
2045-05-09,0.0156943386085859
2045-05-10,0.0148089346358914
2045-05-11,0.0138797585808856
2045-05-12,0.015770935160176
2045-05-13,0.0133490243380471
2045-05-14,0.0122744672939341
2045-05-15,0.0115399513394599
2045-05-16,0.0108045341508908
2045-05-17,0.0100754792339048
2045-05-18,0.00946708203410024
2045-05-19,0.00906053491974488
2045-05-20,0.00877031374800387
2045-05-21,0.00866464650371333
2045-05-22,0.0295214320226519
2045-05-23,0.00907255245519677
2045-05-24,0.00819116175771872
2045-05-25,0.0213782992948472
2045-05-26,0.0145867982731243
2045-05-27,0.0254200938163959
2045-05-28,0.0131803505656186
2045-05-29,0.0149053435977592
2045-05-30,0.0121385070772822
2045-05-31,0.022897399487589
2045-06-01,0.00774398272024098
2045-06-02,0.00624081194827399
2045-06-03,0.0057920203447332
2045-06-04,0.00567728532693208
2045-06-05,0.00559779568802601
2045-06-06,0.00553288624374059
2045-06-07,0.00545906207209418
2045-06-08,0.00537112062828439
2045-06-09,0.00526937996129217
2045-06-10,0.00516278938278112
2045-06-11,0.0083521562980239
2045-06-12,0.0049666789942197
2045-06-13,0.00486518757733791
2045-06-14,0.00476004114352198
2045-06-15,0.00465436151158295
2045-06-16,0.00454733403707773
2045-06-17,0.00443780758736046
2045-06-18,0.00432710103994729
2045-06-19,0.00421812751039353
2045-06-20,0.00411575255874688
2045-06-21,0.00402389198598757
2045-06-22,0.00393632884862243
2045-06-23,0.00384872062184596
2045-06-24,0.00376216105798342
2045-06-25,0.00367888196161479
2045-06-26,0.0036016022189911
2045-06-27,0.00353044825400713
2045-06-28,0.0034653335934033
2045-06-29,0.00340497456590622
2045-06-30,0.00334627529307514
2045-07-01,0.00603359821087318
2045-07-02,0.00593353396411494
2045-07-03,0.00584182371301554
2045-07-04,0.00575908983229332
2045-07-05,0.00568444978443585
2045-07-06,0.00561521679319199
2045-07-07,0.00554938414683089
2045-07-08,0.00548308385780966
2045-07-09,0.00541725863721898
2045-07-10,0.00535701089699966
2045-07-11,0.00530345865370193
2045-07-12,0.00525552185061143
2045-07-13,0.00521298736333297
2045-07-14,0.00517538141054331
2045-07-15,0.00514165432017377
2045-07-16,0.0051120595865049
2045-07-17,0.00508643024569915
2045-07-18,0.00506387641672004
2045-07-19,0.00504492759186341
2045-07-20,0.00502933121825889
2045-07-21,0.00501604603754831
2045-07-22,0.00500452774324991
2045-07-23,0.0049946935443476
2045-07-24,0.00498625584575317
2045-07-25,0.0049789676070725
2045-07-26,0.00497245798312864
2045-07-27,0.00496672953339086
2045-07-28,0.00496196476692555
2045-07-29,0.00495793921817871
2045-07-30,0.00495476256029422
2045-07-31,0.00495241544865188
2045-08-01,0.0142715483345599
2045-08-02,0.0142662297408875
2045-08-03,0.0142612892247074
2045-08-04,0.0142565979913764
2045-08-05,0.014252117360653
2045-08-06,0.0142479554853116
2045-08-07,0.0142440820378359
2045-08-08,0.0142402859697367
2045-08-09,0.0142367071650759
2045-08-10,0.0142333872193307
2045-08-11,0.0142301179350097
2045-08-12,0.0142268504483855
2045-08-13,0.0142235827869984
2045-08-14,0.0142203162100864
2045-08-15,0.014217050600511
2045-08-16,0.014213785680541
2045-08-17,0.0142105208956579
2045-08-18,0.0142072575778392
2045-08-19,0.0142039942647438
2045-08-20,0.0142007323677009
2045-08-21,0.0141974711933263
2045-08-22,0.0141942107387864
2045-08-23,0.0141909509889663
2045-08-24,0.0141876919136368
2045-08-25,0.0141844336743356
2045-08-26,0.0141811758743036
2045-08-27,0.0141779189877622
2045-08-28,0.0141746626302331
2045-08-29,0.0141714074270844
2045-08-30,0.0141681534463317
2045-08-31,0.0141648989658514
2045-09-01,0.0108964845706596
2045-09-02,0.0112045905901625
2045-09-03,0.0108914804428169
2045-09-04,0.0108889794150335
2045-09-05,0.0108864787099757
2045-09-06,0.0108839784657467
2045-09-07,0.0108814787230506
2045-09-08,0.0108789796672367
2045-09-09,0.0108764812619618
2045-09-10,0.0108739831009116
2045-09-11,0.0108714862147728
2045-09-12,0.010868989380241
2045-09-13,0.0108664934513759
2045-09-14,0.010863997831426
2045-09-15,0.0290198058596168
2045-09-16,0.0440781260050801
2045-09-17,0.0136504246545304
2045-09-18,0.0108540209622539
2045-09-19,0.0108515287447326
2045-09-20,0.0108490366158881
2045-09-21,0.0108465448802746
2045-09-22,0.0108440537428663
2045-09-23,0.0108415634973145
2045-09-24,0.0108390737075034
2045-09-25,0.0108365846140236
2045-09-26,0.0108340955714239
2045-09-27,0.0108316075944001
2045-09-28,0.0108291203943889
2045-09-29,0.0108266330860756
2045-09-30,0.0108241465431452
2045-10-01,0.00524018515461171
2045-10-02,0.00523898176392946
2045-10-03,0.00523777869846557
2045-10-04,0.00523657586565249
2045-10-05,0.00523537304867799
2045-10-06,0.0052341707515601
2045-10-07,0.0052329689869697
2045-10-08,0.00523176693059788
2045-10-09,0.00523056572880421
2045-10-10,0.00522936416131584
2045-10-11,0.0052281633213452
2045-10-12,0.0052269626929073
2045-10-13,0.00522576227529817
2045-10-14,0.00522456213468781
2045-10-15,0.00522336225453373
2045-10-16,0.00522216277914276
2045-10-17,0.00522096354660967
2045-10-18,0.00521976457840451
2045-10-19,0.00521856592521064
2045-10-20,0.00521736737936697
2045-10-21,0.0052161690334411
2045-10-22,0.00521497110494923
2045-10-23,0.00575139962999438
2045-10-24,0.00521257625846536
2045-10-25,0.00521137903109357
2045-10-26,0.00521018227500687
2045-10-27,0.0052089857093348
2045-10-28,0.00520778951111726
2045-10-29,0.00520659338998072
2045-10-30,0.00520539784044007
2045-10-31,0.00520420245491649
2045-11-01,0.00380835041704737
2045-11-02,0.00380747581211119
2045-11-03,0.00838832333452807
2045-11-04,0.00934196824087917
2045-11-05,0.0040319480244769
2045-11-06,0.0055274693706712
2045-11-07,0.00380310579106338
2045-11-08,0.00380223241782546
2045-11-09,0.0038013593199871
2045-11-10,0.00380048638290585
2045-11-11,0.00379961359421577
2045-11-12,0.00456235038600963
2045-11-13,0.00379786857510588
2045-11-14,0.00379699640677333
2045-11-15,0.0037976936023363
2045-11-16,0.00379525264357827
2045-11-17,0.00379438094360537
2045-11-18,0.00379350956076706
2045-11-19,0.00381064828369377
2045-11-20,0.00379176747083703
2045-11-21,0.00379089661844563
2045-11-22,0.00382485577528536
2045-11-23,0.0127985922062718
2045-11-24,0.0165186727388203
2045-11-25,0.00713752564741034
2045-11-26,0.00386044713066455
2045-11-27,0.00389817806516806
2045-11-28,0.00378480692999198
2045-11-29,0.00378393775447232
2045-11-30,0.00378306877680758
2045-12-01,0.00378408578713639
2045-12-02,0.00378321682833472
2045-12-03,0.00385633904992356
2045-12-04,0.00383986574123162
2045-12-05,0.00378061131981956
2045-12-06,0.00377974316391536
2045-12-07,0.00380153804179013
2045-12-08,0.00377800759494824
2045-12-09,0.00390880657713622
2045-12-10,0.0575311921982111
2045-12-11,0.0131447543280805
2045-12-12,0.00455272312996429
2045-12-13,0.0353221191873952
2045-12-14,0.0231415516544713
2045-12-15,0.00543090005508087
2045-12-16,0.0414138463619635
2045-12-17,0.0101634651980247
2045-12-18,0.0182538093387474
2045-12-19,0.0378063402271881
2045-12-20,0.287997207924188
2045-12-21,0.375424491834863
2045-12-22,0.489974136677408
2045-12-23,0.0756280524258889
2045-12-24,0.0122683163773505
2045-12-25,0.00522507237626487
2045-12-26,0.00546451161978528
2045-12-27,0.0060980972585242
2045-12-28,0.0064201706549717
2045-12-29,0.00607404536521019
2045-12-30,0.00562651781993756
2045-12-31,0.00588206984566412
2046-01-01,0.00391437536217038
2046-01-02,0.00399273977666453
2046-01-03,0.00414546121693825
2046-01-04,0.00426146085543771
2046-01-05,0.00424463736401824
2046-01-06,0.00358060959251642
2046-01-07,0.00358494462353375
2046-01-08,0.0035894734434094
2046-01-09,0.138674013605404
2046-01-10,0.306398011525231
2046-01-11,0.151949592417555
2046-01-12,0.0188444844772979
2046-01-13,0.0301155738970232
2046-01-14,0.104470772708592
2046-01-15,0.192694936966478
2046-01-16,0.0219954643916206
2046-01-17,0.0182070847339611
2046-01-18,0.0750079247546877
2046-01-19,0.172458113692518
2046-01-20,0.468419646309644
2046-01-21,0.180557154035913
2046-01-22,0.608668540835516
2046-01-23,3.40316045677586
2046-01-24,0.11565187828951
2046-01-25,0.082543614634574
2046-01-26,0.423445328132487
2046-01-27,0.41877147775747
2046-01-28,0.185617141956557
2046-01-29,0.169539768230051
2046-01-30,0.22870869485409
2046-01-31,0.221184590049379
2046-02-01,0.229950361834491
2046-02-02,0.355058236776159
2046-02-03,0.276249068824728
2046-02-04,0.292316097890092
2046-02-05,0.376761492092091
2046-02-06,0.295425666946754
2046-02-07,0.292408335547095
2046-02-08,0.340171016299569
2046-02-09,0.411311463917738
2046-02-10,0.303965995141336
2046-02-11,0.310788122361404
2046-02-12,0.439602531893471
2046-02-13,0.738418852683474
2046-02-14,0.872959895089197
2046-02-15,0.673976444586685
2046-02-16,0.714442431948253
2046-02-17,0.738013531173288
2046-02-18,0.64287421051335
2046-02-19,0.66697174295757
2046-02-20,0.730276964057481
2046-02-21,0.665681576973519
2046-02-22,0.828486752221784
2046-02-23,0.826030450575388
2046-02-24,0.659162885820142
2046-02-25,0.659908116145662
2046-02-26,0.64408670473599
2046-02-27,0.658453268907049
2046-02-28,0.561108761537021
2046-03-01,0.454914263122571
2046-03-02,0.430138593234514
2046-03-03,0.410503910996487
2046-03-04,0.395338515970721
2046-03-05,0.37834270865653
2046-03-06,1.0221245772396
2046-03-07,6.65290472867773
2046-03-08,1.91115486103092
2046-03-09,0.605041592123241
2046-03-10,0.61351857662813
2046-03-11,0.655368811514444
2046-03-12,0.675045078855127
2046-03-13,0.651873069761168
2046-03-14,0.59908612911073
2046-03-15,0.540334441090339
2046-03-16,0.66215095835188
2046-03-17,0.830331746646612
2046-03-18,3.75847004179426
2046-03-19,2.85225856599067
2046-03-20,0.682882746749861
2046-03-21,0.622704564433016
2046-03-22,0.629572563766678
2046-03-23,0.601105703288955
2046-03-24,0.594071338352652
2046-03-25,0.626644094392819
2046-03-26,0.579547889463857
2046-03-27,0.52579971752815
2046-03-28,0.494703992438923
2046-03-29,0.463852801040636
2046-03-30,0.432165481336878
2046-03-31,0.385671996337927
2046-04-01,0.490844443764387
2046-04-02,0.460826662616336
2046-04-03,0.469133548050572
2046-04-04,0.391513851044848
2046-04-05,0.364361771282016
2046-04-06,0.33454693916751
2046-04-07,0.372285991455468
2046-04-08,0.307972092146829
2046-04-09,0.28438354888339
2046-04-10,0.318963309301765
2046-04-11,0.254116971860816
2046-04-12,0.245235067493784
2046-04-13,0.309662082980659
2046-04-14,0.236266725226921
2046-04-15,0.229442290764756
2046-04-16,0.218053085310691
2046-04-17,0.210316266354998
2046-04-18,0.201691208331796
2046-04-19,0.184909466300749
2046-04-20,0.175875318462102
2046-04-21,0.166784317418901
2046-04-22,0.157733221246166
2046-04-23,0.15087999272587
2046-04-24,0.14380744823538
2046-04-25,0.139173318316313
2046-04-26,0.135829391400741
2046-04-27,0.14006826941603
2046-04-28,0.150249075334991
2046-04-29,0.155087043952415
2046-04-30,0.168788945403494
2046-05-01,0.195265953041953
2046-05-02,0.196358094380347
2046-05-03,0.18122664291666
2046-05-04,0.150780705292009
2046-05-05,0.152708866174549
2046-05-06,0.14507274340966
2046-05-07,0.134371410675557
2046-05-08,0.125351843125659
2046-05-09,0.114395524242096
2046-05-10,0.107081204314391
2046-05-11,0.103981511467907
2046-05-12,0.103555732822854
2046-05-13,0.105978815130955
2046-05-14,0.129555828361236
2046-05-15,0.140808886217323
2046-05-16,0.164804670331163
2046-05-17,0.137882715963747
2046-05-18,0.110089681112498
2046-05-19,0.10003745826736
2046-05-20,0.0960544644536483
2046-05-21,0.0809035582104401
2046-05-22,0.0627626034725196
2046-05-23,0.0596841875956637
2046-05-24,0.0614663869184153
2046-05-25,0.0543794093387174
2046-05-26,0.0524589181781105
2046-05-27,0.0601409565248729
2046-05-28,0.0669017236641374
2046-05-29,0.0653659727812437
2046-05-30,0.0633416926908692
2046-05-31,0.0605929251396697
2046-06-01,0.0470638792620379
2046-06-02,0.0445815691134027
2046-06-03,0.0471358912318754
2046-06-04,0.0534114228338486
2046-06-05,0.0585837660126902
2046-06-06,0.0620392273573804
2046-06-07,0.0618810885847191
2046-06-08,0.0706629679774394
2046-06-09,0.0702106238195519
2046-06-10,0.0477934222637119
2046-06-11,0.0464319802696781
2046-06-12,0.0204560741354528
2046-06-13,0.0199178161269093
2046-06-14,0.0195084139006262
2046-06-15,0.0188075886818528
2046-06-16,0.0176658520128415
2046-06-17,0.0158406717678593
2046-06-18,0.0140749438691473
2046-06-19,0.0125239256080955
2046-06-20,0.0111819710319334
2046-06-21,0.010031500614432
2046-06-22,0.00900686725526696
2046-06-23,0.00811017372626156
2046-06-24,0.00734312207436979
2046-06-25,0.00667646926732767
2046-06-26,0.00607237438240441
2046-06-27,0.00553029787990212
2046-06-28,0.00505070576625823
2046-06-29,0.00462303668556247
2046-06-30,0.00423767246076652
2046-07-01,0.00721450384019313
2046-07-02,0.00673962531435165
2046-07-03,0.00640085017933405
2046-07-04,0.00617784436626675
2046-07-05,0.00603984355511446
2046-07-06,0.005946847827855
2046-07-07,0.005866189637724
2046-07-08,0.00579012817577444
2046-07-09,0.0057182104477286
2046-07-10,0.00565191627181184
2046-07-11,0.00559187289789083
2046-07-12,0.00553521364435354
2046-07-13,0.00548024321259627
2046-07-14,0.00543082025797837
2046-07-15,0.00538616437075951
2046-07-16,0.00534416299953449
2046-07-17,0.00530609727221638
2046-07-18,0.00527118569642668
2046-07-19,0.00523868333979522
2046-07-20,0.00520890996755687
2046-07-21,0.00518190927189359
2046-07-22,0.00515755752502624
2046-07-23,0.0051363859467531
2046-07-24,0.00511800081920057
2046-07-25,0.00510135967980486
2046-07-26,0.00508590960881968
2046-07-27,0.00507171879409793
2046-07-28,0.0050589594196673
2046-07-29,0.00504771452524924
2046-07-30,0.00503733669127122
2046-07-31,0.00502782801157641
2046-08-01,0.0144709936073377
2046-08-02,0.0144484780915208
2046-08-03,0.0144258489400955
2046-08-04,0.0144036480297483
2046-08-05,0.0143827825786881
2046-08-06,0.0143647499560664
2046-08-07,0.0143491963669978
2046-08-08,0.0143346706269885
2046-08-09,0.0143212646443585
2046-08-10,0.0143088316673328
2046-08-11,0.0142970702751275
2046-08-12,0.0142861692911048
2046-08-13,0.0142761143525825
2046-08-14,0.0142668104121199
2046-08-15,0.0142582212512717
2046-08-16,0.0142503130397051
2046-08-17,0.0142430403135412
2046-08-18,0.0142366001544014
2046-08-19,0.0142309425838541
2046-08-20,0.0142257592312169
2046-08-21,0.0142208183834594
2046-08-22,0.0142160058674592
2046-08-23,0.0142114462807141
2046-08-24,0.0142071186167145
2046-08-25,0.0142029996839418
2046-08-26,0.0141990556633991
2046-08-27,0.0141952068423879
2046-08-28,0.014191375055571
2046-08-29,0.014187574165903
2046-08-30,0.0141838899196558
2046-08-31,0.0141804026889036
2046-09-01,0.0109083651135275
2046-09-02,0.0109058597049629
2046-09-03,0.0109033548684366
2046-09-04,0.0109008510204389
2046-09-05,0.0108983476659788
2046-09-06,0.0108958449540623
2046-09-07,0.0108933422908454
2046-09-08,0.0108908408538402
2046-09-09,0.0108883395156879
2046-09-10,0.0108858390882904
2046-09-11,0.0108833389465485
2046-09-12,0.0108808392765384
2046-09-13,0.0108783404722177
2046-09-14,0.0108758423446031
2046-09-15,0.0108733444975563
2046-09-16,0.0108708473613778
2046-09-17,0.0108683509258917
2046-09-18,0.0108658547179127
2046-09-19,0.0108633594046975
2046-09-20,0.0108608644556387
2046-09-21,0.0108583703046717
2046-09-22,0.0108558766407002
2046-09-23,0.0108533837646445
2046-09-24,0.0108508910317799
2046-09-25,0.0108483988869446
2046-09-26,0.0108459076601326
2046-09-27,0.0108434168105606
2046-09-28,0.0108409266115277
2046-09-29,0.0108384366799791
2046-09-30,0.0108359477115191
2046-10-01,0.00524589840052497
2046-10-02,0.00524469364033548
2046-10-03,0.00524348927822174
2046-10-04,0.00524228499318896
2046-10-05,0.00524108107103512
2046-10-06,0.00523987733612824
2046-10-07,0.0052386739465019
2046-10-08,0.00523747074095478
2046-10-09,0.00523626814818383
2046-10-10,0.00523506547058861
2046-10-11,0.00523386332059333
2046-10-12,0.00523266139304176
2046-10-13,0.00523145958445539
2046-10-14,0.00523025814825106
2046-10-15,0.00522905717066096
2046-10-16,0.00522785627015183
2046-10-17,0.00522665558715889
2046-10-18,0.00522545531667237
2046-10-19,0.00522425524328787
2046-10-20,0.0052230553268811
2046-10-21,0.00522185587084838
2046-10-22,0.00522065677769458
2046-10-23,0.00521945769721165
2046-10-24,0.00521825892786835
2046-10-25,0.00521706071146669
2046-10-26,0.00521586253026181
2046-10-27,0.00521466467673909
2046-10-28,0.00521346709247183
2046-10-29,0.0052122698612284
2046-10-30,0.00521107280772878
2046-10-31,0.00521007167365948
2046-11-01,0.0038125025114918
2046-11-02,0.00381162686704456
2046-11-03,0.00381075154900637
2046-11-04,0.0038098763471564
2046-11-05,0.00380900145574282
2046-11-06,0.00380812659318309
2046-11-07,0.00380725222732156
2046-11-08,0.00380637783878918
2046-11-09,0.00380550356077731
2046-11-10,0.00380462966327543
2046-11-11,0.00380375601489552
2046-11-12,0.0546483979075697
2046-11-13,0.0230368732911829
2046-11-14,0.00391685688260476
2046-11-15,0.00483156802241601
2046-11-16,0.00897622318568134
2046-11-17,0.0086591484692998
2046-11-18,0.00600711462142541
2046-11-19,0.00473130714926873
2046-11-20,0.00506076385550124
2046-11-21,0.00464390435482681
2046-11-22,0.00390060446407296
2046-11-23,0.0156804917566633
2046-11-24,0.00646574229756982
2046-11-25,0.0565199890739544
2046-11-26,0.0981972529859062
2046-11-27,0.0401092792381658
2046-11-28,0.00652987885144541
2046-11-29,0.00500762923813232
2046-11-30,0.00677019542465732
2046-12-01,0.0576551473578044
2046-12-02,0.254173927589085
2046-12-03,0.0233413182184578
2046-12-04,0.0143958524166369
2046-12-05,0.00626567422739008
2046-12-06,0.00656963535317457
2046-12-07,0.0121635328171787
2046-12-08,0.0133460691067761
2046-12-09,0.0129926489910538
2046-12-10,0.00635983732312421
2046-12-11,0.00424948067165664
2046-12-12,0.00427369555341676
2046-12-13,0.00429452833148494
2046-12-14,0.00431265809216765
2046-12-15,0.00480442109081776
2046-12-16,0.00937386002384424
2046-12-17,0.016653588499016
2046-12-18,0.122540434220117
2046-12-19,0.282746332615368
2046-12-20,0.11938139323496
2046-12-21,0.0103089337847428
2046-12-22,0.0962538743200366
2046-12-23,0.109803381482456
2046-12-24,0.0345041092208808
2046-12-25,0.0190473211076585
2046-12-26,0.0166666277360578
2046-12-27,0.0155896935677008
2046-12-28,0.0160151621277077
2046-12-29,0.00889787584328907
2046-12-30,0.00652751575090979
2046-12-31,0.0058476530046869
2047-01-01,0.0042264260844507
2047-01-02,0.00436356709094367
2047-01-03,0.00451262723108897
2047-01-04,0.00422853621526178
2047-01-05,0.0342632699033548
2047-01-06,0.355402516284202
2047-01-07,0.376646838796587
2047-01-08,0.0226629476262397
2047-01-09,0.0133371256583294
2047-01-10,0.00901273769198243
2047-01-11,0.056784859723042
2047-01-12,0.0735362898776585
2047-01-13,0.0171385900711278
2047-01-14,0.181351229717396
2047-01-15,0.0766327223028849
2047-01-16,0.015119495632451
2047-01-17,0.0259628616765021
2047-01-18,0.0115400912133119
2047-01-19,0.0173640226703956
2047-01-20,0.0122470502595925
2047-01-21,0.0187557934810736
2047-01-22,0.0230500616891927
2047-01-23,0.0278246479272941
2047-01-24,0.0107264271933615
2047-01-25,0.00607262533434781
2047-01-26,0.0129912525724665
2047-01-27,0.0104558756930163
2047-01-28,0.0228936008259471
2047-01-29,0.0338327920726063
2047-01-30,0.055163269756638
2047-01-31,0.0517898049290216
2047-02-01,0.0428443876229882
2047-02-02,0.0540238724019052
2047-02-03,0.0398490284974128
2047-02-04,0.0094218750736473
2047-02-05,0.0253354488935098
2047-02-06,0.00770750093372694
2047-02-07,0.00855275936683512
2047-02-08,0.00738047720321219
2047-02-09,0.056812484699978
2047-02-10,0.0746335988813142
2047-02-11,0.0622499509975484
2047-02-12,0.0228038847560727
2047-02-13,0.0190988648353385
2047-02-14,0.0207619194791441
2047-02-15,0.0204896824450964
2047-02-16,0.0178289375298461
2047-02-17,0.0185407057302146
2047-02-18,0.0209647685476524
2047-02-19,0.0154747395078138
2047-02-20,0.0107177139649387
2047-02-21,0.0117174428843814
2047-02-22,0.0170168748704359
2047-02-23,0.0364189698630247
2047-02-24,0.0541985818040524
2047-02-25,0.0628103446369487
2047-02-26,0.0686887172982359
2047-02-27,0.0442282102252112
2047-02-28,0.0595375113091103
2047-03-01,0.0657286000746408
2047-03-02,0.0343179623413157
2047-03-03,0.0225914601819014
2047-03-04,0.0249125775628565
2047-03-05,0.0266572552372495
2047-03-06,0.0358059686822684
2047-03-07,0.0302117652012501
2047-03-08,0.0466569420814038
2047-03-09,0.0331836732787297
2047-03-10,0.0326434088123531
2047-03-11,0.0326672138450003
2047-03-12,0.0315118579772394
2047-03-13,0.0323165045761866
2047-03-14,0.0315320458571804
2047-03-15,0.0528504750867771
2047-03-16,0.0385479855733335
2047-03-17,0.0466269759369641
2047-03-18,0.0407984098498127
2047-03-19,0.202797803670763
2047-03-20,0.0783404147318261
2047-03-21,0.0790439974407763
2047-03-22,0.0707605167358198
2047-03-23,0.0679810485806405
2047-03-24,0.0676053969063284
2047-03-25,0.0643698012441058
2047-03-26,0.0625102125162669
2047-03-27,0.0600609564520197
2047-03-28,0.0569884366530182
2047-03-29,0.0539767830332109
2047-03-30,0.0518894559375087
2047-03-31,0.0505526369408949
2047-04-01,0.0711442242401173
2047-04-02,0.0697954521967438
2047-04-03,0.0614987655539561
2047-04-04,0.0573617779375791
2047-04-05,0.0602605147425532
2047-04-06,0.070202333306299
2047-04-07,0.0801835967086039
2047-04-08,0.132538816422482
2047-04-09,0.125299284373478
2047-04-10,0.0560742876204586
2047-04-11,0.0684266694080922
2047-04-12,0.0606821510695203
2047-04-13,0.0717329201650175
2047-04-14,0.0616915590111496
2047-04-15,0.0587120648808847
2047-04-16,0.0567619790420779
2047-04-17,0.0589154222534519
2047-04-18,0.126457497656548
2047-04-19,0.0841892110688104
2047-04-20,0.269255867387987
2047-04-21,0.163157426272183
2047-04-22,0.32189234973955
2047-04-23,0.127384971008822
2047-04-24,0.149201286767958
2047-04-25,0.19174483457696
2047-04-26,0.144429433242787
2047-04-27,0.14160881616888
2047-04-28,0.132856696966963
2047-04-29,0.122452196454109
2047-04-30,0.112314484242236
2047-05-01,0.112487517178063
2047-05-02,0.102549230492065
2047-05-03,0.0882022513108288
2047-05-04,0.0722188828628324
2047-05-05,0.0637166253690603
2047-05-06,0.0562446012314855
2047-05-07,0.049736369727215
2047-05-08,0.0435048230999117
2047-05-09,0.0373625155209743
2047-05-10,0.0313738630182975
2047-05-11,0.0259069405508385
2047-05-12,0.0212561988906151
2047-05-13,0.0176118169175084
2047-05-14,0.0148855270782339
2047-05-15,0.012927568447693
2047-05-16,0.0116058995832272
2047-05-17,0.0106371067112553
2047-05-18,0.00995047014159199
2047-05-19,0.0094521226431316
2047-05-20,0.0101582497845168
2047-05-21,0.00873848048204445
2047-05-22,0.00906103103108884
2047-05-23,0.00850786983956729
2047-05-24,0.0142839110161489
2047-05-25,0.00799061341371329
2047-05-26,0.00783426846990024
2047-05-27,0.00761093787202845
2047-05-28,0.0082902722869332
2047-05-29,0.00711604615202295
2047-05-30,0.00695082283968028
2047-05-31,0.00675829196975399
2047-06-01,0.00531578376043758
2047-06-02,0.00516666516275152
2047-06-03,0.00503446442912693
2047-06-04,0.00491882548149624
2047-06-05,0.00481897876625665
2047-06-06,0.00473465669481513
2047-06-07,0.0046563131376578
2047-06-08,0.00458175427999576
2047-06-09,0.00555591827613026
2047-06-10,0.00445202238659982
2047-06-11,0.00437186850774338
2047-06-12,0.00428392734436038
2047-06-13,0.00420352185266392
2047-06-14,0.00604889735951048
2047-06-15,0.00408814981131393
2047-06-16,0.00402458940131921
2047-06-17,0.00395584272735085
2047-06-18,0.003882985765534
2047-06-19,0.00380710104969372
2047-06-20,0.00574195041875187
2047-06-21,0.00381802594016604
2047-06-22,0.00551820675017536
2047-06-23,0.00363844821965342
2047-06-24,0.00358794193352528
2047-06-25,0.00353257434805038
2047-06-26,0.00371122822128735
2047-06-27,0.0034355525389611
2047-06-28,0.00338968025073409
2047-06-29,0.0143518952264755
2047-06-30,0.00412472355007988
2047-07-01,0.00864057861800764
2047-07-02,0.00631238256642567
2047-07-03,0.00595369043904686
2047-07-04,0.00587648970885849
2047-07-05,0.00580044546688455
2047-07-06,0.00572792377683294
2047-07-07,0.00565669120734252
2047-07-08,0.00559210674838396
2047-07-09,0.00553051366971761
2047-07-10,0.00546882194384282
2047-07-11,0.00541258274472811
2047-07-12,0.0053596903916573
2047-07-13,0.00531064809116692
2047-07-14,0.00526672901456613
2047-07-15,0.00522465604242562
2047-07-16,0.00518636337331367
2047-07-17,0.00515397942334738
2047-07-18,0.00512695058826741
2047-07-19,0.00510263690609193
2047-07-20,0.00508084957475648
2047-07-21,0.00506181687559026
2047-07-22,0.00504498091932821
2047-07-23,0.00503055443748324
2047-07-24,0.00501771744307541
2047-07-25,0.00500589921410437
2047-07-26,0.00499541181544289
2047-07-27,0.00498624302514186
2047-07-28,0.00497825272282581
2047-07-29,0.00497117299454894
2047-07-30,0.00496489411277334
2047-07-31,0.00495921147789608
2047-08-01,0.0142832292772286
2047-08-02,0.0142717824281451
2047-08-03,0.0142625885231736
2047-08-04,0.0142557223022971
2047-08-05,0.0142495779951432
2047-08-06,0.0142439278657199
2047-08-07,0.0142386036116166
2047-08-08,0.0142335262683093
2047-08-09,0.0142289164225671
2047-08-10,0.0142247651236919
2047-08-11,0.0142208448491861
2047-08-12,0.014217097199877
2047-08-13,0.0142134540333197
2047-08-14,0.0142098645851217
2047-08-15,0.0142062692403263
2047-08-16,0.0142027439074674
2047-08-17,0.0141993904185673
2047-08-18,0.0141961295408175
2047-08-19,0.0141928686970758
2047-08-20,0.0141896092911136
2047-08-21,0.0141863503452032
2047-08-22,0.0141830918942971
2047-08-23,0.014179834888728
2047-08-24,0.0141765782440208
2047-08-25,0.0141733227829786
2047-08-26,0.0141700671226121
2047-08-27,0.0141668131957053
2047-08-28,0.0141635597864748
2047-08-29,0.014160306375355
2047-08-30,0.0141570549064658
2047-08-31,0.0141538031702365
2047-09-01,0.0108879488876662
2047-09-02,0.0108854485336814
2047-09-03,0.0108829487255681
2047-09-04,0.0425188278548919
2047-09-05,0.0108779507927475
2047-09-06,0.0131957920985966
2047-09-07,0.0108729548340769
2047-09-08,0.0108704575961381
2047-09-09,0.0108679611497492
2047-09-10,0.0108654650580677
2047-09-11,0.0108629699970726
2047-09-12,0.0108604749687862
2047-09-13,0.0108579805059964
2047-09-14,0.0108554868216731
2047-09-15,0.0108529941818465
2047-09-16,0.0108505010630197
2047-09-17,0.010848009529473
2047-09-18,0.0108455181747337
2047-09-19,0.0108430273883986
2047-09-20,0.0108405371661062
2047-09-21,0.0108380475420191
2047-09-22,0.0108355580771141
2047-09-23,0.0108330697017713
2047-09-24,0.0108305820496536
2047-09-25,0.0108280948365588
2047-09-26,0.0108256079156616
2047-09-27,0.0217182533301112
2047-09-28,0.0108206359586135
2047-09-29,0.0108181511107191
2047-09-30,0.0108156663667655
2047-10-01,0.0052360798256294
2047-10-02,0.00523487737082988
2047-10-03,0.0807444481345774
2047-10-04,0.183008251697233
2047-10-05,0.035144619937813
2047-10-06,0.00523057632902245
2047-10-07,0.00522998471421891
2047-10-08,0.00522942806215001
2047-10-09,0.0245264070676374
2047-10-10,0.00522827662827011
2047-10-11,0.0052277546024545
2047-10-12,0.00522723444030911
2047-10-13,0.00522669540247543
2047-10-14,0.00522614492779572
2047-10-15,0.00522558645675653
2047-10-16,0.005225012019396
2047-10-17,0.00522440930352387
2047-10-18,0.00522376105426414
2047-10-19,0.00575403963446254
2047-10-20,0.00522230775579032
2047-10-21,0.00522150966990984
2047-10-22,0.0301268327206323
2047-10-23,0.012648519128444
2047-10-24,0.0104667063663972
2047-10-25,0.00524797748988862
2047-10-26,0.00528833820537038
2047-10-27,0.00521640416104327
2047-10-28,0.00521553322589587
2047-10-29,0.00521463831398893
2047-10-30,0.0330727881135171
2047-10-31,0.00533602245525625
2047-11-01,0.00381484101464807
2047-11-02,0.0092946581374572
2047-11-03,0.00381350576822382
2047-11-04,0.00381283622442804
2047-11-05,0.00381215941461738
2047-11-06,0.00381147524244061
2047-11-07,0.00417305466172681
2047-11-08,0.00972975231461166
2047-11-09,0.0105592919185711
2047-11-10,0.00520870959629054
2047-11-11,0.00380808898606864
2047-11-12,0.00380743966391898
2047-11-13,0.00380677232898761
2047-11-14,0.00851483288947281
2047-11-15,0.00485341864367501
2047-11-16,0.00380475964956129
2047-11-17,0.00380409968317899
2047-11-18,0.00380343911524568
2047-11-19,0.00380277684055627
2047-11-20,0.0208527395159035
2047-11-21,0.0559681758507155
2047-11-22,0.0471880004726654
2047-11-23,0.00818175606908161
2047-11-24,0.422329860479877
2047-11-25,0.499935672127786
2047-11-26,0.0118129287469063
2047-11-27,0.00655985745454921
2047-11-28,0.0150157497554194
2047-11-29,0.0775662963116378
2047-11-30,0.0158865674078292
2047-12-01,0.0164629120418168
2047-12-02,0.0133995879010378
2047-12-03,0.00995987314355167
2047-12-04,0.00987263614717053
2047-12-05,0.00943212937716898
2047-12-06,0.0145226959580282
2047-12-07,0.00967242288711159
2047-12-08,0.00966811460470499
2047-12-09,0.00735431849336114
2047-12-10,0.00730519432120904
2047-12-11,0.00682097086600107
2047-12-12,0.00632344205512154
2047-12-13,0.0063584347022099
2047-12-14,0.00609503347288156
2047-12-15,0.00545549888138475
2047-12-16,0.00712396486091769
2047-12-17,0.0062940197896033
2047-12-18,0.00554169563296571
2047-12-19,0.00512893110764877
2047-12-20,0.00509366228238557
2047-12-21,0.0162507681071993
2047-12-22,0.0122979499840435
2047-12-23,0.0289633953518795
2047-12-24,0.00909922124343776
2047-12-25,0.00761252188091039
2047-12-26,0.00695661384312544
2047-12-27,0.00558482206918541
2047-12-28,0.0354722081944495
2047-12-29,0.0305200850692863
2047-12-30,0.0202968967927913
2047-12-31,0.00688315405869197
2048-01-01,0.00375967790962962
2048-01-02,0.00347381241241277
2048-01-03,0.00382203711852607
2048-01-04,0.00343131808980649
2048-01-05,0.00416760127728621
2048-01-06,0.00798348466173629
2048-01-07,0.00614914404517948
2048-01-08,0.00342748048420865
2048-01-09,0.00342459025718763
2048-01-10,0.0034236564743347
2048-01-11,0.0034227581093453
2048-01-12,0.00342178637734392
2048-01-13,0.0034180655564535
2048-01-14,0.00412267639477391
2048-01-15,0.00476641654534115
2048-01-16,0.00351779901301249
2048-01-17,0.00340986096874212
2048-01-18,0.00340945401654643
2048-01-19,0.0034071992003346
2048-01-20,0.0034051150562254
2048-01-21,0.00949514870943608
2048-01-22,0.004142625934588
2048-01-23,0.00341996603927299
2048-01-24,0.00592304281090358
2048-01-25,0.00348267703674429
2048-01-26,0.00338871454303662
2048-01-27,0.0605570041831459
2048-01-28,0.383056122790057
2048-01-29,0.380258332467685
2048-01-30,0.200553881719965
2048-01-31,0.458678514326934
2048-02-01,0.532081156103818
2048-02-02,0.177391844390698
2048-02-03,0.221261786081956
2048-02-04,0.0257490590994981
2048-02-05,0.0226533035467269
2048-02-06,0.0140537240776761
2048-02-07,0.00952481020370506
2048-02-08,0.106565385921464
2048-02-09,0.324689332536027
2048-02-10,0.0653799716209387
2048-02-11,0.0712598024202514
2048-02-12,0.0260526529834606
2048-02-13,0.0230382352194864
2048-02-14,0.0265592940930717
2048-02-15,0.0562224062277442
2048-02-16,0.0973491637046213
2048-02-17,0.0474038671770601
2048-02-18,0.0413053568936944
2048-02-19,0.0395393225579007
2048-02-20,0.0409175433248188
2048-02-21,0.0425013318074949
2048-02-22,0.0484552205666712
2048-02-23,0.0523689020058686
2048-02-24,0.0484119474932195
2048-02-25,0.0503790092853234
2048-02-26,0.0499171635940372
2048-02-27,0.0552162923565358
2048-02-28,0.0623883875879302
2048-02-29,0.0716308327751428
2048-03-01,0.0514084373856301
2048-03-02,0.0486340964156071
2048-03-03,0.0466320685019746
2048-03-04,0.0463485802358516
2048-03-05,0.0447045778883655
2048-03-06,0.0437943290222093
2048-03-07,0.0413696212735965
2048-03-08,0.0396403704290185
2048-03-09,0.0377696835160943
2048-03-10,0.0404456793265534
2048-03-11,0.0658693699110072
2048-03-12,0.0695372902886581
2048-03-13,0.0396671615483495
2048-03-14,0.0394676519715798
2048-03-15,0.0410069647264548
2048-03-16,0.107463680762075
2048-03-17,0.103189286587288
2048-03-18,0.179018680982947
2048-03-19,0.0702587571065582
2048-03-20,0.176799091164278
2048-03-21,0.110338784939285
2048-03-22,0.106964198510885
2048-03-23,0.108238713284085
2048-03-24,0.104186171654199
2048-03-25,0.0992769089020284
2048-03-26,0.0960008964994117
2048-03-27,0.0914152850885745
2048-03-28,0.156547029099541
2048-03-29,0.248281933415011
2048-03-30,0.288863389206494
2048-03-31,0.161172368403075
2048-04-01,0.227813531900964
2048-04-02,0.306811776986877
2048-04-03,0.299367979059732
2048-04-04,0.251823820563588
2048-04-05,0.265542027205961
2048-04-06,0.48693111834048
2048-04-07,0.955972001284272
2048-04-08,2.21469443282828
2048-04-09,1.90938075869148
2048-04-10,1.26454579555963
2048-04-11,0.760659943641235
2048-04-12,0.829877700084058
2048-04-13,1.32466766483816
2048-04-14,1.53353145465226
2048-04-15,0.819862245382904
2048-04-16,0.79315989166277
2048-04-17,0.822254357335776
2048-04-18,1.192682942389
2048-04-19,1.04198633901046
2048-04-20,0.811296846758985
2048-04-21,0.803060409001786
2048-04-22,0.767143478584098
2048-04-23,0.725584937949507
2048-04-24,0.681432360449786
2048-04-25,0.631184741892929
2048-04-26,0.577636879765975
2048-04-27,0.518072597078327
2048-04-28,0.464168051888934
2048-04-29,0.415756868693949
2048-04-30,0.37114715018289
2048-05-01,0.711925519862609
2048-05-02,0.762605595066926
2048-05-03,0.502128161973274
2048-05-04,0.550745750692294
2048-05-05,0.532377934103276
2048-05-06,0.491639036725772
2048-05-07,0.438544281414866
2048-05-08,0.40395909371954
2048-05-09,0.373604573335776
2048-05-10,0.337696957830769
2048-05-11,0.303192939766051
2048-05-12,0.279744398023608
2048-05-13,0.23319813271291
2048-05-14,0.209505978888517
2048-05-15,0.191399387640807
2048-05-16,0.175684769121766
2048-05-17,0.160764043557899
2048-05-18,0.145955972465052
2048-05-19,0.131305893917818
2048-05-20,0.118725468938097
2048-05-21,0.115086953502529
2048-05-22,0.116171979371422
2048-05-23,0.0960548436526599
2048-05-24,0.0812090294075472
2048-05-25,0.0814299194247242
2048-05-26,0.0799436214375407
2048-05-27,0.0777709495212828
2048-05-28,0.0459820015545855
2048-05-29,0.0292997997929109
2048-05-30,0.0277148856112428
2048-05-31,0.0265838207303609
2048-06-01,0.0207890469981435
2048-06-02,0.0197077327066467
2048-06-03,0.0181089206123345
2048-06-04,0.0164432848087256
2048-06-05,0.0149435390004924
2048-06-06,0.0137111981653674
2048-06-07,0.0126708560749042
2048-06-08,0.0116508886547866
2048-06-09,0.0106228255178352
2048-06-10,0.00969729217133881
2048-06-11,0.00890239475345106
2048-06-12,0.0082087272110682
2048-06-13,0.0076034858096454
2048-06-14,0.0070943210558147
2048-06-15,0.00669924701907196
2048-06-16,0.00637968077671165
2048-06-17,0.00608263194644562
2048-06-18,0.0057958657407298
2048-06-19,0.00552040686795803
2048-06-20,0.00528368834770056
2048-06-21,0.00510672753990163
2048-06-22,0.00497694900063643
2048-06-23,0.00594950210816839
2048-06-24,0.00480571287730254
2048-06-25,0.00472121369795134
2048-06-26,0.00462312455238239
2048-06-27,0.00451235607744792
2048-06-28,0.00439909955465784
2048-06-29,0.00428978411019654
2048-06-30,0.00418463367467258
2048-07-01,0.00748713833337247
2048-07-02,0.0073054430484692
2048-07-03,0.00712810390687804
2048-07-04,0.00694856690107895
2048-07-05,0.00677419677727324
2048-07-06,0.00660716440776994
2048-07-07,0.00645335192809886
2048-07-08,0.00631132074482402
2048-07-09,0.006182075348877
2048-07-10,0.00606139299801799
2048-07-11,0.00594287948264033
2048-07-12,0.00583186212620452
2048-07-13,0.00572762102546617
2048-07-14,0.00563264294911063
2048-07-15,0.00554683087060995
2048-07-16,0.00547256415858693
2048-07-17,0.00541095361025663
2048-07-18,0.0053561015406007
2048-07-19,0.00530480938830055
2048-07-20,0.0052571679055636
2048-07-21,0.00521444542787167
2048-07-22,0.00517669712487831
2048-07-23,0.00514408835677976
2048-07-24,0.00511709633270718
2048-07-25,0.00509525612609842
2048-07-26,0.00507589837105713
2048-07-27,0.00505788789593714
2048-07-28,0.00504172441491501
2048-07-29,0.0050272392412381
2048-07-30,0.00501526097318485
2048-07-31,0.00500554583629764
2048-08-01,0.0144051354780312
2048-08-02,0.014381545138757
2048-08-03,0.014361915123994
2048-08-04,0.0143475064959591
2048-08-05,0.0143357972095703
2048-08-06,0.0143247452492324
2048-08-07,0.0143145902244278
2048-08-08,0.0143053450222728
2048-08-09,0.0142969666038426
2048-08-10,0.0142892710495294
2048-08-11,0.0142821698706996
2048-08-12,0.0142757048196444
2048-08-13,0.0142697483193938
2048-08-14,0.0142643164273584
2048-08-15,0.0142594804931199
2048-08-16,0.0142550041615656
2048-08-17,0.0142507489127295
2048-08-18,0.0142466713704415
2048-08-19,0.0142427552978044
2048-08-20,0.0142389757670056
2048-08-21,0.014235270536921
2048-08-22,0.014231586062065
2048-08-23,0.014227888257045
2048-08-24,0.0142242904249476
2048-08-25,0.0142209175855355
2048-08-26,0.014217652190399
2048-08-27,0.0142143868084879
2048-08-28,0.0142111221908105
2048-08-29,0.0142078584790666
2048-08-30,0.0142045953464021
2048-08-31,0.0142013332575922
2048-09-01,0.0109245121324869
2048-09-02,0.0109220034479672
2048-09-03,0.0109194950338391
2048-09-04,0.0109169875115675
2048-09-05,0.010914480200812
2048-09-06,0.0109119734359278
2048-09-07,0.0109094675556314
2048-09-08,0.010906962450894
2048-09-09,0.010904457498797
2048-09-10,0.0109019531550813
2048-09-11,0.0108994496109109
2048-09-12,0.0108969463632991
2048-09-13,0.0108944438585376
2048-09-14,0.0108919418960131
2048-09-15,0.0108894402453112
2048-09-16,0.0108869394086918
2048-09-17,0.0108844394741049
2048-09-18,0.0108819400192451
2048-09-19,0.0108794406632382
2048-09-20,0.0108769420399055
2048-09-21,0.0108744440852835
2048-09-22,0.0108719470515923
2048-09-23,0.0108694501065778
2048-09-24,0.0108669540010858
2048-09-25,0.0108644583309827
2048-09-26,0.0108619629567113
2048-09-27,0.0108594685716955
2048-09-28,0.0108569743196949
2048-09-29,0.0108544810809363
2048-09-30,0.0108519887681964
2048-10-01,0.00525366401721212
2048-10-02,0.00525245764571344
2048-10-03,0.00525125118727868
2048-10-04,0.00525004518745816
2048-10-05,0.00729902419915733
2048-10-06,0.00524763429088458
2048-10-07,0.00920795040672978
2048-10-08,0.00524522416758453
2048-10-09,0.00524401966785134
2048-10-10,0.00524281520225901
2048-10-11,0.00524161131987756
2048-10-12,0.00524040741708196
2048-10-13,0.00523920398029192
2048-10-14,0.00523800086379269
2048-10-15,0.00523679789828769
2048-10-16,0.00523559536464736
2048-10-17,0.00523439276589297
2048-10-18,0.00523319088304133
2048-10-19,0.00523198916209496
2048-10-20,0.00523078747141781
2048-10-21,0.00522958630834063
2048-10-22,0.00522838521460109
2048-10-23,0.00522718440560363
2048-10-24,0.00522598392921588
2048-10-25,0.00522478398535559
2048-10-26,0.00522358407176454
2048-10-27,0.005222384361259
2048-10-28,0.00522118505727643
2048-10-29,0.00522666478795263
2048-10-30,0.00526601354987081
2048-10-31,0.00521758875945362
2048-11-01,0.00381814648465119
2048-11-02,0.00381726960644472
2048-11-03,0.103376504928453
2048-11-04,0.00381551829565223
2048-11-05,0.00381464848637863
2048-11-06,0.00381378175467606
2048-11-07,0.0038143679721923
2048-11-08,0.00381205176970425
2048-11-09,0.00381118692329091
2048-11-10,0.00381032162371773
2048-11-11,0.00380945581714138
2048-11-12,0.00380858934795722
2048-11-13,0.00380772225480882
2048-11-14,0.00380685459102422
2048-11-15,0.00380598640890103
2048-11-16,0.00380511795704596
2048-11-17,0.00380424926637384
2048-11-18,0.00380338045899827
2048-11-19,0.00380251190177515
2048-11-20,0.0353582425388281
2048-11-21,0.228330440384225
2048-11-22,0.151105762043503
2048-11-23,0.00530150208402789
2048-11-24,0.00581252288412231
2048-11-25,0.651648821722209
2048-11-26,1.69769201379199
2048-11-27,0.00842571162660512
2048-11-28,0.01338539953516
2048-11-29,0.0298023362797577
2048-11-30,0.0883827525317774
2048-12-01,0.0191799675100364
2048-12-02,0.0252368165026019
2048-12-03,0.71952893463758
2048-12-04,0.663707817708807
2048-12-05,0.0115454039318023
2048-12-06,0.0226587010616783
2048-12-07,0.0121494363329838
2048-12-08,0.0213958671616528
2048-12-09,0.0249398121465963
2048-12-10,0.0949290345050213
2048-12-11,0.028958203189408
2048-12-12,0.0111167908638969
2048-12-13,0.0421984105521797
2048-12-14,0.0367150588231807
2048-12-15,0.0306846732531865
2048-12-16,0.019589969447872
2048-12-17,0.0103469720047175
2048-12-18,0.0198712907700343
2048-12-19,0.39030264924053
2048-12-20,0.673227228688403
2048-12-21,0.123439987944984
2048-12-22,0.0369186590465878
2048-12-23,0.019886915202414
2048-12-24,0.012723975332188
2048-12-25,0.024653902930596
2048-12-26,0.0173651569836659
2048-12-27,0.0242759110527875
2048-12-28,0.0355379055490386
2048-12-29,0.0443266688223644
2048-12-30,0.039349994825399
2048-12-31,0.0474328069096019
2049-01-01,0.0198845947940638
2049-01-02,0.0166266234721849
2049-01-03,0.0139226839272827
2049-01-04,0.0201892779261846
2049-01-05,0.0209834559007248
2049-01-06,0.0225969995081468
2049-01-07,0.0168005174803171
2049-01-08,0.014062795250027
2049-01-09,0.0157018352645407
2049-01-10,0.0157457109535692
2049-01-11,0.0152754335291091
2049-01-12,0.0149539689654963
2049-01-13,0.0152166449902783
2049-01-14,0.0155409075366565
2049-01-15,0.0153684363105152
2049-01-16,0.0153041580361491
2049-01-17,0.0152885287310465
2049-01-18,0.015362496391422
2049-01-19,0.0150054606888246
2049-01-20,0.014190855784197
2049-01-21,0.0133817629709133
2049-01-22,0.0130366747832414
2049-01-23,0.012637907710214
2049-01-24,0.0122931636634789
2049-01-25,0.0120180051374842
2049-01-26,0.0116276342064173
2049-01-27,0.0113199525207725
2049-01-28,0.0111190713317524
2049-01-29,0.0137914243951339
2049-01-30,0.0223049453135459
2049-01-31,0.0125087150070752
2049-02-01,0.0312530472628399
2049-02-02,0.014370670836074
2049-02-03,0.0131019287903346
2049-02-04,0.0102508066642766
2049-02-05,0.015715733723516
2049-02-06,0.0159333341333803
2049-02-07,0.0293900690489221
2049-02-08,0.0108638929117429
2049-02-09,0.013025111673886
2049-02-10,0.0982254234983734
2049-02-11,0.0209510165411265
2049-02-12,0.109660341504083
2049-02-13,0.256966356503289
2049-02-14,0.255195899941703
2049-02-15,0.456762264716794
2049-02-16,0.386692951173054
2049-02-17,0.179860870617753
2049-02-18,0.195292436372593
2049-02-19,0.191084495286826
2049-02-20,0.182686888762169
2049-02-21,0.174453809481504
2049-02-22,0.166168464324776
2049-02-23,0.158020636419484
2049-02-24,0.153308060079181
2049-02-25,0.144340183832891
2049-02-26,0.138096627104307
2049-02-27,0.126703768884394
2049-02-28,0.117781757487596
2049-03-01,0.0938913826527567
2049-03-02,0.0865744634093005
2049-03-03,0.0848524880480328
2049-03-04,0.0907549541346868
2049-03-05,0.0847289996207891
2049-03-06,0.07333360925615
2049-03-07,0.0685225611561612
2049-03-08,0.0816623884223815
2049-03-09,0.0668045976673785
2049-03-10,0.0633624364123469
2049-03-11,0.0600521120383588
2049-03-12,0.0562584312294067
2049-03-13,0.0534650984619646
2049-03-14,0.0513458893313711
2049-03-15,0.0477302264681934
2049-03-16,0.042370568575862
2049-03-17,0.0393715323837353
2049-03-18,0.0356603317835593
2049-03-19,0.0319112634968909
2049-03-20,0.029757610237522
2049-03-21,0.0284562240105307
2049-03-22,0.031766741873092
2049-03-23,0.0313913199918489
2049-03-24,0.0318503632599545
2049-03-25,0.0259634809772218
2049-03-26,0.0233134212524274
2049-03-27,0.0222343032821297
2049-03-28,0.0215634303688823
2049-03-29,0.0198647983858743
2049-03-30,0.0179198016311341
2049-03-31,0.0165497162669542
2049-04-01,0.0210769851534865
2049-04-02,0.0193606477665096
2049-04-03,0.017646710428546
2049-04-04,0.0160170515021157
2049-04-05,0.0146523590218565
2049-04-06,0.0135556194766921
2049-04-07,0.0127103367139951
2049-04-08,0.0120406832769438
2049-04-09,0.0114226327325248
2049-04-10,0.0108566022413194
2049-04-11,0.0104318304997626
2049-04-12,0.0100674264429348
2049-04-13,0.0096235463173966
2049-04-14,0.00914481305915751
2049-04-15,0.00870619326791567
2049-04-16,0.02141153738351
2049-04-17,0.0193181176957221
2049-04-18,0.00820093636239614
2049-04-19,0.00789804432065278
2049-04-20,0.0352367457819383
2049-04-21,0.142505818094984
2049-04-22,0.00896387472539845
2049-04-23,0.00795321120135127
2049-04-24,0.00791582356316318
2049-04-25,0.0100262499691431
2049-04-26,0.142751132548987
2049-04-27,0.142843029482423
2049-04-28,0.081226059579279
2049-04-29,0.143386277995094
2049-04-30,0.0306103924654686
2049-05-01,0.0291501694326266
2049-05-02,0.0214579336444149
2049-05-03,0.0201005465821577
2049-05-04,0.0260888289762982
2049-05-05,0.0222165949672608
2049-05-06,0.0194967150270385
2049-05-07,0.0181033005708137
2049-05-08,0.016386471841132
2049-05-09,0.0159634264958035
2049-05-10,0.0137645257599352
2049-05-11,0.0389016092005172
2049-05-12,0.0137899197231277
2049-05-13,0.0118233768048919
2049-05-14,0.0118949652739701
2049-05-15,0.0122907239239137
2049-05-16,0.00982629456816159
2049-05-17,0.00927962319332255
2049-05-18,0.00878846945673963
2049-05-19,0.00836986918418546
2049-05-20,0.00806818978125829
2049-05-21,0.011532007994232
2049-05-22,0.00775767092365335
2049-05-23,0.00737449615678031
2049-05-24,0.00701612768566972
2049-05-25,0.00669343054300921
2049-05-26,0.00642924503637952
2049-05-27,0.00622225405128469
2049-05-28,0.00607394943438688
2049-05-29,0.00841886379684203
2049-05-30,0.0185713725656281
2049-05-31,0.0414914194909278
2049-06-01,0.0545703765430013
2049-06-02,0.0112584598585065
2049-06-03,0.00482146995239159
2049-06-04,0.0047539850524732
2049-06-05,0.00466672194354253
2049-06-06,0.00459082719342474
2049-06-07,0.00452188436503116
2049-06-08,0.00444571287476205
2049-06-09,0.0043687720480869
2049-06-10,0.0042924685164566
2049-06-11,0.00421725843564808
2049-06-12,0.00414246759430623
2049-06-13,0.00406766717308541
2049-06-14,0.00399208251532983
2049-06-15,0.00391727131286028
2049-06-16,0.00384691060843772
2049-06-17,0.00378998056352951
2049-06-18,0.00632050402316517
2049-06-19,0.00368368189608
2049-06-20,0.00764864849487134
2049-06-21,0.00358998254562656
2049-06-22,0.0035439117170247
2049-06-23,0.00349757477305283
2049-06-24,0.00345320130774202
2049-06-25,0.00340812615853957
2049-06-26,0.00336428051930353
2049-06-27,0.00332260375687783
2049-06-28,0.0032831039743461
2049-06-29,0.00324434611284095
2049-06-30,0.00320531977216452
2049-07-01,0.00580792784250598
2049-07-02,0.00651394357631796
2049-07-03,0.00568554816473514
2049-07-04,0.00563192489985129
2049-07-05,0.00557677458370423
2049-07-06,0.00552270944648685
2049-07-07,0.00547097893321825
2049-07-08,0.00542295302874689
2049-07-09,0.00537634309896288
2049-07-10,0.00532960731249536
2049-07-11,0.00528448101835024
2049-07-12,0.00524275315546598
2049-07-13,0.00520650455893096
2049-07-14,0.00517529551513444
2049-07-15,0.00514701568906479
2049-07-16,0.00512153247852132
2049-07-17,0.0051005744004866
2049-07-18,0.00508355849561047
2049-07-19,0.00506772677338283
2049-07-20,0.00505261900577303
2049-07-21,0.00503803027369506
2049-07-22,0.00502404802770325
2049-07-23,0.0050120999119741
2049-07-24,0.00500167126609211
2049-07-25,0.0049918234958751
2049-07-26,0.00498288917242384
2049-07-27,0.0049748682318417
2049-07-28,0.00496815280015727
2049-07-29,0.0049626695027504
2049-07-30,0.00495774327017833
2049-07-31,0.0049533236752275
2049-08-01,0.0142690335256094
2049-08-02,0.014259791578769
2049-08-03,0.0142519577680509
2049-08-04,0.0143456501721632
2049-08-05,0.0142388666941279
2049-08-06,0.0142331329108653
2049-08-07,0.0142277288382612
2049-08-08,0.014222592413733
2049-08-09,0.0142177808338957
2049-08-10,0.0142131989851817
2049-08-11,0.0142089064721563
2049-08-12,0.0198915451959284
2049-08-13,0.0142011918195565
2049-08-14,0.0141974387384253
2049-08-15,0.0141936992141775
2049-08-16,0.01419014696971
2049-08-17,0.0141868150475054
2049-08-18,0.0141835471131102
2049-08-19,0.0141802897523472
2049-08-20,0.0141770333900948
2049-08-21,0.0141737770684629
2049-08-22,0.0141705221827215
2049-08-23,0.0141672672308535
2049-08-24,0.0141640136298561
2049-08-25,0.0141607608403256
2049-08-26,0.0141575085958667
2049-08-27,0.0141542575105115
2049-08-28,0.0141510064147649
2049-08-29,0.0141477569995768
2049-08-30,0.0141445076524046
2049-08-31,0.0141412589211538
2049-09-01,0.010878299486073
2049-09-02,0.0108846205776522
2049-09-03,0.0108733035688334
2049-09-04,0.0108708062066018
2049-09-05,0.0108683094011443
2049-09-06,0.0108658132135173
2049-09-07,0.010863318220847
2049-09-08,0.0108608232761495
2049-09-09,0.010858328796642
2049-09-10,0.0108558351515689
2049-09-11,0.0108533419309818
2049-09-12,0.0108508493972767
2049-09-13,0.0108483571862971
2049-09-14,0.0108458656440282
2049-09-15,0.0108433748446095
2049-09-16,0.0108408847480638
2049-09-17,0.010838395081092
2049-09-18,0.0108359057157667
2049-09-19,0.010833417211043
2049-09-20,0.0108309289781646
2049-09-21,0.0108284417483522
2049-09-22,0.0108259548041954
2049-09-23,0.0108234685469208
2049-09-24,0.0108209827250349
2049-09-25,0.0108184974591964
2049-09-26,0.010816012952199
2049-09-27,0.0108135291647924
2049-09-28,0.0108110458643816
2049-09-29,0.0108085627013471
2049-09-30,0.0108060805333832
2049-10-01,0.00523143902072889
2049-10-02,0.00523023764048747
2049-10-03,0.0052290364045529
2049-10-04,0.00522783541640375
2049-10-05,0.00522663481717918
2049-10-06,0.005225434674809
2049-10-07,0.0052242346433087
2049-10-08,0.00522303466953113
2049-10-09,0.00522183523602436
2049-10-10,0.00522063588628596
2049-10-11,0.037888939282282
2049-10-12,0.0052182382736861
2049-10-13,0.0094216378787083
2049-10-14,0.00521584163920515
2049-10-15,0.005214643866987
2049-10-16,0.00521344636648813
2049-10-17,0.00521224896102057
2049-10-18,0.00521105194940512
2049-10-19,0.00520985508878395
2049-10-20,0.00520865869452027
2049-10-21,0.00520746250334209
2049-10-22,0.00520626648075655
2049-10-23,0.00520507071369973
2049-10-24,0.00520387549184123
2049-10-25,0.0052026804065463
2049-10-26,0.00520148555143839
2049-10-27,0.00520029096453005
2049-10-28,0.00519909660569693
2049-10-29,0.00519790280121331
2049-10-30,0.0051967089263361
2049-10-31,0.00519551557131552
2049-11-01,0.00380199360490719
2049-11-02,0.0038011203120478
2049-11-03,0.00380024743782671
2049-11-04,0.00379937467412611
2049-11-05,0.0160324064152099
2049-11-06,0.00379762970087319
2049-11-07,0.00389707709285019
2049-11-08,0.00403592990265556
2049-11-09,0.00379523111912983
2049-11-10,0.00379701607762026
2049-11-11,0.0067100701932723
2049-11-12,0.00411175573784873
2049-11-13,0.00399209394645935
2049-11-14,0.00379065816877659
2049-11-15,0.00379511616466344
2049-11-16,0.00378891723841021
2049-11-17,0.0037880471241103
2049-11-18,0.00378717723677675
2049-11-19,0.00378631760054229
2049-11-20,0.0110938982073781
2049-11-21,0.00380106054286661
2049-11-22,0.00378369930609141
2049-11-23,0.00378283039180204
2049-11-24,0.00378196160039913
2049-11-25,0.261064159810486
2049-11-26,0.282930071742945
2049-11-27,0.072735843623538
2049-11-28,0.00879618284423652
2049-11-29,0.00648410575646082
2049-11-30,0.00652265898878573
2049-12-01,0.00417298188959034
2049-12-02,0.00479204258401602
2049-12-03,0.00431717898491985
2049-12-04,0.0049401259423407
2049-12-05,0.00493699033771181
2049-12-06,0.00588674085988261
2049-12-07,0.00429217761314142
2049-12-08,0.00448255899739774
2049-12-09,0.00776973805913731
2049-12-10,0.0169321400532419
2049-12-11,0.0187879469337158
2049-12-12,0.0176621865498791
2049-12-13,0.00747239242865837
2049-12-14,0.00682708893087711
2049-12-15,0.00822732514327501
2049-12-16,0.00686791080749693
2049-12-17,0.0366398914312326
2049-12-18,0.071738408407007
2049-12-19,0.0176978786085656
2049-12-20,0.0154304026982626
2049-12-21,0.00725233872129661
2049-12-22,0.00537425006761588
2049-12-23,0.00704384078511656
2049-12-24,0.0158626899750463
2049-12-25,0.0328366254336961
2049-12-26,0.00764591342773444
2049-12-27,0.00708008393355946
2049-12-28,0.00631745348948979
2049-12-29,0.196382640301599
2049-12-30,0.924861599411947
2049-12-31,0.346070959161856
2050-01-01,0.00523948966799073
2050-01-02,0.00732859702315602
2050-01-03,0.00592359695757765
2050-01-04,0.00555470408697462
2050-01-05,0.00490775247597087
2050-01-06,0.00694905318848197
2050-01-07,0.00512701475578133
2050-01-08,0.0563509083961566
2050-01-09,0.082319883618813
2050-01-10,0.0248961294847275
2050-01-11,0.00730253504304157
2050-01-12,0.00525874487583065
2050-01-13,0.00475240466294585
2050-01-14,0.0119653691324943
2050-01-15,0.00522586719680206
2050-01-16,0.00501323476685023
2050-01-17,0.00540711426388751
2050-01-18,0.00598984242756669
2050-01-19,0.00595633132528202
2050-01-20,0.00584784788852366
2050-01-21,0.20656097445141
2050-01-22,0.617623844790998
2050-01-23,0.509164410604091
2050-01-24,0.0111823287359607
2050-01-25,0.00760142989859975
2050-01-26,0.00660948716246942
2050-01-27,0.0219528056427142
2050-01-28,0.011650876535343
2050-01-29,0.0159186110685521
2050-01-30,0.00724117849501301
2050-01-31,0.00632122239959254
2050-02-01,0.0061551265264243
2050-02-02,0.00627454273283028
2050-02-03,0.00638602871931768
2050-02-04,0.00656883141413658
2050-02-05,0.00730039654160339
2050-02-06,0.00837212542173725
2050-02-07,0.00863355582052282
2050-02-08,0.00930416342071882
2050-02-09,0.0123165990603597
2050-02-10,0.0612070055063878
2050-02-11,0.00867361195432094
2050-02-12,0.0264357691568079
2050-02-13,0.0091631607913995
2050-02-14,0.0090717787250513
2050-02-15,0.0186127641165919
2050-02-16,0.00872626787902572
2050-02-17,0.0138437248938439
2050-02-18,0.0083457547934949
2050-02-19,0.00819080587832032
2050-02-20,0.00802071793871186
2050-02-21,0.00789348873625548
2050-02-22,0.00850242877633225
2050-02-23,0.00772719491474501
2050-02-24,0.00757673650075479
2050-02-25,0.00747891668160823
2050-02-26,0.00737372285754769
2050-02-27,0.00723896374456263
2050-02-28,0.00707129910987527
2050-03-01,0.0059389182668356
2050-03-02,0.00578253265193069
2050-03-03,0.00562779671577271
2050-03-04,0.00552049641884216
2050-03-05,0.00592405558016346
2050-03-06,0.00639482787824899
2050-03-07,0.0241007808416739
2050-03-08,0.00532178910677778
2050-03-09,0.0051749250666231
2050-03-10,0.00510326584490562
2050-03-11,0.00507123605206117
2050-03-12,0.00505662027715347
2050-03-13,0.00500032067745089
2050-03-14,0.00490599808290605
2050-03-15,0.00481193531538347
2050-03-16,0.00471914364718231
2050-03-17,0.00462750987412799
2050-03-18,0.00453539716407584
2050-03-19,0.00444395556827331
2050-03-20,0.00436277117539773
2050-03-21,0.00429560765287058
2050-03-22,0.0104184351477056
2050-03-23,0.248017100559165
2050-03-24,0.225064019702571
2050-03-25,0.0390217874436855
2050-03-26,0.0499136027420153
2050-03-27,0.0954531515453233
2050-03-28,0.095175329356838
2050-03-29,0.0150529417034369
2050-03-30,0.0151628582583507
2050-03-31,0.0227863875797747
2050-04-01,0.038351581864502
2050-04-02,0.0541030179601134
2050-04-03,0.0482194692363925
2050-04-04,0.0454117781344515
2050-04-05,0.0334736841250499
2050-04-06,0.0354477996034664
2050-04-07,0.129772272094351
2050-04-08,0.0389241787086492
2050-04-09,0.0341527970900743
2050-04-10,0.0376120769814063
2050-04-11,0.0407739507676949
2050-04-12,0.0451730713446885
2050-04-13,0.0383739147697551
2050-04-14,0.0376208928608325
2050-04-15,0.036858252294112
2050-04-16,0.0361205063208383
2050-04-17,0.0346083771055355
2050-04-18,0.0324304764125746
2050-04-19,0.0293055777467552
2050-04-20,0.0270065621922092
2050-04-21,0.0251070932890542
2050-04-22,0.0231541187976803
2050-04-23,0.0207526819923225
2050-04-24,0.0183581166456373
2050-04-25,0.0163560504997357
2050-04-26,0.0335049322914624
2050-04-27,0.0312808973273813
2050-04-28,0.0146207727197645
2050-04-29,0.0131528201640769
2050-04-30,0.0121198854440944
2050-05-01,0.0200119228596536
2050-05-02,0.0356309953279507
2050-05-03,0.0347649538982301
2050-05-04,0.0157822629170115
2050-05-05,0.0118833839864374
2050-05-06,0.0112037355207779
2050-05-07,0.0140836079265372
2050-05-08,0.0241087389054666
2050-05-09,0.0266189737653843
2050-05-10,0.0373661790454643
2050-05-11,0.0124664264952249
2050-05-12,0.0107211182308387
2050-05-13,0.010370022992214
2050-05-14,0.00979908839452639
2050-05-15,0.00916278548918498
2050-05-16,0.00856809799158235
2050-05-17,0.00807058576037636
2050-05-18,0.00768561608011616
2050-05-19,0.00732089452806925
2050-05-20,0.00693677778765271
2050-05-21,0.00653963394261676
2050-05-22,0.00617721132842703
2050-05-23,0.00590167199912829
2050-05-24,0.00570688685337755
2050-05-25,0.00556676032159903
2050-05-26,0.00545776336344145
2050-05-27,0.00537426691237247
2050-05-28,0.00530526268349985
2050-05-29,0.00523729110786432
2050-05-30,0.00517012528147556
2050-05-31,0.00510835327822133
2050-06-01,0.00488594463442702
2050-06-02,0.00757514486210989
2050-06-03,0.0224074841988052
2050-06-04,0.00849437576566688
2050-06-05,0.00419489586379091
2050-06-06,0.00397877156339954
2050-06-07,0.00392625582469368
2050-06-08,0.00387544477859895
2050-06-09,0.00382358414293162
2050-06-10,0.00376644380330104
2050-06-11,0.00370841429572098
2050-06-12,0.00365155045832548
2050-06-13,0.00359467685743398
2050-06-14,0.00353984099435855
2050-06-15,0.00349066493570797
2050-06-16,0.00344767089259121
2050-06-17,0.00778814972999707
2050-06-18,0.00338228399652617
2050-06-19,0.00335305923951472
2050-06-20,0.00331532961370795
2050-06-21,0.00327476581623566
2050-06-22,0.0032370184467369
2050-06-23,0.00405744947358659
2050-06-24,0.00317142040788173
2050-06-25,0.0031384929913908
2050-06-26,0.00510560364330498
2050-06-27,0.00308329860999899
2050-06-28,0.00305783630267185
2050-06-29,0.0030279746235653
2050-06-30,0.00299697250732602
2050-07-01,0.00544476128835569
2050-07-02,0.00539732264495166
2050-07-03,0.00535162123599541
2050-07-04,0.00530812765322189
2050-07-05,0.00527004186039862
2050-07-06,0.00523318569415628
2050-07-07,0.00520006129113684
2050-07-08,0.00516920934491343
2050-07-09,0.00514132637584374
2050-07-10,0.00511471172849351
2050-07-11,0.00509101886392483
2050-07-12,0.00507004748949474
2050-07-13,0.00505219761247046
2050-07-14,0.00503790843037471
2050-07-15,0.00502523018237129
2050-07-16,0.00501276991687236
2050-07-17,0.00500127910598532
2050-07-18,0.00499086569698995
2050-07-19,0.00498162411664093
2050-07-20,0.00497346760348439
2050-07-21,0.00496665587303812
2050-07-22,0.00496097582056738
2050-07-23,0.00495570427328686
2050-07-24,0.00495078104385599
2050-07-25,0.00494632797788886
2050-07-26,0.00494249251274326
2050-07-27,0.00493954851392567
2050-07-28,0.0049371489290672
2050-07-29,0.00493504479759832
2050-07-30,0.0049331530211438
2050-07-31,0.00493139200175215
2050-08-01,0.0142120783247031
2050-08-02,0.014207488173331
2050-08-03,0.0142030441134128
2050-08-04,0.014198893413455
2050-08-05,0.0141951019798809
2050-08-06,0.0141914236954127
2050-08-07,0.0141877655370263
2050-08-08,0.0141842757263948
2050-08-09,0.0141809851578329
2050-08-10,0.0141777278622518
2050-08-11,0.014174472025233
2050-08-12,0.0141712167040011
2050-08-13,0.0141679623434932
2050-08-14,0.0141647083750212
2050-08-15,0.0141614549988539
2050-08-16,0.0141582023425212
2050-08-17,0.014154951254332
2050-08-18,0.0141517004325381
2050-08-19,0.0141484503494721
2050-08-20,0.01414520093145
2050-08-21,0.0141419523589028
2050-08-22,0.0141387045194156
2050-08-23,0.0141354572108298
2050-08-24,0.0141322105021062
2050-08-25,0.0141289648098418
2050-08-26,0.0141257199592737
2050-08-27,0.0141224761223307
2050-08-28,0.0141192325602852
2050-08-29,0.01411598985694
2050-08-30,0.0141127478970459
2050-08-31,0.0141095067042196
2050-09-01,0.0108538737245371
2050-09-02,0.0108513811181461
2050-09-03,0.0108488888134018
2050-09-04,0.0108463969643982
2050-09-05,0.0108439058771431
2050-09-06,0.0108414158307508
2050-09-07,0.010838926122348
2050-09-08,0.0108364364793624
2050-09-09,0.0108339481570804
2050-09-10,0.0108314595389666
2050-09-11,0.0108289719217381
2050-09-12,0.0108264854027941
2050-09-13,0.0108239985349576
2050-09-14,0.0108215126818167
2050-09-15,0.0108190278608161
2050-09-16,0.0108165424372492
2050-09-17,0.0127788892135617
2050-09-18,0.0111361702342044
2050-09-19,0.0108090922154716
2050-09-20,0.010806609255231
2050-09-21,0.0108041279667668
2050-09-22,0.0108016462916135
2050-09-23,0.0107991656115305
2050-09-24,0.010796685596524
2050-09-25,0.0107942062015284
2050-09-26,0.0107917270180489
2050-09-27,0.0107892486748187
2050-09-28,0.0107867707764265
2050-09-29,0.0107842936397829
2050-09-30,0.0107818168934627
2050-10-01,0.00521969232396341
2050-10-02,0.00521849373799542
2050-10-03,0.00521729510697552
2050-10-04,0.00521609701622642
2050-10-05,0.0052148989747528
2050-10-06,0.00521370133346675
2050-10-07,0.00521250391427244
2050-10-08,0.00521130688259484
2050-10-09,0.00521010990793604
2050-10-10,0.00520891349994562
2050-10-11,0.00520771722147938
2050-10-12,0.00520652120065369
2050-10-13,0.0052053254705535
2050-10-14,0.00520413012937789
2050-10-15,0.00904822650057724
2050-10-16,0.0052017399623077
2050-10-17,0.0191028485841976
2050-10-18,0.00519935103486857
2050-10-19,0.00519815682632576
2050-10-20,0.0051969629454651
2050-10-21,0.0051957696147303
2050-10-22,0.00519457637057963
2050-10-23,0.00521387533127826
2050-10-24,0.00519219067279825
2050-10-25,0.00519099812624803
2050-10-26,0.00519165141956019
2050-10-27,0.00518861404047978
2050-10-28,0.00518742257658292
2050-10-29,0.00518623125100944
2050-10-30,0.00518504003982555
2050-10-31,0.00518384924783547
2050-11-01,0.00379345655214332
2050-11-02,0.00379258518192856
2050-11-03,0.00379171432721855
2050-11-04,0.00379084343025826
2050-11-05,0.00378997292952302
2050-11-06,0.00378910245738401
2050-11-07,0.00424926986144007
2050-11-08,0.0037873623248778
2050-11-09,0.00378649253518357
2050-11-10,0.00384550112893489
2050-11-11,0.00378475351277728
2050-11-12,0.00378388428367193
2050-11-13,0.0037830153686097
2050-11-14,0.00378214658210163
2050-11-15,0.00385333131056774
2050-11-16,0.00378040941587309
2050-11-17,0.00377954135534821
2050-11-18,0.00377867333552784
2050-11-19,0.00377780548702716
2050-11-20,0.00695179393883023
2050-11-21,0.00377607047839593
2050-11-22,0.00377520324458506
2050-11-23,0.00377433627999081
2050-11-24,0.0037734695423629
2050-11-25,0.00390628916339523
2050-11-26,0.00377173652773803
2050-11-27,0.00384176159363253
2050-11-28,0.00384318318800307
2050-11-29,0.00376913847090591
2050-11-30,0.00563867576050787
2050-12-01,0.00382309216280091
2050-12-02,0.00376842013789226
2050-12-03,0.00388128363352362
2050-12-04,0.00453626156342246
2050-12-05,0.00376582434095695
2050-12-06,0.00376495952964269
2050-12-07,0.00376409491705524
2050-12-08,0.00376323049314225
2050-12-09,0.00376236623341729
2050-12-10,0.00376150215076796
2050-12-11,0.00376063831968456
2050-12-12,0.00952739302600071
2050-12-13,0.0776606653057044
2050-12-14,0.143518992254124
2050-12-15,0.00434363542679379
2050-12-16,0.00376034371636576
2050-12-17,0.0113706866783731
2050-12-18,0.0246358558165456
2050-12-19,0.0046543770540126
2050-12-20,0.717176482233461
2050-12-21,19.0491659462517
2050-12-22,6.39871998693878
2050-12-23,0.17579016623335
2050-12-24,0.0541916974233827
2050-12-25,0.0171110304656848
2050-12-26,0.00993491615202808
2050-12-27,0.00702109023628558
2050-12-28,0.00713416144806759
2050-12-29,0.00765196730669196
2050-12-30,0.00761362134732554
2050-12-31,0.0109556690299299
2051-01-01,0.00916644634239681
2051-01-02,0.00848690665183169
2051-01-03,0.0102022335322978
2051-01-04,0.0112953866507982
2051-01-05,0.0143486537710295
2051-01-06,0.00593656188942619
2051-01-07,0.0196884920568031
2051-01-08,0.111848761657252
2051-01-09,0.00695526389711452
2051-01-10,0.0132152589136073
2051-01-11,0.195908437859449
2051-01-12,2.59482166688865
2051-01-13,0.329671313196303
2051-01-14,0.025785584612146
2051-01-15,0.169448385867255
2051-01-16,0.0412120835333914
2051-01-17,0.200780483187148
2051-01-18,0.451419107216782
2051-01-19,0.152961337846706
2051-01-20,0.0609078936789001
2051-01-21,0.07622660837715
2051-01-22,0.095810848790997
2051-01-23,0.0860400075221108
2051-01-24,0.0890679131889961
2051-01-25,0.201167284345116
2051-01-26,0.303225122049816
2051-01-27,0.159299400960864
2051-01-28,0.20715382215194
2051-01-29,0.245349628742064
2051-01-30,0.398610023896954
2051-01-31,0.407318727250991
2051-02-01,0.311511544318975
2051-02-02,0.369273422117002
2051-02-03,0.444001164434294
2051-02-04,0.60806366363102
2051-02-05,0.580466996391456
2051-02-06,1.0407961328979
2051-02-07,0.818943855149153
2051-02-08,0.688215697484923
2051-02-09,0.681912895330818
2051-02-10,0.698178975803065
2051-02-11,0.670628969432228
2051-02-12,0.687023266746854
2051-02-13,0.709951384278932
2051-02-14,0.659974973515523
2051-02-15,0.583473748016768
2051-02-16,0.559991116145119
2051-02-17,0.527136099322134
2051-02-18,0.512840958839805
2051-02-19,0.506003066623896
2051-02-20,0.499317478439386
2051-02-21,0.504755496265359
2051-02-22,0.473279012380723
2051-02-23,0.394315166154092
2051-02-24,0.413652737070005
2051-02-25,0.444254408286861
2051-02-26,0.752690248218361
2051-02-27,1.59299835939324
2051-02-28,0.538852022923352
2051-03-01,0.465070930721065
2051-03-02,0.516370115394547
2051-03-03,0.490604849875418
2051-03-04,0.453075206126964
2051-03-05,0.434564912236374
2051-03-06,0.416042539797998
2051-03-07,0.438475568883713
2051-03-08,0.364285067116934
2051-03-09,0.341340558906631
2051-03-10,0.327072467928367
2051-03-11,0.502818762398398
2051-03-12,0.330415976343878
2051-03-13,0.335346726270726
2051-03-14,0.331337832467052
2051-03-15,0.320797413984783
2051-03-16,0.313739634275288
2051-03-17,0.302648221430656
2051-03-18,0.290638566126137
2051-03-19,0.28059755129644
2051-03-20,0.260143700071302
2051-03-21,0.248250223409821
2051-03-22,0.224341875679814
2051-03-23,0.194750856795905
2051-03-24,0.180598533396868
2051-03-25,0.171311468612228
2051-03-26,0.16531425940362
2051-03-27,0.159829877055993
2051-03-28,0.14805746792321
2051-03-29,0.137128187621069
2051-03-30,0.127800092278581
2051-03-31,0.182969438747272
2051-04-01,0.465488440229874
2051-04-02,0.764076953412178
2051-04-03,0.35778373889578
2051-04-04,0.382047991016908
2051-04-05,0.386891880836123
2051-04-06,0.3571424085786
2051-04-07,0.333149694939467
2051-04-08,0.310226386292956
2051-04-09,0.285527162468901
2051-04-10,0.267954877063588
2051-04-11,0.248507424518039
2051-04-12,0.227057328726659
2051-04-13,0.201951007946477
2051-04-14,0.333729317906283
2051-04-15,0.17509558304122
2051-04-16,0.171190978591529
2051-04-17,0.174886461423574
2051-04-18,0.170311659979339
2051-04-19,0.162598853016577
2051-04-20,0.34028480056325
2051-04-21,0.232066762464455
2051-04-22,0.178036091139465
2051-04-23,0.178151001798512
2051-04-24,0.177611686650193
2051-04-25,0.169273955715191
2051-04-26,0.169243441088181
2051-04-27,0.204185490108417
2051-04-28,0.15215371805789
2051-04-29,0.146532178868626
2051-04-30,0.333995341014571
2051-05-01,0.298530286040625
2051-05-02,0.196998773175977
2051-05-03,0.198167575348856
2051-05-04,0.19096149046248
2051-05-05,0.193052573929653
2051-05-06,0.189853876283236
2051-05-07,0.163046964181883
2051-05-08,0.151275660820971
2051-05-09,0.139960158263397
2051-05-10,0.124824996982198
2051-05-11,0.114255322063886
2051-05-12,0.102510397854327
2051-05-13,0.144687477934613
2051-05-14,0.0808234195579514
2051-05-15,0.0769126754690252
2051-05-16,0.0719634444896059
2051-05-17,0.0690009542196754
2051-05-18,0.0662340252949622
2051-05-19,0.0715808080160869
2051-05-20,0.0735590180147569
2051-05-21,0.0723152645029689
2051-05-22,0.0724480914288522
2051-05-23,0.0664412245812288
2051-05-24,0.0625927663893701
2051-05-25,0.0662898722895083
2051-05-26,0.0292243349216021
2051-05-27,0.0260042487821995
2051-05-28,0.024977027794038
2051-05-29,0.0242169693234491
2051-05-30,0.0232773926795917
2051-05-31,0.0214780414205498
2051-06-01,0.0158720607326646
2051-06-02,0.0146111795044044
2051-06-03,0.0135674668747941
2051-06-04,0.0126305521598255
2051-06-05,0.014104881132738
2051-06-06,0.0111357109902729
2051-06-07,0.0103443634989367
2051-06-08,0.00952627370955664
2051-06-09,0.00877110691795459
2051-06-10,0.00814090616481762
2051-06-11,0.00763478400012292
2051-06-12,0.00721182514768709
2051-06-13,0.00685849341786098
2051-06-14,0.00654390453938398
2051-06-15,0.00624072261430403
2051-06-16,0.00594934675423228
2051-06-17,0.00568183794283795
2051-06-18,0.00545997494843113
2051-06-19,0.00528695581803833
2051-06-20,0.00512410346092642
2051-06-21,0.00496283278480681
2051-06-22,0.00481756147215788
2051-06-23,0.00469646777602381
2051-06-24,0.00485710781518053
2051-06-25,0.00450214075139565
2051-06-26,0.00514422323511654
2051-06-27,0.00433345746307736
2051-06-28,0.0167203451516896
2051-06-29,0.00416779019836951
2051-06-30,0.00408238018604592
2051-07-01,0.00733136020488842
2051-07-02,0.00717546076522817
2051-07-03,0.0070220078990187
2051-07-04,0.00686321347187083
2051-07-05,0.00670175836254132
2051-07-06,0.00654771957414449
2051-07-07,0.00640255910200811
2051-07-08,0.00626367731700838
2051-07-09,0.006136310551851
2051-07-10,0.00602450421697406
2051-07-11,0.00592950231274925
2051-07-12,0.0354728339703705
2051-07-13,0.00579238258357714
2051-07-14,0.00572525119218528
2051-07-15,0.00563871147272321
2051-07-16,0.00555736288320312
2051-07-17,0.00548514112651344
2051-07-18,0.00542277168620344
2051-07-19,0.00536489035047399
2051-07-20,0.00531037569298901
2051-07-21,0.00526250104459965
2051-07-22,0.00522053208960517
2051-07-23,0.00518384851829497
2051-07-24,0.00515213781294946
2051-07-25,0.0051258472954648
2051-07-26,0.00510312652918977
2051-07-27,0.00508138058779192
2051-07-28,0.00506094311255848
2051-07-29,0.00504398733735209
2051-07-30,0.00503127332821192
2051-07-31,0.00502095262469457
2051-08-01,0.014447488615687
2051-08-02,0.0144220153130717
2051-08-03,0.014398610616474
2051-08-04,0.0143771360002595
2051-08-05,0.0143573557346838
2051-08-06,0.0143405807158617
2051-08-07,0.0143262518789323
2051-08-08,0.0143139863456173
2051-08-09,0.0143041581757499
2051-08-10,0.0142951793492075
2051-08-11,0.0142869982155018
2051-08-12,0.0142795379223794
2051-08-13,0.0142726328748384
2051-08-14,0.0142661880830627
2051-08-15,0.014260439167216
2051-08-16,0.0142553615480666
2051-08-17,0.0142506158755972
2051-08-18,0.0142461418603609
2051-08-19,0.0142419066223574
2051-08-20,0.0142378783528364
2051-08-21,0.0142340028072604
2051-08-22,0.0142301989258393
2051-08-23,0.014226399772465
2051-08-24,0.0142225995714576
2051-08-25,0.0467585728578392
2051-08-26,0.0189303387551032
2051-08-27,0.0142122872155782
2051-08-28,0.0142090231902056
2051-08-29,0.0142057599082842
2051-08-30,0.0142024978364782
2051-08-31,0.0775295270527538
2051-09-01,0.0296758832327333
2051-09-02,0.0109203901175095
2051-09-03,0.0109178823277536
2051-09-04,0.0109153752168845
2051-09-05,0.0109128680318755
2051-09-06,0.0109103621355883
2051-09-07,0.0109078563883071
2051-09-08,0.0109053513279082
2051-09-09,0.0109028467428751
2051-09-10,0.0109003427000792
2051-09-11,0.0108978391689922
2051-09-12,0.0108953365820956
2051-09-13,0.0108928345410703
2051-09-14,0.0108903328830998
2051-09-15,0.0108878319381784
2051-09-16,0.0108853313152556
2051-09-17,0.0108828315064154
2051-09-18,0.0108803320878986
2051-09-19,0.010877833634651
2051-09-20,0.0108753354488877
2051-09-21,0.0108728376985131
2051-09-22,0.0108703406488309
2051-09-23,0.010867844398694
2051-09-24,0.0108653479537588
2051-09-25,0.0108628532750917
2051-09-26,0.0108603580265671
2051-09-27,0.0108578642760994
2051-09-28,0.0108553703649958
2051-09-29,0.0108528771603996
2051-09-30,0.0108503850620832
2051-10-01,0.00525288773468918
2051-10-02,0.00525168157507519
2051-10-03,0.00525047521554343
2051-10-04,0.00524926961872616
2051-10-05,0.00524806413101897
2051-10-06,0.0052468589086956
2051-10-07,0.00524565402390948
2051-10-08,0.00524444921796416
2051-10-09,0.0052432446355185
2051-10-10,0.00524204051661457
2051-10-11,0.0108129534155586
2051-10-12,0.00523963323299184
2051-10-13,0.0052384298278789
2051-10-14,0.00523722680993068
2051-10-15,0.00523602400457112
2051-10-16,0.00523482154941962
2051-10-17,0.0831890517253894
2051-10-18,0.463786226906364
2051-10-19,0.483515401343506
2051-10-20,0.059645876427925
2051-10-21,0.00572547961185081
2051-10-22,0.005841779675579
2051-10-23,0.00590198191314407
2051-10-24,0.0064173190941659
2051-10-25,0.00684001140464932
2051-10-26,0.0070013605403315
2051-10-27,0.0059891513684851
2051-10-28,0.00987227795443265
2051-10-29,0.0150994606079399
2051-10-30,0.00685569244895079
2051-10-31,0.00690701757304621
2051-11-01,0.00457307427893993
2051-11-02,0.00529104622574104
2051-11-03,0.00571322400208043
2051-11-04,0.00442982327901143
2051-11-05,0.00442838001824187
2051-11-06,0.00442387278173347
2051-11-07,0.185713230993969
2051-11-08,0.0298612252776966
2051-11-09,0.00447485255913125
2051-11-10,0.00450273646371114
2051-11-11,0.00452115936975389
2051-11-12,0.00838306482752905
2051-11-13,0.00713250731049049
2051-11-14,0.0045596477329816
2051-11-15,0.00678663246834062
2051-11-16,0.0205160198952806
2051-11-17,0.0715674218591313
2051-11-18,0.00838873390301288
2051-11-19,0.00720853413353797
2051-11-20,0.00985736828133815
2051-11-21,0.00889600147665852
2051-11-22,0.00569285260609761
2051-11-23,0.00627084572255197
2051-11-24,0.0063150914127903
2051-11-25,0.00588346036146806
2051-11-26,0.00535858705134654
2051-11-27,0.00471508358019605
2051-11-28,0.00470500793615568
2051-11-29,0.207608930145626
2051-11-30,0.0255353007746404
2051-12-01,0.0173666920896237
2051-12-02,0.0149946706500276
2051-12-03,0.0118757911721027
2051-12-04,0.00995907148328169
2051-12-05,0.00785685906918052
2051-12-06,0.00584500952698239
2051-12-07,0.0157538100721427
2051-12-08,0.0240234503627839
2051-12-09,0.0903357384391852
2051-12-10,0.242950279509452
2051-12-11,0.3802624871398
2051-12-12,0.542156260971158
2051-12-13,0.241207399701717
2051-12-14,0.0846984617791022
2051-12-15,0.154899000235612
2051-12-16,0.0322503453736454
2051-12-17,0.0135562615535763
2051-12-18,0.0124051720147428
2051-12-19,0.020552497427452
2051-12-20,0.0249408058836566
2051-12-21,0.025753398529471
2051-12-22,0.0205284927048159
2051-12-23,0.0260246167784555
2051-12-24,0.0271906526598312
2051-12-25,0.0245850287269342
2051-12-26,0.022708156303902
2051-12-27,0.195148490634965
2051-12-28,0.0732399032111684
2051-12-29,0.0114960455837103
2051-12-30,0.01747896147669
2051-12-31,0.0150177775301729
2052-01-01,0.011902686838996
2052-01-02,0.00742483012558691
2052-01-03,0.00527450229969015
2052-01-04,0.00679073487426047
2052-01-05,0.0067183272598755
2052-01-06,0.00541696816572032
2052-01-07,0.0053120729087876
2052-01-08,0.00531614750754095
2052-01-09,0.00539511874545969
2052-01-10,0.0053748944673712
2052-01-11,0.00551936467662815
2052-01-12,0.00534300110424789
2052-01-13,0.00548476903898676
2052-01-14,0.00562945462779997
2052-01-15,0.00601792957371916
2052-01-16,0.00569946236061939
2052-01-17,0.00567442807732481
2052-01-18,0.00592716563280335
2052-01-19,0.00628708646827591
2052-01-20,0.00612383995848838
2052-01-21,0.0215672105033887
2052-01-22,0.275525488232909
2052-01-23,5.39206373656629
2052-01-24,4.51997577859644
2052-01-25,1.19087346932164
2052-01-26,0.0635223268078856
2052-01-27,0.0779726651172738
2052-01-28,0.0959498376313176
2052-01-29,0.286057103891723
2052-01-30,0.10888306065625
2052-01-31,0.118943938365385
2052-02-01,0.124617743799592
2052-02-02,0.117250882624321
2052-02-03,0.113706567949116
2052-02-04,0.111026214687341
2052-02-05,0.108196430372981
2052-02-06,0.105583718173719
2052-02-07,0.0999445593250708
2052-02-08,0.108846888792637
2052-02-09,0.141406967031129
2052-02-10,0.0986832310844765
2052-02-11,0.0883364066397755
2052-02-12,0.0853631371846092
2052-02-13,0.0818173775765368
2052-02-14,0.0789481211413388
2052-02-15,0.0769862597138005
2052-02-16,0.0730479567026211
2052-02-17,0.0697347741416057
2052-02-18,0.0663139206570325
2052-02-19,0.0628306362796935
2052-02-20,0.057037908378603
2052-02-21,0.0525246555339351
2052-02-22,0.0482202128990217
2052-02-23,0.0438116388217052
2052-02-24,0.0403551675192169
2052-02-25,0.249888454817032
2052-02-26,0.956925572238922
2052-02-27,2.53629497902504
2052-02-28,1.24328407472944
2052-02-29,1.16579142197162
2052-03-01,0.83522095156566
2052-03-02,0.653145168764967
2052-03-03,0.588916408604533
2052-03-04,0.579665462666389
2052-03-05,0.571782329329152
2052-03-06,0.542212304816498
2052-03-07,0.512723439285289
2052-03-08,0.483547920616257
2052-03-09,0.448142286354411
2052-03-10,0.406313308845127
2052-03-11,0.368499918142639
2052-03-12,0.336149530368597
2052-03-13,0.306188916547388
2052-03-14,0.279608414064909
2052-03-15,0.253541318500632
2052-03-16,0.25029707396269
2052-03-17,0.22546452910088
2052-03-18,0.198860458001798
2052-03-19,0.188735609314543
2052-03-20,0.19998577213762
2052-03-21,0.172640012201713
2052-03-22,0.161014248360124
2052-03-23,0.150704186796798
2052-03-24,0.135857538934246
2052-03-25,0.123550967703453
2052-03-26,0.113379085169132
2052-03-27,0.116479645279078
2052-03-28,0.108142175355512
2052-03-29,0.101206826029065
2052-03-30,0.101107382484435
2052-03-31,0.0852741433084103
2052-04-01,0.105282733447405
2052-04-02,0.0902286471468341
2052-04-03,0.0748468125591448
2052-04-04,0.0608054856229506
2052-04-05,0.0487543411914418
2052-04-06,0.039095647347505
2052-04-07,0.031598884061648
2052-04-08,0.0256418421533948
2052-04-09,0.0210254386247217
2052-04-10,0.0177432952241636
2052-04-11,0.0153269881769806
2052-04-12,0.0130453923874648
2052-04-13,0.0109759109977098
2052-04-14,0.014474550524361
2052-04-15,0.00877142198334053
2052-04-16,0.00835807326216804
2052-04-17,0.0081258719809962
2052-04-18,0.0185028139836875
2052-04-19,0.0944495040214475
2052-04-20,0.0193935290597061
2052-04-21,0.0166426477218728
2052-04-22,0.00968854503706517
2052-04-23,0.0078314457679166
2052-04-24,0.00776746142993941
2052-04-25,0.00934390739918388
2052-04-26,0.00773027395405664
2052-04-27,0.00766765512459379
2052-04-28,0.00762922562853686
2052-04-29,0.00754928767837586
2052-04-30,0.0154877024112167
2052-05-01,0.00834311438263665
2052-05-02,0.00812146826918106
2052-05-03,0.00801114008246205
2052-05-04,0.00789725494912818
2052-05-05,0.00777745993654905
2052-05-06,0.00765697381311353
2052-05-07,0.00753712331774753
2052-05-08,0.0074340431873118
2052-05-09,0.00735293709118116
2052-05-10,0.00727194876259418
2052-05-11,0.00717899686332114
2052-05-12,0.0070847262512172
2052-05-13,0.00699780098598357
2052-05-14,0.00750244329190586
2052-05-15,0.00687506016573753
2052-05-16,0.00679513321408191
2052-05-17,0.00669866703429385
2052-05-18,0.00660163150173502
2052-05-19,0.00650590831999852
2052-05-20,0.00639827774891728
2052-05-21,0.00627563625270041
2052-05-22,0.00614354130288853
2052-05-23,0.00600875291332062
2052-05-24,0.00587671090625805
2052-05-25,0.00574934868008877
2052-05-26,0.00562356602366445
2052-05-27,0.00549452501007074
2052-05-28,0.00537677272296136
2052-05-29,0.00626056903016543
2052-05-30,0.00785513708833591
2052-05-31,0.00527633866649457
2052-06-01,0.00398992020979421
2052-06-02,0.00388985855867969
2052-06-03,0.00379318094899383
2052-06-04,0.00369997527970742
2052-06-05,0.00361093925122285
2052-06-06,0.00352667083489119
2052-06-07,0.00344759722822675
2052-06-08,0.00337299121849832
2052-06-09,0.00330393577070946
2052-06-10,0.00324544635570655
2052-06-11,0.00319660441038329
2052-06-12,0.00315067959446926
2052-06-13,0.00310482623951537
2052-06-14,0.00306238333397661
2052-06-15,0.00303583892436014
2052-06-16,0.00299858025657756
2052-06-17,0.00296329272542916
2052-06-18,0.00292930132400512
2052-06-19,0.00289859712424729
2052-06-20,0.00287035459079376
2052-06-21,0.00284544453096309
2052-06-22,0.00451571998566263
2052-06-23,0.00280930871416036
2052-06-24,0.0027948149477881
2052-06-25,0.00277891012475888
2052-06-26,0.00276516051103879
2052-06-27,0.00275363765975374
2052-06-28,0.00274386459977917
2052-06-29,0.00273542554411289
2052-06-30,0.00272851160003393
2052-07-01,0.0049952532102664
2052-07-02,0.00498681764549145
2052-07-03,0.00498018144332375
2052-07-04,0.00497459284526794
2052-07-05,0.00496942563396121
2052-07-06,0.00496474943935402
2052-07-07,0.00496091733910279
2052-07-08,0.00495782284768588
2052-07-09,0.00495535015427934
2052-07-10,0.00495353023858657
2052-07-11,0.00495183943371757
2052-07-12,0.00495021516227048
2052-07-13,0.00494863953777876
2052-07-14,0.0049471579107875
2052-07-15,0.00494578866386315
2052-07-16,0.00494452961796706
2052-07-17,0.00494336845088158
2052-07-18,0.00494223328120145
2052-07-19,0.00494109811971317
2052-07-20,0.00493996345039271
2052-07-21,0.00493882885643752
2052-07-22,0.00493769476644643
2052-07-23,0.00493656059093219
2052-07-24,0.00493542683058213
2052-07-25,0.00493429350440143
2052-07-26,0.00493316032338077
2052-07-27,0.00493202730193778
2052-07-28,0.00493089462848564
2052-07-29,0.00492976240558662
2052-07-30,0.00492863002343753
2052-07-31,0.00492749834447895
2052-08-01,0.0142023798308509
2052-08-02,0.0141991190201724
2052-08-03,0.0141958574084182
2052-08-04,0.0141925974753331
2052-08-05,0.0141893382583039
2052-08-06,0.0141860793879667
2052-08-07,0.0141828213706617
2052-08-08,0.0141795643688713
2052-08-09,0.0141763074587133
2052-08-10,0.0141730521270901
2052-08-11,0.014169797730685
2052-08-12,0.0141665429781413
2052-08-13,0.0141632894215431
2052-08-14,0.0141600371553569
2052-08-15,0.0141567850044198
2052-08-16,0.014153533503412
2052-08-17,0.0141502831482826
2052-08-18,0.0141470340495573
2052-08-19,0.0141437850981995
2052-08-20,0.0141405364264626
2052-08-21,0.0141372894749601
2052-08-22,0.0141340425073983
2052-08-23,0.0141307967962407
2052-08-24,0.014127551687779
2052-08-25,0.0141243066180487
2052-08-26,0.0141210630881218
2052-08-27,0.0141178206492827
2052-08-28,0.014114577499111
2052-08-29,0.0141113367852297
2052-08-30,0.0141080959910518
2052-08-31,0.0141048558014594
2052-09-01,0.0108502961039487
2052-09-02,0.010847804142282
2052-09-03,0.0108453128536869
2052-09-04,0.0108428218914517
2052-09-05,0.0108403322237531
2052-09-06,0.0108378428104551
2052-09-07,0.0108353534349539
2052-09-08,0.0108328652805764
2052-09-09,0.0108303773013719
2052-09-10,0.0108278900352165
2052-09-11,0.0108254034675729
2052-09-12,0.0108229175126717
2052-09-13,0.010820432051308
2052-09-14,0.0108179466524542
2052-09-15,0.0108154623693296
2052-09-16,0.0108129790849097
2052-09-17,0.0108104956740162
2052-09-18,0.0108080128387953
2052-09-19,0.0108055309572139
2052-09-20,0.010803049429613
2052-09-21,0.0108005680546526
2052-09-22,0.0107980876369658
2052-09-23,0.0107956079323282
2052-09-24,0.0107931287633859
2052-09-25,0.0107906498161357
2052-09-26,0.0107881719322806
2052-09-27,0.0107856945863016
2052-09-28,0.0107832173108278
2052-09-29,0.0107807414512761
2052-09-30,0.0107782652268409
2052-10-01,0.00521797312568304
2052-10-02,0.00521677490576169
2052-10-03,0.00521557690406046
2052-10-04,0.00521437893262849
2052-10-05,0.00521318148105314
2052-10-06,0.00521198438742917
2052-10-07,0.00521078730260439
2052-10-08,0.00520959083125974
2052-10-09,0.00520839435604346
2052-10-10,0.0052071981743684
2052-10-11,0.00520600234290145
2052-10-12,0.00520480683031745
2052-10-13,0.00520361146133636
2052-10-14,0.00520241643939565
2052-10-15,0.00520122182221808
2052-10-16,0.00520002722158299
2052-10-17,0.00519883316720212
2052-10-18,0.00519763914696217
2052-10-19,0.00519644555506715
2052-10-20,0.00519525219511905
2052-10-21,0.00519405911216967
2052-10-22,0.00519286616015238
2052-10-23,0.00519167367414063
2052-10-24,0.00519048162527306
2052-10-25,0.00518928944160177
2052-10-26,0.0214796982690412
2052-10-27,0.00518690625370373
2052-10-28,0.0051857149781097
2052-10-29,0.00518452428678244
2052-10-30,0.00518333362854018
2052-10-31,0.00518214315296926
2052-11-01,0.00379220793292927
2052-11-02,0.0148623665532895
2052-11-03,0.0534009010604446
2052-11-04,0.017494591189253
2052-11-05,0.00392013665800685
2052-11-06,0.00378785914830677
2052-11-07,0.00386471745190983
2052-11-08,0.00378612655025921
2052-11-09,0.00378526160259981
2052-11-10,0.00378439743296355
2052-11-11,0.00378353383885833
2052-11-12,0.00378267073166164
2052-11-13,0.00378180774863951
2052-11-14,0.00378094514123252
2052-11-15,0.00378902252993209
2052-11-16,0.00377922035716515
2052-11-17,0.00377835808441117
2052-11-18,0.00379420437022061
2052-11-19,0.0638220497291584
2052-11-20,0.00383543822901678
2052-11-21,0.0226054889412123
2052-11-22,0.0301929089193383
2052-11-23,0.0286283221941698
2052-11-24,0.0261765095381245
2052-11-25,0.181919247389106
2052-11-26,0.0745424937930841
2052-11-27,0.00382242157090184
2052-11-28,0.00386088809615323
2052-11-29,0.00389285618792572
2052-11-30,0.00391884943338706
2052-12-01,0.00394203892756158
2052-12-02,0.00395991659982911
2052-12-03,0.00397534640599336
2052-12-04,0.00398863454589336
2052-12-05,0.00990220409875869
2052-12-06,0.0357712703939648
2052-12-07,0.0237699538973996
2052-12-08,0.120935155424742
2052-12-09,0.236552233828897
2052-12-10,0.0760889848959151
2052-12-11,0.0167337163524305
2052-12-12,0.0329215475923587
2052-12-13,0.0273740903294474
2052-12-14,0.0200709601821372
2052-12-15,0.0122394271878169
2052-12-16,0.00603866866042496
2052-12-17,0.00472663386836458
2052-12-18,0.00473230885703731
2052-12-19,0.00473615028664963
2052-12-20,0.0049957159579562
2052-12-21,0.00475349838449347
2052-12-22,0.00476060589434352
2052-12-23,0.00574183541308456
2052-12-24,0.0164046216023163
2052-12-25,0.00477981308673843
2052-12-26,0.247954473266792
2052-12-27,0.70264499422378
2052-12-28,0.702229574772961
2052-12-29,0.566235637671585
2052-12-30,0.0223687418560348
2052-12-31,0.00861699001632829
2053-01-01,0.18878325784538
2053-01-02,1.27291795623078
2053-01-03,3.20866576507452
2053-01-04,0.25538707732906
2053-01-05,0.0373156517491046
2053-01-06,0.0127486022571409
2053-01-07,0.0538949803975065
2053-01-08,0.172039149697322
2053-01-09,0.100642344542911
2053-01-10,1.1660546051484
2053-01-11,0.952390908328789
2053-01-12,4.34263234962505
2053-01-13,4.24020199598678
2053-01-14,1.73902987104394
2053-01-15,0.961713244303413
2053-01-16,0.683953062820822
2053-01-17,0.68881657706253
2053-01-18,1.02753462079183
2053-01-19,0.820668820892149
2053-01-20,0.670985492773107
2053-01-21,0.678459791062196
2053-01-22,0.647295966454706
2053-01-23,0.639615449424895
2053-01-24,0.612952037265273
2053-01-25,0.572770622851395
2053-01-26,0.528906998592356
2053-01-27,0.494070328823798
2053-01-28,0.461288418210289
2053-01-29,0.428863942265967
2053-01-30,0.391455708669228
2053-01-31,0.366201834584717
2053-02-01,0.327974495075275
2053-02-02,0.303879702307537
2053-02-03,0.559987976531077
2053-02-04,0.527385157555195
2053-02-05,0.653929343758879
2053-02-06,0.993609075345019
2053-02-07,1.16806654522626
2053-02-08,0.732065635982099
2053-02-09,0.754051143816799
2053-02-10,3.67622409411978
2053-02-11,4.19338911038677
2053-02-12,0.71770567960635
2053-02-13,0.7465890304161
2053-02-14,0.822928549501594
2053-02-15,0.726987093181762
2053-02-16,0.731089905900056
2053-02-17,0.772575920118027
2053-02-18,0.681401559233445
2053-02-19,0.654975255035139
2053-02-20,0.623180742105347
2053-02-21,0.581390982478363
2053-02-22,0.536631367140589
2053-02-23,0.50064078637232
2053-02-24,0.461748032232695
2053-02-25,0.46871206799988
2053-02-26,0.563435937879236
2053-02-27,0.406882110178981
2053-02-28,0.686901467662455
2053-03-01,0.556227366791171
2053-03-02,0.545822930451058
2053-03-03,0.521051438373721
2053-03-04,0.50463930388262
2053-03-05,0.487538959649796
2053-03-06,0.457679076830015
2053-03-07,0.49746414719738
2053-03-08,0.576902406505039
2053-03-09,0.497230911394572
2053-03-10,0.466055179529216
2053-03-11,0.443078372294662
2053-03-12,0.413508120504594
2053-03-13,0.467778893291972
2053-03-14,0.380298701291541
2053-03-15,0.358074129168174
2053-03-16,0.338936533576078
2053-03-17,0.319888496233505
2053-03-18,0.299432702037296
2053-03-19,0.28001945482559
2053-03-20,0.26017952907227
2053-03-21,0.248698803912771
2053-03-22,0.23813908424303
2053-03-23,0.231100218228944
2053-03-24,0.220339713720009
2053-03-25,0.197516666192264
2053-03-26,0.18782741000266
2053-03-27,0.177606460473393
2053-03-28,0.168252709970693
2053-03-29,0.155140114906119
2053-03-30,0.146890291439791
2053-03-31,0.141238899701622
2053-04-01,0.187222508024877
2053-04-02,0.192761602633886
2053-04-03,0.161425464240207
2053-04-04,0.153854826997666
2053-04-05,0.145573971509236
2053-04-06,0.143517604789371
2053-04-07,0.151622363821493
2053-04-08,0.148956382081126
2053-04-09,0.152866610712974
2053-04-10,0.165655980404298
2053-04-11,0.185618638455815
2053-04-12,0.186834480423064
2053-04-13,0.181933152046136
2053-04-14,0.170149312686836
2053-04-15,0.174360878824082
2053-04-16,0.183285676479256
2053-04-17,0.217490463629487
2053-04-18,0.240497768325608
2053-04-19,0.212242146370574
2053-04-20,0.265164561178088
2053-04-21,0.992613166784176
2053-04-22,0.671880654666589
2053-04-23,0.241858536329607
2053-04-24,0.300828861077235
2053-04-25,0.750216636798864
2053-04-26,0.508452485688667
2053-04-27,0.715914015300815
2053-04-28,0.509680121399542
2053-04-29,0.478137170920621
2053-04-30,0.494132322598374
2053-05-01,0.557262155072312
2053-05-02,0.613165081443119
2053-05-03,0.6105586532346
2053-05-04,0.582895149781732
2053-05-05,0.573718348296941
2053-05-06,0.546734980387085
2053-05-07,0.466240539278578
2053-05-08,0.333734598184203
2053-05-09,0.281324154372194
2053-05-10,0.289265280952276
2053-05-11,0.272515034849245
2053-05-12,0.229646097884643
2053-05-13,0.223656288861301
2053-05-14,0.216477864546096
2053-05-15,0.227420170727366
2053-05-16,0.236331122336212
2053-05-17,0.229918219719624
2053-05-18,0.2261412329155
2053-05-19,0.223767979428667
2053-05-20,0.203245599128218
2053-05-21,0.177285644692
2053-05-22,0.156227602347007
2053-05-23,0.207881863447705
2053-05-24,0.0862360311507869
2053-05-25,0.144231083952191
2053-05-26,0.132605133609965
2053-05-27,0.0798454550759396
2053-05-28,0.0905594341018715
2053-05-29,0.114191930959236
2053-05-30,0.110267587217132
2053-05-31,0.0933326333105052
2053-06-01,0.0728827924134923
2053-06-02,0.0786517119705476
2053-06-03,0.0687506521241175
2053-06-04,0.0642450447382829
2053-06-05,0.0595399050441233
2053-06-06,0.147809229519914
2053-06-07,0.0505297037691352
2053-06-08,0.0562573878269149
2053-06-09,0.0589385495962687
2053-06-10,0.056611565378212
2053-06-11,0.0538630806770183
2053-06-12,0.060052090714208
2053-06-13,0.0638868459955483
2053-06-14,0.061583597152399
2053-06-15,0.0535969036163369
2053-06-16,0.0454105421622026
2053-06-17,0.0324743966749033
2053-06-18,0.0214669508327188
2053-06-19,0.021081482217714
2053-06-20,0.0204174695216464
2053-06-21,0.0194990239338207
2053-06-22,0.0177871112307937
2053-06-23,0.0156862721187326
2053-06-24,0.0137089273446699
2053-06-25,0.0120087956525723
2053-06-26,0.0105864909545351
2053-06-27,0.00938623610659213
2053-06-28,0.00836361154055541
2053-06-29,0.00749726646939517
2053-06-30,0.00675715542800822
2053-07-01,0.0112141457019168
2053-07-02,0.0103011743434181
2053-07-03,0.00960687337880618
2053-07-04,0.00898115501975184
2053-07-05,0.00843255746964719
2053-07-06,0.00795249623576607
2053-07-07,0.00750135783571114
2053-07-08,0.00712011854164093
2053-07-09,0.0068497568027865
2053-07-10,0.00667608777499195
2053-07-11,0.00653137399987553
2053-07-12,0.00639482716846565
2053-07-13,0.00626729390050935
2053-07-14,0.00614812511118991
2053-07-15,0.00604114743546753
2053-07-16,0.00594409480686367
2053-07-17,0.00585337311251688
2053-07-18,0.00577091236789663
2053-07-19,0.00569314136593335
2053-07-20,0.00562002688300536
2053-07-21,0.00555236321309729
2053-07-22,0.00549063114191278
2053-07-23,0.00543706868367518
2053-07-24,0.00538847775547137
2053-07-25,0.00534213282037678
2053-07-26,0.00530074378587472
2053-07-27,0.00526572242717
2053-07-28,0.00523445280609971
2053-07-29,0.00520364650303511
2053-07-30,0.00517476377957568
2053-07-31,0.00514866396925775
2053-08-01,0.0147792105467502
2053-08-02,0.0147251580190131
2053-08-03,0.0146771358019599
2053-08-04,0.0146335046736953
2053-08-05,0.0145937795092106
2053-08-06,0.014557594325556
2053-08-07,0.0145254562622069
2053-08-08,0.0144973365541226
2053-08-09,0.0144721634168323
2053-08-10,0.0144488452770288
2053-08-11,0.0144264572399369
2053-08-12,0.0144055064081901
2053-08-13,0.0143855546944699
2053-08-14,0.0143662952707313
2053-08-15,0.0143491854173891
2053-08-16,0.0143344128723862
2053-08-17,0.014435640019592
2053-08-18,0.0143108311701815
2053-08-19,0.0179140329459422
2053-08-20,0.014291574242247
2053-08-21,0.0237704771890088
2053-08-22,0.0142741192008595
2053-08-23,0.0142660010300019
2053-08-24,0.0142577762225569
2053-08-25,0.014249983750367
2053-08-26,0.0142428532141917
2053-08-27,0.0142365681132634
2053-08-28,0.0142308598709007
2053-08-29,0.0142254546524184
2053-08-30,0.0142204352652362
2053-08-31,0.0142157697494575
2053-09-01,0.0109347767645465
2053-09-02,0.0109316089305383
2053-09-03,0.0109285570742069
2053-09-04,0.0109255895328327
2053-09-05,0.0109226513660251
2053-09-06,0.0109197284727129
2053-09-07,0.0109168182551007
2053-09-08,0.0109140326015549
2053-09-09,0.0109113953712335
2053-09-10,0.010908776268784
2053-09-11,0.0109061942027255
2053-09-12,0.0109036705056529
2053-09-13,0.0109011664970194
2053-09-14,0.0108986634224001
2053-09-15,0.010896160315799
2053-09-16,0.0108936578459266
2053-09-17,0.0108911560142368
2053-09-18,0.0108886546281118
2053-09-19,0.0108861541302089
2053-09-20,0.0108836540030042
2053-09-21,0.0108811540807739
2053-09-22,0.0108786552648235
2053-09-23,0.0108761570289069
2053-09-24,0.0108736592378282
2053-09-25,0.0108711618857724
2053-09-26,0.0108686653020071
2053-09-27,0.0108661692088718
2053-09-28,0.010863673702312
2053-09-29,0.0108611785824413
2053-09-30,0.0108586845136094
2053-10-01,0.00525690565525104
2053-10-02,0.00525569842565454
2053-10-03,0.00525449145545842
2053-10-04,0.00525328464892736
2053-10-05,0.00536963691337171
2053-10-06,0.00525087201750384
2053-10-07,0.00524966614579962
2053-10-08,0.00524846051941707
2053-10-09,0.00524725521614107
2053-10-10,0.00524605011278285
2053-10-11,0.00524484537406341
2053-10-12,0.00524364089298451
2053-10-13,0.0052424366149911
2053-10-14,0.00926694247858185
2053-10-15,0.00524002885550772
2053-10-16,0.00523882542857277
2053-10-17,0.00523762232298454
2053-10-18,0.00523641950565806
2053-10-19,0.0052352169216863
2053-10-20,0.00523401470657695
2053-10-21,0.00523281270194441
2053-10-22,0.00523161072758112
2053-10-23,0.00523040928574532
2053-10-24,0.005229208376437
2053-10-25,0.00522800743122794
2053-10-26,0.00522680671409411
2053-10-27,0.0052256064270651
2053-10-28,0.00522440631461217
2053-10-29,0.00522320640700458
2053-10-30,0.00522200681933586
2053-10-31,0.005961048502943
2053-11-01,0.00587751909432701
2053-11-02,0.00382918117979689
2053-11-03,0.00381874728726765
2053-11-04,0.00394414817107206
2053-11-05,0.00381699345897773
2053-11-06,0.00381611688657043
2053-11-07,0.00406062323991639
2053-11-08,0.00381436435773375
2053-11-09,0.00381682313347957
2053-11-10,0.00381261250696227
2053-11-11,0.00381173706397666
2053-11-12,0.00457890067070502
2053-11-13,0.00380998641115474
2053-11-14,0.00461382454508029
2053-11-15,0.00380823672725503
2053-11-16,0.00380736222949026
2053-11-17,0.00380648779870762
2053-11-18,0.00380561351657375
2053-11-19,0.00380473953766282
2053-11-20,0.00425003872272501
2053-11-21,0.00380299212548768
2053-11-22,0.0216173493453645
2053-11-23,0.027122394480205
2053-11-24,0.00879612577185874
2053-11-25,0.00714332520021056
2053-11-26,0.00672532125530348
2053-11-27,0.00570025942256816
2053-11-28,0.0317847877042991
2053-11-29,0.0133934564806571
2053-11-30,0.0160771817990674
2053-12-01,0.0117943372217652
2053-12-02,0.0677914491605334
2053-12-03,0.150169663041076
2053-12-04,0.1339450113738
2053-12-05,0.0530146887316164
2053-12-06,0.0851090969048304
2053-12-07,0.0169639702085593
2053-12-08,0.013358387833672
2053-12-09,0.00544462871918162
2053-12-10,0.0041355536314753
2053-12-11,0.00418955974764847
2053-12-12,0.00427372782912218
2053-12-13,0.00704582908919865
2053-12-14,0.00813367785671899
2053-12-15,0.00455785449466734
2053-12-16,0.00436277192065041
2053-12-17,0.0042826145412289
2053-12-18,0.00429474955796441
2053-12-19,0.00585530272886092
2053-12-20,0.22550639231661
2053-12-21,0.128505251548139
2053-12-22,0.0364749963033632
2053-12-23,0.00463815164629685
2053-12-24,0.00708004711162425
2053-12-25,0.0156193865161213
2053-12-26,0.0127118509497846
2053-12-27,0.137214284446378
2053-12-28,0.28791765770177
2053-12-29,0.00540378312473825
2053-12-30,0.0053198266117766
2053-12-31,0.00539691536600392
2054-01-01,0.00366898447202537
2054-01-02,0.00369689947380078
2054-01-03,0.0037692561508912
2054-01-04,0.0254386539908361
2054-01-05,0.0743695800308152
2054-01-06,0.0710674624968561
2054-01-07,0.0504690844643472
2054-01-08,0.0425288833500143
2054-01-09,0.0526233385439033
2054-01-10,0.0635930714010418
2054-01-11,0.0523745314760441
2054-01-12,0.0627188034047156
2054-01-13,0.085106768718131
2054-01-14,0.0372580867817029
2054-01-15,0.0221106438063647
2054-01-16,0.0164726146984733
2054-01-17,0.0303170926818424
2054-01-18,0.0388209799576846
2054-01-19,0.0350647547991059
2054-01-20,0.0448751365851258
2054-01-21,0.0490389183099589
2054-01-22,0.0514861833244565
2054-01-23,0.0235023890921831
2054-01-24,0.00704168484916676
2054-01-25,0.0082161490629084
2054-01-26,0.00833078971681859
2054-01-27,0.00853259617566292
2054-01-28,0.0122864723476378
2054-01-29,0.022026170213614
2054-01-30,0.0329867662109783
2054-01-31,0.0293722016405327
2054-02-01,0.0336417897419733
2054-02-02,0.0217182886236604
2054-02-03,0.0234542224555164
2054-02-04,0.0329022051949655
2054-02-05,0.0293615078841071
2054-02-06,0.0131290954132249
2054-02-07,0.0085678174852443
2054-02-08,0.00739810056738534
2054-02-09,0.010891888768801
2054-02-10,0.0137664336178025
2054-02-11,0.0162003688556498
2054-02-12,0.0216728414729002
2054-02-13,0.0279367160854132
2054-02-14,0.0290476747567553
2054-02-15,0.0111203701280056
2054-02-16,0.0126519807895064
2054-02-17,0.0682084698285355
2054-02-18,0.0332229753454456
2054-02-19,0.104867848114561
2054-02-20,0.0168150474765382
2054-02-21,0.0100671277204037
2054-02-22,0.00617887738827521
2054-02-23,0.0186802422126822
2054-02-24,0.00909270191966403
2054-02-25,0.0122418186692858
2054-02-26,0.00671219107236632
2054-02-27,0.0104751001686672
2054-02-28,0.161034009917193
2054-03-01,0.305942641220138
2054-03-02,0.2053123018077
2054-03-03,0.01899638597787
2054-03-04,0.0156504255605504
2054-03-05,0.0189619068301746
2054-03-06,0.0418175170401732
2054-03-07,0.0552058561851049
2054-03-08,0.0294806725319387
2054-03-09,0.0200394898677896
2054-03-10,0.0185840748636388
2054-03-11,0.0195926217922067
2054-03-12,0.0204809800532315
2054-03-13,0.023015739399985
2054-03-14,0.0228858043578852
2054-03-15,0.0222880946931588
2054-03-16,0.0216635784799052
2054-03-17,0.0201271941524737
2054-03-18,0.0211231452529769
2054-03-19,0.0260745235527877
2054-03-20,0.0173470220728319
2054-03-21,0.015917674082243
2054-03-22,0.0154451358000065
2054-03-23,0.0152450391351146
2054-03-24,0.0238739489985855
2054-03-25,0.0160366154610763
2054-03-26,0.0147212927251321
2054-03-27,0.014143786168725
2054-03-28,0.0151911571656664
2054-03-29,0.0125415325467206
2054-03-30,0.0120472601563021
2054-03-31,0.0117167330329725
2054-04-01,0.0156831060704179
2054-04-02,0.0151810397742241
2054-04-03,0.0150604149510723
2054-04-04,0.0146884885666869
2054-04-05,0.0141530896560514
2054-04-06,0.0147513442851093
2054-04-07,0.0152629585751536
2054-04-08,0.018337597157404
2054-04-09,0.014591476211078
2054-04-10,0.0156070975661176
2054-04-11,0.0333005469844653
2054-04-12,0.0190108397762784
2054-04-13,0.0167262914723606
2054-04-14,0.0145045454830553
2054-04-15,0.0145280811847501
2054-04-16,0.0131593951730284
2054-04-17,0.0128457453380846
2054-04-18,0.0123920076732749
2054-04-19,0.0120770567801779
2054-04-20,0.0115811546263381
2054-04-21,0.0111882539088416
2054-04-22,0.0107983522104131
2054-04-23,0.0103292827906518
2054-04-24,0.0574765577283403
2054-04-25,0.00979725778240862
2054-04-26,0.0092451768482073
2054-04-27,0.0132856284338747
2054-04-28,0.00890004933427228
2054-04-29,0.00830014023187699
2054-04-30,0.00860409127677285
2054-05-01,0.0086836453098679
2054-05-02,0.00843181367390557
2054-05-03,0.00820109812249386
2054-05-04,0.00794549565604586
2054-05-05,0.00766919400658227
2054-05-06,0.00740677228949531
2054-05-07,0.00716800839081005
2054-05-08,0.0698447069249139
2054-05-09,0.0494431714209716
2054-05-10,0.0140897073448319
2054-05-11,0.170341345539405
2054-05-12,0.0306386367080786
2054-05-13,0.0157048947592923
2054-05-14,0.0100959149321531
2054-05-15,0.00961763325022535
2054-05-16,0.0120772697713489
2054-05-17,0.00889829247429481
2054-05-18,0.00842048554286025
2054-05-19,0.00792878298209355
2054-05-20,0.00748915299023702
2054-05-21,0.00705162050190466
2054-05-22,0.00662477839970302
2054-05-23,0.00625693130409023
2054-05-24,0.00597229759319003
2054-05-25,0.00575853678669291
2054-05-26,0.00558093763209331
2054-05-27,0.00539959853476492
2054-05-28,0.00522589155481108
2054-05-29,0.00507772488454608
2054-05-30,0.00496303333518351
2054-05-31,0.0131065922279819
2054-06-01,0.00391421456592278
2054-06-02,0.00385586746554649
2054-06-03,0.00379533950145461
2054-06-04,0.00373484670859678
2054-06-05,0.00367416600264602
2054-06-06,0.00361877084460975
2054-06-07,0.00356636558655378
2054-06-08,0.00351189092817613
2054-06-09,0.00345564901093602
2054-06-10,0.00339952426029183
2054-06-11,0.00334469777918909
2054-06-12,0.00329206001053673
2054-06-13,0.00324144411183143
2054-06-14,0.00319322085550403
2054-06-15,0.00314801697826318
2054-06-16,0.00310588364567193
2054-06-17,0.00306641220339221
2054-06-18,0.00303028447859896
2054-06-19,0.00299690847499634
2054-06-20,0.00296465878287577
2054-06-21,0.00293446930058031
2054-06-22,0.00290727639920994
2054-06-23,0.00288293193090375
2054-06-24,0.00286112183874357
2054-06-25,0.00284152479221928
2054-06-26,0.00282456814209753
2054-06-27,0.00280938163548315
2054-06-28,0.00279510951415189
2054-06-29,0.00278277526673041
2054-06-30,0.00277167735382723
2054-07-01,0.00506559613661239
2054-07-02,0.00531590099570707
2054-07-03,0.00503651689794721
2054-07-04,0.00502465601028108
2054-07-05,0.00501237304709306
2054-07-06,0.00500122947272824
2054-07-07,0.00499108685663106
2054-07-08,0.00498241164184349
2054-07-09,0.00497512568967884
2054-07-10,0.0049684651953264
2054-07-11,0.0049623152602094
2054-07-12,0.00495685935217119
2054-07-13,0.00495247300345163
2054-07-14,0.00494895864176547
2054-07-15,0.00494582504168421
2054-07-16,0.00494303873940038
2054-07-17,0.00494060645814926
2054-07-18,0.00493846425609037
2054-07-19,0.0049365423191199
2054-07-20,0.00493476971183021
2054-07-21,0.00493309712011968
2054-07-22,0.00493151956955443
2054-07-23,0.00493007230649379
2054-07-24,0.00492873245627503
2054-07-25,0.00492743683759127
2054-07-26,0.00492613075329629
2054-07-27,0.00492482816168893
2054-07-28,0.00492361669485545
2054-07-29,0.00492248591765843
2054-07-30,0.00492135550712972
2054-07-31,0.004920225253885
2054-08-01,0.0141814176650169
2054-08-02,0.01417816087861
2054-08-03,0.0141749044426737
2054-08-04,0.0141716485385838
2054-08-05,0.0141683946192343
2054-08-06,0.0141651399347064
2054-08-07,0.0141618869996976
2054-08-08,0.0141586349488949
2054-08-09,0.0141553831181992
2054-08-10,0.0141521317607805
2054-08-11,0.0141488819252166
2054-08-12,0.0141456321699493
2054-08-13,0.0141423837003706
2054-08-14,0.0141391355822071
2054-08-15,0.0141358887147799
2054-08-16,0.0141326419626016
2054-08-17,0.0289748819818592
2054-08-18,0.0141261513404172
2054-08-19,0.0141229071171065
2054-08-20,0.0141196630487207
2054-08-21,0.0141164210529293
2054-08-22,0.0141131790495807
2054-08-23,0.0141099378104657
2054-08-24,0.0141066968122403
2054-08-25,0.0141034574265575
2054-08-26,0.0141002180304834
2054-08-27,0.0140969798860902
2054-08-28,0.0140937426863615
2054-08-29,0.0140905057483051
2054-08-30,0.0140872695329172
2054-08-31,0.0140840346948503
2054-09-01,0.0108342787276219
2054-09-02,0.0108317906539258
2054-09-03,0.010829303126101
2054-09-04,0.0108268162044769
2054-09-05,0.0108243296862597
2054-09-06,0.0108218434536983
2054-09-07,0.0108193579763437
2054-09-08,0.0108168733050762
2054-09-09,0.010814389086642
2054-09-10,0.0108119056662994
2054-09-11,0.0108094224131344
2054-09-12,0.0108069401964708
2054-09-13,0.0108044581055539
2054-09-14,0.010801976691343
2054-09-15,0.0107994961689887
2054-09-16,0.0108748376519975
2054-09-17,0.0107945361622349
2054-09-18,0.0107920571691925
2054-09-19,0.0107895783353323
2054-09-20,0.0107871004194955
2054-09-21,0.010784623065521
2054-09-22,0.0107821466164863
2054-09-23,0.0107796703426247
2054-09-24,0.0107771948479564
2054-09-25,0.010774719710176
2054-09-26,0.0107722450179603
2054-09-27,0.0107697711361929
2054-09-28,0.0107672976665546
2054-09-29,0.0107648248649002
2054-09-30,0.0107623527464935
2054-10-01,0.0435834356976021
2054-10-02,0.00520907295620198
2054-10-03,0.00520787683436148
2054-10-04,0.00520668078467441
2054-10-05,0.00520548477792742
2054-10-06,0.00520428943217623
2054-10-07,0.00520309441657094
2054-10-08,0.00520311317646178
2054-10-09,0.0157267268614794
2054-10-10,0.135106822878729
2054-10-11,0.165168707089001
2054-10-12,0.0103120618770244
2054-10-13,0.00519749329743413
2054-10-14,0.00519772385402873
2054-10-15,0.00519799521356186
2054-10-16,0.00519820510048762
2054-10-17,0.00519830325061742
2054-10-18,0.00559237826521113
2054-10-19,0.0053526152161736
2054-10-20,0.00519788269293332
2054-10-21,0.00519754762931608
2054-10-22,0.0185613171886374
2054-10-23,0.00524005496589685
2054-10-24,0.00519629807416777
2054-10-25,0.0051958067040552
2054-10-26,0.00528951208213356
2054-10-27,0.00519468834354606
2054-10-28,0.00519405162123616
2054-10-29,0.00544317816787814
2054-10-30,0.00519264537242776
2054-10-31,0.00519188178714801
2054-11-01,0.00379961871809077
2054-11-02,0.00379900079355487
2054-11-03,0.00379835775819294
2054-11-04,0.0636039772181033
2054-11-05,0.129370076990533
2054-11-06,0.00422583776694772
2054-11-07,0.00401766838051245
2054-11-08,0.00381004194010977
2054-11-09,0.0039211025807054
2054-11-10,0.00382010233592686
2054-11-11,0.00382428458623951
2054-11-12,0.003827948255783
2054-11-13,0.00383119936515393
2054-11-14,0.00383402888902613
2054-11-15,0.00383639232267196
2054-11-16,0.00383826580911922
2054-11-17,0.00383972080902155
2054-11-18,0.00384092037155728
2054-11-19,0.00384201107834915
2054-11-20,0.00384304825946681
2054-11-21,0.00384395219793679
2054-11-22,0.00814522962777115
2054-11-23,0.00506501163803411
2054-11-24,0.0141570884859838
2054-11-25,0.0568624329653937
2054-11-26,0.0280396319544492
2054-11-27,0.00758712755477532
2054-11-28,0.00387778351320678
2054-11-29,0.00392744238582626
2054-11-30,0.0137455723519634
2054-12-01,0.108187908183081
2054-12-02,0.0144293690819524
2054-12-03,0.0156635444665654
2054-12-04,0.243706431874056
2054-12-05,0.0250225923448996
2054-12-06,0.0133688241863717
2054-12-07,0.0752007397699197
2054-12-08,0.237651531839213
2054-12-09,0.425647131433737
2054-12-10,0.525560232378552
2054-12-11,0.00967864885676928
2054-12-12,0.0461037669979119
2054-12-13,0.0283047678376974
2054-12-14,0.0194210037158704
2054-12-15,0.0222338301574195
2054-12-16,0.0116187857777015
2054-12-17,0.0136241515513312
2054-12-18,0.0129301608571267
2054-12-19,0.0101084431989971
2054-12-20,0.0122487806398225
2054-12-21,0.00765325489752826
2054-12-22,0.00735858800728942
2054-12-23,0.00657949873503518
2054-12-24,0.00755316393778936
2054-12-25,0.0114716608562698
2054-12-26,0.00730711667222489
2054-12-27,0.00653319337586999
2054-12-28,0.00689760492662698
2054-12-29,0.00628563902250566
2054-12-30,0.00684795372741422
2054-12-31,0.0072267630177485
2055-01-01,0.00462277253290872
2055-01-02,0.00461453697469212
2055-01-03,0.00567487548011282
2055-01-04,0.00427353064304895
2055-01-05,0.00700598550641307
2055-01-06,0.00707281961482599
2055-01-07,0.0046435716198266
2055-01-08,0.00465838029311469
2055-01-09,0.00723954145979212
2055-01-10,0.0130731333660827
2055-01-11,0.0261568768105201
2055-01-12,0.00603546591661093
2055-01-13,0.00409402686546895
2055-01-14,0.00491498725712295
2055-01-15,0.00624676523902683
2055-01-16,0.0302629570916172
2055-01-17,0.276886229724769
2055-01-18,0.150140408086675
2055-01-19,0.0145430553633775
2055-01-20,0.0327864466920483
2055-01-21,0.270773385359849
2055-01-22,0.302201915112446
2055-01-23,0.165126708764098
2055-01-24,0.00898182916975866
2055-01-25,0.00829998647904515
2055-01-26,0.0146471299038304
2055-01-27,0.0281495779816601
2055-01-28,0.0441043564926081
2055-01-29,0.0446198141016118
2055-01-30,0.047897450592615
2055-01-31,0.0798226518679009
2055-02-01,0.27283606023494
2055-02-02,0.0693303825803477
2055-02-03,0.17073629155991
2055-02-04,0.0177889484938089
2055-02-05,0.0157146677348627
2055-02-06,0.0179649868340905
2055-02-07,0.0179522367688686
2055-02-08,0.0189208922249719
2055-02-09,0.0320582016261585
2055-02-10,0.0265766401811293
2055-02-11,0.0233978338705358
2055-02-12,0.0290230109462068
2055-02-13,0.0333030095470902
2055-02-14,0.0378841545403732
2055-02-15,0.0458350637843406
2055-02-16,0.0352750272827052
2055-02-17,0.0384356526633667
2055-02-18,0.0375167805598775
2055-02-19,0.0350824163710017
2055-02-20,0.038034490972451
2055-02-21,0.046361467776727
2055-02-22,0.196863815000012
2055-02-23,0.322023118708992
2055-02-24,0.147430267247338
2055-02-25,0.0765786471835542
2055-02-26,0.162797977509965
2055-02-27,0.0922404059351415
2055-02-28,0.112904717309997
2055-03-01,0.0807258274004959
2055-03-02,0.0771650110426413
2055-03-03,0.0756259429081507
2055-03-04,0.0726717046129367
2055-03-05,0.0686648545833092
2055-03-06,0.115632001818043
2055-03-07,0.0859733515919492
2055-03-08,0.065646878383524
2055-03-09,0.0629619156589784
2055-03-10,0.060501122718832
2055-03-11,0.0576454661920327
2055-03-12,0.0550194936674317
2055-03-13,0.170446043023233
2055-03-14,0.182660289139074
2055-03-15,0.0840796285230191
2055-03-16,0.306522820884204
2055-03-17,0.526119149031824
2055-03-18,0.574441814949429
2055-03-19,0.311674496815789
2055-03-20,0.311039478374156
2055-03-21,0.301705712941684
2055-03-22,0.320441115755706
2055-03-23,0.391998150827117
2055-03-24,0.356490072909338
2055-03-25,0.348983666368111
2055-03-26,0.344584396198011
2055-03-27,0.377887382194125
2055-03-28,0.358057316022111
2055-03-29,0.354371116692723
2055-03-30,0.345032509522662
2055-03-31,0.321103744714088
2055-04-01,0.407816274847873
2055-04-02,0.390519763374779
2055-04-03,0.385311568629375
2055-04-04,0.384010881518789
2055-04-05,0.342134702002235
2055-04-06,0.32468320864075
2055-04-07,0.307734311963587
2055-04-08,0.336990004956442
2055-04-09,0.281803306263335
2055-04-10,0.265702416755867
2055-04-11,0.277042598936536
2055-04-12,0.237216282137028
2055-04-13,0.221326794706569
2055-04-14,0.229903919644687
2055-04-15,0.208045755535733
2055-04-16,0.196992749371815
2055-04-17,0.196285346423405
2055-04-18,0.193444414492173
2055-04-19,0.180814780666767
2055-04-20,0.162703619803264
2055-04-21,0.14982312103501
2055-04-22,0.139342087807275
2055-04-23,0.129424559371764
2055-04-24,0.115079127889473
2055-04-25,0.101053666334838
2055-04-26,0.0939994512357661
2055-04-27,0.087776242080186
2055-04-28,0.0816650623759831
2055-04-29,0.0745490319680126
2055-04-30,0.0675498408617142
2055-05-01,0.0696713285951939
2055-05-02,0.0746713676659662
2055-05-03,0.0860784841831857
2055-05-04,0.0671693314667083
2055-05-05,0.0576538612036101
2055-05-06,0.0388641413475478
2055-05-07,0.0331037990861892
2055-05-08,0.0316926134637619
2055-05-09,0.0304649017991851
2055-05-10,0.0291180257582805
2055-05-11,0.0277849347235716
2055-05-12,0.0785558720514243
2055-05-13,0.20043326151269
2055-05-14,0.133098397548936
2055-05-15,0.03346004458809
2055-05-16,0.0330726710778068
2055-05-17,0.0319791298892397
2055-05-18,0.033064410934824
2055-05-19,0.0284061080748449
2055-05-20,0.0266527724140821
2055-05-21,0.025498558299951
2055-05-22,0.0249876198936011
2055-05-23,0.0210824182831099
2055-05-24,0.0193510956644978
2055-05-25,0.0172022902102507
2055-05-26,0.0152975633867201
2055-05-27,0.0136094342672863
2055-05-28,0.0121493599260857
2055-05-29,0.0118660463079151
2055-05-30,0.0101282794569392
2055-05-31,0.00947630450446468
2055-06-01,0.00720085968499663
2055-06-02,0.00679959112568564
2055-06-03,0.00644379516106025
2055-06-04,0.00611953373774812
2055-06-05,0.00584742994778516
2055-06-06,0.00562565123537949
2055-06-07,0.00543095695955202
2055-06-08,0.00526244431360927
2055-06-09,0.00513323460238656
2055-06-10,0.00504536236433403
2055-06-11,0.00498139965157854
2055-06-12,0.00491579597560921
2055-06-13,0.00483478186170248
2055-06-14,0.00473641541977267
2055-06-15,0.00462974789786858
2055-06-16,0.00452478181098096
2055-06-17,0.0044232719059366
2055-06-18,0.00432528617926389
2055-06-19,0.00422903957053685
2055-06-20,0.00414125318594712
2055-06-21,0.00571296056686
2055-06-22,0.00400868909173224
2055-06-23,0.00394494664796173
2055-06-24,0.00387252599377864
2055-06-25,0.00404810285504571
2055-06-26,0.00373046843348487
2055-06-27,0.00366159343229194
2055-06-28,0.00358639440172752
2055-06-29,0.00351327984737142
2055-06-30,0.00344405562695706
2055-07-01,0.00620263344323707
2055-07-02,0.00610063896081176
2055-07-03,0.00600643823961041
2055-07-04,0.00591062873451994
2055-07-05,0.00581609128402233
2055-07-06,0.0057319820236108
2055-07-07,0.00565447952573596
2055-07-08,0.00557936613826114
2055-07-09,0.00550655443356926
2055-07-10,0.00543994330943948
2055-07-11,0.00538037970805103
2055-07-12,0.00532674203988572
2055-07-13,0.00527961162526343
2055-07-14,0.00523713817859117
2055-07-15,0.00519791965398962
2055-07-16,0.00516550373343076
2055-07-17,0.00513897635117082
2055-07-18,0.00511414529510331
2055-07-19,0.00509000428125916
2055-07-20,0.00506794939936948
2055-07-21,0.0050486203755259
2055-07-22,0.0050317323612119
2055-07-23,0.00501776399094485
2055-07-24,0.00500615087078363
2055-07-25,0.00499619938324321
2055-07-26,0.00498749104084273
2055-07-27,0.00497970884949468
2055-07-28,0.00497277155497864
2055-07-29,0.00496706750424765
2055-07-30,0.0049624614088215
2055-07-31,0.00495826351352013
2055-08-01,0.0142837513376832
2055-08-02,0.0142757019488084
2055-08-03,0.01426964189819
2055-08-04,0.0142642644556843
2055-08-05,0.014259387827179
2055-08-06,0.0142548001829471
2055-08-07,0.0142503660694038
2055-08-08,0.0142459914026665
2055-08-09,0.0142419169267602
2055-08-10,0.0142381547749583
2055-08-11,0.0142344139754131
2055-08-12,0.0142307591847564
2055-08-13,0.0142273327479021
2055-08-14,0.0142240652716693
2055-08-15,0.0142207988666863
2055-08-16,0.0142175330067748
2055-08-17,0.0142142675521245
2055-08-18,0.0142110030241903
2055-08-19,0.0142077397186521
2055-08-20,0.0142044768608852
2055-08-21,0.0142012142355057
2055-08-22,0.0141979531792143
2055-08-23,0.0141946920048398
2055-08-24,0.0141914323145336
2055-08-25,0.0141881731012831
2055-08-26,0.0141849142932938
2055-08-27,0.0141816571573609
2055-08-28,0.014178399889175
2055-08-29,0.0141751438433853
2055-08-30,0.0141718881820741
2055-08-31,0.0141686334682616
2055-09-01,0.0108993579633968
2055-09-02,0.0108968543029289
2055-09-03,0.0108943522662648
2055-09-04,0.0108918498385503
2055-09-05,0.0108893484102674
2055-09-06,0.0108868477851641
2055-09-07,0.0108843474079198
2055-09-08,0.010881847514037
2055-09-09,0.0108793486035949
2055-09-10,0.010876850425827
2055-09-11,0.0108743519057084
2055-09-12,0.0108718549832266
2055-09-13,0.0108693579720679
2055-09-14,0.0108668620780921
2055-09-15,0.0108643662131906
2055-09-16,0.0108618708876188
2055-09-17,0.0108593768253286
2055-09-18,0.0222503928225961
2055-09-19,0.0108543891034281
2055-09-20,0.0108518965115742
2055-09-21,0.0108494041530422
2055-09-22,0.0108469126609266
2055-09-23,0.0108444215133423
2055-09-24,0.0108419310460983
2055-09-25,0.0108394411836012
2055-09-26,0.0108369514737448
2055-09-27,0.010834462684819
2055-09-28,0.0108319747615827
2055-09-29,0.0108294871872389
2055-09-30,0.01082700002139
2055-10-01,0.00524156666570589
2055-10-02,0.00524036278649214
2055-10-03,0.00523915943206258
2055-10-04,0.0052379561624573
2055-10-05,0.00523675331204583
2055-10-06,0.00523555066471985
2055-10-07,0.00523434823491007
2055-10-08,0.00523314620986338
2055-10-09,0.00523194427632839
2055-10-10,0.00523074278380919
2055-10-11,0.00522954138596937
2055-10-12,0.0052283404815886
2055-10-13,0.00522713970110054
2055-10-14,0.00522593938591409
2055-10-15,0.00522473922277779
2055-10-16,0.00522353926941436
2055-10-17,0.0052223396613315
2055-10-18,0.00522114043830154
2055-10-19,0.00521994142222874
2055-10-20,0.00521874256735724
2055-10-21,0.00521754408557176
2055-10-22,0.00521634592196527
2055-10-23,0.00521514777419734
2055-10-24,0.0052139501195365
2055-10-25,0.00521275282423493
2055-10-26,0.00521155564085913
2055-10-27,0.00521035863874683
2055-10-28,0.00520916213713294
2055-10-29,0.00520796575378026
2055-10-30,0.00520676980229225
2055-10-31,0.00520557401446932
2055-11-01,0.00380935427249654
2055-11-02,0.00380847948851199
2055-11-03,0.00664387406578424
2055-11-04,0.00474515527660381
2055-11-05,0.00553848769074818
2055-11-06,0.00749061418162038
2055-11-07,0.00391651845953696
2055-11-08,0.00440196449375914
2055-11-09,0.00380236122702928
2055-11-10,0.00380148811270303
2055-11-11,0.00380061512564281
2055-11-12,0.0099261569576666
2055-11-13,0.00476066452664833
2055-11-14,0.00716367761268611
2055-11-15,0.00967409717041763
2055-11-16,0.00397610869103048
2055-11-17,0.0126683380557827
2055-11-18,0.0518880429522285
2055-11-19,0.00484199715174325
2055-11-20,0.00485430228707617
2055-11-21,0.00778367368520474
2055-11-22,0.0075451158209611
2055-11-23,0.00439357811548353
2055-11-24,0.00404302382294638
2055-11-25,0.00389106682561814
2055-11-26,0.00424460748067465
2055-11-27,0.00446737136184404
2055-11-28,0.0039274512357108
2055-11-29,0.00378507166267426
2055-11-30,0.00378423029375357
2055-12-01,0.00378527733854653
2055-12-02,0.0037844397811555
2055-12-03,0.00378360404864863
2055-12-04,0.00378276956314592
2055-12-05,0.0037819354219999
2055-12-06,0.00561574529522299
2055-12-07,0.00983287980726592
2055-12-08,0.00795362843689123
2055-12-09,0.00693260306666821
2055-12-10,0.00618458165979053
2055-12-11,0.00788407203662952
2055-12-12,0.00998518878151802
2055-12-13,0.00809384557740461
2055-12-14,0.00900914306068054
2055-12-15,0.004398616748174
2055-12-16,0.00397055577242251
2055-12-17,0.00390424224131544
2055-12-18,0.00389834566788794
2055-12-19,0.00377067699842253
2055-12-20,0.0038047949164152
2055-12-21,0.031197844516919
2055-12-22,0.0478810010170114
2055-12-23,0.00379942671164751
2055-12-24,0.00466503031249504
2055-12-25,0.00407556070908552
2055-12-26,0.00466707491348017
2055-12-27,0.0336984191102161
2055-12-28,0.219230787867626
2055-12-29,0.0139347408084553
2055-12-30,0.0128822029408613
2055-12-31,0.154633355118928
2056-01-01,0.0481865521460648
2056-01-02,0.00492480307326715
2056-01-03,0.00385573468594524
2056-01-04,0.00361182204780338
2056-01-05,0.00348849550326028
2056-01-06,0.00408601056423745
2056-01-07,0.00683042668988512
2056-01-08,0.0221428449716524
2056-01-09,0.0329873398237366
2056-01-10,0.0326222383470804
2056-01-11,0.0179369168549637
2056-01-12,0.0103104646514775
2056-01-13,0.0065982133933534
2056-01-14,0.00791119114948659
2056-01-15,0.0118132762992691
2056-01-16,0.0101502627090812
2056-01-17,0.00806425762315286
2056-01-18,0.0112170845305493
2056-01-19,0.0120565776544834
2056-01-20,0.0165228838555995
2056-01-21,0.0273325753353481
2056-01-22,0.1210643043429
2056-01-23,0.815259966688241
2056-01-24,0.0809456943855569
2056-01-25,0.0122161866984715
2056-01-26,0.022220102810741
2056-01-27,0.0164053036772438
2056-01-28,0.0172372896287852
2056-01-29,0.023137846721368
2056-01-30,0.0259174631831209
2056-01-31,0.0335621746193636
2056-02-01,0.0238408813644557
2056-02-02,0.0241734709826017
2056-02-03,0.0244672885749965
2056-02-04,0.0270439382571492
2056-02-05,0.027903042097866
2056-02-06,0.0237008997976708
2056-02-07,0.0288941574058012
2056-02-08,0.0314955661574122
2056-02-09,0.0220679133390557
2056-02-10,0.00955586423811453
2056-02-11,0.00829844733948613
2056-02-12,0.0103714389020458
2056-02-13,0.0168460408954778
2056-02-14,0.00762517446660354
2056-02-15,0.00616219401413506
2056-02-16,0.00610385300945177
2056-02-17,0.00544277696575613
2056-02-18,0.00567341022431357
2056-02-19,0.0123937331943395
2056-02-20,0.031129531026563
2056-02-21,0.00601627268756322
2056-02-22,0.00542209129055801
2056-02-23,0.00952685885559162
2056-02-24,0.00571809408628923
2056-02-25,0.0107498659050112
2056-02-26,0.00474323729028011
2056-02-27,0.00423283926596439
2056-02-28,0.00933521999780261
2056-02-29,0.00437480679036693
2056-03-01,0.00360462016581385
2056-03-02,0.00358675398912801
2056-03-03,0.00356736489419912
2056-03-04,0.0247833403428832
2056-03-05,0.0551245152251937
2056-03-06,0.198243910381348
2056-03-07,0.441196330867632
2056-03-08,0.891805712932172
2056-03-09,0.343698603768023
2056-03-10,0.0233870395443759
2056-03-11,0.020029837196936
2056-03-12,0.0208237177910695
2056-03-13,0.0198546904910861
2056-03-14,0.0192591449896723
2056-03-15,0.019707160966439
2056-03-16,0.0179660645398892
2056-03-17,0.0165027203240588
2056-03-18,0.0154283298696436
2056-03-19,0.0145749722008391
2056-03-20,0.0260827208132806
2056-03-21,0.0206181805520665
2056-03-22,0.0127451835170057
2056-03-23,0.0116063818124638
2056-03-24,0.01093873371392
2056-03-25,0.0103518897813785
2056-03-26,0.00985368041770182
2056-03-27,0.10355040548127
2056-03-28,4.46605872835202
2056-03-29,1.32444561813088
2056-03-30,0.269711139329147
2056-03-31,0.134913713549539
2056-04-01,0.18846594013696
2056-04-02,0.174532011217988
2056-04-03,0.159049830487136
2056-04-04,0.142072420945426
2056-04-05,0.124696710411775
2056-04-06,0.107697348959145
2056-04-07,0.091891124604053
2056-04-08,0.07872790772904
2056-04-09,0.0688611111870591
2056-04-10,0.0615056348288238
2056-04-11,0.0547734901718868
2056-04-12,0.0485349952887845
2056-04-13,0.0428070408792169
2056-04-14,0.0373546875620735
2056-04-15,0.0321023031104648
2056-04-16,0.0274987263522255
2056-04-17,0.0237502348323104
2056-04-18,0.058028619766729
2056-04-19,0.0202714353775219
2056-04-20,0.0175430459721904
2056-04-21,0.0151154762467486
2056-04-22,0.0128160686069602
2056-04-23,0.0122997321570376
2056-04-24,0.00989769438831879
2056-04-25,0.00901018880120074
2056-04-26,0.00823552550026407
2056-04-27,0.00774475491505012
2056-04-28,0.00742860573094562
2056-04-29,0.00718347411455513
2056-04-30,0.00697945027398784
2056-05-01,0.00757918798514049
2056-05-02,0.00741166016724539
2056-05-03,0.00727643518070182
2056-05-04,0.00716232427483288
2056-05-05,0.00922237816758031
2056-05-06,0.0204605596088766
2056-05-07,0.00760810862454893
2056-05-08,0.00750423100881416
2056-05-09,0.00757988049884251
2056-05-10,0.00683708074496901
2056-05-11,0.0227574706758461
2056-05-12,0.00671133236448921
2056-05-13,0.00663654864069985
2056-05-14,0.020324953431802
2056-05-15,0.00728697002880695
2056-05-16,0.00645160551559845
2056-05-17,0.00637267197986601
2056-05-18,0.00629717644409071
2056-05-19,0.00622725046224456
2056-05-20,0.00616273626251627
2056-05-21,0.00609174982072937
2056-05-22,0.00600617243551252
2056-05-23,0.00591813349310945
2056-05-24,0.00585391280760568
2056-05-25,0.00577655538591388
2056-05-26,0.00569573970883344
2056-05-27,0.00560974223997402
2056-05-28,0.00551517169559377
2056-05-29,0.00541649942523496
2056-05-30,0.00532553928122714
2056-05-31,0.00524309347194471
2056-06-01,0.00417076294944837
2056-06-02,0.00408659000396779
2056-06-03,0.00399996444907488
2056-06-04,0.00391484216570286
2056-06-05,0.00531453421585311
2056-06-06,0.00377454027818011
2056-06-07,0.0282549367107651
2056-06-08,0.0036879391493529
2056-06-09,0.00364579896077339
2056-06-10,0.00359049310419902
2056-06-11,0.00352715058831383
2056-06-12,0.00346147033261321
2056-06-13,0.00339603794846641
2056-06-14,0.00333144076172375
2056-06-15,0.00327065082436189
2056-06-16,0.00321450168158899
2056-06-17,0.00316304572963084
2056-06-18,0.00311623921012095
2056-06-19,0.00307701037844575
2056-06-20,0.00304960657005809
2056-06-21,0.00302279963346272
2056-06-22,0.00299215031090395
2056-06-23,0.00296044348323548
2056-06-24,0.00292870658952931
2056-06-25,0.00289874411039113
2056-06-26,0.00287181046625911
2056-06-27,0.00284815457180326
2056-06-28,0.00282716309292888
2056-06-29,0.00280833438863519
2056-06-30,0.00279150436281512
2056-07-01,0.00509368496028017
2056-07-02,0.00506959711596147
2056-07-03,0.00504957646132624
2056-07-04,0.00503306685689382
2056-07-05,0.00501904114776482
2056-07-06,0.00500692006945219
2056-07-07,0.00499585794689583
2056-07-08,0.00498616932579578
2056-07-09,0.00497830839644349
2056-07-10,0.00497193812087283
2056-07-11,0.00496624420611202
2056-07-12,0.00496101553182603
2056-07-13,0.00495663464938051
2056-07-14,0.00495315695026497
2056-07-15,0.00495044710798893
2056-07-16,0.00522276811353071
2056-07-17,0.00494680367250628
2056-07-18,0.00494520980241627
2056-07-19,0.00494362081599418
2056-07-20,0.0049420943339024
2056-07-21,0.00494065555401937
2056-07-22,0.00493927513599955
2056-07-23,0.00493798413753302
2056-07-24,0.00493679673646087
2056-07-25,0.00493565110051417
2056-07-26,0.0049345175787115
2056-07-27,0.00493338424958173
2056-07-28,0.00493225137264343
2056-07-29,0.00493111865987029
2056-07-30,0.00492998595004624
2056-07-31,0.00492885379300986
2056-08-01,0.0142062875620986
2056-08-02,0.0142030253211976
2056-08-03,0.0141997629763836
2056-08-04,0.0141965021392544
2056-08-05,0.0141932416289792
2056-08-06,0.0141899822683609
2056-08-07,0.0141867232166481
2056-08-08,0.0141834655261971
2056-08-09,0.0141802079509952
2056-08-10,0.0141769509274775
2056-08-11,0.0141736950224428
2056-08-12,0.0141704404994526
2056-08-13,0.0141671858923872
2056-08-14,0.0141639323197298
2056-08-15,0.0141606797077963
2056-08-16,0.0141574273367524
2056-08-17,0.0141541761673219
2056-08-18,0.0141509252387809
2056-08-19,0.0141476752813553
2056-08-20,0.0141444260097564
2056-08-21,0.0141411778764783
2056-08-22,0.0141379301153982
2056-08-23,0.0141346832234095
2056-08-24,0.0141314371457219
2056-08-25,0.0141281915857106
2056-08-26,0.0141249469665853
2056-08-27,0.0141217032080496
2056-08-28,0.0141184603554473
2056-08-29,0.0141152177777424
2056-08-30,0.014111975804623
2056-08-31,0.01410873488386
2056-09-01,0.0108532802911288
2056-09-02,0.010850787771234
2056-09-03,0.0108482954366885
2056-09-04,0.0108458043995867
2056-09-05,0.010843313450435
2056-09-06,0.0108408233517087
2056-09-07,0.0108383337327096
2056-09-08,0.010835844157322
2056-09-09,0.0108333557005711
2056-09-10,0.0108308680833425
2056-09-11,0.0108283807299639
2056-09-12,0.0108258935684763
2056-09-13,0.0108234074478512
2056-09-14,0.0108209217764252
2056-09-15,0.0108184368078722
2056-09-16,0.0108159523393983
2056-09-17,0.0108134679530596
2056-09-18,0.0108109849303091
2056-09-19,0.0108085019780638
2056-09-20,0.0692133502768266
2056-09-21,0.528553662572522
2056-09-22,1.19269420476292
2056-09-23,1.18089438217786
2056-09-24,0.1000588912364
2056-09-25,0.0127439419747679
2056-09-26,0.0129437177811596
2056-09-27,0.0130135624906878
2056-09-28,0.0130450999247246
2056-09-29,0.0130556448671827
2056-09-30,0.0130484905113204
2056-10-01,0.00630454354088086
2056-10-02,0.00628019526510799
2056-10-03,0.00624658807724215
2056-10-04,0.0062058522427845
2056-10-05,0.00616611512015285
2056-10-06,0.00903919971133619
2056-10-07,0.00623545042086063
2056-10-08,0.00608943057343146
2056-10-09,0.00605973121231784
2056-10-10,0.00602964457103231
2056-10-11,0.00599790914300338
2056-10-12,0.00596456212631405
2056-10-13,0.00593113333339513
2056-10-14,0.00589959937673866
2056-10-15,0.00586745849924918
2056-10-16,0.00583766174156911
2056-10-17,0.236771250854737
2056-10-18,0.702318375943563
2056-10-19,0.00618906340686702
2056-10-20,0.00644471275980934
2056-10-21,0.00654288556549618
2056-10-22,0.111253469242202
2056-10-23,0.00666356546468514
2056-10-24,0.00670089561096204
2056-10-25,0.0112405367238281
2056-10-26,0.00671837348183138
2056-10-27,0.00672001885518975
2056-10-28,0.00670778913523124
2056-10-29,0.00669161789814998
2056-10-30,0.00667092112707416
2056-10-31,0.00664587162769991
2056-11-01,0.0151252481618517
2056-11-02,0.0862298370993046
2056-11-03,0.0345105398625386
2056-11-04,0.00512438683655209
2056-11-05,0.00567152869852593
2056-11-06,0.0049769986366853
2056-11-07,0.00512385781893729
2056-11-08,0.00491067471606073
2056-11-09,0.00615103583935054
2056-11-10,0.00654483396506276
2056-11-11,0.00494177004928509
2056-11-12,0.00492613024541
2056-11-13,0.0426460586989381
2056-11-14,0.162261495349414
2056-11-15,0.00751985603544315
2056-11-16,0.00501274011652645
2056-11-17,0.00504537297807252
2056-11-18,0.00506606281068732
2056-11-19,0.00507936381977628
2056-11-20,0.00508915130465118
2056-11-21,0.00516798620492472
2056-11-22,0.0059088719635195
2056-11-23,0.00509782298633511
2056-11-24,0.00508852353786479
2056-11-25,0.00507901136498365
2056-11-26,0.0187771335101044
2056-11-27,0.0258973891952211
2056-11-28,0.00791252319321116
2056-11-29,0.0104588167327638
2056-11-30,0.00890499539079996
2056-12-01,0.00615593268738817
2056-12-02,0.00638413561704003
2056-12-03,0.0142743006011286
2056-12-04,0.00528731314095796
2056-12-05,0.00843879499352137
2056-12-06,0.0105909666060411
2056-12-07,0.0101081976391823
2056-12-08,0.323114489342469
2056-12-09,0.853892552910032
2056-12-10,0.15700630647155
2056-12-11,0.049986318232831
2056-12-12,0.104798782949312
2056-12-13,0.0199684212758762
2056-12-14,0.0109027841911461
2056-12-15,0.00881130220054788
2056-12-16,0.00683341496914027
2056-12-17,0.00693829957273564
2056-12-18,0.018151129929294
2056-12-19,0.103480166863575
2056-12-20,0.343809123081822
2056-12-21,0.408923560685111
2056-12-22,0.156717928189344
2056-12-23,0.0493700071006469
2056-12-24,0.334682840236312
2056-12-25,0.233760822139533
2056-12-26,0.346251874102846
2056-12-27,2.80253198447188
2056-12-28,1.05779885150525
2056-12-29,4.21577453972919
2056-12-30,1.52013420962948
2056-12-31,3.2031261377476
2057-01-01,8.74727265354342
2057-01-02,1.56435258589229
2057-01-03,0.679569645500057
2057-01-04,0.682570651492522
2057-01-05,0.710063942163427
2057-01-06,0.705532046429961
2057-01-07,0.651280058925916
2057-01-08,0.701866423548377
2057-01-09,0.70450352604136
2057-01-10,0.602006796811858
2057-01-11,0.562311379797856
2057-01-12,0.549439389292155
2057-01-13,0.529488705358107
2057-01-14,0.506484787909715
2057-01-15,0.468413044635295
2057-01-16,0.446285437715027
2057-01-17,0.419958849232096
2057-01-18,0.393339398860583
2057-01-19,0.371090944224628
2057-01-20,0.35326691514919
2057-01-21,0.339661430444473
2057-01-22,0.318603395656657
2057-01-23,0.305879503463555
2057-01-24,0.291539798270157
2057-01-25,0.279846294376963
2057-01-26,0.310688542605016
2057-01-27,0.308829704311544
2057-01-28,0.246417985829995
2057-01-29,0.241089192753057
2057-01-30,0.23233957536262
2057-01-31,0.2269686221312
2057-02-01,0.217176999223686
2057-02-02,0.215185809029439
2057-02-03,0.207143171024873
2057-02-04,0.229258612747499
2057-02-05,0.369422089852894
2057-02-06,0.206039030330852
2057-02-07,0.205609144868902
2057-02-08,0.205698675897543
2057-02-09,0.20633945092662
2057-02-10,0.195055287066671
2057-02-11,0.209613718825228
2057-02-12,0.236470839883192
2057-02-13,0.247683477071446
2057-02-14,0.186909616972151
2057-02-15,0.190909847046431
2057-02-16,0.196089197834321
2057-02-17,0.319112216997087
2057-02-18,1.04081001306624
2057-02-19,0.529598046604159
2057-02-20,0.428997001748214
2057-02-21,0.413664109260247
2057-02-22,0.400637629388297
2057-02-23,0.382837487989373
2057-02-24,0.367125343429513
2057-02-25,0.352938136218117
2057-02-26,0.545869108070508
2057-02-27,0.656906166370882
2057-02-28,0.374578132262427
2057-03-01,0.32926120757511
2057-03-02,0.326890565605799
2057-03-03,0.291776540276694
2057-03-04,0.277476561365453
2057-03-05,0.265813379201266
2057-03-06,0.254663343613339
2057-03-07,0.238713361834503
2057-03-08,0.314283459787319
2057-03-09,0.208409363028171
2057-03-10,0.294430456245516
2057-03-11,0.319728922845867
2057-03-12,0.328024830268194
2057-03-13,0.317358764138569
2057-03-14,0.382075935022352
2057-03-15,0.452820527924929
2057-03-16,0.443103194964839
2057-03-17,0.383698778440324
2057-03-18,0.497585352407967
2057-03-19,0.454571119704377
2057-03-20,0.460837911251637
2057-03-21,0.429494102191009
2057-03-22,0.398718725807318
2057-03-23,0.375437337928981
2057-03-24,0.348386042659019
2057-03-25,0.319060489424812
2057-03-26,0.328680080354263
2057-03-27,0.27460710056091
2057-03-28,0.254306603681758
2057-03-29,0.234664514697256
2057-03-30,0.222824898361554
2057-03-31,0.208905166428178
2057-04-01,0.265601074594935
2057-04-02,0.243044686130184
2057-04-03,0.222926524263303
2057-04-04,0.201212418399188
2057-04-05,0.182893336890286
2057-04-06,0.167401034809493
2057-04-07,0.154013009423497
2057-04-08,0.141292113896008
2057-04-09,0.225066764505249
2057-04-10,0.263735148892096
2057-04-11,0.143720716981729
2057-04-12,0.146088616231237
2057-04-13,0.146205206903919
2057-04-14,0.138809680137338
2057-04-15,0.130583032251165
2057-04-16,0.122231952288453
2057-04-17,0.117402977243018
2057-04-18,0.109673624292204
2057-04-19,0.103954312841079
2057-04-20,0.0970492964217831
2057-04-21,0.0937343330108038
2057-04-22,0.102549476744326
2057-04-23,0.0858669830925356
2057-04-24,0.0730442021967285
2057-04-25,0.186766630860671
2057-04-26,0.155991532115077
2057-04-27,0.057866156153549
2057-04-28,0.0590652377388772
2057-04-29,0.0591049493842049
2057-04-30,0.0581506076967643
2057-05-01,0.0634072037463386
2057-05-02,0.0633148238321026
2057-05-03,0.0744803427272015
2057-05-04,0.0754952824881809
2057-05-05,0.0632002647971521
2057-05-06,0.0555848187772507
2057-05-07,0.0688779486587643
2057-05-08,0.062356397485737
2057-05-09,0.0604343959903836
2057-05-10,0.0583560016223502
2057-05-11,0.0542665637347265
2057-05-12,0.0483876186695118
2057-05-13,0.0488171170609932
2057-05-14,0.0541156726786989
2057-05-15,0.0538664510597339
2057-05-16,0.024321118796455
2057-05-17,0.0235536252538021
2057-05-18,0.0229859494179425
2057-05-19,0.022542214812337
2057-05-20,0.02319356809371
2057-05-21,0.0205777811962676
2057-05-22,0.0188480986449521
2057-05-23,0.0170884922845785
2057-05-24,0.0154048833248005
2057-05-25,0.0139563016063472
2057-05-26,0.0127265350990505
2057-05-27,0.0115991121170365
2057-05-28,0.0105564559371547
2057-05-29,0.00963023584378787
2057-05-30,0.00883134949560293
2057-05-31,0.00814041561839355
2057-06-01,0.00608555311078541
2057-06-02,0.00563813569028048
2057-06-03,0.00526276164991323
2057-06-04,0.00495146645364033
2057-06-05,0.00469597362974129
2057-06-06,0.00449101160913015
2057-06-07,0.0043371033113061
2057-06-08,0.00422071639078885
2057-06-09,0.00411294259309245
2057-06-10,0.00400848986833063
2057-06-11,0.00390796866916822
2057-06-12,0.003811108969264
2057-06-13,0.00371678652836455
2057-06-14,0.00362587916660134
2057-06-15,0.00353961294915678
2057-06-16,0.00345850257170213
2057-06-17,0.00338293540293243
2057-06-18,0.00331380836950961
2057-06-19,0.00325416461213517
2057-06-20,0.0032031782782256
2057-06-21,0.00315562454423177
2057-06-22,0.00310773157349544
2057-06-23,0.00305996944668011
2057-06-24,0.00301624454385505
2057-06-25,0.00297724189584791
2057-06-26,0.00294271155344608
2057-06-27,0.00291187582495437
2057-06-28,0.0028838850100814
2057-06-29,0.00300773395078106
2057-06-30,0.00284002339973641
2057-07-01,0.00517669943695298
2057-07-02,0.00514483169075134
2057-07-03,0.00515286995124996
2057-07-04,0.00509768538094341
2057-07-05,0.00509449928503642
2057-07-06,0.00506658490406002
2057-07-07,0.005053456386724
2057-07-08,0.00504061628988943
2057-07-09,0.00502910817448666
2057-07-10,0.00501851059773414
2057-07-11,0.00500902710870886
2057-07-12,0.00500048963930848
2057-07-13,0.00499254629937074
2057-07-14,0.00498558309821534
2057-07-15,0.00497985886827597
2057-07-16,0.00497510912800226
2057-07-17,0.00497073501990931
2057-07-18,0.00496671932565985
2057-07-19,0.00496307799319522
2057-07-20,0.00495978840507754
2057-07-21,0.00495681212306544
2057-07-22,0.00495410875138725
2057-07-23,0.00495163384519157
2057-07-24,0.00494934812443999
2057-07-25,0.00494731745082071
2057-07-26,0.00494552179618356
2057-07-27,0.00494387662955827
2057-07-28,0.00494233269811841
2057-07-29,0.00494085127363029
2057-07-30,0.00493943479366808
2057-07-31,0.00493806488090818
2057-08-01,0.0142322917114949
2057-08-02,0.0142285551742768
2057-08-03,0.0142248407526045
2057-08-04,0.014221275925203
2057-08-05,0.0142179253269769
2057-08-06,0.0142146596314371
2057-08-07,0.0142113955531633
2057-08-08,0.0142081310299524
2057-08-09,0.0142048685878379
2057-08-10,0.0142016060389762
2057-08-11,0.014198344567977
2057-08-12,0.0141950840577018
2057-08-13,0.0141918239120672
2057-08-14,0.014188565182485
2057-08-15,0.0141853061676142
2057-08-16,0.0141820487360012
2057-08-17,0.0141787919514837
2057-08-18,0.0141755353445631
2057-08-19,0.0141722801489717
2057-08-20,0.028565158588113
2057-08-21,0.0141657709669596
2057-08-22,0.34506215866572
2057-08-23,0.0149937879530453
2057-08-24,0.0825178215706017
2057-08-25,0.0141527938366056
2057-08-26,0.014149568972309
2057-08-27,0.0141463454059816
2057-08-28,0.014143121468401
2057-08-29,0.0141398968572744
2057-08-30,0.0141366697871856
2057-08-31,0.0141334412764831
2057-09-01,0.0108722976790905
2057-09-02,0.0108698111325258
2057-09-03,0.010867323868551
2057-09-04,0.0108648348397616
2057-09-05,0.0108623464106313
2057-09-06,0.0108598567785487
2057-09-07,0.0108573675411507
2057-09-08,0.010854877951226
2057-09-09,0.0108523889377007
2057-09-10,0.0108498996494226
2057-09-11,0.0108474107921721
2057-09-12,0.0108449218869488
2057-09-13,0.0108424332048713
2057-09-14,0.0790760480001311
2057-09-15,0.0108374571781377
2057-09-16,0.0108349700406364
2057-09-17,0.0108324824343108
2057-09-18,0.0108299965818967
2057-09-19,0.0153280209713451
2057-09-20,0.0458051189167884
2057-09-21,0.01082253950947
2057-09-22,0.010820055295397
2057-09-23,0.0108175719680923
2057-09-24,0.0108150884190955
2057-09-25,0.0108126054624892
2057-09-26,0.0108101237059276
2057-09-27,0.0108076418127164
2057-09-28,0.010805160634008
2057-09-29,0.0108026797453165
2057-09-30,0.0108001995456876
2057-10-01,0.00522859205242865
2057-10-02,0.00522739152852522
2057-10-03,0.00522619121545056
2057-10-04,0.00522499126983044
2057-10-05,0.00522379140129131
2057-10-06,0.0052225920350104
2057-10-07,0.00522139263670041
2057-10-08,0.00522019364596929
2057-10-09,0.00521899509519808
2057-10-10,0.00521779646629001
2057-10-11,0.00521659822278681
2057-10-12,0.00521540052800162
2057-10-13,0.015079456668142
2057-10-14,0.0235479495305926
2057-10-15,0.00591108796591564
2057-10-16,0.00602724611018975
2057-10-17,0.00562486832515953
2057-10-18,0.00520821863218118
2057-10-19,0.00520702284365433
2057-10-20,0.0052058269164521
2057-10-21,0.00520463147707743
2057-10-22,0.00520343642275566
2057-10-23,0.00520224154617771
2057-10-24,0.0052010468459357
2057-10-25,0.00519985247337583
2057-10-26,0.00519865826201728
2057-10-27,0.00519746456558782
2057-10-28,0.00654045752456457
2057-10-29,0.00519507779289637
2057-10-30,0.00608335080887875
2057-10-31,0.00545633399853314
2057-11-01,0.00379992763141023
2057-11-02,0.00379905497204718
2057-11-03,0.00379818251801011
2057-11-04,0.003797310358952
2057-11-05,0.00436156548420422
2057-11-06,0.00398771463653645
2057-11-07,0.00379469501248752
2057-11-08,0.00379382356524332
2057-11-09,0.00379295227772572
2057-11-10,0.00490399697993307
2057-11-11,0.0037912103725118
2057-11-12,0.00379033982334333
2057-11-13,0.00378946937567854
2057-11-14,0.182242734221934
2057-11-15,0.00397704648535826
2057-11-16,0.0481729836481667
2057-11-17,0.290627240839538
2057-11-18,0.00382208195452171
2057-11-19,0.00426286826678723
2057-11-20,0.00901244061062292
2057-11-21,0.00846754996997368
2057-11-22,0.00676585946402041
2057-11-23,0.2927813103864
2057-11-24,0.0569150111846582
2057-11-25,0.00722546797128115
2057-11-26,0.00847508463265119
2057-11-27,0.0152663070186903
2057-11-28,0.461566860485768
2057-11-29,0.338214750825493
2057-11-30,0.0408443915461217
2057-12-01,0.0113182617047269
2057-12-02,0.00721843921178081
2057-12-03,0.00747742345488965
2057-12-04,0.0343115619151237
2057-12-05,0.119127452717008
2057-12-06,0.00910701710062361
2057-12-07,0.00732053572642763
2057-12-08,0.00728712153505939
2057-12-09,0.00677155814976418
2057-12-10,0.0226790847465804
2057-12-11,0.0562921989426
2057-12-12,0.00803544848863252
2057-12-13,0.163498409723139
2057-12-14,0.0941800646329027
2057-12-15,0.176372737641638
2057-12-16,0.491758108294607
2057-12-17,0.00857649683124475
2057-12-18,0.218636749670848
2057-12-19,0.00968918533684194
2057-12-20,0.00746801981547664
2057-12-21,0.00754645381038357
2057-12-22,0.00759307730562514
2057-12-23,0.00761489006556042
2057-12-24,0.00762370353485885
2057-12-25,0.00764585778474821
2057-12-26,0.00762917230337354
2057-12-27,0.00762268389887759
2057-12-28,0.00761543838035874
2057-12-29,0.00769890459540423
2057-12-30,0.00763950301899364
2057-12-31,0.0392297682299415
2058-01-01,0.00686146033374794
2058-01-02,0.00515576957821126
2058-01-03,0.00569252699178412
2058-01-04,0.0132375517383014
2058-01-05,0.0646740740458795
2058-01-06,0.00924625875145139
2058-01-07,0.0412446621661767
2058-01-08,0.238569187485228
2058-01-09,0.144969729524119
2058-01-10,0.275413220506457
2058-01-11,0.373999926507547
2058-01-12,0.242673038171011
2058-01-13,0.0129162579730952
2058-01-14,0.0104237814895237
2058-01-15,0.0113362969161206
2058-01-16,0.0124343220561342
2058-01-17,0.013208020916214
2058-01-18,0.0144688493541604
2058-01-19,0.0375140374506737
2058-01-20,0.0385374070564973
2058-01-21,0.0794825392238351
2058-01-22,0.0189595140358108
2058-01-23,0.0202222174532306
2058-01-24,0.0209896871663751
2058-01-25,0.0219686594622061
2058-01-26,0.0236114180248322
2058-01-27,0.0233006071200072
2058-01-28,0.186895239301852
2058-01-29,1.38867830785238
2058-01-30,0.693524094944093
2058-01-31,1.27950227366799
2058-02-01,1.73771183376468
2058-02-02,1.28673942818757
2058-02-03,0.625319855285762
2058-02-04,0.744185806178906
2058-02-05,0.60707577054314
2058-02-06,0.582345457004159
2058-02-07,0.56413102727211
2058-02-08,0.544291969428317
2058-02-09,0.523705221321893
2058-02-10,0.648729223811205
2058-02-11,0.764483636636802
2058-02-12,1.11598661389624
2058-02-13,1.23274600239204
2058-02-14,1.99043614866501
2058-02-15,0.883411411632682
2058-02-16,0.747677525195974
2058-02-17,0.736765925895179
2058-02-18,0.906775346732547
2058-02-19,1.0933209143959
2058-02-20,0.767332035058173
2058-02-21,0.682125368889712
2058-02-22,0.769385027216739
2058-02-23,1.04352534073966
2058-02-24,1.85991342743652
2058-02-25,0.89416417792036
2058-02-26,0.710406179294331
2058-02-27,0.6526108212109
2058-02-28,0.658467556201028
2058-03-01,0.587749514107867
2058-03-02,0.714342763700801
2058-03-03,0.985300064140726
2058-03-04,0.780110504952469
2058-03-05,0.559030735858223
2058-03-06,0.552640405762861
2058-03-07,0.561576110787143
2058-03-08,0.563405721947398
2058-03-09,0.538598063834301
2058-03-10,0.512927050482256
2058-03-11,0.481289792043474
2058-03-12,0.44629080767961
2058-03-13,0.411779381483321
2058-03-14,0.378064576904635
2058-03-15,0.346349862381635
2058-03-16,0.319324797385904
2058-03-17,0.299216957276542
2058-03-18,0.272505983204643
2058-03-19,0.250705038257917
2058-03-20,0.234636536635177
2058-03-21,0.221066329683123
2058-03-22,0.211028267079752
2058-03-23,0.195412407413216
2058-03-24,0.195275275207797
2058-03-25,0.178539115880454
2058-03-26,0.237182934349077
2058-03-27,0.21555402485697
2058-03-28,0.18531208474913
2058-03-29,0.179011476358484
2058-03-30,0.178729347634651
2058-03-31,0.196756904269731
2058-04-01,0.376683837217195
2058-04-02,0.365779124878243
2058-04-03,0.298003725758699
2058-04-04,0.329839146991714
2058-04-05,0.338668959187694
2058-04-06,0.396062000698322
2058-04-07,0.470069358773568
2058-04-08,0.393262183029771
2058-04-09,0.395570589568384
2058-04-10,0.396792711008148
2058-04-11,0.38677112772533
2058-04-12,0.374477095196669
2058-04-13,0.360552663810369
2058-04-14,0.346984313063713
2058-04-15,0.346402261902387
2058-04-16,0.343468925447657
2058-04-17,0.343476456657764
2058-04-18,0.369452050186808
2058-04-19,0.360500771602017
2058-04-20,0.282539322086157
2058-04-21,0.260416398019005
2058-04-22,0.315687606013676
2058-04-23,0.323386374930982
2058-04-24,0.236565383766993
2058-04-25,0.204955025752487
2058-04-26,0.18696815681072
2058-04-27,0.198222869725032
2058-04-28,0.208584235027418
2058-04-29,0.199635748831143
2058-04-30,0.18232242915025
2058-05-01,0.170978714233648
2058-05-02,0.138483455406626
2058-05-03,0.13461885046877
2058-05-04,0.123534459921167
2058-05-05,0.114793406321069
2058-05-06,0.107441227326953
2058-05-07,0.116597414061146
2058-05-08,0.125578730270341
2058-05-09,0.110283174418803
2058-05-10,0.0831628234779524
2058-05-11,0.0821052690153925
2058-05-12,0.272999714188533
2058-05-13,0.160882410458636
2058-05-14,0.0712630461156397
2058-05-15,0.0790201870941723
2058-05-16,0.0935567105585046
2058-05-17,0.0946277346795682
2058-05-18,0.100559506549071
2058-05-19,0.0964136917081017
2058-05-20,0.0879545436910425
2058-05-21,0.0788867755757342
2058-05-22,0.071716934318363
2058-05-23,0.0769344616393995
2058-05-24,0.075332878115337
2058-05-25,0.0727119342091331
2058-05-26,0.0758531280125124
2058-05-27,0.0385030268902059
2058-05-28,0.0307545212979868
2058-05-29,0.0293388620542811
2058-05-30,0.0282143983506057
2058-05-31,0.02693167392966
2058-06-01,0.0200298381477791
2058-06-02,0.0179464325074629
2058-06-03,0.0161163715408108
2058-06-04,0.0144703661534416
2058-06-05,0.0130258037856689
2058-06-06,0.0118365884620224
2058-06-07,0.010818566593614
2058-06-08,0.0099074634069801
2058-06-09,0.0208635959472736
2058-06-10,0.00873904393434208
2058-06-11,0.00819227501978988
2058-06-12,0.0075308526537633
2058-06-13,0.0069110781597738
2058-06-14,0.00640054765107162
2058-06-15,0.00600488383251154
2058-06-16,0.00567787026826169
2058-06-17,0.00538542314573534
2058-06-18,0.00510928916817229
2058-06-19,0.00484577620692247
2058-06-20,0.00461961552563047
2058-06-21,0.00443812859171817
2058-06-22,0.00429392100858177
2058-06-23,0.00723651916815453
2058-06-24,0.0041048494694027
2058-06-25,0.00401826291383732
2058-06-26,0.00392397476252442
2058-06-27,0.00383066082920999
2058-06-28,0.00374050649908959
2058-06-29,0.0036542154751277
2058-06-30,0.00357348283683395
2058-07-01,0.0064160494613233
2058-07-02,0.00628357394174812
2058-07-03,0.00615929972456732
2058-07-04,0.00604281318172002
2058-07-05,0.00593659311807886
2058-07-06,0.00584223570073545
2058-07-07,0.00575460963123333
2058-07-08,0.00567166921238301
2058-07-09,0.00559803100128977
2058-07-10,0.00553324147087633
2058-07-11,0.00547668160836969
2058-07-12,0.00542781037387997
2058-07-13,0.00538240064153149
2058-07-14,0.00534030876516597
2058-07-15,0.00530036561552356
2058-07-16,0.00526190048844761
2058-07-17,0.00522780337765907
2058-07-18,0.00519710873574247
2058-07-19,0.00516924104091435
2058-07-20,0.00514439926495984
2058-07-21,0.00512238884954814
2058-07-22,0.0051030236310538
2058-07-23,0.0050859244855915
2058-07-24,0.00507022048222431
2058-07-25,0.00505564266860438
2058-07-26,0.00504208945303593
2058-07-27,0.00502991275877642
2058-07-28,0.00501909268022609
2058-07-29,0.00500934205810448
2058-07-30,0.00500073090180969
2058-07-31,0.00499299158935433
2058-08-01,0.0143747471935231
2058-08-02,0.0143569984247006
2058-08-03,0.0143404745761679
2058-08-04,0.0143252073622085
2058-08-05,0.0143116978150408
2058-08-06,0.014300202302499
2058-08-07,0.014290059943759
2058-08-08,0.0142808057153325
2058-08-09,0.0142724419335375
2058-08-10,0.0142648811602076
2058-08-11,0.0142579845721392
2058-08-12,0.0142516502305625
2058-08-13,0.0142458046122225
2058-08-14,0.0142405751967888
2058-08-15,0.014235907486554
2058-08-16,0.0142315469510563
2058-08-17,0.0142274445792008
2058-08-18,0.0142235198458776
2058-08-19,0.0142196927275937
2058-08-20,0.014215954225473
2058-08-21,0.0142122358333749
2058-08-22,0.014208499537991
2058-08-23,0.0142049219425012
2058-08-24,0.0142015216879742
2058-08-25,0.0141981707147162
2058-08-26,0.0141948864971353
2058-08-27,0.0141916267236986
2058-08-28,0.0141883673715824
2058-08-29,0.0141851094147359
2058-08-30,0.0141818508192961
2058-08-31,0.014178594174589
2058-09-01,0.0109070198713285
2058-09-02,0.0109045150006397
2058-09-03,0.0109020107804901
2058-09-04,0.0108995070160813
2058-09-05,0.0108970040105136
2058-09-06,0.0108945012869674
2058-09-07,0.0108919989602864
2058-09-08,0.010889497633037
2058-09-09,0.0108869969665027
2058-09-10,0.0108844966641249
2058-09-11,0.0108819969076185
2058-09-12,0.0108794977573129
2058-09-13,0.0108769989842472
2058-09-14,0.0108745014235829
2058-09-15,0.0108720037437136
2058-09-16,0.0108695070850817
2058-09-17,0.0108670108720147
2058-09-18,0.0108645149002649
2058-09-19,0.0108620199461182
2058-09-20,0.0108595255720052
2058-09-21,0.0108570315460579
2058-09-22,0.0108545379031655
2058-09-23,0.0108520453963541
2058-09-24,0.0108495531911895
2058-09-25,0.0108470615726003
2058-09-26,0.0108445705035168
2058-09-27,0.0108420795092998
2058-09-28,0.0108395895726631
2058-09-29,0.0108371005278829
2058-09-30,0.0108346118661575
2058-10-01,0.00524525149895045
2058-10-02,0.00524404703863765
2058-10-03,0.00524284260366655
2058-10-04,0.0052416385752184
2058-10-05,0.00524043474492819
2058-10-06,0.00523923118389347
2058-10-07,0.00523802811033431
2058-10-08,0.00523682517932219
2058-10-09,0.00523562253903557
2058-10-10,0.00523442000504327
2058-10-11,0.00523321795676671
2058-10-12,0.00523201608482609
2058-10-13,0.0052308144715819
2058-10-14,0.00522961331765586
2058-10-15,0.00522841226720841
2058-10-16,0.00522721152790059
2058-10-17,0.00522601101385226
2058-10-18,0.00522481085775531
2058-10-19,0.00522361102159722
2058-10-20,0.00522241146243789
2058-10-21,0.00522121206694365
2058-10-22,0.00522001307058105
2058-10-23,0.00521881422345285
2058-10-24,0.00521761574518702
2058-10-25,0.00521641753476882
2058-10-26,0.00521521943592444
2058-10-27,0.00521402169679128
2058-10-28,0.00521282453699737
2058-10-29,0.00521162713927311
2058-10-30,0.00521043041451153
2058-10-31,0.00618193112303857
2058-11-01,0.00387314171785194
2058-11-02,0.00381119750079905
2058-11-03,0.00381028161297548
2058-11-04,0.00380940657909607
2058-11-05,0.00512863901388528
2058-11-06,0.00380765703250972
2058-11-07,0.00380679758227947
2058-11-08,0.00380590834277933
2058-11-09,0.00380503437546148
2058-11-10,0.00380416055112468
2058-11-11,0.00380328699574689
2058-11-12,0.00380241349678865
2058-11-13,0.00380154036906597
2058-11-14,0.00380066731631173
2058-11-15,0.00379979439932512
2058-11-16,0.00379892180204936
2058-11-17,0.00379804931915844
2058-11-18,0.00379717711166711
2058-11-19,0.00379630511491186
2058-11-20,0.00379543335362453
2058-11-21,0.00379456170672207
2058-11-22,0.0037936902324274
2058-11-23,0.00379281895804861
2058-11-24,0.00397753461347683
2058-11-25,0.00379107705334992
2058-11-26,0.00379020654797746
2058-11-27,0.111065095432544
2058-11-28,0.00549194114285394
2058-11-29,0.0803089299275983
2058-11-30,0.289654708800309
2058-12-01,0.161281337744287
2058-12-02,0.0147063782427981
2058-12-03,0.00632681831274037
2058-12-04,0.00692711008982793
2058-12-05,0.00792841173780335
2058-12-06,0.00996371774145161
2058-12-07,0.0077286169824495
2058-12-08,0.00680703708620961
2058-12-09,0.00488731273232217
2058-12-10,0.00460872029553609
2058-12-11,0.00710214376296297
2058-12-12,0.00530600506751596
2058-12-13,0.00511343901468274
2058-12-14,0.00621285150426074
2058-12-15,0.00795297068136702
2058-12-16,0.0218893061560812
2058-12-17,0.0185615595292479
2058-12-18,0.0205966350397168
2058-12-19,0.0204451221472083
2058-12-20,0.0106474623441415
2058-12-21,0.0542608692347206
2058-12-22,1.02156392491814
2058-12-23,14.2209812697575
2058-12-24,1.28487446245674
2058-12-25,0.0429547512293631
2058-12-26,0.0143370466303656
2058-12-27,0.0102745134450399
2058-12-28,0.00776037287735369
2058-12-29,0.00775917969076486
2058-12-30,0.00775383075785646
2058-12-31,0.00783084847202409
2059-01-01,0.00519821930509437
2059-01-02,0.00526203251597214
2059-01-03,0.00531361174195121
2059-01-04,0.00530220243163616
2059-01-05,0.00528323013782601
2059-01-06,0.00552608848972618
2059-01-07,0.00567265705610968
2059-01-08,0.0056007077663392
2059-01-09,0.00604860653975831
2059-01-10,0.00634253938809913
2059-01-11,0.00679906265660747
2059-01-12,0.00679089523419634
2059-01-13,0.0375327449807559
2059-01-14,0.0503607408343238
2059-01-15,0.0461478236678633
2059-01-16,0.101176759752822
2059-01-17,0.094567652659226
2059-01-18,0.0118265912222893
2059-01-19,0.0190140941620006
2059-01-20,0.0186601508103058
2059-01-21,0.057091106384229
2059-01-22,0.00930432461208074
2059-01-23,0.00633627112266243
2059-01-24,0.00713221613741274
2059-01-25,0.00690919545190187
2059-01-26,0.00664940131391277
2059-01-27,0.00608873426433309
2059-01-28,0.00614284326478943
2059-01-29,0.00613239188394641
2059-01-30,0.0553733841375656
2059-01-31,0.147789485539649
2059-02-01,0.397119583587173
2059-02-02,0.521597647107621
2059-02-03,0.173373426666276
2059-02-04,0.0546824981415452
2059-02-05,0.0305298553289101
2059-02-06,0.117120080251604
2059-02-07,0.136752228019693
2059-02-08,0.0529858152939488
2059-02-09,0.0601281834891658
2059-02-10,0.061708860941953
2059-02-11,0.0633699831033877
2059-02-12,0.0673014612920963
2059-02-13,0.0727758323856077
2059-02-14,0.0789350647795536
2059-02-15,0.0721767222223328
2059-02-16,0.0896058551283152
2059-02-17,0.156425123887218
2059-02-18,0.366734267722389
2059-02-19,0.230594849843371
2059-02-20,0.152839892731175
2059-02-21,0.161892996602161
2059-02-22,0.257838695580873
2059-02-23,0.172513636161259
2059-02-24,0.177244456748472
2059-02-25,0.174890554833032
2059-02-26,0.163079097657405
2059-02-27,0.152585285303347
2059-02-28,0.144453444388114
2059-03-01,0.124238772596983
2059-03-02,0.111821734141503
2059-03-03,0.103906153367259
2059-03-04,0.175048416512975
2059-03-05,0.136829102737035
2059-03-06,0.0967542990957864
2059-03-07,0.209928392580562
2059-03-08,0.173250752906197
2059-03-09,0.142497477603316
2059-03-10,0.139718428400472
2059-03-11,0.226800807052088
2059-03-12,0.227417980399446
2059-03-13,0.281125946275832
2059-03-14,0.340485391751215
2059-03-15,0.319123008399429
2059-03-16,0.341162372223762
2059-03-17,0.311731042627256
2059-03-18,0.365218966636241
2059-03-19,0.314989069542957
2059-03-20,0.311603151462185
2059-03-21,0.309963213099054
2059-03-22,0.317441301815495
2059-03-23,0.439938837046617
2059-03-24,0.324431335059993
2059-03-25,0.321618033911347
2059-03-26,0.306417549845243
2059-03-27,0.285396367544749
2059-03-28,0.266439334466259
2059-03-29,0.243843113935663
2059-03-30,0.221549419571972
2059-03-31,0.213337139619392
2059-04-01,0.322578680674535
2059-04-02,0.459795048241615
2059-04-03,0.267756040978086
2059-04-04,0.27985454001215
2059-04-05,0.267079221996647
2059-04-06,0.252978522415257
2059-04-07,0.235086018586371
2059-04-08,0.217097135804285
2059-04-09,0.237022697182475
2059-04-10,0.19513423812117
2059-04-11,0.177352996588953
2059-04-12,0.165444613489954
2059-04-13,0.17252424738553
2059-04-14,0.157414425563904
2059-04-15,0.138388265291902
2059-04-16,0.126614312052627
2059-04-17,0.115766400855437
2059-04-18,0.10370271722423
2059-04-19,0.0937446064017203
2059-04-20,0.0840261627725858
2059-04-21,0.0751188790577374
2059-04-22,0.0667065729864868
2059-04-23,0.0587467213848142
2059-04-24,0.0944859932912877
2059-04-25,0.097986694041358
2059-04-26,0.066739733613428
2059-04-27,0.0483496605626655
2059-04-28,0.0481758606959357
2059-04-29,0.0494039932624071
2059-04-30,0.0458633969695739
2059-05-01,0.0679898954560292
2059-05-02,0.0918995912359764
2059-05-03,0.0483086548850035
2059-05-04,0.0466075995877273
2059-05-05,0.0428471632075806
2059-05-06,0.0591396660237044
2059-05-07,0.0406305797708344
2059-05-08,0.0540181602514422
2059-05-09,0.0350328679324233
2059-05-10,0.031091625002769
2059-05-11,0.0269887294622464
2059-05-12,0.0254772208742511
2059-05-13,0.0211175115478195
2059-05-14,0.0186815808101501
2059-05-15,0.0164722217467937
2059-05-16,0.0145552820520396
2059-05-17,0.0130668352628112
2059-05-18,0.0119031186899235
2059-05-19,0.0110200285502264
2059-05-20,0.050970993764638
2059-05-21,0.0587863224732247
2059-05-22,0.0594133784614435
2059-05-23,0.0101414665022866
2059-05-24,0.0117494821498473
2059-05-25,0.00962906992904284
2059-05-26,0.00935548314902663
2059-05-27,0.00904936965867855
2059-05-28,0.00875933925275984
2059-05-29,0.00850224815970772
2059-05-30,0.00823754830385841
2059-05-31,0.00800687175234919
2059-06-01,0.0063416236920872
2059-06-02,0.00686680963409402
2059-06-03,0.00616098811566348
2059-06-04,0.00607495288129312
2059-06-05,0.00597673998642213
2059-06-06,0.00587102471777631
2059-06-07,0.00576663923078305
2059-06-08,0.00567113002338878
2059-06-09,0.00558181145617009
2059-06-10,0.00549684889424734
2059-06-11,0.0290166743412431
2059-06-12,0.00830639054232348
2059-06-13,0.00981078573084915
2059-06-14,0.00544899102472769
2059-06-15,0.00518581202319562
2059-06-16,0.00509001761712098
2059-06-17,0.00637285069988796
2059-06-18,0.00490752986146084
2059-06-19,0.00482063841518211
2059-06-20,0.00474044616286785
2059-06-21,0.00466347624182484
2059-06-22,0.00458737305137374
2059-06-23,0.00451160758050264
2059-06-24,0.0044338336458708
2059-06-25,0.00439890230460342
2059-06-26,0.00428664963967226
2059-06-27,0.00421072848299694
2059-06-28,0.00413034176096154
2059-06-29,0.00405070395883359
2059-06-30,0.00397226493153963
2059-07-01,0.00713924493881266
2059-07-02,0.00698779127861101
2059-07-03,0.00684198581366304
2059-07-04,0.00670056389548589
2059-07-05,0.00655992820262463
2059-07-06,0.0064230182942286
2059-07-07,0.00628911469696294
2059-07-08,0.00616002245171468
2059-07-09,0.00604033210212768
2059-07-10,0.00592792873884757
2059-07-11,0.00582377188203617
2059-07-12,0.00573137884736962
2059-07-13,0.00564586252830695
2059-07-14,0.0055631134867187
2059-07-15,0.00548695853582027
2059-07-16,0.00541823652159745
2059-07-17,0.00535572805338038
2059-07-18,0.00529876163731573
2059-07-19,0.00524858370708952
2059-07-20,0.0052051398935582
2059-07-21,0.00516681293915763
2059-07-22,0.00513250348318496
2059-07-23,0.00510275848661694
2059-07-24,0.00507820482871989
2059-07-25,0.00505738264536409
2059-07-26,0.00503810274294925
2059-07-27,0.00502150465119885
2059-07-28,0.00500857418455355
2059-07-29,0.00499808661910552
2059-07-30,0.00498913702567245
2059-07-31,0.0049818336018778
2059-08-01,0.014344277809549
2059-08-02,0.0143283487578201
2059-08-03,0.0143135963889663
2059-08-04,0.0143011930970848
2059-08-05,0.014291573800144
2059-08-06,0.0142842427749416
2059-08-07,0.0142788228357489
2059-08-08,0.014273780653807
2059-08-09,0.0142690130471677
2059-08-10,0.0142644383864076
2059-08-11,0.0142601000760367
2059-08-12,0.0142560364769998
2059-08-13,0.014252127416609
2059-08-14,0.0142484810721996
2059-08-15,0.01424510149166
2059-08-16,0.0142418004363751
2059-08-17,0.0142385293401871
2059-08-18,0.0142352596307669
2059-08-19,0.0142319902434773
2059-08-20,0.0142287219142123
2059-08-21,0.0142254541498567
2059-08-22,0.0142221871998021
2059-08-23,0.0142189209072342
2059-08-24,0.0142156555328804
2059-08-25,0.014212390915203
2059-08-26,0.0142091268085893
2059-08-27,0.0142058633793001
2059-08-28,0.0142026007832052
2059-08-29,0.0141993389560674
2059-08-30,0.0141960780981556
2059-08-31,0.0141928177475288
2059-09-01,0.0109179613875176
2059-09-02,0.0109154543006347
2059-09-03,0.0109129475153985
2059-09-04,0.010910441185903
2059-09-05,0.0109079354204505
2059-09-06,0.0109054305105113
2059-09-07,0.0109029262954497
2059-09-08,0.0109004219480997
2059-09-09,0.0108979188691193
2059-09-10,0.01089541590789
2059-09-11,0.0108929137273077
2059-09-12,0.0108904122197972
2059-09-13,0.0108879107442684
2059-09-14,0.0108854105320212
2059-09-15,0.0108829107100975
2059-09-16,0.0108804113860724
2059-09-17,0.0108779125657609
2059-09-18,0.0108754144039839
2059-09-19,0.010872916598368
2059-09-20,0.0108704196431775
2059-09-21,0.0108679232760163
2059-09-22,0.0108654276059131
2059-09-23,0.0108629322374566
2059-09-24,0.0108604373247409
2059-09-25,0.0108579429920589
2059-09-26,0.0738331009457915
2059-09-27,0.0108529567820258
2059-09-28,0.0227084798008207
2059-09-29,0.0108479724654614
2059-09-30,0.0108454809886097
2059-10-01,0.0052505138109391
2059-10-02,0.00524930792304436
2059-10-03,0.00524810228504685
2059-10-04,0.005246896958189
2059-10-05,0.00524569212091856
2059-10-06,0.00524448756557442
2059-10-07,0.00524328303381211
2059-10-08,0.00524207893567432
2059-10-09,0.00524087501352049
2059-10-10,0.00523967143840704
2059-10-11,0.00523846803470197
2059-10-12,0.00523726493967279
2059-10-13,0.00523606214557619
2059-10-14,0.00625706117311404
2059-10-15,0.00523365767769691
2059-10-16,0.00523245563681168
2059-10-17,0.005231253941207
2059-10-18,0.00523005252260106
2059-10-19,0.00522885145701898
2059-10-20,0.00876169466532032
2059-10-21,0.00529972251172828
2059-10-22,0.0164694946409398
2059-10-23,0.0052274462739695
2059-10-24,0.00522285012359264
2059-10-25,0.00522165074076923
2059-10-26,0.00522045172152871
2059-10-27,0.0187895433570897
2059-10-28,0.0107382775610946
2059-10-29,0.00521685573202981
2059-10-30,0.00521565756842333
2059-10-31,0.00521446007179609
2059-11-01,0.00381585677951918
2059-11-02,0.00381498051832113
2059-11-03,0.00381410428623454
2059-11-04,0.00381322843697658
2059-11-05,0.00381235290021598
2059-11-06,0.00381147719857631
2059-11-07,0.00381060208947082
2059-11-08,0.00380972691698994
2059-11-09,0.00380885203845754
2059-11-10,0.00380797741626058
2059-11-11,0.0070241870238123
2059-11-12,0.00382476259490465
2059-11-13,0.00380535458093683
2059-11-14,0.00381503279658207
2059-11-15,0.00874550074364905
2059-11-16,0.00380273349152793
2059-11-17,0.00380186023576635
2059-11-18,0.00463874020657867
2059-11-19,0.00412658948681027
2059-11-20,0.00402065336448816
2059-11-21,0.00379836916009646
2059-11-22,0.00379749696162196
2059-11-23,0.00379662477474051
2059-11-24,0.00379575302247002
2059-11-25,0.00379488129106703
2059-11-26,0.00860248537859453
2059-11-27,0.00614366032156629
2059-11-28,0.02279231268721
2059-11-29,0.00518848926870239
2059-11-30,0.0306025203965217
2059-12-01,0.333442290203986
2059-12-02,1.47015374133862
2059-12-03,3.45608898530708
2059-12-04,0.0303212221492725
2059-12-05,0.00848980721350668
2059-12-06,0.152759543497801
2059-12-07,0.25248877833608
2059-12-08,0.0103858260468881
2059-12-09,0.00821775521515929
2059-12-10,0.00894574753094278
2059-12-11,0.00818542760209069
2059-12-12,0.00805571728522032
2059-12-13,0.00828415900302641
2059-12-14,0.0073210340265124
2059-12-15,0.0368074935515386
2059-12-16,0.00756705846916829
2059-12-17,0.00874203009687576
2059-12-18,0.00742446643420481
2059-12-19,0.0300246716522674
2059-12-20,0.141498454680217
2059-12-21,0.154059631685198
2059-12-22,0.0409137794109513
2059-12-23,0.848104766873096
2059-12-24,4.01382432695015
2059-12-25,1.74096467962641
2059-12-26,3.14275171674652
2059-12-27,0.0516932444032926
2059-12-28,0.0712152013701749
2059-12-29,0.0786700686913499
2059-12-30,0.0816236140449012
2059-12-31,0.0795395730220392
2060-01-01,0.0515633006486055
2060-01-02,0.0491131308606131
2060-01-03,0.0463516732105647
2060-01-04,0.0433837005813863
2060-01-05,0.0403839372565435
2060-01-06,0.0375305904558222
2060-01-07,0.0357776887021106
2060-01-08,0.0378671349735989
2060-01-09,0.0370936585758154
2060-01-10,0.0352362159610214
2060-01-11,0.399533528196635
2060-01-12,1.55727580204724
2060-01-13,0.62690894117086
2060-01-14,0.348783157463777
2060-01-15,0.504657189132336
2060-01-16,0.759145995671186
2060-01-17,0.794105976077962
2060-01-18,0.585463289385757
2060-01-19,0.578623737038811
2060-01-20,0.540284339423561
2060-01-21,0.492315678775611
2060-01-22,0.444820184373143
2060-01-23,0.402273501953335
2060-01-24,0.364003654307023
2060-01-25,0.328714154359137
2060-01-26,0.297072869902862
2060-01-27,0.269836871758832
2060-01-28,0.246190929437995
2060-01-29,0.2252848447519
2060-01-30,0.238546139130801
2060-01-31,0.218306669990594
2060-02-01,0.353291256923704
2060-02-02,0.2672967300973
2060-02-03,1.00273968851473
2060-02-04,0.775516763789218
2060-02-05,0.556001648146829
2060-02-06,0.562070589461171
2060-02-07,0.528312959950449
2060-02-08,0.542162677154234
2060-02-09,0.541105064418712
2060-02-10,0.446043573487651
2060-02-11,0.421924326513857
2060-02-12,0.393964112019401
2060-02-13,0.36497700110404
2060-02-14,0.335590411284328
2060-02-15,0.307757696037174
2060-02-16,0.281993854101981
2060-02-17,0.258387189930842
2060-02-18,0.236926259197589
2060-02-19,0.218490599090269
2060-02-20,0.286678224667055
2060-02-21,0.55780197776428
2060-02-22,1.72960608698078
2060-02-23,0.80265783304931
2060-02-24,0.862734119585458
2060-02-25,0.908964198568742
2060-02-26,0.694936134062517
2060-02-27,0.688714285556664
2060-02-28,0.688494190046218
2060-02-29,0.671216616958891
2060-03-01,0.532919800432369
2060-03-02,0.500690842949352
2060-03-03,0.661322088936238
2060-03-04,1.53940444164881
2060-03-05,1.41678788489378
2060-03-06,0.598747746874252
2060-03-07,0.60536071517115
2060-03-08,0.627765530074533
2060-03-09,0.602590644131038
2060-03-10,0.593292587396659
2060-03-11,0.57235255188438
2060-03-12,0.580348049608087
2060-03-13,0.486643825740931
2060-03-14,0.425051260776558
2060-03-15,0.401775723396747
2060-03-16,0.360522316290871
2060-03-17,0.342999796644728
2060-03-18,0.336294999283135
2060-03-19,0.367514407152095
2060-03-20,0.304140558437101
2060-03-21,0.275007818086304
2060-03-22,0.263244181813198
2060-03-23,0.246560712179161
2060-03-24,0.303700916935741
2060-03-25,0.225566786352349
2060-03-26,0.295643057211522
2060-03-27,0.705985078857297
2060-03-28,0.413052751310959
2060-03-29,0.351010563825941
2060-03-30,0.387933498590723
2060-03-31,0.363696924999017
2060-04-01,0.472221869815541
2060-04-02,0.44395491036416
2060-04-03,0.412400123736034
2060-04-04,0.377244051585086
2060-04-05,0.343838346455834
2060-04-06,0.313642729221634
2060-04-07,0.283329275508364
2060-04-08,0.255285675467334
2060-04-09,0.230198305214601
2060-04-10,0.205453277449408
2060-04-11,0.183803899883074
2060-04-12,0.162679522921555
2060-04-13,0.149633324052677
2060-04-14,0.119417084857361
2060-04-15,0.0938709567666239
2060-04-16,0.078442263319873
2060-04-17,0.068161829513291
2060-04-18,0.0567177007488046
2060-04-19,0.0484572094358879
2060-04-20,0.0442833333427057
2060-04-21,0.0895725036467591
2060-04-22,0.0612659282762673
2060-04-23,0.037334599673118
2060-04-24,0.0342716525303293
2060-04-25,0.0310169162880811
2060-04-26,0.0290822693702687
2060-04-27,0.0275292695041464
2060-04-28,0.142593706326365
2060-04-29,0.310061403646273
2060-04-30,0.186206799974291
2060-05-01,0.106452101613691
2060-05-02,0.111845843245498
2060-05-03,0.121005933748222
2060-05-04,0.138279872458665
2060-05-05,0.190659398991855
2060-05-06,0.131727609524805
2060-05-07,0.129170869203421
2060-05-08,0.13848046734899
2060-05-09,0.144325061980741
2060-05-10,0.1207418550913
2060-05-11,0.113054068452455
2060-05-12,0.100393981569761
2060-05-13,0.0877052040115208
2060-05-14,0.0767619981079985
2060-05-15,0.0681125026123152
2060-05-16,0.0616090849482896
2060-05-17,0.0559426896490036
2060-05-18,0.050005070317397
2060-05-19,0.0438482569793988
2060-05-20,0.0378057148869193
2060-05-21,0.0320651870719283
2060-05-22,0.0267096469138325
2060-05-23,0.0222572632732809
2060-05-24,0.0191849336635385
2060-05-25,0.0173221085050364
2060-05-26,0.0155448324413989
2060-05-27,0.013921382442766
2060-05-28,0.012444807252447
2060-05-29,0.0112198782572567
2060-05-30,0.010281347786732
2060-05-31,0.00963047530763726
2060-06-01,0.00738323969104221
2060-06-02,0.00705634933095903
2060-06-03,0.00678219878701243
2060-06-04,0.00652895683242775
2060-06-05,0.00630745771981207
2060-06-06,0.00611978893719309
2060-06-07,0.00596689962669933
2060-06-08,0.00584111412830959
2060-06-09,0.00571512102336503
2060-06-10,0.00558799920562781
2060-06-11,0.00546322113812715
2060-06-12,0.00533884213615479
2060-06-13,0.00521243294574108
2060-06-14,0.00508613140527432
2060-06-15,0.00496302165456588
2060-06-16,0.00484402932097634
2060-06-17,0.0047248829494918
2060-06-18,0.00460456126864329
2060-06-19,0.00448716055315659
2060-06-20,0.00437332687739955
2060-06-21,0.00426152622364467
2060-06-22,0.00415029495664244
2060-06-23,0.00404281990992043
2060-06-24,0.00393880228463522
2060-06-25,0.00383901916804617
2060-06-26,0.00374310181001036
2060-06-27,0.0036507177172456
2060-06-28,0.0035652200531555
2060-06-29,0.00348542423321564
2060-06-30,0.00340914864781093
2060-07-01,0.00612331083339214
2060-07-02,0.00599942905353117
2060-07-03,0.00588201028388193
2060-07-04,0.00577236838118996
2060-07-05,0.00567155953235796
2060-07-06,0.00557916473348929
2060-07-07,0.00549583296716614
2060-07-08,0.0054209718651789
2060-07-09,0.0053541588971928
2060-07-10,0.00529503295030555
2060-07-11,0.00524279356827676
2060-07-12,0.00519680107056168
2060-07-13,0.00515646968898014
2060-07-14,0.00512169399902211
2060-07-15,0.00509180045755489
2060-07-16,0.00506622579554556
2060-07-17,0.00504430368591989
2060-07-18,0.00502548696945774
2060-07-19,0.00500987563912872
2060-07-20,0.0049981058221701
2060-07-21,0.00498957749195265
2060-07-22,0.00498239381763522
2060-07-23,0.00497637636839428
2060-07-24,0.00497115793558984
2060-07-25,0.00496648308477772
2060-07-26,0.00496228079338883
2060-07-27,0.00495893203601677
2060-07-28,0.00495655942405205
2060-07-29,0.00495477055064862
2060-07-30,0.00495312748867974
2060-07-31,0.00495155112954072
2060-08-01,0.015762434726489
2060-08-02,0.014266599593184
2060-08-03,0.0142627376555033
2060-08-04,0.0151291134940371
2060-08-05,0.0142557672702271
2060-08-06,0.0142524933409896
2060-08-07,0.0142492200588474
2060-08-08,0.0142459477610459
2060-08-09,0.0142426758448889
2060-08-10,0.0142394050491043
2060-08-11,0.0142361348031145
2060-08-12,0.0142328656387658
2060-08-13,0.0142295968012712
2060-08-14,0.014226328689279
2060-08-15,0.0142230615087262
2060-08-16,0.0142197948732451
2060-08-17,0.0142165293628595
2060-08-18,0.0142132650153562
2060-08-19,0.014210000295655
2060-08-20,0.014206736987283
2060-08-21,0.014203474425196
2060-08-22,0.014200212221137
2060-08-23,0.0141969513159919
2060-08-24,0.0141936907821002
2060-08-25,0.0141904308272878
2060-08-26,0.0141871722677453
2060-08-27,0.0141839145092785
2060-08-28,0.0141806564702462
2060-08-29,0.0141774004943616
2060-08-30,0.0141741440914886
2060-08-31,0.0141708884424581
2060-09-01,0.0109010925434423
2060-09-02,0.0134743460378502
2060-09-03,0.0108960861543401
2060-09-04,0.0108935840406289
2060-09-05,0.0108910819792515
2060-09-06,0.0108885808199066
2060-09-07,0.0108860800537926
2060-09-08,0.0108835800755941
2060-09-09,0.0108810803503427
2060-09-10,0.0108785819167203
2060-09-11,0.0108760835877657
2060-09-12,0.0108735859195261
2060-09-13,0.0108710888393159
2060-09-14,0.0108685919284637
2060-09-15,0.0108660959094682
2060-09-16,0.0108636001245212
2060-09-17,0.0108611055723277
2060-09-18,0.0108586110724681
2060-09-19,0.0108561175458731
2060-09-20,0.0108536240970522
2060-09-21,0.0108511319558511
2060-09-22,0.0108486398771599
2060-09-23,0.0108461486343571
2060-09-24,0.0108436578305772
2060-09-25,0.0108411673189948
2060-09-26,0.0108386776476618
2060-09-27,0.010836188440792
2060-09-28,0.0108336999055402
2060-09-29,0.0108312118311171
2060-09-30,0.0108287244995443
2060-10-01,0.00524240152167637
2060-10-02,0.00524119741966692
2060-10-03,0.00523999378401498
2060-10-04,0.00523879049857114
2060-10-05,0.00523758735180267
2060-10-06,0.00523638459008712
2060-10-07,0.00523518193959342
2060-10-08,0.00523397972624391
2060-10-09,0.0052327777719428
2060-10-10,0.00523157602987833
2060-10-11,0.00523037444232781
2060-10-12,0.00522917322363967
2060-10-13,0.0327650704984247
2060-10-14,0.00522677194423791
2060-10-15,0.00522557156358541
2060-10-16,0.0052243713895381
2060-10-17,0.00522317160582324
2060-10-18,0.00522197223637462
2060-10-19,0.00522077297427622
2060-10-20,0.00521957409371106
2060-10-21,0.00521837536906771
2060-10-22,0.00521717684258228
2060-10-23,0.00521597872261982
2060-10-24,0.00529371016663317
2060-10-25,0.00521358325948816
2060-10-26,0.0181579814552993
2060-10-27,0.00521118891174285
2060-10-28,0.00560593209205375
2060-10-29,0.00560821530592416
2060-10-30,0.00557176496755426
2060-10-31,0.00520640369404741
2060-11-01,0.00380996119367256
2060-11-02,0.00380908635094984
2060-11-03,0.00380821162441534
2060-11-04,0.00380733708440029
2060-11-05,0.00380646270643048
2060-11-06,0.00380580213179895
2060-11-07,0.00380471449381893
2060-11-08,0.0038055590665462
2060-11-09,0.00381161857491503
2060-11-10,0.00380209388333223
2060-11-11,0.00380122066260744
2060-11-12,0.00380034779173544
2060-11-13,0.00379947494353433
2060-11-14,0.00379860250830377
2060-11-15,0.00379773006276828
2060-11-16,0.00383195999588138
2060-11-17,0.0650976213448849
2060-11-18,0.160836655851526
2060-11-19,0.0449907637941168
2060-11-20,0.00421450905530728
2060-11-21,0.00379652267388641
2060-11-22,0.013096127684776
2060-11-23,0.0417684111543194
2060-11-24,0.322479622218339
2060-11-25,0.0616368859687028
2060-11-26,0.00673565653004914
2060-11-27,0.024463700420788
2060-11-28,0.271799913572854
2060-11-29,0.475901887367722
2060-11-30,0.00533483321980677
2060-12-01,0.00508246771506191
2060-12-02,0.00517449252030974
2060-12-03,0.00603294012428977
2060-12-04,0.0065269582890085
2060-12-05,0.00587028240543841
2060-12-06,0.00571911932518044
2060-12-07,0.00878112500725918
2060-12-08,0.00531165598008989
2060-12-09,0.0502034532782051
2060-12-10,0.00590387641852039
2060-12-11,0.00531936934632571
2060-12-12,0.00531853637743579
2060-12-13,0.00531708256388127
2060-12-14,0.00531747051311784
2060-12-15,0.00532348868517531
2060-12-16,0.00536655774579984
2060-12-17,0.00534370159133496
2060-12-18,0.0980138711329039
2060-12-19,0.114228882355757
2060-12-20,0.0556502846356597
2060-12-21,0.198931800948918
2060-12-22,0.26216586955112
2060-12-23,0.050688571306062
2060-12-24,0.0261780103898769
2060-12-25,0.0140324108098532
2060-12-26,0.0283395666913672
2060-12-27,0.18943208084881
2060-12-28,0.609505210645409
2060-12-29,0.29614622246411
2060-12-30,0.0364756607864724
2060-12-31,0.0255873066358688
2061-01-01,0.0246196656186465
2061-01-02,0.0221520321195046
2061-01-03,0.0434858349972586
2061-01-04,0.0507134867130217
2061-01-05,0.20282356881258
2061-01-06,0.0300129207360317
2061-01-07,0.0255500538633904
2061-01-08,0.0393541707352861
2061-01-09,0.0280512513580886
2061-01-10,0.016208169680627
2061-01-11,0.0090157818422929
2061-01-12,0.00937802783628602
2061-01-13,0.00885054443926712
2061-01-14,0.0705111734816842
2061-01-15,0.0913529146365763
2061-01-16,0.0876735295860234
2061-01-17,0.0432371983849811
2061-01-18,0.0222429595699756
2061-01-19,0.0269719419488958
2061-01-20,0.0302341469990408
2061-01-21,0.0328934896090838
2061-01-22,0.0398388846297073
2061-01-23,0.0409581529429057
2061-01-24,0.0318955745030998
2061-01-25,0.0481352172289842
2061-01-26,0.0307221364379131
2061-01-27,0.0369662762698591
2061-01-28,0.0261344947222059
2061-01-29,0.0246552332114032
2061-01-30,0.0263239936372546
2061-01-31,0.0252255784309191
2061-02-01,0.0255586941627765
2061-02-02,0.0278759763455797
2061-02-03,0.028024598963954
2061-02-04,0.0403634058127798
2061-02-05,0.174770186706759
2061-02-06,0.634702847812057
2061-02-07,0.528497919055775
2061-02-08,0.194128819026523
2061-02-09,0.264690774973456
2061-02-10,0.246578003415271
2061-02-11,0.217770301583734
2061-02-12,0.214096419985802
2061-02-13,0.202152870849634
2061-02-14,0.19123188138989
2061-02-15,0.184125671664511
2061-02-16,0.173146255024622
2061-02-17,0.164080518208941
2061-02-18,0.15969953166083
2061-02-19,0.150068766311762
2061-02-20,0.141618615024988
2061-02-21,0.140251057757911
2061-02-22,0.131004734604158
2061-02-23,0.115015888057428
2061-02-24,0.10496654384283
2061-02-25,0.106020989769791
2061-02-26,0.111792283468167
2061-02-27,0.113672984406942
2061-02-28,0.104037157974179
2061-03-01,0.0838268413197853
2061-03-02,0.0860620040581783
2061-03-03,0.0859335094266269
2061-03-04,0.0871889958913738
2061-03-05,0.107302251129088
2061-03-06,0.101374294458789
2061-03-07,0.0980178545266428
2061-03-08,0.1339724418444
2061-03-09,0.330607285560355
2061-03-10,0.381191713962847
2061-03-11,0.175776760900777
2061-03-12,0.176743378767409
2061-03-13,0.179969342921002
2061-03-14,0.184620994448347
2061-03-15,0.172513239715153
2061-03-16,0.16672025910021
2061-03-17,0.157840380518861
2061-03-18,0.147891526190933
2061-03-19,0.326140653048623
2061-03-20,0.314680350212976
2061-03-21,0.298038714489397
2061-03-22,0.235267261000163
2061-03-23,0.238419862960258
2061-03-24,0.22813737573677
2061-03-25,0.238411736785746
2061-03-26,0.208886699076391
2061-03-27,0.197649492530583
2061-03-28,0.181974591678756
2061-03-29,0.167271125108687
2061-03-30,0.154418548958724
2061-03-31,0.144692460220464
2061-04-01,0.1772428637875
2061-04-02,0.164287328357989
2061-04-03,0.156908733139426
2061-04-04,0.141822954731539
2061-04-05,0.121331883513052
2061-04-06,0.123317456169745
2061-04-07,0.112548477921801
2061-04-08,0.103851227988065
2061-04-09,0.0930357011096617
2061-04-10,0.169278916996548
2061-04-11,0.115951235014997
2061-04-12,0.081723435956221
2061-04-13,0.0780039214413581
2061-04-14,0.0745729589018644
2061-04-15,0.0702426307182567
2061-04-16,0.0649248576075211
2061-04-17,0.0650760948164144
2061-04-18,0.0675118164404593
2061-04-19,0.0652458359991286
2061-04-20,0.0367898305106997
2061-04-21,0.0338663976092053
2061-04-22,0.0275606027728066
2061-04-23,0.0254994047939132
2061-04-24,0.0239688368020959
2061-04-25,0.0220884548310203
2061-04-26,0.0199260706894733
2061-04-27,0.0180550521114332
2061-04-28,0.0165325419989664
2061-04-29,0.0526059753571767
2061-04-30,0.0148757100011511
2061-05-01,0.325293458296433
2061-05-02,0.720158827219866
2061-05-03,0.279645297104702
2061-05-04,0.0708270772591551
2061-05-05,0.0762130571416499
2061-05-06,0.0721334709935405
2061-05-07,0.064007033869012
2061-05-08,0.0553836304969084
2061-05-09,0.0475180138627686
2061-05-10,0.0407854869554285
2061-05-11,0.0357466040929924
2061-05-12,0.0322962396504907
2061-05-13,0.0291173452541548
2061-05-14,0.0266546479838111
2061-05-15,0.0240399605757779
2061-05-16,0.0213143819373094
2061-05-17,0.0184796641418263
2061-05-18,0.0159323595604087
2061-05-19,0.0139121171474391
2061-05-20,0.0123734760760224
2061-05-21,0.0112493424130705
2061-05-22,0.0103414911780118
2061-05-23,0.00960041717224998
2061-05-24,0.00897534989928268
2061-05-25,0.00843192636755212
2061-05-26,0.0080346907184279
2061-05-27,0.00774686761440777
2061-05-28,0.0075010482932217
2061-05-29,0.0072905548041897
2061-05-30,0.00712031750626321
2061-05-31,0.00697931398945233
2061-06-01,0.0055426233753288
2061-06-02,0.0054450241782142
2061-06-03,0.00535167934758421
2061-06-04,0.00534342965894335
2061-06-05,0.0051609884091177
2061-06-06,0.00506020524811672
2061-06-07,0.00495701417844677
2061-06-08,0.0048609066731918
2061-06-09,0.00524794493262845
2061-06-10,0.00467871177561411
2061-06-11,0.00457109253772802
2061-06-12,0.00445953819656839
2061-06-13,0.00434731013453258
2061-06-14,0.00423966208770668
2061-06-15,0.00413872341415879
2061-06-16,0.00404064354660813
2061-06-17,0.00394732221359899
2061-06-18,0.00385770110660789
2061-06-19,0.00376847482945041
2061-06-20,0.0036796487288114
2061-06-21,0.00359303834875826
2061-06-22,0.00351074211753544
2061-06-23,0.00343430370169514
2061-06-24,0.00336257708914876
2061-06-25,0.00329431974919646
2061-06-26,0.00322981752960836
2061-06-27,0.00316978380932321
2061-06-28,0.00311486788279425
2061-06-29,0.00306580339113475
2061-06-30,0.00302423089174349
2061-07-01,0.00547862806984646
2061-07-02,0.00541088328989495
2061-07-03,0.0053522929297305
2061-07-04,0.00530207936026265
2061-07-05,0.00525416394320747
2061-07-06,0.00520938265542868
2061-07-07,0.00517005755847159
2061-07-08,0.00513523948342707
2061-07-09,0.0051046930154816
2061-07-10,0.00507870904220162
2061-07-11,0.00505716912382679
2061-07-12,0.00503927921049031
2061-07-13,0.00502383725175464
2061-07-14,0.00501031931760676
2061-07-15,0.00499883152460631
2061-07-16,0.0049893452264234
2061-07-17,0.00498164738779041
2061-07-18,0.00497521519835973
2061-07-19,0.00496960757320079
2061-07-20,0.00496464415607185
2061-07-21,0.00496048599103431
2061-07-22,0.00495726705488535
2061-07-23,0.00495474393983573
2061-07-24,0.00495271776126186
2061-07-25,0.00495091060424982
2061-07-26,0.0049492720140614
2061-07-27,0.00494775308815471
2061-07-28,0.00494627627831335
2061-07-29,0.00494485973314384
2061-07-30,0.00494354013356657
2061-07-31,0.00494226648024752
2061-08-01,0.0142447547260246
2061-08-02,0.0142414831830101
2061-08-03,0.0142382124514627
2061-08-04,0.0142349428875208
2061-08-05,0.014231673585251
2061-08-06,0.014228404929132
2061-08-07,0.0142251372970296
2061-08-08,0.0142218706048684
2061-08-09,0.0142186044492769
2061-08-10,0.0142153386942232
2061-08-11,0.0142120743684473
2061-08-12,0.0142088100558966
2061-08-13,0.0142055469364574
2061-08-14,0.0142022846870545
2061-08-15,0.014199023005395
2061-08-16,0.0141957620199536
2061-08-17,0.0141925016655481
2061-08-18,0.0141892423502737
2061-08-19,0.014185983836075
2061-08-20,0.0163111560831059
2061-08-21,0.0141794685590862
2061-08-22,0.0141762122988576
2061-08-23,0.014172956337143
2061-08-24,0.0141697018254888
2061-08-25,0.014166447442309
2061-08-26,0.0141631944024424
2061-08-27,0.0141599415741807
2061-08-28,0.0141566895233781
2061-08-29,0.0141534383992916
2061-08-30,0.0141501874820866
2061-08-31,0.0141469379025269
2061-09-01,0.0108826684653229
2061-09-02,0.010880168617959
2061-09-03,0.0108776704169317
2061-09-04,0.0108751719360635
2061-09-05,0.0108726742322078
2061-09-06,0.0108701776542573
2061-09-07,0.0108676811388168
2061-09-08,0.0108651851656133
2061-09-09,0.010862689925084
2061-09-10,0.0108601954077798
2061-09-11,0.0108577011165288
2061-09-12,0.0108552078218019
2061-09-13,0.0108527145714136
2061-09-14,0.0108502221714506
2061-09-15,0.0108477306073759
2061-09-16,0.0108452391799507
2061-09-17,0.0108427489307645
2061-09-18,0.0108402587884267
2061-09-19,0.0108377691338114
2061-09-20,0.010835280250394
2061-09-21,0.010832791705693
2061-09-22,0.0108303039968802
2061-09-23,0.0108278167110996
2061-09-24,0.0108253303171754
2061-09-25,0.0108228440824334
2061-09-26,0.0108203580919161
2061-09-27,0.0108178733661341
2061-09-28,0.0108153893410445
2061-09-29,0.0108129054874937
2061-09-30,0.0108104222096155
2061-10-01,0.00523354092782168
2061-10-02,0.00523233902103622
2061-10-03,0.00523113716774992
2061-10-04,0.0052299361134308
2061-10-05,0.00522873482892466
2061-10-06,0.00522753411601444
2061-10-07,0.0052263337832296
2061-10-08,0.00522513319808374
2061-10-09,0.00522393339501063
2061-10-10,0.00522273378833563
2061-10-11,0.00522153435306901
2061-10-12,0.00522033524442863
2061-10-13,0.00521913637688629
2061-10-14,0.00521793756882653
2061-10-15,0.0052167392982218
2061-10-16,0.00521554144188333
2061-10-17,0.00521434364256365
2061-10-18,0.00521314612763408
2061-10-19,0.0052119488499309
2061-10-20,0.00521075182388478
2061-10-21,0.00520955532543859
2061-10-22,0.00520835893434263
2061-10-23,0.00520716262983077
2061-10-24,0.00520596675683161
2061-10-25,0.00520477144838901
2061-10-26,0.00520357608609531
2061-10-27,0.00520238104796407
2061-10-28,0.00520118624670726
2061-10-29,0.0462281562404149
2061-10-30,0.00976472609908628
2061-10-31,0.00519760375341876
2061-11-01,0.00380352193555255
2061-11-02,0.00380264862749336
2061-11-03,0.00380177532304092
2061-11-04,0.0038009024519113
2061-11-05,0.00380002978353143
2061-11-06,0.00379915722850592
2061-11-07,0.00379828509572542
2061-11-08,0.00379741281841812
2061-11-09,0.0350271700936254
2061-11-10,0.0116738814622277
2061-11-11,0.00514172046793233
2061-11-12,0.00411899707472028
2061-11-13,0.00433840703204736
2061-11-14,0.0541936551725565
2061-11-15,0.00423043347628152
2061-11-16,0.0040626755575613
2061-11-17,0.0262481001329301
2061-11-18,0.338597421679548
2061-11-19,0.752341563187992
2061-11-20,1.47305493769185
2061-11-21,1.96893347623769
2061-11-22,0.462178517695843
2061-11-23,0.0170158926437679
2061-11-24,0.16840850790378
2061-11-25,0.327779958066788
2061-11-26,0.0326592484568144
2061-11-27,0.0507010686198413
2061-11-28,0.721492928458777
2061-11-29,0.0226956196185303
2061-11-30,0.0160100821795709
2061-12-01,0.228850269003282
2061-12-02,0.0881018809649968
2061-12-03,0.047207033226049
2061-12-04,0.0609229322847785
2061-12-05,0.0823854317572213
2061-12-06,0.199239589911505
2061-12-07,0.0216107676647267
2061-12-08,0.0221248587793621
2061-12-09,0.0229234640180196
2061-12-10,0.0178346212758339
2061-12-11,0.023160673382489
2061-12-12,0.0300392524849468
2061-12-13,0.0231401050564262
2061-12-14,0.0193693178904171
2061-12-15,0.0193969248720074
2061-12-16,0.0191730178490574
2061-12-17,0.0207168112121817
2061-12-18,0.0233519879145585
2061-12-19,0.0191281019948384
2061-12-20,0.0185184450341629
2061-12-21,0.0181098242222712
2061-12-22,0.214113223056118
2061-12-23,0.854430596328279
2061-12-24,2.22711023639163
2061-12-25,0.325850759061879
2061-12-26,0.409494023217871
2061-12-27,4.06848786933739
2061-12-28,4.46460780480551
2061-12-29,2.10310065874465
2061-12-30,4.17900687999239
2061-12-31,2.64483412819487
2062-01-01,0.705678841929247
2062-01-02,0.702686486500808
2062-01-03,0.697029574852329
2062-01-04,0.727595957335935
2062-01-05,0.878361432980383
2062-01-06,0.679950600162257
2062-01-07,0.663368604580515
2062-01-08,0.638944360840739
2062-01-09,0.590478787395447
2062-01-10,0.534194200088251
2062-01-11,0.481458006026472
2062-01-12,0.434083175618719
2062-01-13,0.393768218176796
2062-01-14,0.358820002352332
2062-01-15,0.327998163574447
2062-01-16,0.301071614438028
2062-01-17,0.434218714083477
2062-01-18,0.451250251632218
2062-01-19,0.337975314892135
2062-01-20,0.367214536893003
2062-01-21,0.368543354884007
2062-01-22,0.350743202783889
2062-01-23,0.337966960506833
2062-01-24,0.327825527841505
2062-01-25,0.311610977134765
2062-01-26,0.799969288966735
2062-01-27,2.27420064423279
2062-01-28,0.827099521792042
2062-01-29,0.693968349886545
2062-01-30,0.765335950101937
2062-01-31,0.802088597096166
2062-02-01,0.652632688646518
2062-02-02,0.641478892298168
2062-02-03,0.733494301240167
2062-02-04,0.682832670137544
2062-02-05,0.635744736106927
2062-02-06,0.587211304478673
2062-02-07,0.561337596042529
2062-02-08,0.519100663139034
2062-02-09,0.489263331441189
2062-02-10,0.528187865751454
2062-02-11,1.02350090509594
2062-02-12,0.920875967994154
2062-02-13,0.694603527223168
2062-02-14,0.685487712636308
2062-02-15,0.803803476154435
2062-02-16,1.20079224464489
2062-02-17,1.81200685214475
2062-02-18,0.828881289283639
2062-02-19,0.722756322136508
2062-02-20,0.922636885451633
2062-02-21,0.776132879613933
2062-02-22,0.78507959253673
2062-02-23,1.29485510420928
2062-02-24,1.21376100569679
2062-02-25,0.706313999309252
2062-02-26,0.693503482614084
2062-02-27,0.696263127052357
2062-02-28,0.67625565619589
2062-03-01,0.578895651801321
2062-03-02,0.550084013902729
2062-03-03,0.509901488980581
2062-03-04,0.471434654126566
2062-03-05,0.433194882664575
2062-03-06,0.461510533065526
2062-03-07,0.498005536461766
2062-03-08,0.640241322384858
2062-03-09,0.915401059842413
2062-03-10,0.965432550050983
2062-03-11,0.855170097902605
2062-03-12,1.79317085708104
2062-03-13,1.86644426544425
2062-03-14,0.775707648141917
2062-03-15,0.605987478466487
2062-03-16,0.628666171478673
2062-03-17,0.930528983607546
2062-03-18,0.825032937369662
2062-03-19,0.634544474376573
2062-03-20,0.608542548807502
2062-03-21,0.590516296015018
2062-03-22,0.593087276434129
2062-03-23,0.574895603398805
2062-03-24,0.566500055463581
2062-03-25,0.591835836313832
2062-03-26,0.585915603460904
2062-03-27,0.568933333671232
2062-03-28,0.614985468560421
2062-03-29,0.499376949763788
2062-03-30,0.567151558090381
2062-03-31,0.826834473196621
2062-04-01,1.76487962737508
2062-04-02,1.93615114555619
2062-04-03,0.960430155658692
2062-04-04,0.844797014682224
2062-04-05,0.903351183104022
2062-04-06,1.32009264120189
2062-04-07,2.63015560649955
2062-04-08,1.84808992081592
2062-04-09,0.859563874262484
2062-04-10,0.826969274256751
2062-04-11,0.855615066473057
2062-04-12,0.853462847099326
2062-04-13,0.839544407724905
2062-04-14,0.863029628952108
2062-04-15,0.716765244160044
2062-04-16,0.634829650131135
2062-04-17,0.557862185059578
2062-04-18,0.514946365082836
2062-04-19,0.472254844574317
2062-04-20,0.435215242918655
2062-04-21,0.400931428230411
2062-04-22,0.36406953759867
2062-04-23,0.333222187259798
2062-04-24,0.291405266684845
2062-04-25,0.264732931993974
2062-04-26,0.241940746535407
2062-04-27,0.220569251140278
2062-04-28,0.193922804458196
2062-04-29,0.182260235168646
2062-04-30,0.175932582782766
2062-05-01,0.175449231944515
2062-05-02,0.162298299859046
2062-05-03,0.148658385395331
2062-05-04,0.136308150028329
2062-05-05,0.124766687407125
2062-05-06,0.113171362073474
2062-05-07,0.104508999703383
2062-05-08,0.120774305819382
2062-05-09,0.28965146936294
2062-05-10,0.301638605038206
2062-05-11,0.110117288834474
2062-05-12,0.123618830161482
2062-05-13,0.135628223868078
2062-05-14,0.135581645999214
2062-05-15,0.128178123565087
2062-05-16,0.12136340251738
2062-05-17,0.113334480533129
2062-05-18,0.112530998253974
2062-05-19,0.106893512608302
2062-05-20,0.101245814685172
2062-05-21,0.0943152752231248
2062-05-22,0.0916595396882899
2062-05-23,0.074546249282757
2062-05-24,0.0750346436431921
2062-05-25,0.0730137423481885
2062-05-26,0.0707735887062435
2062-05-27,0.0933098459761221
2062-05-28,0.0724059701679575
2062-05-29,0.0761838168709943
2062-05-30,0.0685801527720261
2062-05-31,0.102882661145452
2062-06-01,0.0378213976178446
2062-06-02,0.0382358458982831
2062-06-03,0.0493190834407094
2062-06-04,0.0503069309245001
2062-06-05,0.0220496878488537
2062-06-06,0.0636884495735832
2062-06-07,0.538173088446661
2062-06-08,0.41003120191915
2062-06-09,0.0430677478341009
2062-06-10,0.0445712080011475
2062-06-11,0.0433966065615591
2062-06-12,0.0402673217407571
2062-06-13,0.037302550009833
2062-06-14,0.0315323895796323
2062-06-15,0.0270373957801783
2062-06-16,0.0233412734612032
2062-06-17,0.0201307864812259
2062-06-18,0.0173715716532825
2062-06-19,0.0150491360254891
2062-06-20,0.0132181501613007
2062-06-21,0.0118130421608532
2062-06-22,0.0106633744801949
2062-06-23,0.00972219305531938
2062-06-24,0.00895018950979785
2062-06-25,0.00825663806053005
2062-06-26,0.00764251013625025
2062-06-27,0.0071585934115351
2062-06-28,0.00676072560673169
2062-06-29,0.00777873024478983
2062-06-30,0.00617677338096729
2062-07-01,0.0109450888808345
2062-07-02,0.010576821279182
2062-07-03,0.010182516099244
2062-07-04,0.00979541584727803
2062-07-05,0.00948353472415866
2062-07-06,0.00926792169709622
2062-07-07,0.00907415444318512
2062-07-08,0.00887536978605349
2062-07-09,0.00867816117021623
2062-07-10,0.00847937918625712
2062-07-11,0.0082793618512352
2062-07-12,0.00807972404576023
2062-07-13,0.00788791545528686
2062-07-14,0.00771226823528104
2062-07-15,0.00754045789401071
2062-07-16,0.00736475438468591
2062-07-17,0.00719419600563392
2062-07-18,0.00703138350793761
2062-07-19,0.00687824099974194
2062-07-20,0.00673571598602249
2062-07-21,0.00660615591920358
2062-07-22,0.00648592357553717
2062-07-23,0.0064064583595744
2062-07-24,0.0062684482195154
2062-07-25,0.00615924231394456
2062-07-26,0.00605064827521075
2062-07-27,0.00594262964422952
2062-07-28,0.00584492529368068
2062-07-29,0.00575854144986251
2062-07-30,0.00567466848243341
2062-07-31,0.00559374139434864
2062-08-01,0.0159071806699885
2062-08-02,0.0157088168852774
2062-08-03,0.0155268469670126
2062-08-04,0.0153620329422143
2062-08-05,0.015216534397559
2062-08-06,0.0150877608262231
2062-08-07,0.0149726492737745
2062-08-08,0.0148702370626282
2062-08-09,0.0147802444312725
2062-08-10,0.0147017280696382
2062-08-11,0.0146343220505108
2062-08-12,0.014577380941168
2062-08-13,0.0145276946632056
2062-08-14,0.0144840980784957
2062-08-15,0.0144489305500236
2062-08-16,0.0144229853203104
2062-08-17,0.0144029111827661
2062-08-18,0.0143861244746627
2062-08-19,0.0143699230430323
2062-08-20,0.0143537291129843
2062-08-21,0.0143391023949293
2062-08-22,0.0143254725050337
2062-08-23,0.0143125321353627
2062-08-24,0.0143014809864917
2062-08-25,0.0142926932306692
2062-08-26,0.0142856580300573
2062-08-27,0.0376287709353189
2062-08-28,0.0142744828986653
2062-08-29,0.0144281682563506
2062-08-30,0.0142640539636024
2062-08-31,0.014258847853992
2062-09-01,0.0109674026021258
2062-09-02,0.0109636707688784
2062-09-03,0.0109600573555553
2062-09-04,0.0109565994625111
2062-09-05,0.0109533810289166
2062-09-06,0.010950300059688
2062-09-07,0.0109472628997258
2062-09-08,0.0109444015038021
2062-09-09,0.0109417124942015
2062-09-10,0.0109390868347539
2062-09-11,0.0109364688829227
2062-09-12,0.010933863992754
2062-09-13,0.0109312650839108
2062-09-14,0.0109287098011654
2062-09-15,0.0109261996265841
2062-09-16,0.0109236901570563
2062-09-17,0.0109211814725365
2062-09-18,0.0109186735337746
2062-09-19,0.0109161659293678
2062-09-20,0.0109136589231663
2062-09-21,0.0109111524810077
2062-09-22,0.0109086464895019
2062-09-23,0.0109061413324305
2062-09-24,0.0109036366848876
2062-09-25,0.0109011322590369
2062-09-26,0.0108986285920272
2062-09-27,0.0108961258902867
2062-09-28,0.0108936235897726
2062-09-29,0.0108911216977535
2062-09-30,0.0108886203959441
2062-10-01,0.00527139820309726
2062-10-02,0.00527018759953616
2062-10-03,0.0052689771930771
2062-10-04,0.00620629824247065
2062-10-05,0.00526655733469601
2062-10-06,0.00526534797569351
2062-10-07,0.00526413876029394
2062-10-08,0.00526292969588861
2062-10-09,0.00526172107918648
2062-10-10,0.00526051244488596
2062-10-11,0.00525930453528742
2062-10-12,0.00525809683264601
2062-10-13,0.00525688909164011
2062-10-14,0.00525568174307844
2062-10-15,0.010464175003871
2062-10-16,0.00525326813599982
2062-10-17,0.00525206181624043
2062-10-18,0.00525085537962768
2062-10-19,0.00524964966947675
2062-10-20,0.00524844397199666
2062-10-21,0.0118397806871405
2062-10-22,0.135437103921904
2062-10-23,0.0603677190675478
2062-10-24,0.0355073793288505
2062-10-25,0.00524267068880125
2062-10-26,0.00524174211362529
2062-10-27,0.00524084866062544
2062-10-28,0.0052399648518989
2062-10-29,0.00523907863043221
2062-10-30,0.00523818049203523
2062-10-31,0.00523726443847045
2062-11-01,0.00383273999500568
2062-11-02,0.0038320394642481
2062-11-03,0.00383132517613478
2062-11-04,0.00396612149302265
2062-11-05,0.00382987456716841
2062-11-06,0.00382914670538496
2062-11-07,0.00382841640570974
2062-11-08,0.00382767219745378
2062-11-09,0.00382690456322987
2062-11-10,0.00382612223441571
2062-11-11,0.00382533372521233
2062-11-12,0.00407059836491133
2062-11-13,0.0042636246748069
2062-11-14,0.246265454773837
2062-11-15,1.52637111485464
2062-11-16,2.95511397884199
2062-11-17,0.613534794125812
2062-11-18,1.17660572167012
2062-11-19,0.145283266189664
2062-11-20,0.204344086701939
2062-11-21,0.0450192013729471
2062-11-22,0.0126579188861823
2062-11-23,0.0115279074054853
2062-11-24,0.0115150151342081
2062-11-25,0.00870839452824517
2062-11-26,0.0093380529908514
2062-11-27,0.00827560531887293
2062-11-28,0.0082711889966884
2062-11-29,0.00893748419749512
2062-11-30,0.0128396289137436
2062-12-01,0.0791927161805516
2062-12-02,0.152544140143258
2062-12-03,0.842265763888916
2062-12-04,0.758338675198604
2062-12-05,0.21959741681966
2062-12-06,0.0159976302495949
2062-12-07,0.0186032843142164
2062-12-08,0.0229046386841815
2062-12-09,0.0263066456690358
2062-12-10,0.0207094427351333
2062-12-11,0.0215284574699781
2062-12-12,0.0231140777151844
2062-12-13,0.0254099673337209
2062-12-14,0.0269645179621257
2062-12-15,0.0248843322132515
2062-12-16,0.0240284612364173
2062-12-17,0.0240361558728462
2062-12-18,0.0236928974338273
2062-12-19,0.0236720321104452
2062-12-20,0.0249857056984843
2062-12-21,0.0240637408516947
2062-12-22,0.024017261949139
2062-12-23,0.228239312237418
2062-12-24,0.0323853675323959
2062-12-25,0.0311378813803503
2062-12-26,0.0291344792769285
2062-12-27,0.0306486171538234
2062-12-28,0.0338590167951813
2062-12-29,0.0324313132708158
2062-12-30,0.0324086214198478
2062-12-31,0.0320920455853909
2063-01-01,0.0206492112012072
2063-01-02,0.0233075275773361
2063-01-03,0.0199848459429771
2063-01-04,0.0192806225921562
2063-01-05,0.0185761476187756
2063-01-06,0.0178656647622557
2063-01-07,0.0171657659821211
2063-01-08,0.0169946779159884
2063-01-09,0.0283909494279978
2063-01-10,0.0894935182959259
2063-01-11,0.0761327426028154
2063-01-12,0.01813337176908
2063-01-13,0.0189991887634404
2063-01-14,0.0195853064432382
2063-01-15,0.0201877597458076
2063-01-16,0.0206791676580733
2063-01-17,0.136818153377141
2063-01-18,0.059790618122965
2063-01-19,0.119647688530052
2063-01-20,0.0914844374834276
2063-01-21,0.0463618937069939
2063-01-22,0.112004485128574
2063-01-23,0.102498205931504
2063-01-24,0.0766490398808394
2063-01-25,0.0808639329957212
2063-01-26,0.099978826956656
2063-01-27,0.159594286789226
2063-01-28,0.161115948937333
2063-01-29,0.308346167013872
2063-01-30,0.256926084593715
2063-01-31,0.627294148863631
2063-02-01,0.923206566752159
2063-02-02,1.09544832947716
2063-02-03,0.854404373146867
2063-02-04,0.623042684876534
2063-02-05,0.624730459526251
2063-02-06,0.61801661662302
2063-02-07,0.591495597913109
2063-02-08,0.701884488517485
2063-02-09,0.716975960673812
2063-02-10,0.65211512180865
2063-02-11,0.69977222802009
2063-02-12,0.592873535028286
2063-02-13,0.704738069284062
2063-02-14,0.811247448731139
2063-02-15,0.798449091235106
2063-02-16,0.702589017593642
2063-02-17,0.951821246800135
2063-02-18,3.39204037908679
2063-02-19,1.74944984612184
2063-02-20,1.05281309087761
2063-02-21,3.5484428452013
2063-02-22,1.21718326717568
2063-02-23,0.853693253033386
2063-02-24,0.780852262068845
2063-02-25,0.721035495665279
2063-02-26,0.696761332795191
2063-02-27,0.702506586264794
2063-02-28,0.686743772108681
2063-03-01,0.579592846305862
2063-03-02,0.55379686926245
2063-03-03,0.514997522205283
2063-03-04,0.475153848171719
2063-03-05,0.416422600691795
2063-03-06,0.380449812797215
2063-03-07,0.34705064579684
2063-03-08,0.311996612404578
2063-03-09,0.279764343306185
2063-03-10,0.253429934076373
2063-03-11,0.230583638397938
2063-03-12,0.211613600086177
2063-03-13,0.194727222617804
2063-03-14,0.180740155759256
2063-03-15,0.166497965728163
2063-03-16,0.160898452998274
2063-03-17,0.141495629570234
2063-03-18,0.131795713128859
2063-03-19,0.123119337602792
2063-03-20,0.114000016859958
2063-03-21,0.105183970098857
2063-03-22,0.099130840128288
2063-03-23,0.0901162183312431
2063-03-24,0.082280365470204
2063-03-25,0.073901411221211
2063-03-26,0.197658545591968
2063-03-27,0.182831928094018
2063-03-28,0.124586895970168
2063-03-29,0.44185050523985
2063-03-30,0.416829846666629
2063-03-31,0.276865634796597
2063-04-01,0.394056950701568
2063-04-02,0.403563686055269
2063-04-03,0.37912239906752
2063-04-04,0.348396043409284
2063-04-05,0.320915440117339
2063-04-06,0.29023395111787
2063-04-07,0.260152218824566
2063-04-08,0.233595776115573
2063-04-09,0.210974254155465
2063-04-10,0.203661706629825
2063-04-11,0.180983049542852
2063-04-12,0.164449019959336
2063-04-13,0.2314202978281
2063-04-14,0.192058703747652
2063-04-15,0.205422697705884
2063-04-16,0.427393288773593
2063-04-17,0.262661083126135
2063-04-18,0.249732655138219
2063-04-19,0.278340582140323
2063-04-20,0.282613593134121
2063-04-21,0.287106182205386
2063-04-22,0.320929320998553
2063-04-23,0.276924338731214
2063-04-24,0.259924121484528
2063-04-25,0.246490869112763
2063-04-26,0.227930846114042
2063-04-27,0.208697917911319
2063-04-28,0.189899109086051
2063-04-29,0.210874220439759
2063-04-30,0.165658788417675
2063-05-01,0.16791009316169
2063-05-02,0.151185833969259
2063-05-03,0.135302991672183
2063-05-04,0.117930051339063
2063-05-05,0.0980362273294017
2063-05-06,0.0820741438038756
2063-05-07,0.0693425241762734
2063-05-08,0.061927653497764
2063-05-09,0.0534572454889473
2063-05-10,0.0481059501634104
2063-05-11,0.042876928510529
2063-05-12,0.0368200415471559
2063-05-13,0.0315147354610512
2063-05-14,0.0266891195288777
2063-05-15,0.0518360084102146
2063-05-16,0.0237158734964157
2063-05-17,0.0200132994293857
2063-05-18,0.0177341416362693
2063-05-19,0.0157961223675774
2063-05-20,0.0142431823701159
2063-05-21,0.0129478860315475
2063-05-22,0.0119139092857428
2063-05-23,0.0116441058793025
2063-05-24,0.0120282033968948
2063-05-25,0.0100295709976646
2063-05-26,0.00953729647922068
2063-05-27,0.00913795999398648
2063-05-28,0.00892694552454233
2063-05-29,0.00854204922603761
2063-05-30,0.0271543396290155
2063-05-31,0.0112768635901951
2063-06-01,0.010019894304386
2063-06-02,0.00643918770796526
2063-06-03,0.00629365678334704
2063-06-04,0.0061610910419374
2063-06-05,0.00604152831884619
2063-06-06,0.00593796203064127
2063-06-07,0.00584521373029017
2063-06-08,0.00574936768496341
2063-06-09,0.00565372881215512
2063-06-10,0.00555338557432861
2063-06-11,0.00544602002015397
2063-06-12,0.00533392783364576
2063-06-13,0.00521677118019543
2063-06-14,0.00510178128445775
2063-06-15,0.00499674373268044
2063-06-16,0.00490153907377168
2063-06-17,0.00482211155743533
2063-06-18,0.00474157244219906
2063-06-19,0.00463817704250222
2063-06-20,0.00452168852425526
2063-06-21,0.00440466508960136
2063-06-22,0.00429193840838657
2063-06-23,0.00418383096855127
2063-06-24,0.0040781510351088
2063-06-25,0.00397361337568377
2063-06-26,0.00387191820534686
2063-06-27,0.00377269685004542
2063-06-28,0.00367716850468435
2063-06-29,0.00358651802278341
2063-06-30,0.00350124974315624
2063-07-01,0.00627706902125094
2063-07-02,0.00613940792123727
2063-07-03,0.00600850023797486
2063-07-04,0.00588801515925082
2063-07-05,0.0057777155643757
2063-07-06,0.0056756336608868
2063-07-07,0.00558477392427929
2063-07-08,0.00550193977763424
2063-07-09,0.0054253336366365
2063-07-10,0.00535725156247705
2063-07-11,0.00529667981658097
2063-07-12,0.00524318871874543
2063-07-13,0.00519643988819225
2063-07-14,0.00515609287913552
2063-07-15,0.00512110685165799
2063-07-16,0.00509136677185308
2063-07-17,0.00506646628571683
2063-07-18,0.0050451290064655
2063-07-19,0.0050270066031424
2063-07-20,0.0050117055898678
2063-07-21,0.00499999418883878
2063-07-22,0.00499128566195727
2063-07-23,0.0049838901103756
2063-07-24,0.00497746365624012
2063-07-25,0.00497196561313141
2063-07-26,0.00496698515788649
2063-07-27,0.00496272937519529
2063-07-28,0.00495963600082239
2063-07-29,0.00495737155895641
2063-07-30,0.00495553475423976
2063-07-31,0.00495378206893359
2063-08-01,0.0142766158986981
2063-08-02,0.0142722144176528
2063-08-03,0.0142681932142239
2063-08-04,0.0142643597411804
2063-08-05,0.0142606055368428
2063-08-06,0.0142568496698953
2063-08-07,0.0142533327464416
2063-08-08,0.0142500592517499
2063-08-09,0.0142467870474702
2063-08-10,0.0142435149820562
2063-08-11,0.0142402442155561
2063-08-12,0.0142369738883252
2063-08-13,0.0142337035743196
2063-08-14,0.0142304348832479
2063-08-15,0.0142271669120108
2063-08-16,0.0142238990456315
2063-08-17,0.0142206330487436
2063-08-18,0.0142173675043501
2063-08-19,0.0142141021536129
2063-08-20,0.0142108373479473
2063-08-21,0.0142075741935555
2063-08-22,0.0142043109324167
2063-08-23,0.0142010488747808
2063-08-24,0.0141977876654536
2063-08-25,0.014194527063546
2063-08-26,0.0141912669698679
2063-08-27,0.0141880080929181
2063-08-28,0.0141847492632014
2063-08-29,0.0141814918240312
2063-08-30,0.0141782349686639
2063-08-31,0.0141749792383922
2063-09-01,0.0109042389590862
2063-09-02,0.0109017344867164
2063-09-03,0.0108992307208538
2063-09-04,0.0108967280612712
2063-09-05,0.0108942255543291
2063-09-06,0.0108917235191186
2063-09-07,0.0108892221446234
2063-09-08,0.0108867210819508
2063-09-09,0.0108842213792319
2063-09-10,0.0108817215209653
2063-09-11,0.0150164349331997
2063-09-12,0.0108767242990131
2063-09-13,0.010874225869025
2063-09-14,0.0108717287626479
2063-09-15,0.0108692323693196
2063-09-16,0.0108667362878141
2063-09-17,0.0122243502304216
2063-09-18,0.0108617455538085
2063-09-19,0.0108592510539489
2063-09-20,0.0108567573834358
2063-09-21,0.0108542638822808
2063-09-22,0.0108517711028973
2063-09-23,0.0108492788766537
2063-09-24,0.0108467874746687
2063-09-25,0.0108442968198949
2063-09-26,0.0108418061229635
2063-09-27,0.0108393162175817
2063-09-28,0.0108368268478953
2063-09-29,0.0108343383279076
2063-09-30,0.0108318500943024
2063-10-01,0.00524391444246214
2063-10-02,0.00524271019720175
2063-10-03,0.00524150627188021
2063-10-04,0.00524030263622828
2063-10-05,0.00523909906498647
2063-10-06,0.00523789583902521
2063-10-07,0.00523669282565259
2063-10-08,0.00523549042188841
2063-10-09,0.0052342880307951
2063-10-10,0.00554193261535713
2063-10-11,0.00523188420349745
2063-10-12,0.00523068252443527
2063-10-13,0.00522948137790057
2063-10-14,0.00522828049182211
2063-10-15,0.00522707989048574
2063-10-16,0.159450246967927
2063-10-17,0.00522468188192195
2063-10-18,0.0151218688857408
2063-10-19,0.00522231091012694
2063-10-20,0.00522113289281299
2063-10-21,0.00521995636150766
2063-10-22,0.00521877927655676
2063-10-23,0.00521760109346591
2063-10-24,0.55856487709512
2063-10-25,0.859436737941037
2063-10-26,0.244919957220219
2063-10-27,0.006390369404393
2063-10-28,0.196508637581642
2063-10-29,0.105911968658428
2063-10-30,0.00819278261144375
2063-10-31,0.00706210827258199
2063-11-01,0.0052295688957442
2063-11-02,0.00526437044993786
2063-11-03,0.289106123476619
2063-11-04,0.0678982552780696
2063-11-05,0.0062016548834802
2063-11-06,0.00566360989593413
2063-11-07,0.00569956830202636
2063-11-08,0.00571316834096453
2063-11-09,0.00571283716999996
2063-11-10,0.00570337430729871
2063-11-11,0.006723424611332
2063-11-12,0.041973461136534
2063-11-13,0.37110840094636
2063-11-14,1.83916994316618
2063-11-15,0.864690044861557
2063-11-16,0.119861278442175
2063-11-17,0.0192265672634802
2063-11-18,0.264910859395205
2063-11-19,0.181522109896313
2063-11-20,0.0108219243543988
2063-11-21,0.0126837689784753
2063-11-22,0.0117446053196632
2063-11-23,0.00901033130690413
2063-11-24,0.00902903757310066
2063-11-25,0.123868919751766
2063-11-26,0.351261643418874
2063-11-27,0.436910475672558
2063-11-28,0.0126862034726853
2063-11-29,0.0146456228728014
2063-11-30,0.0234664325503224
2063-12-01,0.0189902423963949
2063-12-02,0.0182942117775999
2063-12-03,0.0182752250239944
2063-12-04,0.0200345819355611
2063-12-05,0.0189450751411851
2063-12-06,0.0189233679585311
2063-12-07,0.0187771006713091
2063-12-08,0.0183969119123761
2063-12-09,0.017874957611093
2063-12-10,0.0173460338586323
2063-12-11,0.0168198392596101
2063-12-12,0.0162677724613055
2063-12-13,0.0163124447739081
2063-12-14,0.0154809916502858
2063-12-15,0.0150822789397111
2063-12-16,0.0155601654640564
2063-12-17,0.0143442852509253
2063-12-18,0.0139857657655135
2063-12-19,0.0137019203584351
2063-12-20,0.0390169386487135
2063-12-21,0.129522211535254
2063-12-22,0.0222802654875151
2063-12-23,0.248794786538086
2063-12-24,0.0679576344263441
2063-12-25,0.0267369488142268
2063-12-26,0.0255542321466867
2063-12-27,0.0302386593152928
2063-12-28,0.072347045827585
2063-12-29,0.0768209052650565
2063-12-30,0.0431639256707211
2063-12-31,0.0389987281090696
2064-01-01,0.0267142692657045
2064-01-02,0.029711510907507
2064-01-03,0.0286749317293883
2064-01-04,0.0275345379382117
2064-01-05,0.029982439389565
2064-01-06,0.0306080990466261
2064-01-07,0.0307040490958846
2064-01-08,0.0269335620017825
2064-01-09,0.0270691237592185
2064-01-10,0.0271802214928162
2064-01-11,0.0273032130676893
2064-01-12,0.0273688923109284
2064-01-13,0.027238979466078
2064-01-14,0.0263322261759727
2064-01-15,0.025677325844881
2064-01-16,0.0249823447465449
2064-01-17,0.134231566067954
2064-01-18,0.19828019984544
2064-01-19,0.108083945245826
2064-01-20,0.459991775462062
2064-01-21,0.360399511751045
2064-01-22,1.52106759741847
2064-01-23,10.9066207783425
2064-01-24,1.77143434838419
2064-01-25,0.706909343217791
2064-01-26,0.764311627492151
2064-01-27,0.660470094437403
2064-01-28,0.680958045892198
2064-01-29,0.663556195840134
2064-01-30,0.63806919771926
2064-01-31,0.58890651966319
2064-02-01,0.523565987078078
2064-02-02,0.482831563056228
2064-02-03,0.453620264788148
2064-02-04,0.433745966461046
2064-02-05,0.409082154375996
2064-02-06,0.366359934503925
2064-02-07,0.350917666728326
2064-02-08,0.32533569343127
2064-02-09,0.486662197020618
2064-02-10,0.386926874919086
2064-02-11,0.333687281232767
2064-02-12,0.334847885162788
2064-02-13,0.323182312607111
2064-02-14,0.304874437760081
2064-02-15,0.294423058427975
2064-02-16,0.281097122299755
2064-02-17,0.254627402748552
2064-02-18,0.242860424074734
2064-02-19,0.234424271384057
2064-02-20,0.222773002338054
2064-02-21,0.215737014431199
2064-02-22,0.2309251480035
2064-02-23,0.198740485766668
2064-02-24,0.181484476939915
2064-02-25,0.17161061420529
2064-02-26,0.16091202281578
2064-02-27,0.155235078844953
2064-02-28,0.187632268381092
2064-02-29,0.199921271018867
2064-03-01,0.212007546450943
2064-03-02,0.132463448766693
2064-03-03,0.137355604969197
2064-03-04,0.275855361488705
2064-03-05,0.586888406487661
2064-03-06,0.474162801656119
2064-03-07,0.366531004382014
2064-03-08,0.373278039238995
2064-03-09,0.382829501136281
2064-03-10,0.370812463911142
2064-03-11,0.346276002952428
2064-03-12,0.311656581994912
2064-03-13,0.286695472429381
2064-03-14,0.26001318626328
2064-03-15,0.23876641337015
2064-03-16,0.217462676122862
2064-03-17,0.204903610138699
2064-03-18,0.192689136223662
2064-03-19,0.163779501975874
2064-03-20,0.14576941712267
2064-03-21,0.136587150175309
2064-03-22,0.127850251803418
2064-03-23,0.111083282948248
2064-03-24,0.100536457239399
2064-03-25,0.0942386199159036
2064-03-26,0.153773296511167
2064-03-27,0.405686635516056
2064-03-28,0.280741842575637
2064-03-29,0.199362257111448
2064-03-30,0.389309767727612
2064-03-31,0.289279640559129
2064-04-01,0.403317456998147
2064-04-02,0.415203620043988
2064-04-03,0.413145263626845
2064-04-04,0.388244031612874
2064-04-05,0.373120042000696
2064-04-06,0.335312516809916
2064-04-07,0.304504365369776
2064-04-08,0.308499528626306
2064-04-09,0.313044736643213
2064-04-10,0.2794874138351
2064-04-11,0.243979911615669
2064-04-12,0.233201669751678
2064-04-13,0.349283074222028
2064-04-14,0.306479857982675
2064-04-15,0.440979559234796
2064-04-16,0.693434255132209
2064-04-17,0.53428246144633
2064-04-18,0.556191533703328
2064-04-19,0.512838499939695
2064-04-20,0.50974946534028
2064-04-21,0.483387178793772
2064-04-22,0.435604244454642
2064-04-23,0.392690715443607
2064-04-24,0.356369125313192
2064-04-25,0.317506269269414
2064-04-26,0.277230831131235
2064-04-27,0.246188055783045
2064-04-28,0.232724961760516
2064-04-29,0.201411319848337
2064-04-30,0.172481764773091
2064-05-01,0.161394197749419
2064-05-02,0.136880199446997
2064-05-03,0.0950781561705544
2064-05-04,0.0741137776961259
2064-05-05,0.0623342013887814
2064-05-06,0.0527308881924531
2064-05-07,0.0454201029520559
2064-05-08,0.0402174905629465
2064-05-09,0.0358497582852041
2064-05-10,0.0316232451582805
2064-05-11,0.0273951547536472
2064-05-12,0.0235459127245577
2064-05-13,0.0204682139687898
2064-05-14,0.0181276972819907
2064-05-15,0.01637590425452
2064-05-16,0.0150058481715993
2064-05-17,0.0138703215417757
2064-05-18,0.0128754544663742
2064-05-19,0.0119650365048364
2064-05-20,0.011212398396511
2064-05-21,0.0106169519576642
2064-05-22,0.0101195343494762
2064-05-23,0.0097011767374414
2064-05-24,0.00933796608630978
2064-05-25,0.00897817367173686
2064-05-26,0.008604941743734
2064-05-27,0.00823415092773322
2064-05-28,0.00788974389128479
2064-05-29,0.0076028085167088
2064-05-30,0.00737212119607582
2064-05-31,0.00717152057654427
2064-06-01,0.00565946470476061
2064-06-02,0.00554079628589436
2064-06-03,0.00543254241326691
2064-06-04,0.00531692204239226
2064-06-05,0.00520432909188673
2064-06-06,0.00509871516519282
2064-06-07,0.0049885657129085
2064-06-08,0.00487626126618984
2064-06-09,0.00477818131147466
2064-06-10,0.00469544708362723
2064-06-11,0.00460812410840142
2064-06-12,0.00450437337189255
2064-06-13,0.00439462747803798
2064-06-14,0.00429117531138708
2064-06-15,0.00419367910413362
2064-06-16,0.00409313600881946
2064-06-17,0.00398873254986323
2064-06-18,0.00388514674931282
2064-06-19,0.00378410209051709
2064-06-20,0.00368620266206049
2064-06-21,0.00359400093708303
2064-06-22,0.00350863520539849
2064-06-23,0.00343018920673047
2064-06-24,0.00335680221364837
2064-06-25,0.00328619350906864
2064-06-26,0.00322081911110723
2064-06-27,0.0031608808155903
2064-06-28,0.00310507273358427
2064-06-29,0.00305371440622632
2064-06-30,0.00300693214381162
2064-07-01,0.00543896180425246
2064-07-02,0.00537067036609588
2064-07-03,0.00531051063085696
2064-07-04,0.00525721283897843
2064-07-05,0.00521027363712539
2064-07-06,0.00517014314193387
2064-07-07,0.00513680516789821
2064-07-08,0.0051084376743534
2064-07-09,0.00508307488895296
2064-07-10,0.00506009479348896
2064-07-11,0.0050396529572292
2064-07-12,0.00502188162586398
2064-07-13,0.00500781763020718
2064-07-14,0.00499750057895514
2064-07-15,0.0049893653777794
2064-07-16,0.00498238316688762
2064-07-17,0.00497604795581671
2064-07-18,0.00497051946875319
2064-07-19,0.00496606307524662
2064-07-20,0.00496223567745904
2064-07-21,0.00495930035907937
2064-07-22,0.00495713564738766
2064-07-23,0.00495508767285705
2064-07-24,0.00495317521454074
2064-07-25,0.00495138645680659
2064-07-26,0.00494975374445198
2064-07-27,0.00494828815878942
2064-07-28,0.00494690826308353
2064-07-29,0.00494558696647754
2064-07-30,0.00494429317327111
2064-07-31,0.00494299551775967
2064-08-01,0.0142467054511104
2064-08-02,0.0142433241106605
2064-08-03,0.0142400530361998
2064-08-04,0.014236782827052
2064-08-05,0.0142335133755252
2064-08-06,0.0142302446428883
2064-08-07,0.0142269764317063
2064-08-08,0.0142237091028412
2064-08-09,0.0142204423785615
2064-08-10,0.0142171764024563
2064-08-11,0.0142139118017828
2064-08-12,0.0142106476063706
2064-08-13,0.0142073839182433
2064-08-14,0.0142041213929983
2064-08-15,0.0142008589697771
2064-08-16,0.0141975977765093
2064-08-17,0.0141943372596214
2064-08-18,0.0141910773652677
2064-08-19,0.0141878184552545
2064-08-20,0.0141845598881547
2064-08-21,0.014181302360186
2064-08-22,0.0141780450863321
2064-08-23,0.0141747890821077
2064-08-24,0.0141715344684297
2064-08-25,0.0141682791991543
2064-08-26,0.0141650260147541
2064-08-27,0.0141617726990454
2064-08-28,0.0141585201948036
2064-08-29,0.0141552690282071
2064-08-30,0.0141520181941327
2064-08-31,0.0141487674280741
2064-09-01,0.0108840754106117
2064-09-02,0.0108815763627931
2064-09-03,0.0108790768359743
2064-09-04,0.010876579063067
2064-09-05,0.0108740806301715
2064-09-06,0.010871583380603
2064-09-07,0.0108690867503187
2064-09-08,0.0108665904841908
2064-09-09,0.0108640953337922
2064-09-10,0.0108616002742508
2064-09-11,0.0138742060592337
2064-09-12,0.0108566118313059
2064-09-13,0.0108541185445745
2064-09-14,0.0108516259221926
2064-09-15,0.0108491337453754
2064-09-16,0.0108466424604146
2064-09-17,0.0108441513346361
2064-09-18,0.0108416607808959
2064-09-19,0.0108391710150712
2064-09-20,0.0108366819463045
2064-09-21,0.0108341933543578
2064-09-22,0.0108317050851364
2064-09-23,0.0108292175769368
2064-09-24,0.0108267304699636
2064-09-25,0.0108242442991852
2064-09-26,0.0108217583987985
2064-09-27,0.0108192729752315
2064-09-28,0.0108167883599321
2064-09-29,0.0108143043951718
2064-09-30,0.0108118208832449
2064-10-01,0.00523421798636067
2064-10-02,0.00523301601129344
2064-10-03,0.00523181422699282
2064-10-04,0.00523061274327284
2064-10-05,0.00522941155590985
2064-10-06,0.00522821063498659
2064-10-07,0.0052270099238362
2064-10-08,0.0052258094435768
2064-10-09,0.00522460943460245
2064-10-10,0.00522340967341352
2064-10-11,0.00522220985837349
2064-10-12,0.00522101070679304
2064-10-13,0.00521981158935346
2064-10-14,0.00521861308046644
2064-10-15,0.00521741441248991
2064-10-16,0.00521621627035348
2064-10-17,0.005215018502007
2064-10-18,0.00521382077132107
2064-10-19,0.00521262345630928
2064-10-20,0.104726192419755
2064-10-21,0.0995344023030068
2064-10-22,0.00520904885590169
2064-10-23,0.00520789401567614
2064-10-24,0.00520675117298151
2064-10-25,0.00520561152052425
2064-10-26,0.00520447258396975
2064-10-27,0.00520333242608653
2064-10-28,0.00520218922332871
2064-10-29,0.00520104135030839
2064-10-30,0.0051998896165518
2064-10-31,0.00519873569144288
2064-11-01,0.00381113503507205
2064-11-02,0.00387356628147903
2064-11-03,0.00443759742082174
2064-11-04,0.00380184354382063
2064-11-05,0.00380099719091455
2064-11-06,0.0038001494419464
2064-11-07,0.0037993001681044
2064-11-08,0.00379844910712776
2064-11-09,0.00415942449628953
2064-11-10,0.00526682937922732
2064-11-11,0.00379629555553203
2064-11-12,0.00382719489338907
2064-11-13,0.00379418516258085
2064-11-14,0.00379333201073139
2064-11-15,0.0611916249245511
2064-11-16,0.0698854839203663
2064-11-17,0.0563805971147149
2064-11-18,0.0771925494758758
2064-11-19,0.012233114157437
2064-11-20,0.0113249735303124
2064-11-21,0.0043288330503793
2064-11-22,1.03341327259834
2064-11-23,3.5119774124102
2064-11-24,0.344870887666084
2064-11-25,0.0138214102931453
2064-11-26,0.00647183032821585
2064-11-27,0.00622034352152701
2064-11-28,0.00626170082554686
2064-11-29,0.00628290018603892
2064-11-30,0.0161112813805844
2064-12-01,0.027785300776713
2064-12-02,0.0942994553303759
2064-12-03,0.176597492016039
2064-12-04,2.5669574763965
2064-12-05,0.934727394206563
2064-12-06,0.0193972668078723
2064-12-07,0.428393132854151
2064-12-08,0.0353265449284191
2064-12-09,0.0394581577550296
2064-12-10,0.01772212768783
2064-12-11,0.211343916170014
2064-12-12,0.216815452215354
2064-12-13,0.0853291958904548
2064-12-14,0.598575676477453
2064-12-15,0.397120643115781
2064-12-16,0.0886566843575243
2064-12-17,0.152963411316242
2064-12-18,0.724946585932369
2064-12-19,0.401661854503503
2064-12-20,0.254132919039703
2064-12-21,0.277734096694576
2064-12-22,0.283207629497234
2064-12-23,0.286042384284509
2064-12-24,0.304450694736769
2064-12-25,0.280115281592539
2064-12-26,0.264560481241515
2064-12-27,0.258081653275735
2064-12-28,0.252328555626663
2064-12-29,0.244339709641433
2064-12-30,0.231859906097541
2064-12-31,0.223544173186441
2065-01-01,0.145143855139096
2065-01-02,0.137646316591217
2065-01-03,0.16473565179687
2065-01-04,0.315412463529319
2065-01-05,0.548403886507296
2065-01-06,1.62070120114626
2065-01-07,0.763872212763421
2065-01-08,0.568288982587378
2065-01-09,0.569932085602537
2065-01-10,0.558458142538857
2065-01-11,0.529427386857079
2065-01-12,0.497961526881745
2065-01-13,0.463412650652479
2065-01-14,0.436400823695054
2065-01-15,0.39372272559526
2065-01-16,0.361478599910322
2065-01-17,0.335581213530791
2065-01-18,0.306420378026798
2065-01-19,0.278934205305495
2065-01-20,0.254098402960278
2065-01-21,0.232917903821038
2065-01-22,0.212923123966806
2065-01-23,0.197353107634848
2065-01-24,0.183053133184213
2065-01-25,0.171068018650404
2065-01-26,0.160047937550402
2065-01-27,0.240536156640955
2065-01-28,0.236826819671459
2065-01-29,0.166283951737067
2065-01-30,0.163965063083372
2065-01-31,0.15723759377589
2065-02-01,0.149103583849136
2065-02-02,0.145612999898923
2065-02-03,0.143016202342458
2065-02-04,0.148912465777712
2065-02-05,0.135041807091797
2065-02-06,0.169499954447021
2065-02-07,0.123955244657732
2065-02-08,0.196744661509156
2065-02-09,0.404748543808829
2065-02-10,0.606931902969754
2065-02-11,0.894498118934049
2065-02-12,0.830266574650676
2065-02-13,0.626553394526427
2065-02-14,0.668449722987789
2065-02-15,0.651526350816002
2065-02-16,0.626910535533824
2065-02-17,0.720792278719531
2065-02-18,0.901681152733342
2065-02-19,0.642816623120202
2065-02-20,0.637000119007276
2065-02-21,0.609709656077093
2065-02-22,0.614115708912664
2065-02-23,0.574530502892443
2065-02-24,0.527773894267722
2065-02-25,0.527014535296218
2065-02-26,0.733301843954244
2065-02-27,0.891569984200695
2065-02-28,0.624074649165143
2065-03-01,0.823260630436121
2065-03-02,4.05480638341973
2065-03-03,4.83566441158722
2065-03-04,1.88176437340913
2065-03-05,0.606093493585412
2065-03-06,0.735859640568486
2065-03-07,1.19400963360124
2065-03-08,1.34160194115335
2065-03-09,0.622062462566894
2065-03-10,0.610430496041989
2065-03-11,0.693477206854394
2065-03-12,0.661946592199906
2065-03-13,0.640432680154559
2065-03-14,0.602781948294464
2065-03-15,0.601883384426322
2065-03-16,0.681680606678146
2065-03-17,0.650643773242368
2065-03-18,1.45902839951608
2065-03-19,1.57874084443049
2065-03-20,0.645308470836191
2065-03-21,0.927094518327767
2065-03-22,1.3144475531485
2065-03-23,0.658183280265562
2065-03-24,0.599006570188646
2065-03-25,0.597160634380471
2065-03-26,0.603406790625131
2065-03-27,0.596086278773909
2065-03-28,0.584457421339587
2065-03-29,0.526279731638101
2065-03-30,0.473779305859844
2065-03-31,0.431094090479418
2065-04-01,0.544174285109878
2065-04-02,0.50347903628892
2065-04-03,0.463154964442142
2065-04-04,0.420576553470938
2065-04-05,0.37769638211087
2065-04-06,0.338203358504643
2065-04-07,0.302505404349954
2065-04-08,0.295448586365453
2065-04-09,0.274165920159395
2065-04-10,0.242082280102278
2065-04-11,0.453739240403084
2065-04-12,0.4300800905114
2065-04-13,0.360449759873346
2065-04-14,0.354351633119814
2065-04-15,0.361942150631435
2065-04-16,0.342274052467674
2065-04-17,0.336675443811909
2065-04-18,0.315514509466752
2065-04-19,0.30056061206906
2065-04-20,0.288527385723552
2065-04-21,0.27287062965902
2065-04-22,0.263444394068378
2065-04-23,0.250753071158308
2065-04-24,0.225818645856168
2065-04-25,0.205543942777129
2065-04-26,0.190509303729698
2065-04-27,0.175150442537332
2065-04-28,0.160592991560094
2065-04-29,0.14659726715439
2065-04-30,0.132924509113182
2065-05-01,0.134731031499031
2065-05-02,0.122140526089925
2065-05-03,0.11053730897434
2065-05-04,0.0995071752333325
2065-05-05,0.0909756611025195
2065-05-06,0.0826577972861292
2065-05-07,0.075757054375317
2065-05-08,0.0671253125276967
2065-05-09,0.0614073260014706
2065-05-10,0.0668912138863265
2065-05-11,0.0620160842193363
2065-05-12,0.0584736786963706
2065-05-13,0.0542634961795648
2065-05-14,0.0563375902781458
2065-05-15,0.0552155400876142
2065-05-16,0.0527423621669297
2065-05-17,0.044214015546787
2065-05-18,0.0258089668437603
2065-05-19,0.0246835044993452
2065-05-20,0.0238391436175061
2065-05-21,0.0232440860338728
2065-05-22,0.022201064265539
2065-05-23,0.020426005474639
2065-05-24,0.0186212706316027
2065-05-25,0.03060981435259
2065-05-26,0.0159009120562537
2065-05-27,0.0148451496872685
2065-05-28,0.015420386846885
2065-05-29,0.0129709609912039
2065-05-30,0.0122937588447118
2065-05-31,0.0116508862130006
2065-06-01,0.0089402961876372
2065-06-02,0.00845657586490878
2065-06-03,0.00800139488862697
2065-06-04,0.0075673954966426
2065-06-05,0.00715633775174543
2065-06-06,0.00679077650925656
2065-06-07,0.0129101170633172
2065-06-08,0.0062984420413105
2065-06-09,0.00601152496741537
2065-06-10,0.00568307558732441
2065-06-11,0.00538048239665885
2065-06-12,0.00512670984281072
2065-06-13,0.0049146961614215
2065-06-14,0.00474119658707744
2065-06-15,0.00460504491696171
2065-06-16,0.00448597599399563
2065-06-17,0.00437042169702906
2065-06-18,0.00426108878215792
2065-06-19,0.00415744965122114
2065-06-20,0.00405476789981564
2065-06-21,0.0039517166720154
2065-06-22,0.00385245017514684
2065-06-23,0.00375692650523253
2065-06-24,0.00366220006186451
2065-06-25,0.00357389073955679
2065-06-26,0.00349414984539948
2065-06-27,0.00342000395100269
2065-06-28,0.00335089210742337
2065-06-29,0.0032841873155145
2065-06-30,0.00321901889048796
2065-07-01,0.00579357713255134
2065-07-02,0.00569291556772522
2065-07-03,0.00560195182707868
2065-07-04,0.00551897022341531
2065-07-05,0.00544437523348915
2065-07-06,0.00537759422364397
2065-07-07,0.00531897181948776
2065-07-08,0.00526760278284073
2065-07-09,0.00522290645397568
2065-07-10,0.00518441364852175
2065-07-11,0.0051512591249627
2065-07-12,0.00512252429662302
2065-07-13,0.00509724585279668
2065-07-14,0.00507428273482881
2065-07-15,0.00505371913749511
2065-07-16,0.00503678461430499
2065-07-17,0.0050233633518131
2065-07-18,0.00501265901920706
2065-07-19,0.00500324693219854
2065-07-20,0.00499455796423668
2065-07-21,0.00498693621763246
2065-07-22,0.00498046727978033
2065-07-23,0.00497493701901212
2065-07-24,0.00497031295520071
2065-07-25,0.00496660997855258
2065-07-26,0.0049635114881902
2065-07-27,0.00496067244104768
2065-07-28,0.00495803723788955
2065-07-29,0.00495560295225058
2065-07-30,0.00495338500451536
2065-07-31,0.00495144161302548
2065-08-01,0.0142697355182422
2065-08-02,0.014265145400878
2065-08-03,0.014260891689956
2065-08-04,0.01425680988723
2065-08-05,0.0142527861917756
2065-08-06,0.0142488327104157
2065-08-07,0.0142449303344723
2065-08-08,0.0142411507838357
2065-08-09,0.0142374964579541
2065-08-10,0.0142338464340756
2065-08-11,0.0142302671211853
2065-08-12,0.0142268896368567
2065-08-13,0.0142236228530632
2065-08-14,0.0142203562723725
2065-08-15,0.0142170901347296
2065-08-16,0.0142138252534907
2065-08-17,0.0142105608540309
2065-08-18,0.0142072974918129
2065-08-19,0.0142040344876229
2065-08-20,0.0142007726425365
2065-08-21,0.0141975113765295
2065-08-22,0.0141942510797486
2065-08-23,0.0141909914499009
2065-08-24,0.0141877319012944
2065-08-25,0.0141844737139497
2065-08-26,0.0141812157882772
2065-08-27,0.0141779590727202
2065-08-28,0.0141747035030415
2065-08-29,0.0141714479702047
2065-08-30,0.0141681938430291
2065-08-31,0.0141649397347467
2065-09-01,0.0108965160320395
2065-09-02,0.0108940136588395
2065-09-03,0.0108915118736686
2065-09-04,0.0108890104919048
2065-09-05,0.0108865097904812
2065-09-06,0.0108840094597559
2065-09-07,0.0108815098907793
2065-09-08,0.010879011213659
2065-09-09,0.0108765126070441
2065-09-10,0.0108740146349774
2065-09-11,0.0108715176623424
2065-09-12,0.0117927293028228
2065-09-13,0.0108665245747662
2065-09-14,0.0108640290660258
2065-09-15,0.0108615344883922
2065-09-16,0.0108590401120987
2065-09-17,0.0108565460476278
2065-09-18,0.0152278884654429
2065-09-19,0.0108515603362203
2065-09-20,0.0108490682858766
2065-09-21,0.0108465768766229
2065-09-22,0.0108440855902085
2065-09-23,0.0108415952319934
2065-09-24,0.0108391057583662
2065-09-25,0.0108366160245233
2065-09-26,0.0108341278359833
2065-09-27,0.0108316392084203
2065-09-28,0.0108291519480798
2065-09-29,0.0108266645692612
2065-09-30,0.0108241783003568
2065-10-01,0.00524020074995885
2065-10-02,0.00761687420093874
2065-10-03,0.00523779419244597
2065-10-04,0.00523659117555366
2065-10-05,0.00523538865880779
2065-10-06,0.0052341865021251
2065-10-07,0.00523298442745096
2065-10-08,0.00523178272339903
2065-10-09,0.00523058109326039
2065-10-10,0.00522937983902349
2065-10-11,0.0052281788360917
2065-10-12,0.00522697828684658
2065-10-13,0.00522577801460021
2065-10-14,0.00522457782717812
2065-10-15,0.00522337799172395
2065-10-16,0.00522217840616703
2065-10-17,0.00522097910148051
2065-10-18,0.005219780104062
2065-10-19,0.00713064339320007
2065-10-20,0.00522939499053907
2065-10-21,0.00521618468791887
2065-10-22,0.00521498683263631
2065-10-23,0.0052137891216606
2065-10-24,0.00521259181474406
2065-10-25,0.00521139492209379
2065-10-26,0.0052101979298366
2065-10-27,0.00520900134445433
2065-10-28,0.00520780526449802
2065-10-29,0.00520660928872422
2065-10-30,0.00520541371771353
2065-10-31,0.365987248833532
2065-11-01,0.173625814094277
2065-11-02,0.0136774838160929
2065-11-03,0.00385771759384515
2065-11-04,0.00437141910181988
2065-11-05,0.00423940005682087
2065-11-06,0.0039297089566202
2065-11-07,0.00394660455220688
2065-11-08,0.00396056651257301
2065-11-09,0.00397192592959271
2065-11-10,0.00398114023012729
2065-11-11,0.00398838687945427
2065-11-12,0.00399307955005215
2065-11-13,0.00399587067590557
2065-11-14,0.00399754397982979
2065-11-15,0.00399853448909043
2065-11-16,0.00399899023135127
2065-11-17,0.0043855451364485
2065-11-18,0.0039985713519304
2065-11-19,0.00399611926821419
2065-11-20,0.00399319798939244
2065-11-21,0.00399112476868711
2065-11-22,0.00399085676444325
2065-11-23,0.0039918742072166
2065-11-24,0.00399263780654032
2065-11-25,0.00399288953618864
2065-11-26,0.00399289310659356
2065-11-27,0.031271890708588
2065-11-28,0.0137633394184956
2065-11-29,0.00540271957219211
2065-11-30,0.00399517156774529
2065-12-01,0.00399737644699825
2065-12-02,0.00492299453918065
2065-12-03,0.00400057155831584
2065-12-04,0.00399955020957254
2065-12-05,0.00454558571546947
2065-12-06,0.00445407943559035
2065-12-07,0.00400081960363315
2065-12-08,0.00400128760651685
2065-12-09,0.00400185436115099
2065-12-10,0.0243639316843258
2065-12-11,0.0061580074914949
2065-12-12,0.00785572152506242
2065-12-13,0.00759479108269169
2065-12-14,0.0047424146412507
2065-12-15,0.0631978772046888
2065-12-16,0.0214657936046041
2065-12-17,0.007451805989847
2065-12-18,0.00692689976677355
2065-12-19,0.00732062473541025
2065-12-20,0.0138989196046757
2065-12-21,0.0134616545604409
2065-12-22,0.0276674370629157
2065-12-23,0.0154532397842345
2065-12-24,0.0370269654507761
2065-12-25,0.147580499712275
2065-12-26,0.0990760886477122
2065-12-27,0.0870732086027714
2065-12-28,0.309666127100088
2065-12-29,0.571446278858249
2065-12-30,3.3819962141598
2065-12-31,5.90809610093698
2066-01-01,2.76536104854025
2066-01-02,0.411122405217108
2066-01-03,0.0155920909040259
2066-01-04,0.0206417123770234
2066-01-05,0.0128843092378106
2066-01-06,0.0119323832123221
2066-01-07,0.0125454838772164
2066-01-08,0.0118361309675477
2066-01-09,0.0101713218646186
2066-01-10,0.00964156539039667
2066-01-11,0.00923884979881231
2066-01-12,0.00931732455026387
2066-01-13,0.00752003201966901
2066-01-14,0.00756752241132309
2066-01-15,0.00781197514932939
2066-01-16,0.00809009676795791
2066-01-17,0.00821521857228732
2066-01-18,0.00811960785122783
2066-01-19,0.00836336837805688
2066-01-20,0.00802338654330081
2066-01-21,0.00841833531303566
2066-01-22,0.191627524205008
2066-01-23,0.312923404097179
2066-01-24,0.242290144634087
2066-01-25,0.189357397224693
2066-01-26,0.031285884565416
2066-01-27,0.0489322632045107
2066-01-28,0.0471145611161808
2066-01-29,0.0513501142010595
2066-01-30,0.0535769146621566
2066-01-31,0.0533436414677033
2066-02-01,0.0453812116585281
2066-02-02,0.0470645725518323
2066-02-03,0.0474578713458821
2066-02-04,0.0463056015182712
2066-02-05,0.0465999454359552
2066-02-06,0.0553127896716572
2066-02-07,0.0458531875399861
2066-02-08,0.20384853000164
2066-02-09,0.0579518043593429
2066-02-10,0.060122148770526
2066-02-11,0.061633513283947
2066-02-12,0.0637856395594786
2066-02-13,0.0590524308009096
2066-02-14,0.0544475212863773
2066-02-15,0.0505903926848715
2066-02-16,0.0464750352186574
2066-02-17,0.0423424876454299
2066-02-18,0.0382328190050867
2066-02-19,0.107259939797607
2066-02-20,0.164728748582592
2066-02-21,0.22826960955962
2066-02-22,0.0686083773895084
2066-02-23,0.329911438565052
2066-02-24,0.447991737133554
2066-02-25,0.563571445256233
2066-02-26,0.876144281636321
2066-02-27,0.924308636441221
2066-02-28,0.581965757783107
2066-03-01,0.575089625846977
2066-03-02,0.496884907583749
2066-03-03,0.481189189034346
2066-03-04,0.529984182786543
2066-03-05,0.457856907950239
2066-03-06,0.432964672869952
2066-03-07,0.407863383944902
2066-03-08,0.380022267163154
2066-03-09,0.350497450259281
2066-03-10,0.318865173194375
2066-03-11,0.290984934305827
2066-03-12,0.266792552440094
2066-03-13,0.308452723265739
2066-03-14,0.229549891373754
2066-03-15,0.306394409730966
2066-03-16,0.664001803125183
2066-03-17,0.907770314283998
2066-03-18,0.469240043421244
2066-03-19,0.562375181669487
2066-03-20,3.48866833382523
2066-03-21,8.01848768241991
2066-03-22,6.18896653793436
2066-03-23,2.27986423259376
2066-03-24,0.973402193366842
2066-03-25,0.592740246341468
2066-03-26,0.590461175511589
2066-03-27,0.589277398737273
2066-03-28,0.587223648692776
2066-03-29,0.597126413146596
2066-03-30,0.557619492290035
2066-03-31,0.505605289392505
2066-04-01,0.62573548108974
2066-04-02,0.556828701189518
2066-04-03,0.489415335078749
2066-04-04,0.430698347087546
2066-04-05,0.37973265538682
2066-04-06,0.332845234230411
2066-04-07,0.290450419077079
2066-04-08,0.257672542702055
2066-04-09,0.246512175253511
2066-04-10,0.242372775511846
2066-04-11,0.20701794350658
2066-04-12,0.183936268598588
2066-04-13,0.160446784698455
2066-04-14,0.137186134596235
2066-04-15,0.115514228794912
2066-04-16,0.0962773161092193
2066-04-17,0.0793286390323625
2066-04-18,0.0651033272426162
2066-04-19,0.0546724423636048
2066-04-20,0.0491582637650919
2066-04-21,0.0471305795067336
2066-04-22,0.0391455186294595
2066-04-23,0.0328595222181738
2066-04-24,0.0292933662888719
2066-04-25,0.0225549772135656
2066-04-26,0.0181450539735886
2066-04-27,0.0157248829028063
2066-04-28,0.0128234049309034
2066-04-29,0.0118984490517065
2066-04-30,0.011189018780734
2066-05-01,0.0113292264113496
2066-05-02,0.0102775092869278
2066-05-03,0.0190331878831101
2066-05-04,0.0159211086961936
2066-05-05,0.0097882006303561
2066-05-06,0.00917167858825547
2066-05-07,0.00892903955515211
2066-05-08,0.008730734763741
2066-05-09,0.00857809456707389
2066-05-10,0.0084617038446763
2066-05-11,0.00837651320753624
2066-05-12,0.0082938925500296
2066-05-13,0.00853344535719496
2066-05-14,0.00810924153189425
2066-05-15,0.00952682415946168
2066-05-16,0.00790536427054152
2066-05-17,0.0077889460507812
2066-05-18,0.00767473517131129
2066-05-19,0.0075648927680977
2066-05-20,0.00745701807143036
2066-05-21,0.0073508874476835
2066-05-22,0.00724232879427526
2066-05-23,0.00714849054545685
2066-05-24,0.0389283200994851
2066-05-25,0.00768944854358036
2066-05-26,0.00742093654147826
2066-05-27,0.00699385141469707
2066-05-28,0.00693039859145886
2066-05-29,0.00815419538874046
2066-05-30,0.00674643489707042
2066-05-31,0.00666703304081134
2066-06-01,0.00532285640321182
2066-06-02,0.00524122158695212
2066-06-03,0.00516212371247555
2066-06-04,0.0541721142098677
2066-06-05,0.0220190667797397
2066-06-06,0.00748307433078311
2066-06-07,0.00501713176241489
2066-06-08,0.00493177330110722
2066-06-09,0.00670685670806776
2066-06-10,0.00476050038470796
2066-06-11,0.00467795894366375
2066-06-12,0.00459192158983848
2066-06-13,0.00451370492490651
2066-06-14,0.00449476362622373
2066-06-15,0.00578055641933118
2066-06-16,0.00432307378950516
2066-06-17,0.00423800974273787
2066-06-18,0.0041417755395915
2066-06-19,0.00404599395491508
2066-06-20,0.00395006251445361
2066-06-21,0.00385037178902231
2066-06-22,0.0037527837836155
2066-06-23,0.00365929822339534
2066-06-24,0.00357301107110919
2066-06-25,0.00349129600885061
2066-06-26,0.00341103303468831
2066-06-27,0.00333531602406561
2066-06-28,0.00326484834772162
2066-06-29,0.00319967175638143
2066-06-30,0.00313923600876105
2066-07-01,0.00566121803655233
2066-07-02,0.00557404903694938
2066-07-03,0.00549248324085916
2066-07-04,0.00541812844652446
2066-07-05,0.00535058498090649
2066-07-06,0.00529022836608722
2066-07-07,0.00523779406594052
2066-07-08,0.0051927377041899
2066-07-09,0.00515415361864414
2066-07-10,0.00512082526481826
2066-07-11,0.00509219284146368
2066-07-12,0.0050678713517764
2066-07-13,0.00504686658497201
2066-07-14,0.00502858003253942
2066-07-15,0.00501325025005681
2066-07-16,0.00500068763036238
2066-07-17,0.00499050829369609
2066-07-18,0.00498271830761559
2066-07-19,0.00497668803809102
2066-07-20,0.00497129476774686
2066-07-21,0.00496647836265357
2066-07-22,0.00496261249156344
2066-07-23,0.00495991086082244
2066-07-24,0.00495796596727045
2066-07-25,0.00495626898867713
2066-07-26,0.00495467294216988
2066-07-27,0.0049531419404571
2066-07-28,0.00495168365408244
2066-07-29,0.00495029751584046
2066-07-30,0.00494902039014962
2066-07-31,0.00494785923780952
2066-08-01,0.0142610663981383
2066-08-02,0.014257790890366
2066-08-03,0.0142545165927093
2066-08-04,0.0142512430592863
2066-08-05,0.0142479702249153
2066-08-06,0.014244697791082
2066-08-07,0.0142414266268781
2066-08-08,0.0142381559359512
2066-08-09,0.0142348864419146
2066-08-10,0.0142316171415342
2066-08-11,0.0142283484381819
2066-08-12,0.0142250808419767
2066-08-13,0.0142218144946183
2066-08-14,0.014218548340916
2066-08-15,0.0142152829259416
2066-08-16,0.0142120184811378
2066-08-17,0.0142087542384924
2066-08-18,0.0142054914251246
2066-08-19,0.0142022289839547
2066-08-20,0.0141989671209197
2066-08-21,0.0141957062441146
2066-08-22,0.0141924463450375
2066-08-23,0.0141891870703837
2066-08-24,0.014185928142422
2066-08-25,0.0141826702139154
2066-08-26,0.0141794131545005
2066-08-27,0.0141761568281453
2066-08-28,0.014172901266024
2066-08-29,0.0141696464794723
2066-08-30,0.0141663925535102
2066-08-31,0.014163138847655
2066-09-01,0.0108951306337691
2066-09-02,0.0108926287940838
2066-09-03,0.0108901273999633
2066-09-04,0.0108876264405047
2066-09-05,0.0108851260712559
2066-09-06,0.0108826259622228
2066-09-07,0.0108801268257274
2066-09-08,0.0108776283295951
2066-09-09,0.0108751296648314
2066-09-10,0.0108726322887894
2066-09-11,0.0108701357384596
2066-09-12,0.0108676394585214
2066-09-13,0.0754150149116054
2066-09-14,0.0108626481284912
2066-09-15,0.0736266456640067
2066-09-16,0.0108576594805718
2066-09-17,0.0108551662665264
2066-09-18,0.0108526739334345
2066-09-19,0.0108501816483154
2066-09-20,0.0108476901954501
2066-09-21,0.0108451992702847
2066-09-22,0.0108427092529667
2066-09-23,0.0108402195925365
2066-09-24,0.0108377302759109
2066-09-25,0.0108352418802161
2066-09-26,0.0567603663409657
2066-09-27,0.0108302660068497
2066-09-28,0.0108277791273835
2066-09-29,0.0108252924100068
2066-09-30,0.010822806789461
2066-10-01,0.00523953677512386
2066-10-02,0.00523833374732053
2066-10-03,0.00523713068080076
2066-10-04,0.00523592813695336
2066-10-05,0.0234109428801069
2066-10-06,0.00523352382745965
2066-10-07,0.00523232197030168
2066-10-08,0.00523112060378701
2066-10-09,0.00522991947309085
2066-10-10,0.00905086944468156
2066-10-11,0.00522751783362589
2066-10-12,0.00522631759340861
2066-10-13,0.0052251173007481
2066-10-14,0.00522391784295554
2066-10-15,0.00522271808282252
2066-10-16,0.00693919073514634
2066-10-17,0.0052203199046102
2066-10-18,0.00521912111203703
2066-10-19,0.00521792283439295
2066-10-20,0.00521672465917151
2066-10-21,0.00521552657053421
2066-10-22,0.00521432909291324
2066-10-23,0.00521313161388439
2066-10-24,0.0052119346061406
2066-10-25,0.00521073778388392
2066-10-26,0.0052095412002615
2066-10-27,0.00520834506152654
2066-10-28,0.0194492612722842
2066-10-29,0.00914072534313987
2066-10-30,0.0325219055958973
2066-10-31,0.0777554245206283
2066-11-01,0.00546934735310767
2066-11-02,0.00380701697398803
2066-11-03,0.00380615351977241
2066-11-04,0.00949983997965385
2066-11-05,0.0120580141795348
2066-11-06,0.184835535999212
2066-11-07,0.0776763247414471
2066-11-08,0.00399835524852897
2066-11-09,0.00383273157148813
2066-11-10,0.00384622798598647
2066-11-11,0.00385718470311775
2066-11-12,0.00386594885620234
2066-11-13,0.0038728081656728
2066-11-14,0.00387822631915818
2066-11-15,0.0481413583765808
2066-11-16,0.00979242131072451
2066-11-17,0.00389761891100681
2066-11-18,0.00390556296096512
2066-11-19,0.0222416624096973
2066-11-20,0.159235465335119
2066-11-21,0.265185804310441
2066-11-22,0.00894874440548523
2066-11-23,0.00515569817064372
2066-11-24,0.00927470831821393
2066-11-25,0.00806755574723014
2066-11-26,0.00501467780843262
2066-11-27,0.0223150662044609
2066-11-28,0.105694699681313
2066-11-29,0.027586728736156
2066-11-30,0.00537501080732185
2066-12-01,0.0064933247187271
2066-12-02,0.00950866764065559
2066-12-03,0.0282990190211193
2066-12-04,0.0083809505691126
2066-12-05,0.00836038284670496
2066-12-06,0.0241998636779846
2066-12-07,0.00969643035841493
2066-12-08,0.00589139651723694
2066-12-09,0.00580864792860795
2066-12-10,0.00622329813765675
2066-12-11,0.00624641988803036
2066-12-12,0.00510727312160337
2066-12-13,0.00507245400295591
2066-12-14,0.00528093860820252
2066-12-15,0.00808246449892958
2066-12-16,0.00935835254952765
2066-12-17,0.071179458107507
2066-12-18,0.0973430486359837
2066-12-19,0.172218288713667
2066-12-20,0.107892264523596
2066-12-21,0.0110487601572632
2066-12-22,0.00940187737033137
2066-12-23,0.00733358960172101
2066-12-24,0.0064841155016476
2066-12-25,0.074262687732089
2066-12-26,0.0134274090894893
2066-12-27,0.00614583230720323
2066-12-28,0.203091966166711
2066-12-29,0.29978468208243
2066-12-30,0.0866152333100986
2066-12-31,0.0139062676172464
2067-01-01,0.0287501722051811
2067-01-02,0.0233395716249535
2067-01-03,0.0186717382245344
2067-01-04,0.0238430869328886
2067-01-05,0.124645241823387
2067-01-06,0.239293737739612
2067-01-07,0.138056731093348
2067-01-08,0.334842374146313
2067-01-09,0.587949238796924
2067-01-10,0.0528060924479475
2067-01-11,0.0508801670005006
2067-01-12,0.0323089555684482
2067-01-13,0.0199836699444369
2067-01-14,0.0251444970798858
2067-01-15,0.0218239720419848
2067-01-16,0.0892675416171773
2067-01-17,0.324437663199154
2067-01-18,0.173149329449884
2067-01-19,0.0346820775182314
2067-01-20,0.0923675801088188
2067-01-21,0.194353478894557
2067-01-22,0.0589448387168832
2067-01-23,0.097019509699385
2067-01-24,0.520596685271686
2067-01-25,1.1706184361748
2067-01-26,0.78922147456331
2067-01-27,0.391736715697281
2067-01-28,0.425651826319997
2067-01-29,0.735972407630413
2067-01-30,0.636927064619236
2067-01-31,0.489379898613746
2067-02-01,0.468142850734105
2067-02-02,0.794346259079243
2067-02-03,0.913369954609213
2067-02-04,0.670208360380104
2067-02-05,0.593803019432547
2067-02-06,0.581348605727536
2067-02-07,0.563939837894156
2067-02-08,0.540547708961513
2067-02-09,0.513203291847394
2067-02-10,0.516434069705201
2067-02-11,0.720109023020938
2067-02-12,0.491542058769947
2067-02-13,1.00987200012575
2067-02-14,0.946901573165935
2067-02-15,0.631392094054014
2067-02-16,0.73988992629437
2067-02-17,0.672460735086024
2067-02-18,0.601108783363049
2067-02-19,0.579770712635443
2067-02-20,0.556000039677334
2067-02-21,0.522769422855042
2067-02-22,0.485163440908372
2067-02-23,0.465785934357902
2067-02-24,0.409200112286206
2067-02-25,0.375233246699007
2067-02-26,0.347289781498489
2067-02-27,0.321112291372703
2067-02-28,0.316090911741627
2067-03-01,0.285431848544341
2067-03-02,0.435119687507004
2067-03-03,0.25376670990056
2067-03-04,0.259834262860325
2067-03-05,0.253316781999918
2067-03-06,0.24150705194849
2067-03-07,0.226163924098975
2067-03-08,0.212897388406423
2067-03-09,0.198989632605026
2067-03-10,0.18198608301999
2067-03-11,0.163324067705908
2067-03-12,0.146671537651665
2067-03-13,0.133560512117608
2067-03-14,0.123709052565
2067-03-15,0.123760007826255
2067-03-16,0.359783238700172
2067-03-17,2.07648075075296
2067-03-18,1.70392024509519
2067-03-19,1.15362720656752
2067-03-20,4.43611343997464
2067-03-21,0.728560348892124
2067-03-22,0.653439399974497
2067-03-23,0.643664826060669
2067-03-24,0.618426569154335
2067-03-25,0.890324648914766
2067-03-26,0.598881291011182
2067-03-27,0.607286718831453
2067-03-28,0.700069781040303
2067-03-29,0.736387576818785
2067-03-30,0.618425590290615
2067-03-31,0.669945018935201
2067-04-01,0.872735660021632
2067-04-02,0.747524740232551
2067-04-03,0.636939782540511
2067-04-04,0.577848134158529
2067-04-05,0.522729222680464
2067-04-06,0.482120976922004
2067-04-07,0.495046538490656
2067-04-08,0.750600683548669
2067-04-09,0.41078253990444
2067-04-10,0.719055206325995
2067-04-11,3.69707449577847
2067-04-12,2.1586003807604
2067-04-13,0.859555148903233
2067-04-14,1.02067341955593
2067-04-15,3.04955013844023
2067-04-16,2.61551658972032
2067-04-17,1.24571320934929
2067-04-18,0.926241104253442
2067-04-19,0.834102093173129
2067-04-20,0.826624853173572
2067-04-21,0.818641460821394
2067-04-22,0.815737326702037
2067-04-23,0.790676683203897
2067-04-24,0.721612719392296
2067-04-25,0.643474085094824
2067-04-26,0.579584473248233
2067-04-27,0.512073191115186
2067-04-28,0.453887681364374
2067-04-29,0.393248622851818
2067-04-30,0.338278123743597
2067-05-01,0.319671768280251
2067-05-02,0.274670001747069
2067-05-03,0.239609413690271
2067-05-04,0.215342974052702
2067-05-05,0.193602455513916
2067-05-06,0.168156359683494
2067-05-07,0.133378878584835
2067-05-08,0.116640075444521
2067-05-09,0.107382193002736
2067-05-10,0.0972099045621798
2067-05-11,0.0888305999910555
2067-05-12,0.0797754131141961
2067-05-13,0.0692928865559352
2067-05-14,0.0589849097471719
2067-05-15,0.0515899467012236
2067-05-16,0.0445082897058812
2067-05-17,0.0374913761513038
2067-05-18,0.0303460885808424
2067-05-19,0.0241308410400081
2067-05-20,0.0195319393252072
2067-05-21,0.0164154262935768
2067-05-22,0.0144909436175262
2067-05-23,0.0133078544147676
2067-05-24,0.0769509127124308
2067-05-25,0.0121092102038578
2067-05-26,0.0114672986259791
2067-05-27,0.0109218453491826
2067-05-28,0.0104183023027601
2067-05-29,0.00996589189000051
2067-05-30,0.00957971405341175
2067-05-31,0.00924881379019935
2067-06-01,0.00723977168370716
2067-06-02,0.00700641329608395
2067-06-03,0.00679188966425719
2067-06-04,0.00660870214196723
2067-06-05,0.00646523211841721
2067-06-06,0.00643307447701268
2067-06-07,0.0392378822455868
2067-06-08,0.00617320814454256
2067-06-09,0.00903886372271868
2067-06-10,0.0059954348960621
2067-06-11,0.00591487800355407
2067-06-12,0.00596777909759788
2067-06-13,0.00577304394054699
2067-06-14,0.00569152322869419
2067-06-15,0.00560263257416741
2067-06-16,0.0073720804770233
2067-06-17,0.0054279348930124
2067-06-18,0.00534434541599568
2067-06-19,0.00525037963009275
2067-06-20,0.00515243337572217
2067-06-21,0.00686945290621069
2067-06-22,0.00497763461267983
2067-06-23,0.00507099847232101
2067-06-24,0.00481338585594359
2067-06-25,0.00472026385171938
2067-06-26,0.0265108506399283
2067-06-27,0.00454541309862352
2067-06-28,0.00445796693816433
2067-06-29,0.0043634124946518
2067-06-30,0.00427158986738691
2067-07-01,0.0076653052448797
2067-07-02,0.00856705903443252
2067-07-03,0.0073483375941919
2067-07-04,0.00720194421806943
2067-07-05,0.00705591065070286
2067-07-06,0.00691481735055549
2067-07-07,0.00678301305286345
2067-07-08,0.00665643092445367
2067-07-09,0.00653002758206711
2067-07-10,0.00640006544362859
2067-07-11,0.00626968310855651
2067-07-12,0.00614183782520639
2067-07-13,0.00601751719089845
2067-07-14,0.00589905256135124
2067-07-15,0.005789634956116
2067-07-16,0.00569299515080325
2067-07-17,0.00560933933161815
2067-07-18,0.00553559738780076
2067-07-19,0.00546687307592097
2067-07-20,0.00540368299917924
2067-07-21,0.00534713991232093
2067-07-22,0.00529765961195993
2067-07-23,0.00525449753468814
2067-07-24,0.00521339494316902
2067-07-25,0.00517500123875338
2067-07-26,0.00514184471604927
2067-07-27,0.00511352788695468
2067-07-28,0.00508893260909221
2067-07-29,0.00506678905310984
2067-07-30,0.00504690358046041
2067-07-31,0.00503006232045111
2067-08-01,0.0144596177923177
2067-08-02,0.0144232345039698
2067-08-03,0.014392305197697
2067-08-04,0.0143675268811364
2067-08-05,0.014349033195061
2067-08-06,0.0143341938603733
2067-08-07,0.0143210408825713
2067-08-08,0.0143092157500586
2067-08-09,0.0142999458430319
2067-08-10,0.0142930824958256
2067-08-11,0.0142874423014412
2067-08-12,0.0142829288313382
2067-08-13,0.014278809224075
2067-08-14,0.0142748868552475
2067-08-15,0.0142710916826905
2067-08-16,0.0142673442525435
2067-08-17,0.01426364593646
2067-08-18,0.0142599832342363
2067-08-19,0.0142564968924135
2067-08-20,0.0142532234723504
2067-08-21,0.014258538726633
2067-08-22,0.0142466771281729
2067-08-23,0.0142434052866444
2067-08-24,0.0142401346032749
2067-08-25,0.014236863746087
2067-08-26,0.0142335946270823
2067-08-27,0.0142303255118561
2067-08-28,0.0142270579033703
2067-08-29,0.0142237900728882
2067-08-30,0.0142205235205375
2067-08-31,0.0142172579544167
2067-09-01,0.0109367624199807
2067-09-02,0.010934250463867
2067-09-03,0.0109317392629603
2067-09-04,0.010929228581758
2067-09-05,0.0109267186295955
2067-09-06,0.0109242092334806
2067-09-07,0.0109217005765815
2067-09-08,0.0109191923063716
2067-09-09,0.0109166848117207
2067-09-10,0.0109141779494374
2067-09-11,0.0109116711758309
2067-09-12,0.0109091650891065
2067-09-13,0.010906660005448
2067-09-14,0.0109041555905
2067-09-15,0.0109016510229116
2067-09-16,0.0108991476590023
2067-09-17,0.0108966445814756
2067-09-18,0.0108941421486731
2067-09-19,0.0108916402035932
2067-09-20,0.010889138570336
2067-09-21,0.0108866378616439
2067-09-22,0.0116775589573244
2067-09-23,0.089598627226137
2067-09-24,0.130236117246678
2067-09-25,0.0112597241899112
2067-09-26,0.0566477128447979
2067-09-27,0.0128352744120396
2067-09-28,0.0212453779900424
2067-09-29,0.0132919724071236
2067-09-30,0.0108642082237705
2067-10-01,0.0237759430665434
2067-10-02,0.00525838902727292
2067-10-03,0.00525719197482921
2067-10-04,0.0109318978664596
2067-10-05,0.005254799085991
2067-10-06,0.00525360338510416
2067-10-07,0.00525240809285208
2067-10-08,0.00525121214981129
2067-10-09,0.00525001591604498
2067-10-10,0.00524881912229771
2067-10-11,0.00524762180939773
2067-10-12,0.00524642386049169
2067-10-13,0.00524522564796167
2067-10-14,0.00524402716441635
2067-10-15,0.0052428282222568
2067-10-16,0.00524162903935119
2067-10-17,0.00524042964526482
2067-10-18,0.00523923052747328
2067-10-19,0.00523803148077925
2067-10-20,0.00523683258719128
2067-10-21,0.00523563364186402
2067-10-22,0.00523443463494238
2067-10-23,0.00523323600075478
2067-10-24,0.00523203732362709
2067-10-25,0.00523083864438758
2067-10-26,0.0630177692495912
2067-10-27,0.0890797828723289
2067-10-28,0.00568481464895223
2067-10-29,0.00522615434364186
2067-10-30,0.00522506254650461
2067-10-31,0.0052239878916136
2067-11-01,0.00382292645485677
2067-11-02,0.0038221465752698
2067-11-03,0.00382136466870065
2067-11-04,0.00382057994166877
2067-11-05,0.00381979150537286
2067-11-06,0.00381899926268886
2067-11-07,0.355642731051496
2067-11-08,0.236348355924435
2067-11-09,0.00430288936962992
2067-11-10,0.00412934129802031
2067-11-11,0.00417142690229892
2067-11-12,0.00421211202883735
2067-11-13,0.00423912164200894
2067-11-14,0.00430079957780434
2067-11-15,0.00516247563336675
2067-11-16,0.00429448805820464
2067-11-17,0.00430505105955391
2067-11-18,0.00572699750772084
2067-11-19,0.00502670356028903
2067-11-20,0.00434790638841401
2067-11-21,0.0125486433993557
2067-11-22,0.00433522360425002
2067-11-23,0.00433705663813063
2067-11-24,0.123714564896616
2067-11-25,0.00937476293021024
2067-11-26,0.0871880745098946
2067-11-27,0.004394586232284
2067-11-28,0.0681660472277551
2067-11-29,0.302442999886278
2067-11-30,0.101151534723288
2067-12-01,0.00513850089142338
2067-12-02,0.00771449736965219
2067-12-03,0.0277437430526722
2067-12-04,0.371645071340882
2067-12-05,0.158149566912468
2067-12-06,0.0111008400118072
2067-12-07,0.00724150605891644
2067-12-08,0.00709761331457086
2067-12-09,0.00817572325218301
2067-12-10,0.0107308822664123
2067-12-11,0.0138655745506419
2067-12-12,0.00630555815376143
2067-12-13,0.0144649306964757
2067-12-14,0.0685750566619305
2067-12-15,0.0105115476577464
2067-12-16,0.00951447724391877
2067-12-17,0.0424833341338116
2067-12-18,0.00873957788455818
2067-12-19,0.036711212820017
2067-12-20,0.413903067116741
2067-12-21,0.00719186350625227
2067-12-22,0.00692379591564455
2067-12-23,0.00680544273956323
2067-12-24,0.0070850857884504
2067-12-25,0.00694114574351983
2067-12-26,0.0369974261668809
2067-12-27,0.0105162460988398
2067-12-28,0.280692358825183
2067-12-29,2.02040399895331
2067-12-30,0.504193594619485
2067-12-31,0.449658432919429
2068-01-01,0.105016893590407
2068-01-02,0.711977031263442
2068-01-03,0.179177230924257
2068-01-04,0.0635337371345315
2068-01-05,0.180559683424886
2068-01-06,0.082067758453157
2068-01-07,0.0881750036935584
2068-01-08,0.0884887064597229
2068-01-09,0.0875676653178307
2068-01-10,0.0957742399528871
2068-01-11,0.0863276024205976
2068-01-12,0.0815614421769629
2068-01-13,0.0781090631106206
2068-01-14,0.0779972502472208
2068-01-15,0.0712838407399297
2068-01-16,0.0682975821882932
2068-01-17,0.140449355891485
2068-01-18,0.131428009928926
2068-01-19,0.262594033535517
2068-01-20,0.109990421320092
2068-01-21,0.11960127361283
2068-01-22,0.273916800221928
2068-01-23,0.138199515663243
2068-01-24,0.240070376809093
2068-01-25,0.339513048367027
2068-01-26,0.558401614018644
2068-01-27,0.545596260528468
2068-01-28,0.388289336069598
2068-01-29,0.402804507060615
2068-01-30,0.400369035724847
2068-01-31,0.38710621908012
2068-02-01,0.543865243751672
2068-02-02,0.362181897456637
2068-02-03,0.369416725849356
2068-02-04,0.400928022931039
2068-02-05,0.353709508755852
2068-02-06,0.62518488633369
2068-02-07,1.2886060284325
2068-02-08,0.669016988628033
2068-02-09,0.648871418520173
2068-02-10,0.878039111696916
2068-02-11,0.968063125924858
2068-02-12,0.753438637850691
2068-02-13,0.685544062872828
2068-02-14,0.679335748742239
2068-02-15,0.848671136518533
2068-02-16,0.851165284430914
2068-02-17,0.68487249778759
2068-02-18,0.652796819864654
2068-02-19,0.719093675684916
2068-02-20,0.650084684758833
2068-02-21,0.710769651462573
2068-02-22,0.596720224765197
2068-02-23,0.582563670387954
2068-02-24,0.565250983863312
2068-02-25,0.671287132036955
2068-02-26,0.515630775149356
2068-02-27,0.506223886236965
2068-02-28,0.548497769917205
2068-02-29,0.618264657318466
2068-03-01,0.605375296956113
2068-03-02,0.678283582377299
2068-03-03,0.567548624402466
2068-03-04,0.521681397393823
2068-03-05,0.500946049927468
2068-03-06,0.469081742230558
2068-03-07,0.441354419683739
2068-03-08,0.410145387008605
2068-03-09,0.384039766879032
2068-03-10,0.347720184700805
2068-03-11,0.327558114450122
2068-03-12,0.312216418371423
2068-03-13,0.293384608996692
2068-03-14,0.275988174105064
2068-03-15,0.779195922219185
2068-03-16,1.14403005271925
2068-03-17,0.463984320845062
2068-03-18,0.736680047186752
2068-03-19,0.493910473796979
2068-03-20,0.479545642683455
2068-03-21,0.461351738103948
2068-03-22,0.645637318369543
2068-03-23,0.530077466708635
2068-03-24,0.435401434972699
2068-03-25,0.512214811655568
2068-03-26,0.493103266185473
2068-03-27,0.41947628963177
2068-03-28,0.404771739566884
2068-03-29,0.391938165005197
2068-03-30,0.396316029795156
2068-03-31,0.340666256495815
2068-04-01,0.440755264962717
2068-04-02,0.398221669588692
2068-04-03,0.37274542371133
2068-04-04,0.341612028723434
2068-04-05,0.321318655341007
2068-04-06,0.299076055722218
2068-04-07,0.242263405434126
2068-04-08,0.221835657663943
2068-04-09,0.199908981985277
2068-04-10,0.182230403263814
2068-04-11,0.205030996381992
2068-04-12,0.160446146777148
2068-04-13,0.148464824027144
2068-04-14,0.13704404448469
2068-04-15,0.155632175517915
2068-04-16,0.158772738633864
2068-04-17,0.172483666566876
2068-04-18,0.148031043298646
2068-04-19,0.120610513836215
2068-04-20,0.120243494034302
2068-04-21,0.12369244923075
2068-04-22,0.491062924771822
2068-04-23,0.492600565270971
2068-04-24,0.250937727312034
2068-04-25,0.266406121107259
2068-04-26,0.258036598834498
2068-04-27,0.240331583296748
2068-04-28,0.365321906887983
2068-04-29,0.664363202001277
2068-04-30,0.596212609442973
2068-05-01,0.748490369204833
2068-05-02,0.577662738104536
2068-05-03,0.560536207386121
2068-05-04,0.518346996254179
2068-05-05,0.466539947699946
2068-05-06,0.415387158000577
2068-05-07,0.374794261628463
2068-05-08,0.340569054494063
2068-05-09,0.302139951217801
2068-05-10,0.270886673464718
2068-05-11,0.24131674771237
2068-05-12,0.198868423957275
2068-05-13,0.173827972144891
2068-05-14,0.152635556549813
2068-05-15,0.134432135088512
2068-05-16,0.119059830750892
2068-05-17,0.103503421310812
2068-05-18,0.0882008274582714
2068-05-19,0.0738665180955411
2068-05-20,0.0609395890603793
2068-05-21,0.048680889864154
2068-05-22,0.0383102262330772
2068-05-23,0.045857022804601
2068-05-24,0.0279040731285007
2068-05-25,0.0509588010495569
2068-05-26,0.023157403366496
2068-05-27,0.0201839389305201
2068-05-28,0.0174438106101107
2068-05-29,0.0154986895702931
2068-05-30,0.0140463574859549
2068-05-31,0.0127864698127422
2068-06-01,0.00958133247369921
2068-06-02,0.00899206728606988
2068-06-03,0.00849587184040062
2068-06-04,0.00812331387184701
2068-06-05,0.00784911849533862
2068-06-06,0.00768845809934098
2068-06-07,0.00742227527115592
2068-06-08,0.00724303660233983
2068-06-09,0.00707610763324216
2068-06-10,0.00690650075128264
2068-06-11,0.0067539838218335
2068-06-12,0.00661398714010233
2068-06-13,0.0064717132921694
2068-06-14,0.00630723523456243
2068-06-15,0.00613337480846538
2068-06-16,0.00597756603798366
2068-06-17,0.00585243868052971
2068-06-18,0.00573455437280995
2068-06-19,0.00560516218770216
2068-06-20,0.00790040587579263
2068-06-21,0.00535873046858538
2068-06-22,0.00524278315866498
2068-06-23,0.00513683827371295
2068-06-24,0.00540076374275776
2068-06-25,0.00493886993412466
2068-06-26,0.00483271144434254
2068-06-27,0.00472674532304547
2068-06-28,0.00461958393099888
2068-06-29,0.00450541808025301
2068-06-30,0.00438553229050626
2068-07-01,0.00783532167507146
2068-07-02,0.00763694628399138
2068-07-03,0.00744022057784693
2068-07-04,0.00724677784013019
2068-07-05,0.00707203404495082
2068-07-06,0.0068967475675746
2068-07-07,0.00672714960979063
2068-07-08,0.00656712427485264
2068-07-09,0.00641979765679115
2068-07-10,0.00628162371331976
2068-07-11,0.00614983037897723
2068-07-12,0.00602520664203494
2068-07-13,0.00590561334912203
2068-07-14,0.00579234455165278
2068-07-15,0.00568749996010526
2068-07-16,0.00559170417083417
2068-07-17,0.00550532404022888
2068-07-18,0.00542828580668509
2068-07-19,0.00535983659171436
2068-07-20,0.00530085680818456
2068-07-21,0.0052505886290597
2068-07-22,0.00520563598627087
2068-07-23,0.00516480236151727
2068-07-24,0.00512900920109396
2068-07-25,0.0050987076918235
2068-07-26,0.00507311004832938
2068-07-27,0.00505081972901664
2068-07-28,0.00503141761366407
2068-07-29,0.00501522561902043
2068-07-30,0.00500236409650187
2068-07-31,0.00499269491799683
2068-08-01,0.0143717084990258
2068-08-02,0.0143535090571169
2068-08-03,0.0143374268138339
2068-08-04,0.0143226813259179
2068-08-05,0.0143094925132046
2068-08-06,0.0142994920497179
2068-08-07,0.0142927327837809
2068-08-08,0.0142871572913723
2068-08-09,0.0142819658769664
2068-08-10,0.0142770652435859
2068-08-11,0.0142724688460907
2068-08-12,0.0142682877033677
2068-08-13,0.01426437898589
2068-08-14,0.0142605703868134
2068-08-15,0.0142568163903019
2068-08-16,0.0142531095797933
2068-08-17,0.0142496064588358
2068-08-18,0.0142462967627027
2068-08-19,0.0142430251743444
2068-08-20,0.0142397538552155
2068-08-21,0.0142364835657712
2068-08-22,0.0142332140424499
2068-08-23,0.0142299454751293
2068-08-24,0.01422667760875
2068-08-25,0.0142234104659838
2068-08-26,0.0142201434375221
2068-08-27,0.0142168775927253
2068-08-28,0.014213613211214
2068-08-29,0.0142103489449519
2068-08-30,0.0142070849979866
2068-08-31,0.0733250707904271
2068-09-01,0.0117284791380795
2068-09-02,0.0126461146349498
2068-09-03,0.0109214088566719
2068-09-04,0.0109189004505393
2068-09-05,0.010916392787257
2068-09-06,0.0109138860151043
2068-09-07,0.0109113796630762
2068-09-08,0.0109088736221439
2068-09-09,0.0109063683662197
2068-09-10,0.0109038635435037
2068-09-11,0.0109013595465
2068-09-12,0.0108988557450213
2068-09-13,0.0108963528579317
2068-09-14,0.0108938506918865
2068-09-15,0.0108913491422182
2068-09-16,0.0108888477255651
2068-09-17,0.0108863468809502
2068-09-18,0.0108838466163691
2068-09-19,0.010881346956535
2068-09-20,0.0108788480998805
2068-09-21,0.0108763501677911
2068-09-22,0.0108738519558609
2068-09-23,0.0108713546546853
2068-09-24,0.0108688582191993
2068-09-25,0.0747528136053265
2068-09-26,0.0108638666594815
2068-09-27,0.0108613719023136
2068-09-28,0.0108588773341292
2068-09-29,0.0120352054905978
2068-09-30,0.0108538902380546
2068-10-01,0.00525458483853453
2068-10-02,0.00525337787115413
2068-10-03,0.00525217162178833
2068-10-04,0.00525096530202893
2068-10-05,0.00751228792286244
2068-10-06,0.00524855375783436
2068-10-07,0.00650529725637179
2068-10-08,0.00524614342933702
2068-10-09,0.00524493860086577
2068-10-10,0.00524373421833788
2068-10-11,0.0052425298534084
2068-10-12,0.00524132593301441
2068-10-13,0.00524012225160664
2068-10-14,0.00523891867262154
2068-10-15,0.00523771582045024
2068-10-16,0.00523651279933431
2068-10-17,0.00523531028364433
2068-10-18,0.00523410780315116
2068-10-19,0.00523290586292877
2068-10-20,0.117676379170298
2068-10-21,0.48161067825111
2068-10-22,0.705142386296267
2068-10-23,0.0527662936036274
2068-10-24,0.00604645175503815
2068-10-25,0.00618961835400324
2068-10-26,0.0062612068802096
2068-10-27,0.00629614192482592
2068-10-28,0.00630939776716911
2068-10-29,0.00631703005664337
2068-10-30,0.00629131535054636
2068-10-31,0.00626698386997932
2068-11-01,0.00456947903292588
2068-11-02,0.0045536033190348
2068-11-03,0.0045365813596071
2068-11-04,0.00452741377472555
2068-11-05,0.0152937504178972
2068-11-06,0.00450241223621676
2068-11-07,0.00448770340711616
2068-11-08,0.00446783575123968
2068-11-09,0.00444635077123522
2068-11-10,0.00442515664977588
2068-11-11,0.00440352554362714
2068-11-12,0.004380442286635
2068-11-13,0.00435599046424832
2068-11-14,0.00433173655085678
2068-11-15,0.00430869633812431
2068-11-16,0.0042874365242029
2068-11-17,0.00426917606836372
2068-11-18,0.00425409934869727
2068-11-19,0.00423900390237424
2068-11-20,0.00422238167475395
2068-11-21,0.00420639383639127
2068-11-22,0.0111775951855774
2068-11-23,0.00418804848766369
2068-11-24,0.00975084153845547
2068-11-25,0.0104484627197685
2068-11-26,0.150506336000399
2068-11-27,0.32270314848826
2068-11-28,0.0469163976110092
2068-11-29,0.105915795777885
2068-11-30,0.711070445539096
2068-12-01,0.13576510567595
2068-12-02,0.0193264559757958
2068-12-03,0.010397143160338
2068-12-04,0.218847539866702
2068-12-05,0.136010367846965
2068-12-06,0.01317639360567
2068-12-07,0.00666402740743267
2068-12-08,0.00645196679166461
2068-12-09,0.0068781193991885
2068-12-10,0.0405064842474942
2068-12-11,0.0253055269626043
2068-12-12,0.0172749218222083
2068-12-13,0.0149424972186202
2068-12-14,0.027354103189811
2068-12-15,0.0129078400499571
2068-12-16,0.00919762651850052
2068-12-17,0.00722256334120908
2068-12-18,0.00682270444976231
2068-12-19,0.00711312608414458
2068-12-20,0.007448173327498
2068-12-21,0.0102880567542648
2068-12-22,0.00737787571522304
2068-12-23,0.00669111025393958
2068-12-24,0.00720109761547341
2068-12-25,0.00853554689105929
2068-12-26,0.00932274965962996
2068-12-27,0.00934112682305424
2068-12-28,0.00843388607884654
2068-12-29,0.00795362505286522
2068-12-30,0.0066402949838039
2068-12-31,0.00645093175551686
2069-01-01,0.00871108332051502
2069-01-02,0.0118034070469889
2069-01-03,0.00443431782060071
2069-01-04,0.00431627253017831
2069-01-05,0.00430843324279433
2069-01-06,0.00429768486294314
2069-01-07,0.00428223684988915
2069-01-08,0.00426326970886598
2069-01-09,0.00424255850073497
2069-01-10,0.00422159810278431
2069-01-11,0.00420159283688017
2069-01-12,0.0041842412489875
2069-01-13,0.00815326671982878
2069-01-14,0.00478176275493879
2069-01-15,0.00443746158451985
2069-01-16,0.00426068776007829
2069-01-17,0.00414852408314268
2069-01-18,0.00414072001479751
2069-01-19,0.00413816397533316
2069-01-20,0.0041376577356985
2069-01-21,0.00413629624446052
2069-01-22,0.00413250473288447
2069-01-23,0.0041252055935964
2069-01-24,0.00411628681087124
2069-01-25,0.0102380643432934
2069-01-26,0.0109104694384999
2069-01-27,0.00579186964154664
2069-01-28,0.0368974155307674
2069-01-29,0.0102390162018455
2069-01-30,0.00674818645814749
2069-01-31,0.0514303095440766
2069-02-01,0.0132860348735972
2069-02-02,0.0764574041686168
2069-02-03,0.0387300621127342
2069-02-04,0.00541549138910178
2069-02-05,0.00402263028491282
2069-02-06,0.00402786503240377
2069-02-07,0.00402483219440406
2069-02-08,0.00401466762828461
2069-02-09,0.00399936875828709
2069-02-10,0.00398205140125374
2069-02-11,0.00396251607753443
2069-02-12,0.00394067905299404
2069-02-13,0.00391614086292093
2069-02-14,0.00388770705611986
2069-02-15,0.00385673615805787
2069-02-16,0.00382650731818028
2069-02-17,0.00379856343176508
2069-02-18,0.0173037102367871
2069-02-19,0.00417126655570735
2069-02-20,0.0663181224031825
2069-02-21,0.0924104333573047
2069-02-22,0.0060954550348082
2069-02-23,0.0154130310316379
2069-02-24,0.0671404652559324
2069-02-25,0.00570351278212861
2069-02-26,0.00388603123898323
2069-02-27,0.00390166272581269
2069-02-28,0.00390903457417194
2069-03-01,0.00337220214415771
2069-03-02,0.00337925810841928
2069-03-03,0.00338493650000575
2069-03-04,0.00339087758384048
2069-03-05,0.00339183770001274
2069-03-06,0.00338123106681483
2069-03-07,0.00336152634733388
2069-03-08,0.00334245382125728
2069-03-09,0.00332484210272778
2069-03-10,0.00330196591077796
2069-03-11,0.00327285824651422
2069-03-12,0.00324358103559249
2069-03-13,0.00321495723665256
2069-03-14,0.00318628862221415
2069-03-15,0.00316162647048779
2069-03-16,0.00314820607724281
2069-03-17,0.00314483305946899
2069-03-18,0.00314300784758403
2069-03-19,0.00313835381834021
2069-03-20,0.00312827334487468
2069-03-21,0.00311440764184627
2069-03-22,0.0151803621378527
2069-03-23,0.00744972362572303
2069-03-24,0.00548839020204479
2069-03-25,0.00391792280579112
2069-03-26,0.00362193620194722
2069-03-27,0.00409285854679116
2069-03-28,0.00307968134094759
2069-03-29,0.0030566377755748
2069-03-30,0.00305042859658414
2069-03-31,0.00303722116206126
2069-04-01,0.00417110616213013
2069-04-02,0.00412358124220506
2069-04-03,0.00407419032364424
2069-04-04,0.00403215126120973
2069-04-05,0.0039993653005588
2069-04-06,0.0837024978186749
2069-04-07,0.0228038409856464
2069-04-08,0.0192298142269653
2069-04-09,0.0142343908033947
2069-04-10,0.00667013248995571
2069-04-11,0.00474048121377147
2069-04-12,0.00394669456341408
2069-04-13,0.00392632240121194
2069-04-14,0.00389920303304871
2069-04-15,0.00386191842616961
2069-04-16,0.00424494630469155
2069-04-17,0.0193323549454452
2069-04-18,0.0092527262558951
2069-04-19,0.00454660813718333
2069-04-20,0.00377694702572491
2069-04-21,0.00376023192547674
2069-04-22,0.00373210432782092
2069-04-23,0.00369426318695912
2069-04-24,0.00365112398631537
2069-04-25,0.00360650382144845
2069-04-26,0.00356509582394986
2069-04-27,0.00353577663323838
2069-04-28,0.00352038366204776
2069-04-29,0.00350818913122605
2069-04-30,0.00349186911350649
2069-05-01,0.00386356569358193
2069-05-02,0.0038321943799626
2069-05-03,0.00379970104182319
2069-05-04,0.00376183456093837
2069-05-05,0.00372171336823934
2069-05-06,0.00368440828507716
2069-05-07,0.00396813235848869
2069-05-08,0.00363152092984081
2069-05-09,0.00361169432915524
2069-05-10,0.00359331709746074
2069-05-11,0.00357476865196686
2069-05-12,0.00355602639710676
2069-05-13,0.00353834276511714
2069-05-14,0.00352053785758724
2069-05-15,0.00350335463285296
2069-05-16,0.00348772032332602
2069-05-17,0.00347383982853139
2069-05-18,0.00346232513512588
2069-05-19,0.00345344696804295
2069-05-20,0.00344537899240415
2069-05-21,0.00343709452269268
2069-05-22,0.00343003668724445
2069-05-23,0.00342466062495623
2069-05-24,0.00341936927177298
2069-05-25,0.00341305528098194
2069-05-26,0.00340596978004134
2069-05-27,0.00339845771584708
2069-05-28,0.00339101438071787
2069-05-29,0.00338465280746871
2069-05-30,0.00337938709339626
2069-05-31,0.00337439991566706
2069-06-01,0.00272749411557684
2069-06-02,0.00272332150421588
2069-06-03,0.00271922576015761
2069-06-04,0.00271548567531288
2069-06-05,0.00271221598049413
2069-06-06,0.00270918980686316
2069-06-07,0.00270646939862703
2069-06-08,0.00270401467297488
2069-06-09,0.00270174991503302
2069-06-10,0.00269975721661583
2069-06-11,0.00269798173517574
2069-06-12,0.00269629976213511
2069-06-13,0.00269468757803228
2069-06-14,0.00269318972767903
2069-06-15,0.00269182564768776
2069-06-16,0.00269059817144066
2069-06-17,0.00268948342890294
2069-06-18,0.00268845645762571
2069-06-19,0.0026875032489516
2069-06-20,0.00439309769779131
2069-06-21,0.00268579945459924
2069-06-22,0.00391344939340788
2069-06-23,0.00268429003262242
2069-06-24,0.00268356567506452
2069-06-25,0.00268286190172542
2069-06-26,0.00268220024545239
2069-06-27,0.00268155806633753
2069-06-28,0.00268091972317525
2069-06-29,0.00268028217396013
2069-06-30,0.00267964717305639
2069-07-01,0.00491473281532918
2069-07-02,0.00491360423748663
2069-07-03,0.00491247589229332
2069-07-04,0.00491134758707636
2069-07-05,0.00491021957971594
2069-07-06,0.00490909184203205
2069-07-07,0.00490796450640537
2069-07-08,0.00490683726449371
2069-07-09,0.00490571043938464
2069-07-10,0.00490458377680236
2069-07-11,0.00490345752807357
2069-07-12,0.00490233143302436
2069-07-13,0.00490120543332857
2069-07-14,0.00490007994120132
2069-07-15,0.00489895452083489
2069-07-16,0.00489782936195309
2069-07-17,0.00489670470343099
2069-07-18,0.00489557993120568
2069-07-19,0.00489445560232461
2069-07-20,0.00489333168402029
2069-07-21,0.00489220782436981
2069-07-22,0.00489108449719116
2069-07-23,0.00488996089542087
2069-07-24,0.00488883809219452
2069-07-25,0.00488771530043679
2069-07-26,0.00488659272854898
2069-07-27,0.00488547054823277
2069-07-28,0.00488434853666915
2069-07-29,0.00488322685540194
2069-07-30,0.00488210540678396
2069-07-31,0.00488098411544998
2069-08-01,0.0140683141391268
2069-08-02,0.014065083482146
2069-08-03,0.014061853589399
2069-08-04,0.0140586237231026
2069-08-05,0.0140553953021433
2069-08-06,0.0140521670927887
2069-08-07,0.0140489396608934
2069-08-08,0.0140457138755486
2069-08-09,0.0140424875092349
2069-08-10,0.0140392626269896
2069-08-11,0.0140360388292194
2069-08-12,0.0140328153847537
2069-08-13,0.0140295924522964
2069-08-14,0.0140263705315749
2069-08-15,0.0140231490028894
2069-08-16,0.0140199289034815
2069-08-17,0.0140167090997537
2069-08-18,0.0140134895586427
2069-08-19,0.0140102712314259
2069-08-20,0.0140070542739728
2069-08-21,0.0140038375148994
2069-08-22,0.014000620905083
2069-08-23,0.0139974056177973
2069-08-24,0.0139941910739626
2069-08-25,0.0177884369348172
2069-08-26,0.0139877641580775
2069-08-27,0.0555130636820938
2069-08-28,0.0139813405645781
2069-08-29,0.0139781292354375
2069-08-30,0.013974919157033
2069-08-31,0.0139717094980596
2069-09-01,0.010747871911569
2069-09-02,0.0107454040700027
2069-09-03,0.010742936080884
2069-09-04,0.0107404687103225
2069-09-05,0.0107380023028497
2069-09-06,0.0107355361468701
2069-09-07,0.0107330709016454
2069-09-08,0.0107306058497652
2069-09-09,0.0107281416294122
2069-09-10,0.0107256780523296
2069-09-11,0.0107232144665247
2069-09-12,0.0107207521192882
2069-09-13,0.0107182900264524
2069-09-14,0.010715828231629
2069-09-15,0.0107133674137045
2069-09-16,0.0107109073088291
2069-09-17,0.0107084473893027
2069-09-18,0.010705988045449
2069-09-19,0.0107035293746669
2069-09-20,0.0615905144220889
2069-09-21,0.0106986136023924
2069-09-22,0.0190663076350605
2069-09-23,0.0106937005950906
2069-09-24,0.010691244775051
2069-09-25,0.0106887892501163
2069-09-26,0.0106863344709392
2069-09-27,0.0106838800886273
2069-09-28,0.0106814267457244
2069-09-29,0.0106789737008338
2069-09-30,0.0106765213566355
2069-10-01,0.00516871686522689
2069-10-02,0.00516752996177854
2069-10-03,0.00516634327091881
2069-10-04,0.00516515667473846
2069-10-05,0.0051639705614581
2069-10-06,0.00516278454461696
2069-10-07,0.00516159887587211
2069-10-08,0.00908875606070799
2069-10-09,0.00515922851122177
2069-10-10,0.00515804359146469
2069-10-11,0.0051568590778786
2069-10-12,0.00515567485079439
2069-10-13,0.00515449081201304
2069-10-14,0.00515330704248717
2069-10-15,0.00515212360838673
2069-10-16,0.00515094028832388
2069-10-17,0.00514975745116106
2069-10-18,0.00514857482975458
2069-10-19,0.00514739243536741
2069-10-20,0.0051462103102357
2069-10-21,0.00514502848850037
2069-10-22,0.00514384692123785
2069-10-23,0.00514266556867576
2069-10-24,0.00514148462369254
2069-10-25,0.00514030389340976
2069-10-26,0.00513912330848973
2069-10-27,0.00513794326384048
2069-10-28,0.00513676332654145
2069-10-29,0.00513558353530912
2069-10-30,0.00513440417734931
2069-10-31,0.00513363762322004
2069-11-01,0.00375641048926453
2069-11-02,0.00375554783290908
2069-11-03,0.0037547593466342
2069-11-04,0.00375382306996684
2069-11-05,0.00486607730371119
2069-11-06,0.00375209921798151
2069-11-07,0.00375123750324017
2069-11-08,0.0172928874753391
2069-11-09,0.00454309297929032
2069-11-10,0.00374865360849039
2069-11-11,0.0165257103085946
2069-11-12,0.00484734130028474
2069-11-13,0.00451173937200632
2069-11-14,0.00374521141045045
2069-11-15,0.00374435137129274
2069-11-16,0.00374349134140948
2069-11-17,0.0037570064356769
2069-11-18,0.00374177225700574
2069-11-19,0.00374091299973554
2069-11-20,0.00381899929283081
2069-11-21,0.0046145902865439
2069-11-22,0.0595378722439797
2069-11-23,0.0130510866874215
2069-11-24,0.00455118291296914
2069-11-25,0.00373576863981067
2069-11-26,0.00376219332178046
2069-11-27,0.0037557217937333
2069-11-28,0.00429669123222003
2069-11-29,0.00495003092650102
2069-11-30,0.0955603076176978
2069-12-01,0.00595190295893607
2069-12-02,0.00373216847641631
2069-12-03,0.00373180113135912
2069-12-04,0.0217646839631807
2069-12-05,0.00373126618770354
2069-12-06,0.0037311054386068
2069-12-07,0.00373097728096168
2069-12-08,0.00375539988273875
2069-12-09,0.00611077892498013
2069-12-10,0.00373062369393299
2069-12-11,0.00373050457668152
2069-12-12,0.00718289586104859
2069-12-13,0.00702233210964966
2069-12-14,0.00373007053855211
2069-12-15,0.0040147750915558
2069-12-16,0.00372976263677662
2069-12-17,0.00372958776957185
2069-12-18,0.00372939209172835
2069-12-19,0.106189531664231
2069-12-20,0.137765966264234
2069-12-21,0.00926526217070612
2069-12-22,0.0101904496572425
2069-12-23,0.0365887489619446
2069-12-24,0.0731628831617676
2069-12-25,0.352935221715069
2069-12-26,2.00541200394586
2069-12-27,0.685973652740284
2069-12-28,0.0694977044030549
2069-12-29,0.289461570402008
2069-12-30,0.826502103372517
2069-12-31,1.417166415848
2070-01-01,1.88929022980472
2070-01-02,2.02083693835201
2070-01-03,0.0454401726817506
2070-01-04,0.0330019026185212
2070-01-05,0.085805176993733
2070-01-06,0.0760317680865806
2070-01-07,1.88827084982872
2070-01-08,3.34265101467229
2070-01-09,0.677226419569287
2070-01-10,0.417475707134229
2070-01-11,0.433059526622887
2070-01-12,0.416999143061202
2070-01-13,0.390278041739173
2070-01-14,0.361591650865947
2070-01-15,0.334380760203588
2070-01-16,0.307813171177826
2070-01-17,0.293946306271198
2070-01-18,0.271726938442541
2070-01-19,0.250330246077205
2070-01-20,0.233806530149909
2070-01-21,0.221491569327921
2070-01-22,0.209981297768278
2070-01-23,0.195617335266281
2070-01-24,0.181975732601884
2070-01-25,0.169624916854552
2070-01-26,0.165353404803833
2070-01-27,0.251584274243022
2070-01-28,0.197872308331029
2070-01-29,0.151624046294936
2070-01-30,0.150532096424024
2070-01-31,0.149902012693012
2070-02-01,0.138033528026488
2070-02-02,0.146061908712189
2070-02-03,0.128737568067484
2070-02-04,0.122807290821168
2070-02-05,0.124391180371497
2070-02-06,0.114548640886401
2070-02-07,0.109324634335212
2070-02-08,0.121025149547678
2070-02-09,0.110606424343139
2070-02-10,0.101407813547675
2070-02-11,0.113827171995166
2070-02-12,0.0941760693113164
2070-02-13,0.0880301068518416
2070-02-14,0.084561294962368
2070-02-15,0.0812628816470967
2070-02-16,0.0766569951381793
2070-02-17,0.0717184671468055
2070-02-18,0.0720881432597655
2070-02-19,0.0704547096792377
2070-02-20,0.106442134341305
2070-02-21,0.0836622954933419
2070-02-22,0.0695924921416817
2070-02-23,0.10556909997187
2070-02-24,0.0652015029916888
2070-02-25,0.07049561431597
2070-02-26,0.321854428912987
2070-02-27,0.113429119561709
2070-02-28,0.114832649873464
2070-03-01,0.104727523777065
2070-03-02,0.110228545256336
2070-03-03,0.120070068168622
2070-03-04,0.314809280072812
2070-03-05,0.216423192678257
2070-03-06,0.170118109286427
2070-03-07,0.239168597012456
2070-03-08,0.415916860587386
2070-03-09,0.478495279289239
2070-03-10,0.469533429672884
2070-03-11,0.384793336874289
2070-03-12,0.381729618050567
2070-03-13,0.360322684114697
2070-03-14,0.333274868181102
2070-03-15,0.306366793419687
2070-03-16,0.281696479154259
2070-03-17,0.257750863127817
2070-03-18,0.232588734177342
2070-03-19,0.207502648928605
2070-03-20,0.184803875845181
2070-03-21,0.189020316403059
2070-03-22,0.204264792379951
2070-03-23,0.226509139066399
2070-03-24,0.267935756113233
2070-03-25,3.52887067
2070-03-26,6.42295822873234
2070-03-27,0.814078945633111
2070-03-28,0.603769575249819
2070-03-29,0.59514751584016
2070-03-30,0.569672272888909
2070-03-31,0.537888267315255
2070-04-01,0.682200738596513
2070-04-02,0.616785810178166
2070-04-03,0.551738381514032
2070-04-04,0.505030535528656
2070-04-05,0.788037313484804
2070-04-06,0.90921203709645
2070-04-07,0.602548494505264
2070-04-08,0.598637122551396
2070-04-09,0.58606734982741
2070-04-10,0.534541054251027
2070-04-11,0.495570017336002
2070-04-12,0.452898946023259
2070-04-13,0.405071493711745
2070-04-14,0.364302573553486
2070-04-15,0.334420940616174
2070-04-16,0.332914637736661
2070-04-17,0.2970328234453
2070-04-18,0.25974013353547
2070-04-19,0.227327118200412
2070-04-20,0.197213101081739
2070-04-21,0.169833176485953
2070-04-22,0.144482983301177
2070-04-23,0.122207976069684
2070-04-24,0.104826674766802
2070-04-25,0.0950243602073193
2070-04-26,0.0857947227561181
2070-04-27,0.0790817777443418
2070-04-28,0.0687886644834558
2070-04-29,0.0581134107498064
2070-04-30,0.0471077573000913
2070-05-01,0.0410605242080901
2070-05-02,0.0315431865831676
2070-05-03,0.024348113141726
2070-05-04,0.019014828307236
2070-05-05,0.0151245475745486
2070-05-06,0.0125297950969783
2070-05-07,0.0108762058741568
2070-05-08,0.00986257033773296
2070-05-09,0.00930722951730701
2070-05-10,0.00898081209117288
2070-05-11,0.00875255897378108
2070-05-12,0.0296801464967139
2070-05-13,0.00850436148330594
2070-05-14,0.00843842041042296
2070-05-15,0.00830691812824355
2070-05-16,0.00820862547611672
2070-05-17,0.0081232909738269
2070-05-18,0.00805716811527524
2070-05-19,0.00943308747154708
2070-05-20,0.012215070357734
2070-05-21,0.00844173090720261
2070-05-22,0.00781487007382858
2070-05-23,0.00773347781660853
2070-05-24,0.00764682671965671
2070-05-25,0.00755449320302798
2070-05-26,0.00918854428579039
2070-05-27,0.00738716802373318
2070-05-28,0.00731286264867638
2070-05-29,0.00720830471680352
2070-05-30,0.00709221938229104
2070-05-31,0.00697142757133776
2070-06-01,0.00554216365688145
2070-06-02,0.00543491384895001
2070-06-03,0.00532230281752589
2070-06-04,0.00520870486316257
2070-06-05,0.00509558337033299
2070-06-06,0.00498560832421601
2070-06-07,0.00488131508477338
2070-06-08,0.00478506689636835
2070-06-09,0.00469745815232058
2070-06-10,0.00460587524422787
2070-06-11,0.00450193283583551
2070-06-12,0.00439208272610105
2070-06-13,0.00428410048235565
2070-06-14,0.00417897297002419
2070-06-15,0.00407507100453214
2070-06-16,0.00397349571360767
2070-06-17,0.00387465402830378
2070-06-18,0.00377984391272889
2070-06-19,0.0036878079746355
2070-06-20,0.00360073066720196
2070-06-21,0.00867057846520516
2070-06-22,0.00347851559116762
2070-06-23,0.00341785693926496
2070-06-24,0.00334715600285277
2070-06-25,0.00327823548607125
2070-06-26,0.0032127248671393
2070-06-27,0.00315186112323483
2070-06-28,0.00309676185224746
2070-06-29,0.00304730492742096
2070-06-30,0.00304622860192333
2070-07-01,0.00543706030371521
2070-07-02,0.00537102358072046
2070-07-03,0.00531212392224311
2070-07-04,0.0052578754148295
2070-07-05,0.00521006165500514
2070-07-06,0.00516861871796867
2070-07-07,0.0051326985959418
2070-07-08,0.00510208553362689
2070-07-09,0.00507586073660251
2070-07-10,0.00505334018891588
2070-07-11,0.00503439011463455
2070-07-12,0.00501803409933001
2070-07-13,0.00500450522116543
2070-07-14,0.00499339723951242
2070-07-15,0.00498454975091421
2070-07-16,0.00497829253173159
2070-07-17,0.00497310451306355
2070-07-18,0.00496803960680107
2070-07-19,0.004963420022962
2070-07-20,0.00495973534925529
2070-07-21,0.0049572730411796
2070-07-22,0.00495552901239107
2070-07-23,0.00495386144852546
2070-07-24,0.00495223929746317
2070-07-25,0.00495070391408054
2070-07-26,0.00494926682663877
2070-07-27,0.00494790573128493
2070-07-28,0.00494667988509026
2070-07-29,0.00494554378350247
2070-07-30,0.00494440814950688
2070-07-31,0.00494327250994081
2070-08-01,0.0142478458588604
2070-08-02,0.0142445738482369
2070-08-03,0.0142413025366654
2070-08-04,0.0142380322094344
2070-08-05,0.0142347618822035
2070-08-06,0.0142314928198786
2070-08-07,0.0142282248486415
2070-08-08,0.0142249566516295
2070-08-09,0.0142216901569033
2070-08-10,0.0142184237490863
2070-08-11,0.0142151582254754
2070-08-12,0.014211893965826
2070-08-13,0.0142086299140028
2070-08-14,0.0142053675238448
2070-08-15,0.0142021051421888
2070-08-16,0.0141988429721377
2070-08-17,0.0141955824250206
2070-08-18,0.0141923220139353
2070-08-19,0.0141890629386057
2070-08-20,0.0141858040616559
2070-08-21,0.0141825466952249
2070-08-22,0.0141792893628018
2070-08-23,0.0141760324309166
2070-08-24,0.0141727768943011
2070-08-25,0.0141695224629434
2070-08-26,0.0141662684368469
2070-08-27,0.0141630146856478
2070-08-28,0.0141597620841056
2070-08-29,0.0141565102392398
2070-08-30,0.0141532595062445
2070-08-31,0.0141500086901186
2070-09-01,0.0108850306571567
2070-09-02,0.0108825307465562
2070-09-03,0.0108800312553534
2070-09-04,0.0108775326298402
2070-09-05,0.0108750349514246
2070-09-06,0.0108725374743492
2070-09-07,0.0108700401440993
2070-09-08,0.0108675439819123
2070-09-09,0.0108650482834616
2070-09-10,0.0108625532275547
2070-09-11,0.0108600584311365
2070-09-12,0.0108575639574438
2070-09-13,0.0108550704984467
2070-09-14,0.0108525778273652
2070-09-15,0.0108500856011216
2070-09-16,0.0108475936612606
2070-09-17,0.0108451024867825
2070-09-18,0.0108426118421848
2070-09-19,0.0108401219040944
2070-09-20,0.0108376325344081
2070-09-21,0.0108351436924216
2070-09-22,0.0108326553737739
2070-09-23,0.0108301672993509
2070-09-24,0.0108276801880165
2070-09-25,0.0108251940688451
2070-09-26,0.0108227073681863
2070-09-27,0.0108202223552948
2070-09-28,0.0108177376098876
2070-09-29,0.0108152530687278
2070-09-30,0.0108127690022073
2070-10-01,0.00523467713592075
2070-10-02,0.00523347507250959
2070-10-03,0.00523227311152107
2070-10-04,0.00523107144688957
2070-10-05,0.00522987014936062
2070-10-06,0.0052286693178372
2070-10-07,0.00522746834763843
2070-10-08,0.00522626801450161
2070-10-09,0.00522506768066085
2070-10-10,0.00522386767802193
2070-10-11,0.00522266814490823
2070-10-12,0.00522146868746762
2070-10-13,0.00522026953377536
2070-10-14,0.00521907061202995
2070-10-15,0.00521787221014118
2070-10-16,0.00521667382972246
2070-10-17,0.00521547600330126
2070-10-18,0.00521427798083392
2070-10-19,0.0313811507328214
2070-10-20,0.00521188348983769
2070-10-21,0.00521068662217714
2070-10-22,0.00520948981892671
2070-10-23,0.00520829352673374
2070-10-24,0.00520709760129135
2070-10-25,0.00520590157166646
2070-10-26,0.00520470623436248
2070-10-27,0.00520351070101237
2070-10-28,0.00546601635198348
2070-10-29,0.361382399721242
2070-10-30,0.438846385653334
2070-10-31,0.00528631147440448
2070-11-01,0.00448474236023355
2070-11-02,0.0040155917522203
2070-11-03,0.00405862045503815
2070-11-04,0.00408901162089076
2070-11-05,0.00411151769187581
2070-11-06,0.00485857240789032
2070-11-07,0.149332336203645
2070-11-08,0.369440553206786
2070-11-09,0.0681491206920941
2070-11-10,0.0715773335113488
2070-11-11,0.0142237964522325
2070-11-12,0.00507910391161042
2070-11-13,0.0138268658708324
2070-11-14,0.00513366532116282
2070-11-15,0.00504517505052849
2070-11-16,0.00505062671645944
2070-11-17,0.0726402918035284
2070-11-18,0.00505426290194867
2070-11-19,0.00505524570955298
2070-11-20,0.00505362302582446
2070-11-21,0.00504754763006831
2070-11-22,0.00503627226299272
2070-11-23,0.00502153198784512
2070-11-24,0.00500325398475001
2070-11-25,0.00499574682647902
2070-11-26,0.00611615724952942
2070-11-27,0.00790423164848664
2070-11-28,0.00503362235890387
2070-11-29,0.0390917177910356
2070-11-30,0.0574665924024238
2070-12-01,0.0116485541139424
2070-12-02,0.00783426247974307
2070-12-03,0.0182399386267464
2070-12-04,0.0787252238272758
2070-12-05,0.00943878557203079
2070-12-06,0.0082150676474287
2070-12-07,0.00675550608155711
2070-12-08,0.00512986721497044
2070-12-09,0.00511812592266279
2070-12-10,0.00512573801659136
2070-12-11,0.00513692448328517
2070-12-12,0.00517624041652402
2070-12-13,0.00604186437591324
2070-12-14,0.00723402142592933
2070-12-15,0.00516520414140503
2070-12-16,0.0632342680651323
2070-12-17,0.0837199032572157
2070-12-18,0.151075372720878
2070-12-19,0.24543994233061
2070-12-20,0.0443140210817422
2070-12-21,0.00715762753243087
2070-12-22,0.00895731907654685
2070-12-23,0.0123776811308395
2070-12-24,0.0219612331378288
2070-12-25,0.0458342293079472
2070-12-26,0.0215689597547383
2070-12-27,0.0226123455903692
2070-12-28,0.0222105928021808
2070-12-29,0.0207815391929448
2070-12-30,0.013718660856974
2070-12-31,0.0129538280267127
2071-01-01,0.0107363780907707
2071-01-02,0.0114514637348161
2071-01-03,0.00472682548058165
2071-01-04,0.00546354037653589
2071-01-05,0.00699611475479332
2071-01-06,0.00741402049696838
2071-01-07,0.00739363501333178
2071-01-08,0.0794910583317654
2071-01-09,0.015867268568894
2071-01-10,0.00482606711941075
2071-01-11,0.00536210050187199
2071-01-12,0.0618311974855487
2071-01-13,0.122498151180917
2071-01-14,0.291238168851711
2071-01-15,0.190830957117358
2071-01-16,0.36935777147561
2071-01-17,0.18048335118075
2071-01-18,0.00553054655819311
2071-01-19,0.00615408918491347
2071-01-20,0.00901381516403057
2071-01-21,0.00904677255754134
2071-01-22,0.00972382144570122
2071-01-23,0.00894615579462251
2071-01-24,0.0265950268385177
2071-01-25,0.00932714143253185
2071-01-26,0.00688678666764024
2071-01-27,0.00676632275720409
2071-01-28,0.00586457144918654
2071-01-29,0.0305403938732792
2071-01-30,0.0200244619878233
2071-01-31,0.135382471761105
2071-02-01,1.14164218065919
2071-02-02,1.35804733978016
2071-02-03,0.198395709557487
2071-02-04,0.276637719955594
2071-02-05,0.15313602261909
2071-02-06,0.135368668343026
2071-02-07,0.142105309856285
2071-02-08,0.157225719975716
2071-02-09,0.147803599888212
2071-02-10,0.157798488760808
2071-02-11,0.146906865305392
2071-02-12,0.239157414388641
2071-02-13,1.12203886178371
2071-02-14,2.95582326690747
2071-02-15,1.4518692381351
2071-02-16,0.702685794018781
2071-02-17,1.27771591959757
2071-02-18,1.27204826141509
2071-02-19,1.64458748069909
2071-02-20,1.571252538395
2071-02-21,1.32646606089884
2071-02-22,0.860200751932272
2071-02-23,0.762136227741441
2071-02-24,0.779606412169124
2071-02-25,0.690404491221068
2071-02-26,0.728688107283099
2071-02-27,0.693388538143846
2071-02-28,0.643512731007682
2071-03-01,0.53913680196825
2071-03-02,0.518162226586996
2071-03-03,0.504316460361659
2071-03-04,0.485403701743686
2071-03-05,0.455797303178034
2071-03-06,0.423381436623472
2071-03-07,0.402192589097771
2071-03-08,0.389878420322084
2071-03-09,0.370402782109753
2071-03-10,0.343741985852536
2071-03-11,0.327946014986678
2071-03-12,0.320944965909456
2071-03-13,0.31576640403375
2071-03-14,0.32793467799233
2071-03-15,0.355221864845808
2071-03-16,0.238953118717719
2071-03-17,0.232242796623726
2071-03-18,0.440137666190573
2071-03-19,0.372111387270436
2071-03-20,0.374841407888838
2071-03-21,0.355032179306209
2071-03-22,0.321003893062414
2071-03-23,0.328308990656945
2071-03-24,0.911999909835841
2071-03-25,1.36018462749575
2071-03-26,1.02557443872424
2071-03-27,0.765982279953068
2071-03-28,0.577126787715997
2071-03-29,0.567873685919576
2071-03-30,0.583126023948407
2071-03-31,0.538744990974935
2071-04-01,0.70965317852773
2071-04-02,0.678774837291208
2071-04-03,0.627551752688706
2071-04-04,0.571240118545708
2071-04-05,0.612355314885371
2071-04-06,0.515246150329952
2071-04-07,0.480749230612004
2071-04-08,0.461247129926529
2071-04-09,0.444128673183041
2071-04-10,0.423921061543148
2071-04-11,0.411020494551272
2071-04-12,0.398831599273526
2071-04-13,0.411425980539064
2071-04-14,0.307813838742985
2071-04-15,0.267381466082828
2071-04-16,0.24741065157975
2071-04-17,0.23408932619242
2071-04-18,0.23188980681363
2071-04-19,0.237561821011432
2071-04-20,0.216060546802996
2071-04-21,0.19929700204278
2071-04-22,0.172897813161771
2071-04-23,0.15798267889355
2071-04-24,0.138615471202342
2071-04-25,0.127708491163088
2071-04-26,0.129856572482547
2071-04-27,0.140609025981666
2071-04-28,0.142531638439886
2071-04-29,0.129365101194609
2071-04-30,0.130138243856096
2071-05-01,0.110918095432072
2071-05-02,0.0987566170989182
2071-05-03,0.0682115609180751
2071-05-04,0.0753825641896716
2071-05-05,0.0691557136725788
2071-05-06,0.0577654706477558
2071-05-07,0.0563302830746435
2071-05-08,0.0542144260272682
2071-05-09,0.0813641606061547
2071-05-10,0.0560424460370435
2071-05-11,0.046283366745689
2071-05-12,0.0456911298649302
2071-05-13,0.0465922854656876
2071-05-14,0.0457786336016517
2071-05-15,0.0444757393020648
2071-05-16,0.0412811803776543
2071-05-17,0.0934968705746218
2071-05-18,0.205969534955478
2071-05-19,0.0468067307368448
2071-05-20,0.0483092166481104
2071-05-21,0.0492912127425034
2071-05-22,0.0496394817101171
2071-05-23,0.0493149130297504
2071-05-24,0.0469130373221784
2071-05-25,0.0442919147634306
2071-05-26,0.0426429155896895
2071-05-27,0.0445679423121291
2071-05-28,0.0532469068389451
2071-05-29,0.0539221702121957
2071-05-30,0.0586573686571431
2071-05-31,0.051731344057123
2071-06-01,0.0341737384336943
2071-06-02,0.0215916595240627
2071-06-03,0.0205624317621865
2071-06-04,0.0194241702068626
2071-06-05,0.036431613677813
2071-06-06,0.0167808122403072
2071-06-07,0.0154297986216606
2071-06-08,0.0139086159843165
2071-06-09,0.0471742958724511
2071-06-10,0.0115770169795579
2071-06-11,0.0107479759127958
2071-06-12,0.0112803884604533
2071-06-13,0.00945639847854852
2071-06-14,0.00895974651772747
2071-06-15,0.00839222893174002
2071-06-16,0.00776781552898702
2071-06-17,0.00715899804094508
2071-06-18,0.00659818148723571
2071-06-19,0.00613769602726568
2071-06-20,0.00578930728814413
2071-06-21,0.00551505740452858
2071-06-22,0.00526991273395247
2071-06-23,0.0050381806383998
2071-06-24,0.0048089999539377
2071-06-25,0.00458664745118583
2071-06-26,0.00441122312887011
2071-06-27,0.00428030335691748
2071-06-28,0.00417639763799333
2071-06-29,0.00408031156163122
2071-06-30,0.00398542135688212
2071-07-01,0.00714101762900413
2071-07-02,0.00697650928024412
2071-07-03,0.00681788415096273
2071-07-04,0.00667197567548628
2071-07-05,0.00653384389919752
2071-07-06,0.00639655592137422
2071-07-07,0.00627187155014272
2071-07-08,0.00615744863027242
2071-07-09,0.00604536347282189
2071-07-10,0.00593876543281316
2071-07-11,0.00583925776822447
2071-07-12,0.00574761781782624
2071-07-13,0.0056675229376875
2071-07-14,0.00559213740106776
2071-07-15,0.00552047911624178
2071-07-16,0.00545640695352371
2071-07-17,0.00539859627435045
2071-07-18,0.00534384828213276
2071-07-19,0.00529451503312842
2071-07-20,0.00525042669601608
2071-07-21,0.0052116052826903
2071-07-22,0.00517735630175681
2071-07-23,0.00514663574533664
2071-07-24,0.00511814717818
2071-07-25,0.00509281209343945
2071-07-26,0.00507172116679246
2071-07-27,0.00505367834949648
2071-07-28,0.00503843658313522
2071-07-29,0.00502562543409152
2071-07-30,0.00501454747172657
2071-07-31,0.00500463511382169
2071-08-01,0.0144012356592951
2071-08-02,0.0143776326445099
2071-08-03,0.0143578904253056
2071-08-04,0.014341708426373
2071-08-05,0.0143273209030927
2071-08-06,0.014314061957526
2071-08-07,0.0143017697024802
2071-08-08,0.0142914692843289
2071-08-09,0.0142833140231004
2071-08-10,0.0142759107093198
2071-08-11,0.0142691547185354
2071-08-12,0.0142630030524433
2071-08-13,0.0142573767427409
2071-08-14,0.0142523112540311
2071-08-15,0.0142477634085238
2071-08-16,0.0142435691935304
2071-08-17,0.0142395998890364
2071-08-18,0.0142357932680876
2071-08-19,0.0142320719843707
2071-08-20,0.0142283697205334
2071-08-21,0.014224702991204
2071-08-22,0.0142210880077739
2071-08-23,0.0142176318234276
2071-08-24,0.0142143528912458
2071-08-25,0.0142110884785606
2071-08-26,0.0142078251314574
2071-08-27,0.0142045623209236
2071-08-28,0.0142012997512793
2071-08-29,0.014198038624138
2071-08-30,0.014194777724661
2071-08-31,0.0141915179162717
2071-09-01,0.0109169615307072
2071-09-02,0.010914454559395
2071-09-03,0.0109119480750785
2071-09-04,0.010909441590762
2071-09-05,0.0109069362061837
2071-09-06,0.0109044310171306
2071-09-07,0.0109019269438066
2071-09-08,0.0108994234345254
2071-09-09,0.0108969200560788
2071-09-10,0.0108944178057181
2071-09-11,0.0108919154470552
2071-09-12,0.0108894139439058
2071-09-13,0.0108869135245037
2071-09-14,0.0108844131538012
2071-09-15,0.0108819132998956
2071-09-16,0.0108794140129404
2071-09-17,0.0108769161535369
2071-09-18,0.010874417676303
2071-09-19,0.0108719205662915
2071-09-20,0.0108694235267853
2071-09-21,0.0108669275688459
2071-09-22,0.0108644315992766
2071-09-23,0.010861936505573
2071-09-24,0.010859442430926
2071-09-25,0.0108569483366539
2071-09-26,0.0108544549408937
2071-09-27,0.0108519621317088
2071-09-28,0.0108494698320525
2071-09-29,0.0108469783377563
2071-09-30,0.0108444870891385
2071-10-01,0.00525003248915906
2071-10-02,0.00524882671178224
2071-10-03,0.00524762147960377
2071-10-04,0.0316697409293463
2071-10-05,0.00524521128766999
2071-10-06,0.00524400678934466
2071-10-07,0.00524280236070898
2071-10-08,0.00524159847691964
2071-10-09,0.00524039456638077
2071-10-10,0.021999102069964
2071-10-11,0.00523798797930256
2071-10-12,0.00590225933356503
2071-10-13,0.00523558248367691
2071-10-14,0.00523437993595786
2071-10-15,0.00523317795877882
2071-10-16,0.00523197601574069
2071-10-17,0.00523077454750729
2071-10-18,0.00522957348227716
2071-10-19,0.00522837220445843
2071-10-20,0.00522717153132057
2071-10-21,0.00522597120522312
2071-10-22,0.00522477106954032
2071-10-23,0.00522357103628017
2071-10-24,0.0052223714172863
2071-10-25,0.00522117216433907
2071-10-26,0.0052199732070449
2071-10-27,0.00521877441517566
2071-10-28,0.00521757588200285
2071-10-29,0.00521637762582881
2071-10-30,0.00521517945940659
2071-10-31,0.0052139817952426
2071-11-01,0.00381550701689277
2071-11-02,0.00381463076084719
2071-11-03,0.00381375466375534
2071-11-04,0.00381287886318823
2071-11-05,0.00381200314531827
2071-11-06,0.00381112776210132
2071-11-07,0.00381025251825871
2071-11-08,0.00380937755368004
2071-11-09,0.00380850263882272
2071-11-10,0.00380762797695174
2071-11-11,0.00380675359125321
2071-11-12,0.00380587940186384
2071-11-13,0.00380500546803703
2071-11-14,0.00380413159062979
2071-11-15,0.00380325791313842
2071-11-16,0.00380238443479007
2071-11-17,0.00380151117207265
2071-11-18,0.0038006381584772
2071-11-19,0.00949564383389928
2071-11-20,0.00402488001184178
2071-11-21,0.00379802035299583
2071-11-22,0.00379766141922829
2071-11-23,0.00379635758948195
2071-11-24,0.00379540429445983
2071-11-25,0.00383904246583545
2071-11-26,0.00379366133015544
2071-11-27,0.00379279007638652
2071-11-28,0.00379191890686052
2071-11-29,0.00379104815210846
2071-11-30,0.00379017768022705
2071-12-01,0.00379119647532634
2071-12-02,0.00379032576071803
2071-12-03,0.00378945513632294
2071-12-04,0.00378858506454814
2071-12-05,0.0048379215548734
2071-12-06,0.00378684506327761
2071-12-07,0.00378597552453394
2071-12-08,0.00508296175811465
2071-12-09,0.0158267336927227
2071-12-10,0.0101787073777447
2071-12-11,0.00408139074641177
2071-12-12,0.00447088312564068
2071-12-13,0.00583751307838586
2071-12-14,0.00743573653369001
2071-12-15,0.00435148139818549
2071-12-16,0.00411105077629331
2071-12-17,0.0038250419968815
2071-12-18,0.00383406996816748
2071-12-19,0.00377555561280327
2071-12-20,0.00419700230313711
2071-12-21,0.00377382185995674
2071-12-22,0.00377295533407619
2071-12-23,0.00377208900872669
2071-12-24,0.00438516499864556
2071-12-25,0.00377035697302398
2071-12-26,0.00376949127194984
2071-12-27,0.00376862584022653
2071-12-28,0.00376776043917572
2071-12-29,0.00376689546315793
2071-12-30,0.00376603048714016
2071-12-31,0.00376516582609533
2072-01-01,0.00253377519512393
2072-01-02,0.00253319342465377
2072-01-03,0.00253261181726846
2072-01-04,0.00253203030981597
2072-01-05,0.0408903386560845
2072-01-06,0.0293797617235465
2072-01-07,0.0262984896095897
2072-01-08,0.00834908558727851
2072-01-09,0.00653006508101952
2072-01-10,0.00339564399570905
2072-01-11,0.00457478842028996
2072-01-12,0.00542959134304907
2072-01-13,0.0967138797417883
2072-01-14,0.0543730569540459
2072-01-15,0.0221701784767319
2072-01-16,0.0226105452680432
2072-01-17,0.0193265324418722
2072-01-18,0.0111727639044368
2072-01-19,0.107094050936837
2072-01-20,0.0105903462511714
2072-01-21,0.00396109001197976
2072-01-22,0.00415172599166538
2072-01-23,0.0849068242738618
2072-01-24,1.50235048082348
2072-01-25,3.75184696725946
2072-01-26,0.466142664147576
2072-01-27,0.0342379489627129
2072-01-28,0.0078877619982012
2072-01-29,0.0113109935300004
2072-01-30,0.00721091985685768
2072-01-31,0.0068035221789584
2072-02-01,0.0064096741140127
2072-02-02,0.00516233898375861
2072-02-03,0.00600514089734786
2072-02-04,0.172388917512478
2072-02-05,0.778150246450837
2072-02-06,0.79204412283481
2072-02-07,0.362647668318755
2072-02-08,0.0426056009623652
2072-02-09,0.0799038374691615
2072-02-10,0.0255576171946348
2072-02-11,0.024347810959615
2072-02-12,0.0265884171031938
2072-02-13,0.0288261650375358
2072-02-14,0.0332158314439234
2072-02-15,0.0423203849818623
2072-02-16,0.0520247363548776
2072-02-17,0.0519361874079634
2072-02-18,0.0528690994356449
2072-02-19,0.0577831512932199
2072-02-20,0.0591202330613999
2072-02-21,0.0570838812558677
2072-02-22,0.0629859340317163
2072-02-23,0.0486762701867687
2072-02-24,0.0454967589020926
2072-02-25,0.0427493842659671
2072-02-26,0.0431253672673996
2072-02-27,0.0429463935690468
2072-02-28,0.0652799773476682
2072-02-29,0.0481889852164337
2072-03-01,0.118201125437985
2072-03-02,0.055597028560283
2072-03-03,0.0403080141067155
2072-03-04,0.0554523419622874
2072-03-05,0.110612376933991
2072-03-06,0.133104927327161
2072-03-07,0.14849899334727
2072-03-08,0.077059187834355
2072-03-09,0.0822605860886436
2072-03-10,0.0807267345162807
2072-03-11,0.0760882945356403
2072-03-12,0.071297219265164
2072-03-13,0.0667002547739769
2072-03-14,0.0623376478089826
2072-03-15,0.053772312105965
2072-03-16,0.0499727181222413
2072-03-17,0.0462393831925043
2072-03-18,0.249342622827352
2072-03-19,0.599894040377797
2072-03-20,0.500660422524706
2072-03-21,0.242304600594856
2072-03-22,0.268713164303497
2072-03-23,0.27240935105087
2072-03-24,0.256772419853367
2072-03-25,0.248133871425188
2072-03-26,0.269084588554854
2072-03-27,0.252181810221721
2072-03-28,0.228547892930039
2072-03-29,0.21614725300732
2072-03-30,0.202691043675468
2072-03-31,0.18525101485111
2072-04-01,0.234425682821071
2072-04-02,0.212610621775425
2072-04-03,0.189165346138689
2072-04-04,0.197574551070868
2072-04-05,0.38080549264574
2072-04-06,0.561044468837318
2072-04-07,0.361609436085437
2072-04-08,0.321343252501744
2072-04-09,0.317391421369606
2072-04-10,0.294174402714824
2072-04-11,0.270848239760966
2072-04-12,0.25529768663776
2072-04-13,0.236202589263819
2072-04-14,0.219736751262806
2072-04-15,0.241795697209131
2072-04-16,0.230986416782404
2072-04-17,0.186161403866821
2072-04-18,0.201621843517782
2072-04-19,0.180196994936998
2072-04-20,0.15580762741833
2072-04-21,0.139820753141817
2072-04-22,0.123140315561664
2072-04-23,0.108767190789562
2072-04-24,0.0963772380001774
2072-04-25,0.085393780821773
2072-04-26,0.112786408666385
2072-04-27,0.0717721260753695
2072-04-28,0.0645527406499276
2072-04-29,0.0594870528336745
2072-04-30,0.0549467920336921
2072-05-01,0.0540900473898386
2072-05-02,0.0451937744823668
2072-05-03,0.036505593055088
2072-05-04,0.0289701795409356
2072-05-05,0.0298854675893698
2072-05-06,0.0220007938327964
2072-05-07,0.0189365336664073
2072-05-08,0.0164260367002972
2072-05-09,0.0140363547104065
2072-05-10,0.0121660641335404
2072-05-11,0.0109911341174216
2072-05-12,0.0105155550116185
2072-05-13,0.0245769094247015
2072-05-14,0.00967860638739913
2072-05-15,0.00925566203327518
2072-05-16,0.00885151566391792
2072-05-17,0.00855163698698646
2072-05-18,0.00830701080078106
2072-05-19,0.00811246902822518
2072-05-20,0.00796911195480664
2072-05-21,0.00786597862391104
2072-05-22,0.0082617617025201
2072-05-23,0.00770724497600755
2072-05-24,0.00762122376247466
2072-05-25,0.00751696016252776
2072-05-26,0.00739791851378929
2072-05-27,0.00728031082877595
2072-05-28,0.00716686468021189
2072-05-29,0.00704611021610676
2072-05-30,0.00691563013444215
2072-05-31,0.00796360546229624
2072-06-01,0.00542161616531463
2072-06-02,0.00532397825215712
2072-06-03,0.00521317971975851
2072-06-04,0.00509691442587332
2072-06-05,0.00497875954810588
2072-06-06,0.00486244061947302
2072-06-07,0.00475095910675598
2072-06-08,0.00464258668504645
2072-06-09,0.0045356173560519
2072-06-10,0.00443075164801988
2072-06-11,0.00433727726486103
2072-06-12,0.00425087189714707
2072-06-13,0.00415449241756714
2072-06-14,0.00405221860353594
2072-06-15,0.00395286210860393
2072-06-16,0.00385813895676757
2072-06-17,0.00376733461987419
2072-06-18,0.00367904923601109
2072-06-19,0.00359482039236364
2072-06-20,0.00351604109914306
2072-06-21,0.00344550869851184
2072-06-22,0.00338259760440424
2072-06-23,0.00332116863263703
2072-06-24,0.00325810633562415
2072-06-25,0.00319615872684979
2072-06-26,0.00313839503242184
2072-06-27,0.00308528500042115
2072-06-28,0.00303668371271742
2072-06-29,0.00299236941102726
2072-06-30,0.00295235151340372
2072-07-01,0.00535064723456547
2072-07-02,0.00529275027267152
2072-07-03,0.00524188576243582
2072-07-04,0.00519727685987716
2072-07-05,0.00515857642743117
2072-07-06,0.00512531232935841
2072-07-07,0.00509652031878542
2072-07-08,0.00507244996018676
2072-07-09,0.00505148564190971
2072-07-10,0.00503285841530175
2072-07-11,0.00501758336863102
2072-07-12,0.00500420875394944
2072-07-13,0.00499225962898135
2072-07-14,0.00498309119256928
2072-07-15,0.00497644237786389
2072-07-16,0.0049711938078084
2072-07-17,0.00496641439033932
2072-07-18,0.00496205845379012
2072-07-19,0.00495854093167877
2072-07-20,0.0049560881212624
2072-07-21,0.00495430181453711
2072-07-22,0.00495270003306235
2072-07-23,0.00495112200507465
2072-07-24,0.00494960777999324
2072-07-25,0.00494820995718912
2072-07-26,0.00494695071403269
2072-07-27,0.00494580528615958
2072-07-28,0.00494466951159143
2072-07-29,0.00494353388218329
2072-07-30,0.0049423984772325
2072-07-31,0.00494126335539291
2072-08-01,0.014242055555363
2072-08-02,0.0142387847076217
2072-08-03,0.0142355145929403
2072-08-04,0.0142322454408723
2072-08-05,0.0142289769623502
2072-08-06,0.0142257092480619
2072-08-07,0.0142224422432168
2072-08-08,0.0142191756672495
2072-08-09,0.014215910134192
2072-08-10,0.0142126452964077
2072-08-11,0.0142093812398612
2072-08-12,0.0142061181638766
2072-08-13,0.0142028553004416
2072-08-14,0.014199594073166
2072-08-15,0.0141963329715306
2072-08-16,0.0141930720191524
2072-08-17,0.0141898126557001
2072-08-18,0.0141865544938615
2072-08-19,0.0141832959551015
2072-08-20,0.0141800389608685
2072-08-21,0.0141767826628533
2072-08-22,0.0141735265273204
2072-08-23,0.0141702712136458
2072-08-24,0.0141670173660908
2072-08-25,0.0141637634325715
2072-08-26,0.0141605105561319
2072-08-27,0.014157259074962
2072-08-28,0.0141540078346817
2072-08-29,0.0141507568900815
2072-08-30,0.0141475071603201
2072-08-31,0.0141442579756302
2072-09-01,0.0108806067331554
2072-09-02,0.0108781077071426
2072-09-03,0.010875609807035
2072-09-04,0.0108731119171035
2072-09-05,0.0108706147743833
2072-09-06,0.0108681181695389
2072-09-07,0.0108656221330987
2072-09-08,0.0108631268031658
2072-09-09,0.0108606324043395
2072-09-10,0.0108581378056271
2072-09-11,0.0108556443771581
2072-09-12,0.010853151073709
2072-09-13,0.0108506585581754
2072-09-14,0.0108481669243222
2072-09-15,0.0108456756350003
2072-09-16,0.0108431850914361
2072-09-17,0.0108406945115289
2072-09-18,0.0108382050190033
2072-09-19,0.0108357163747225
2072-09-20,0.0108332276330427
2072-09-21,0.0108307399983695
2072-09-22,0.0108282523629696
2072-09-23,0.0111304204388055
2072-09-24,0.0108232792880118
2072-09-25,0.010820793930589
2072-09-26,0.0108183087127232
2072-09-27,0.0108158241126878
2072-09-28,0.0108133404859171
2072-09-29,0.0108108569921617
2072-09-30,0.0108083743379288
2072-10-01,0.00523254954361607
2072-10-02,0.00523134792790811
2072-10-03,0.00523014657476823
2072-10-04,0.00522894524697002
2072-10-05,0.00522774446437016
2072-10-06,0.0052265440066367
2072-10-07,0.00522534369496993
2072-10-08,0.00522414361349018
2072-10-09,0.00522294398886481
2072-10-10,0.00522174451699352
2072-10-11,0.00522054531156197
2072-10-12,0.00521934638805672
2072-10-13,0.00521814763595987
2072-10-14,0.00521694930446467
2072-10-15,0.00521575135626257
2072-10-16,0.00521455360023497
2072-10-17,0.00521335593395919
2072-10-18,0.00521215877486919
2072-10-19,0.00521096174354355
2072-10-20,0.00520976508847164
2072-10-21,0.00520856865408362
2072-10-22,0.00520737243228422
2072-10-23,0.00520617648185211
2072-10-24,0.00520498099918537
2072-10-25,0.00520378573227499
2072-10-26,0.00520259056778728
2072-10-27,0.0052013958802161
2072-10-28,0.00520020127852511
2072-10-29,0.00874136752533639
2072-10-30,0.00519781322115071
2072-10-31,0.00519661938921359
2072-11-01,0.00380280139259681
2072-11-02,0.00380192817882786
2072-11-03,0.00380105482542693
2072-11-04,0.00380018208568534
2072-11-05,0.0037993093784043
2072-11-06,0.00379843691509277
2072-11-07,0.00379756438041953
2072-11-08,0.0108404941656395
2072-11-09,0.00391018739249202
2072-11-10,0.00455129019179918
2072-11-11,0.0037940771817266
2072-11-12,0.00379320589498188
2072-11-13,0.00379233492176503
2072-11-14,0.00379146391840622
2072-11-15,0.0180539358589969
2072-11-16,0.093052510877514
2072-11-17,0.00571943346719827
2072-11-18,0.0101516011309119
2072-11-19,0.00631022694978569
2072-11-20,0.00531335697272575
2072-11-21,0.00383537024447788
2072-11-22,0.00388201700767939
2072-11-23,0.00418618805268359
2072-11-24,0.00392094208200031
2072-11-25,0.133439447807004
2072-11-26,0.550346110633184
2072-11-27,0.747298533837209
2072-11-28,0.461056811442257
2072-11-29,0.0108242280644628
2072-11-30,0.00654053761713971
2072-12-01,0.585169958111606
2072-12-02,0.313329059666626
2072-12-03,0.0151111458733906
2072-12-04,0.00846863415073276
2072-12-05,0.00984698676108927
2072-12-06,0.0119122294955149
2072-12-07,0.0168680013260272
2072-12-08,0.023420550557913
2072-12-09,0.0819515747119909
2072-12-10,0.0975459629060556
2072-12-11,0.0717934120966213
2072-12-12,0.108257441366847
2072-12-13,0.0902984093655863
2072-12-14,0.0364812684709431
2072-12-15,0.026142781035724
2072-12-16,0.0139127232068196
2072-12-17,0.0117448179627082
2072-12-18,0.0102115593552957
2072-12-19,0.0107917935617551
2072-12-20,0.0105752952679525
2072-12-21,0.0114210652738342
2072-12-22,0.0120327421132116
2072-12-23,0.00872862454320719
2072-12-24,0.0156164102919261
2072-12-25,0.00768963176822418
2072-12-26,0.00765859624170228
2072-12-27,0.00841329292508008
2072-12-28,0.00865013934380348
2072-12-29,0.0077085327734099
2072-12-30,0.00758990640959244
2072-12-31,0.0082529467117295
2073-01-01,0.038568417076827
2073-01-02,0.0160174153079398
2073-01-03,0.00625383629930738
2073-01-04,0.0062896875882071
2073-01-05,0.0885100484914681
2073-01-06,0.126676668469146
2073-01-07,0.00944942049251205
2073-01-08,0.00541376118005425
2073-01-09,0.0102960966833952
2073-01-10,0.0586661892911704
2073-01-11,0.00777178379390764
2073-01-12,0.0106834449826759
2073-01-13,0.231580773483147
2073-01-14,0.174272436336779
2073-01-15,0.0389111483242129
2073-01-16,0.02643696798048
2073-01-17,0.0167797808049268
2073-01-18,0.0189189039930246
2073-01-19,0.0106578333516332
2073-01-20,0.0130725276280398
2073-01-21,0.0155336921657232
2073-01-22,0.0191859390653221
2073-01-23,0.108161867571323
2073-01-24,0.290283039517252
2073-01-25,0.0201271019458825
2073-01-26,0.0140606386369134
2073-01-27,0.0169639289570138
2073-01-28,0.0178461970992831
2073-01-29,0.0159383848632841
2073-01-30,0.017261440602597
2073-01-31,0.0464900385935013
2073-02-01,0.0202923406617554
2073-02-02,0.021865813903921
2073-02-03,0.0211920160488609
2073-02-04,0.133882391022686
2073-02-05,0.288508090521747
2073-02-06,0.0499518729933487
2073-02-07,0.0898867683847339
2073-02-08,0.105873393684091
2073-02-09,0.0712012926909137
2073-02-10,0.0678259384224456
2073-02-11,0.0893171308001293
2073-02-12,0.0812966930563585
2073-02-13,0.0873395989621088
2073-02-14,0.10210334804281
2073-02-15,0.118410658805507
2073-02-16,0.126344505837786
2073-02-17,0.268170477686234
2073-02-18,0.404034234083801
2073-02-19,0.175807811369338
2073-02-20,0.186925146763303
2073-02-21,0.185501277391847
2073-02-22,0.172341145972212
2073-02-23,0.160942255930553
2073-02-24,0.14863584970745
2073-02-25,0.130685904316185
2073-02-26,0.119468533724917
2073-02-27,0.117907851708594
2073-02-28,0.105168543818924
2073-03-01,0.0858066476134434
2073-03-02,0.081954106806983
2073-03-03,0.0780968426571832
2073-03-04,0.0878672975878192
2073-03-05,0.0789132931352758
2073-03-06,0.0777741983735555
2073-03-07,0.0804473644020446
2073-03-08,0.0725109740384487
2073-03-09,0.0697865524114605
2073-03-10,0.066140842156836
2073-03-11,0.0690353634659089
2073-03-12,0.098363778104272
2073-03-13,0.0659083732619712
2073-03-14,0.0676443364104686
2073-03-15,0.0667949182188483
2073-03-16,0.0629928028299669
2073-03-17,0.0666518678170751
2073-03-18,0.0688702904223193
2073-03-19,0.0708118322786452
2073-03-20,0.071613818027241
2073-03-21,0.0622912585885593
2073-03-22,0.0598366982226487
2073-03-23,0.0553075150574709
2073-03-24,0.051715484108476
2073-03-25,0.0477142705419035
2073-03-26,0.0460589287364787
2073-03-27,0.0521481267798857
2073-03-28,0.054401429021389
2073-03-29,0.0450024261115735
2073-03-30,0.0387751340811059
2073-03-31,0.0377668028471848
2073-04-01,0.0547183417584778
2073-04-02,0.0629699025976624
2073-04-03,0.0691081426407627
2073-04-04,0.0638251426057266
2073-04-05,0.0506631733573329
2073-04-06,0.0444966043542481
2073-04-07,0.0404250681974264
2073-04-08,0.0360973380128172
2073-04-09,0.0313161931902693
2073-04-10,0.0265105554236633
2073-04-11,0.0222195258975563
2073-04-12,0.0215709415582299
2073-04-13,0.0415184125043384
2073-04-14,0.0252144187856589
2073-04-15,0.0181628581191573
2073-04-16,0.0167964868244936
2073-04-17,0.0153950302128156
2073-04-18,0.0138707622824291
2073-04-19,0.0124814521689562
2073-04-20,0.0129053880899153
2073-04-21,0.0226202762456043
2073-04-22,0.0114057375725401
2073-04-23,0.0106620504529289
2073-04-24,0.0258812162733529
2073-04-25,0.0100056740683285
2073-04-26,0.00934626321367413
2073-04-27,0.00888148396203059
2073-04-28,0.00848571486245985
2073-04-29,0.00816072717472711
2073-04-30,0.00779131968602085
2073-05-01,0.00830969081134621
2073-05-02,0.00801829791975348
2073-05-03,0.00782017709837275
2073-05-04,0.00941718839068581
2073-05-05,0.0108208759987773
2073-05-06,0.00757332891856095
2073-05-07,0.00747567548524123
2073-05-08,0.00737444883909329
2073-05-09,0.00727265937560824
2073-05-10,0.00716890185431394
2073-05-11,0.00706352563451692
2073-05-12,0.00695647048299524
2073-05-13,0.00684642523642503
2073-05-14,0.00691480486229731
2073-05-15,0.00663194747035024
2073-05-16,0.00650520075185226
2073-05-17,0.00637082589901983
2073-05-18,0.00623289061871499
2073-05-19,0.00609311306982673
2073-05-20,0.00595203826162835
2073-05-21,0.00581254292079678
2073-05-22,0.00567342241731343
2073-05-23,0.00553618449337426
2073-05-24,0.00540819162918838
2073-05-25,0.0052968022888283
2073-05-26,0.00840050323337171
2073-05-27,0.00512528396250224
2073-05-28,0.00800813538440402
2073-05-29,0.00498675735474804
2073-05-30,0.00491587615992012
2073-05-31,0.00550902040510761
2073-06-01,0.00384177370886556
2073-06-02,0.00376715530213002
2073-06-03,0.00369862773114282
2073-06-04,0.0229524098084676
2073-06-05,0.00393964734841803
2073-06-06,0.00358168294316206
2073-06-07,0.00347931062395484
2073-06-08,0.00343347457044027
2073-06-09,0.003371733622986
2073-06-10,0.00331923956609294
2073-06-11,0.00326540614409605
2073-06-12,0.00321506419377735
2073-06-13,0.00316752860250317
2073-06-14,0.00312158480759038
2073-06-15,0.00308144049393115
2073-06-16,0.00304524042010008
2073-06-17,0.00301063719674262
2073-06-18,0.00297879517228652
2073-06-19,0.00295118748434099
2073-06-20,0.00292543697044365
2073-06-21,0.00289889867484548
2073-06-22,0.00287283098825624
2073-06-23,0.00284861793115476
2073-06-24,0.00282668907628801
2073-06-25,0.00280735293276791
2073-06-26,0.00279145205303934
2073-06-27,0.0027785917019351
2073-06-28,0.00276690681576916
2073-06-29,0.00275571239711504
2073-06-30,0.0027457761709072
2073-07-01,0.00502182376010068
2073-07-02,0.00500854392180299
2073-07-03,0.00499776177654685
2073-07-04,0.00498874391563588
2073-07-05,0.00498100114063901
2073-07-06,0.00497431226504575
2073-07-07,0.00496842947383835
2073-07-08,0.00496316916548199
2073-07-09,0.00495866494715658
2073-07-10,0.00495507007146775
2073-07-11,0.0049520238750833
2073-07-12,0.00494967029579219
2073-07-13,0.00494794985108277
2073-07-14,0.00494633126545196
2073-07-15,0.00494476020022993
2073-07-16,0.00494325995015879
2073-07-17,0.00494185427200235
2073-07-18,0.00494057038473826
2073-07-19,0.00493941398106399
2073-07-20,0.00493827941135673
2073-07-21,0.00493714535642687
2073-07-22,0.00493601149515293
2073-07-23,0.00493487788815477
2073-07-24,0.00493374471041083
2073-07-25,0.00493261142846627
2073-07-26,0.00493147853678259
2073-07-27,0.00493034607205941
2073-07-28,0.0049292137479088
2073-07-29,0.004928081862515
2073-07-30,0.00492695011769375
2073-07-31,0.00492581851377276
2073-08-01,0.014197538956016
2073-08-02,0.0141942782889264
2073-08-03,0.0141910186789167
2073-08-04,0.0141877590906343
2073-08-05,0.0141845011507918
2073-08-06,0.0141812434320008
2073-08-07,0.0141779868109103
2073-08-08,0.0141747306942707
2073-08-09,0.0141714750169003
2073-08-10,0.0141682204173922
2073-08-11,0.0141649663969637
2073-08-12,0.0141617133504845
2073-08-13,0.0141584608981993
2073-08-14,0.0141552093490137
2073-08-15,0.0141519581030653
2073-08-16,0.0141487085858535
2073-08-17,0.014145459064863
2073-08-18,0.014142210753988
2073-08-19,0.0141389630476984
2073-08-20,0.014135715687156
2073-08-21,0.0141324690464482
2073-08-22,0.0141292233768558
2073-08-23,0.0141259786727107
2073-08-24,0.0141227342472417
2073-08-25,0.014119491145248
2073-08-26,0.0141162484107288
2073-08-27,0.0141130067852459
2073-08-28,0.0141097656868861
2073-08-29,0.014106524834139
2073-08-30,0.0141032851537209
2073-08-31,0.0141000466569676
2073-09-01,0.0108465960758857
2073-09-02,0.0108441055337751
2073-09-03,0.0108416144843169
2073-09-04,0.0108391252113028
2073-09-05,0.0108366357231383
2073-09-06,0.0108341468506238
2073-09-07,0.0108316590967457
2073-09-08,0.010829171320335
2073-09-09,0.0108266842271722
2073-09-10,0.0108241978884893
2073-09-11,0.010821711810022
2073-09-12,0.0108192266888285
2073-09-13,0.0108167419056246
2073-09-14,0.0108142578252937
2073-09-15,0.0108117742908341
2073-09-16,0.0108092917296393
2073-09-17,0.0108068092149633
2073-09-18,0.010804326991758
2073-09-19,0.0108018460274731
2073-09-20,0.0107993651256981
2073-09-21,0.0107968850118386
2073-09-22,0.0107944053428171
2073-09-23,0.0107919266368841
2073-09-24,0.0107894481199347
2073-09-25,0.0107869703160341
2073-09-26,0.0107844929315315
2073-09-27,0.0107820161190672
2073-09-28,0.0107795401461253
2073-09-29,0.0107770643745236
2073-09-30,0.0107745893850224
2073-10-01,0.00521619379931276
2073-10-02,0.00521499569413297
2073-10-03,0.00521379800040368
2073-10-04,0.00521260076810435
2073-10-05,0.00521140355833097
2073-10-06,0.00521020669770978
2073-10-07,0.00520901019679982
2073-10-08,0.00520781401090117
2073-10-09,0.00520661811291228
2073-10-10,0.00520542233987199
2073-10-11,0.00520422700467983
2073-10-12,0.00520303178246937
2073-10-13,0.00520183672427596
2073-10-14,0.00520064207577325
2073-10-15,0.00519944788764458
2073-10-16,0.00519825384558259
2073-10-17,0.00519706002420451
2073-10-18,0.00519586648369682
2073-10-19,0.00519467316633683
2073-10-20,0.00519348022276676
2073-10-21,0.0111517935410172
2073-10-22,0.00552182490626142
2073-10-23,0.00518990302377993
2073-10-24,0.00518871105164135
2073-10-25,0.00518751946948325
2073-10-26,0.00518632804571073
2073-10-27,0.00518513704289186
2073-10-28,0.00551653042581156
2073-10-29,0.00518275580911978
2073-10-30,0.00518156557042328
2073-10-31,0.00518037566609633
2073-11-01,0.00379091447948705
2073-11-02,0.0037900437917171
2073-11-03,0.00378917336595032
2073-11-04,0.00378830332069353
2073-11-05,0.0219973833923976
2073-11-06,0.00378656355504327
2073-11-07,0.00378569388334065
2073-11-08,0.00378482442263171
2073-11-09,0.00378395533547695
2073-11-10,0.00378308638615078
2073-11-11,0.00378230249562261
2073-11-12,0.00378134893730919
2073-11-13,0.00378048064028589
2073-11-14,0.0037796123314119
2073-11-15,0.172411207779146
2073-11-16,0.00377791858402769
2073-11-17,0.00377719136630312
2073-11-18,0.00377651001948395
2073-11-19,0.00377585434511016
2073-11-20,0.00377521931308175
2073-11-21,0.00377459977607999
2073-11-22,0.00377398814606053
2073-11-23,0.00377337800304426
2073-11-24,0.00377276304839278
2073-11-25,0.00377213972741616
2073-11-26,0.00377150534408388
2073-11-27,0.00377085857240746
2073-11-28,0.00377020185800735
2073-11-29,0.00376953598534731
2073-11-30,0.00376886282760825
2073-12-01,0.00377006295325571
2073-12-02,0.00376937881372128
2073-12-03,0.00376868620909568
2073-12-04,0.00387771336906751
2073-12-05,0.00376727782974394
2073-12-06,0.00376656262336096
2073-12-07,0.0037658376803962
2073-12-08,0.00376510225568861
2073-12-09,0.00376435688922861
2073-12-10,0.00376360242953583
2073-12-11,0.00977788597228384
2073-12-12,0.0123336463930684
2073-12-13,0.00376131571488016
2073-12-14,0.0109029519938841
2073-12-15,0.00749448191629574
2073-12-16,0.00422733288000138
2073-12-17,0.00375831709255162
2073-12-18,0.00376141226336652
2073-12-19,0.00382362597518296
2073-12-20,0.00375616093108815
2073-12-21,0.00375545078669671
2073-12-22,0.00390484478636129
2073-12-23,0.00375403196246067
2073-12-24,0.0082472776183605
2073-12-25,0.0161477911689418
2073-12-26,0.00504371131991673
2073-12-27,0.00391697178520534
2073-12-28,0.00415193890419844
2073-12-29,0.00401222247684404
2073-12-30,0.00447100591611591
2073-12-31,0.00374858403448393
2074-01-01,0.0420245941142929
2074-01-02,0.366337019753579
2074-01-03,0.390190240147641
2074-01-04,0.118410720887324
2074-01-05,0.30860806615591
2074-01-06,0.0162183849562593
2074-01-07,0.00557459990456025
2074-01-08,0.166939582398856
2074-01-09,2.7651189472483
2074-01-10,0.789833794643781
2074-01-11,0.0287845245650018
2074-01-12,0.0151787374083433
2074-01-13,0.199458113354222
2074-01-14,2.93801564622699
2074-01-15,1.6744131562322
2074-01-16,0.0252494279038872
2074-01-17,0.029959385460411
2074-01-18,0.0343026400127914
2074-01-19,0.0365434218032065
2074-01-20,0.0361331543605758
2074-01-21,0.0373102329138364
2074-01-22,0.0380155101327773
2074-01-23,0.0383744094807985
2074-01-24,0.0379958736679727
2074-01-25,0.0375019732509737
2074-01-26,0.0397950264795859
2074-01-27,0.036815149862479
2074-01-28,0.0371302272055314
2074-01-29,0.0660710611643958
2074-01-30,0.144058598941815
2074-01-31,0.097346155427441
2074-02-01,0.0625332986719577
2074-02-02,0.0707378336587783
2074-02-03,0.0587946374173705
2074-02-04,0.0937142641546194
2074-02-05,0.0827714811204259
2074-02-06,0.0674770733662434
2074-02-07,0.0753692772537799
2074-02-08,0.0733365573037126
2074-02-09,0.0699317623456718
2074-02-10,0.127336990442664
2074-02-11,0.138882088970277
2074-02-12,0.349631725736025
2074-02-13,0.401237223555555
2074-02-14,0.27866181410015
2074-02-15,0.245351478702119
2074-02-16,0.245206316722721
2074-02-17,0.601170269583832
2074-02-18,1.27917566012729
2074-02-19,0.771936307036647
2074-02-20,0.538792364769811
2074-02-21,0.540790641404197
2074-02-22,0.520362197711075
2074-02-23,0.495654199288533
2074-02-24,0.462304197298272
2074-02-25,0.48583710831347
2074-02-26,0.631880112341343
2074-02-27,0.693965561358823
2074-02-28,0.573788119383968
2074-03-01,0.438907851953814
2074-03-02,0.430232450311651
2074-03-03,0.507010801886251
2074-03-04,0.535203518786949
2074-03-05,0.789903920958522
2074-03-06,0.667854696304091
2074-03-07,0.554062965014707
2074-03-08,0.548238072821806
2074-03-09,0.521054478039788
2074-03-10,0.490288447016302
2074-03-11,0.447677317335549
2074-03-12,0.401380774129653
2074-03-13,0.370333564694492
2074-03-14,0.33242931595514
2074-03-15,0.307366154692931
2074-03-16,0.272502130601649
2074-03-17,0.247677233201912
2074-03-18,0.243006213190899
2074-03-19,0.398273212350277
2074-03-20,0.750885750899252
2074-03-21,1.02178835562152
2074-03-22,0.816986958867956
2074-03-23,0.660740198228785
2074-03-24,1.00628546557238
2074-03-25,2.10558860523384
2074-03-26,1.63476288211489
2074-03-27,0.627071144443479
2074-03-28,0.616788980349742
2074-03-29,0.606866130387166
2074-03-30,0.595271905680771
2074-03-31,0.554851768355167
2074-04-01,0.6901773652695
2074-04-02,0.610985951930991
2074-04-03,0.546263771807973
2074-04-04,0.483707216340958
2074-04-05,0.43141295714313
2074-04-06,0.382530071830097
2074-04-07,0.337012855783046
2074-04-08,0.29504719449286
2074-04-09,0.257265456391681
2074-04-10,0.223956035873996
2074-04-11,0.194960714781002
2074-04-12,0.170084397399284
2074-04-13,0.178375893360614
2074-04-14,0.142513218837605
2074-04-15,0.128347168828326
2074-04-16,0.113630953577912
2074-04-17,0.09901418892217
2074-04-18,0.119124438676494
2074-04-19,0.0876386866539842
2074-04-20,0.0754647993193541
2074-04-21,0.0684912139446777
2074-04-22,0.0607914015853135
2074-04-23,0.0758354159848241
2074-04-24,0.102444472025095
2074-04-25,0.1733181990985
2074-04-26,0.214594083956256
2074-04-27,0.328752052194755
2074-04-28,0.412207626346376
2074-04-29,0.32464759329205
2074-04-30,0.270461152825352
2074-05-01,0.309434068114874
2074-05-02,0.321464674419947
2074-05-03,0.399094824388198
2074-05-04,0.372082278581583
2074-05-05,0.315478562494512
2074-05-06,0.305291844353045
2074-05-07,0.278671907098816
2074-05-08,0.250476262566508
2074-05-09,0.219634793522013
2074-05-10,0.190182660576022
2074-05-11,0.165451417069981
2074-05-12,0.144854499860078
2074-05-13,0.125069396006261
2074-05-14,0.216317092503937
2074-05-15,0.158544247565856
2074-05-16,0.108133048708992
2074-05-17,0.10446145944271
2074-05-18,0.10514238691789
2074-05-19,0.0989593336610755
2074-05-20,0.103190808768123
2074-05-21,0.0888341705424927
2074-05-22,0.0755732501940512
2074-05-23,0.0676829602926583
2074-05-24,0.060019637096137
2074-05-25,0.052137723886441
2074-05-26,0.0444523328657429
2074-05-27,0.0367072841295971
2074-05-28,0.0292089064237366
2074-05-29,0.0227909213817629
2074-05-30,0.0179278343169884
2074-05-31,0.0145715804871716
2074-06-01,0.0100456985880645
2074-06-02,0.00898087806531363
2074-06-03,0.00829066818728501
2074-06-04,0.00776171536556521
2074-06-05,0.00735747117053045
2074-06-06,0.00705683925690779
2074-06-07,0.00681884375132294
2074-06-08,0.00663899269971985
2074-06-09,0.0065005632314597
2074-06-10,0.00638931589689599
2074-06-11,0.00628394984639991
2074-06-12,0.00617937237173044
2074-06-13,0.00607479580228577
2074-06-14,0.00597276499145657
2074-06-15,0.00587472079705031
2074-06-16,0.00577011640998342
2074-06-17,0.00565563520735495
2074-06-18,0.00553572921009008
2074-06-19,0.00541014795277656
2074-06-20,0.00528181087504018
2074-06-21,0.00515276002398142
2074-06-22,0.0050251885735157
2074-06-23,0.00491969580012202
2074-06-24,0.00480170399034917
2074-06-25,0.00468451274330823
2074-06-26,0.00456540067784287
2074-06-27,0.00444750013573449
2074-06-28,0.00433192858376871
2074-06-29,0.00422042244815137
2074-06-30,0.0041164686601474
2074-07-01,0.00783700912127191
2074-07-02,0.00723379282117099
2074-07-03,0.00708954243156133
2074-07-04,0.00692200326289303
2074-07-05,0.0067571546334953
2074-07-06,0.00660036469971872
2074-07-07,0.00645678668868487
2074-07-08,0.00632500430524022
2074-07-09,0.00619895028601017
2074-07-10,0.00607611891352056
2074-07-11,0.00595766013559315
2074-07-12,0.00584321790452552
2074-07-13,0.00573434853033527
2074-07-14,0.00563397078447086
2074-07-15,0.00554279782990232
2074-07-16,0.00546558393635463
2074-07-17,0.00540188194019862
2074-07-18,0.00534440018248218
2074-07-19,0.0052901727924104
2074-07-20,0.00523960240061642
2074-07-21,0.00519627373535024
2074-07-22,0.00515954300374606
2074-07-23,0.00512859940551968
2074-07-24,0.00510148893349492
2074-07-25,0.00507547946251394
2074-07-26,0.00505257278164646
2074-07-27,0.00503251452565178
2074-07-28,0.00501559944800573
2074-07-29,0.00500189188343112
2074-07-30,0.00499089938984222
2074-07-31,0.00498269726432829
2074-08-01,0.0143473890665774
2074-08-02,0.0143323390896061
2074-08-03,0.0143180837504258
2074-08-04,0.0143056690224331
2074-08-05,0.0142967265532017
2074-08-06,0.0142907543856866
2074-08-07,0.0142857115245309
2074-08-08,0.0142809091939058
2074-08-09,0.0142762741936315
2074-08-10,0.0142718629976542
2074-08-11,0.0142677781238233
2074-08-12,0.0142639502696456
2074-08-13,0.0142603428624266
2074-08-14,0.0142569196799422
2074-08-15,0.0142536056865293
2074-08-16,0.0142503323363713
2074-08-17,0.0142470592403281
2074-08-18,0.0142437872561553
2074-08-19,0.0142405166464696
2074-08-20,0.0142372459848274
2074-08-21,0.0142339766740557
2074-08-22,0.0142307072896001
2074-08-23,0.0142274390179596
2074-08-24,0.0142241718166243
2074-08-25,0.0142209051263525
2074-08-26,0.0142176387109781
2074-08-27,0.0142143736776482
2074-08-28,0.0142111098166473
2074-08-29,0.0142078460236623
2074-08-30,0.0142045829353971
2074-08-31,0.0142013210487454
2074-09-01,0.0109245025939118
2074-09-02,0.0109219933031914
2074-09-03,0.0109194853382624
2074-09-04,0.0142279591995065
2074-09-05,0.0109144702639179
2074-09-06,0.0109119641561145
2074-09-07,0.0109094577219514
2074-09-08,0.0109069525023702
2074-09-09,0.0109044478286603
2074-09-10,0.0109019434929401
2074-09-11,0.0108994396471231
2074-09-12,0.0108969365964901
2074-09-13,0.0108944336534323
2074-09-14,0.0108919317650475
2074-09-15,0.010889430634777
2074-09-16,0.010886929878839
2074-09-17,0.0108844293983806
2074-09-18,0.010881929917354
2074-09-19,0.0108794309742032
2074-09-20,0.0108769321015578
2074-09-21,0.0108744340284576
2074-09-22,0.0108719369424325
2074-09-23,0.0108694399087412
2074-09-24,0.0108669440554695
2074-09-25,0.0108644484035378
2074-09-26,0.0108619532269722
2074-09-27,0.0108594587372886
2074-09-28,0.0108569649344871
2074-09-29,0.0108544712021909
2074-09-30,0.0108519788821824
2074-10-01,0.00525365923889547
2074-10-02,0.049060686779427
2074-10-03,0.0837844395547761
2074-10-04,0.00737009098499409
2074-10-05,0.0213782138125582
2074-10-06,0.00529105878022598
2074-10-07,0.00524646367756806
2074-10-08,0.00524528071545662
2074-10-09,0.00524409850831638
2074-10-10,0.00524361849726493
2074-10-11,0.00524173170804531
2074-10-12,0.00917574285525074
2074-10-13,0.00523935869307644
2074-10-14,0.00523817054014191
2074-10-15,0.00523698115989522
2074-10-16,0.00523579083179887
2074-10-17,0.00523459968995266
2074-10-18,0.00523340765058821
2074-10-19,0.00523221472320868
2074-10-20,0.00523102154698781
2074-10-21,0.00522982796248414
2074-10-22,0.00522863401721335
2074-10-23,0.0052274397245502
2074-10-24,0.00522624503979478
2074-10-25,0.00522504987777083
2074-10-26,0.00522385441938988
2074-10-27,0.00522265860657723
2074-10-28,0.00766601792387186
2074-10-29,0.00522026715376818
2074-10-30,0.00521907152045918
2074-10-31,0.00521787574178743
2074-11-01,0.0224262225658633
2074-11-02,0.0667700059425239
2074-11-03,0.023399187299319
2074-11-04,0.00381576612178837
2074-11-05,0.00381493976150105
2074-11-06,0.00381412398542008
2074-11-07,0.00381331312634237
2074-11-08,0.00381250526754864
2074-11-09,0.00381170174017984
2074-11-10,0.0038109022933106
2074-11-11,0.00381010694832368
2074-11-12,0.00380931538138629
2074-11-13,0.00380852706900732
2074-11-14,0.00380774132307424
2074-11-15,0.00380695640514331
2074-11-16,0.00380616916756982
2074-11-17,0.003805377654991
2074-11-18,0.00380458196118178
2074-11-19,0.00380378140318213
2074-11-20,0.00380297656167553
2074-11-21,0.00380216694434338
2074-11-22,0.00883377179775881
2074-11-23,0.00458222740083481
2074-11-24,0.00379972337714682
2074-11-25,0.00379890631217518
2074-11-26,0.00379808713443271
2074-11-27,0.00581356583497723
2074-11-28,0.0037964433150097
2074-11-29,0.0133065031071668
2074-11-30,0.0148884152110024
2074-12-01,0.0642469398760433
2074-12-02,0.0600200631340857
2074-12-03,0.0238496388823589
2074-12-04,0.00968220303672741
2074-12-05,0.00930000491382747
2074-12-06,0.0184086994866329
2074-12-07,0.013808490520408
2074-12-08,0.00927843776113331
2074-12-09,0.008247414040308
2074-12-10,0.011064804429761
2074-12-11,0.0107699377221816
2074-12-12,0.00623343674040128
2074-12-13,0.00484743671739069
2074-12-14,0.00508787006372151
2074-12-15,0.00495528458077123
2074-12-16,0.0141720814687005
2074-12-17,0.0221748406697511
2074-12-18,0.00400166689863698
2074-12-19,0.00388045706281159
2074-12-20,0.00388532894058607
2074-12-21,0.0038892752255162
2074-12-22,0.00389290389322471
2074-12-23,0.00389637126694874
2074-12-24,0.00389947154022225
2074-12-25,0.00390240778759783
2074-12-26,0.00468944473580114
2074-12-27,0.0806978369656146
2074-12-28,0.377146433061973
2074-12-29,0.0938588636109862
2074-12-30,0.0190498321797073
2074-12-31,0.0166347012969654
2075-01-01,0.0102428463891649
2075-01-02,0.0163774383653374
2075-01-03,0.0139763553079595
2075-01-04,0.0157147585511138
2075-01-05,0.0063137183754312
2075-01-06,0.00320099333776344
2075-01-07,0.00792675489483029
2075-01-08,0.0189413200165181
2075-01-09,0.0143319398032252
2075-01-10,0.0121092382387878
2075-01-11,0.00726028820306894
2075-01-12,0.00930185905729092
2075-01-13,0.0112653595865238
2075-01-14,0.0141730347184217
2075-01-15,0.0055025640382527
2075-01-16,0.00492227775291447
2075-01-17,0.00419061297024229
2075-01-18,0.00416740153721917
2075-01-19,0.00537491482972802
2075-01-20,0.00561669989808449
2075-01-21,0.0051190231967756
2075-01-22,0.00393145233705168
2075-01-23,0.00404373380947372
2075-01-24,0.0338995996609952
2075-01-25,0.00868731146135747
2075-01-26,0.00678799413843815
2075-01-27,0.00789368147131326
2075-01-28,0.00562957393442359
2075-01-29,0.00379498970416073
2075-01-30,0.00394306846600983
2075-01-31,0.00582009781479459
2075-02-01,0.00347273120304962
2075-02-02,0.00900699240932721
2075-02-03,0.0073357581501845
2075-02-04,0.0058808146707484
2075-02-05,0.0142662084512426
2075-02-06,0.0335268143376357
2075-02-07,0.0524202313158026
2075-02-08,0.00741214357754432
2075-02-09,0.044909140182216
2075-02-10,0.00505702049887288
2075-02-11,0.0050157061150824
2075-02-12,0.00497097220375822
2075-02-13,0.00933226786578969
2075-02-14,0.026259932711252
2075-02-15,0.00380709041157844
2075-02-16,0.107531053329116
2075-02-17,0.0303399698909988
2075-02-18,0.033203271358213
2075-02-19,0.147380045507356
2075-02-20,0.00377826701037412
2075-02-21,0.00371710682776848
2075-02-22,0.284007201360135
2075-02-23,0.254439222472206
2075-02-24,0.00636719876178195
2075-02-25,0.118627094034505
2075-02-26,0.253014543946798
2075-02-27,0.0134603460208964
2075-02-28,0.0108823871156399
2075-03-01,0.0118418702965025
2075-03-02,0.00976411171479485
2075-03-03,0.0170881636210874
2075-03-04,0.0222008851662915
2075-03-05,0.0318302135364935
2075-03-06,0.0309248659366013
2075-03-07,0.017123547429845
2075-03-08,0.0102184048026686
2075-03-09,0.00724098625197907
2075-03-10,0.00550316793402279
2075-03-11,0.00568345891511773
2075-03-12,0.00571410848947286
2075-03-13,0.00567549221406169
2075-03-14,0.00559952396108187
2075-03-15,0.0055060579346552
2075-03-16,0.00540119399064018
2075-03-17,0.00528314943268858
2075-03-18,0.00514628753513793
2075-03-19,0.00500573091151929
2075-03-20,0.00496983829229298
2075-03-21,0.01175127847964
2075-03-22,0.00473569292698747
2075-03-23,0.00466734370552216
2075-03-24,0.00460798377757201
2075-03-25,0.00454955350589025
2075-03-26,0.00447148760855361
2075-03-27,0.00438697029018522
2075-03-28,0.00430925962394347
2075-03-29,0.00423178086622062
2075-03-30,0.00414765799415318
2075-03-31,0.00405894106062571
2075-04-01,0.00549105699516179
2075-04-02,0.00536147298762079
2075-04-03,0.00524300868526335
2075-04-04,0.0851935670936585
2075-04-05,0.165593715862909
2075-04-06,0.0393052205129349
2075-04-07,0.00565435771371701
2075-04-08,0.0304570699645693
2075-04-09,0.00595079111352242
2075-04-10,0.00583527901704616
2075-04-11,0.00579202002595588
2075-04-12,0.00847993086333431
2075-04-13,0.00574396569376323
2075-04-14,0.00563955490528137
2075-04-15,0.00617954038226929
2075-04-16,0.0509633325863693
2075-04-17,0.0118317885033102
2075-04-18,0.0117770482443669
2075-04-19,0.00932235620813061
2075-04-20,0.00581610374701255
2075-04-21,0.0153369715329543
2075-04-22,0.0410399670251568
2075-04-23,0.00589129326153711
2075-04-24,0.00587129243882795
2075-04-25,0.154103294121247
2075-04-26,0.109777049341928
2075-04-27,0.0120759194531273
2075-04-28,0.00813609047500433
2075-04-29,0.00821686785098177
2075-04-30,0.00800807127688012
2075-05-01,0.0443212686138336
2075-05-02,0.00857441325437793
2075-05-03,0.00819963254642161
2075-05-04,0.00778371039043658
2075-05-05,0.00742923372770504
2075-05-06,0.00711091345984059
2075-05-07,0.00808355340490549
2075-05-08,0.0138276034766412
2075-05-09,0.00662802971484333
2075-05-10,0.0064118837698401
2075-05-11,0.00614625872825976
2075-05-12,0.00586447490683641
2075-05-13,0.00559097523651663
2075-05-14,0.00532885026871591
2075-05-15,0.00509328954139808
2075-05-16,0.0205100701170161
2075-05-17,0.00484089484097889
2075-05-18,0.00476690888049823
2075-05-19,0.00467565668600886
2075-05-20,0.00460438167150899
2075-05-21,0.00454140828388877
2075-05-22,0.00448471923821092
2075-05-23,0.00442897597172004
2075-05-24,0.00437239555765857
2075-05-25,0.00431677399232752
2075-05-26,0.00426424984172053
2075-05-27,0.00421254399536525
2075-05-28,0.00415886461529279
2075-05-29,0.00410542903690311
2075-05-30,0.00405486833488157
2075-05-31,0.00400692523246083
2075-06-01,0.00320570287908698
2075-06-02,0.00316876615696728
2075-06-03,0.00313281062493457
2075-06-04,0.00309698597683278
2075-06-05,0.00306204294551955
2075-06-06,0.00302912820610529
2075-06-07,0.00299829736025463
2075-06-08,0.00296897587065021
2075-06-09,0.00294172187339364
2075-06-10,0.00291750957755261
2075-06-11,0.00289565899355141
2075-06-12,0.00287564581797572
2075-06-13,0.00285740149522976
2075-06-14,0.00284032800895129
2075-06-15,0.00282436987786268
2075-06-16,0.00281005955740258
2075-06-17,0.00279725011447605
2075-06-18,0.00278516651947753
2075-06-19,0.00277399299333306
2075-06-20,0.00276502119626426
2075-06-21,0.00275856242789741
2075-06-22,0.00275288598701983
2075-06-23,0.00274651537500908
2075-06-24,0.0027398501385844
2075-06-25,0.00273351397244903
2075-06-26,0.00272777694652638
2075-06-27,0.00272263946002276
2075-06-28,0.00271822240956751
2075-06-29,0.00271454646368609
2075-06-30,0.00431376152485249
2075-07-01,0.00496804475588572
2075-07-02,0.00496198886807577
2075-07-03,0.00495641876923871
2075-07-04,0.00495145510307678
2075-07-05,0.00494709758942789
2075-07-06,0.00494337773293077
2075-07-07,0.00494008222831363
2075-07-08,0.00493718216874496
2075-07-09,0.00493463662335983
2075-07-10,0.00493237332114746
2075-07-11,0.00493032538298877
2075-07-12,0.00492848883222023
2075-07-13,0.00492684787851216
2075-07-14,0.00492534518070892
2075-07-15,0.00492392800410972
2075-07-16,0.00492253779679984
2075-07-17,0.00492116867701338
2075-07-18,0.00491986443163038
2075-07-19,0.00491866852280503
2075-07-20,0.0049175322894919
2075-07-21,0.00491640295209873
2075-07-22,0.00491527373889441
2075-07-23,0.00491414495265058
2075-07-24,0.0049130163187756
2075-07-25,0.00491188812365742
2075-07-26,0.00491075993312671
2075-07-27,0.00490963228194901
2075-07-28,0.0049085047395594
2075-07-29,0.00490737732463536
2075-07-30,0.00490625036157513
2075-07-31,0.0049051233968765
2075-08-01,0.0141378901504125
2075-08-02,0.0141346431960761
2075-08-03,0.0141313968009811
2075-08-04,0.0141281517151915
2075-08-05,0.0141249072944457
2075-08-06,0.014121663203388
2075-08-07,0.0141184195733267
2075-08-08,0.0141151770844203
2075-08-09,0.014111935733835
2075-08-10,0.0141086950256216
2075-08-11,0.0141054544865032
2075-08-12,0.0141022151102672
2075-08-13,0.0140989764642569
2075-08-14,0.0140957380723614
2075-08-15,0.01409250064119
2075-08-16,0.0140892644324147
2075-08-17,0.014086028430521
2075-08-18,0.0140827933789599
2075-08-19,0.0140795590472334
2075-08-20,0.0140763259851363
2075-08-21,0.0140730926037424
2075-08-22,0.0140698613582356
2075-08-23,0.0140666294873607
2075-08-24,0.014063398959799
2075-08-25,0.0140601694109099
2075-08-26,0.0140569403560806
2075-08-27,0.0140537115799272
2075-08-28,0.014050483933593
2075-08-29,0.0140472575134335
2075-08-30,0.0140440310252581
2075-08-31,0.0140408059758072
2075-09-01,0.0108010248377774
2075-09-02,0.0107985445000453
2075-09-03,0.010796064281518
2075-09-04,0.0107935848436377
2075-09-05,0.0107911063266882
2075-09-06,0.0107886280801304
2075-09-07,0.0107861501715622
2075-09-08,0.0107836730022099
2075-09-09,0.0107811962159125
2075-09-10,0.0163844666498618
2075-09-11,0.0107762450419536
2075-09-12,0.0107737699048999
2075-09-13,0.0107712960674709
2075-09-14,0.0107688220141646
2075-09-15,0.0107663489602899
2075-09-16,0.0107638761659041
2075-09-17,0.010761404126725
2075-09-18,0.0107589323681137
2075-09-19,0.0154307365165704
2075-09-20,0.0107539914908442
2075-09-21,0.0552192731011794
2075-09-22,0.0107490525957201
2075-09-23,0.01074658370893
2075-09-24,0.0107441156463985
2075-09-25,0.0107416487541105
2075-09-26,0.0107391817324415
2075-09-27,0.010736715240653
2075-09-28,0.0107342497119531
2075-09-29,0.0107317843162685
2075-09-30,0.010729319544956
2075-10-01,0.00519427744210221
2075-10-02,0.00519308468261138
2075-10-03,0.00519189204630933
2075-10-04,0.00519069954340311
2075-10-05,0.00518950752938037
2075-10-06,0.0623129147216826
2075-10-07,0.00518712421794158
2075-10-08,0.00518593290327912
2075-10-09,0.00518474211621659
2075-10-10,0.00518355136435084
2075-10-11,0.00518236120449517
2075-10-12,0.00518117111679291
2075-10-13,0.00517998151973396
2075-10-14,0.00517879188149476
2075-10-15,0.00517760266878479
2075-10-16,0.00517641369400514
2075-10-17,0.00517522490541654
2075-10-18,0.00517403657544213
2075-10-19,0.00517284835739355
2075-10-20,0.00517166031708877
2075-10-21,0.0051704726959778
2075-10-22,0.00516928542014735
2075-10-23,0.00516809830727807
2075-10-24,0.0051669115115319
2075-10-25,0.00516572500827109
2075-10-26,0.00516453862010378
2075-10-27,0.00516335242411096
2075-10-28,0.00516216674304724
2075-10-29,0.00516098129709808
2075-10-30,0.00515979606373756
2075-10-31,0.00515861105774834
2075-11-01,0.0037749875314833
2075-11-02,0.00377412049320872
2075-11-03,0.00377325374914024
2075-11-04,0.00377238731215902
2075-11-05,0.00377152098003062
2075-11-06,0.00421971321429768
2075-11-07,0.00376978877769282
2075-11-08,0.00376892301310911
2075-11-09,0.00376805756128041
2075-11-10,0.00376719214938335
2075-11-11,0.00376632700309618
2075-11-12,0.0037654620337964
2075-11-13,0.0134488803314494
2075-11-14,0.00447105604213461
2075-11-15,0.00581089292124011
2075-11-16,0.00465231004147303
2075-11-17,0.00376114028882752
2075-11-18,0.00376027651258246
2075-11-19,0.00375941292259921
2075-11-20,0.00375854962115436
2075-11-21,0.00375768644877891
2075-11-22,0.00375682354716582
2075-11-23,0.003755960775395
2075-11-24,0.00375509806210473
2075-11-25,0.0037542357329312
2075-11-26,0.00599367914932598
2075-11-27,0.00429744761241633
2075-11-28,0.00375164988204574
2075-11-29,0.00375078821676812
2075-11-30,0.0858742710384755
2075-12-01,0.0715243494229723
2075-12-02,0.153962994917747
2075-12-03,0.462274208363444
2075-12-04,0.0613926735304392
2075-12-05,0.00426156847595834
2075-12-06,0.00426519476719341
2075-12-07,0.271751454616186
2075-12-08,0.0839299116891924
2075-12-09,0.00511087463874723
2075-12-10,0.00615237914871709
2075-12-11,0.00489409312550064
2075-12-12,0.00494054597396868
2075-12-13,0.00898754925024357
2075-12-14,0.0858962116830542
2075-12-15,0.0121862611194345
2075-12-16,0.0201813627843636
2075-12-17,0.0104324636581757
2075-12-18,0.0125885468098827
2075-12-19,0.0201704188468366
2075-12-20,0.0215916659563067
2075-12-21,0.0303083927012229
2075-12-22,0.0216830951642138
2075-12-23,0.155496111615671
2075-12-24,0.00705136271688007
2075-12-25,0.079844294735828
2075-12-26,0.134605841246335
2075-12-27,0.0770923589777098
2075-12-28,0.573378287915768
2075-12-29,4.0571948457811
2075-12-30,1.32467669895891
2075-12-31,0.0162573881384246
2076-01-01,0.0237641044913883
2076-01-02,0.0506439422154055
2076-01-03,0.0104869838335138
2076-01-04,0.0100665479969376
2076-01-05,0.352016076661921
2076-01-06,3.22525354445806
2076-01-07,0.550302023900288
2076-01-08,0.0564942265629955
2076-01-09,0.0690079370183551
2076-01-10,0.320996128804198
2076-01-11,5.23933633821902
2076-01-12,2.84714017663248
2076-01-13,0.655341728682292
2076-01-14,0.572435023707291
2076-01-15,0.560112193218684
2076-01-16,0.533264969525884
2076-01-17,0.502736673001554
2076-01-18,0.464814558744332
2076-01-19,0.434137145591779
2076-01-20,0.402844736312789
2076-01-21,0.368423871895577
2076-01-22,0.336944060874046
2076-01-23,0.303870909793363
2076-01-24,0.277535937056316
2076-01-25,0.251921081108788
2076-01-26,0.601192648129092
2076-01-27,1.33258747019928
2076-01-28,2.69625880625473
2076-01-29,4.26880505017887
2076-01-30,0.831783980015663
2076-01-31,0.721730062360273
2076-02-01,0.680659333394705
2076-02-02,0.684031697399684
2076-02-03,0.683540516317843
2076-02-04,0.644992779118718
2076-02-05,0.610676570221926
2076-02-06,0.564403053928098
2076-02-07,0.512291022664537
2076-02-08,0.461923436347846
2076-02-09,0.41655418746586
2076-02-10,0.376614481778488
2076-02-11,0.340722477622236
2076-02-12,0.30888673044111
2076-02-13,0.281931897636632
2076-02-14,0.260290712795688
2076-02-15,0.248647764613707
2076-02-16,0.291890024467243
2076-02-17,0.506500508878572
2076-02-18,0.764131160475909
2076-02-19,0.425437653515397
2076-02-20,0.526994900501495
2076-02-21,0.43933325233597
2076-02-22,0.436192070592888
2076-02-23,0.411914508083418
2076-02-24,0.385731360944433
2076-02-25,0.355891376847769
2076-02-26,0.327653534019526
2076-02-27,0.298833053730012
2076-02-28,0.268687762519846
2076-02-29,0.243108852234944
2076-03-01,0.189344408961158
2076-03-02,0.260344557850178
2076-03-03,0.226327122006635
2076-03-04,0.210865790156321
2076-03-05,0.177770715676902
2076-03-06,0.177183902346439
2076-03-07,0.170710973324226
2076-03-08,0.238792159576809
2076-03-09,0.551785514639472
2076-03-10,0.355654704300687
2076-03-11,0.488124610668843
2076-03-12,0.425030988707719
2076-03-13,0.398755133144539
2076-03-14,0.391285107064163
2076-03-15,0.438564110884266
2076-03-16,0.432374387032063
2076-03-17,0.368789063328889
2076-03-18,0.362266164939474
2076-03-19,0.34348837139082
2076-03-20,0.315797929318828
2076-03-21,0.290351949826786
2076-03-22,0.294866806984488
2076-03-23,0.283073663625577
2076-03-24,0.235759809942849
2076-03-25,0.239928753127836
2076-03-26,0.21354644892697
2076-03-27,0.214176548864927
2076-03-28,0.222793261195351
2076-03-29,0.249915247137665
2076-03-30,0.261207241143285
2076-03-31,0.265490286231717
2076-04-01,0.44179009288424
2076-04-02,0.33835402868628
2076-04-03,0.332893557678724
2076-04-04,0.310791389918267
2076-04-05,0.284159105773567
2076-04-06,0.255728188721955
2076-04-07,0.226541597567706
2076-04-08,0.197734906858535
2076-04-09,0.17666704760832
2076-04-10,0.150378303446111
2076-04-11,0.13769502596129
2076-04-12,0.123034259861218
2076-04-13,0.109793209928431
2076-04-14,0.0973964016743475
2076-04-15,0.0852115860893426
2076-04-16,0.072568111684496
2076-04-17,0.0591207518702838
2076-04-18,0.0465276871515171
2076-04-19,0.0361223254662864
2076-04-20,0.0277735546621086
2076-04-21,0.0210055210638284
2076-04-22,0.0160735584559827
2076-04-23,0.0127757480539588
2076-04-24,0.0106002908591723
2076-04-25,0.0092735214524562
2076-04-26,0.00854863714336382
2076-04-27,0.0094717322751162
2076-04-28,0.00801177752553246
2076-04-29,0.0109697140194702
2076-04-30,0.00773802699183997
2076-05-01,0.00915096354236122
2076-05-02,0.00840070169741413
2076-05-03,0.242338426095006
2076-05-04,0.0755916407101951
2076-05-05,0.00845233448018058
2076-05-06,0.00848132451918692
2076-05-07,0.00839004443414972
2076-05-08,0.00827227406008427
2076-05-09,0.00817526971888649
2076-05-10,0.00808897626681192
2076-05-11,0.0079865856471325
2076-05-12,0.00786726959402464
2076-05-13,0.00774580737510963
2076-05-14,0.00763283627843648
2076-05-15,0.00751492129962728
2076-05-16,0.00738813661030388
2076-05-17,0.00856289843145522
2076-05-18,0.00714466756035724
2076-05-19,0.00702085809124121
2076-05-20,0.00690235780852551
2076-05-21,0.0332511705044996
2076-05-22,0.0465842576200825
2076-05-23,0.0067279258720238
2076-05-24,0.00663929542609858
2076-05-25,0.00653167128454256
2076-05-26,0.00641523830158623
2076-05-27,0.00630021637479956
2076-05-28,0.00618686237099592
2076-05-29,0.00607870993207801
2076-05-30,0.00597952538124456
2076-05-31,0.00588381389268302
2076-06-01,0.00646777834679219
2076-06-02,0.00459665410434704
2076-06-03,0.00449651261197703
2076-06-04,0.00439037094280052
2076-06-05,0.00478535033353987
2076-06-06,0.0041961782504596
2076-06-07,0.00409817996602557
2076-06-08,0.00400404342379025
2076-06-09,0.0525019252184254
2076-06-10,0.00384059418488357
2076-06-11,0.00376037827026468
2076-06-12,0.0036784735898469
2076-06-13,0.00359748523805195
2076-06-14,0.00351859964093297
2076-06-15,0.00344593992166869
2076-06-16,0.00338099859910981
2076-06-17,0.00332064857920672
2076-06-18,0.00326358831338938
2076-06-19,0.00321129434225495
2076-06-20,0.00316318847222089
2076-06-21,0.0031171501556213
2076-06-22,0.00307286123737744
2076-06-23,0.00303090923660194
2076-06-24,0.00299096948195503
2076-06-25,0.00295318821582444
2076-06-26,0.002918693847356
2076-06-27,0.00288852745865251
2076-06-28,0.0028622485992657
2076-06-29,0.00283860030741208
2076-06-30,0.00281767250720813
2076-07-01,0.00513513312340491
2076-07-02,0.00510507483547669
2076-07-03,0.00507908887943541
2076-07-04,0.00505668835385158
2076-07-05,0.00503754049724533
2076-07-06,0.0050210902435992
2076-07-07,0.00501222449957243
2076-07-08,0.00499751614482746
2076-07-09,0.00498875941040271
2076-07-10,0.00498154593404576
2076-07-11,0.00497537213567057
2076-07-12,0.00496979915951949
2076-07-13,0.00496470904653141
2076-07-14,0.00496056501509882
2076-07-15,0.00495749661775137
2076-07-16,0.00495520588455559
2076-07-17,0.00495333741037969
2076-07-18,0.00495158937641987
2076-07-19,0.00494998760772444
2076-07-20,0.0049484858972059
2076-07-21,0.00494703956146547
2076-07-22,0.00494563941937783
2076-07-23,0.00494426426349055
2076-07-24,0.00494292136032396
2076-07-25,0.00494168565799355
2076-07-26,0.00494053439750578
2076-07-27,0.00493939996968179
2076-07-28,0.00493826560640978
2076-07-29,0.0049371313473384
2076-07-30,0.00791396328553949
2076-07-31,0.00493486415365794
2076-08-01,0.0142238683629214
2076-08-02,0.0142203445434153
2076-08-03,0.0142170783689305
2076-08-04,0.0142138129142801
2076-08-05,0.0142105489909313
2076-08-06,0.0142072851856656
2076-08-07,0.0142040221786416
2076-08-08,0.0142007604025157
2076-08-09,0.0141974992149159
2076-08-10,0.0141942390277161
2076-08-11,0.0141909788631881
2076-08-12,0.0141877200013529
2076-08-13,0.0141844616194073
2076-08-14,0.0141812042747037
2076-08-15,0.0141779473966643
2076-08-16,0.0141746908379216
2076-08-17,0.0141714356026542
2076-08-18,0.0141681812402571
2076-08-19,0.0141649276080857
2076-08-20,0.014161674588057
2076-08-21,0.0141584221234913
2076-08-22,0.0141551704203253
2076-08-23,0.0141519197562905
2076-08-24,0.014148669671335
2076-08-25,0.0141454198660005
2076-08-26,0.0141421711895402
2076-08-27,0.0141389237354761
2076-08-28,0.0141356766375506
2076-08-29,0.0141324301045346
2076-08-30,0.0141291844850093
2076-08-31,0.0141259400963822
2076-09-01,0.0108665149351576
2076-09-02,0.0108640197207952
2076-09-03,0.0307112170853578
2076-09-04,0.0108590298859145
2076-09-05,0.0334163138916492
2076-09-06,0.0108540430863986
2076-09-07,0.0361748563761988
2076-09-08,0.0108490582065181
2076-09-09,0.0108465668575938
2076-09-10,0.0108440755689987
2076-09-11,0.0108415855473195
2076-09-12,0.0108390951869239
2076-09-13,0.0687109206730232
2076-09-14,0.0108341176272439
2076-09-15,0.0124076764306703
2076-09-16,0.011108087632407
2076-09-17,0.0757483707359895
2076-09-18,0.0127798654409016
2076-09-19,0.0740745296551124
2076-09-20,0.0108192024618797
2076-09-21,0.0680197960023825
2076-09-22,0.0108142540935978
2076-09-23,0.0285810686395991
2076-09-24,0.0108093399407658
2076-09-25,0.0108068897880484
2076-09-26,0.0108044394681535
2076-09-27,0.0108019864726892
2076-09-28,0.0166772130651279
2076-09-29,0.0107970742256824
2076-09-30,0.0107946155236455
2076-10-01,0.0052258972300108
2076-10-02,0.00522470470246684
2076-10-03,0.00522351120701106
2076-10-04,0.00522231697136672
2076-10-05,0.00902702242333673
2076-10-06,0.00521992724496039
2076-10-07,0.00521873207061756
2076-10-08,0.00521753655838552
2076-10-09,0.00521634121685793
2076-10-10,0.0052151456803401
2076-10-11,0.0827579416625293
2076-10-12,0.0446400336734936
2076-10-13,0.00521158309470989
2076-10-14,0.00521043171397715
2076-10-15,0.0052092893721329
2076-10-16,0.00520815006777191
2076-10-17,0.00520701010135925
2076-10-18,0.005205868066783
2076-10-19,0.00520472203596284
2076-10-20,0.00520357239183988
2076-10-21,0.00520241932553271
2076-10-22,0.0159843678517209
2076-10-23,0.0727635124344168
2076-10-24,0.00519896297051209
2076-10-25,0.0051978403202178
2076-10-26,0.00519672885335261
2076-10-27,0.0051956212525032
2076-10-28,0.00519451259293423
2076-10-29,0.0403610750747239
2076-10-30,0.00519229681119228
2076-10-31,0.00519120770168216
2076-11-01,0.00401723722661706
2076-11-02,0.17851618038116
2076-11-03,0.139001018908287
2076-11-04,0.0132339777804046
2076-11-05,0.00611632892111068
2076-11-06,0.0044611865631516
2076-11-07,0.00437887074453228
2076-11-08,0.0039377935592947
2076-11-09,0.119126397269955
2076-11-10,0.272844517126184
2076-11-11,0.107244555257391
2076-11-12,0.00436495143039744
2076-11-13,0.00556231349458195
2076-11-14,0.00454054342035101
2076-11-15,0.00457962579704152
2076-11-16,0.0090584686364862
2076-11-17,0.00461973896475489
2076-11-18,0.00463035217848177
2076-11-19,0.00463436488492611
2076-11-20,0.00463219305545404
2076-11-21,0.00462271808908271
2076-11-22,0.00460949641104713
2076-11-23,0.00459607591821197
2076-11-24,0.00458344297441719
2076-11-25,0.12064030824238
2076-11-26,0.209433276226077
2076-11-27,0.27419664978966
2076-11-28,0.065543936854634
2076-11-29,0.00568647354429867
2076-11-30,0.0205485882875613
2076-12-01,0.0322892914497761
2076-12-02,0.00667870771537237
2076-12-03,0.00540629897344701
2076-12-04,0.00542282903758281
2076-12-05,0.216967180713803
2076-12-06,0.853203968797033
2076-12-07,0.00719420721374139
2076-12-08,0.00698098334824828
2076-12-09,0.0067378299803748
2076-12-10,0.00696500313820574
2076-12-11,0.00695670641578721
2076-12-12,0.0104141600690287
2076-12-13,0.00723745005952779
2076-12-14,0.00853859279232166
2076-12-15,0.0070194306510615
2076-12-16,0.00682835048463739
2076-12-17,0.0068394445425997
2076-12-18,0.00684115157481191
2076-12-19,0.0129531202139459
2076-12-20,0.00999375647500549
2076-12-21,0.00683134820586494
2076-12-22,0.00725539699826351
2076-12-23,0.276679169606418
2076-12-24,0.657459193563821
2076-12-25,1.16578534768971
2076-12-26,3.72759122471912
2076-12-27,1.98185777724056
2076-12-28,3.23038892279381
2076-12-29,2.51511021632518
2076-12-30,0.445220640508974
2076-12-31,0.656961737944715
2077-01-01,2.7284152215091
2077-01-02,3.09262597494294
2077-01-03,0.740213771775848
2077-01-04,0.646072410542854
2077-01-05,1.67540529114091
2077-01-06,6.85118686875595
2077-01-07,1.45268125879841
2077-01-08,0.754622664004323
2077-01-09,1.18452458339223
2077-01-10,0.759118796617412
2077-01-11,0.749880611065932
2077-01-12,0.729811811069233
2077-01-13,0.738754636633241
2077-01-14,0.741921930580332
2077-01-15,1.58439978183057
2077-01-16,2.42401621658608
2077-01-17,2.61763171782813
2077-01-18,0.939967295195002
2077-01-19,0.926754169599058
2077-01-20,0.941981949303284
2077-01-21,1.1251031676631
2077-01-22,3.53656520744059
2077-01-23,1.91759118604881
2077-01-24,1.52314882260881
2077-01-25,0.782934202736274
2077-01-26,0.732780952943157
2077-01-27,0.717511202246199
2077-01-28,0.70739686397165
2077-01-29,0.693455877057683
2077-01-30,0.684751963995365
2077-01-31,0.812119563757499
2077-02-01,0.838373064655763
2077-02-02,0.724908263857476
2077-02-03,0.630993194002177
2077-02-04,0.622345579335605
2077-02-05,0.598423584730206
2077-02-06,0.572389666318438
2077-02-07,0.526478211203958
2077-02-08,0.489482934760055
2077-02-09,0.467712288370499
2077-02-10,0.437273602937511
2077-02-11,0.422948144929733
2077-02-12,0.398376904842766
2077-02-13,0.398126968665314
2077-02-14,0.35799581459544
2077-02-15,0.340679906410649
2077-02-16,0.360965401051233
2077-02-17,0.314028061970772
2077-02-18,0.29510104814027
2077-02-19,0.466684657086129
2077-02-20,0.768719426317842
2077-02-21,1.14409740426482
2077-02-22,0.576875643674408
2077-02-23,0.580675070514922
2077-02-24,0.60786666350443
2077-02-25,0.542391290913604
2077-02-26,0.512376968067734
2077-02-27,0.479303198266375
2077-02-28,0.461519510429617
2077-03-01,0.361579733706682
2077-03-02,0.333467388408684
2077-03-03,0.341566842426251
2077-03-04,0.286853712452527
2077-03-05,0.265701798824843
2077-03-06,0.272984407837346
2077-03-07,0.245313694686209
2077-03-08,0.222022159056235
2077-03-09,0.22029022061195
2077-03-10,0.200564686067512
2077-03-11,0.189869948381273
2077-03-12,0.238617620463927
2077-03-13,0.175939566045913
2077-03-14,0.169373093894774
2077-03-15,0.170743165630251
2077-03-16,0.171337351498404
2077-03-17,0.172786887704203
2077-03-18,0.182532050750723
2077-03-19,0.164907877436307
2077-03-20,0.171179870265825
2077-03-21,0.176427910612749
2077-03-22,0.174214288762294
2077-03-23,0.170453068076753
2077-03-24,0.176511720106732
2077-03-25,0.190263561226413
2077-03-26,0.229712231182848
2077-03-27,0.215120333592376
2077-03-28,0.49679617063798
2077-03-29,0.202653990692069
2077-03-30,0.142796377039489
2077-03-31,0.246517533370075
2077-04-01,0.417276990848726
2077-04-02,0.24978114414064
2077-04-03,0.267656616110646
2077-04-04,0.262058449874567
2077-04-05,0.254012889293365
2077-04-06,0.272941117067521
2077-04-07,0.253485509584893
2077-04-08,0.240428946240556
2077-04-09,0.230624449181634
2077-04-10,0.214496787294925
2077-04-11,0.182477758090137
2077-04-12,0.142163097255538
2077-04-13,0.130976868222478
2077-04-14,0.126024888283881
2077-04-15,0.124691506163321
2077-04-16,0.108715656398855
2077-04-17,0.158787900249668
2077-04-18,0.144219406494682
2077-04-19,0.126562697536798
2077-04-20,0.114018326256901
2077-04-21,0.0944546866330453
2077-04-22,0.0927781837729923
2077-04-23,0.0896579220764843
2077-04-24,0.0861394206066546
2077-04-25,0.07768356767971
2077-04-26,0.0722835782315702
2077-04-27,0.0671272663763191
2077-04-28,0.0644266544612462
2077-04-29,0.0625081794133241
2077-04-30,0.0668428137075374
2077-05-01,0.0729019398700149
2077-05-02,0.0694072569714744
2077-05-03,0.0684768954744125
2077-05-04,0.0684393859429395
2077-05-05,0.0680346313810956
2077-05-06,0.047140167690901
2077-05-07,0.0285913696269262
2077-05-08,0.0269933621624227
2077-05-09,0.0262087120588105
2077-05-10,0.0251594176598018
2077-05-11,0.0241006126153139
2077-05-12,0.022257425111094
2077-05-13,0.0203140742841663
2077-05-14,0.0184968212296802
2077-05-15,0.0168031146405435
2077-05-16,0.0152906225364169
2077-05-17,0.0139986720159773
2077-05-18,0.0128446684160632
2077-05-19,0.0118139826666457
2077-05-20,0.0109716943451267
2077-05-21,0.0103432027661643
2077-05-22,0.00969531148713243
2077-05-23,0.00900968462784798
2077-05-24,0.00837542793501187
2077-05-25,0.00783239434670414
2077-05-26,0.00737156005915271
2077-05-27,0.00697635167727804
2077-05-28,0.00663317429348355
2077-05-29,0.00633392706918111
2077-05-30,0.00608004070876342
2077-05-31,0.00587610450936078
2077-06-01,0.00462577184371143
2077-06-02,0.00450391206233579
2077-06-03,0.00438767688807304
2077-06-04,0.00428299223071552
2077-06-05,0.00419325734332655
2077-06-06,0.00410897043133046
2077-06-07,0.00401568966946776
2077-06-08,0.0039163342683788
2077-06-09,0.00381821687186573
2077-06-10,0.00372353809033354
2077-06-11,0.00363900676121289
2077-06-12,0.00356482032817772
2077-06-13,0.00349166984882896
2077-06-14,0.00341760601373847
2077-06-15,0.00334845765109039
2077-06-16,0.00328420359741492
2077-06-17,0.00322313005891227
2077-06-18,0.00316624175008264
2077-06-19,0.00311429709748001
2077-06-20,0.00306706912402496
2077-06-21,0.00302401316981957
2077-06-22,0.00298460810616648
2077-06-23,0.00294903366055448
2077-06-24,0.00291721832486885
2077-06-25,0.00288897633869409
2077-06-26,0.00286424869166189
2077-06-27,0.0028427932093475
2077-06-28,0.00282359247373888
2077-06-29,0.0028061313126179
2077-06-30,0.00279158458094994
2077-07-01,0.00509899151635569
2077-07-02,0.00507946562112363
2077-07-03,0.00506141562283043
2077-07-04,0.00504460954561152
2077-07-05,0.00503066566577258
2077-07-06,0.00501953427436357
2077-07-07,0.0050099354240844
2077-07-08,0.00500081116645168
2077-07-09,0.00499239570420916
2077-07-10,0.00498469583988943
2077-07-11,0.00497805699993815
2077-07-12,0.00497237729775197
2077-07-13,0.00496739949470833
2077-07-14,0.00496341983913633
2077-07-15,0.00496008628522805
2077-07-16,0.004957151674954
2077-07-17,0.00495455615978961
2077-07-18,0.00495213486842968
2077-07-19,0.00494994930940031
2077-07-20,0.00494798114273276
2077-07-21,0.00494620667588758
2077-07-22,0.00494459007170736
2077-07-23,0.00494306795195262
2077-07-24,0.00494162288464204
2077-07-25,0.00494022945071663
2077-07-26,0.00493885002653503
2077-07-27,0.00494798479893021
2077-07-28,0.00493622056883003
2077-07-29,0.00493495511459433
2077-07-30,0.00493374424216329
2077-07-31,0.00493259831950096
2077-08-01,0.014217080390513
2077-08-02,0.0142138150067125
2077-08-03,0.0142105507281698
2077-08-04,0.0142072869805286
2077-08-05,0.0142040243447578
2077-08-06,0.0142007621624261
2077-08-07,0.0141975011562019
2077-08-08,0.0141942405760215
2077-08-09,0.0141909809565652
2077-08-10,0.0141877213607254
2077-08-11,0.0141844633094125
2077-08-12,0.0141812056983133
2077-08-13,0.0141779485397086
2077-08-14,0.0141746929227967
2077-08-15,0.0141714373663433
2077-08-16,0.0141681830615706
2077-08-17,0.0141649290024108
2077-08-18,0.014161676227995
2077-08-19,0.0141584238002711
2077-08-20,0.0141551719563501
2077-08-21,0.0141519212035167
2077-08-22,0.0141486713981821
2077-08-23,0.0141454215956816
2077-08-24,0.0141421737646962
2077-08-25,0.0141389249569275
2077-08-26,0.0141356787280936
2077-08-27,0.0141324317888718
2077-08-28,0.0141291861863505
2077-08-29,0.0141259416031225
2077-08-30,0.0141226973325784
2077-08-31,0.0141194537922603
2077-09-01,0.0108615257079313
2077-09-02,0.0108590317263224
2077-09-03,0.0108565375026693
2077-09-04,0.0108540443671247
2077-09-05,0.010851551428559
2077-09-06,0.0108490592030422
2077-09-07,0.0108465679246233
2077-09-08,0.0108440770852273
2077-09-09,0.01084158683168
2077-09-10,0.0108390971988705
2077-09-11,0.0108366075696954
2077-09-12,0.0204590926702412
2077-09-13,0.0108316307775788
2077-09-14,0.0108291434808953
2077-09-15,0.0108266563542969
2077-09-16,0.0108241702198614
2077-09-17,0.0108216843834383
2077-09-18,0.0125498201397273
2077-09-19,0.0108167140269344
2077-09-20,0.010814230150851
2077-09-21,0.0285238578110417
2077-09-22,0.0108092636430673
2077-09-23,0.0108069038055308
2077-09-24,0.0108042995164748
2077-09-25,0.0108018179685218
2077-09-26,0.010799337231017
2077-09-27,0.024425755040672
2077-09-28,0.0107943779729285
2077-09-29,0.0140409397949503
2077-09-30,0.0107894203117498
2077-10-01,0.0052233737051065
2077-10-02,0.00522217394954906
2077-10-03,0.005220974826478
2077-10-04,0.00521977579386269
2077-10-05,0.00521857693863922
2077-10-06,0.00521737865043611
2077-10-07,0.00521618033865112
2077-10-08,0.00521498235243649
2077-10-09,0.00521378476359364
2077-10-10,0.00521258758901707
2077-10-11,0.00521139026802182
2077-10-12,0.00521019369531039
2077-10-13,0.00520899703108732
2077-10-14,0.00520780076071635
2077-10-15,0.00520660484829678
2077-10-16,0.00520540918753428
2077-10-17,0.0052042135823827
2077-10-18,0.00520301846998624
2077-10-19,0.00520182372504429
2077-10-20,0.00520062899382909
2077-10-21,0.00519943484582477
2077-10-22,0.0051982405447144
2077-10-23,0.00519704698484849
2077-10-24,0.00519585340668023
2077-10-25,0.00519466017555238
2077-10-26,0.00519346730237592
2077-10-27,0.00519274138188861
2077-10-28,0.00519108210826064
2077-10-29,0.005189890104093
2077-10-30,0.00518869814286544
2077-10-31,0.00518750643153512
2077-11-01,0.00379613282400354
2077-11-02,0.0037952609606973
2077-11-03,0.00379478460365679
2077-11-04,0.00379351803477882
2077-11-05,0.00379264668903829
2077-11-06,0.00379177579723049
2077-11-07,0.00380790749851449
2077-11-08,0.00379003456699029
2077-11-09,0.00378916398716462
2077-11-10,0.00378829383293306
2077-11-11,0.00378749983480211
2077-11-12,0.00378655418759299
2077-11-13,0.00378568450944978
2077-11-14,0.0037848151291194
2077-11-15,0.00378394612002457
2077-11-16,0.00378307697310114
2077-11-17,0.00378220833652998
2077-11-18,0.00378133962370226
2077-11-19,0.00378047124630039
2077-11-20,0.00377960315743692
2077-11-21,0.00377873507140731
2077-11-22,0.00377786730096655
2077-11-23,0.00377699976032602
2077-11-24,0.00377613238611031
2077-11-25,0.00380692734417523
2077-11-26,0.00377439819929824
2077-11-27,0.00687999740541828
2077-11-28,0.0037726648495051
2077-11-29,0.0811007592453251
2077-11-30,0.0447856306365901
2077-12-01,0.0109655194726401
2077-12-02,0.00421287498523135
2077-12-03,0.00402726582538254
2077-12-04,0.0061078398549624
2077-12-05,0.108849922840523
2077-12-06,0.00654339606890703
2077-12-07,0.00686856372578936
2077-12-08,0.00451995230021757
2077-12-09,0.0183351285422677
2077-12-10,0.00679973278193442
2077-12-11,0.00486124235294015
2077-12-12,0.00414232060144513
2077-12-13,0.00380356890407817
2077-12-14,0.00377983557135809
2077-12-15,0.00416615205468102
2077-12-16,0.00439882536001285
2077-12-17,0.0040523547583506
2077-12-18,0.00482845555803455
2077-12-19,0.00473788657603359
2077-12-20,0.00685029515225163
2077-12-21,0.00512041005876746
2077-12-22,0.00427895747182752
2077-12-23,0.00379148538052168
2077-12-24,0.00379309207142685
2077-12-25,0.00379451607261181
2077-12-26,0.00379574450704436
2077-12-27,0.00379678576197463
2077-12-28,0.00379766717277541
2077-12-29,0.00379834851673165
2077-12-30,0.00379881479138818
2077-12-31,0.00379915334451599
2078-01-01,0.00255741293278801
2078-01-02,0.00258856777089475
2078-01-03,0.00646444696961242
2078-01-04,0.0242677803698818
2078-01-05,0.0616576164934379
2078-01-06,0.00428487816763115
2078-01-07,0.00632083511265271
2078-01-08,0.00696553768515885
2078-01-09,0.00321051137191873
2078-01-10,0.00292960621637196
2078-01-11,0.0299083626080816
2078-01-12,0.160327716598183
2078-01-13,0.0190716062600729
2078-01-14,0.0107183733451418
2078-01-15,0.00526531414348785
2078-01-16,0.00570328129057406
2078-01-17,0.00736563335486483
2078-01-18,0.00973058576629775
2078-01-19,0.0100186670590759
2078-01-20,0.0204659124511827
2078-01-21,0.0143033028588651
2078-01-22,0.013135483069215
2078-01-23,0.00934368515468306
2078-01-24,0.00446106152484319
2078-01-25,0.00414922083085443
2078-01-26,0.0666492954833049
2078-01-27,0.00571299266562482
2078-01-28,0.00365433934021549
2078-01-29,0.00497710103478485
2078-01-30,0.00532871087593331
2078-01-31,0.00398040270618503
2078-02-01,0.0030591528127231
2078-02-02,0.00296247614468797
2078-02-03,0.00573141576312021
2078-02-04,0.00657331436106596
2078-02-05,0.0112206740024522
2078-02-06,0.0155665370860997
2078-02-07,0.00839288547614215
2078-02-08,0.250840339105951
2078-02-09,0.118387302508437
2078-02-10,0.00525476609758353
2078-02-11,0.0193577374419316
2078-02-12,0.336576370589257
2078-02-13,1.06247708698441
2078-02-14,0.516415621495399
2078-02-15,0.124867025700273
2078-02-16,0.0336635678553535
2078-02-17,0.0215533577988959
2078-02-18,0.00951439477112432
2078-02-19,0.00784830105591225
2078-02-20,0.00709273619586011
2078-02-21,0.00704783643683846
2078-02-22,0.00714103945213615
2078-02-23,0.00623995621261109
2078-02-24,0.00610032647526784
2078-02-25,0.00628166207155977
2078-02-26,0.00641208690332038
2078-02-27,0.0156484021535226
2078-02-28,0.00686716250177284
2078-03-01,0.0062446399937316
2078-03-02,0.00526720490637095
2078-03-03,0.00560567330130397
2078-03-04,0.00637830543390551
2078-03-05,0.00691984842928099
2078-03-06,0.00629097077224118
2078-03-07,0.00674529868880195
2078-03-08,0.0072037159914221
2078-03-09,0.00563474580533154
2078-03-10,0.00549342736858607
2078-03-11,0.00546785056669751
2078-03-12,0.00537741808655088
2078-03-13,0.00528344832873775
2078-03-14,0.0110005554845981
2078-03-15,0.00520134439770911
2078-03-16,0.00511296601054156
2078-03-17,0.00502703084899863
2078-03-18,0.00492132376417943
2078-03-19,0.138822607899244
2078-03-20,0.238756981229298
2078-03-21,0.0315636044779724
2078-03-22,0.0671362524550891
2078-03-23,0.0979981529604543
2078-03-24,0.0138354327869748
2078-03-25,0.0152423509684267
2078-03-26,0.0142840296651381
2078-03-27,0.0116865165505691
2078-03-28,0.0112259783164795
2078-03-29,0.0105123179841285
2078-03-30,0.0118841799105669
2078-03-31,0.0133720662770472
2078-04-01,0.0145555196529754
2078-04-02,0.0132466704942818
2078-04-03,0.0126468835831718
2078-04-04,0.011971884965819
2078-04-05,0.0113345790195123
2078-04-06,0.0107011879168022
2078-04-07,0.0124783224281402
2078-04-08,0.00940356266016848
2078-04-09,0.0147393886191271
2078-04-10,0.00843650583812661
2078-04-11,0.0400124509130412
2078-04-12,0.00767675676244408
2078-04-13,0.00729524506902775
2078-04-14,0.00693491464383288
2078-04-15,0.00659862490519508
2078-04-16,0.00849279579450975
2078-04-17,0.00612866987574967
2078-04-18,0.048593938790592
2078-04-19,0.0440049175924195
2078-04-20,0.00882995402527134
2078-04-21,0.00599941254940811
2078-04-22,0.00589890750969283
2078-04-23,0.0058172474298303
2078-04-24,0.0057216199110321
2078-04-25,0.00566300947233033
2078-04-26,0.00558268047892712
2078-04-27,0.00550522661624403
2078-04-28,0.00539980107259822
2078-04-29,0.00527535261395851
2078-04-30,0.00514950252729072
2078-05-01,0.00560481463287704
2078-05-02,0.00843010941726517
2078-05-03,0.00599024928783958
2078-05-04,0.0189486527459942
2078-05-05,0.00564731663639835
2078-05-06,0.00576963120913028
2078-05-07,0.00525478988592934
2078-05-08,0.00517800718833163
2078-05-09,0.00508969782106901
2078-05-10,0.0049971675111036
2078-05-11,0.00490808524342241
2078-05-12,0.00482682617313313
2078-05-13,0.00475010967978725
2078-05-14,0.00467091140736135
2078-05-15,0.00458905097303236
2078-05-16,0.004508337202382
2078-05-17,0.0044310069479716
2078-05-18,0.00435945738259567
2078-05-19,0.00429273405581326
2078-05-20,0.00422991802960904
2078-05-21,0.00416754038582034
2078-05-22,0.00410326117972247
2078-05-23,0.00403948988096301
2078-05-24,0.0039799133024165
2078-05-25,0.00392626195763343
2078-05-26,0.00387935752625589
2078-05-27,0.00383729129141795
2078-05-28,0.00379878282177888
2078-05-29,0.00376335361680401
2078-05-30,0.00372985439113939
2078-05-31,0.0117919828286304
2078-06-01,0.00367574247520206
2078-06-02,0.00297083334155784
2078-06-03,0.00295269840026023
2078-06-04,0.00293016325340474
2078-06-05,0.00290634062754455
2078-06-06,0.00288305405944615
2078-06-07,0.00286135451295201
2078-06-08,0.00284191112601449
2078-06-09,0.00282672310295212
2078-06-10,0.00281346694391424
2078-06-11,0.00279991466276907
2078-06-12,0.00278734908950971
2078-06-13,0.00277616832603229
2078-06-14,0.00276609970123169
2078-06-15,0.00275667363653341
2078-06-16,0.00274804690676213
2078-06-17,0.00274032909270141
2078-06-18,0.00273363590576438
2078-06-19,0.00272790368264155
2078-06-20,0.00272297880840012
2078-06-21,0.00271925446049904
2078-06-22,0.00383507346392583
2078-06-23,0.00271225786821751
2078-06-24,0.00270888342917341
2078-06-25,0.00270564165932498
2078-06-26,0.00270284654396544
2078-06-27,0.00270061107633294
2078-06-28,0.00269865467657264
2078-06-29,0.00269689577032008
2078-06-30,0.00269532779523137
2078-07-01,0.00494211181503498
2078-07-02,0.00493986419239812
2078-07-03,0.00493782714779418
2078-07-04,0.00493594092510293
2078-07-05,0.00493423357526878
2078-07-06,0.00493269855331166
2078-07-07,0.00493124385170128
2078-07-08,0.00492984704010215
2078-07-09,0.00492849260179322
2078-07-10,0.00492718525726027
2078-07-11,0.00492595421610644
2078-07-12,0.00492479359689354
2078-07-13,0.00492366251594181
2078-07-14,0.00492253167484817
2078-07-15,0.0049214011614295
2078-07-16,0.00492027096487255
2078-07-17,0.00491914097081873
2078-07-18,0.00491801109210651
2078-07-19,0.00491688160857031
2078-07-20,0.00491575254707949
2078-07-21,0.00491462345740863
2078-07-22,0.0049134949316664
2078-07-23,0.00491236635251315
2078-07-24,0.00491123814461565
2078-07-25,0.00491011032730675
2078-07-26,0.00490898269415117
2078-07-27,0.00490785510097195
2078-07-28,0.00490672797833399
2078-07-29,0.00490560136490295
2078-07-30,0.00490447446836073
2078-07-31,0.00490334823634338
2078-08-01,0.014132773007436
2078-08-02,0.0141295277355474
2078-08-03,0.0141262826336984
2078-08-04,0.0141230380665297
2078-08-05,0.0141197949286387
2078-08-06,0.0141165522980326
2078-08-07,0.0141133100764664
2078-08-08,0.014110068909146
2078-08-09,0.014106828053565
2078-08-10,0.0141035883580322
2078-08-11,0.0141003492699188
2078-08-12,0.0140971112237706
2078-08-13,0.0140938735356504
2078-08-14,0.0140906370784282
2078-08-15,0.0140874009216095
2078-08-16,0.0140841654147201
2078-08-17,0.014080930873278
2078-08-18,0.0140776975495087
2078-08-19,0.0140744638488183
2078-08-20,0.0140712322084415
2078-08-21,0.0140680000758944
2078-08-22,0.0140647689428027
2078-08-23,0.0140615391322416
2078-08-24,0.0140583099602737
2078-08-25,0.0140550816602315
2078-08-26,0.0140518538202409
2078-08-27,0.0140486265045393
2078-08-28,0.014045399976688
2078-08-29,0.0140421742839203
2078-08-30,0.0140389493582204
2078-08-31,0.0140357251759716
2078-09-01,0.010797116653916
2078-09-02,0.0107946371259052
2078-09-03,0.0107921577672526
2078-09-04,0.0107896792641134
2078-09-05,0.0107872015954088
2078-09-06,0.010784723808226
2078-09-07,0.0107822473882657
2078-09-08,0.010779770804762
2078-09-09,0.0107772955172486
2078-09-10,0.0107748202086563
2078-09-11,0.0107723455295241
2078-09-12,0.0107698718025777
2078-09-13,0.0107673985509972
2078-09-14,0.0107649255211089
2078-09-15,0.0107624533205671
2078-09-16,0.0107599818883157
2078-09-17,0.0107575105200278
2078-09-18,0.0107550399716372
2078-09-19,0.0107525700657904
2078-09-20,0.0107501004906646
2078-09-21,0.0107476319862025
2078-09-22,0.010745163722331
2078-09-23,0.0107426960406736
2078-09-24,0.0107402288212989
2078-09-25,0.010737762083832
2078-09-26,0.0107352963378012
2078-09-27,0.0107328307967446
2078-09-28,0.0107303662391289
2078-09-29,0.0107279018341535
2078-09-30,0.0107254382912333
2078-10-01,0.00519239850880686
2078-10-02,0.00751183328025173
2078-10-03,0.00519001385425845
2078-10-04,0.00518882174766813
2078-10-05,0.00518763020845013
2078-10-06,0.16540285941616
2078-10-07,0.0110352242908059
2078-10-08,0.00686772738774327
2078-10-09,0.0051829250345981
2078-10-10,0.00518176489619924
2078-10-11,0.0310039110670594
2078-10-12,0.00517944222425974
2078-10-13,0.00517828252898851
2078-10-14,0.00517712136847479
2078-10-15,0.00517809242829209
2078-10-16,0.0051747915948783
2078-10-17,0.0051736228607186
2078-10-18,0.00517245267081951
2078-10-19,0.00517128033286012
2078-10-20,0.00517010701361414
2078-10-21,0.00516893324525709
2078-10-22,0.00516775862830534
2078-10-23,0.00516658344820489
2078-10-24,0.00516540753601115
2078-10-25,0.00516423066435282
2078-10-26,0.00693114613635649
2078-10-27,0.0215680703871949
2078-10-28,0.0121020829745595
2078-10-29,0.0434037651175384
2078-10-30,0.0083517303234173
2078-10-31,0.00724133559725356
2078-11-01,0.00377395560305242
2078-11-02,0.00377310819955746
2078-11-03,0.00377226222458514
2078-11-04,0.00377141688053292
2078-11-05,0.00377057164828934
2078-11-06,0.00403620347182594
2078-11-07,0.00376888145507976
2078-11-08,0.00376803635757329
2078-11-09,0.00381516066030743
2078-11-10,0.00376634458564653
2078-11-11,0.00497871364651481
2078-11-12,0.0048890169262941
2078-11-13,0.00376380406336885
2078-11-14,0.00414081227686174
2078-11-15,0.00376211070138948
2078-11-16,0.00511556258092141
2078-11-17,0.00376041754731233
2078-11-18,0.00375957138221383
2078-11-19,0.00375872563343499
2078-11-20,0.00375788038496112
2078-11-21,0.00383148391604383
2078-11-22,0.0244393286930509
2078-11-23,0.0373153249707092
2078-11-24,0.111601783419932
2078-11-25,0.0140165940553149
2078-11-26,0.00576096219986037
2078-11-27,0.00757925137728967
2078-11-28,0.0131161712370025
2078-11-29,0.00885582277440624
2078-11-30,0.0062937409470634
2078-12-01,0.00718898486773742
2078-12-02,0.00545916441536179
2078-12-03,0.00451950974467332
2078-12-04,0.0037685616656491
2078-12-05,0.00504716081441555
2078-12-06,0.00788495857514859
2078-12-07,0.00705270775393559
2078-12-08,0.0038188156601849
2078-12-09,0.0123613284057501
2078-12-10,0.00425362355228512
2078-12-11,0.40629621170683
2078-12-12,0.360019710455551
2078-12-13,0.00578990542492153
2078-12-14,0.00457155186741754
2078-12-15,0.00513976321843965
2078-12-16,0.029325847811135
2078-12-17,0.00469998822440837
2078-12-18,0.00620939396944604
2078-12-19,0.00469727047958913
2078-12-20,0.00471087554206912
2078-12-21,0.00471871176940421
2078-12-22,0.00901017348152101
2078-12-23,0.00950007512255751
2078-12-24,0.00489161895786779
2078-12-25,0.613846258589317
2078-12-26,1.44019561487697
2078-12-27,0.572554958282539
2078-12-28,0.711524779552736
2078-12-29,0.601553709398916
2078-12-30,3.55644679536978
2078-12-31,4.13230100943863
2079-01-01,2.57391126050702
2079-01-02,0.125660613985965
2079-01-03,0.0894933613902669
2079-01-04,0.0977518823368876
2079-01-05,0.0995028311322824
2079-01-06,0.129441091194523
2079-01-07,0.352521049353592
2079-01-08,0.30434301761684
2079-01-09,0.214830500517143
2079-01-10,0.230757902223639
2079-01-11,0.215321049896677
2079-01-12,0.208332690735514
2079-01-13,0.197174694012807
2079-01-14,0.184706747174191
2079-01-15,0.174679203529031
2079-01-16,0.165014644906188
2079-01-17,0.153331787419019
2079-01-18,0.141794694790459
2079-01-19,0.130595605134916
2079-01-20,0.12060200658752
2079-01-21,0.112992968563541
2079-01-22,0.107674908762021
2079-01-23,0.103286591017998
2079-01-24,0.0988948532002677
2079-01-25,0.0948696955137046
2079-01-26,0.0901817947203851
2079-01-27,0.0859618138095602
2079-01-28,0.081972571918544
2079-01-29,0.0778188829662567
2079-01-30,0.0761443560672449
2079-01-31,0.0712546535646666
2079-02-01,0.0649355507489041
2079-02-02,0.0622980928092867
2079-02-03,0.0599274779496538
2079-02-04,0.073679834591062
2079-02-05,0.117180935793442
2079-02-06,0.118883429414928
2079-02-07,0.0737877913082959
2079-02-08,0.117661482435432
2079-02-09,0.0892562550896871
2079-02-10,0.0738953833212238
2079-02-11,0.0746995276619733
2079-02-12,0.0741324977208656
2079-02-13,0.0705245452584773
2079-02-14,0.0649422386098806
2079-02-15,0.0605221731290405
2079-02-16,0.0559405384170709
2079-02-17,0.0513308998059883
2079-02-18,0.0466463788217216
2079-02-19,0.0421410772707321
2079-02-20,0.0422267391983006
2079-02-21,0.0357463169796867
2079-02-22,0.0341413161861654
2079-02-23,0.0330657854808258
2079-02-24,0.0319112106384771
2079-02-25,0.0515386935095533
2079-02-26,0.0654960189499377
2079-02-27,0.0441556985350192
2079-02-28,0.0301243640802561
2079-03-01,0.0230878290051918
2079-03-02,0.0215932359056198
2079-03-03,0.0371399283841695
2079-03-04,0.422872597497964
2079-03-05,0.346680841075565
2079-03-06,0.132249543856337
2079-03-07,0.143759757656177
2079-03-08,0.150473724784478
2079-03-09,0.330636055742992
2079-03-10,0.940626099140889
2079-03-11,1.05479085176592
2079-03-12,0.850727189590167
2079-03-13,0.51631953454418
2079-03-14,0.513122974488455
2079-03-15,0.498744230386806
2079-03-16,0.476988145853042
2079-03-17,0.451060165779807
2079-03-18,0.421416406388313
2079-03-19,0.384181948308341
2079-03-20,0.419920870947497
2079-03-21,0.342498879969757
2079-03-22,0.311269410251013
2079-03-23,0.327670891776988
2079-03-24,0.302618602958046
2079-03-25,0.27196387020065
2079-03-26,0.252743303779031
2079-03-27,0.234253176209388
2079-03-28,0.217111093048805
2079-03-29,0.202067234007032
2079-03-30,0.1876713753705
2079-03-31,0.1722249850329
2079-04-01,0.215234986897211
2079-04-02,0.192389854958716
2079-04-03,0.169341507602096
2079-04-04,0.14740192126305
2079-04-05,0.127394178416252
2079-04-06,0.109301291623489
2079-04-07,0.0924967944065076
2079-04-08,0.0773395964088368
2079-04-09,0.0691643934478702
2079-04-10,0.0574655249658363
2079-04-11,0.0639854554040433
2079-04-12,0.0448243189852671
2079-04-13,0.038347169780748
2079-04-14,0.0330257962721297
2079-04-15,0.0278818650867629
2079-04-16,0.0232405900308336
2079-04-17,0.0194340070145779
2079-04-18,0.0164744406117405
2079-04-19,0.0140022848222925
2079-04-20,0.0120204553892284
2079-04-21,0.010671599859084
2079-04-22,0.00982005663334953
2079-04-23,0.116858316504884
2079-04-24,0.00911624965342923
2079-04-25,0.0088017111548805
2079-04-26,0.00858100878150831
2079-04-27,0.00837954524455343
2079-04-28,0.00819375835281629
2079-04-29,0.0080254641304962
2079-04-30,0.00786787097869023
2079-05-01,0.00857307332411385
2079-05-02,0.00835581570184565
2079-05-03,0.00815540585916852
2079-05-04,0.00799423431093652
2079-05-05,0.00877836892019417
2079-05-06,0.00786617238959004
2079-05-07,0.00775891832965176
2079-05-08,0.00768413767985502
2079-05-09,0.0299621169407329
2079-05-10,0.00938318435020938
2079-05-11,0.00754746312927233
2079-05-12,0.00746878525079056
2079-05-13,0.00885979092091853
2079-05-14,0.0160739731892969
2079-05-15,0.0150000165578127
2079-05-16,0.0245839220747527
2079-05-17,0.00727949285769456
2079-05-18,0.0117317855431905
2079-05-19,0.0185262681365385
2079-05-20,0.0173940319276662
2079-05-21,0.0136256355393629
2079-05-22,0.0104132921457666
2079-05-23,0.0278850017631463
2079-05-24,0.0615304650555643
2079-05-25,0.0066785785251116
2079-05-26,0.00761579342343198
2079-05-27,0.0065601314922797
2079-05-28,0.0097028082212999
2079-05-29,0.00701785205653035
2079-05-30,0.0730982229309816
2079-05-31,0.0250710162086762
2079-06-01,0.00725423720949502
2079-06-02,0.0126197845301914
2079-06-03,0.00539905506272785
2079-06-04,0.0579474859488098
2079-06-05,0.00697093304171954
2079-06-06,0.0051755547102882
2079-06-07,0.00513664214929519
2079-06-08,0.00507654374187489
2079-06-09,0.00500022737562881
2079-06-10,0.00490213902990133
2079-06-11,0.00479159174632377
2079-06-12,0.00468848395662041
2079-06-13,0.00459984685970231
2079-06-14,0.00451097340408937
2079-06-15,0.00441731274824495
2079-06-16,0.00432488674078582
2079-06-17,0.00423400642966866
2079-06-18,0.00414668858857496
2079-06-19,0.00406759899901293
2079-06-20,0.00400085765266937
2079-06-21,0.0039356718897659
2079-06-22,0.00604644740075636
2079-06-23,0.00379332944265491
2079-06-24,0.00371612671808563
2079-06-25,0.00364108075338914
2079-06-26,0.00356928925472962
2079-06-27,0.00350013863723588
2079-06-28,0.00343477566746958
2079-06-29,0.00337305718202187
2079-06-30,0.00331421569065946
2079-07-01,0.00597772065090683
2079-07-02,0.00588529026915661
2079-07-03,0.00580000489214395
2079-07-04,0.00571776369893599
2079-07-05,0.00564180509219698
2079-07-06,0.00557208562353513
2079-07-07,0.00550886912635965
2079-07-08,0.00545051520204393
2079-07-09,0.00539647028040684
2079-07-10,0.00534728010937234
2079-07-11,0.00530335931837602
2079-07-12,0.00526460783285729
2079-07-13,0.00522916268882263
2079-07-14,0.00519618716427557
2079-07-15,0.00516655899825604
2079-07-16,0.00514063598366351
2079-07-17,0.00511634430289696
2079-07-18,0.00509429907660595
2079-07-19,0.00507555033861238
2079-07-20,0.00505856637287201
2079-07-21,0.00504340821900803
2079-07-22,0.00502963238007434
2079-07-23,0.00501710323860505
2079-07-24,0.00500585418304239
2079-07-25,0.00499598265081878
2079-07-26,0.00498714437250891
2079-07-27,0.00497914392340941
2079-07-28,0.00497211937166727
2079-07-29,0.00496653350183337
2079-07-30,0.00496198169658112
2079-07-31,0.00495771802249335
2079-08-01,0.0142823628657015
2079-08-02,0.0142740241326363
2079-08-03,0.0142665920368109
2079-08-04,0.0142599961175737
2079-08-05,0.0142540863498866
2079-08-06,0.0142486978463018
2079-08-07,0.0142437198977822
2079-08-08,0.0142391148887234
2079-08-09,0.014234892227986
2079-08-10,0.0142309152726525
2079-08-11,0.0142270929419294
2079-08-12,0.014223374350507
2079-08-13,0.0142197476872423
2079-08-14,0.0142162975619756
2079-08-15,0.0142129923463873
2079-08-16,0.0142097282426074
2079-08-17,0.014206464960686
2079-08-18,0.0142032020292352
2079-08-19,0.0141999406536471
2079-08-20,0.0141966793791382
2079-08-21,0.014193418662926
2079-08-22,0.0141901594307823
2079-08-23,0.0141869001306226
2079-08-24,0.0141836420320764
2079-08-25,0.0141803844833252
2079-08-26,0.0141771279784284
2079-08-27,0.0141738720998443
2079-08-28,0.0141706173709172
2079-08-29,0.0141673626306541
2079-08-30,0.0141641088860676
2079-08-31,0.0141608558367543
2079-09-01,0.01089337466298
2079-09-02,0.0108908724874857
2079-09-03,0.0108883716792139
2079-09-04,0.0108858713804705
2079-09-05,0.010883371303419
2079-09-06,0.0108808712525346
2079-09-07,0.0108783723275553
2079-09-08,0.010875874472513
2079-09-09,0.0108733765462384
2079-09-10,0.0108708793257443
2079-09-11,0.0108683827695996
2079-09-12,0.010865887127844
2079-09-13,0.0108633909322215
2079-09-14,0.010860896757268
2079-09-15,0.0108584020255403
2079-09-16,0.0108559087686101
2079-09-17,0.0108534153510441
2079-09-18,0.0108509228253344
2079-09-19,0.0108484311500502
2079-09-20,0.0108459398992519
2079-09-21,0.0108434486688056
2079-09-22,0.0108409584276149
2079-09-23,0.0108384684822559
2079-09-24,0.010835979652626
2079-09-25,0.0108334909821784
2079-09-26,0.0108310031359892
2079-09-27,0.0108285156277896
2079-09-28,0.0108260286618271
2079-09-29,0.0108235424285388
2079-09-30,0.0108210571525243
2079-10-01,0.00523868927611325
2079-10-02,0.00523748623458319
2079-10-03,0.00523628355980372
2079-10-04,0.00523508091036593
2079-10-05,0.00523387844641525
2079-10-06,0.00523267677544833
2079-10-07,0.00523147481269997
2079-10-08,0.00523027349088523
2079-10-09,0.00522907210360445
2079-10-10,0.00522787139139818
2079-10-11,0.00522667086432703
2079-10-12,0.00522547027214182
2079-10-13,0.00522427045534195
2079-10-14,0.00522307058469101
2079-10-15,0.0052218712029235
2079-10-16,0.00522067185212919
2079-10-17,0.00521947296311681
2079-10-18,0.00858461203155563
2079-10-19,0.00521707576478322
2079-10-20,0.00521587784016296
2079-10-21,0.00521468005386611
2079-10-22,0.00521348243651387
2079-10-23,0.00521228519858306
2079-10-24,0.00521108818591173
2079-10-25,0.00520989125524891
2079-10-26,0.00520869475152321
2079-10-27,0.00520749868107003
2079-10-28,0.00520630282813304
2079-10-29,0.00520510701109678
2079-10-30,0.00520391171919666
2079-10-31,0.00520271657829079
2079-11-01,0.00380726317889911
2079-11-02,0.00380638884884727
2079-11-03,0.00380551456233381
2079-11-04,0.00380464067487925
2079-11-05,0.00380376698734057
2079-11-06,0.00380289342887129
2079-11-07,0.00380202000977636
2079-11-08,0.00380114692636492
2079-11-09,0.00380027395914173
2079-11-10,0.00379940128019929
2079-11-11,0.00379852866514748
2079-11-12,0.00379765626392323
2079-11-13,0.00379678428777786
2079-11-14,0.0037959122799448
2079-11-15,0.00379504052870479
2079-11-16,0.0037941689186425
2079-11-17,0.00379329771124584
2079-11-18,0.00379242644974822
2079-11-19,0.00379155556773011
2079-11-20,0.00379068481941863
2079-11-21,0.00378981442173281
2079-11-22,0.138498185055691
2079-11-23,0.582340817429715
2079-11-24,0.0323084900401138
2079-11-25,0.00916697130724852
2079-11-26,0.00713799007261564
2079-11-27,0.00426913288653307
2079-11-28,0.00431583494322166
2079-11-29,0.00435044101987135
2079-11-30,0.00437617456017422
2079-12-01,0.00478527988345032
2079-12-02,0.0362968957023311
2079-12-03,0.00443362200835647
2079-12-04,0.00444357221552475
2079-12-05,0.00446739231865132
2079-12-06,0.00445342479963859
2079-12-07,0.00445460170867311
2079-12-08,0.0156176111182841
2079-12-09,0.00787473910786915
2079-12-10,0.00449343710454851
2079-12-11,0.00448148035218913
2079-12-12,0.00448656676726318
2079-12-13,0.00448860359986077
2079-12-14,0.0449821981569924
2079-12-15,0.461722814298889
2079-12-16,0.163366711780073
2079-12-17,0.0698133573399801
2079-12-18,0.34429815000433
2079-12-19,2.25828774851836
2079-12-20,0.444526000865342
2079-12-21,0.309094130889315
2079-12-22,0.0653121894121684
2079-12-23,0.0135491948680344
2079-12-24,0.00909739818674027
2079-12-25,0.265211948299463
2079-12-26,0.275257094944459
2079-12-27,0.0458056625470919
2079-12-28,0.0250081092620887
2079-12-29,0.0421397491157918
2079-12-30,0.0282601691251474
2079-12-31,0.0269722645232105
2080-01-01,0.00997576036499929
2080-01-02,0.00821132489256944
2080-01-03,0.0081433118303108
2080-01-04,0.0075671981403657
2080-01-05,0.00743862456349426
2080-01-06,0.0067895958703019
2080-01-07,0.00726336316947457
2080-01-08,0.00691921759136234
2080-01-09,0.00711395550698447
2080-01-10,0.0062216343869523
2080-01-11,0.00604997404778595
2080-01-12,0.00603591437598051
2080-01-13,0.00602095076931788
2080-01-14,0.0060035594608978
2080-01-15,0.00598101422736686
2080-01-16,0.00595689176911287
2080-01-17,0.00593605973142342
2080-01-18,0.0140554079446451
2080-01-19,0.395602774900199
2080-01-20,0.135674333965985
2080-01-21,0.0156635026737952
2080-01-22,0.15615269022494
2080-01-23,0.0825391548596151
2080-01-24,0.0643105254800785
2080-01-25,0.0239632852870739
2080-01-26,0.0775067250625372
2080-01-27,0.037130879765579
2080-01-28,0.0420522592166562
2080-01-29,0.032664553558117
2080-01-30,0.0374633366430201
2080-01-31,0.037569388962608
2080-02-01,0.282004434796102
2080-02-02,0.356605136387506
2080-02-03,0.15776214724234
2080-02-04,0.110092000304635
2080-02-05,0.200677120094888
2080-02-06,0.166345691695624
2080-02-07,0.139753452769417
2080-02-08,0.144900633326062
2080-02-09,0.217686498874824
2080-02-10,0.525052124975328
2080-02-11,0.689997034427967
2080-02-12,0.657029337654104
2080-02-13,0.491746830585427
2080-02-14,0.529096602294318
2080-02-15,0.459789033864483
2080-02-16,0.509628682166619
2080-02-17,0.489496719335542
2080-02-18,0.432898010878448
2080-02-19,0.403386972914355
2080-02-20,0.374964660918119
2080-02-21,0.344682931879608
2080-02-22,0.315730603962884
2080-02-23,0.287028714474241
2080-02-24,0.262508556032349
2080-02-25,0.236795662188693
2080-02-26,0.215112453205911
2080-02-27,0.194325512841265
2080-02-28,0.176578714044639
2080-02-29,0.175928637543181
2080-03-01,0.209963235687479
2080-03-02,0.361997553701886
2080-03-03,0.202667909950737
2080-03-04,0.304048823970634
2080-03-05,0.321263210074468
2080-03-06,0.251324494348208
2080-03-07,0.331350979570202
2080-03-08,0.254743357694422
2080-03-09,0.25013761302373
2080-03-10,0.254580485177571
2080-03-11,0.332569157639081
2080-03-12,0.275212398937991
2080-03-13,0.251574295221602
2080-03-14,0.244609041696353
2080-03-15,0.233243224182122
2080-03-16,0.217655144703144
2080-03-17,0.202442961507421
2080-03-18,0.189294583981206
2080-03-19,0.181496549237906
2080-03-20,0.174316441597788
2080-03-21,0.159423634999587
2080-03-22,0.146298574297944
2080-03-23,0.133735593710225
2080-03-24,0.121494908854368
2080-03-25,0.113605429242969
2080-03-26,0.111086460172623
2080-03-27,0.0992907088447449
2080-03-28,0.0927493295738164
2080-03-29,0.0871964867844089
2080-03-30,0.0819249306444802
2080-03-31,0.0769708923576622
2080-04-01,0.0996858303424053
2080-04-02,0.0929261578261994
2080-04-03,0.124605721621135
2080-04-04,0.0916731878693728
2080-04-05,0.0779414521181669
2080-04-06,0.0698114079404542
2080-04-07,0.0802681188706163
2080-04-08,0.168536605567827
2080-04-09,0.606344786291841
2080-04-10,0.154951149779089
2080-04-11,0.179504472718142
2080-04-12,0.186564719135205
2080-04-13,0.178383850907718
2080-04-14,0.166420736365788
2080-04-15,0.197812966171795
2080-04-16,0.144229001526278
2080-04-17,0.133029856890168
2080-04-18,0.120390691362714
2080-04-19,0.108683761901863
2080-04-20,0.0995277868024415
2080-04-21,0.0883914005945468
2080-04-22,0.100869164151629
2080-04-23,0.0954136384219492
2080-04-24,0.0763653292443096
2080-04-25,0.421168173946132
2080-04-26,0.53371120527972
2080-04-27,0.686732651400615
2080-04-28,0.777141321258269
2080-04-29,0.600835196243481
2080-04-30,0.533483642559178
2080-05-01,0.566087465800738
2080-05-02,0.507985613706732
2080-05-03,0.445954803428177
2080-05-04,0.386097467251749
2080-05-05,0.331252273308523
2080-05-06,0.287328520754957
2080-05-07,0.250237486723115
2080-05-08,0.22093253002029
2080-05-09,0.193659955651922
2080-05-10,0.167678423718504
2080-05-11,0.141951216054421
2080-05-12,0.118623837929975
2080-05-13,0.097758977468387
2080-05-14,0.078830832591951
2080-05-15,0.062066037806931
2080-05-16,0.0479616009582086
2080-05-17,0.0377383711175732
2080-05-18,0.0288028204912375
2080-05-19,0.0225938074575678
2080-05-20,0.0178164395942729
2080-05-21,0.014004304791953
2080-05-22,0.0114166789607544
2080-05-23,0.00995355775007654
2080-05-24,0.00919024462293581
2080-05-25,0.00882614441499808
2080-05-26,0.00859010624755388
2080-05-27,0.00841542229528689
2080-05-28,0.00827015310313485
2080-05-29,0.00813897402617136
2080-05-30,0.00800551999520073
2080-05-31,0.00787578069854246
2080-06-01,0.00627675654580563
2080-06-02,0.00617852656097642
2080-06-03,0.00607232897684316
2080-06-04,0.00595449995642428
2080-06-05,0.00583408117146196
2080-06-06,0.00571758262036641
2080-06-07,0.00560102675468081
2080-06-08,0.00548153591908425
2080-06-09,0.00535982621533446
2080-06-10,0.00523673499244131
2080-06-11,0.00511197049831131
2080-06-12,0.00498536837105713
2080-06-13,0.00485830928925624
2080-06-14,0.00473274117377766
2080-06-15,0.00461040921228864
2080-06-16,0.00449375956974405
2080-06-17,0.00438978797267471
2080-06-18,0.00506231807600845
2080-06-19,0.00421185849861312
2080-06-20,0.00411513440238329
2080-06-21,0.00400745463375137
2080-06-22,0.00390020970453145
2080-06-23,0.00379745525221503
2080-06-24,0.00369665213947374
2080-06-25,0.00359866352315487
2080-06-26,0.00350608161269472
2080-06-27,0.0034203724403666
2080-06-28,0.00333985420888782
2080-06-29,0.00326315863132953
2080-06-30,0.00319311195560383
2080-07-01,0.00574168319531797
2080-07-02,0.00563631663521987
2080-07-03,0.00554465666977844
2080-07-04,0.00546383677269955
2080-07-05,0.00538715860087675
2080-07-06,0.0053161991320994
2080-07-07,0.00525428592677272
2080-07-08,0.0052019104279014
2080-07-09,0.00515896706810908
2080-07-10,0.00512475208345488
2080-07-11,0.00509457825962202
2080-07-12,0.00506744643760617
2080-07-13,0.00504455632955621
2080-07-14,0.00502527418912127
2080-07-15,0.00500901664899578
2080-07-16,0.00499580728211792
2080-07-17,0.00498591482915744
2080-07-18,0.00497869910560547
2080-07-19,0.00497319347911467
2080-07-20,0.00496837681450282
2080-07-21,0.0049640355836791
2080-07-22,0.00496086372557772
2080-07-23,0.00495872572693349
2080-07-24,0.00495701211162602
2080-07-25,0.00495550436762806
2080-07-26,0.00495408325368627
2080-07-27,0.00495281854425583
2080-07-28,0.00495166521941568
2080-07-29,0.00495052794671749
2080-07-30,0.00494939113341964
2080-07-31,0.00494825445348551
2080-08-01,0.0142622049146694
2080-08-02,0.0142589294881383
2080-08-03,0.0142556549023589
2080-08-04,0.0142523810647538
2080-08-05,0.0142491077334891
2080-08-06,0.0142458353676717
2080-08-07,0.01424256412695
2080-08-08,0.0142392934653078
2080-08-09,0.0142360229293059
2080-08-10,0.0142327537781825
2080-08-11,0.01422948521653
2080-08-12,0.0142262166983319
2080-08-13,0.0142229496471983
2080-08-14,0.0142196834849941
2080-08-15,0.0142164177658377
2080-08-16,0.0142131528241402
2080-08-17,0.014209888809159
2080-08-18,0.0142066258522022
2080-08-19,0.0142033625938973
2080-08-20,0.0142001013269457
2080-08-21,0.0141968398276065
2080-08-22,0.0141935792974934
2080-08-23,0.0141903200653496
2080-08-24,0.0141870610816526
2080-08-25,0.0141838033127944
2080-08-26,0.014180545978482
2080-08-27,0.0141772890843834
2080-08-28,0.0141740331925741
2080-08-29,0.0141707780309904
2080-08-30,0.0141675237177159
2080-08-31,0.01416427002792
2080-09-01,0.0108960010834493
2080-09-02,0.0108934986273874
2080-09-03,0.0108909966365153
2080-09-04,0.0108884955767502
2080-09-05,0.0108859953303406
2080-09-06,0.010883495311438
2080-09-07,0.0108809955367601
2080-09-08,0.0108784967767779
2080-09-09,0.0108759985023377
2080-09-10,0.0108735009046036
2080-09-11,0.0108710036899243
2080-09-12,0.0108685073511105
2080-09-13,0.0108660112826885
2080-09-14,0.0108635157172531
2080-09-15,0.0108610209339183
2080-09-16,0.0108585269239619
2080-09-17,0.0108560332338236
2080-09-18,0.042157465440753
2080-09-19,0.0108510476648805
2080-09-20,0.0108485556268935
2080-09-21,0.0108460639007291
2080-09-22,0.0108435734901802
2080-09-23,0.0108410829262639
2080-09-24,0.0108385932469355
2080-09-25,0.0108361044594634
2080-09-26,0.0108336156160232
2080-09-27,0.0108311277596579
2080-09-28,0.0108286404687893
2080-09-29,0.010826153548619
2080-09-30,0.0108236668850299
2080-10-01,0.00523995328024917
2080-10-02,0.00523874966923501
2080-10-03,0.00523754668225995
2080-10-04,0.00644021624557088
2080-10-05,0.00523514152135583
2080-10-06,0.00523393916933096
2080-10-07,0.00523273727099273
2080-10-08,0.00523153545466304
2080-10-09,0.00523033415818999
2080-10-10,0.00522913289972948
2080-10-11,0.00522793210727452
2080-10-12,0.00522673145842246
2080-10-13,0.00522553107389833
2080-10-14,0.00522433105999641
2080-10-15,0.00522313117174707
2080-10-16,0.00522193174211193
2080-10-17,0.00522073271935174
2080-10-18,0.00521953349632178
2080-10-19,0.00521833489979476
2080-10-20,0.00521713652430357
2080-10-21,0.00521593847790241
2080-10-22,0.00521474067787883
2080-10-23,0.0052135431404233
2080-10-24,0.00521234579514226
2080-10-25,0.00521114886236766
2080-10-26,0.00520995195211899
2080-10-27,0.0052087555821411
2080-10-28,0.00520755940257785
2080-10-29,0.00542395173228393
2080-10-30,0.00520516791210824
2080-10-31,0.00520397243366513
2080-11-01,0.00380818218886261
2080-11-02,0.00380730781372664
2080-11-03,0.00380643349861697
2080-11-04,0.00501827808686529
2080-11-05,0.00380468539394968
2080-11-06,0.00380381157785684
2080-11-07,0.0948576087022928
2080-11-08,0.343967400801958
2080-11-09,0.414206118242952
2080-11-10,0.00539797524111459
2080-11-11,0.00425987016539274
2080-11-12,0.00434004230970361
2080-11-13,0.00438396385591757
2080-11-14,0.638539776641161
2080-11-15,1.40058633435733
2080-11-16,0.0058353354065761
2080-11-17,0.00607690612889177
2080-11-18,0.0061614215122204
2080-11-19,0.00643518712005726
2080-11-20,0.00622525266263989
2080-11-21,0.0062345265543378
2080-11-22,0.0119962032290886
2080-11-23,0.0083091225273901
2080-11-24,0.00626280716467875
2080-11-25,0.011111970299175
2080-11-26,0.0717867521337489
2080-11-27,0.0557308660659646
2080-11-28,0.00831545845270015
2080-11-29,0.00723771250170207
2080-11-30,0.0819132771405246
2080-12-01,0.0321517274464812
2080-12-02,0.00950281256787765
2080-12-03,0.00801179370248364
2080-12-04,0.0468986036466411
2080-12-05,0.0228271950441131
2080-12-06,0.0202721271426383
2080-12-07,0.00970763566523342
2080-12-08,0.00936459212694445
2080-12-09,0.012089894500307
2080-12-10,0.00882330228514247
2080-12-11,0.00843723960712077
2080-12-12,0.00663954283253801
2080-12-13,0.00663073495800451
2080-12-14,0.00661264540096322
2080-12-15,0.0065961311225909
2080-12-16,0.0065861731271882
2080-12-17,0.00657908211037312
2080-12-18,0.125233335256123
2080-12-19,0.0204725354591006
2080-12-20,0.00993309176893887
2080-12-21,0.00804674297351894
2080-12-22,0.388819370990914
2080-12-23,0.157684472180668
2080-12-24,0.0147524051841813
2080-12-25,0.0435143619245409
2080-12-26,0.0972759247447032
2080-12-27,0.555219442732463
2080-12-28,2.24992029881085
2080-12-29,1.44986039313463
2080-12-30,0.068586245515408
2080-12-31,0.100319311968308
2081-01-01,0.81695412683408
2081-01-02,0.737992088049578
2081-01-03,0.198954602017923
2081-01-04,0.222840656096969
2081-01-05,0.220455590932148
2081-01-06,0.211567369290143
2081-01-07,0.199431022283433
2081-01-08,0.188264055305995
2081-01-09,0.178845480388081
2081-01-10,0.170094594344707
2081-01-11,0.16179325749681
2081-01-12,0.153733829159309
2081-01-13,0.146035869663098
2081-01-14,0.138813966953067
2081-01-15,0.13191951082731
2081-01-16,0.133515842603608
2081-01-17,0.122800845600279
2081-01-18,0.118801389504438
2081-01-19,0.11374488847926
2081-01-20,0.101112290558155
2081-01-21,0.0939139939249497
2081-01-22,0.0872943913655554
2081-01-23,0.0808652822736395
2081-01-24,0.0745859565340859
2081-01-25,0.071050679926199
2081-01-26,0.0719825707923322
2081-01-27,0.0686543189001653
2081-01-28,0.0669085582416107
2081-01-29,0.074545673073898
2081-01-30,0.0670300584548884
2081-01-31,0.0607242961269123
2081-02-01,0.057097586239532
2081-02-02,0.0498344973396204
2081-02-03,0.0473731087946725
2081-02-04,0.0449525480174098
2081-02-05,0.0420498081214561
2081-02-06,0.0385676198135519
2081-02-07,0.0347001358463261
2081-02-08,0.0309549412823
2081-02-09,0.0275850666100328
2081-02-10,0.024634428920661
2081-02-11,0.0221195854763938
2081-02-12,0.0198402924989503
2081-02-13,0.0177379296712654
2081-02-14,0.0158808198202203
2081-02-15,0.0143524329551537
2081-02-16,0.013050825712627
2081-02-17,0.0118624280342672
2081-02-18,0.0107764104818211
2081-02-19,0.00978182040299645
2081-02-20,0.00896513947135284
2081-02-21,0.00832048620259533
2081-02-22,0.0078141694653971
2081-02-23,0.00743318284431198
2081-02-24,0.00715096122641364
2081-02-25,0.00694870513535603
2081-02-26,0.00685457297792755
2081-02-27,0.0145769435478457
2081-02-28,0.0148578870000188
2081-03-01,0.0133064280828597
2081-03-02,0.00578733910398793
2081-03-03,0.00570103741722202
2081-03-04,0.0170967627735783
2081-03-05,0.0168984943185315
2081-03-06,0.00562163007463185
2081-03-07,0.00557759134302968
2081-03-08,0.00553096431628759
2081-03-09,0.00547964429025324
2081-03-10,0.00542784159722092
2081-03-11,0.0103211327816457
2081-03-12,0.0203180354737724
2081-03-13,0.00535650296385354
2081-03-14,0.00533864410527982
2081-03-15,0.00602089406768165
2081-03-16,0.005314219855418
2081-03-17,0.00529483653470901
2081-03-18,0.00526586275282074
2081-03-19,0.00522577151251085
2081-03-20,0.00517593470778022
2081-03-21,0.00512239872066268
2081-03-22,0.00507432122304238
2081-03-23,0.00503366604355375
2081-03-24,0.00499336912372905
2081-03-25,0.00495038477297528
2081-03-26,0.16666948687014
2081-03-27,0.349753325110733
2081-03-28,0.285583604405469
2081-03-29,0.197089134033004
2081-03-30,0.0630419865931697
2081-03-31,0.0359245573911457
2081-04-01,0.0793053733066068
2081-04-02,0.0697710166993466
2081-04-03,0.0838803637652076
2081-04-04,0.107674192249369
2081-04-05,0.0834144082467467
2081-04-06,0.12586532389377
2081-04-07,0.108574939900535
2081-04-08,0.0980307366999532
2081-04-09,0.120433208859
2081-04-10,0.143838450412458
2081-04-11,0.116520600632396
2081-04-12,0.115602193546592
2081-04-13,0.120576613245589
2081-04-14,0.122325764130385
2081-04-15,0.106724726603609
2081-04-16,0.104523243238931
2081-04-17,0.100240284575398
2081-04-18,0.114652637247189
2081-04-19,0.0950970198544667
2081-04-20,0.238525945352332
2081-04-21,0.095608467291367
2081-04-22,0.112652347121938
2081-04-23,0.102014873471329
2081-04-24,0.170170533191067
2081-04-25,0.10267322526382
2081-04-26,0.0996050575633496
2081-04-27,0.0969270013222139
2081-04-28,0.0952756787581894
2081-04-29,0.0884385870441327
2081-04-30,0.0825411647023087
2081-05-01,0.0853278281214099
2081-05-02,0.0777437306862929
2081-05-03,0.0713864971777789
2081-05-04,0.0591836960257358
2081-05-05,0.0507331317911003
2081-05-06,0.041914493147349
2081-05-07,0.0342279348999651
2081-05-08,0.0281596032899291
2081-05-09,0.0235317553486806
2081-05-10,0.0201251579918181
2081-05-11,0.0174930827911514
2081-05-12,0.0153065151714255
2081-05-13,0.0136098571778018
2081-05-14,0.0156879149251082
2081-05-15,0.0396276032747306
2081-05-16,0.0921482429324717
2081-05-17,0.0128617121081857
2081-05-18,0.0122638849979629
2081-05-19,0.0118537553278892
2081-05-20,0.0113001594717798
2081-05-21,0.0106529639481309
2081-05-22,0.00992960256591317
2081-05-23,0.00925604122390183
2081-05-24,0.00872365005093571
2081-05-25,0.00834324742217814
2081-05-26,0.00802726352374579
2081-05-27,0.00772278928431687
2081-05-28,0.00740495857691779
2081-05-29,0.00709347094078309
2081-05-30,0.00682468442928573
2081-05-31,0.00658852471248379
2081-06-01,0.00515499135951637
2081-06-02,0.00499690865434964
2081-06-03,0.00487514905320885
2081-06-04,0.00477176815604199
2081-06-05,0.00467031514012487
2081-06-06,0.00457226510283909
2081-06-07,0.00446994880218577
2081-06-08,0.00436434194367568
2081-06-09,0.00425844846506079
2081-06-10,0.00415576260263439
2081-06-11,0.00405854348811979
2081-06-12,0.00396565947228083
2081-06-13,0.00387657862123692
2081-06-14,0.0037893410047082
2081-06-15,0.00370648228630324
2081-06-16,0.00362907550463201
2081-06-17,0.00355285679299358
2081-06-18,0.00347850111042877
2081-06-19,0.00340752964933732
2081-06-20,0.00333980570755779
2081-06-21,0.00327625140943797
2081-06-22,0.00321656226007708
2081-06-23,0.00316053107088124
2081-06-24,0.00310873807808306
2081-06-25,0.00306343624365941
2081-06-26,0.00302281273886004
2081-06-27,0.00298485189206285
2081-06-28,0.00295084911567121
2081-06-29,0.00291906926629788
2081-06-30,0.00288937514415781
2081-07-01,0.0052510301311205
2081-07-02,0.00520795413406627
2081-07-03,0.0051708213157694
2081-07-04,0.00513850850207548
2081-07-05,0.00511126763736242
2081-07-06,0.00508701718892176
2081-07-07,0.00506405014507993
2081-07-08,0.00504413378283772
2081-07-09,0.0050277753256992
2081-07-10,0.00501416608196873
2081-07-11,0.00500253165506955
2081-07-12,0.00499301026813896
2081-07-13,0.00498500756922301
2081-07-14,0.00497822128044531
2081-07-15,0.00497215930115746
2081-07-16,0.00496630227863823
2081-07-17,0.00496127591940518
2081-07-18,0.00495741113717902
2081-07-19,0.00495440506361298
2081-07-20,0.004952065348578
2081-07-21,0.00494998933948671
2081-07-22,0.00494807929318593
2081-07-23,0.00494628171706269
2081-07-24,0.00494462354862182
2081-07-25,0.00494315648055765
2081-07-26,0.00494179315013276
2081-07-27,0.00494043142236618
2081-07-28,0.00493906078052944
2081-07-29,0.00493778895727514
2081-07-30,0.00493664090996823
2081-07-31,0.00493550699856001
2081-08-01,0.014225463897852
2081-08-02,0.0142221971046117
2081-08-03,0.0142189308290477
2081-08-04,0.014215664938907
2081-08-05,0.0142124003335103
2081-08-06,0.0142091368333712
2081-08-07,0.0142058730526669
2081-08-08,0.0142026111546791
2081-08-09,0.0141993488117545
2081-08-10,0.0141960877384591
2081-08-11,0.0141928279366825
2081-08-12,0.0141895681821391
2081-08-13,0.0141863090199004
2081-08-14,0.0141830512397062
2081-08-15,0.0141797943862282
2081-08-16,0.0141765379720192
2081-08-17,0.0141732821028818
2081-08-18,0.0141700269535789
2081-08-19,0.0141667725269446
2081-08-20,0.0141635194058367
2081-08-21,0.0141602667173855
2081-08-22,0.0141570141885825
2081-08-23,0.0141537629294089
2081-08-24,0.0141505127565997
2081-08-25,0.0141472631335854
2081-08-26,0.0141440139451168
2081-08-27,0.0141407657088703
2081-08-28,0.0141375179629049
2081-08-29,0.014134271502628
2081-08-30,0.0141310251226477
2081-08-31,0.0141277796174269
2081-09-01,0.010867930248051
2081-09-02,0.0108654345910314
2081-09-03,0.0108629392531029
2081-09-04,0.0108604443534707
2081-09-05,0.0108579502381196
2081-09-06,0.0108554564709343
2081-09-07,0.0108529634625901
2081-09-08,0.0108504709019912
2081-09-09,0.0108479792601425
2081-09-10,0.0108454879039496
2081-09-11,0.010842997413446
2081-09-12,0.0108405071897
2081-09-13,0.0108380175314505
2081-09-14,0.0108355285666248
2081-09-15,0.0108330398067734
2081-09-16,0.0108305522273415
2081-09-17,0.0108280647525775
2081-09-18,0.0108255782249112
2081-09-19,0.0108230918862283
2081-09-20,0.0108206065099072
2081-09-21,0.0108181214301446
2081-09-22,0.010815636934777
2081-09-23,0.0108131529874613
2081-09-24,0.0108106700221327
2081-09-25,0.0108081868220284
2081-09-26,0.0108057052333714
2081-09-27,0.0108032233219887
2081-09-28,0.0108007427640182
2081-09-29,0.0107982619850824
2081-09-30,0.433520935934735
2081-10-01,0.127094268691182
2081-10-02,0.00522585727144333
2081-10-03,0.00522587655858213
2081-10-04,0.00522603777714192
2081-10-05,0.00522613214502432
2081-10-06,0.0446452490723805
2081-10-07,0.00522600708237046
2081-10-08,0.00522595106878569
2081-10-09,0.00579133410104613
2081-10-10,0.00522563805912718
2081-10-11,0.00522532734746729
2081-10-12,0.0111775926201632
2081-10-13,0.00522441993717905
2081-10-14,0.00522383344139713
2081-10-15,0.00522316330853118
2081-10-16,0.00522242535637204
2081-10-17,0.0060304358442215
2081-10-18,0.128078922242156
2081-10-19,0.0052202303442578
2081-10-20,0.0373737801892911
2081-10-21,0.00522060748599342
2081-10-22,0.00522134018115951
2081-10-23,0.00653535283648723
2081-10-24,0.00522288354505969
2081-10-25,0.00522349976277371
2081-10-26,0.00522393688653252
2081-10-27,0.00522418406762851
2081-10-28,0.00522424400072816
2081-10-29,0.00522412704319186
2081-10-30,0.00522386250303741
2081-10-31,0.00522347788831863
2081-11-01,0.00382297568130901
2081-11-02,0.00382255383999008
2081-11-03,0.00382208430198759
2081-11-04,0.00382157999227557
2081-11-05,0.0283380791787055
2081-11-06,0.00512327936593754
2081-11-07,0.00381998959728072
2081-11-08,0.00834330503844637
2081-11-09,0.00458096223317138
2081-11-10,0.00452251054143615
2081-11-11,0.00381791145467729
2081-11-12,0.390725941501459
2081-11-13,0.103958702105373
2081-11-14,0.00672853435412147
2081-11-15,0.00428389398565065
2081-11-16,0.00412111737561597
2081-11-17,0.00416687136034249
2081-11-18,0.00578333064550574
2081-11-19,0.00423092146476814
2081-11-20,0.00482733679193924
2081-11-21,0.00614574578531607
2081-11-22,0.00429208902587766
2081-11-23,0.00430744423506687
2081-11-24,0.00431995368700811
2081-11-25,0.00551275597699636
2081-11-26,0.00560623195034369
2081-11-27,0.00434952227139578
2081-11-28,0.0043568009598192
2081-11-29,0.00436177392356237
2081-11-30,0.00436354535089055
2081-12-01,0.00436556311860357
2081-12-02,0.00436381517444743
2081-12-03,0.00435900442719926
2081-12-04,0.00435268224903005
2081-12-05,0.00434725239797431
2081-12-06,0.0043408972270336
2081-12-07,0.00433349169761976
2081-12-08,0.0043268553357433
2081-12-09,0.00432123715251831
2081-12-10,0.00431668029408306
2081-12-11,0.00431278461025229
2081-12-12,0.00430877824307324
2081-12-13,0.0618444274084476
2081-12-14,0.172226608106922
2081-12-15,0.136834702725367
2081-12-16,0.141127432011299
2081-12-17,0.00977486522607009
2081-12-18,0.00548473016710519
2081-12-19,0.060846940375113
2081-12-20,0.447037461822619
2081-12-21,0.33240063735207
2081-12-22,1.1282636341721
2081-12-23,0.644676345500466
2081-12-24,0.137294361537599
2081-12-25,0.0408038797602022
2081-12-26,0.0397655818603821
2081-12-27,0.275547502332888
2081-12-28,1.18619737801237
2081-12-29,4.79450745218353
2081-12-30,0.233147406996956
2081-12-31,0.0877702150572342
2082-01-01,0.167872877562876
2082-01-02,0.0276275025036347
2082-01-03,0.188023660883588
2082-01-04,0.80031080198077
2082-01-05,0.154796862960951
2082-01-06,0.272904769673286
2082-01-07,0.33897226052328
2082-01-08,0.241833437093935
2082-01-09,0.246370581477739
2082-01-10,0.244539207304342
2082-01-11,0.242510554481892
2082-01-12,0.23070556523644
2082-01-13,0.214073872543327
2082-01-14,0.204092358979579
2082-01-15,0.193278535016716
2082-01-16,0.179924426626071
2082-01-17,0.167472804893684
2082-01-18,0.172981370107431
2082-01-19,0.321081778530815
2082-01-20,0.156289092270425
2082-01-21,0.457501032339253
2082-01-22,0.309116185888117
2082-01-23,0.274989379166938
2082-01-24,0.276935782366566
2082-01-25,0.29924846220561
2082-01-26,0.551261589675389
2082-01-27,0.468847314310729
2082-01-28,0.391296336488968
2082-01-29,0.436663799202591
2082-01-30,0.405450072288302
2082-01-31,0.770915348200197
2082-02-01,0.763524066362936
2082-02-02,0.61545900283509
2082-02-03,0.564990089362725
2082-02-04,0.545190837576784
2082-02-05,0.512791435443415
2082-02-06,0.472167569296018
2082-02-07,0.438466203552279
2082-02-08,0.396681959069758
2082-02-09,0.403178615271399
2082-02-10,0.367223698997661
2082-02-11,0.316585726819538
2082-02-12,0.320552438081514
2082-02-13,0.506119227175673
2082-02-14,0.693935577781022
2082-02-15,0.434431802762797
2082-02-16,0.44939431338816
2082-02-17,0.428722738495766
2082-02-18,0.541338031215351
2082-02-19,0.551499141711396
2082-02-20,0.478826659288585
2082-02-21,0.577204791519611
2082-02-22,0.707910593895009
2082-02-23,0.782486165941788
2082-02-24,0.598017349313999
2082-02-25,0.580056209059107
2082-02-26,0.53675575746139
2082-02-27,0.486152440002452
2082-02-28,0.436020918286528
2082-03-01,0.334403094979331
2082-03-02,0.29661428315565
2082-03-03,0.262983244328192
2082-03-04,0.252300428508563
2082-03-05,0.213155108636276
2082-03-06,0.194214319375208
2082-03-07,0.176200705488157
2082-03-08,0.159280413749561
2082-03-09,0.144268368547669
2082-03-10,0.131372402326262
2082-03-11,0.120194563574045
2082-03-12,0.10971719325441
2082-03-13,0.102537494755746
2082-03-14,0.153021133460869
2082-03-15,0.494991619934195
2082-03-16,0.662931255577879
2082-03-17,0.349185138824924
2082-03-18,0.431239587240657
2082-03-19,0.370685929123913
2082-03-20,0.531562420476273
2082-03-21,0.865504350449899
2082-03-22,0.574899641518316
2082-03-23,0.515521365667929
2082-03-24,0.49626667105447
2082-03-25,0.464964063980084
2082-03-26,0.442552462354142
2082-03-27,0.394668170372908
2082-03-28,0.356698864087026
2082-03-29,0.31689568622378
2082-03-30,0.279725383794094
2082-03-31,0.245424853682178
2082-04-01,0.296287693845381
2082-04-02,0.256877957554201
2082-04-03,0.222743294203031
2082-04-04,0.256035310184497
2082-04-05,0.235600705156313
2082-04-06,0.173343667880134
2082-04-07,0.160599056698148
2082-04-08,0.145455194585754
2082-04-09,0.129675993882908
2082-04-10,0.113841076605909
2082-04-11,0.0994182719329964
2082-04-12,0.0861681868939489
2082-04-13,0.0742383924355244
2082-04-14,0.0638944098804195
2082-04-15,0.0549049109632385
2082-04-16,0.0771494874473719
2082-04-17,0.0715981845345996
2082-04-18,0.0429266009196981
2082-04-19,0.037669666066796
2082-04-20,0.0328258682826369
2082-04-21,0.027971783173033
2082-04-22,0.0232899470445772
2082-04-23,0.01901573766472
2082-04-24,0.0155431814496641
2082-04-25,0.0131960503906477
2082-04-26,0.0117544582204542
2082-04-27,0.0106317781102307
2082-04-28,0.00968540821729958
2082-04-29,0.00898833405494197
2082-04-30,0.0100752521617345
2082-05-01,0.0234143908078351
2082-05-02,0.00939968802090516
2082-05-03,0.00902951943114263
2082-05-04,0.0088160800810483
2082-05-05,0.00862685462120724
2082-05-06,0.00889614606886981
2082-05-07,0.00841283140932631
2082-05-08,0.00834244099026319
2082-05-09,0.00826227796382844
2082-05-10,0.00817264812124187
2082-05-11,0.00807500575138314
2082-05-12,0.00797003715068723
2082-05-13,0.00786285955311631
2082-05-14,0.00775503054800006
2082-05-15,0.00764565466089797
2082-05-16,0.00753945444912444
2082-05-17,0.0074413348875829
2082-05-18,0.0073575769437079
2082-05-19,0.007243067311517
2082-05-20,0.00713063480518277
2082-05-21,0.0070110882401369
2082-05-22,0.00688204615775047
2082-05-23,0.00674084886511104
2082-05-24,0.00659217502886674
2082-05-25,0.00644542092308419
2082-05-26,0.006310836371971
2082-05-27,0.00620345130019667
2082-05-28,0.00681467267755523
2082-05-29,0.00600022042853537
2082-05-30,0.00588792632026871
2082-05-31,0.00577629831699189
2082-06-01,0.00666092411379355
2082-06-02,0.00474126699956294
2082-06-03,0.00584224300757216
2082-06-04,0.00436338020127526
2082-06-05,0.00427126697077359
2082-06-06,0.00417712263660329
2082-06-07,0.00409086938559296
2082-06-08,0.00400785451412488
2082-06-09,0.00392980036062071
2082-06-10,0.00384811301488782
2082-06-11,0.00375929133320331
2082-06-12,0.00367357203371747
2082-06-13,0.00359608137621739
2082-06-14,0.00352794129181167
2082-06-15,0.00346339220915751
2082-06-16,0.00339469125261356
2082-06-17,0.00332282807936942
2082-06-18,0.00325490605661483
2082-06-19,0.00319124844676824
2082-06-20,0.00313249786012299
2082-06-21,0.00307985343981883
2082-06-22,0.00303425304268183
2082-06-23,0.00299490354032626
2082-06-24,0.00295715265888394
2082-06-25,0.00292119190841248
2082-06-26,0.00288953685610137
2082-06-27,0.00286126843872009
2082-06-28,0.00283662438030256
2082-06-29,0.00281515173408301
2082-06-30,0.00279593841231317
2082-07-01,0.00509923242070813
2082-07-02,0.00507319445642149
2082-07-03,0.00505077863496957
2082-07-04,0.00503156666121671
2082-07-05,0.00501587880501724
2082-07-06,0.00500311307172593
2082-07-07,0.00499218170983687
2082-07-08,0.00498322928791336
2082-07-09,0.00497598470799183
2082-07-10,0.00497042817063922
2082-07-11,0.00496596820776909
2082-07-12,0.00496218220155748
2082-07-13,0.00495928036533506
2082-07-14,0.00495722682655559
2082-07-15,0.00495562547400738
2082-07-16,0.00495405620083982
2082-07-17,0.00495257422159797
2082-07-18,0.00495122325598848
2082-07-19,0.00494999171840707
2082-07-20,0.00494884007486725
2082-07-21,0.00494770351420681
2082-07-22,0.00494656746340864
2082-07-23,0.00494543137656622
2082-07-24,0.00494429558659734
2082-07-25,0.00494316013151228
2082-07-26,0.00494202475277551
2082-07-27,0.00494088991371943
2082-07-28,0.00493975510972455
2082-07-29,0.0049386207533337
2082-07-30,0.00493748655357151
2082-07-31,0.00493635278109749
2082-08-01,0.0142279012112323
2082-08-02,0.0142246335725171
2082-08-03,0.0142213669190873
2082-08-04,0.0142181006709187
2082-08-05,0.0142148355478457
2082-08-06,0.0142115708782117
2082-08-07,0.014208307067278
2082-08-08,0.0142050441254358
2082-08-09,0.014201781971444
2082-08-10,0.0141985206081367
2082-08-11,0.0141952598626399
2082-08-12,0.0141919998520923
2082-08-13,0.0141887401721775
2082-08-14,0.0141854820339554
2082-08-15,0.0141822240109824
2082-08-16,0.0141789668674923
2082-08-17,0.0141757104466707
2082-08-18,0.0141724555231426
2082-08-19,0.0141692005996146
2082-08-20,0.0141659467756763
2082-08-21,0.0141626935563234
2082-08-22,0.0141594405438521
2082-08-23,0.014156188728271
2082-08-24,0.0141529380377856
2082-08-25,0.0141496874729405
2082-08-26,0.014146438292974
2082-08-27,0.0141431887804855
2082-08-28,0.0141399412706861
2082-08-29,0.0141366937372702
2082-08-30,0.0141334470002066
2082-08-31,0.0482634609549738
2082-09-01,0.011639722158988
2082-09-02,0.0108672969405928
2082-09-03,0.0108648011520116
2082-09-04,0.0108623065155025
2082-09-05,0.0108598113927244
2082-09-06,0.0108573177549199
2082-09-07,0.0108548240509713
2082-09-08,0.0108523311603783
2082-09-09,0.0108498390678768
2082-09-10,0.0108473474362042
2082-09-11,0.0127495438012297
2082-09-12,0.0108423659253168
2082-09-13,0.0347486181136328
2082-09-14,0.0108373865281363
2082-09-15,0.0108348973699661
2082-09-16,0.0108324094343732
2082-09-17,0.0108299214188258
2082-09-18,0.010827434645481
2082-09-19,0.0108249478946688
2082-09-20,0.0127127948598376
2082-09-21,0.0108199763969958
2082-09-22,0.0108174918296691
2082-09-23,0.0108150072579812
2082-09-24,0.0108125237416931
2082-09-25,0.0108100406971368
2082-09-26,0.0108075582246188
2082-09-27,0.0108050760115895
2082-09-28,0.0108025944113027
2082-09-29,0.0108001138882213
2082-09-30,0.0107976335628458
2082-10-01,0.00522734960949635
2082-10-02,0.00522614918273606
2082-10-03,0.00522494920191915
2082-10-04,0.00522374899584275
2082-10-05,0.00522254964997598
2082-10-06,0.00522135012742131
2082-10-07,0.00522015117857439
2082-10-08,0.00521895227337147
2082-10-09,0.00521775374512621
2082-10-10,0.00521655558433548
2082-10-11,0.00521535736582201
2082-10-12,0.00521415989172071
2082-10-13,0.00521296241761941
2082-10-14,0.0216417124861457
2082-10-15,0.00521056845035145
2082-10-16,0.00520937180161497
2082-10-17,0.00520817538552928
2082-10-18,0.0101955796241349
2082-10-19,0.00520578356139406
2082-10-20,0.00993165825888184
2082-10-21,0.00520339282378385
2082-10-22,0.00520219790004221
2082-10-23,0.00520100312588691
2082-10-24,0.005199808764942
2082-10-25,0.00519861467430844
2082-10-26,0.00519742060620082
2082-10-27,0.00519622700445072
2082-10-28,0.00519503387046602
2082-10-29,0.00519384089099524
2082-10-30,0.00519264804984784
2082-10-31,0.00519145557615497
2082-11-01,0.00379902247876041
2082-11-02,0.00379815019964974
2082-11-03,0.00604401554640387
2082-11-04,0.00379640591708559
2082-11-05,0.0037955340707825
2082-11-06,0.00379466240764975
2082-11-07,0.00379379095473783
2082-11-08,0.00986263552435205
2082-11-09,0.00379204869323053
2082-11-10,0.00379117775788433
2082-11-11,0.00379030719634992
2082-11-12,0.0037894366729438
2082-11-13,0.00378907344845589
2082-11-14,0.00378769657830826
2082-11-15,0.00378824414301603
2082-11-16,0.0039005100968205
2082-11-17,0.00679361825371832
2082-11-18,0.00419973771900228
2082-11-19,0.00378334925647235
2082-11-20,0.00378248051633652
2082-11-21,0.00383855178930462
2082-11-22,0.00380943051052144
2082-11-23,0.00377987504973556
2082-11-24,0.00377900718989943
2082-11-25,0.00377813928008433
2082-11-26,0.0037772716278928
2082-11-27,0.00422320934943667
2082-11-28,0.00381245899449289
2082-11-29,0.00377466989812158
2082-11-30,0.0037738030819185
2082-12-01,0.00377481746185277
2082-12-02,0.00377395057073764
2082-12-03,0.003808323189462
2082-12-04,0.00377221738623428
2082-12-05,0.00377135116372782
2082-12-06,0.00377048508685126
2082-12-07,0.00376961921566079
2082-12-08,0.00376875358521068
2082-12-09,0.00376788806121217
2082-12-10,0.004066514947241
2082-12-11,0.0037661576217676
2082-12-12,0.00376529280065877
2082-12-13,0.0625249700528958
2082-12-14,0.00436868503943653
2082-12-15,0.00387998634786135
2082-12-16,0.0704216843096153
2082-12-17,0.118644823050671
2082-12-18,0.0111549413168249
2082-12-19,0.00512476611421845
2082-12-20,0.0935006162487944
2082-12-21,0.298516439752602
2082-12-22,0.0318185779656339
2082-12-23,0.00400640529335227
2082-12-24,0.13608265726978
2082-12-25,0.0169124736354499
2082-12-26,0.00432951687928548
2082-12-27,0.438337557036699
2082-12-28,0.121587800454693
2082-12-29,0.258740532736826
2082-12-30,0.463614434368602
2082-12-31,0.0166562238229938
2083-01-01,0.00697487997492598
2083-01-02,0.00654357943077572
2083-01-03,0.00600962674751665
2083-01-04,0.0055380171156102
2083-01-05,0.112008788369845
2083-01-06,0.0655527348666737
2083-01-07,0.0233715597351643
2083-01-08,0.0728950051039992
2083-01-09,0.00683642509658054
2083-01-10,0.0160017155925186
2083-01-11,0.126842257993162
2083-01-12,0.186217436208068
2083-01-13,0.0432845159414029
2083-01-14,0.124941904411815
2083-01-15,0.180394729684692
2083-01-16,0.0166303455422359
2083-01-17,0.0863109378779097
2083-01-18,0.00758736254966219
2083-01-19,0.00612745205002157
2083-01-20,0.00592662913295001
2083-01-21,0.00606412638509182
2083-01-22,0.00616347270565121
2083-01-23,0.00703738836932382
2083-01-24,0.0609543440167612
2083-01-25,0.0411755309963324
2083-01-26,0.00745002615052764
2083-01-27,0.359630987694405
2083-01-28,0.50277836893469
2083-01-29,0.123180892389295
2083-01-30,0.0674102027047938
2083-01-31,0.109335223115579
2083-02-01,0.300000194637942
2083-02-02,0.526093738762382
2083-02-03,0.233918986963352
2083-02-04,0.213110942720363
2083-02-05,0.188217894161962
2083-02-06,0.187217862358562
2083-02-07,0.230237018828846
2083-02-08,0.176436579176906
2083-02-09,0.171389607163359
2083-02-10,0.165399832553431
2083-02-11,0.156281722638053
2083-02-12,0.146163517111175
2083-02-13,0.139254378662078
2083-02-14,0.132110938292983
2083-02-15,0.138666815368648
2083-02-16,0.30651073638835
2083-02-17,0.740773632543305
2083-02-18,0.623335517004832
2083-02-19,0.392756559660528
2083-02-20,0.376933439701273
2083-02-21,0.365159342985316
2083-02-22,0.341476089219236
2083-02-23,0.313493469183237
2083-02-24,0.286614108632462
2083-02-25,0.261695492906997
2083-02-26,0.234563913933794
2083-02-27,0.211211740785707
2083-02-28,0.190071694681764
2083-03-01,0.146602129900267
2083-03-02,0.130227948842465
2083-03-03,0.123548450648198
2083-03-04,0.102371644472694
2083-03-05,0.0909425040087577
2083-03-06,0.080216557903514
2083-03-07,0.0706956294242197
2083-03-08,0.269072775255591
2083-03-09,0.355272336506349
2083-03-10,0.381839933370218
2083-03-11,0.396944461073102
2083-03-12,0.583879521699692
2083-03-13,0.376444948471604
2083-03-14,0.386187718651651
2083-03-15,0.358629029117328
2083-03-16,0.366990789630368
2083-03-17,0.379908896835205
2083-03-18,0.355136864099795
2083-03-19,0.33503735526203
2083-03-20,0.314249293715909
2083-03-21,0.31551718087413
2083-03-22,0.293476009797066
2083-03-23,0.276211480773891
2083-03-24,0.256527722341073
2083-03-25,0.234683776192653
2083-03-26,0.212047713458974
2083-03-27,0.189808443476954
2083-03-28,0.168461436795221
2083-03-29,0.149920393610629
2083-03-30,0.138362582676772
2083-03-31,0.123630780541315
2083-04-01,0.152813273267826
2083-04-02,0.141575240538232
2083-04-03,0.124750671200523
2083-04-04,0.110895340372804
2083-04-05,0.0976214357247623
2083-04-06,0.0857483890684496
2083-04-07,0.096273587352407
2083-04-08,0.156146589461569
2083-04-09,0.090937912724706
2083-04-10,0.0701656030559346
2083-04-11,0.0642931762857577
2083-04-12,0.0576502841140383
2083-04-13,0.0504991356882199
2083-04-14,0.0869405895212538
2083-04-15,0.0447108905269032
2083-04-16,0.0386176847830538
2083-04-17,0.0350217100834317
2083-04-18,0.0534883745488314
2083-04-19,0.0309766699971169
2083-04-20,0.0281680572380587
2083-04-21,0.109298186327504
2083-04-22,2.71219340597744
2083-04-23,2.43237450979139
2083-04-24,0.510761862359398
2083-04-25,0.450836937758522
2083-04-26,0.438970137585569
2083-04-27,0.426477453358355
2083-04-28,0.394607042277904
2083-04-29,0.396424714274776
2083-04-30,0.64573906264538
2083-05-01,0.432005331174369
2083-05-02,0.42963022182384
2083-05-03,0.398459605301788
2083-05-04,0.357804507656984
2083-05-05,0.321780490029417
2083-05-06,0.320229124183602
2083-05-07,0.331935246668333
2083-05-08,0.265182286928812
2083-05-09,0.244194413719542
2083-05-10,0.218409894215609
2083-05-11,0.401806209687811
2083-05-12,0.212663707282564
2083-05-13,0.209376059473366
2083-05-14,0.196062993815005
2083-05-15,0.174478367840933
2083-05-16,0.149787171622471
2083-05-17,0.125616744013389
2083-05-18,0.103940385951156
2083-05-19,0.0847574196746731
2083-05-20,0.06783356592366
2083-05-21,0.054765347128519
2083-05-22,0.0436824777845157
2083-05-23,0.0343171240733963
2083-05-24,0.0271366590339505
2083-05-25,0.0334818862333078
2083-05-26,0.0211111693158796
2083-05-27,0.0151831570285021
2083-05-28,0.012607036639827
2083-05-29,0.0107765323983087
2083-05-30,0.0110251156788304
2083-05-31,0.00912641097455058
2083-06-01,0.00715721104146615
2083-06-02,0.00693632327638037
2083-06-03,0.00677259817646928
2083-06-04,0.00665605550334549
2083-06-05,0.00655750247758141
2083-06-06,0.00646074911658428
2083-06-07,0.00636588444889108
2083-06-08,0.00627542897684541
2083-06-09,0.00619656488542407
2083-06-10,0.00611821066633335
2083-06-11,0.00602994149363881
2083-06-12,0.00593249062585876
2083-06-13,0.00583293916072418
2083-06-14,0.00573600959239814
2083-06-15,0.00562999280316159
2083-06-16,0.00552167169455175
2083-06-17,0.00541609113221463
2083-06-18,0.00530000895558855
2083-06-19,0.00517693932198524
2083-06-20,0.00505182358920376
2083-06-21,0.00492293610478517
2083-06-22,0.00479868839577387
2083-06-23,0.00468494406613269
2083-06-24,0.00457789491553037
2083-06-25,0.00446730613593385
2083-06-26,0.00434662099304129
2083-06-27,0.00422768503880955
2083-06-28,0.00411530632150445
2083-06-29,0.00400783589735893
2083-06-30,0.00390617724108954
2083-07-01,0.0069811273997037
2083-07-02,0.00679587777906028
2083-07-03,0.00661800209590143
2083-07-04,0.00645241791677897
2083-07-05,0.00630320826594216
2083-07-06,0.00616433791679929
2083-07-07,0.00602821267791836
2083-07-08,0.00589959598474889
2083-07-09,0.00578659299787976
2083-07-10,0.00568712072087834
2083-07-11,0.00559090783871113
2083-07-12,0.00549916107937602
2083-07-13,0.00541723590640554
2083-07-14,0.00534479152471222
2083-07-15,0.00528064856978052
2083-07-16,0.00522473286385891
2083-07-17,0.0051767692196
2083-07-18,0.00513586835954469
2083-07-19,0.00510167892731321
2083-07-20,0.00507349493929437
2083-07-21,0.00505078543225937
2083-07-22,0.00503169658270839
2083-07-23,0.0050152299086136
2083-07-24,0.00500112742458117
2083-07-25,0.00498958677629557
2083-07-26,0.00498127197973935
2083-07-27,0.00497504866672543
2083-07-28,0.00496938176450706
2083-07-29,0.0049644070815846
2083-07-30,0.00496095083010727
2083-07-31,0.00495893310259883
2083-08-01,0.01429136559604
2083-08-02,0.0142866553900628
2083-08-03,0.0142820248231001
2083-08-04,0.014277697617263
2083-08-05,0.0142738562099805
2083-08-06,0.0142703485763597
2083-08-07,0.014267020962771
2083-08-08,0.0142637438660727
2083-08-09,0.0142604684641029
2083-08-10,0.0142571930035638
2083-08-11,0.014253918624666
2083-08-12,0.0142506454728875
2083-08-13,0.0142473724977614
2083-08-14,0.0142441003435488
2083-08-15,0.0142408296393967
2083-08-16,0.0142375590882802
2083-08-17,0.0142342893004528
2083-08-18,0.0142310201153216
2083-08-19,0.0142277516736414
2083-08-20,0.014224484593223
2083-08-21,0.0142212176620618
2083-08-22,0.0142179519684113
2083-08-23,0.0142146867990498
2083-08-24,0.0142114217317119
2083-08-25,0.0142081580728693
2083-08-26,0.0142048952595016
2083-08-27,0.0142016332916087
2083-08-28,0.0141983714625816
2083-08-29,0.0141951109371917
2083-08-30,0.0141918508331224
2083-08-31,0.0141885919778998
2083-09-01,0.0109147106806413
2083-09-02,0.0109122041679774
2083-09-03,0.010909698023831
2083-09-04,0.0109071923957549
2083-09-05,0.0109046873731526
2083-09-06,0.0109021828811576
2083-09-07,0.0108996793776912
2083-09-08,0.0108971764644347
2083-09-09,0.0108946735591736
2083-09-10,0.0108921719310045
2083-09-11,0.0108896701879914
2083-09-12,0.0108871693070337
2083-09-13,0.0108846690002947
2083-09-14,0.010882169612306
2083-09-15,0.0108796705441355
2083-09-16,0.0385072652458293
2083-09-17,0.0108746739654539
2083-09-18,0.0108721765465271
2083-09-19,0.0108696796160498
2083-09-20,0.0108671835410861
2083-09-21,0.0108646877743106
2083-09-22,0.0108621922779269
2083-09-23,0.0108596976733995
2083-09-24,0.0108572040421368
2083-09-25,0.0108547105213567
2083-09-26,0.0108522178001219
2083-09-27,0.0108497254016127
2083-09-28,0.0108472339051358
2083-09-29,0.0108447425918276
2083-09-30,0.0108422524814715
2083-10-01,0.00524895052459799
2083-10-02,0.00524774504850573
2083-10-03,0.00524653994620342
2083-10-04,0.00524533518812575
2083-10-05,0.0053398293006486
2083-10-06,0.00524292614395941
2083-10-07,0.00524172218555288
2083-10-08,0.00524051827219825
2083-10-09,0.00523931493114348
2083-10-10,0.00523811146549205
2083-10-11,0.00523690857917985
2083-10-12,0.00523570603498049
2083-10-13,0.00523450361080217
2083-10-14,0.00523330161496885
2083-10-15,0.00523209958605053
2083-10-16,0.00523089822516735
2083-10-17,0.00522969695579582
2083-10-18,0.00522849586416811
2083-10-19,0.00522729514316264
2083-10-20,0.00522609467381422
2083-10-21,0.00522489438854505
2083-10-22,0.00522369450733506
2083-10-23,0.00522249497527726
2083-10-24,0.00522129559808534
2083-10-25,0.00522009639089394
2083-10-26,0.00521889773664417
2083-10-27,0.00521769912920613
2083-10-28,0.0204919716128334
2083-10-29,0.0263415411841997
2083-10-30,0.00671620677884997
2083-10-31,0.00521290788687557
2083-11-01,0.00381472116069681
2083-11-02,0.00381384509632317
2083-11-03,0.00381296911851104
2083-11-04,0.00381209356474729
2083-11-05,0.00381121803313917
2083-11-06,0.00381034293124714
2083-11-07,0.0197003828795039
2083-11-08,0.00380859301883534
2083-11-09,0.00380771839818412
2083-11-10,0.00380684378680736
2083-11-11,0.0133131022222516
2083-11-12,0.160164007174547
2083-11-13,0.00383626993499297
2083-11-14,0.00380373191884869
2083-11-15,0.00380324346174482
2083-11-16,0.00380280535510479
2083-11-17,0.0040281118169641
2083-11-18,0.169664106587309
2083-11-19,0.211478289820546
2083-11-20,0.00621701109430981
2083-11-21,0.00396276872384915
2083-11-22,0.00531506409206086
2083-11-23,0.00405532253211723
2083-11-24,0.00408549081108244
2083-11-25,0.00411269073283889
2083-11-26,0.0041352256427205
2083-11-27,0.00415376529706249
2083-11-28,0.00416992559481927
2083-11-29,0.00418464856693807
2083-11-30,0.00419743854053673
2083-12-01,0.0143421574318719
2083-12-02,0.0465826800763021
2083-12-03,0.00601029693019773
2083-12-04,0.621036607882473
2083-12-05,0.104483636307424
2083-12-06,0.0114552407568698
2083-12-07,0.0271145165755536
2083-12-08,0.0572680836457632
2083-12-09,0.0276814426518989
2083-12-10,0.00741102232960069
2083-12-11,0.00541790900967275
2083-12-12,0.00544529274349222
2083-12-13,0.00555373880802414
2083-12-14,0.00633074621943741
2083-12-15,0.0077588156243131
2083-12-16,0.0091911897989511
2083-12-17,0.0752017865482176
2083-12-18,0.386978944839849
2083-12-19,0.0224422550714269
2083-12-20,0.00981570727900103
2083-12-21,0.0450027701936531
2083-12-22,0.00771928315413467
2083-12-23,0.00718591997608094
2083-12-24,0.00613302908387315
2083-12-25,0.00615553841137103
2083-12-26,0.00617248805039828
2083-12-27,0.0489409223986477
2083-12-28,0.0335592164341477
2083-12-29,0.00931839669333662
2083-12-30,0.00699760330442505
2083-12-31,0.00706848983723288
2084-01-01,0.00863572683102442
2084-01-02,0.00644065385807123
2084-01-03,0.00590912207593176
2084-01-04,0.00519552605402583
2084-01-05,0.00507435811917113
2084-01-06,0.0678149280512457
2084-01-07,0.831693147016992
2084-01-08,4.94136148624101
2084-01-09,1.16846585103193
2084-01-10,0.010186557261537
2084-01-11,0.0908459910421514
2084-01-12,0.865877484884555
2084-01-13,0.5471293864777
2084-01-14,0.095355075123915
2084-01-15,0.115116362094535
2084-01-16,0.188775601463197
2084-01-17,0.141384331548323
2084-01-18,0.326558521020422
2084-01-19,0.469448560100521
2084-01-20,0.287662101049867
2084-01-21,0.287355598850696
2084-01-22,0.277910093698344
2084-01-23,0.286401829668792
2084-01-24,0.265174402357271
2084-01-25,0.256291515499384
2084-01-26,0.243042489841759
2084-01-27,0.248293022248369
2084-01-28,0.268164235014511
2084-01-29,0.240140909817365
2084-01-30,0.210553149390668
2084-01-31,0.204639509047492
2084-02-01,0.198750148726799
2084-02-02,0.180071772797235
2084-02-03,0.171075170705101
2084-02-04,0.163579226268165
2084-02-05,0.156985364398607
2084-02-06,0.150710017279505
2084-02-07,0.143306294135012
2084-02-08,0.138739052852741
2084-02-09,0.134948207874532
2084-02-10,0.135617052704906
2084-02-11,0.137469490080758
2084-02-12,0.140241969965876
2084-02-13,0.121646156972818
2084-02-14,0.114543023710649
2084-02-15,0.112671958247728
2084-02-16,0.112439023132838
2084-02-17,0.111323358193192
2084-02-18,0.104991778627326
2084-02-19,0.102160393103317
2084-02-20,0.0945664674787915
2084-02-21,0.0911420065666368
2084-02-22,0.094398522690367
2084-02-23,0.0858187289675587
2084-02-24,0.079316288648241
2084-02-25,0.0765126196439868
2084-02-26,0.0756049853856878
2084-02-27,0.0739926411398843
2084-02-28,0.072236407830909
2084-02-29,0.0694341389084992
2084-03-01,0.0599360449961026
2084-03-02,0.0567182423723543
2084-03-03,0.0514101595729597
2084-03-04,0.0458786623521017
2084-03-05,0.10941280932258
2084-03-06,0.169038452782946
2084-03-07,0.238205278359713
2084-03-08,0.178932417880614
2084-03-09,0.398716720295595
2084-03-10,0.971093875701557
2084-03-11,0.490496921920642
2084-03-12,0.391291069883208
2084-03-13,0.482183557857282
2084-03-14,0.551459809187996
2084-03-15,0.444111403250357
2084-03-16,0.427419567412767
2084-03-17,0.462841684614825
2084-03-18,0.585620004229548
2084-03-19,0.549180261430724
2084-03-20,0.594336279592765
2084-03-21,0.515174198630282
2084-03-22,0.496980979068637
2084-03-23,0.473691483223248
2084-03-24,0.43598589204384
2084-03-25,0.397261348219487
2084-03-26,0.361624511897728
2084-03-27,0.351943268628399
2084-03-28,0.300458745887695
2084-03-29,0.276698372488073
2084-03-30,0.274150901605154
2084-03-31,0.558013242885719
2084-04-01,0.79965875790711
2084-04-02,0.577286339048635
2084-04-03,0.560862000100355
2084-04-04,0.526600992692522
2084-04-05,0.484526805900234
2084-04-06,0.438919324628287
2084-04-07,0.39602124883793
2084-04-08,0.356795058050774
2084-04-09,0.31050975577871
2084-04-10,0.279375247739484
2084-04-11,0.251448283780335
2084-04-12,0.226930417530264
2084-04-13,0.199461989340643
2084-04-14,0.161375427231468
2084-04-15,0.136280342021691
2084-04-16,0.136501692629442
2084-04-17,0.115611502555204
2084-04-18,0.10199074252084
2084-04-19,0.0872037604426343
2084-04-20,0.0735280541619575
2084-04-21,0.0621990838205402
2084-04-22,0.0522325990879841
2084-04-23,0.0431824037612702
2084-04-24,0.0357135254513248
2084-04-25,0.0558620970813967
2084-04-26,0.0539854459297477
2084-04-27,0.0281331133360694
2084-04-28,0.0244297228184834
2084-04-29,0.0205464245760759
2084-04-30,0.0170754759740408
2084-05-01,0.0172047972467299
2084-05-02,0.0140712700109771
2084-05-03,0.0127124024686817
2084-05-04,0.0118034168359074
2084-05-05,0.0111751925936908
2084-05-06,0.0106812899491274
2084-05-07,0.0102438451966751
2084-05-08,0.00983058540205398
2084-05-09,0.0094114413165507
2084-05-10,0.00899963223463411
2084-05-11,0.00864598047733944
2084-05-12,0.00836900214704515
2084-05-13,0.00815821275069906
2084-05-14,0.00797473916264577
2084-05-15,0.00780460331441921
2084-05-16,0.00766218631437013
2084-05-17,0.00754344291881781
2084-05-18,0.0074352731665168
2084-05-19,0.00732315947814114
2084-05-20,0.00720444991504175
2084-05-21,0.0070796844364242
2084-05-22,0.00695084337135628
2084-05-23,0.0101666145178263
2084-05-24,0.00673372769244085
2084-05-25,0.00662585749070445
2084-05-26,0.00649836302107214
2084-05-27,0.00635788958573915
2084-05-28,0.00620979589610137
2084-05-29,0.00606047574386028
2084-05-30,0.00591170984184561
2084-05-31,0.005768393551563
2084-06-01,0.00456125929048576
2084-06-02,0.00446485838987207
2084-06-03,0.00438375310332449
2084-06-04,0.00430567702187496
2084-06-05,0.00422721131366963
2084-06-06,0.00415056767186568
2084-06-07,0.0040724576412713
2084-06-08,0.00404067914401944
2084-06-09,0.00392232633317082
2084-06-10,0.00383897439335587
2084-06-11,0.00375668670604047
2084-06-12,0.00368468527167631
2084-06-13,0.00361441103193976
2084-06-14,0.00353573289169558
2084-06-15,0.00345624158237469
2084-06-16,0.00338467644742795
2084-06-17,0.0033147447341794
2084-06-18,0.00324490026402446
2084-06-19,0.00318093025802927
2084-06-20,0.00312178345692086
2084-06-21,0.00306747675275119
2084-06-22,0.00301818499965598
2084-06-23,0.00297331825220583
2084-06-24,0.00293457315922863
2084-06-25,0.00290187140520491
2084-06-26,0.00287463238738246
2084-06-27,0.00285110928375961
2084-06-28,0.00282905893265033
2084-06-29,0.00280918544033355
2084-06-30,0.00279195365260131
2084-07-01,0.00509401897741063
2084-07-02,0.00506927073562414
2084-07-03,0.00504802692729956
2084-07-04,0.00502992152768659
2084-07-05,0.0050146529086883
2084-07-06,0.00500146803584295
2084-07-07,0.00499019422312477
2084-07-08,0.00498091376413922
2084-07-09,0.00497391551421247
2084-07-10,0.00496884609127805
2084-07-11,0.00496477609669676
2084-07-12,0.00496188077072088
2084-07-13,0.00495978347291372
2084-07-14,0.0049579001416265
2084-07-15,0.00495615707685777
2084-07-16,0.0049544931088974
2084-07-17,0.00495290276590088
2084-07-18,0.00495142493305823
2084-07-19,0.00495005450158882
2084-07-20,0.00494870832396616
2084-07-21,0.00494741783601726
2084-07-22,0.00494623462754648
2084-07-23,0.00494509872616811
2084-07-24,0.00494396293193946
2084-07-25,0.0049428274925828
2084-07-26,0.00494169232290265
2084-07-27,0.00494055743109091
2084-07-28,0.00493942276013208
2084-07-29,0.00493828844306224
2084-07-30,0.00493715429605571
2084-07-31,0.00493602052292634
2084-08-01,0.0142269439626353
2084-08-02,0.0142236764240546
2084-08-03,0.0142204100483562
2084-08-04,0.0142171444397256
2084-08-05,0.0142138792703639
2084-08-06,0.0142106149568687
2084-08-07,0.0142073517618563
2084-08-08,0.0142040884563183
2084-08-09,0.0142008267718248
2084-08-10,0.0141975654066281
2084-08-11,0.0141943043890679
2084-08-12,0.0141910446940384
2084-08-13,0.0141877859984641
2084-08-14,0.0141845278139535
2084-08-15,0.0141812699043403
2084-08-16,0.0141780133427636
2084-08-17,0.0141747568756534
2084-08-18,0.0141715016800619
2084-08-19,0.0141682470342653
2084-08-20,0.0141649934549952
2084-08-21,0.0141617405473817
2084-08-22,0.0141584883000887
2084-08-23,0.0141552361104204
2084-08-24,0.0141519860358564
2084-08-25,0.0141487356911182
2084-08-26,0.014145486242867
2084-08-27,0.014142237872478
2084-08-28,0.0141389899413582
2084-08-29,0.0141357427385749
2084-08-30,0.0141324967137885
2084-08-31,0.0141292511471646
2084-09-01,0.010869062367822
2084-09-02,0.0108665659795818
2084-09-03,0.0108640703945212
2084-09-04,0.0158523993577694
2084-09-05,0.0108590809623207
2084-09-06,0.010856587635612
2084-09-07,0.0133595431030323
2084-09-08,0.0108516016945169
2084-09-09,0.0108491093141791
2084-09-10,0.0108466176468904
2084-09-11,0.0108441270691638
2084-09-12,0.0108416366869623
2084-09-13,0.0108391463309279
2084-09-14,0.0108366571451369
2084-09-15,0.0108341689885788
2084-09-16,0.0108316805158369
2084-09-17,0.0108291934655587
2084-09-18,0.0108267059653545
2084-09-19,0.0108242196622877
2084-09-20,0.0108217342612534
2084-09-21,0.0108192488078852
2084-09-22,0.0108167638887586
2084-09-23,0.0108142797728116
2084-09-24,0.0108117967304358
2084-09-25,0.0108093133718762
2084-09-26,0.0108068314619473
2084-09-27,0.0108043492031259
2084-09-28,0.0108018683180686
2084-09-29,0.0107993873966684
2084-09-30,0.010796907370032
2084-10-01,0.00522699836133764
2084-10-02,0.00522579789198923
2084-10-03,0.00522459768520891
2084-10-04,0.00522339783321225
2084-10-05,0.00522219824871122
2084-10-06,0.00522099902392144
2084-10-07,0.00521979998461874
2084-10-08,0.00521860136450985
2084-10-09,0.00521740289293144
2084-10-10,0.00521620463957313
2084-10-11,0.00521500667201279
2084-10-12,0.00521380915813912
2084-10-13,0.00521261165799221
2084-10-14,0.00521141480722612
2084-10-15,0.00521021781109728
2084-10-16,0.00520902146962879
2084-10-17,0.00520782501412268
2084-10-18,0.00520662910064721
2084-10-19,0.00520543344586817
2084-10-20,0.00520423806316033
2084-10-21,0.00520304286171597
2084-10-22,0.00520184803406156
2084-10-23,0.00520065336338485
2084-10-24,0.00519945903974853
2084-10-25,0.0051982649367961
2084-10-26,0.00519707134877274
2084-10-27,0.00519587771182586
2084-10-28,0.00519468447295471
2084-10-29,0.00519349153747991
2084-10-30,0.0051922989346148
2084-10-31,0.00519110653729897
2084-11-01,0.00379876716350738
2084-11-02,0.00686927859488557
2084-11-03,0.00379702253212093
2084-11-04,0.00486399050753238
2084-11-05,0.00379527870039802
2084-11-06,0.00379440719312753
2084-11-07,0.0037935358308991
2084-11-08,0.00379266462092621
2084-11-09,0.00379179361267255
2084-11-10,0.00379092289939787
2084-11-11,0.00379005226753224
2084-11-12,0.00378918195692318
2084-11-13,0.00378831176198709
2084-11-14,0.00378744176619404
2084-11-15,0.003786571967483
2084-11-16,0.00378570238363001
2084-11-17,0.00378483308676966
2084-11-18,0.0249900578260439
2084-11-19,0.0649073676029295
2084-11-20,0.0863460237503295
2084-11-21,0.0482830960921105
2084-11-22,0.00914985389520035
2084-11-23,0.00743130621615339
2084-11-24,0.00431183751333919
2084-11-25,0.034686743376113
2084-11-26,0.324111821056645
2084-11-27,0.110640161698286
2084-11-28,0.0953942550556527
2084-11-29,0.0159632315889882
2084-11-30,0.0193359086833893
2084-12-01,0.0120270311248326
2084-12-02,0.0536165951772912
2084-12-03,0.245696230010442
2084-12-04,0.0572650555634121
2084-12-05,0.00980995605553477
2084-12-06,0.00652571698166782
2084-12-07,0.00739639979007021
2084-12-08,0.0266990166597155
2084-12-09,0.0640166709604962
2084-12-10,0.0340638642222638
2084-12-11,0.162428167068885
2084-12-12,2.75474780723068
2084-12-13,5.39324856578821
2084-12-14,0.302216851084791
2084-12-15,0.00868953971505102
2084-12-16,0.00791613879745719
2084-12-17,0.00833603536597501
2084-12-18,0.00817552424753446
2084-12-19,0.260717759495746
2084-12-20,0.668104559603731
2084-12-21,0.018582659845644
2084-12-22,0.0240342314355857
2084-12-23,0.032974502232446
2084-12-24,0.0227884389368769
2084-12-25,0.0220355705348296
2084-12-26,0.0737965690320112
2084-12-27,0.866679963109557
2084-12-28,0.502848827692181
2084-12-29,0.0523389770380491
2084-12-30,0.057021364740863
2084-12-31,0.753245995117846
2085-01-01,0.497788405630657
2085-01-02,0.229475515155766
2085-01-03,0.530384879247851
2085-01-04,0.794211285569696
2085-01-05,1.14332267921487
2085-01-06,0.551323027207532
2085-01-07,1.04606624320671
2085-01-08,0.691217413808362
2085-01-09,0.762566482789078
2085-01-10,0.739176482058592
2085-01-11,0.756917378071603
2085-01-12,0.67112545284403
2085-01-13,0.648212284184238
2085-01-14,0.903442967377425
2085-01-15,1.50308063304631
2085-01-16,0.794375836225235
2085-01-17,0.706031014401645
2085-01-18,0.718725629715189
2085-01-19,0.877106918052815
2085-01-20,0.968673012124283
2085-01-21,0.771840160354249
2085-01-22,0.849622511433455
2085-01-23,0.707924612400967
2085-01-24,0.69089381928525
2085-01-25,0.645717786562476
2085-01-26,0.611398513824502
2085-01-27,0.588003969880688
2085-01-28,0.568077274291556
2085-01-29,0.519553770401571
2085-01-30,0.480964704446597
2085-01-31,0.454954551986653
2085-02-01,0.447624524998336
2085-02-02,0.531376063933614
2085-02-03,0.387599394912132
2085-02-04,0.383266998044658
2085-02-05,0.372347200640637
2085-02-06,0.360661192075332
2085-02-07,0.322169021910535
2085-02-08,0.303455035864849
2085-02-09,0.281561651624348
2085-02-10,0.262751196443629
2085-02-11,0.242717414497773
2085-02-12,0.222790876863097
2085-02-13,0.206583774474031
2085-02-14,0.192241440945081
2085-02-15,0.173718559860028
2085-02-16,0.15935492005426
2085-02-17,0.137780283256802
2085-02-18,0.125709359258359
2085-02-19,0.119084499819573
2085-02-20,0.113408221457896
2085-02-21,0.108806637994054
2085-02-22,0.101704955058461
2085-02-23,0.0905588342372632
2085-02-24,0.0871425841191091
2085-02-25,0.0800970616538547
2085-02-26,0.0720961769677276
2085-02-27,0.0675110836417499
2085-02-28,0.0678991436599709
2085-03-01,0.0601801342016981
2085-03-02,0.0559353346131023
2085-03-03,0.0356873364880944
2085-03-04,0.0296632191927971
2085-03-05,0.0264179717033262
2085-03-06,0.0236828673347166
2085-03-07,0.0992958594134175
2085-03-08,0.353821410492022
2085-03-09,0.303207309754335
2085-03-10,0.0701199646972072
2085-03-11,0.0840080894462684
2085-03-12,0.0868526476747004
2085-03-13,0.0850043776227582
2085-03-14,0.0807243847597861
2085-03-15,0.104712745559349
2085-03-16,0.211027260836188
2085-03-17,0.245808441000911
2085-03-18,0.119085523958419
2085-03-19,0.134891719309961
2085-03-20,0.130381948825476
2085-03-21,0.126242993383972
2085-03-22,0.118502319476197
2085-03-23,0.109399613835557
2085-03-24,0.0998765781335945
2085-03-25,0.0916904403472576
2085-03-26,0.0838028759655007
2085-03-27,0.0756204050871373
2085-03-28,0.0677186222045253
2085-03-29,0.0602656195874125
2085-03-30,0.0532076140605782
2085-03-31,0.198578116802694
2085-04-01,0.273924326896116
2085-04-02,0.0942035700575845
2085-04-03,0.134348011030069
2085-04-04,0.151388206381123
2085-04-05,0.163660761378775
2085-04-06,0.217418884972849
2085-04-07,0.152508701171256
2085-04-08,0.148458470477942
2085-04-09,0.14001537485315
2085-04-10,0.128277406598273
2085-04-11,0.116347588095024
2085-04-12,0.104417435689051
2085-04-13,0.0932909505876098
2085-04-14,0.0831398076989133
2085-04-15,0.0740391596405305
2085-04-16,0.418395106085295
2085-04-17,0.096544382773627
2085-04-18,0.133130145090026
2085-04-19,0.17194891953584
2085-04-20,0.305139611893489
2085-04-21,0.172767100668539
2085-04-22,0.181461157824194
2085-04-23,0.1825510358388
2085-04-24,0.175455030558169
2085-04-25,0.163599364903361
2085-04-26,0.17147936873405
2085-04-27,0.188268318600999
2085-04-28,0.154309827490579
2085-04-29,0.140843135511403
2085-04-30,0.126786936419287
2085-05-01,0.125157568726917
2085-05-02,0.119015314758834
2085-05-03,0.0954101522658047
2085-05-04,0.0794814472325224
2085-05-05,0.0657869194337845
2085-05-06,0.0558598986457055
2085-05-07,0.0487048447650122
2085-05-08,0.0421179711409228
2085-05-09,0.0351214392006808
2085-05-10,0.0286665377868993
2085-05-11,0.0233427312305027
2085-05-12,0.0193189691062803
2085-05-13,0.0513344955801506
2085-05-14,0.0181659751633496
2085-05-15,0.0143517100488342
2085-05-16,0.0122520294627168
2085-05-17,0.0108593245427702
2085-05-18,0.00984486506423509
2085-05-19,0.00910631615499011
2085-05-20,0.00866073999833107
2085-05-21,0.00835768542631098
2085-05-22,0.00813753518227333
2085-05-23,0.00797585250841003
2085-05-24,0.00783400654286959
2085-05-25,0.00769160654112602
2085-05-26,0.0075495179446324
2085-05-27,0.00751093157227111
2085-05-28,0.00728539017443304
2085-05-29,0.0071399865363636
2085-05-30,0.00700080534778228
2085-05-31,0.00687503744131541
2085-06-01,0.00546242449565448
2085-06-02,0.00535415370453997
2085-06-03,0.00524040082956244
2085-06-04,0.00512087138437797
2085-06-05,0.00500070063243814
2085-06-06,0.00488230085385461
2085-06-07,0.00476534019050296
2085-06-08,0.00466363618475767
2085-06-09,0.00457369374154075
2085-06-10,0.00447192659797362
2085-06-11,0.00435562439313663
2085-06-12,0.00423772404500498
2085-06-13,0.0041261504001231
2085-06-14,0.00401956688443737
2085-06-15,0.00391646341759321
2085-06-16,0.00381681690742758
2085-06-17,0.00372011536251219
2085-06-18,0.00362545547174256
2085-06-19,0.00353611454540002
2085-06-20,0.00345688550085006
2085-06-21,0.0033815120776931
2085-06-22,0.00330668160722446
2085-06-23,0.00323626415835343
2085-06-24,0.00317128554689177
2085-06-25,0.00311180776287627
2085-06-26,0.00305723232125689
2085-06-27,0.00300800741083212
2085-06-28,0.00296374756766561
2085-06-29,0.00292372296551999
2085-06-30,0.0028885819968388
2085-07-01,0.00524359391245228
2085-07-02,0.00519548944790416
2085-07-03,0.00515571593953161
2085-07-04,0.00512275677809007
2085-07-05,0.00509253074285336
2085-07-06,0.00506570918579161
2085-07-07,0.00504350419042257
2085-07-08,0.00502487039393124
2085-07-09,0.00500966454664606
2085-07-10,0.00499702324825655
2085-07-11,0.00498652239853709
2085-07-12,0.00497810902522259
2085-07-13,0.00497203801029712
2085-07-14,0.00496766318361292
2085-07-15,0.00496338149657609
2085-07-16,0.00495993743591876
2085-07-17,0.00495782878712259
2085-07-18,0.00495620126219061
2085-07-19,0.00495464240187862
2085-07-20,0.00495316873083589
2085-07-21,0.00495179746838272
2085-07-22,0.00495053916729187
2085-07-23,0.0049493796097459
2085-07-24,0.00494824301697331
2085-07-25,0.00494710659688544
2085-07-26,0.00494597047006669
2085-07-27,0.00494483461751187
2085-07-28,0.00508082212542331
2085-07-29,0.00494256360051973
2085-07-30,0.0049414286323597
2085-07-31,0.00494029353509573
2085-08-01,0.0142392602187777
2085-08-02,0.0142359904366183
2085-08-03,0.0142327209293563
2085-08-04,0.0142294522467866
2085-08-05,0.0142261844096919
2085-08-06,0.0142229170543762
2085-08-07,0.0142196503083692
2085-08-08,0.0142163853383319
2085-08-09,0.0142131205666741
2085-08-10,0.0142098560699139
2085-08-11,0.0142065925178183
2085-08-12,0.0142033298933834
2085-08-13,0.0142000680662457
2085-08-14,0.0141968067945707
2085-08-15,0.0141935468737662
2085-08-16,0.0141902871258355
2085-08-17,0.0141870282913956
2085-08-18,0.0141837702816479
2085-08-19,0.0141805127404539
2085-08-20,0.0141772561552606
2085-08-21,0.0141739999460439
2085-08-22,0.0141707449053774
2085-08-23,0.01416749033232
2085-08-24,0.0141642369278128
2085-08-25,0.0141609838473257
2085-08-26,0.0141577320496932
2085-08-27,0.0141544807073891
2085-08-28,0.0141512300641369
2085-08-29,0.0141479804477352
2085-08-30,0.0141447307548157
2085-08-31,0.0141414825591899
2085-09-01,0.010878471392669
2085-09-02,0.0108759729626809
2085-09-03,0.0108734753351455
2085-09-04,0.0108709784141175
2085-09-05,0.0108684817046055
2085-09-06,0.0108659859000333
2085-09-07,0.0108634904756087
2085-09-08,0.0108609954182479
2085-09-09,0.0108585011299044
2085-09-10,0.0108560075000954
2085-09-11,0.0108535143441987
2085-09-12,0.0108510215001246
2085-09-13,0.0108485296932789
2085-09-14,0.0108460383581649
2085-09-15,0.0108435477659011
2085-09-16,0.0108410573030183
2085-09-17,0.010838567943508
2085-09-18,0.0108360787693468
2085-09-19,0.0108335900145834
2085-09-20,0.0108311021153335
2085-09-21,0.0108286146194905
2085-09-22,0.0108261280053279
2085-09-23,0.010823641661557
2085-09-24,0.0108211560671781
2085-09-25,0.0108186711051668
2085-09-26,0.0108161863219629
2085-09-27,0.010813702091172
2085-09-28,0.0108112191309314
2085-09-29,0.0108087363458638
2085-09-30,0.0108062538675309
2085-10-01,0.00523152305624063
2085-10-02,0.00523032156618521
2085-10-03,0.00522912054882274
2085-10-04,0.00522791956912083
2085-10-05,0.0052267189924222
2085-10-06,0.00522551848400536
2085-10-07,0.0052243186122985
2085-10-08,0.00522311891340789
2085-10-09,0.00522191929652583
2085-10-10,0.0205061427245568
2085-10-11,0.00521952113239223
2085-10-12,0.0394569229001378
2085-10-13,0.103790078360972
2085-10-14,0.00521592997611699
2085-10-15,0.00521474562865977
2085-10-16,0.00521858140757607
2085-10-17,0.0269305548285614
2085-10-18,0.00521121725044099
2085-10-19,0.00521005226333188
2085-10-20,0.00520888927786443
2085-10-21,0.0110628464716299
2085-10-22,0.00520656258433933
2085-10-23,0.00520539920396384
2085-10-24,0.00520423474938223
2085-10-25,0.00520306908051124
2085-10-26,0.00520190174260831
2085-10-27,0.00520073268886172
2085-10-28,0.00519956167324587
2085-10-29,0.00519838888265572
2085-10-30,0.00519721431533143
2085-10-31,0.00519603876179302
2085-11-01,0.00381587076152265
2085-11-02,0.00380152693425492
2085-11-03,0.003800664585502
2085-11-04,0.00379980182326325
2085-11-05,0.00633574675321712
2085-11-06,0.00379807458533148
2085-11-07,0.017063881817132
2085-11-08,0.00494279317806804
2085-11-09,0.051516231059014
2085-11-10,0.0127535226266137
2085-11-11,0.00514986813092901
2085-11-12,0.00379298773497155
2085-11-13,0.00379219751617824
2085-11-14,0.00379141543262171
2085-11-15,0.00379063652530604
2085-11-16,0.00386265613650446
2085-11-17,0.00532473682006665
2085-11-18,0.0350795657340424
2085-11-19,0.00579191948678816
2085-11-20,0.00645441844883169
2085-11-21,0.00754597386868869
2085-11-22,0.0490098607742997
2085-11-23,0.0071949336156776
2085-11-24,0.00497157309816296
2085-11-25,0.00563280764480385
2085-11-26,0.00492222781447294
2085-11-27,0.0038022338934932
2085-11-28,0.0037866338087305
2085-11-29,0.00378736222775371
2085-11-30,0.00378799877976112
2085-12-01,0.0846696704451152
2085-12-02,0.0435488831860084
2085-12-03,0.00583685485040222
2085-12-04,0.00469546401748095
2085-12-05,0.00384309190290162
2085-12-06,0.00708730927679825
2085-12-07,0.00612728998299897
2085-12-08,0.00400197574842432
2085-12-09,0.00390802741835805
2085-12-10,0.0041399584234477
2085-12-11,0.00422182583814997
2085-12-12,0.00408969901122261
2085-12-13,0.00432622556538472
2085-12-14,0.00423043848435949
2085-12-15,0.00388477351724534
2085-12-16,0.00388674354310209
2085-12-17,0.00388834742373721
2085-12-18,0.0300818441512358
2085-12-19,0.576977762674014
2085-12-20,1.67056247548299
2085-12-21,0.722593743691754
2085-12-22,0.601415360464485
2085-12-23,0.361530709310025
2085-12-24,0.0993564786139531
2085-12-25,0.00858221536093183
2085-12-26,0.00724915223900047
2085-12-27,0.00732139078208644
2085-12-28,0.00736510229575671
2085-12-29,0.00738561014031276
2085-12-30,0.00739387988537598
2085-12-31,0.00740579875076891
2086-01-01,0.00499720693756825
2086-01-02,0.00500799591964595
2086-01-03,0.00501660994225947
2086-01-04,0.00502319556385632
2086-01-05,0.00502934106492378
2086-01-06,0.0289940134499845
2086-01-07,0.01574535532105
2086-01-08,0.0143600630320722
2086-01-09,0.0370143911487609
2086-01-10,0.0403307483071965
2086-01-11,0.00529673248974278
2086-01-12,0.0050905765550751
2086-01-13,0.00745114447741034
2086-01-14,0.00510535146494333
2086-01-15,0.00510691630111731
2086-01-16,0.00510851839662556
2086-01-17,0.00510971435536231
2086-01-18,0.00511110186140829
2086-01-19,0.00511470370323273
2086-01-20,0.00511943851383567
2086-01-21,0.00512332593838245
2086-01-22,0.0397051890021366
2086-01-23,0.0488990181557122
2086-01-24,0.0227824444525925
2086-01-25,0.0313762169449807
2086-01-26,0.0831558815257915
2086-01-27,0.0575908366283382
2086-01-28,0.122735232385581
2086-01-29,0.168355324593278
2086-01-30,0.466860651390513
2086-01-31,2.32265206265787
2086-02-01,0.819466955824726
2086-02-02,0.229295535463114
2086-02-03,0.511016711569771
2086-02-04,0.60715927385181
2086-02-05,0.322395904078083
2086-02-06,0.301347015777406
2086-02-07,0.327350626488843
2086-02-08,0.317638367248317
2086-02-09,0.350748820878839
2086-02-10,0.320992678685221
2086-02-11,0.28956371221962
2086-02-12,0.280504113555463
2086-02-13,0.270961128928706
2086-02-14,0.263310963605545
2086-02-15,0.261266518511993
2086-02-16,0.24055450435209
2086-02-17,0.223642690101411
2086-02-18,0.208905707680788
2086-02-19,0.198633417621753
2086-02-20,0.189690547930676
2086-02-21,0.171587587788653
2086-02-22,0.159798128646141
2086-02-23,0.149986310398855
2086-02-24,0.140035656747428
2086-02-25,0.129885160830992
2086-02-26,0.1355671598352
2086-02-27,0.117813665516345
2086-02-28,0.113917898976616
2086-03-01,0.103813087378558
2086-03-02,0.0920132249434275
2086-03-03,0.0813436433485848
2086-03-04,0.0774533642891269
2086-03-05,0.074989404733607
2086-03-06,0.0690085400509957
2086-03-07,0.0651468198088342
2086-03-08,0.0616431203641173
2086-03-09,0.0593845781003045
2086-03-10,0.0557288430515994
2086-03-11,0.0515371624893688
2086-03-12,0.0478475734431688
2086-03-13,0.0447155885358768
2086-03-14,0.0422058931584708
2086-03-15,0.0871385552379778
2086-03-16,0.0598155583233163
2086-03-17,0.0449981885642094
2086-03-18,0.0413030725359944
2086-03-19,0.0378973137459267
2086-03-20,0.0366955098473773
2086-03-21,0.0354245357148223
2086-03-22,0.0343340064099207
2086-03-23,0.0332611665960114
2086-03-24,0.0325268467748462
2086-03-25,0.0307314597337161
2086-03-26,0.0318584005724109
2086-03-27,0.0266747975335504
2086-03-28,0.0338795023303071
2086-03-29,0.0641040714071818
2086-03-30,0.0576665208177085
2086-03-31,0.0539531054756577
2086-04-01,0.0379447735828966
2086-04-02,0.0359275999279849
2086-04-03,0.0354033416100677
2086-04-04,0.0343474046565783
2086-04-05,0.033202861452211
2086-04-06,0.0321744270165085
2086-04-07,0.0311856405338067
2086-04-08,0.0311719509751222
2086-04-09,0.0314264898887679
2086-04-10,0.0292176011160326
2086-04-11,0.0402290603118306
2086-04-12,0.0434447197274233
2086-04-13,0.0238661237329403
2086-04-14,0.022576629368957
2086-04-15,0.0216807051453792
2086-04-16,0.0202440406059873
2086-04-17,0.0204935461030133
2086-04-18,0.0178339985573756
2086-04-19,0.0201450172172413
2086-04-20,0.0162523159580577
2086-04-21,0.014869184473161
2086-04-22,0.0139342266435696
2086-04-23,0.0130217201405424
2086-04-24,0.0121997867780984
2086-04-25,0.0261117302575793
2086-04-26,0.127371022506492
2086-04-27,0.34828749001278
2086-04-28,0.25431592640565
2086-04-29,0.0412459169526561
2086-04-30,0.0427611960461962
2086-05-01,0.0476555514436221
2086-05-02,0.0727617995079172
2086-05-03,0.0688046131235281
2086-05-04,0.047142752893991
2086-05-05,0.0471443178774954
2086-05-06,0.0421741490084564
2086-05-07,0.047728692400332
2086-05-08,0.0353255375300272
2086-05-09,0.0312268586857199
2086-05-10,0.0366994225024432
2086-05-11,0.0241494886992098
2086-05-12,0.0214344358589697
2086-05-13,0.0186680162100203
2086-05-14,0.0160254531228184
2086-05-15,0.0138168060069224
2086-05-16,0.0121891545222921
2086-05-17,0.0110631232421207
2086-05-18,0.0101607797890076
2086-05-19,0.00940583424896761
2086-05-20,0.00878028113292137
2086-05-21,0.00826893363357793
2086-05-22,0.00785402533914146
2086-05-23,0.0075200562578091
2086-05-24,0.0072672455481335
2086-05-25,0.00706629744431619
2086-05-26,0.00691005717202623
2086-05-27,0.00677535960689345
2086-05-28,0.00664295367414154
2086-05-29,0.00650861734771258
2086-05-30,0.00711245041026195
2086-05-31,0.00627397929565434
2086-06-01,0.00498912850230856
2086-06-02,0.00488823817112264
2086-06-03,0.00478303669613836
2086-06-04,0.00467504556732938
2086-06-05,0.00456684936973864
2086-06-06,0.00445964489485044
2086-06-07,0.00435398072282199
2086-06-08,0.00424935338469853
2086-06-09,0.00414487128621378
2086-06-10,0.00404140519003235
2086-06-11,0.0039416068110818
2086-06-12,0.00384606828962227
2086-06-13,0.0037537379473482
2086-06-14,0.00366498330552595
2086-06-15,0.00357943859118044
2086-06-16,0.00349798784241585
2086-06-17,0.00342098339387008
2086-06-18,0.00334776429498106
2086-06-19,0.00327871569424966
2086-06-20,0.00321445133515791
2086-06-21,0.0031551832371422
2086-06-22,0.0031004653237143
2086-06-23,0.00305030063491485
2086-06-24,0.00300475646709839
2086-06-25,0.00296326994548652
2086-06-26,0.00292636763691272
2086-06-27,0.00289456934796029
2086-06-28,0.00286637840981939
2086-06-29,0.00284054147517553
2086-06-30,0.00281741777502204
2086-07-01,0.00513204812899199
2086-07-02,0.00510248981410356
2086-07-03,0.00507951058042477
2086-07-04,0.00505904917836421
2086-07-05,0.00503972572565065
2086-07-06,0.00502266324308664
2086-07-07,0.00500810472886778
2086-07-08,0.00499641864171407
2086-07-09,0.00498701372914928
2086-07-10,0.00497926970702141
2086-07-11,0.00497297332936785
2086-07-12,0.00496747485602192
2086-07-13,0.00496300564026565
2086-07-14,0.00495956588689596
2086-07-15,0.0049567883443474
2086-07-16,0.0049546660777067
2086-07-17,0.00495281949746234
2086-07-18,0.00495113522839851
2086-07-19,0.00494959192969906
2086-07-20,0.00494814061133284
2086-07-21,0.00494672848879254
2086-07-22,0.00494534149695727
2086-07-23,0.00494403414390475
2086-07-24,0.0049428375512217
2086-07-25,0.00494170234353126
2086-07-26,0.00494056756411203
2086-07-27,0.00493943288037388
2086-07-28,0.00493829833229316
2086-07-29,0.00493716424099139
2086-07-30,0.00493603054715935
2086-07-31,0.00493489691787931
2086-08-01,0.0142237051078542
2086-08-02,0.0142204385885667
2086-08-03,0.0142171726190741
2086-08-04,0.0142139080741359
2086-08-05,0.0142106433062568
2086-08-06,0.0142073797324339
2086-08-07,0.0142041165667063
2086-08-08,0.014200854797193
2086-08-09,0.0141975933356405
2086-08-10,0.0141943325703057
2086-08-11,0.0141910729442368
2086-08-12,0.0141878136166818
2086-08-13,0.0141845552545743
2086-08-14,0.0141812976699257
2086-08-15,0.0141780411045703
2086-08-16,0.0141747851560811
2086-08-17,0.0141715297630547
2086-08-18,0.014168275320361
2086-08-19,0.0141650210760469
2086-08-20,0.0141617680626309
2086-08-21,0.014158515975931
2086-08-22,0.0141552639808636
2086-08-23,0.0141520136814694
2086-08-24,0.0141487633225612
2086-08-25,0.0141455144165475
2086-08-26,0.014142265182735
2086-08-27,0.014139017373477
2086-08-28,0.0141357706014608
2086-08-29,0.0141325243027217
2086-08-30,0.0141292782495953
2086-08-31,0.0163094141742666
2086-09-01,0.0110495667772589
2086-09-02,0.0108640914516363
2086-09-03,0.0108615963644745
2086-09-04,0.0108591020877606
2086-09-05,0.0108566082595191
2086-09-06,0.0108541150927194
2086-09-07,0.0108516223867487
2086-09-08,0.0108491299380862
2086-09-09,0.0108466384648688
2086-09-10,0.010844147340544
2086-09-11,0.0108416570717327
2086-09-12,0.0108391675297807
2086-09-13,0.0108366777872155
2086-09-14,0.010834189141481
2086-09-15,0.0108317010888638
2086-09-16,0.0108292135530435
2086-09-17,0.0108267268378474
2086-09-18,0.0108242404083072
2086-09-19,0.010821754592963
2086-09-20,0.0108192693256708
2086-09-21,0.0108167845642726
2086-09-22,0.0108143005718917
2086-09-23,0.0108118167386929
2086-09-24,0.0108093340052323
2086-09-25,0.0108068516911696
2086-09-26,0.0256950285585557
2086-09-27,0.0108018882928902
2086-09-28,0.0107994077429151
2086-09-29,0.0107969278136779
2086-09-30,0.0107944480407155
2086-10-01,0.00522580763622147
2086-10-02,0.00522460744985528
2086-10-03,0.00522340739266133
2086-10-04,0.00522220813795424
2086-10-05,0.00522100864355702
2086-10-06,0.00521980955075518
2086-10-07,0.00521861099048085
2086-10-08,0.00521741237002
2086-10-09,0.00521621424477803
2086-10-10,0.0507116458294821
2086-10-11,0.196524549550696
2086-10-12,0.0481059432240719
2086-10-13,0.00521175647728146
2086-10-14,0.00521100881291919
2086-10-15,0.00645666904186404
2086-10-16,0.42136428122924
2086-10-17,1.13918311644771
2086-10-18,0.00614590954074185
2086-10-19,0.00646860851393027
2086-10-20,0.0505279641440116
2086-10-21,0.018314038972735
2086-10-22,0.0476787817768237
2086-10-23,0.00674657281192885
2086-10-24,0.00956722688078265
2086-10-25,0.00674993236908047
2086-10-26,0.00673042313077168
2086-10-27,0.00672670628041208
2086-10-28,0.00674557522217661
2086-10-29,0.00676652878131316
2086-10-30,0.00676703376730522
2086-10-31,0.00674128948041523
2086-11-01,0.00490629118265719
2086-11-02,0.00487323052739983
2086-11-03,0.00484130514755263
2086-11-04,0.00481150686033103
2086-11-05,0.0047830599472838
2086-11-06,0.00587746175144451
2086-11-07,0.00545875283975975
2086-11-08,0.00473017753487868
2086-11-09,0.00470603655901867
2086-11-10,0.0046800183539563
2086-11-11,0.00465543968082012
2086-11-12,0.00463249083067652
2086-11-13,0.00460919351581401
2086-11-14,0.00458587940544113
2086-11-15,0.00456366960258073
2086-11-16,0.00469172739835007
2086-11-17,0.00452078419977672
2086-11-18,0.00449867078574086
2086-11-19,0.00447731518892552
2086-11-20,0.00850513308986808
2086-11-21,0.00444214948486009
2086-11-22,0.0044237708967679
2086-11-23,0.00440491916755012
2086-11-24,0.00438518033066716
2086-11-25,0.00436590673514094
2086-11-26,0.0155621108690998
2086-11-27,0.00542298612878238
2086-11-28,0.0854517356796042
2086-11-29,0.0192537802534494
2086-11-30,0.00433301894632293
2086-12-01,0.0348809320371722
2086-12-02,0.30692869074976
2086-12-03,0.0284566387503113
2086-12-04,0.0150487878253516
2086-12-05,0.00825301166574897
2086-12-06,0.00510870156308202
2086-12-07,0.00465587542541307
2086-12-08,0.00469066406694857
2086-12-09,0.00471960730913862
2086-12-10,0.00474400586652038
2086-12-11,0.00476425042411011
2086-12-12,0.0161192992963834
2086-12-13,0.0777058813244995
2086-12-14,0.00785783624773686
2086-12-15,0.0055379710768737
2086-12-16,0.00791732195646221
2086-12-17,0.00955382488013817
2086-12-18,0.00687895761951767
2086-12-19,0.018319337405947
2086-12-20,0.00633607150050679
2086-12-21,0.00621228870843956
2086-12-22,0.00552646768966195
2086-12-23,0.00577275069108148
2086-12-24,0.0180482045280334
2086-12-25,0.250527270605556
2086-12-26,0.595983193533839
2086-12-27,0.166482767655979
2086-12-28,0.00630677278119263
2086-12-29,0.0859440663420643
2086-12-30,0.857779315721385
2086-12-31,0.745581124343431
2087-01-01,0.10924618816961
2087-01-02,0.0424544347191328
2087-01-03,0.164591983729077
2087-01-04,0.139428897151589
2087-01-05,0.0382584141456569
2087-01-06,0.0325759111615222
2087-01-07,0.0846540933201966
2087-01-08,0.0103298554730371
2087-01-09,0.0121576863548434
2087-01-10,0.0117134993223058
2087-01-11,0.0108722568608477
2087-01-12,0.0113664415624832
2087-01-13,0.0112106809390468
2087-01-14,0.0118327170612238
2087-01-15,0.0123959405760234
2087-01-16,0.0127437448889742
2087-01-17,0.0124352522663882
2087-01-18,0.010995482025261
2087-01-19,0.0112846525002729
2087-01-20,0.0110714493854562
2087-01-21,0.0107499656506998
2087-01-22,0.0772441533058745
2087-01-23,0.333303051539422
2087-01-24,2.26344847111427
2087-01-25,0.809197887228174
2087-01-26,0.541406808428045
2087-01-27,0.566248747759911
2087-01-28,0.433232024048782
2087-01-29,0.609811009310146
2087-01-30,1.04459764708918
2087-01-31,0.557814156495559
2087-02-01,0.552499596849478
2087-02-02,0.539506325618115
2087-02-03,0.512076387898879
2087-02-04,0.485034191578037
2087-02-05,0.454929488777256
2087-02-06,0.420834749482448
2087-02-07,0.388658926118733
2087-02-08,0.363529672929716
2087-02-09,0.32745053431916
2087-02-10,0.30139654544741
2087-02-11,0.27670267819093
2087-02-12,0.253719352113699
2087-02-13,0.229072701658506
2087-02-14,0.208916933398098
2087-02-15,0.191929334489018
2087-02-16,0.176083338041861
2087-02-17,0.161276788486208
2087-02-18,0.168840736748064
2087-02-19,0.141377648892347
2087-02-20,0.129526996299465
2087-02-21,0.120992597143038
2087-02-22,0.29706573574041
2087-02-23,0.268956725695816
2087-02-24,0.251132330591277
2087-02-25,0.181063254881298
2087-02-26,0.276726851222127
2087-02-27,0.529371989820881
2087-02-28,0.619117005621598
2087-03-01,0.65549705346373
2087-03-02,0.807843006949072
2087-03-03,0.526407457480547
2087-03-04,0.559743307307438
2087-03-05,0.910544895427818
2087-03-06,0.559311053127603
2087-03-07,0.774818268082839
2087-03-08,0.765224985237265
2087-03-09,0.649523878960691
2087-03-10,1.02275522625738
2087-03-11,0.640550674591079
2087-03-12,0.578355277394484
2087-03-13,0.575551533266605
2087-03-14,0.592493450312032
2087-03-15,0.528118984238016
2087-03-16,0.54265695200496
2087-03-17,0.566518598913207
2087-03-18,0.994250181929098
2087-03-19,3.07574840789141
2087-03-20,2.72963643440296
2087-03-21,1.91054793403376
2087-03-22,0.594134925278465
2087-03-23,0.713605698102912
2087-03-24,1.22770348230156
2087-03-25,1.31630376532308
2087-03-26,0.787152010215007
2087-03-27,0.697896932504416
2087-03-28,0.592174125288577
2087-03-29,0.612699320311127
2087-03-30,0.614139305263228
2087-03-31,0.592372511192143
2087-04-01,0.797855314337216
2087-04-02,0.730806184398823
2087-04-03,0.65116137910242
2087-04-04,0.577374141100123
2087-04-05,0.516778421061392
2087-04-06,0.4627689403454
2087-04-07,0.411932016384076
2087-04-08,0.364769046807949
2087-04-09,0.32694429411726
2087-04-10,0.29490514610252
2087-04-11,0.262446105597472
2087-04-12,0.232662865155854
2087-04-13,0.22405345566485
2087-04-14,0.187111570385606
2087-04-15,0.169208215709832
2087-04-16,0.152152868552274
2087-04-17,0.134886439685122
2087-04-18,0.119908191094246
2087-04-19,0.110942283491721
2087-04-20,0.101068995000224
2087-04-21,0.0887913620741964
2087-04-22,0.0940841227020655
2087-04-23,0.0852278915657894
2087-04-24,0.0716109221349839
2087-04-25,0.0623858090045694
2087-04-26,0.0526167214954974
2087-04-27,0.0442256724487918
2087-04-28,0.0376267873468574
2087-04-29,0.0322986324533962
2087-04-30,0.027248335016204
2087-05-01,0.025563551124215
2087-05-02,0.0212358081165229
2087-05-03,0.0178616155804036
2087-05-04,0.0153939715984032
2087-05-05,0.0165570918334896
2087-05-06,0.0127881646894246
2087-05-07,0.0121124937910667
2087-05-08,0.0118515526488943
2087-05-09,0.0114419161931274
2087-05-10,0.0306762867399017
2087-05-11,0.0107244994554846
2087-05-12,0.0102903545533655
2087-05-13,0.00983779754566596
2087-05-14,0.00941961057331844
2087-05-15,0.0124177106349207
2087-05-16,0.00881998062819791
2087-05-17,0.00862531366744664
2087-05-18,0.00837203126891455
2087-05-19,0.00814541078051633
2087-05-20,0.00795640695086632
2087-05-21,0.00779453063664902
2087-05-22,0.00764900885197195
2087-05-23,0.00750284923103426
2087-05-24,0.00735451868995542
2087-05-25,0.00721776815977137
2087-05-26,0.00708966612383601
2087-05-27,0.00695906963422742
2087-05-28,0.00683107621402218
2087-05-29,0.00670425730876904
2087-05-30,0.0065739186250287
2087-05-31,0.00644801262498107
2087-06-01,0.00512148012161681
2087-06-02,0.00879944713280813
2087-06-03,0.00545611004794814
2087-06-04,0.0157984626653807
2087-06-05,0.00477742233228347
2087-06-06,0.00466756169279131
2087-06-07,0.00454692921726333
2087-06-08,0.00442806532949925
2087-06-09,0.004309880683268
2087-06-10,0.00419406264152012
2087-06-11,0.00408246713478071
2087-06-12,0.00397347984145186
2087-06-13,0.00386872060343091
2087-06-14,0.00377414318957131
2087-06-15,0.00369005936586515
2087-06-16,0.00360566928646383
2087-06-17,0.00351819457927279
2087-06-18,0.003432964376244
2087-06-19,0.00335325985433329
2087-06-20,0.00327973442008646
2087-06-21,0.00321179118349242
2087-06-22,0.00314900543872704
2087-06-23,0.00309235489001169
2087-06-24,0.00304264004399291
2087-06-25,0.00300179082064096
2087-06-26,0.00296968246576145
2087-06-27,0.0029421545576276
2087-06-28,0.00291553290918759
2087-06-29,0.00288936646164454
2087-06-30,0.0028657900058442
2087-07-01,0.00522063052710163
2087-07-02,0.00518841771555219
2087-07-03,0.00515841300510479
2087-07-04,0.00512992235917805
2087-07-05,0.00510453480154904
2087-07-06,0.00508293832286802
2087-07-07,0.00506369545919469
2087-07-08,0.0050454905135608
2087-07-09,0.00502895711238821
2087-07-10,0.00501360419736264
2087-07-11,0.00499933112016453
2087-07-12,0.00498708433688189
2087-07-13,0.00497720274241495
2087-07-14,0.0049706908198311
2087-07-15,0.00496713379682843
2087-07-16,0.00496418027577588
2087-07-17,0.00496138776601721
2087-07-18,0.00495898784299816
2087-07-19,0.00495727123339671
2087-07-20,0.00495590393810455
2087-07-21,0.00495454017678706
2087-07-22,0.0049531610884723
2087-07-23,0.00495182172878298
2087-07-24,0.00495060687706696
2087-07-25,0.00494946982391103
2087-07-26,0.00494833320951189
2087-07-27,0.00494719693818845
2087-07-28,0.0049460609031187
2087-07-29,0.00494492490442085
2087-07-30,0.00494378932678536
2087-07-31,0.0049426538520398
2087-08-01,0.0142460627342994
2087-08-02,0.0142427910543087
2087-08-03,0.0142395204550143
2087-08-04,0.0142362502515344
2087-08-05,0.0142329803484579
2087-08-06,0.0142297118831611
2087-08-07,0.0142264443493037
2087-08-08,0.0142231774729331
2087-08-09,0.0142199107250368
2087-08-10,0.0142166453931929
2087-08-11,0.0142133802814558
2087-08-12,0.0142101158659366
2087-08-13,0.0142068522514932
2087-08-14,0.0142035898877859
2087-08-15,0.0142003279302843
2087-08-16,0.0141970666614434
2087-08-17,0.0141938060831523
2087-08-18,0.0164238753590645
2087-08-19,0.0141872876216987
2087-08-20,0.0443704427413142
2087-08-21,0.0141807722143461
2087-08-22,0.0141775152805715
2087-08-23,0.0141742598677072
2087-08-24,0.0141710046381077
2087-08-25,0.014167750722537
2087-08-26,0.014164496249614
2087-08-27,0.0141612435016489
2087-08-28,0.0141579913847197
2087-08-29,0.0141547401576647
2087-08-30,0.0141514896636695
2087-08-31,0.0141482393765559
2087-09-01,0.0108836694669367
2087-09-02,0.0108811697300556
2087-09-03,0.0108786706982279
2087-09-04,0.0108761724906588
2087-09-05,0.0108736749750598
2087-09-06,0.0108711780685689
2087-09-07,0.0108686810450536
2087-09-08,0.0108661850144282
2087-09-09,0.0108636896786804
2087-09-10,0.0108611950458056
2087-09-11,0.0108587006673315
2087-09-12,0.0108562066530138
2087-09-13,0.0399156851970335
2087-09-14,0.010851221113872
2087-09-15,0.0108487290875147
2087-09-16,0.0108462374282214
2087-09-17,0.0108437467981609
2087-09-18,0.0108412561935405
2087-09-19,0.0108387669714066
2087-09-20,0.0108362774890571
2087-09-21,0.0108337891166217
2087-09-22,0.0108313010829028
2087-09-23,0.0108288139853788
2087-09-24,0.0108263272207563
2087-09-25,0.0108238408806197
2087-09-26,0.0124125569379101
2087-09-27,0.0108188697376539
2087-09-28,0.0109513664074106
2087-09-29,0.0108139010521996
2087-09-30,0.0108114180963201
2087-10-01,0.00523402300457293
2087-10-02,0.00523282091828384
2087-10-03,0.00523161908224396
2087-10-04,0.00523041790473607
2087-10-05,0.00522921672898802
2087-10-06,0.00751159111293896
2087-10-07,0.00522681528768099
2087-10-08,0.00528109771005679
2087-10-09,0.00522441480619052
2087-10-10,0.00522321497566393
2087-10-11,0.00522201569033564
2087-10-12,0.0503543787150178
2087-10-13,0.21881651623121
2087-10-14,0.53725652798598
2087-10-15,0.280391940812218
2087-10-16,0.090932986531804
2087-10-17,0.00596273022191802
2087-10-18,0.00594086930493646
2087-10-19,0.00601550802889534
2087-10-20,0.00605521371163942
2087-10-21,0.00607357385771096
2087-10-22,0.0060783643123373
2087-10-23,0.354573325579197
2087-10-24,0.929993337056857
2087-10-25,0.24264198324003
2087-10-26,0.00750682532140963
2087-10-27,0.0076776635414304
2087-10-28,0.00774622877924057
2087-10-29,0.00776962826279941
2087-10-30,0.00777048558840274
2087-10-31,0.00775077110492128
2087-11-01,0.00564681119926662
2087-11-02,0.00561555368840442
2087-11-03,0.00558325401656116
2087-11-04,0.00555238023393077
2087-11-05,0.00552364816766979
2087-11-06,0.00952738124747501
2087-11-07,0.00546519133892077
2087-11-08,0.0054327014806062
2087-11-09,0.00539600392108987
2087-11-10,0.00537925297185776
2087-11-11,0.00533101550451311
2087-11-12,0.00530733558826423
2087-11-13,0.0052842173423859
2087-11-14,0.00526338668139768
2087-11-15,0.00611774579865146
2087-11-16,0.107429553383914
2087-11-17,0.0173191624692611
2087-11-18,0.00906364337306267
2087-11-19,0.00975304874891684
2087-11-20,0.0224190621529315
2087-11-21,0.0118139944732296
2087-11-22,0.00751388103867986
2087-11-23,0.00520807772607608
2087-11-24,0.00518982181729273
2087-11-25,0.00517302465709214
2087-11-26,0.00515636635032273
2087-11-27,0.00514064565213451
2087-11-28,0.00512604662374098
2087-11-29,0.00511190113750309
2087-11-30,0.00626270275963952
2087-12-01,0.00539387693954954
2087-12-02,0.00508868673521024
2087-12-03,0.00508758808896194
2087-12-04,0.00508597682553629
2087-12-05,0.0050838113298419
2087-12-06,0.00508264301013502
2087-12-07,0.00507889203961807
2087-12-08,0.00506676025096859
2087-12-09,0.00505046381066795
2087-12-10,0.0100730551984883
2087-12-11,0.0400004437258304
2087-12-12,0.00988140084721312
2087-12-13,0.0056549191808192
2087-12-14,0.00528248801527224
2087-12-15,0.00513416611726625
2087-12-16,0.00500099775007716
2087-12-17,0.0049878505231955
2087-12-18,0.00497389546546093
2087-12-19,0.00495860531061898
2087-12-20,0.00494021857376992
2087-12-21,0.0049215986662137
2087-12-22,0.00490663558628747
2087-12-23,0.0319626929030289
2087-12-24,0.00593789077511027
2087-12-25,0.00489171933268259
2087-12-26,0.00487764283870182
2087-12-27,0.00541990393643471
2087-12-28,0.00486395786124529
2087-12-29,0.00580407275380008
2087-12-30,0.00564848895198063
2087-12-31,0.0468082408824784
2088-01-01,0.00336776208627672
2088-01-02,0.00325183712016194
2088-01-03,0.00324169345751197
2088-01-04,0.00349034659757073
2088-01-05,0.072724849881767
2088-01-06,0.229893753571931
2088-01-07,0.0377272604090987
2088-01-08,0.00510413614699503
2088-01-09,0.00394074730549685
2088-01-10,0.00402774516253917
2088-01-11,0.00599489565472824
2088-01-12,0.0315432765879243
2088-01-13,0.0220013386961306
2088-01-14,0.00761861536966167
2088-01-15,0.0100105819782008
2088-01-16,0.00467253027610005
2088-01-17,0.00454284824869446
2088-01-18,0.00583281734455565
2088-01-19,0.00522774964937795
2088-01-20,0.0366842558548126
2088-01-21,0.0445731526674269
2088-01-22,0.00476603417731771
2088-01-23,0.00448736752568181
2088-01-24,0.00528337330549677
2088-01-25,0.00498075251200104
2088-01-26,0.00436507873508844
2088-01-27,0.00382596021840222
2088-01-28,0.00421799691503418
2088-01-29,0.003824844089001
2088-01-30,0.00381781108855839
2088-01-31,0.00380966650704666
2088-02-01,0.00770926706631191
2088-02-02,0.0756496823288791
2088-02-03,0.0977690098693659
2088-02-04,0.0120560975983503
2088-02-05,0.0886317395448142
2088-02-06,0.137949057071382
2088-02-07,0.0239703345815877
2088-02-08,0.00671915094301224
2088-02-09,0.00547330594421992
2088-02-10,0.00510711101067232
2088-02-11,0.0041618292665668
2088-02-12,0.00416768895337726
2088-02-13,0.00416765684064926
2088-02-14,0.00416191269300244
2088-02-15,0.00415031159461166
2088-02-16,0.00413440171783435
2088-02-17,0.00411839091595761
2088-02-18,0.00410075464734647
2088-02-19,0.00407873329885098
2088-02-20,0.00405225782882037
2088-02-21,0.00402417728993949
2088-02-22,0.00620076684899502
2088-02-23,0.0176780045222938
2088-02-24,0.0889618536860299
2088-02-25,0.285339589849181
2088-02-26,0.367080890878134
2088-02-27,0.333433781536384
2088-02-28,0.561737998401556
2088-02-29,0.309182792566021
2088-03-01,0.033086525398011
2088-03-02,0.0204640163763875
2088-03-03,0.0211216444049265
2088-03-04,0.0181228422642309
2088-03-05,0.0556511667580572
2088-03-06,0.0165733745259976
2088-03-07,0.0156947392834749
2088-03-08,0.0147170201405397
2088-03-09,0.0327282915508758
2088-03-10,0.197871031043742
2088-03-11,0.0816357396329223
2088-03-12,0.165410586781566
2088-03-13,0.12186255965803
2088-03-14,0.0822538756784737
2088-03-15,0.055650632955243
2088-03-16,0.0740930275655416
2088-03-17,0.0589602650390276
2088-03-18,0.0574979486266145
2088-03-19,0.0525613620690959
2088-03-20,0.0488518329483863
2088-03-21,0.0454037754908132
2088-03-22,0.0420542753202215
2088-03-23,0.0386898866727771
2088-03-24,0.0352991603074169
2088-03-25,0.0321308303306494
2088-03-26,0.0296064470925568
2088-03-27,0.0272517317118645
2088-03-28,0.0251997818445691
2088-03-29,0.0253244015972527
2088-03-30,0.0217994793864971
2088-03-31,0.0383861296561677
2088-04-01,0.0282001239823577
2088-04-02,0.024803482701467
2088-04-03,0.022268900855411
2088-04-04,0.0195634833950771
2088-04-05,0.0167416402030877
2088-04-06,0.0141112923709883
2088-04-07,0.0119427596529343
2088-04-08,0.0104203690017987
2088-04-09,0.00935595070330461
2088-04-10,0.00857271089194948
2088-04-11,0.0130085287760931
2088-04-12,0.0986290957393577
2088-04-13,0.22277761254435
2088-04-14,0.0331873289476161
2088-04-15,0.0217305835371748
2088-04-16,0.0149523694258226
2088-04-17,0.0144788275464806
2088-04-18,0.0144144229120195
2088-04-19,0.0135303402924056
2088-04-20,0.0140500023895254
2088-04-21,0.0117696772591561
2088-04-22,0.0110056834958437
2088-04-23,0.0103082079478647
2088-04-24,0.00967320457738989
2088-04-25,0.00912678052895309
2088-04-26,0.00865348236999049
2088-04-27,0.00816374366581787
2088-04-28,0.00772191220345489
2088-04-29,0.00738883872097776
2088-04-30,0.00711086595514115
2088-05-01,0.00763058680202976
2088-05-02,0.00737379690156446
2088-05-03,0.0100191692610304
2088-05-04,0.00703077866241943
2088-05-05,0.00685947546129938
2088-05-06,0.00669972415326441
2088-05-07,0.0065738147734135
2088-05-08,0.00647460032859746
2088-05-09,0.0275114811463724
2088-05-10,0.0141815224316769
2088-05-11,0.00785533602278833
2088-05-12,0.0188776106872697
2088-05-13,0.00665204662200742
2088-05-14,0.00672388242040223
2088-05-15,0.00609109435159516
2088-05-16,0.00599935633167826
2088-05-17,0.00590543134649072
2088-05-18,0.0058441643963423
2088-05-19,0.0057550740549073
2088-05-20,0.00568316159291908
2088-05-21,0.00561243518637322
2088-05-22,0.00554563331259222
2088-05-23,0.00723876569835128
2088-05-24,0.00542643262820173
2088-05-25,0.00535515465973881
2088-05-26,0.00527908670293682
2088-05-27,0.0052083638827157
2088-05-28,0.00514475819475758
2088-05-29,0.00595404940166937
2088-05-30,0.0050324272029922
2088-05-31,0.00497580394631682
2088-06-01,0.00397738754792199
2088-06-02,0.00392657349965316
2088-06-03,0.00387028092769113
2088-06-04,0.00380686572125473
2088-06-05,0.00374061436087485
2088-06-06,0.00367464883719093
2088-06-07,0.0036073307076151
2088-06-08,0.00353952425713194
2088-06-09,0.00347249551156154
2088-06-10,0.00340755723297287
2088-06-11,0.00334509054672484
2088-06-12,0.00328587932569051
2088-06-13,0.00322959057396286
2088-06-14,0.00317670247528904
2088-06-15,0.00312807447166525
2088-06-16,0.00308568217619445
2088-06-17,0.00304855501892696
2088-06-18,0.0030130723389602
2088-06-19,0.0029798985269963
2088-06-20,0.00294853810034942
2088-06-21,0.0029180027468068
2088-06-22,0.00288924809796564
2088-06-23,0.00286373595397686
2088-06-24,0.00284114202038004
2088-06-25,0.00282068540647125
2088-06-26,0.00280296889479634
2088-06-27,0.0027875126644159
2088-06-28,0.00277336420468631
2088-06-29,0.00276167561599377
2088-06-30,0.00275221278752311
2088-07-01,0.00503332447332565
2088-07-02,0.010024185312534
2088-07-03,0.00500950551942419
2088-07-04,0.00500005127080352
2088-07-05,0.00499010953061076
2088-07-06,0.00498162397115323
2088-07-07,0.00497475014859175
2088-07-08,0.00496891222559183
2088-07-09,0.00496371619920259
2088-07-10,0.00495906291530241
2088-07-11,0.00495522261105268
2088-07-12,0.00495170853411607
2088-07-13,0.00494881852827118
2088-07-14,0.00494662672310132
2088-07-15,0.00494464829496407
2088-07-16,0.00494283085223439
2088-07-17,0.00494113376616367
2088-07-18,0.00493951152335239
2088-07-19,0.0049380143386807
2088-07-20,0.00493662557608981
2088-07-21,0.00493525871431163
2088-07-22,0.00493398204310599
2088-07-23,0.0049328108789845
2088-07-24,0.00493166982557241
2088-07-25,0.00493053711673136
2088-07-26,0.00492940478766565
2088-07-27,0.00492827259098061
2088-07-28,0.00492714070755284
2088-07-29,0.00492600919570851
2088-07-30,0.00492487787522637
2088-07-31,0.00492374693091511
2088-08-01,0.0141915680326244
2088-08-02,0.0141883089497375
2088-08-03,0.0141850504251476
2088-08-04,0.0141817921669531
2088-08-05,0.0141785352652972
2088-08-06,0.0141752786772698
2088-08-07,0.0141720236101528
2088-08-08,0.0141687684258973
2088-08-09,0.0141655148560738
2088-08-10,0.0141622612163451
2088-08-11,0.0141590091523172
2088-08-12,0.0141557572791115
2088-08-13,0.0141525065470608
2088-08-14,0.0141492554805988
2088-08-15,0.0141460065292412
2088-08-16,0.0141427578527809
2088-08-17,0.0141395095003407
2088-08-18,0.0141362623343992
2088-08-19,0.0141330156653515
2088-08-20,0.0141297700883363
2088-08-21,0.0141265252547721
2088-08-22,0.0141232803239074
2088-08-23,0.0141200366711741
2088-08-24,0.01411679438726
2088-08-25,0.0141135525218324
2088-08-26,0.0141103108774563
2088-08-27,0.0141070707162038
2088-08-28,0.0141038303565718
2088-08-29,0.0141005916926128
2088-08-30,0.0140973533545632
2088-08-31,0.0140941156305457
2088-09-01,0.0108420341605454
2088-09-02,0.0108395439295307
2088-09-03,0.0108370544718944
2088-09-04,0.010834565845785
2088-09-05,0.0108320777946216
2088-09-06,0.0108295898633899
2088-09-07,0.0108271027825835
2088-09-08,0.0108246163443209
2088-09-09,0.0108221299525773
2088-09-10,0.0108196448335644
2088-09-11,0.0108171598919051
2088-09-12,0.0108146756996378
2088-09-13,0.0108121924479265
2088-09-14,0.0108097088175216
2088-09-15,0.0108072266393816
2088-09-16,0.0108047447955968
2088-09-17,0.0108022632323798
2088-09-18,0.0107997821234499
2088-09-19,0.0107973021186193
2088-09-20,0.0107948224023519
2088-09-21,0.0107923430160786
2088-09-22,0.0107898648945406
2088-09-23,0.0107873871800438
2088-09-24,0.0107849092016971
2088-09-25,0.0107824327621116
2088-09-26,0.0107799563290679
2088-09-27,0.0107774807617136
2088-09-28,0.0107750056072154
2088-09-29,0.0107725306744093
2088-09-30,0.0107700567751972
2088-10-01,0.00521399936196216
2088-10-02,0.00521280187237428
2088-10-03,0.00521160460030257
2088-10-04,0.00521040783365683
2088-10-05,0.00520921115852274
2088-10-06,0.00520801490082262
2088-10-07,0.00520681884304027
2088-10-08,0.00520562313546604
2088-10-09,0.00520442765139144
2088-10-10,0.00520323224615765
2088-10-11,0.00520203735127737
2088-10-12,0.00520084281118077
2088-10-13,0.0051996482137134
2088-10-14,0.00519845427055439
2088-10-15,0.00527499465050643
2088-10-16,0.00519606667038635
2088-10-17,0.00519487339244675
2088-10-18,0.00519368044606094
2088-10-19,0.0191808809407316
2088-10-20,0.00519129530262906
2088-10-21,0.00519010299612096
2088-10-22,0.00518891114329953
2088-10-23,0.00518771937248663
2088-10-24,0.00518652806979107
2088-10-25,0.00518533694835899
2088-10-26,0.00518414599974317
2088-10-27,0.00518295540907875
2088-10-28,0.00518176522493729
2088-10-29,0.00518057523121048
2088-10-30,0.0642799579349123
2088-10-31,0.0051781959906328
2088-11-01,0.00378931962580125
2088-11-02,0.00378844953855181
2088-11-03,0.0102526246630569
2088-11-04,0.00433655593927043
2088-11-05,0.0037858408215144
2088-11-06,0.00524988056273509
2088-11-07,0.0366138158227339
2088-11-08,0.0173274490640066
2088-11-09,0.00381008417646196
2088-11-10,0.00378150919616675
2088-11-11,0.00378064972584187
2088-11-12,0.00377979121052752
2088-11-13,0.00377893293712169
2088-11-14,0.00377807485100818
2088-11-15,0.00781475362748237
2088-11-16,0.00377635826555297
2088-11-17,0.00377549968505987
2088-11-18,0.00377464072843636
2088-11-19,0.00377378142015669
2088-11-20,0.00377292164429025
2088-11-21,0.00377206169658891
2088-11-22,0.00377120155850375
2088-11-23,0.0107281554202981
2088-11-24,0.0054080128511583
2088-11-25,0.00378967175032046
2088-11-26,0.00376776155721991
2088-11-27,0.00376690235662688
2088-11-28,0.00401653085862485
2088-11-29,0.00435981778014157
2088-11-30,0.0112373542792672
2088-12-01,0.00403005853350467
2088-12-02,0.00497120456190395
2088-12-03,0.0183569750715813
2088-12-04,0.00899430775512227
2088-12-05,0.00514153948309678
2088-12-06,0.0147338013454004
2088-12-07,0.00600803487596464
2088-12-08,0.00400314718177538
2088-12-09,0.0227604346872844
2088-12-10,0.00501518111113011
2088-12-11,0.00592164845886332
2088-12-12,0.0060278261583622
2088-12-13,0.00499560483256324
2088-12-14,0.00554935177052499
2088-12-15,0.00520748419506298
2088-12-16,0.00552559259662043
2088-12-17,0.00814764333794442
2088-12-18,0.0183824522752026
2088-12-19,0.255908640378299
2088-12-20,0.0542192293060923
2088-12-21,0.00793443638175577
2088-12-22,0.00473640794173475
2088-12-23,0.00408904972182058
2088-12-24,0.0282116081591577
2088-12-25,0.0455372803299589
2088-12-26,0.0270807732292109
2088-12-27,0.00854441907445903
2088-12-28,0.00602379936047089
2088-12-29,0.00404694346234584
2088-12-30,0.00406491583244038
2088-12-31,0.00407989998977862
2089-01-01,0.00275490952946375
2089-01-02,0.00276264675713997
2089-01-03,0.052801375772032
2089-01-04,0.654796190164645
2089-01-05,0.834215424813085
2089-01-06,0.130519236398639
2089-01-07,0.0527619509125853
2089-01-08,0.005956212157454
2089-01-09,0.00433187481142889
2089-01-10,0.00431821398650256
2089-01-11,0.00434248056248326
2089-01-12,0.00435896499080332
2089-01-13,0.00560256257811653
2089-01-14,0.0133731043157957
2089-01-15,0.00970065034460021
2089-01-16,0.00673097126990469
2089-01-17,0.00557958329150625
2089-01-18,0.00496776320000978
2089-01-19,0.0215724697424439
2089-01-20,0.0382689048590936
2089-01-21,0.0069056953371962
2089-01-22,0.0364801066773743
2089-01-23,0.365554927038197
2089-01-24,0.122481857925505
2089-01-25,0.0063811555018401
2089-01-26,0.00922137093395813
2089-01-27,0.0148880728981856
2089-01-28,0.0108105699358959
2089-01-29,0.01074090701856
2089-01-30,0.0129947391868702
2089-01-31,0.0168931863475938
2089-02-01,0.0193590758679099
2089-02-02,0.0105166386909321
2089-02-03,0.0101740848496032
2089-02-04,0.00911197123750912
2089-02-05,0.00762929779391113
2089-02-06,0.057772485782367
2089-02-07,0.436156574188671
2089-02-08,0.770812764660502
2089-02-09,0.363142781489018
2089-02-10,0.910928477490797
2089-02-11,0.350519500753096
2089-02-12,0.109702333190603
2089-02-13,0.120103326822762
2089-02-14,0.119412025287663
2089-02-15,0.11204954899091
2089-02-16,0.413472951335426
2089-02-17,0.254866047091184
2089-02-18,0.174673749323921
2089-02-19,0.179076552948607
2089-02-20,0.172712623900265
2089-02-21,0.162593024566485
2089-02-22,0.151156805722979
2089-02-23,0.229216329866947
2089-02-24,0.150972014793035
2089-02-25,0.143019062369978
2089-02-26,0.137031757469777
2089-02-27,0.130201637563471
2089-02-28,0.123133690258667
2089-03-01,0.111362182143599
2089-03-02,0.112362267600421
2089-03-03,0.094833676893998
2089-03-04,0.0887014827952067
2089-03-05,0.0833479728413795
2089-03-06,0.180601394988682
2089-03-07,0.347101912855098
2089-03-08,0.466523211703504
2089-03-09,0.229069430050544
2089-03-10,0.256999885118508
2089-03-11,0.325264831751516
2089-03-12,0.260926833514015
2089-03-13,0.344536313861317
2089-03-14,0.286432357098008
2089-03-15,0.267833657950461
2089-03-16,0.483858731982292
2089-03-17,0.61518426039236
2089-03-18,0.680781372658361
2089-03-19,0.575031243123571
2089-03-20,1.20965003604291
2089-03-21,1.2530559979756
2089-03-22,0.652720578231613
2089-03-23,0.63275239463753
2089-03-24,0.653626034094195
2089-03-25,0.588946913979011
2089-03-26,0.560442157125347
2089-03-27,0.528452773654556
2089-03-28,0.477488061255112
2089-03-29,0.432420358951317
2089-03-30,0.391636803538923
2089-03-31,0.346118596298111
2089-04-01,0.42653479837128
2089-04-02,0.380278472998126
2089-04-03,0.323340403503027
2089-04-04,0.282823412061159
2089-04-05,0.249502497008827
2089-04-06,0.219493365597174
2089-04-07,0.19049219295285
2089-04-08,0.163564756211846
2089-04-09,0.140582253036868
2089-04-10,0.119786894226352
2089-04-11,0.099954966883074
2089-04-12,0.0822713575371238
2089-04-13,0.0670936516209494
2089-04-14,0.0542367802678558
2089-04-15,0.0505447118229501
2089-04-16,0.0360417938990458
2089-04-17,0.0351061334728316
2089-04-18,0.0254565187138316
2089-04-19,0.0242024557741822
2089-04-20,0.0190225235565813
2089-04-21,0.0165228174638636
2089-04-22,0.0143055755775261
2089-04-23,0.0125327906588271
2089-04-24,0.0384312230512727
2089-04-25,0.152397411220983
2089-04-26,0.0112003543681323
2089-04-27,0.0116303808985313
2089-04-28,0.0113159062752832
2089-04-29,0.0121809944913483
2089-04-30,0.0109083271228568
2089-05-01,0.0122286785418369
2089-05-02,0.0132455192579171
2089-05-03,0.0111221741966109
2089-05-04,0.0106653087486225
2089-05-05,0.0102668126654373
2089-05-06,0.0112780504699582
2089-05-07,0.0173959374703678
2089-05-08,0.0109345761603634
2089-05-09,0.0106234969257284
2089-05-10,0.0094072978516125
2089-05-11,0.00911300033441059
2089-05-12,0.00877739023437062
2089-05-13,0.00846424666938431
2089-05-14,0.00818791626930805
2089-05-15,0.00792736220220475
2089-05-16,0.00769533641505064
2089-05-17,0.00751768992378877
2089-05-18,0.0073730467079166
2089-05-19,0.00723343243101818
2089-05-20,0.00709429516266919
2089-05-21,0.00695579337853076
2089-05-22,0.00681597799782192
2089-05-23,0.0066716935529868
2089-05-24,0.00652159784158386
2089-05-25,0.0063729916164086
2089-05-26,0.00624239085471809
2089-05-27,0.00613270586631602
2089-05-28,0.00602751189112426
2089-05-29,0.0059110991132929
2089-05-30,0.00578438990977273
2089-05-31,0.00565416910654507
2089-06-01,0.00447207751938043
2089-06-02,0.00437400803762315
2089-06-03,0.00428873875453249
2089-06-04,0.00421486403247577
2089-06-05,0.00414836023405094
2089-06-06,0.0043834966996519
2089-06-07,0.00406906444614093
2089-06-08,0.00396810542932692
2089-06-09,0.00388076784261551
2089-06-10,0.00378626634332201
2089-06-11,0.00369203861379933
2089-06-12,0.00360345810057548
2089-06-13,0.00352061903347909
2089-06-14,0.00344140577106259
2089-06-15,0.00336813995664416
2089-06-16,0.00349424475111024
2089-06-17,0.00575223714503492
2089-06-18,0.0032440853584451
2089-06-19,0.00572212488262974
2089-06-20,0.00309527850245941
2089-06-21,0.00304939358180969
2089-06-22,0.00300481157578351
2089-06-23,0.00296453620100651
2089-06-24,0.00292799784459848
2089-06-25,0.00289503491893242
2089-06-26,0.00286631272243585
2089-06-27,0.0291164968072466
2089-06-28,0.00340820737263599
2089-06-29,0.00455313116203188
2089-06-30,0.00280504342389163
2089-07-01,0.00511340594926392
2089-07-02,0.00508526216434389
2089-07-03,0.00506190617455916
2089-07-04,0.00504252279631739
2089-07-05,0.00502575149524424
2089-07-06,0.00501126886432519
2089-07-07,0.00499908646786564
2089-07-08,0.00498883484839225
2089-07-09,0.0049806284470475
2089-07-10,0.00497433076000473
2089-07-11,0.00496920850177331
2089-07-12,0.00496470525336582
2089-07-13,0.00496089558312241
2089-07-14,0.00495809420680643
2089-07-15,0.00495607843486229
2089-07-16,0.00495431049202596
2089-07-17,0.00495264858153681
2089-07-18,0.00495104523541401
2089-07-19,0.00494956217910448
2089-07-20,0.00494819808060943
2089-07-21,0.00494690843052545
2089-07-22,0.00494572245549482
2089-07-23,0.00494458677103729
2089-07-24,0.00494345102137243
2089-07-25,0.00494231564198028
2089-07-26,0.00494118070232798
2089-07-27,0.00494004592225339
2089-07-28,0.00493891142004719
2089-07-29,0.00493777716392489
2089-07-30,0.0049366430804873
2089-07-31,0.00493550933488264
2089-08-01,0.0142254710773038
2089-08-02,0.0142222032506004
2089-08-03,0.0142189377912267
2089-08-04,0.0142156717272677
2089-08-05,0.0142124074194403
2089-08-06,0.0142091430256485
2089-08-07,0.0142058797097191
2089-08-08,0.0142026176379132
2089-08-09,0.0141993557729887
2089-08-10,0.0141960945126498
2089-08-11,0.0141928345162722
2089-08-12,0.0141895755439112
2089-08-13,0.014186316126613
2089-08-14,0.0141830585542452
2089-08-15,0.0141798010395018
2089-08-16,0.0141765450154394
2089-08-17,0.0141732891368553
2089-08-18,0.0141700337589436
2089-08-19,0.0141667798651
2089-08-20,0.014163526727933
2089-08-21,0.0141602734462322
2089-08-22,0.0141570216996116
2089-08-23,0.014153770122086
2089-08-24,0.014150520050356
2089-08-25,0.0141472697849697
2089-08-26,0.0141440212388732
2089-08-27,0.0141407729346108
2089-08-28,0.0141375257393848
2089-08-29,0.0141342790032659
2089-08-30,0.0141310327196414
2089-08-31,0.0141277874562548
2089-09-01,0.0108679362199275
2089-09-02,0.0108654403026921
2089-09-03,0.010862945448852
2089-09-04,0.0108604502366703
2089-09-05,0.0108579560275543
2089-09-06,0.0108554625918168
2089-09-07,0.0108529696576122
2089-09-08,0.0108504773942988
2089-09-09,0.0108479858418538
2089-09-10,0.0108454940502722
2089-09-11,0.0108430036077414
2089-09-12,0.0108405133665507
2089-09-13,0.0108380237257458
2089-09-14,0.0108355347434754
2089-09-15,0.0873852099861977
2089-09-16,0.0108305585415687
2089-09-17,0.0108280710987864
2089-09-18,0.0108255843399788
2089-09-19,0.0108230986554694
2089-09-20,0.0108206129506078
2089-09-21,0.0108181277734461
2089-09-22,0.0108156434547053
2089-09-23,0.0108131595001211
2089-09-24,0.0108106764926346
2089-09-25,0.0108081938231376
2089-09-26,0.0108057113389898
2089-09-27,0.0108032303230979
2089-09-28,0.0108007489488643
2089-09-29,0.0107982685377193
2089-09-30,0.0107957887247796
2089-10-01,0.00522645659540051
2089-10-02,0.00522525640234692
2089-10-03,0.00522405636415923
2089-10-04,0.00522285659029947
2089-10-05,0.00522165735213489
2089-10-06,0.00522045812664115
2089-10-07,0.00521925908839437
2089-10-08,0.00521806057176405
2089-10-09,0.00521686237014504
2089-10-10,0.00521566404885693
2089-10-11,0.00521446642270547
2089-10-12,0.00521326873143996
2089-10-13,0.0052120716895553
2089-10-14,0.00521087460789825
2089-10-15,0.00520967793276415
2089-10-16,0.005208481664505
2089-10-17,0.00520728550359608
2089-10-18,0.00520608957674581
2089-10-19,0.00520489409443105
2089-10-20,0.00520369866385557
2089-10-21,0.00520250370456517
2089-10-22,0.00520130897546177
2089-10-23,0.00520011463845066
2089-10-24,0.00519892032678124
2089-10-25,0.0051977262843673
2089-10-26,0.0051965326562196
2089-10-27,0.00519533948668613
2089-10-28,0.00519414606655149
2089-10-29,0.00519295340596365
2089-10-30,0.00519176060810831
2089-10-31,0.00519056862365087
2089-11-01,0.00379837339800403
2089-11-02,0.00379750109905633
2089-11-03,0.00379662907009814
2089-11-04,0.003795757251876
2089-11-05,0.00379488540840676
2089-11-06,0.00379401402840232
2089-11-07,0.00379314264968599
2089-11-08,0.00379227167672675
2089-11-09,0.0037914006465751
2089-11-10,0.00379052990393133
2089-11-11,0.00378965940293847
2089-11-12,0.00378878919589409
2089-11-13,0.00378791911791911
2089-11-14,0.00378704917931847
2089-11-15,0.00378617957279461
2089-11-16,0.00378530996317926
2089-11-17,0.00378444079358496
2089-11-18,0.00378357168607792
2089-11-19,0.00378270286401779
2089-11-20,0.00408738910642091
2089-11-21,0.00378096552750008
2089-11-22,0.0047839430890919
2089-11-23,0.00386321748587607
2089-11-24,0.00377836129027876
2089-11-25,0.00377749365766661
2089-11-26,0.00377662614716803
2089-11-27,0.164403380810526
2089-11-28,0.324442775724599
2089-11-29,0.337654709917773
2089-11-30,0.0701893202131809
2089-12-01,0.00914872095200557
2089-12-02,0.00541453680726613
2089-12-03,0.011320524089398
2089-12-04,0.00889120733716071
2089-12-05,0.00494787875030305
2089-12-06,0.00585267781239342
2089-12-07,0.00689509341639989
2089-12-08,0.00974900139341798
2089-12-09,0.0138099489796846
2089-12-10,0.00769672961546725
2089-12-11,0.00986329773757169
2089-12-12,0.00589396350600447
2089-12-13,0.00513296826949025
2089-12-14,0.00496417263576587
2089-12-15,0.00650237633076876
2089-12-16,0.00632587913945867
2089-12-17,0.00637142621234488
2089-12-18,0.00562202384783522
2089-12-19,0.00516917642191311
2089-12-20,0.00528286709268495
2089-12-21,0.00565323047941371
2089-12-22,0.00573776853707703
2089-12-23,0.00607956187764332
2089-12-24,0.00474291820720882
2089-12-25,0.00474897446315528
2089-12-26,0.00475115068751891
2089-12-27,0.00537046839110318
2089-12-28,0.00581063123281673
2089-12-29,0.00734852330410528
2089-12-30,0.00936287681419149
2089-12-31,0.00560584500688453
2090-01-01,0.00337139543296949
2090-01-02,0.00431192152066347
2090-01-03,0.00483041421072554
2090-01-04,0.00642076894947349
2090-01-05,0.00497469011376354
2090-01-06,0.00388629697471481
2090-01-07,0.00314227080422544
2090-01-08,0.00313623501275921
2090-01-09,0.0444630033311657
2090-01-10,0.0266918296250971
2090-01-11,0.00641798631368571
2090-01-12,0.00409824357531148
2090-01-13,0.00439965230804486
2090-01-14,0.0032378184208203
2090-01-15,0.0480134248814844
2090-01-16,0.03451957101493
2090-01-17,0.0113549510085053
2090-01-18,0.0104690672420077
2090-01-19,0.00878558005760766
2090-01-20,0.00685541887456303
2090-01-21,0.117304345114349
2090-01-22,0.146167765442993
2090-01-23,0.0450349644188782
2090-01-24,0.0411048959361601
2090-01-25,0.0639076070640418
2090-01-26,0.0406773723494783
2090-01-27,0.0133024120517071
2090-01-28,0.00981178723660311
2090-01-29,0.0058216002554025
2090-01-30,0.00818947755458992
2090-01-31,0.0119786409140224
2090-02-01,0.140289294039313
2090-02-02,0.0198801240805745
2090-02-03,0.00575981702255945
2090-02-04,0.0101466237749183
2090-02-05,0.00868598617060074
2090-02-06,0.0120116106610557
2090-02-07,0.0176711433839731
2090-02-08,0.0245094102788364
2090-02-09,0.0126038567685137
2090-02-10,0.00518990513848296
2090-02-11,0.00423752518556444
2090-02-12,0.00430632843933868
2090-02-13,0.0155499055241006
2090-02-14,0.159016761199676
2090-02-15,0.129716384810016
2090-02-16,0.196458732461343
2090-02-17,0.236180536627321
2090-02-18,0.276888725236577
2090-02-19,0.577411974295481
2090-02-20,1.02271748719857
2090-02-21,1.45634354044478
2090-02-22,0.954853078754105
2090-02-23,0.577464123784046
2090-02-24,0.284226445360433
2090-02-25,0.275273089744019
2090-02-26,0.279782213076819
2090-02-27,0.279705826406699
2090-02-28,0.283407249958425
2090-03-01,0.235322143579985
2090-03-02,0.224012139203236
2090-03-03,0.221656070066202
2090-03-04,0.207559928421004
2090-03-05,0.205854510599951
2090-03-06,0.214054611987303
2090-03-07,0.214455967350448
2090-03-08,0.234477517005096
2090-03-09,0.224431866285531
2090-03-10,0.221561604197199
2090-03-11,0.216957329286741
2090-03-12,0.210667605898755
2090-03-13,0.186995977477604
2090-03-14,0.175402795475462
2090-03-15,0.163761165248183
2090-03-16,0.152997616450372
2090-03-17,0.141770675139621
2090-03-18,0.136407479360306
2090-03-19,0.126992411225098
2090-03-20,0.102192978972116
2090-03-21,0.092645660672191
2090-03-22,0.0840529864091703
2090-03-23,0.0806020413072813
2090-03-24,0.0729062886378747
2090-03-25,0.0653536416803166
2090-03-26,0.0519554578809453
2090-03-27,0.0457152396077339
2090-03-28,0.0400333380673757
2090-03-29,0.0348530099812409
2090-03-30,0.0298220332240331
2090-03-31,0.0250963928196825
2090-04-01,0.0293590615860365
2090-04-02,0.0248036954097588
2090-04-03,0.0211600747260768
2090-04-04,0.018341959386328
2090-04-05,0.0163197836175832
2090-04-06,0.0150387674032951
2090-04-07,0.0141770503458064
2090-04-08,0.0133875388165416
2090-04-09,0.0125637417822397
2090-04-10,0.0117562758700316
2090-04-11,0.0109792537644476
2090-04-12,0.0102767901951865
2090-04-13,0.0096487132040555
2090-04-14,0.00912276539825904
2090-04-15,0.00873314045134692
2090-04-16,0.00843026025220988
2090-04-17,0.00815716197594432
2090-04-18,0.00791142130930313
2090-04-19,0.00765646436694046
2090-04-20,0.00740708707993062
2090-04-21,0.00721845360218643
2090-04-22,0.00704215420649052
2090-04-23,0.00684279141689136
2090-04-24,0.00664653271691683
2090-04-25,0.00647298818861404
2090-04-26,0.00633056805917026
2090-04-27,0.00620951934698941
2090-04-28,0.00609636685200777
2090-04-29,0.00599411890198915
2090-04-30,0.00590077234434556
2090-05-01,0.00647824798094173
2090-05-02,0.00638870820951647
2090-05-03,0.00629995325718146
2090-05-04,0.0061980307488595
2090-05-05,0.00607755910001948
2090-05-06,0.00594574738469362
2090-05-07,0.00580397604180257
2090-05-08,0.00565956198268159
2090-05-09,0.00551864344989636
2090-05-10,0.00538201593678457
2090-05-11,0.00524799731848193
2090-05-12,0.00512129574566526
2090-05-13,0.00500451263380103
2090-05-14,0.00489628396948592
2090-05-15,0.00479855575553671
2090-05-16,0.00470029770149259
2090-05-17,0.00459371875449874
2090-05-18,0.00449048285171497
2090-05-19,0.00440409256843127
2090-05-20,0.00434084557958072
2090-05-21,0.00428174845562747
2090-05-22,0.00420798580707567
2090-05-23,0.00412512097279385
2090-05-24,0.0040427590858049
2090-05-25,0.0039669776960747
2090-05-26,0.00389855243645969
2090-05-27,0.0038350921965413
2090-05-28,0.00377494216568462
2090-05-29,0.00372007367559372
2090-05-30,0.00367176540438324
2090-05-31,0.00362968847632259
2090-06-01,0.00290742404015926
2090-06-02,0.00287796184775704
2090-06-03,0.00285140842268748
2090-06-04,0.00282879177434277
2090-06-05,0.00280909941861468
2090-06-06,0.00279189826152464
2090-06-07,0.0027766962464162
2090-06-08,0.00276350876479009
2090-06-09,0.00275240890229563
2090-06-10,0.00274318531394962
2090-06-11,0.00273567680418675
2090-06-12,0.00272931200844178
2090-06-13,0.00272350009374349
2090-06-14,0.00271839311606611
2090-06-15,0.00271408272281127
2090-06-16,0.00271067055243308
2090-06-17,0.00270820149625794
2090-06-18,0.00270614810776962
2090-06-19,0.00270425326240224
2090-06-20,0.00270276381752917
2090-06-21,0.00270168148339657
2090-06-22,0.00270069316725425
2090-06-23,0.00269976633120068
2090-06-24,0.00269888014970712
2090-06-25,0.00269804408941013
2090-06-26,0.00353747903781513
2090-06-27,0.00269654468706434
2090-06-28,0.00269581007928243
2090-06-29,0.00269513538459299
2090-06-30,0.00269451627817205
2090-07-01,0.00494202031638394
2090-07-02,0.00494088542489986
2090-07-03,0.00493975067267764
2090-07-04,0.00493861606725381
2090-07-05,0.00493748206016449
2090-07-06,0.00493634796525829
2090-07-07,0.00493521428092884
2090-07-08,0.00493408105567202
2090-07-09,0.00493294760726857
2090-07-10,0.00493181489252939
2090-07-11,0.00493068231836276
2090-07-12,0.00492954988509639
2090-07-13,0.00492841792695873
2090-07-14,0.00492728595571408
2090-07-15,0.00492615452152873
2090-07-16,0.00492502310602084
2090-07-17,0.00492389183600065
2090-07-18,0.00492276112892607
2090-07-19,0.00492163073150434
2090-07-20,0.00492050052478948
2090-07-21,0.00491937040884057
2090-07-22,0.00491824059533566
2090-07-23,0.00491711104691982
2090-07-24,0.00491598193726079
2090-07-25,0.00491485289379208
2090-07-26,0.00491372402005903
2090-07-27,0.00491259553953594
2090-07-28,0.00491146742764723
2090-07-29,0.00491033952186606
2090-07-30,0.00490921171602577
2090-07-31,0.00492921077786277
2090-08-01,0.0141564561770227
2090-08-02,0.0141431753728592
2090-08-03,0.0141399281426805
2090-08-04,0.014136680095367
2090-08-05,0.0141334335113391
2090-08-06,0.0141301878200193
2090-08-07,0.0141269429061586
2090-08-08,0.0141236985581521
2090-08-09,0.014120454854407
2090-08-10,0.0141172123645559
2090-08-11,0.014113969843531
2090-08-12,0.0141107290238472
2090-08-13,0.0141074879613845
2090-08-14,0.0141042487438521
2090-08-15,0.0141010089085089
2090-08-16,0.0140977709794992
2090-08-17,0.0140945335001499
2090-08-18,0.014091296743469
2090-08-19,0.0140880604506185
2090-08-20,0.0140848251525
2090-08-21,0.0140815900999944
2090-08-22,0.0140783566364147
2090-08-23,0.0140751230897046
2090-08-24,0.0140718910686279
2090-08-25,0.0140686591788598
2090-08-26,0.0140654281081159
2090-08-27,0.0140621978885149
2090-08-28,0.0140589688025115
2090-08-29,0.0140557403494336
2090-08-30,0.0140525120116047
2090-08-31,0.014049284870666
2090-09-01,0.0108075475579579
2090-09-02,0.0108050657374326
2090-09-03,0.0108025842447211
2090-09-04,0.010800103048568
2090-09-05,0.0107976227021135
2090-09-06,0.0107951434154199
2090-09-07,0.0107926643962106
2090-09-08,0.0107901856917314
2090-09-09,0.0163356286580036
2090-09-10,0.0107852302525618
2090-09-11,0.0272649396285414
2090-09-12,0.0107802771233512
2090-09-13,0.0107778015690804
2090-09-14,0.0107753266391817
2090-09-15,0.0109927939679524
2090-09-16,0.0107703777620983
2090-09-17,0.0107679042503022
2090-09-18,0.0169749423308831
2090-09-19,0.010762958968992
2090-09-20,0.0107604872961501
2090-09-21,0.0107580162055224
2090-09-22,0.0107555457916009
2090-09-23,0.0107530758530454
2090-09-24,0.0107506061703443
2090-09-25,0.0107481372726514
2090-09-26,0.0107456692798983
2090-09-27,0.0107432009084515
2090-09-28,0.0107407342007858
2090-09-29,0.0107382672779697
2090-09-30,0.0107358016111665
2090-10-01,0.00519741554243817
2090-10-02,0.00519622189704405
2090-10-03,0.00519502879825613
2090-10-04,0.00519383575754293
2090-10-05,0.00519264285268934
2090-10-06,0.0173963793663113
2090-10-07,0.00519025817350317
2090-10-08,0.00518906623128187
2090-10-09,0.0051878745533885
2090-10-10,0.00518668309125146
2090-10-11,0.00518549192230373
2090-10-12,0.00518430129503462
2090-10-13,0.00518311068888362
2090-10-14,0.00518192039422422
2090-10-15,0.00518073031884085
2090-10-16,0.0051795405077854
2090-10-17,0.00517835115534416
2090-10-18,0.00517716190708543
2090-10-19,0.00517597306358981
2090-10-20,0.00517478442001199
2090-10-21,0.00517359599711806
2090-10-22,0.00517240790190628
2090-10-23,0.00517121995768874
2090-10-24,0.00517003248651612
2090-10-25,0.00516884517724873
2090-10-26,0.0051676581361809
2090-10-27,0.00516647144074559
2090-10-28,0.00516528502688463
2090-10-29,0.00516409861689531
2090-10-30,0.00516291286156635
2090-10-31,0.00516172727975758
2090-11-01,0.00377726781300312
2090-11-02,0.00377640040916068
2090-11-03,0.00377553313078094
2090-11-04,0.00377466607962516
2090-11-05,0.00377379918536214
2090-11-06,0.00377293258968483
2090-11-07,0.00377206614239867
2090-11-08,0.00377119987209992
2090-11-09,0.00588314617253333
2090-11-10,0.00376946802347929
2090-11-11,0.0037686024593267
2090-11-12,0.00376773692299747
2090-11-13,0.0037668716772676
2090-11-14,0.00376600663068075
2090-11-15,0.00376514176623375
2090-11-16,0.00376427711303808
2090-11-17,0.00376341273472675
2090-11-18,0.00376254841850269
2090-11-19,0.00376168438566455
2090-11-20,0.0037608204970956
2090-11-21,0.00375995686563497
2090-11-22,0.00375909338539937
2090-11-23,0.00873045746661214
2090-11-24,0.00375736706538033
2090-11-25,0.00375650423976619
2090-11-26,0.0141435956024741
2090-11-27,0.00376389993874962
2090-11-28,0.00375391682201424
2090-11-29,0.00375305484526972
2090-11-30,0.00375219289068085
2090-12-01,0.00375320149350739
2090-12-02,0.00375233955432367
2090-12-03,0.00375147790433772
2090-12-04,0.00375061636570061
2090-12-05,0.350678447331693
2090-12-06,6.94325615737677
2090-12-07,0.291302228513375
2090-12-08,0.00545416860887927
2090-12-09,0.00561115818082698
2090-12-10,0.00568626193689938
2090-12-11,0.00573141985736269
2090-12-12,0.00576216622944306
2090-12-13,0.00579139821006292
2090-12-14,0.00581905468055253
2090-12-15,0.00583938929669101
2090-12-16,0.00584793995741083
2090-12-17,0.0111594834509194
2090-12-18,0.0144860905726573
2090-12-19,0.0252207155259527
2090-12-20,0.0663338298585661
2090-12-21,0.238381747560348
2090-12-22,0.572994344693779
2090-12-23,0.098386528302106
2090-12-24,0.0252126526763579
2090-12-25,0.0198944051275651
2090-12-26,0.0127044983141741
2090-12-27,0.00986550888423822
2090-12-28,0.00994575162132752
2090-12-29,0.0369008673869359
2090-12-30,0.118436798348194
2090-12-31,0.00724425711715066
2091-01-01,0.179020025998571
2091-01-02,0.239517812413301
2091-01-03,0.588359239427204
2091-01-04,0.329283807647843
2091-01-05,0.0553205466395201
2091-01-06,0.0118019431114058
2091-01-07,0.244567227162036
2091-01-08,0.0576390970039012
2091-01-09,0.0120364778892419
2091-01-10,0.510557117946122
2091-01-11,0.320279626030267
2091-01-12,0.291230277288696
2091-01-13,0.217755519233631
2091-01-14,0.162680725334818
2091-01-15,0.173450073874215
2091-01-16,0.174691284243327
2091-01-17,0.173253446692887
2091-01-18,0.170001562223991
2091-01-19,0.160364965492244
2091-01-20,0.154771738354678
2091-01-21,0.793743333753108
2091-01-22,11.4829507677756
2091-01-23,3.94484814376829
2091-01-24,1.13770190678955
2091-01-25,0.716334789140159
2091-01-26,0.708588662559853
2091-01-27,0.695339918190961
2091-01-28,0.673478066798762
2091-01-29,0.66253664015999
2091-01-30,0.64007247382987
2091-01-31,0.584253695201815
2091-02-01,0.522374411252795
2091-02-02,0.509693212280984
2091-02-03,0.448306878168478
2091-02-04,0.423604372794519
2091-02-05,0.398248022253003
2091-02-06,0.376072300789315
2091-02-07,0.351240574709714
2091-02-08,0.474690442256755
2091-02-09,1.41469831224585
2091-02-10,0.81633276907589
2091-02-11,0.743682393379208
2091-02-12,1.7278562714803
2091-02-13,0.842585708657705
2091-02-14,0.709029874934977
2091-02-15,0.748237432248843
2091-02-16,0.701641694562167
2091-02-17,0.667668516826364
2091-02-18,0.636141000347804
2091-02-19,0.608082899742907
2091-02-20,0.627078354573509
2091-02-21,0.876837514932717
2091-02-22,1.05176901881223
2091-02-23,0.667040235380034
2091-02-24,0.640613858237678
2091-02-25,0.62507282806603
2091-02-26,0.601235095791498
2091-02-27,0.572605406664966
2091-02-28,0.536369144803074
2091-03-01,0.429184232559761
2091-03-02,0.39819575842642
2091-03-03,0.34951681725647
2091-03-04,0.323220616245373
2091-03-05,0.409073271441208
2091-03-06,0.337991078133528
2091-03-07,0.311748301064222
2091-03-08,0.351625398828505
2091-03-09,0.406529477201623
2091-03-10,0.389859811530659
2091-03-11,0.340787018282932
2091-03-12,0.339932036845422
2091-03-13,0.336055676110915
2091-03-14,0.814227078512096
2091-03-15,0.844322973419663
2091-03-16,0.635425093105536
2091-03-17,0.608820958953175
2091-03-18,0.544379149559697
2091-03-19,0.526536507771415
2091-03-20,0.494853403593173
2091-03-21,0.682479683821879
2091-03-22,1.26333891782991
2091-03-23,0.823464958800065
2091-03-24,0.60540824555364
2091-03-25,0.573274998958125
2091-03-26,0.700987938440514
2091-03-27,0.5671361597984
2091-03-28,0.549882743476387
2091-03-29,0.526672223731332
2091-03-30,0.582054706579876
2091-03-31,0.510209340613947
2091-04-01,0.643866145357969
2091-04-02,0.722161020353244
2091-04-03,0.644957893273465
2091-04-04,0.58877939829422
2091-04-05,0.542928967515611
2091-04-06,0.498977291541925
2091-04-07,0.497745291757336
2091-04-08,0.419490174005107
2091-04-09,0.387474319806965
2091-04-10,0.35389526983131
2091-04-11,0.325774417944592
2091-04-12,0.295237485221025
2091-04-13,0.295346334176539
2091-04-14,0.245405584258303
2091-04-15,0.224104874137264
2091-04-16,0.201784583104642
2091-04-17,0.184842815481651
2091-04-18,0.169784795411174
2091-04-19,0.155391912276521
2091-04-20,0.138399983190888
2091-04-21,0.127098690985719
2091-04-22,0.117481162287038
2091-04-23,0.108357561912553
2091-04-24,0.0994969698392601
2091-04-25,0.0916980363332101
2091-04-26,0.0856375923301353
2091-04-27,0.0853533643057188
2091-04-28,0.0866356464741114
2091-04-29,0.0756284349141195
2091-04-30,0.0891908838272814
2091-05-01,0.0869122917358955
2091-05-02,0.0751854230778961
2091-05-03,0.0668471052455092
2091-05-04,0.0702573243733398
2091-05-05,0.0756208190711862
2091-05-06,0.0818693636712601
2091-05-07,0.0693149585714385
2091-05-08,0.0637582063706754
2091-05-09,0.0582322102825536
2091-05-10,0.0561602049323985
2091-05-11,0.0337205334067651
2091-05-12,0.0833096088810046
2091-05-13,0.13654877579572
2091-05-14,0.11476168457582
2091-05-15,0.0291494889518892
2091-05-16,0.0298101361715281
2091-05-17,0.0283340788055497
2091-05-18,0.0275096619984852
2091-05-19,0.026564992972965
2091-05-20,0.024873781081091
2091-05-21,0.0228721534904096
2091-05-22,0.0207211551691438
2091-05-23,0.0185747640594217
2091-05-24,0.016707960555191
2091-05-25,0.0184890267484807
2091-05-26,0.0143576189616648
2091-05-27,0.0134119797088756
2091-05-28,0.0124589472169757
2091-05-29,0.0466132675809087
2091-05-30,0.0110025571843562
2091-05-31,0.010487370205114
2091-06-01,0.00803104846176896
2091-06-02,0.00759431555311468
2091-06-03,0.00715482279339376
2091-06-04,0.0934495608175946
2091-06-05,0.102568149214728
2091-06-06,0.00699522751153822
2091-06-07,0.0110973551385987
2091-06-08,0.00728595677461228
2091-06-09,0.0104001397991217
2091-06-10,0.00686493563622512
2091-06-11,0.00656175253799669
2091-06-12,0.00617125687284143
2091-06-13,0.0057770362351657
2091-06-14,0.00543261791523056
2091-06-15,0.00513577622926171
2091-06-16,0.00488693137196303
2091-06-17,0.00468875035991905
2091-06-18,0.00453573573937854
2091-06-19,0.00441733069162939
2091-06-20,0.00430867673965045
2091-06-21,0.00420804594041397
2091-06-22,0.00411681614822464
2091-06-23,0.0049560139943573
2091-06-24,0.00396389205623647
2091-06-25,0.00393159595687733
2091-06-26,0.00382467580438048
2091-06-27,0.00374321845790605
2091-06-28,0.00366348713433969
2091-06-29,0.00358764264777524
2091-06-30,0.00351481634571497
2091-07-01,0.00631834383415271
2091-07-02,0.00619435742373813
2091-07-03,0.00607684749753054
2091-07-04,0.00596799633092829
2091-07-05,0.00586835440217139
2091-07-06,0.00577494506454553
2091-07-07,0.00568764192070341
2091-07-08,0.00560727549237565
2091-07-09,0.00553302366531634
2091-07-10,0.0054648038365948
2091-07-11,0.00540541343502652
2091-07-12,0.00535214115395597
2091-07-13,0.00530198986829318
2091-07-14,0.00525795315244204
2091-07-15,0.00521911448178569
2091-07-16,0.00518446979399142
2091-07-17,0.00515411778378051
2091-07-18,0.00512774333628152
2091-07-19,0.00510483395012939
2091-07-20,0.00508488610421964
2091-07-21,0.00506719622040309
2091-07-22,0.00505152267802981
2091-07-23,0.00503811151022106
2091-07-24,0.00502655189577985
2091-07-25,0.00501604422321194
2091-07-26,0.00500636253768054
2091-07-27,0.00499727241198458
2091-07-28,0.00498894556813
2091-07-29,0.00498171320688086
2091-07-30,0.00497570645491736
2091-07-31,0.00497068446457484
2091-08-01,0.0143170977972466
2091-08-02,0.0143054496665623
2091-08-03,0.0142950195497238
2091-08-04,0.0142857069721916
2091-08-05,0.0142775906585449
2091-08-06,0.0142703745177976
2091-08-07,0.0142636819130711
2091-08-08,0.0142576685572297
2091-08-09,0.0142522548528241
2091-08-10,0.0142472026990015
2091-08-11,0.0142424627738723
2091-08-12,0.0142380999428394
2091-08-13,0.0142340869749975
2091-08-14,0.0142302313571238
2091-08-15,0.014226433433703
2091-08-16,0.0142227236900103
2091-08-17,0.0142192013148965
2091-08-18,0.0142158867868035
2091-08-19,0.0142126221039442
2091-08-20,0.0142093580105557
2091-08-21,0.0142060948334921
2091-08-22,0.0142028318208
2091-08-23,0.0141995699757136
2091-08-24,0.0141963093870313
2091-08-25,0.0141930492754046
2091-08-26,0.0141897891685012
2091-08-27,0.0141865307610497
2091-08-28,0.0141832723668236
2091-08-29,0.0141800153461398
2091-08-30,0.0141767586220808
2091-08-31,0.0141735030439001
2091-09-01,0.0109031034565119
2091-09-02,0.0109005990749995
2091-09-03,0.0108980956115104
2091-09-04,0.0108955933771405
2091-09-05,0.0108930910497326
2091-09-06,0.0108905890632218
2091-09-07,0.0108880883676132
2091-09-08,0.0108855876661896
2091-09-09,0.0203074104761464
2091-09-10,0.010880588297095
2091-09-11,0.0108780892347393
2091-09-12,0.0108755910068181
2091-09-13,0.0108730935420992
2091-09-14,0.0108705965367555
2091-09-15,0.0108680998694013
2091-09-16,0.0108656040488382
2091-09-17,0.0108631085335561
2091-09-18,0.0108606139094036
2091-09-19,0.0108581196893848
2091-09-20,0.0108556261162709
2091-09-21,0.010853132992356
2091-09-22,0.0108506409420123
2091-09-23,0.0108481487622877
2091-09-24,0.0108456573166911
2091-09-25,0.0108431667367839
2091-09-26,0.0108406763618511
2091-09-27,0.0108381867552086
2091-09-28,0.0108356976493722
2091-09-29,0.0108332093539839
2091-09-30,0.0108307213704183
2091-10-01,0.00524336826531091
2091-10-02,0.00524216406897406
2091-10-03,0.0101653785242854
2091-10-04,0.00523975653087849
2091-10-05,0.00523855311555847
2091-10-06,0.00523734999237185
2091-10-07,0.00523614719933115
2091-10-08,0.00523494475297887
2091-10-09,0.00523374262339773
2091-10-10,0.00523254062158094
2091-10-11,0.00523133907450671
2091-10-12,0.00523013746654206
2091-10-13,0.00522893636893089
2091-10-14,0.00522773571233554
2091-10-15,0.0052265351599227
2091-10-16,0.00522533478208595
2091-10-17,0.00522413482661072
2091-10-18,0.00522293511223354
2091-10-19,0.00522173547493733
2091-10-20,0.00522053622656568
2091-10-21,0.00521933745123894
2091-10-22,0.00521813885541584
2091-10-23,0.00521694037292642
2091-10-24,0.00521574230963079
2091-10-25,0.00521454444942068
2091-10-26,0.00521334700840437
2091-10-27,0.00521214960540059
2091-10-28,0.00521095274865105
2091-10-29,0.00520975606858941
2091-10-30,0.00520855972113748
2091-10-31,0.00520736352960732
2091-11-01,0.00381066373209055
2091-11-02,0.00380978856244353
2091-11-03,0.00380891362826444
2091-11-04,0.0038080389177026
2091-11-05,0.0038071644261208
2091-11-06,0.00380629012749903
2091-11-07,0.00380541600947138
2091-11-08,0.00380454202978758
2091-11-09,0.00380366825929411
2091-11-10,0.00380279485874809
2091-11-11,0.00380192142110425
2091-11-12,0.00380104842889156
2091-11-13,0.00380017537304585
2091-11-14,0.00379930281776271
2091-11-15,0.00379843016329451
2091-11-16,0.00379755787774325
2091-11-17,0.00379668586218147
2091-11-18,0.00379581397440098
2091-11-19,0.00379494215592123
2091-11-20,0.00379407066282003
2091-11-21,0.00379319925267363
2091-11-22,0.0114184716675299
2091-11-23,0.00380717634584767
2091-11-24,0.00379058667695053
2091-11-25,0.00378971616848658
2091-11-26,0.00378884571644219
2091-11-27,0.00378797566912442
2091-11-28,0.00378710585959318
2091-11-29,0.111170377954105
2091-11-30,0.256107548630036
2091-12-01,0.00395199731062329
2091-12-02,0.00653301238808622
2091-12-03,0.00829723804238977
2091-12-04,0.00397275282572526
2091-12-05,0.0038595944785599
2091-12-06,0.00387245939457338
2091-12-07,0.00388417408970992
2091-12-08,0.00462417245936656
2091-12-09,0.00390400223038572
2091-12-10,0.00391201836810122
2091-12-11,0.00391847532298691
2091-12-12,0.00392330629809652
2091-12-13,0.00685146125580682
2091-12-14,0.0047180015646988
2091-12-15,0.00393599123362106
2091-12-16,0.00393989685611119
2091-12-17,0.00394318033460891
2091-12-18,0.00394537039329564
2091-12-19,0.00394669787640895
2091-12-20,0.00394805801103012
2091-12-21,0.00430903655027093
2091-12-22,0.00395102617892887
2091-12-23,0.00395147328637344
2091-12-24,0.00395166174071714
2091-12-25,0.0039517482229569
2091-12-26,0.00395114577663006
2091-12-27,0.00394965442072352
2091-12-28,0.00394737332970099
2091-12-29,0.00394460633337186
2091-12-30,0.0039420764034136
2091-12-31,0.00393960452307201
2092-01-01,0.00264973540855714
2092-01-02,0.0026477407022565
2092-01-03,0.00264600010937625
2092-01-04,0.00264444197546873
2092-01-05,0.00264290265357109
2092-01-06,0.0031767119415346
2092-01-07,0.00263958401412428
2092-01-08,0.00263780499828207
2092-01-09,0.0026359781180801
2092-01-10,0.00263417613694292
2092-01-11,0.00263244886340979
2092-01-12,0.002630669091305
2092-01-13,0.00262869067787393
2092-01-14,0.00262675625640511
2092-01-15,0.0026247447263417
2092-01-16,0.0026228241752386
2092-01-17,0.00262116442438133
2092-01-18,0.00261951339422568
2092-01-19,0.00261780021642762
2092-01-20,0.00261615677075802
2092-01-21,0.00268985700565276
2092-01-22,0.00261339925437307
2092-01-23,0.00261208954673587
2092-01-24,0.00290456853466689
2092-01-25,0.0706976366973401
2092-01-26,0.0259378376533259
2092-01-27,0.00377384864706939
2092-01-28,0.00378692822877537
2092-01-29,0.00648860946970565
2092-01-30,0.00428778886179968
2092-01-31,0.00350160292701846
2092-02-01,0.00438701076177071
2092-02-02,0.0040074168967237
2092-02-03,0.00405534559732584
2092-02-04,0.00541936362897595
2092-02-05,0.00362917297993745
2092-02-06,0.0025376859747403
2092-02-07,0.00250615834413381
2092-02-08,0.00250679639175052
2092-02-09,0.00250705970824481
2092-02-10,0.0025069869311688
2092-02-11,0.00250665644048715
2092-02-12,0.00250606465096918
2092-02-13,0.00250525927763414
2092-02-14,0.00250437154583987
2092-02-15,0.00250346714111963
2092-02-16,0.00250238842630146
2092-02-17,0.00250112466396919
2092-02-18,0.00249993292956768
2092-02-19,0.0175114712231906
2092-02-20,0.00325328856279553
2092-02-21,0.00249819760630763
2092-02-22,0.0024971747911157
2092-02-23,0.00249606813479162
2092-02-24,0.00249480195023968
2092-02-25,0.00249334920974834
2092-02-26,0.00249175666636062
2092-02-27,0.00249032778005603
2092-02-28,0.0024891710870104
2092-02-29,0.00248799875395874
2092-03-01,0.00214072897860094
2092-03-02,0.00213945220818602
2092-03-03,0.00213818509503587
2092-03-04,0.00213700840971646
2092-03-05,0.00213589953178929
2092-03-06,0.00213483591118782
2092-03-07,0.00213379285321705
2092-03-08,0.0233084857988339
2092-03-09,0.0450406133039462
2092-03-10,0.00213225164970596
2092-03-11,0.00213277246002482
2092-03-12,0.00213323100059566
2092-03-13,0.00213354041782558
2092-03-14,0.00318459116662496
2092-03-15,0.00230185288416554
2092-03-16,0.00213432109964981
2092-03-17,0.0129852969234712
2092-03-18,0.154521080104743
2092-03-19,0.109999765223209
2092-03-20,0.00278061936556151
2092-03-21,0.00229522369168099
2092-03-22,0.0023484645911313
2092-03-23,0.00233865091594649
2092-03-24,0.00234636204119065
2092-03-25,0.00234776737217279
2092-03-26,0.0023450509002217
2092-03-27,0.00234116995534762
2092-03-28,0.0023378121866921
2092-03-29,0.00233394241107877
2092-03-30,0.00232779372108217
2092-03-31,0.00232038027611138
2092-04-01,0.0032034765289576
2092-04-02,0.00319303848137624
2092-04-03,0.0031789299949473
2092-04-04,0.0031649810629059
2092-04-05,0.00315379094209663
2092-04-06,0.00314428566234348
2092-04-07,0.107653260549957
2092-04-08,0.0119410683475941
2092-04-09,0.00314180757735842
2092-04-10,0.00314068586486858
2092-04-11,0.00313616196389225
2092-04-12,0.00313006289765432
2092-04-13,0.00312189467398144
2092-04-14,0.00311198664620422
2092-04-15,0.0418434381817203
2092-04-16,0.310166582631068
2092-04-17,0.0689508313985931
2092-04-18,0.00563560608557884
2092-04-19,0.00419410953466906
2092-04-20,0.00346134279003146
2092-04-21,0.00347617334395673
2092-04-22,0.00347842413264385
2092-04-23,0.00347150684020938
2092-04-24,0.00345705215853843
2092-04-25,0.00343874950348101
2092-04-26,0.00344356706600526
2092-04-27,0.061095080902553
2092-04-28,0.117543235585107
2092-04-29,0.00609732759503306
2092-04-30,0.0632063503716478
2092-05-01,0.0546367402120203
2092-05-02,0.0190712721973681
2092-05-03,0.00801451225943777
2092-05-04,0.00574263445091206
2092-05-05,0.00411725894495298
2092-05-06,0.00409922190839551
2092-05-07,0.00865914275290784
2092-05-08,0.00404929216432232
2092-05-09,0.00401180288607434
2092-05-10,0.00396594249132665
2092-05-11,0.0039142616062681
2092-05-12,0.00386257777563093
2092-05-13,0.00381692131333171
2092-05-14,0.00377817134860755
2092-05-15,0.00374346740246091
2092-05-16,0.00371136208727119
2092-05-17,0.0036795476010856
2092-05-18,0.00364462231555489
2092-05-19,0.00360662886721278
2092-05-20,0.00356977573289671
2092-05-21,0.0035362456155037
2092-05-22,0.00350660375635038
2092-05-23,0.00348075464675934
2092-05-24,0.00345817346537216
2092-05-25,0.00343839642189592
2092-05-26,0.00342074107893467
2092-05-27,0.0034046543355892
2092-05-28,0.00339069361911869
2092-05-29,0.00337916220983019
2092-05-30,0.00336954175075201
2092-05-31,0.00336134710397894
2092-06-01,0.00300504221412923
2092-06-02,0.00271150948415741
2092-06-03,0.00433387518466709
2092-06-04,0.00270528369043075
2092-06-05,0.00270284542529479
2092-06-06,0.00270065194969729
2092-06-07,0.00269863647526701
2092-06-08,0.00269672059878411
2092-06-09,0.00269495728393678
2092-06-10,0.00269352102244929
2092-06-11,0.00269238176971783
2092-06-12,0.00269143073747706
2092-06-13,0.00269055976315275
2092-06-14,0.00268977675085056
2092-06-15,0.00268903815314928
2092-06-16,0.00268832491335223
2092-06-17,0.00268764780074094
2092-06-18,0.00268700318762878
2092-06-19,0.00268636671707438
2092-06-20,0.00268574196425127
2092-06-21,0.00268512555832237
2092-06-22,0.00268450935494376
2092-06-23,0.00268389303475044
2092-06-24,0.00268327687138176
2092-06-25,0.0026826609536098
2092-06-26,0.00268204493081175
2092-06-27,0.00268142912342435
2092-06-28,0.00268081348875839
2092-06-29,0.0026801978219416
2092-06-30,0.0026795823541028
2092-07-01,0.00491462991555483
2092-07-02,0.00491350134885322
2092-07-03,0.00491237291125558
2092-07-04,0.00491124485670998
2092-07-05,0.00491011693814948
2092-07-06,0.00490898940133036
2092-07-07,0.00490786193791042
2092-07-08,0.00490673478316032
2092-07-09,0.00490560788727344
2092-07-10,0.00490448120109857
2092-07-11,0.00490335490354621
2092-07-12,0.00490222874787713
2092-07-13,0.00490110296248078
2092-07-14,0.00489997722525263
2092-07-15,0.00489885175770101
2092-07-16,0.00489772672431874
2092-07-17,0.00489660194979969
2092-07-18,0.00489547737843914
2092-07-19,0.00489435300237288
2092-07-20,0.00489322898674909
2092-07-21,0.004892105116613
2092-07-22,0.00489098164853411
2092-07-23,0.00488985827875772
2092-07-24,0.00488873513573239
2092-07-25,0.00488761238886615
2092-07-26,0.00488649000768517
2092-07-27,0.00488536767925987
2092-07-28,0.00488424557070447
2092-07-29,0.00488312392253242
2092-07-30,0.00488200242672925
2092-07-31,0.00488088126417152
2092-08-01,0.0140680173727055
2092-08-02,0.0140647858466332
2092-08-03,0.014241159373672
2092-08-04,0.0145259201842161
2092-08-05,0.0140550978423381
2092-08-06,0.0140518693325802
2092-08-07,0.0140486424117484
2092-08-08,0.0140454157365295
2092-08-09,0.0140421901816829
2092-08-10,0.0140389649310183
2092-08-11,0.0140357411908726
2092-08-12,0.0140325176103752
2092-08-13,0.0140292949745426
2092-08-14,0.0140260730642125
2092-08-15,0.0140228512691314
2092-08-16,0.0140196306907786
2092-08-17,0.0140164110004106
2092-08-18,0.0140131919325765
2092-08-19,0.0140099732029325
2092-08-20,0.0140067561094478
2092-08-21,0.014003538745789
2092-08-22,0.0140003233092462
2092-08-23,0.0139971078859287
2092-08-24,0.0139938929491135
2092-08-25,0.0139906791827378
2092-08-26,0.013987465704485
2092-08-27,0.0139842534618537
2092-08-28,0.0351495509659805
2092-08-29,0.0139778306618727
2092-08-30,0.0139746204474364
2092-08-31,0.0139714113335346
2092-09-01,0.0107476424144536
2092-09-02,0.0107451736803039
2092-09-03,0.0107427060945921
2092-09-04,0.0107402386193629
2092-09-05,0.0107377719545818
2092-09-06,0.0107353058167739
2092-09-07,0.0107328405897206
2092-09-08,0.0107303755741834
2092-09-09,0.0107279113981688
2092-09-10,0.0107254474663789
2092-09-11,0.0107229839801537
2092-09-12,0.0107205213334511
2092-09-13,0.0107180595684289
2092-09-14,0.0107155976791137
2092-09-15,0.0107131370203715
2092-09-16,0.0107106762831284
2092-09-17,0.0107082167866341
2092-09-18,0.0107057574311507
2092-09-19,0.0107032986920439
2092-09-20,0.0107008406332775
2092-09-21,0.0106983831269242
2092-09-22,0.0106959260297927
2092-09-23,0.0106934696595205
2092-09-24,0.0106910134905885
2092-09-25,0.0106885584475614
2092-09-26,0.0106861034852158
2092-09-27,0.0106836491472424
2092-09-28,0.0106811953893027
2092-09-29,0.0106787428379495
2092-09-30,0.0106762903650972
2092-10-01,0.00516860483348182
2092-10-02,0.00516741785893593
2092-10-03,0.0051662311078897
2092-10-04,0.00516504459829344
2092-10-05,0.00516385845685566
2092-10-06,0.00516267240692954
2092-10-07,0.00516148669735641
2092-10-08,0.005160301374948
2092-10-09,0.00515911640098785
2092-10-10,0.00515793142773164
2092-10-11,0.00515674687789284
2092-10-12,0.00559455240421907
2092-10-13,0.0051543786239942
2092-10-14,0.00515319479885738
2092-10-15,0.00515201118349346
2092-10-16,0.00515082796796511
2092-10-17,0.00514964517092662
2092-10-18,0.00514846244498566
2092-10-19,0.00514728001645759
2092-10-20,0.0638318243685544
2092-10-21,0.0444726764578637
2092-10-22,0.0671310031388458
2092-10-23,0.581789010302866
2092-10-24,0.291796697019497
2092-10-25,0.0409389498610857
2092-10-26,0.291328039316
2092-10-27,1.19528455365543
2092-10-28,0.00702860841944917
2092-10-29,0.00734113379543119
2092-10-30,0.00744077437286521
2092-10-31,0.00748762872776862
2092-11-01,0.00549393323300533
2092-11-02,0.00549320193297784
2092-11-03,0.00548308189936756
2092-11-04,0.00546360495229088
2092-11-05,0.00544192037894845
2092-11-06,0.082895271569458
2092-11-07,0.158194837362617
2092-11-08,0.0057747968614696
2092-11-09,0.0058290306774182
2092-11-10,0.00583517250192458
2092-11-11,0.00558311222931285
2092-11-12,0.0536099841992617
2092-11-13,0.019228886708676
2092-11-14,0.00565219176933892
2092-11-15,0.00565303734499473
2092-11-16,0.00901382859310516
2092-11-17,0.00565678536590192
2092-11-18,0.0056532025584686
2092-11-19,0.00580294911447845
2092-11-20,0.00563778423820537
2092-11-21,0.00562259068625439
2092-11-22,0.00560425141615472
2092-11-23,0.00559077202387549
2092-11-24,0.00557708285182275
2092-11-25,0.00555802705228477
2092-11-26,0.00553399155884572
2092-11-27,0.00550056736119296
2092-11-28,0.0054640743145941
2092-11-29,0.00543348630295879
2092-11-30,0.00541095978439178
2092-12-01,0.00607898414354724
2092-12-02,0.00966748885914387
2092-12-03,0.00537571339892073
2092-12-04,0.00535646331092251
2092-12-05,0.00682014152316628
2092-12-06,0.00532127868859814
2092-12-07,0.0053062399120646
2092-12-08,0.00529412592531474
2092-12-09,0.00528367824493011
2092-12-10,0.00527151595133146
2092-12-11,0.00525915650529011
2092-12-12,0.0057082522410517
2092-12-13,0.0052273569925615
2092-12-14,0.00520828871973096
2092-12-15,0.0100415596062977
2092-12-16,0.00517653279544306
2092-12-17,0.00515661346726475
2092-12-18,0.0051379950118833
2092-12-19,0.0052035858231366
2092-12-20,0.00513209126676417
2092-12-21,0.0478522220247058
2092-12-22,0.00708636710044799
2092-12-23,0.00507748750876144
2092-12-24,0.0112011631323809
2092-12-25,0.0059738940121157
2092-12-26,0.00504423395359454
2092-12-27,0.0050321846038292
2092-12-28,0.00501896116225869
2092-12-29,0.00500238221803362
2092-12-30,0.00498542177713558
2092-12-31,0.00497010760547777
2093-01-01,0.00333611908891886
2093-01-02,0.0384859242230278
2093-01-03,0.151137845787118
2093-01-04,0.053561016357284
2093-01-05,0.296368749518257
2093-01-06,0.912037034263631
2093-01-07,0.252655309592096
2093-01-08,2.69948459138078
2093-01-09,2.84594995609484
2093-01-10,1.49466116774964
2093-01-11,2.29236532738842
2093-01-12,0.59788309032604
2093-01-13,0.123487098806696
2093-01-14,0.141736202398432
2093-01-15,0.202996184936479
2093-01-16,0.159580896560566
2093-01-17,0.166759318786797
2093-01-18,0.159720639244254
2093-01-19,0.288218136823775
2093-01-20,0.206191583090131
2093-01-21,0.315357431736539
2093-01-22,0.259542794269794
2093-01-23,0.235632132557869
2093-01-24,0.238281789568941
2093-01-25,0.239014231253096
2093-01-26,0.229769968263832
2093-01-27,0.222755009823587
2093-01-28,0.205534315756071
2093-01-29,0.194343430414465
2093-01-30,0.225559031880044
2093-01-31,0.232606923520337
2093-02-01,1.1547813700637
2093-02-02,0.68927619263759
2093-02-03,0.562724099809153
2093-02-04,0.533112251613891
2093-02-05,0.517504964212653
2093-02-06,0.487008104941865
2093-02-07,0.447603850485053
2093-02-08,0.417808169670294
2093-02-09,0.399220029997989
2093-02-10,0.366976234666552
2093-02-11,0.336658520647547
2093-02-12,0.313217574748686
2093-02-13,0.305687532423633
2093-02-14,0.289584301204408
2093-02-15,0.293535368030258
2093-02-16,0.264164678461247
2093-02-17,0.243318452925345
2093-02-18,0.252702678269903
2093-02-19,0.213373050234797
2093-02-20,0.198724747130636
2093-02-21,0.184816512837315
2093-02-22,0.170530211398236
2093-02-23,0.156296065646905
2093-02-24,0.143625839704004
2093-02-25,0.132289913628855
2093-02-26,0.127913713348257
2093-02-27,0.117391695858293
2093-02-28,0.113406080534044
2093-03-01,0.0896393301645298
2093-03-02,0.0845806053173888
2093-03-03,0.0785630816748752
2093-03-04,0.0734346106135055
2093-03-05,0.206814412621752
2093-03-06,0.125432638491076
2093-03-07,0.265480367551692
2093-03-08,0.249261035764669
2093-03-09,0.163436112239787
2093-03-10,0.17704160774528
2093-03-11,0.178949109195072
2093-03-12,0.170680866426704
2093-03-13,0.162054168609804
2093-03-14,0.151680447757689
2093-03-15,0.139469557443951
2093-03-16,0.26753744352854
2093-03-17,0.385395662812843
2093-03-18,0.505633435102344
2093-03-19,0.408598767792452
2093-03-20,0.715837592886297
2093-03-21,1.50142687563961
2093-03-22,0.713655426049651
2093-03-23,0.578062191726103
2093-03-24,0.567591781919171
2093-03-25,0.539603711504891
2093-03-26,0.513360427867292
2093-03-27,0.724431290147133
2093-03-28,0.568911650629639
2093-03-29,0.492702296245569
2093-03-30,0.825905616072268
2093-03-31,0.662614767549234
2093-04-01,0.741763298548111
2093-04-02,0.725128373506996
2093-04-03,0.712416140604867
2093-04-04,0.650131011497272
2093-04-05,0.593686070748061
2093-04-06,0.528429408457767
2093-04-07,0.465771746766285
2093-04-08,0.416306286901161
2093-04-09,0.366928666702514
2093-04-10,0.322790649751868
2093-04-11,0.28279690459637
2093-04-12,0.248799733722852
2093-04-13,0.222735151014301
2093-04-14,0.195949341193266
2093-04-15,0.172751075587244
2093-04-16,0.155835712444071
2093-04-17,0.134363348738007
2093-04-18,0.117339647261518
2093-04-19,0.101918925578384
2093-04-20,0.112418826572356
2093-04-21,0.110497324882652
2093-04-22,0.161369529092302
2093-04-23,0.126727396249251
2093-04-24,0.0920806534536517
2093-04-25,0.0853570460818164
2093-04-26,0.0775803159632559
2093-04-27,0.0673713435278632
2093-04-28,0.0559966563139315
2093-04-29,0.045513362772967
2093-04-30,0.0376561407742739
2093-05-01,0.0368929122890578
2093-05-02,0.0321412937987232
2093-05-03,0.0278278799654106
2093-05-04,0.0238314110389104
2093-05-05,0.020793962679291
2093-05-06,0.168932810167269
2093-05-07,0.0207431310965623
2093-05-08,0.0185845852108119
2093-05-09,0.0171652185960786
2093-05-10,0.0153021422898191
2093-05-11,0.0137826101680165
2093-05-12,0.0425728645357059
2093-05-13,0.0284728089128516
2093-05-14,0.0133107291847861
2093-05-15,0.0126652397301359
2093-05-16,0.0119053678260993
2093-05-17,0.011151855294402
2093-05-18,0.0103243854628145
2093-05-19,0.00959953473425653
2093-05-20,0.00910787654648073
2093-05-21,0.00877370078040422
2093-05-22,0.0085116800869699
2093-05-23,0.00826889156056539
2093-05-24,0.00806409844975237
2093-05-25,0.00790900679912345
2093-05-26,0.00778148903536985
2093-05-27,0.00766113614299358
2093-05-28,0.00753868726599679
2093-05-29,0.00742481502966387
2093-05-30,0.00732519426886189
2093-05-31,0.00723191044413629
2093-06-01,0.00578085815819041
2093-06-02,0.00570706290086713
2093-06-03,0.00563351666859839
2093-06-04,0.00556488750202485
2093-06-05,0.00549108509328281
2093-06-06,0.00540613010681269
2093-06-07,0.00531867540423226
2093-06-08,0.00523281528584835
2093-06-09,0.00514699011614323
2093-06-10,0.00505897190291218
2093-06-11,0.00497316587688958
2093-06-12,0.00488891295583444
2093-06-13,0.00479852088274688
2093-06-14,0.00470226477487521
2093-06-15,0.00461184666317865
2093-06-16,0.0045387219577303
2093-06-17,0.00806122478401067
2093-06-18,0.00439054341634508
2093-06-19,0.0224565441389772
2093-06-20,0.0042496444698407
2093-06-21,0.00712543110207045
2093-06-22,0.00409343927627257
2093-06-23,0.0040065101513514
2093-06-24,0.0065627838623192
2093-06-25,0.00384025940138981
2093-06-26,0.00376283968043395
2093-06-27,0.0037001236808455
2093-06-28,0.00361327000716111
2093-06-29,0.00354228088632708
2093-06-30,0.00477811981406018
2093-07-01,0.00624820236467888
2093-07-02,0.00612989674007162
2093-07-03,0.00601804731003652
2093-07-04,0.00590920134887903
2093-07-05,0.00580455764110012
2093-07-06,0.00571096998406019
2093-07-07,0.00562517921557423
2093-07-08,0.00554194432766996
2093-07-09,0.00546849466272695
2093-07-10,0.00540279227765646
2093-07-11,0.00534067476763436
2093-07-12,0.00528455721130294
2093-07-13,0.00523461685723438
2093-07-14,0.00519142610971243
2093-07-15,0.00515363051371672
2093-07-16,0.00512151577954892
2093-07-17,0.00509383446788849
2093-07-18,0.00506809325097996
2093-07-19,0.00504627496123996
2093-07-20,0.00502802341137654
2093-07-21,0.00501248207570024
2093-07-22,0.00500029446429339
2093-07-23,0.00499086511962663
2093-07-24,0.00498333123906864
2093-07-25,0.00497722830302953
2093-07-26,0.00497167581246293
2093-07-27,0.00496641396534487
2093-07-28,0.00496154875044175
2093-07-29,0.00495768469762009
2093-07-30,0.00495515509853794
2093-07-31,0.00495333692017792
2093-08-01,0.0142753467737676
2093-08-02,0.0142707651820025
2093-08-03,0.0142663496424569
2093-08-04,0.0142622186198652
2093-08-05,0.0142583142572919
2093-08-06,0.0142546813554615
2093-08-07,0.0142513491423002
2093-08-08,0.0142480761822887
2093-08-09,0.0142448036955542
2093-08-10,0.0142415322460616
2093-08-11,0.0142382618016922
2093-08-12,0.0142349917181848
2093-08-13,0.0142317223261719
2093-08-14,0.0142284538788238
2093-08-15,0.0142251866831564
2093-08-16,0.0142219195111056
2093-08-17,0.0142186535793996
2093-08-18,0.0142153877194881
2093-08-19,0.0142121227588974
2093-08-20,0.0142088594193515
2093-08-21,0.0142055960505208
2093-08-22,0.0142023337973392
2093-08-23,0.0305574923120112
2093-08-24,0.014195811100009
2093-08-25,0.0141925513284616
2093-08-26,0.0141892915701396
2093-08-27,0.0141860330965615
2093-08-28,0.0141827749951814
2093-08-29,0.0141795178337426
2093-08-30,0.0141762614365376
2093-08-31,0.0141730054238112
2093-09-01,0.0109027204670551
2093-09-02,0.0109002169752185
2093-09-03,0.0108977138061075
2093-09-04,0.0108952107438448
2093-09-05,0.0108927086810138
2093-09-06,0.0108902071088127
2093-09-07,0.0108877062787351
2093-09-08,0.0108852056797987
2093-09-09,0.0108827060432241
2093-09-10,0.0108802067395511
2093-09-11,0.010877707792766
2093-09-12,0.0108752094776217
2093-09-13,0.0108727123959577
2093-09-14,0.0108702155737825
2093-09-15,0.0108677189529473
2093-09-16,0.0108652231927135
2093-09-17,0.010862727886767
2093-09-18,0.010860233455959
2093-09-19,0.0108577392562922
2093-09-20,0.0108552450929685
2093-09-21,0.0108527521783892
2093-09-22,0.010850260337381
2093-09-23,0.0108477684324092
2093-09-24,0.0108452769555577
2093-09-25,0.0138565408782374
2093-09-26,0.0108402962253171
2093-09-27,0.0108378067829449
2093-09-28,0.0108353179315092
2093-09-29,0.0108328294885685
2093-09-30,0.0108303419222202
2093-10-01,0.00524318424204478
2093-10-02,0.0052419801294763
2093-10-03,0.00524077623759169
2093-10-04,0.00523957272196083
2093-10-05,0.00523836963573084
2093-10-06,0.00523716651219225
2093-10-07,0.00523596390463866
2093-10-08,0.00523476125731269
2093-10-09,0.00523355901650966
2093-10-10,0.00523235731597743
2093-10-11,0.0052311556108696
2093-10-12,0.00522995419719124
2093-10-13,0.00522875310943517
2093-10-14,0.00522755225186614
2093-10-15,0.00522635180082006
2093-10-16,0.00576997212852706
2093-10-17,0.00522395163750861
2093-10-18,0.00522275183901108
2093-10-19,0.00522155261985278
2093-10-20,0.00522035352669898
2093-10-21,0.00521915453596787
2093-10-22,0.005217955882774
2093-10-23,0.00521675758823545
2093-10-24,0.00703550255543864
2093-10-25,0.00521436172139654
2093-10-26,0.00521316436414861
2093-10-27,0.00521196714276028
2093-10-28,0.00521077027932335
2093-10-29,0.00672070848285559
2093-10-30,0.00520837707301007
2093-10-31,0.00520718101909938
2093-11-01,0.003810530154017
2093-11-02,0.00380965501863391
2093-11-03,0.00380878009527501
2093-11-04,0.00380790546019688
2093-11-05,0.00380703097943525
2093-11-06,0.0144981295821015
2093-11-07,0.00383367661328189
2093-11-08,0.00594462546046923
2093-11-09,0.00380353509470637
2093-11-10,0.00380266153778284
2093-11-11,0.00380178826914007
2093-11-12,0.00380091511127544
2093-11-13,0.00380004232696495
2093-11-14,0.00379916954162397
2093-11-15,0.0634801228119477
2093-11-16,0.00379742497515867
2093-11-17,0.00379655332516472
2093-11-18,0.00379653161574256
2093-11-19,0.00379481141814744
2093-11-20,0.00379394114463616
2093-11-21,0.0037930709705676
2093-11-22,0.00379220144957476
2093-11-23,0.00386045726196867
2093-11-24,0.00528749768430221
2093-11-25,0.00378959396784231
2093-11-26,0.00403579167164288
2093-11-27,0.00378785702291241
2093-11-28,0.00378698907058941
2093-11-29,0.00378612123445466
2093-11-30,0.00378525344546502
2093-12-01,0.00378627252571959
2093-12-02,0.00394550823906516
2093-12-03,0.00380965542474894
2093-12-04,0.00386443962616322
2093-12-05,0.00378280227651424
2093-12-06,0.00382255943168849
2093-12-07,0.00378106833473549
2093-12-08,0.00517419617149439
2093-12-09,0.00382822748786344
2093-12-10,0.0129031405531117
2093-12-11,0.00393007848599782
2093-12-12,0.00390791763250223
2093-12-13,0.00377587066384598
2093-12-14,0.00377500527800252
2093-12-15,0.003774139947318
2093-12-16,0.00377327495609286
2093-12-17,0.00377241014684062
2093-12-18,0.00377154544403998
2093-12-19,0.00377068086831105
2093-12-20,0.00376981653693104
2093-12-21,0.00376895250557434
2093-12-22,0.00376808853633589
2093-12-23,0.00376722470989203
2093-12-24,0.00376636114351995
2093-12-25,0.00376549765705099
2093-12-26,0.00376463425692893
2093-12-27,0.00376377103620228
2093-12-28,0.00376290790182255
2093-12-29,0.00376204497390216
2093-12-30,0.0145364866138047
2093-12-31,0.00393455332980874
2094-01-01,0.00253051447543178
2094-01-02,0.00496238369560032
2094-01-03,0.0357581415800397
2094-01-04,0.231100040600723
2094-01-05,1.94125011475304
2094-01-06,7.5190106095907
2094-01-07,0.539645209627656
2094-01-08,0.0488678588384976
2094-01-09,0.56312601586418
2094-01-10,0.426982571671244
2094-01-11,0.0541244617014718
2094-01-12,0.010877420570355
2094-01-13,0.0104537778716408
2094-01-14,0.0103282939100105
2094-01-15,0.00592133783523204
2094-01-16,0.00626037661767043
2094-01-17,0.00594346489355434
2094-01-18,0.00656490516895751
2094-01-19,0.14424171808477
2094-01-20,0.27473844275722
2094-01-21,0.071967327395235
2094-01-22,0.636526622165231
2094-01-23,1.09688717778268
2094-01-24,0.138385944712278
2094-01-25,0.188384233688186
2094-01-26,0.289541455133152
2094-01-27,0.164873931810792
2094-01-28,0.184108595649294
2094-01-29,0.184104665454533
2094-01-30,0.176700648850954
2094-01-31,0.171074309600248
2094-02-01,0.156878432853656
2094-02-02,0.148740277655193
2094-02-03,0.139041283970899
2094-02-04,0.131418216416389
2094-02-05,0.124937078006284
2094-02-06,0.117576350456763
2094-02-07,0.112106532663708
2094-02-08,0.105213629904274
2094-02-09,0.0950335183787507
2094-02-10,0.0879859502063536
2094-02-11,0.0828646493962525
2094-02-12,0.0767895149644927
2094-02-13,0.0706638378269636
2094-02-14,0.0665486236031678
2094-02-15,0.0632291834832909
2094-02-16,0.0591165513486493
2094-02-17,0.0545495049391761
2094-02-18,0.0535339243270684
2094-02-19,0.0495915770507351
2094-02-20,0.0755203074305707
2094-02-21,0.309657659296122
2094-02-22,0.0751120475298451
2094-02-23,0.0745850048756061
2094-02-24,0.079149781152697
2094-02-25,0.0801907252434472
2094-02-26,0.0798516156452981
2094-02-27,0.0793477423596946
2094-02-28,0.0939830529879273
2094-03-01,0.259519293987311
2094-03-02,0.145503839623885
2094-03-03,0.105670287140704
2094-03-04,0.113138451430649
2094-03-05,0.113288072574839
2094-03-06,0.108876531818158
2094-03-07,0.101984523112833
2094-03-08,0.0943928562274223
2094-03-09,0.0804913136983183
2094-03-10,0.0751928821918029
2094-03-11,0.0774862100039868
2094-03-12,0.067798376634801
2094-03-13,0.078470772153892
2094-03-14,0.196907308348364
2094-03-15,0.13936248856265
2094-03-16,0.0877083870834861
2094-03-17,0.0894387738133777
2094-03-18,0.0876775329569975
2094-03-19,0.082303412148821
2094-03-20,0.0756873164577629
2094-03-21,0.146600464668458
2094-03-22,0.264313974643501
2094-03-23,0.768782174096022
2094-03-24,0.603831129824157
2094-03-25,0.383721170959472
2094-03-26,0.404106834072033
2094-03-27,0.38421101638294
2094-03-28,0.358512197303462
2094-03-29,0.33292540577705
2094-03-30,0.303042261295161
2094-03-31,0.273011451616058
2094-04-01,0.343046787286781
2094-04-02,0.311037751438953
2094-04-03,0.279893723449194
2094-04-04,0.249882132095878
2094-04-05,0.255198067586747
2094-04-06,0.210566002705618
2094-04-07,0.279466623354274
2094-04-08,0.333517358435472
2094-04-09,0.198862648921378
2094-04-10,0.194724727392993
2094-04-11,0.18237950324781
2094-04-12,0.168924180452725
2094-04-13,0.174778301888188
2094-04-14,0.151584087535542
2094-04-15,0.139234131239793
2094-04-16,0.125159260069996
2094-04-17,0.110214313601086
2094-04-18,0.0963137325570503
2094-04-19,0.0847975195752123
2094-04-20,0.0803539486857612
2094-04-21,0.0728260260696732
2094-04-22,0.0637820424375245
2094-04-23,0.0548619732797778
2094-04-24,0.0455676562493672
2094-04-25,0.03643349164584
2094-04-26,0.0282542435131996
2094-04-27,0.0217580976068691
2094-04-28,0.0170515759983367
2094-04-29,0.0136030269056213
2094-04-30,0.0112058800683772
2094-05-01,0.010780487629519
2094-05-02,0.0097532141663706
2094-05-03,0.00923783138888988
2094-05-04,0.00894602210765291
2094-05-05,0.00870070807698405
2094-05-06,0.0102351199991172
2094-05-07,0.0083689506887792
2094-05-08,0.00828187324943696
2094-05-09,0.00820690344539147
2094-05-10,0.00812211777743493
2094-05-11,0.00802927652512774
2094-05-12,0.00793894667625793
2094-05-13,0.0245181114404763
2094-05-14,0.00822819901430854
2094-05-15,0.00774269728799879
2094-05-16,0.00763999613416638
2094-05-17,0.00751868742071738
2094-05-18,0.0074064189903946
2094-05-19,0.00730455343036762
2094-05-20,0.0071942683845713
2094-05-21,0.00707856271550831
2094-05-22,0.00695216335552981
2094-05-23,0.00681480675367565
2094-05-24,0.00667831598822481
2094-05-25,0.00654583468881667
2094-05-26,0.0216262293709105
2094-05-27,0.00634186674026849
2094-05-28,0.00624430435864578
2094-05-29,0.00612132045865953
2094-05-30,0.00597783365401456
2094-05-31,0.00583003935740258
2094-06-01,0.00459837577045891
2094-06-02,0.00447689510572912
2094-06-03,0.00435752374122933
2094-06-04,0.00424447207288206
2094-06-05,0.0041404097697163
2094-06-06,0.00404004157926475
2094-06-07,0.00394175823225557
2094-06-08,0.00384290967488799
2094-06-09,0.00374313575451121
2094-06-10,0.00364661134394064
2094-06-11,0.00355411010601386
2094-06-12,0.00346673189064173
2094-06-13,0.00338525865272098
2094-06-14,0.00331126830123578
2094-06-15,0.00324807527783111
2094-06-16,0.00319175390764621
2094-06-17,0.00313710451159033
2094-06-18,0.00308422451314232
2094-06-19,0.00303444040635261
2094-06-20,0.00298810797778777
2094-06-21,0.00294554405898355
2094-06-22,0.00290823947658473
2094-06-23,0.00293288758922334
2094-06-24,0.00284846902310507
2094-06-25,0.00282424558074604
2094-06-26,0.00280350484413836
2094-06-27,0.00278618064863711
2094-06-28,0.00277129948141894
2094-06-29,0.00275830028494244
2094-06-30,0.00274691141317846
2094-07-01,0.00502086165228952
2094-07-02,0.00500524945329413
2094-07-03,0.00499301398823301
2094-07-04,0.00498337780627091
2094-07-05,0.00497570873881198
2094-07-06,0.00496987365020065
2094-07-07,0.00496528920983099
2094-07-08,0.00496214106950011
2094-07-09,0.00496007596444915
2094-07-10,0.00495843331010794
2094-07-11,0.00495682827613132
2094-07-12,0.00495523760414912
2094-07-13,0.00495373355075448
2094-07-14,0.0049523681520451
2094-07-15,0.00495113847074245
2094-07-16,0.00494998905375413
2094-07-17,0.0049488522768282
2094-07-18,0.00494771564997741
2094-07-19,0.00494657943370338
2094-07-20,0.00494544332425139
2094-07-21,0.00494430775611847
2094-07-22,0.00494317211065424
2094-07-23,0.00494203693573132
2094-07-24,0.00494090203048488
2094-07-25,0.00493976714162219
2094-07-26,0.00493863277572878
2094-07-27,0.00493749870408749
2094-07-28,0.00493636478022762
2094-07-29,0.00493523101463477
2094-07-30,0.00493409770680388
2094-07-31,0.00493296437865713
2094-08-01,0.0142181358559008
2094-08-02,0.0142148704881595
2094-08-03,0.0142116060131266
2094-08-04,0.0142083423363353
2094-08-05,0.0142050788456429
2094-08-06,0.0142018167710029
2094-08-07,0.0141985556363044
2094-08-08,0.014195293917803
2094-08-09,0.0141920344447697
2094-08-10,0.0141887754440688
2094-08-11,0.0141855167569965
2094-08-12,0.0141822586490037
2094-08-13,0.0141790018408695
2094-08-14,0.0141757454993998
2094-08-15,0.0141724897814087
2094-08-16,0.0141692355597665
2094-08-17,0.0141659814779347
2094-08-18,0.0141627278013641
2094-08-19,0.0141594755880792
2094-08-20,0.0141562235476678
2094-08-21,0.0141529726465222
2094-08-22,0.0141497222630528
2094-08-23,0.014146473196446
2094-08-24,0.0141432241251159
2094-08-25,0.0141399756706518
2094-08-26,0.014136728235481
2094-08-27,0.0141334824959834
2094-08-28,0.0141302365713315
2094-08-29,0.014126991211589
2094-08-30,0.0141237471422586
2094-08-31,0.0141205033610509
2094-09-01,0.0108623331599855
2094-09-02,0.010859838483499
2094-09-03,0.010857344647262
2094-09-04,0.0108548512456868
2094-09-05,0.0322085913550581
2094-09-06,0.0108498660503494
2094-09-07,0.0108473740225385
2094-09-08,0.0108448830421317
2094-09-09,0.0108423929281414
2094-09-10,0.0108399025524817
2094-09-11,0.0108374134110292
2094-09-12,0.0108349242841139
2094-09-13,0.0108324359523826
2094-09-14,0.0108299485415822
2094-09-15,0.0108274614164374
2094-09-16,0.0108249747368575
2094-09-17,0.0108224887637849
2094-09-18,0.0108200033692923
2094-09-19,0.0108175185024996
2094-09-20,0.0108150340260303
2094-09-21,0.010812550831014
2094-09-22,0.0108100674608247
2094-09-23,0.0108075851940078
2094-09-24,0.0108051031089058
2094-09-25,0.0108026215733094
2094-09-26,0.0108001408219944
2094-09-27,0.0107976601847961
2094-09-28,0.0107951808973757
2094-09-29,0.0107927015350888
2094-09-30,0.0107902230937327
2094-10-01,0.00522376218760088
2094-10-02,0.00522256259922822
2094-10-03,0.0052213632955976
2094-10-04,0.00522016407397552
2094-10-05,0.00521896527929054
2094-10-06,0.00521776693054894
2094-10-07,0.00521656847480907
2094-10-08,0.00521537063501309
2094-10-09,0.00521417287053825
2094-10-10,0.00521297532041187
2094-10-11,0.0052117783344901
2094-10-12,0.00521058134716046
2094-10-13,0.00520938485751348
2094-10-14,0.00520818826368398
2094-10-15,0.00520699242940128
2094-10-16,0.00520579678729308
2094-10-17,0.005204601209595
2094-10-18,0.00520340594303659
2094-10-19,0.00715218489153901
2094-10-20,0.00520101613145401
2094-10-21,0.00519982172440129
2094-10-22,0.00519862768480309
2094-10-23,0.00519743390953281
2094-10-24,0.00519624022401434
2094-10-25,0.00519504701154077
2094-10-26,0.00519385392295992
2094-10-27,0.00519266124125401
2094-10-28,0.00519146871546987
2094-10-29,0.00519027653003876
2094-10-30,0.00518908462160638
2094-10-31,0.00518789280292584
2094-11-01,0.00379641543730663
2094-11-02,0.00379554362191837
2094-11-03,0.00379467191421675
2094-11-04,0.00379380051076855
2094-11-05,0.0037929293090396
2094-11-06,0.00379205820185849
2094-11-07,0.0227755078817726
2094-11-08,0.0196091821039908
2094-11-09,0.00478794038114577
2094-11-10,0.00378857610076296
2094-11-11,0.00378770634069545
2094-11-12,0.00378683646057536
2094-11-13,0.00378596707869925
2094-11-14,0.00378509761489883
2094-11-15,0.00378422849579874
2094-11-16,0.00378335967451149
2094-11-17,0.00378249097868692
2094-11-18,0.00378162243511785
2094-11-19,0.00874176832081786
2094-11-20,0.0053432616476575
2094-11-21,0.143409368900828
2094-11-22,0.00609172124316834
2094-11-23,0.00677043505965237
2094-11-24,0.00852327829755001
2094-11-25,0.00535891676905661
2094-11-26,0.00648070234029875
2094-11-27,0.0045071874504338
2094-11-28,0.00377427021268643
2094-11-29,0.00377368025164224
2094-11-30,0.0038687146926966
2094-12-01,0.00436045991743054
2094-12-02,0.151060551972636
2094-12-03,0.193738860338536
2094-12-04,0.0774470241789018
2094-12-05,0.0191137216710482
2094-12-06,0.0331455382965572
2094-12-07,0.0148074231908883
2094-12-08,0.0122900952898087
2094-12-09,0.00776528268436594
2094-12-10,0.00768430092228911
2094-12-11,0.00718056333535674
2094-12-12,0.00617262231032199
2094-12-13,0.00610785644310786
2094-12-14,0.00581376116329309
2094-12-15,0.00526260987019297
2094-12-16,0.0042831732655995
2094-12-17,0.0042950666754049
2094-12-18,0.00430631060326754
2094-12-19,0.004529011036009
2094-12-20,0.00593590069460141
2094-12-21,0.00436472345280117
2094-12-22,0.189859888829891
2094-12-23,1.27930689151341
2094-12-24,2.48610230471097
2094-12-25,1.30887347696645
2094-12-26,0.19709231674326
2094-12-27,0.280771920689743
2094-12-28,0.878568533639732
2094-12-29,0.460646442145365
2094-12-30,0.0391110916725305
2094-12-31,0.0328209719526661
2095-01-01,0.0199887224620059
2095-01-02,0.0236988244978826
2095-01-03,0.0270019291496833
2095-01-04,0.0114476978237432
2095-01-05,0.0184466293858031
2095-01-06,0.0169517715248333
2095-01-07,0.0880173023716213
2095-01-08,0.267386157733825
2095-01-09,0.244022617153703
2095-01-10,0.107606291133154
2095-01-11,0.331014303329358
2095-01-12,0.117465715751513
2095-01-13,0.103210161086736
2095-01-14,0.143125755080047
2095-01-15,0.434866657067449
2095-01-16,1.47772993607761
2095-01-17,1.88905202740358
2095-01-18,2.34608728526293
2095-01-19,2.21093858335971
2095-01-20,1.32801256110697
2095-01-21,1.93008168591918
2095-01-22,2.13472145066149
2095-01-23,0.78455729697643
2095-01-24,0.724065135614625
2095-01-25,0.715045316817377
2095-01-26,0.730916413059309
2095-01-27,1.17916196884556
2095-01-28,0.761359296364739
2095-01-29,0.73351548764289
2095-01-30,0.830545465978882
2095-01-31,0.855482650988248
2095-02-01,0.72391453041801
2095-02-02,0.789742144642907
2095-02-03,0.663208344225987
2095-02-04,0.64826314841299
2095-02-05,0.633478852290329
2095-02-06,0.665991752304944
2095-02-07,0.557373644894129
2095-02-08,0.70339702029456
2095-02-09,0.525731524124062
2095-02-10,0.514503172150142
2095-02-11,0.493244214541385
2095-02-12,0.467401711102467
2095-02-13,0.472575777561712
2095-02-14,0.409007009413531
2095-02-15,0.381081641589575
2095-02-16,0.356046212059011
2095-02-17,0.328550194621553
2095-02-18,0.324071589293377
2095-02-19,0.316925789582974
2095-02-20,0.273519023561866
2095-02-21,0.25602798602494
2095-02-22,0.297192469989634
2095-02-23,0.237741297192743
2095-02-24,0.238288236856163
2095-02-25,0.222404273391902
2095-02-26,0.211032594396167
2095-02-27,0.202489713500058
2095-02-28,0.191935426114785
2095-03-01,0.155288671371699
2095-03-02,0.148654869842756
2095-03-03,0.190761251785085
2095-03-04,0.443278830681175
2095-03-05,0.910272590575237
2095-03-06,0.650204278883635
2095-03-07,0.488970785097394
2095-03-08,0.864284467690567
2095-03-09,1.27970723355042
2095-03-10,0.611191160190313
2095-03-11,0.625264652013577
2095-03-12,0.580818443222906
2095-03-13,0.966414349814089
2095-03-14,1.04980505837636
2095-03-15,1.07621839312107
2095-03-16,1.71020952018974
2095-03-17,1.54546459782174
2095-03-18,0.966375532794358
2095-03-19,0.609933233198392
2095-03-20,0.588902322164964
2095-03-21,0.588647107607272
2095-03-22,0.930505591206921
2095-03-23,0.697799143751367
2095-03-24,0.590716274434985
2095-03-25,0.5908888676658
2095-03-26,0.587438837599689
2095-03-27,0.568685186170539
2095-03-28,0.525980874617341
2095-03-29,0.477611117090446
2095-03-30,0.42967791634248
2095-03-31,0.535117505032509
2095-04-01,0.578621631847113
2095-04-02,0.514422285512947
2095-04-03,0.48885982070872
2095-04-04,0.461162485556993
2095-04-05,0.462740072514745
2095-04-06,0.514006278392394
2095-04-07,0.436293463911498
2095-04-08,0.413620986366386
2095-04-09,0.396798079052261
2095-04-10,0.375947509169692
2095-04-11,0.349231426435059
2095-04-12,0.306232910489415
2095-04-13,0.282423948793171
2095-04-14,0.263488056058982
2095-04-15,0.258745169897487
2095-04-16,0.243549429365524
2095-04-17,0.211423101784263
2095-04-18,0.156908239784889
2095-04-19,0.140070482515669
2095-04-20,0.130070352284967
2095-04-21,0.128802381095652
2095-04-22,0.121351629385857
2095-04-23,0.108035268422916
2095-04-24,0.0992749727999379
2095-04-25,0.0881265259822392
2095-04-26,0.0848712451266361
2095-04-27,0.0807186099658049
2095-04-28,0.0764396663545477
2095-04-29,0.0691386179038396
2095-04-30,0.0605135413345346
2095-05-01,0.0585733080384043
2095-05-02,0.0531794057884971
2095-05-03,0.0480165645042183
2095-05-04,0.0454452207620658
2095-05-05,0.0449864979305936
2095-05-06,0.0441464648314559
2095-05-07,0.0412001996788883
2095-05-08,0.0390215834066557
2095-05-09,0.0426389848030309
2095-05-10,0.0515984222549239
2095-05-11,0.0370115051878266
2095-05-12,0.0589694090929999
2095-05-13,0.0298931541057349
2095-05-14,0.0315744167261244
2095-05-15,0.0551502507179376
2095-05-16,0.0321759289326226
2095-05-17,0.0307003163794675
2095-05-18,0.0343481887458806
2095-05-19,0.0358828949266864
2095-05-20,0.038657001463563
2095-05-21,0.039697511967023
2095-05-22,0.0520266946493579
2095-05-23,0.0581797212794294
2095-05-24,0.0559418440645015
2095-05-25,0.0525889452950905
2095-05-26,0.0565833286159977
2095-05-27,0.0314913117316452
2095-05-28,0.0257892889063184
2095-05-29,0.025254914524016
2095-05-30,0.0244705624194096
2095-05-31,0.0235816413022592
2095-06-01,0.0175362857059226
2095-06-02,0.0156376548392005
2095-06-03,0.0139092099246666
2095-06-04,0.0123865322267693
2095-06-05,0.0110705167163273
2095-06-06,0.0100211104699671
2095-06-07,0.00918117923171164
2095-06-08,0.00845206876351979
2095-06-09,0.00781190737329162
2095-06-10,0.00720425622774403
2095-06-11,0.00659341227039859
2095-06-12,0.00600664954849086
2095-06-13,0.00549691108219044
2095-06-14,0.0050852770984819
2095-06-15,0.0047674278660772
2095-06-16,0.00451561786566036
2095-06-17,0.00430845263114056
2095-06-18,0.00426735411302425
2095-06-19,0.00405493807064551
2095-06-20,0.00397124381046517
2095-06-21,0.00388400163030316
2095-06-22,0.00379134917625353
2095-06-23,0.00389002625853879
2095-06-24,0.00362452358175538
2095-06-25,0.00972628715879174
2095-06-26,0.00349390266616045
2095-06-27,0.00438792137700114
2095-06-28,0.00338221062580605
2095-06-29,0.00332040201476321
2095-06-30,0.0032598744622021
2095-07-01,0.00624410167547139
2095-07-02,0.00579986238105182
2095-07-03,0.00571952817038356
2095-07-04,0.00563981294168689
2095-07-05,0.00556507726516288
2095-07-06,0.00549494224695407
2095-07-07,0.0054319694862259
2095-07-08,0.00537627122673251
2095-07-09,0.00532713234469677
2095-07-10,0.00528307737079566
2095-07-11,0.0052430070944015
2095-07-12,0.00520735277642123
2095-07-13,0.00517623395334333
2095-07-14,0.00514886878414313
2095-07-15,0.00512416451601145
2095-07-16,0.00510193852748938
2095-07-17,0.00508183591609855
2095-07-18,0.00506392403117155
2095-07-19,0.00504959494514426
2095-07-20,0.00503767129526757
2095-07-21,0.00502709089785898
2095-07-22,0.00501723142014257
2095-07-23,0.00500779975684766
2095-07-24,0.00499924100659562
2095-07-25,0.0049917546769202
2095-07-26,0.00498540467001317
2095-07-27,0.00498003937295449
2095-07-28,0.00497518766678013
2095-07-29,0.00497080897811861
2095-07-30,0.00496691692579748
2095-07-31,0.00496322366471254
2095-08-01,0.0142983960818304
2095-08-02,0.0142890334635187
2095-08-03,0.0142804603610261
2095-08-04,0.014272856077384
2095-08-05,0.0142660400399315
2095-08-06,0.0142596725869117
2095-08-07,0.0142538119663513
2095-08-08,0.0142484254937955
2095-08-09,0.0142434681588048
2095-08-10,0.014238821278427
2095-08-11,0.0142344189339581
2095-08-12,0.0142302568507905
2095-08-13,0.0142262718865895
2095-08-14,0.0142223993790552
2095-08-15,0.0142185832462773
2095-08-16,0.0142147672117446
2095-08-17,0.0142109387539261
2095-08-18,0.0142073825664281
2095-08-19,0.0142041200024519
2095-08-20,0.0142008578569621
2095-08-21,0.0141975958475039
2095-08-22,0.0141943360447827
2095-08-23,0.0141910758358555
2095-08-24,0.0141878163552648
2095-08-25,0.0141845586865411
2095-08-26,0.014181300914849
2095-08-27,0.0141780438346514
2095-08-28,0.0141747881629489
2095-08-29,0.0141715325252543
2095-08-30,0.0141682779739242
2095-08-31,0.0141650240744127
2095-09-01,0.0108965811600904
2095-09-02,0.0108940785426656
2095-09-03,0.0108915765161775
2095-09-04,0.0108890751903818
2095-09-05,0.0108865746902983
2095-09-06,0.010884074483866
2095-09-07,0.0108815748363885
2095-09-08,0.0108790756839022
2095-09-09,0.0108765771296212
2095-09-10,0.0108740794962709
2095-09-11,0.010871582094062
2095-09-12,0.0108690855117504
2095-09-13,0.0108665893161279
2095-09-14,0.0108640935762462
2095-09-15,0.010861598691878
2095-09-16,0.0108591045205589
2095-09-17,0.0108566101886037
2095-09-18,0.0108541171795327
2095-09-19,0.0108516248130052
2095-09-20,0.0108491325613216
2095-09-21,0.0108466406665258
2095-09-22,0.0108441496737626
2095-09-23,0.0108416593577053
2095-09-24,0.0108391698477351
2095-09-25,0.0108366801662261
2095-09-26,0.0108341913794809
2095-09-27,0.0108317036074314
2095-09-28,0.0377765198750393
2095-09-29,0.0108267292444787
2095-09-30,0.0108242425300096
2095-10-01,0.00524023162177022
2095-10-02,0.00556749489223756
2095-10-03,0.0162455728847399
2095-10-04,0.006319237412625
2095-10-05,0.00523541952076403
2095-10-06,0.00523421728876022
2095-10-07,0.00523301529187099
2095-10-08,0.00523181353220814
2095-10-09,0.00523061204074484
2095-10-10,0.00522941078510007
2095-10-11,0.00522820968572907
2095-10-12,0.00522700898021018
2095-10-13,0.00522580867382293
2095-10-14,0.00522460851667007
2095-10-15,0.00522340862384514
2095-10-16,0.00522220909847474
2095-10-17,0.00522100976844653
2095-10-18,0.00521981079144215
2095-10-19,0.0199264176230605
2095-10-20,0.0052174137113698
2095-10-21,0.0391332349822335
2095-10-22,0.00521501743484022
2095-10-23,0.00521381989456896
2095-10-24,0.005212622581317
2095-10-25,0.00521142558941177
2095-10-26,0.00521022873090239
2095-10-27,0.00520903224477509
2095-10-28,0.00520783595997344
2095-10-29,0.00520664007078374
2095-10-30,0.00520544423544515
2095-10-31,0.0283238946139477
2095-11-01,0.00409434679563077
2095-11-02,0.0221090660663673
2095-11-03,0.00391676334902215
2095-11-04,0.00380576180546783
2095-11-05,0.0140192844513868
2095-11-06,0.0150935210058155
2095-11-07,0.00655036137773049
2095-11-08,0.026824779190437
2095-11-09,0.00455949301457633
2095-11-10,0.00430153410070256
2095-11-11,0.00379967261834964
2095-11-12,0.00379881217858729
2095-11-13,0.00379795301277344
2095-11-14,0.00379709453532975
2095-11-15,0.00379623643453171
2095-11-16,0.00521578397995632
2095-11-17,0.00452273972180949
2095-11-18,0.00698495539961045
2095-11-19,0.00381419227601577
2095-11-20,0.0202620913927727
2095-11-21,0.00676650347912473
2095-11-22,0.00430240116525476
2095-11-23,0.00456265314805135
2095-11-24,0.0269523005485179
2095-11-25,0.0898257214014834
2095-11-26,0.00410651041422015
2095-11-27,0.00541337323333318
2095-11-28,0.00455946620884489
2095-11-29,0.00378745482745092
2095-11-30,0.00378775332608034
2095-12-01,0.00378994079083684
2095-12-02,0.00379020428116949
2095-12-03,0.00379041651674371
2095-12-04,0.00379056681580112
2095-12-05,0.00379067953152392
2095-12-06,0.00379079512272803
2095-12-07,0.00379091187716693
2095-12-08,0.00379102665954526
2095-12-09,0.00379113883991715
2095-12-10,0.00379124159197864
2095-12-11,0.00379133241914386
2095-12-12,0.00525773085526562
2095-12-13,0.0119628719661324
2095-12-14,0.00388959575945943
2095-12-15,0.00379155400802265
2095-12-16,0.00379153772608657
2095-12-17,0.00379148378065502
2095-12-18,0.00379138889673107
2095-12-19,0.00379125278975653
2095-12-20,0.00379108129369016
2095-12-21,0.00379086572564033
2095-12-22,0.00379059845485911
2095-12-23,0.00379029277232834
2095-12-24,0.00378995905565906
2095-12-25,0.00415092627288551
2095-12-26,0.00458390045797567
2095-12-27,0.00382916566648018
2095-12-28,0.00378848765671661
2095-12-29,0.00378807163622525
2095-12-30,0.00378762541596306
2095-12-31,0.0037871289420512
2096-01-01,0.0025487844481925
2096-01-02,0.00254841721218685
2096-01-03,0.00254802853312706
2096-01-04,0.00254761487189861
2096-01-05,0.00254718555990379
2096-01-06,0.00254674235533597
2096-01-07,0.00254628282337318
2096-01-08,0.0025458218847169
2096-01-09,0.101827303017012
2096-01-10,0.0711278292184467
2096-01-11,0.00261109677123824
2096-01-12,0.00256702801422112
2096-01-13,0.00257691879578221
2096-01-14,0.00737062380511938
2096-01-15,0.00262073852016569
2096-01-16,0.00259968114017115
2096-01-17,0.00331644598137958
2096-01-18,0.00456400897138866
2096-01-19,0.00268733548847326
2096-01-20,0.0150328692899625
2096-01-21,0.00810903858728365
2096-01-22,0.00262915238042654
2096-01-23,0.00264681098628842
2096-01-24,0.00263654676958929
2096-01-25,0.002638868506798
2096-01-26,0.00264016332426877
2096-01-27,0.00264073955870258
2096-01-28,0.0026406546320983
2096-01-29,0.00979700751885496
2096-01-30,0.197165663609612
2096-01-31,0.259403552371767
2096-02-01,0.00554598299763225
2096-02-02,0.00347734144053828
2096-02-03,0.00424305164811891
2096-02-04,0.00706943560568795
2096-02-05,0.01135680170826
2096-02-06,0.0030602898277884
2096-02-07,0.0031173306286844
2096-02-08,0.00308843132306744
2096-02-09,0.00310142789312705
2096-02-10,0.00311351856665558
2096-02-11,0.00312398655304603
2096-02-12,0.0031299748864866
2096-02-13,0.00312940331242618
2096-02-14,0.00312348502780392
2096-02-15,0.00311510102291643
2096-02-16,0.0031063013469249
2096-02-17,0.00309704845351385
2096-02-18,0.0030855410067516
2096-02-19,0.00307050214880177
2096-02-20,0.00305466915502782
2096-02-21,0.087142696135014
2096-02-22,0.177808946357173
2096-02-23,0.242109879243422
2096-02-24,0.169139812493712
2096-02-25,0.0372517183129372
2096-02-26,0.346492943363098
2096-02-27,0.592552929760868
2096-02-28,0.101576153717313
2096-02-29,0.00922707082085317
2096-03-01,0.00424687894568209
2096-03-02,0.0255801640081222
2096-03-03,0.0374135025867835
2096-03-04,0.0043449831038682
2096-03-05,0.00435597691045317
2096-03-06,0.0043463728752086
2096-03-07,0.0043224227870633
2096-03-08,0.00428990689844707
2096-03-09,0.00425776902542241
2096-03-10,0.00423284353236656
2096-03-11,0.00420863297069232
2096-03-12,0.00417748903986944
2096-03-13,0.00414687972485723
2096-03-14,0.00443464354978933
2096-03-15,0.00410018839988096
2096-03-16,0.0190768487288537
2096-03-17,0.0691128836698578
2096-03-18,0.0209835285945472
2096-03-19,0.00596541494243135
2096-03-20,0.0164624420390735
2096-03-21,0.05590601358276
2096-03-22,0.177422490995549
2096-03-23,0.0108413795306372
2096-03-24,0.11565746384097
2096-03-25,0.883179002555879
2096-03-26,1.70298710049427
2096-03-27,0.113149231866292
2096-03-28,0.0376388540549138
2096-03-29,0.0403773853356374
2096-03-30,0.0390296238298815
2096-03-31,0.0363145737855233
2096-04-01,0.0449454218826593
2096-04-02,0.0392343105710745
2096-04-03,0.0454064072245412
2096-04-04,0.0309997166675268
2096-04-05,0.0344311933904775
2096-04-06,0.0442768781265768
2096-04-07,0.0350698965453206
2096-04-08,0.0424838268909006
2096-04-09,0.0285486277991278
2096-04-10,0.0245716675196789
2096-04-11,0.0223355851333773
2096-04-12,0.0226453430439817
2096-04-13,0.0179231984380066
2096-04-14,0.0154218314021229
2096-04-15,0.013305227741455
2096-04-16,0.011693458164625
2096-04-17,0.0105729072743898
2096-04-18,0.00984111844934889
2096-04-19,0.00934845845870768
2096-04-20,0.00944161999968678
2096-04-21,0.174479430084566
2096-04-22,0.12206149506727
2096-04-23,0.0784473552968386
2096-04-24,0.0164279257201549
2096-04-25,0.0152688351808311
2096-04-26,0.0158838411365837
2096-04-27,0.0164627201142885
2096-04-28,0.0155856974179993
2096-04-29,0.0149994894357014
2096-04-30,0.0136020436243363
2096-05-01,0.0145860671910967
2096-05-02,0.0131373557974602
2096-05-03,0.0121868823439688
2096-05-04,0.10843506360428
2096-05-05,0.0120368447864519
2096-05-06,0.011301902775099
2096-05-07,0.0108780344748141
2096-05-08,0.0105676430365424
2096-05-09,0.0100573357209678
2096-05-10,0.00966477127503531
2096-05-11,0.00921970212019744
2096-05-12,0.00874209768482811
2096-05-13,0.00840751297623613
2096-05-14,0.0504927577786743
2096-05-15,0.00922532252739051
2096-05-16,0.00789252363053764
2096-05-17,0.00762012081912616
2096-05-18,0.00735260090203111
2096-05-19,0.00711274968811233
2096-05-20,0.0069324430838345
2096-05-21,0.00679128901816838
2096-05-22,0.00664112395173734
2096-05-23,0.00648272909347753
2096-05-24,0.00634289941468727
2096-05-25,0.00623668483246153
2096-05-26,0.00669491283717086
2096-05-27,0.00607240666694415
2096-05-28,0.00598543974085836
2096-05-29,0.00644274252938796
2096-05-30,0.00580299720152921
2096-05-31,0.00570715520199028
2096-06-01,0.00454573542009402
2096-06-02,0.0255194094301381
2096-06-03,0.00443442925342056
2096-06-04,0.00439236883786533
2096-06-05,0.00434258388086448
2096-06-06,0.00426302683879164
2096-06-07,0.0041993606110907
2096-06-08,0.00413148864433791
2096-06-09,0.00405264347261489
2096-06-10,0.00397186119306519
2096-06-11,0.00389563530464455
2096-06-12,0.00432818389849584
2096-06-13,0.00377731347970493
2096-06-14,0.00372258511225242
2096-06-15,0.00365631664298104
2096-06-16,0.00358860834437188
2096-06-17,0.00518057700461478
2096-06-18,0.00348169941466198
2096-06-19,0.00344210783862094
2096-06-20,0.00338899669384391
2096-06-21,0.00333486137509144
2096-06-22,0.00327939751535165
2096-06-23,0.00322448877096337
2096-06-24,0.00317529179068877
2096-06-25,0.00312995276202868
2096-06-26,0.00308480907366308
2096-06-27,0.00304220072632595
2096-06-28,0.00300296418988027
2096-06-29,0.00296689494460922
2096-06-30,0.0029335369733417
2096-07-01,0.0053261012701493
2096-07-02,0.00527648104274108
2096-07-03,0.00523186489332254
2096-07-04,0.00519176508292698
2096-07-05,0.00515560140139729
2096-07-06,0.00512308938752879
2096-07-07,0.00509485415015988
2096-07-08,0.00507074454560104
2096-07-09,0.00504998385143849
2096-07-10,0.00503246794698088
2096-07-11,0.00501772200332811
2096-07-12,0.00500489633828276
2096-07-13,0.00499349918476955
2096-07-14,0.00498402808185854
2096-07-15,0.00497618988037061
2096-07-16,0.00496938192768919
2096-07-17,0.00496329699116448
2096-07-18,0.00495811453019179
2096-07-19,0.00495397169837731
2096-07-20,0.00495073441472315
2096-07-21,0.00494840987464421
2096-07-22,0.00494642083376969
2096-07-23,0.00494461197612451
2096-07-24,0.0049429119848874
2096-07-25,0.00494129415749649
2096-07-26,0.00493975195486984
2096-07-27,0.00493827250069138
2096-07-28,0.00493691888484665
2096-07-29,0.00493571417368827
2096-07-30,0.00493456463873695
2096-07-31,0.00493343151374869
2096-08-01,0.0142194813635863
2096-08-02,0.014216215604754
2096-08-03,0.0142129506148786
2096-08-04,0.0142096864449724
2096-08-05,0.014206422931608
2096-08-06,0.0142031604866595
2096-08-07,0.0141998986434624
2096-08-08,0.0141966371384553
2096-08-09,0.0141933772696075
2096-08-10,0.0141901176671551
2096-08-11,0.0141868582035684
2096-08-12,0.0141836001069115
2096-08-13,0.0141803425836662
2096-08-14,0.0141770861231687
2096-08-15,0.0141738299999164
2096-08-16,0.0141705750159298
2096-08-17,0.0141673205496195
2096-08-18,0.014164067154559
2096-08-19,0.0141608140476212
2096-08-20,0.014157562322728
2096-08-21,0.0141543099252334
2096-08-22,0.0141510595663253
2096-08-23,0.0141478099508682
2096-08-24,0.0141445605092296
2096-08-25,0.0141413123362757
2096-08-26,0.0141380641926062
2096-08-27,0.01413481749144
2096-08-28,0.0141315715545073
2096-08-29,0.0141283256308
2096-08-30,0.0141250808274651
2096-08-31,0.0141218372597517
2096-09-01,0.0108633589751236
2096-09-02,0.0341069865880663
2096-09-03,0.0108583697289991
2096-09-04,0.0108558757822794
2096-09-05,0.0108533828190004
2096-09-06,0.0108508902685775
2096-09-07,0.0108483984050368
2096-09-08,0.0108459068758514
2096-09-09,0.0108434158220319
2096-09-10,0.0108409256404436
2096-09-11,0.0108384360025461
2096-09-12,0.0108359472288844
2096-09-13,0.0108334581993682
2096-09-14,0.0108309705516116
2096-09-15,0.0108284827548489
2096-09-16,0.0108259960578244
2096-09-17,0.0108235099328381
2096-09-18,0.010821023993201
2096-09-19,0.0108185388516554
2096-09-20,0.0108160546622956
2096-09-21,0.0108135705354457
2096-09-22,0.010811087043144
2096-09-23,0.0108086041490475
2096-09-24,0.0108061219054901
2096-09-25,0.0108036402259757
2096-09-26,0.0108011590625312
2096-09-27,0.0107986781040613
2096-09-28,0.0107961982555054
2096-09-29,0.0107937189048482
2096-09-30,0.0107912403050367
2096-10-01,0.00522425455343073
2096-10-02,0.00522305471375296
2096-10-03,0.00522185514931411
2096-10-04,0.00522065602765092
2096-10-05,0.00521945706190953
2096-10-06,0.00521825846679035
2096-10-07,0.00521706003181661
2096-10-08,0.00521586172636705
2096-10-09,0.00521466393127101
2096-10-10,0.00521346649095862
2096-10-11,0.0052122688799418
2096-10-12,0.00521107206190874
2096-10-13,0.00520987517876159
2096-10-14,0.005208678970337
2096-10-15,0.00520748253172536
2096-10-16,0.00520628658586883
2096-10-17,0.0052050911383989
2096-10-18,0.00520389578068078
2096-10-19,0.00520270056128606
2096-10-20,0.00520150580050557
2096-10-21,0.00520031115657842
2096-10-22,0.00519911688714515
2096-10-23,0.00519792289224688
2096-10-24,0.00519672918561033
2096-10-25,0.00519553576864341
2096-10-26,0.00519434246817786
2096-10-27,0.0051931496354777
2096-10-28,0.00519195704000393
2096-10-29,0.00519076453991347
2096-10-30,0.00518957260860316
2096-10-31,0.0051883806266095
2096-11-01,0.00379677253241482
2096-11-02,0.00379590047099605
2096-11-03,0.00379502870584438
2096-11-04,0.00379415721325842
2096-11-05,0.00379328588142958
2096-11-06,0.00379241472169327
2096-11-07,0.00379154381107895
2096-11-08,0.00379067292622697
2096-11-09,0.00378980252519205
2096-11-10,0.00440514623077305
2096-11-11,0.00378806206473105
2096-11-12,0.00691946313369497
2096-11-13,0.00378937867543984
2096-11-14,0.00378545272398699
2096-11-15,0.00876274097772946
2096-11-16,0.00445285001339448
2096-11-17,0.00378284541795381
2096-11-18,0.00378197652633533
2096-11-19,0.0771763221594108
2096-11-20,0.0671029259690944
2096-11-21,0.00400754746505672
2096-11-22,0.0037785796571608
2096-11-23,0.00377778735058615
2096-11-24,0.00377700490223465
2096-11-25,0.00377622439868343
2096-11-26,0.00377544246480617
2096-11-27,0.00377465584630211
2096-11-28,0.00377386323985364
2096-11-29,0.00377306468668053
2096-11-30,0.00377226045290792
2096-12-01,0.00379714886623817
2096-12-02,0.00377251856171357
2096-12-03,0.00377170384965553
2096-12-04,0.0037708881333957
2096-12-05,0.00377007168176943
2096-12-06,0.0037692540942301
2096-12-07,0.0836989500486496
2096-12-08,0.0197280923368903
2096-12-09,0.00399387463142098
2096-12-10,0.00470934894914442
2096-12-11,0.13934986762012
2096-12-12,0.00473979009697709
2096-12-13,0.00393323750662264
2096-12-14,0.00394418625380199
2096-12-15,0.0045712010891124
2096-12-16,0.0075461237870427
2096-12-17,0.00907285429692446
2096-12-18,0.00698142789286471
2096-12-19,0.00461503619718636
2096-12-20,0.0529461274584715
2096-12-21,0.0447865615022649
2096-12-22,0.00386453728633395
2096-12-23,0.0124153092684134
2096-12-24,0.00731231214139682
2096-12-25,0.0550702385330014
2096-12-26,0.0506227103841159
2096-12-27,0.00396654670838428
2096-12-28,0.0300597597165686
2096-12-29,0.00402610107322109
2096-12-30,0.00405076977377235
2096-12-31,0.00407122988188477
2097-01-01,0.00275052466197453
2097-01-02,0.00275740365671775
2097-01-03,0.00276209610568634
2097-01-04,0.00276497279527764
2097-01-05,0.00276611803671087
2097-01-06,0.0027660156461491
2097-01-07,0.00276599145372744
2097-01-08,0.00276590286135764
2097-01-09,0.00404926757340505
2097-01-10,0.00425879418476928
2097-01-11,0.048349889970004
2097-01-12,0.01938660442717
2097-01-13,0.0611239516570045
2097-01-14,0.056788821989304
2097-01-15,0.0255260276536455
2097-01-16,0.00303964181240736
2097-01-17,0.00290395985519802
2097-01-18,0.00293276970349415
2097-01-19,0.00295626497700772
2097-01-20,0.00297433156076482
2097-01-21,0.00298733313985899
2097-01-22,0.0029968992455265
2097-01-23,0.00300385660236217
2097-01-24,0.00300932697903279
2097-01-25,0.012045917630529
2097-01-26,0.0244239219352167
2097-01-27,0.0042540610064027
2097-01-28,0.0059705753874011
2097-01-29,0.00552011287379024
2097-01-30,0.00507783015309617
2097-01-31,0.00364495718834943
2097-02-01,0.00345797943868982
2097-02-02,0.00293341446080157
2097-02-03,0.00293132033950393
2097-02-04,0.00292739105560068
2097-02-05,0.00292264913137111
2097-02-06,0.00291673213868796
2097-02-07,0.00290865213491241
2097-02-08,0.00289900418360462
2097-02-09,0.00984722419782282
2097-02-10,0.0707365517441701
2097-02-11,0.00396249967509158
2097-02-12,0.00289758915241645
2097-02-13,0.00289745451195984
2097-02-14,0.00289372984190193
2097-02-15,0.00288898239204087
2097-02-16,0.00288381544277575
2097-02-17,0.00291463780871291
2097-02-18,0.00287099211483765
2097-02-19,0.00286333533343058
2097-02-20,0.00285512586227143
2097-02-21,0.140854176287181
2097-02-22,0.333777415155689
2097-02-23,0.743447288194747
2097-02-24,0.225824772197989
2097-02-25,0.00836111928290018
2097-02-26,0.00549980372777996
2097-02-27,0.00420044890796828
2097-02-28,0.00421915146263111
2097-03-01,0.00363493620337749
2097-03-02,0.00363017902828682
2097-03-03,0.0147099692462063
2097-03-04,0.00359887851555303
2097-03-05,0.00357523345926281
2097-03-06,0.00355397615374862
2097-03-07,0.0267947224441118
2097-03-08,0.00880438217896788
2097-03-09,0.0036161421074093
2097-03-10,0.0035137105886388
2097-03-11,0.00349128921841621
2097-03-12,0.00461872178035137
2097-03-13,0.00345563524968624
2097-03-14,0.0034318583492329
2097-03-15,0.0034031121705869
2097-03-16,0.00337020997421598
2097-03-17,0.00333310727445448
2097-03-18,0.00329246656212576
2097-03-19,0.00325058609660856
2097-03-20,0.0032153881605185
2097-03-21,0.00522437556932035
2097-03-22,0.00317948796085854
2097-03-23,0.00316583782346163
2097-03-24,0.00314950613491348
2097-03-25,0.0031265473614639
2097-03-26,0.00309914676971897
2097-03-27,0.00307428396664046
2097-03-28,0.00305336802379507
2097-03-29,0.0406786776256987
2097-03-30,0.135763873488549
2097-03-31,0.0255696023903821
2097-04-01,0.0224790402773886
2097-04-02,0.0345767178855909
2097-04-03,0.0175881279729623
2097-04-04,0.00910386838472152
2097-04-05,0.00713893401540245
2097-04-06,0.00435004007634592
2097-04-07,0.00431704027114359
2097-04-08,0.00427214376823369
2097-04-09,0.00422245700748851
2097-04-10,0.00417207889350719
2097-04-11,0.00412331916622139
2097-04-12,0.00408324698675921
2097-04-13,0.00404999220907758
2097-04-14,0.00401589471442649
2097-04-15,0.0042298187002416
2097-04-16,0.00396826608238709
2097-04-17,0.00447287284378804
2097-04-18,0.00395134675480412
2097-04-19,0.00385609012519311
2097-04-20,0.00381409068135024
2097-04-21,0.00377744107888956
2097-04-22,0.00374638488095975
2097-04-23,0.00517884866228815
2097-04-24,0.00423512035494487
2097-04-25,0.00500407859611168
2097-04-26,0.00365670748055467
2097-04-27,0.00361736526656407
2097-04-28,0.00357425097610735
2097-04-29,0.00353270336757904
2097-04-30,0.00349408496329686
2097-05-01,0.0194312374298121
2097-05-02,0.00382128707877312
2097-05-03,0.00693114738093724
2097-05-04,0.00375683255624744
2097-05-05,0.00372079715604263
2097-05-06,0.00420748250543078
2097-05-07,0.00373795422271474
2097-05-08,0.0114715752804958
2097-05-09,0.00441435969410735
2097-05-10,0.00364561401487869
2097-05-11,0.00362411515072895
2097-05-12,0.00359917349735388
2097-05-13,0.00357229837233759
2097-05-14,0.00354631565527102
2097-05-15,0.00352180609467366
2097-05-16,0.00349931154838067
2097-05-17,0.00347866119180614
2097-05-18,0.0034609363384844
2097-05-19,0.00344742844681111
2097-05-20,0.00424473091345348
2097-05-21,0.00342577637903441
2097-05-22,0.00714035353692816
2097-05-23,0.00340842001627667
2097-05-24,0.00379557306776028
2097-05-25,0.00339358272075618
2097-05-26,0.00467330892832987
2097-05-27,0.00338384627979486
2097-05-28,0.00337879939684145
2097-05-29,0.00337315218907496
2097-05-30,0.00336758415713846
2097-05-31,0.00336232136216753
2097-06-01,0.00271807651762396
2097-06-02,0.00271475073655591
2097-06-03,0.00271181479104554
2097-06-04,0.00270932188448335
2097-06-05,0.0027071755672038
2097-06-06,0.00270526125932473
2097-06-07,0.00270349501750054
2097-06-08,0.00270184164281172
2097-06-09,0.00270030845189666
2097-06-10,0.00269886390603047
2097-06-11,0.00269746678479839
2097-06-12,0.00269615931636544
2097-06-13,0.00269499704827572
2097-06-14,0.00269395581274196
2097-06-15,0.00269298925521724
2097-06-16,0.00269208264883015
2097-06-17,0.00269121688133457
2097-06-18,0.00269039314374052
2097-06-19,0.00268963640742773
2097-06-20,0.00268894455365576
2097-06-21,0.00268828277235167
2097-06-22,0.00268763316014096
2097-06-23,0.00268699130414204
2097-06-24,0.00268635237494138
2097-06-25,0.00268571328570097
2097-06-26,0.00268507884743696
2097-06-27,0.00268445592185332
2097-06-28,0.00268383937642549
2097-06-29,0.00268322297156828
2097-06-30,0.00268260673943254
2097-07-01,0.00492017693820902
2097-07-02,0.00491904689238257
2097-07-03,0.00491791735019254
2097-07-04,0.00491678773591403
2097-07-05,0.00491565884219279
2097-07-06,0.004914529689936
2097-07-07,0.00491340099675187
2097-07-08,0.00491227277443668
2097-07-09,0.00491114454818938
2097-07-10,0.00491001662340308
2097-07-11,0.00490888906561274
2097-07-12,0.00490776181747527
2097-07-13,0.00490663448381463
2097-07-14,0.00490550783139027
2097-07-15,0.00490438106067524
2097-07-16,0.00490325467792739
2097-07-17,0.00490212883453255
2097-07-18,0.00490100290201013
2097-07-19,0.00489987729486897
2097-07-20,0.00489875192529216
2097-07-21,0.00489762707966765
2097-07-22,0.00489650236314708
2097-07-23,0.00489537777376441
2097-07-24,0.00489425361298061
2097-07-25,0.00489312959833985
2097-07-26,0.00489200566168574
2097-07-27,0.00489088241347675
2097-07-28,0.00488975910169883
2097-07-29,0.0048886360730321
2097-07-30,0.00488751333173631
2097-07-31,0.00488639093253319
2097-08-01,0.0140838983145496
2097-08-02,0.0140806631467948
2097-08-03,0.0140774303775438
2097-08-04,0.0140741966948019
2097-08-05,0.0140709642344562
2097-08-06,0.014067733342254
2097-08-07,0.0140645025520754
2097-08-08,0.0140612721331502
2097-08-09,0.014058043013139
2097-08-10,0.0140548151240259
2097-08-11,0.0140515875589327
2097-08-12,0.0140483601563219
2097-08-13,0.0140451342746213
2097-08-14,0.0140419085629603
2097-08-15,0.0140386834587188
2097-08-16,0.0140354593152013
2097-08-17,0.0140322359727595
2097-08-18,0.0140290134994092
2097-08-19,0.01402579176951
2097-08-20,0.014022570608299
2097-08-21,0.0141181484413272
2097-08-22,0.0140161304784438
2097-08-23,0.0140129118479896
2097-08-24,0.0309529242322071
2097-08-25,0.0140064764253986
2097-08-26,0.0140032591741549
2097-08-27,0.0140000437196635
2097-08-28,0.0139968286128087
2097-08-29,0.0139936136108115
2097-08-30,0.0139904005850531
2097-08-31,0.0139871870548437
2097-09-01,0.0107597786119241
2097-09-02,0.0107573074064528
2097-09-03,0.0107548367650243
2097-09-04,0.0107523672393248
2097-09-05,0.0107498978829837
2097-09-06,0.010747428849368
2097-09-07,0.010744960794105
2097-09-08,0.0107424929568999
2097-09-09,0.010740026063885
2097-09-10,0.0107375595117672
2097-09-11,0.0370436505311163
2097-09-12,0.0107326284027604
2097-09-13,0.010730163321079
2097-09-14,0.0107276992322874
2097-09-15,0.0107252359931945
2097-09-16,0.0107227729031077
2097-09-17,0.0107203102585857
2097-09-18,0.0107178484797531
2097-09-19,0.0107153870418177
2097-09-20,0.0463821246367026
2097-09-21,0.0107104662178706
2097-09-22,0.0107080062503715
2097-09-23,0.0107055470155467
2097-09-24,0.0107030881296143
2097-09-25,0.0107006304139255
2097-09-26,0.0106981730362263
2097-09-27,0.0106957161222634
2097-09-28,0.0106932597541718
2097-09-29,0.0106908041892598
2097-09-30,0.0106883491062555
2097-10-01,0.0051744431248025
2097-10-02,0.00517325456147336
2097-10-03,0.00517206663696605
2097-10-04,0.00517087884796635
2097-10-05,0.00516969132716623
2097-10-06,0.00516850420936941
2097-10-07,0.00516731721335349
2097-10-08,0.00516613037431527
2097-10-09,0.005164943963622
2097-10-10,0.00516375794290921
2097-10-11,0.00516257207459855
2097-10-12,0.0278227794568108
2097-10-13,0.00516020123197576
2097-10-14,0.00515901612532369
2097-10-15,0.00515783144983236
2097-10-16,0.00515664694293366
2097-10-17,0.00664940463148128
2097-10-18,0.00515427872212
2097-10-19,0.00515309501313261
2097-10-20,0.00515191155580226
2097-10-21,0.00515072852963266
2097-10-22,0.00514954562524395
2097-10-23,0.00514836295596983
2097-10-24,0.005147180678788
2097-10-25,0.00514599860645148
2097-10-26,0.00514481691459232
2097-10-27,0.00514363539238168
2097-10-28,0.00514245411302892
2097-10-29,0.00514127320817005
2097-10-30,0.00514009241066138
2097-10-31,0.00513891212808182
2097-11-01,0.00376057217220025
2097-11-02,0.00375970847066601
2097-11-03,0.00375884503834838
2097-11-04,0.00375798186597294
2097-11-05,0.00610346868635373
2097-11-06,0.00375625612303067
2097-11-07,0.0037568321876024
2097-11-08,0.00375453105815362
2097-11-09,0.00375366879673508
2097-11-10,0.00375280675790329
2097-11-11,0.00375194495196321
2097-11-12,0.00375108331090219
2097-11-13,0.00375022190762773
2097-11-14,0.00374936073054676
2097-11-15,0.0037484996585762
2097-11-16,0.00374763888416084
2097-11-17,0.00374677817543949
2097-11-18,0.0043557328484169
2097-11-19,0.00375702105143434
2097-11-20,0.00375161956542043
2097-11-21,0.00402968074908254
2097-11-22,0.00374247794178028
2097-11-23,0.00374161855234918
2097-11-24,0.00374075929301799
2097-11-25,0.00376051687665217
2097-11-26,0.0037390414568004
2097-11-27,0.00373818280133883
2097-11-28,0.00423748953415297
2097-11-29,0.00373646600514758
2097-11-30,0.00373560789301409
2097-12-01,0.00373661212089417
2097-12-02,0.0060812491990446
2097-12-03,0.00376117711338177
2097-12-04,0.00373403829602809
2097-12-05,0.00373318092756059
2097-12-06,0.00373232351115122
2097-12-07,0.00373146641822061
2097-12-08,0.00373060952401679
2097-12-09,0.00372975272260369
2097-12-10,0.00409825823085534
2097-12-11,0.00724676418167125
2097-12-12,0.0134218281555524
2097-12-13,0.00535822205205218
2097-12-14,0.0038497174556902
2097-12-15,0.00385148286666836
2097-12-16,0.00372376134335113
2097-12-17,0.00372290611267871
2097-12-18,0.00372205120780482
2097-12-19,0.00469871479807548
2097-12-20,0.00418182256074608
2097-12-21,0.00390706520050103
2097-12-22,0.00387587176118539
2097-12-23,0.00371777946200197
2097-12-24,0.00371692576340746
2097-12-25,0.00371607220915405
2097-12-26,0.00371521884486387
2097-12-27,0.00372536554669174
2097-12-28,0.00371351278334569
2097-12-29,0.00371266004333086
2097-12-30,0.00372879860022149
2097-12-31,0.0229197208795548
2098-01-01,0.00256463950851718
2098-01-02,0.00262170786418862
2098-01-03,0.0025519573486064
2098-01-04,0.00253977857035517
2098-01-05,0.00249500095744436
2098-01-06,0.00249442810493907
2098-01-07,0.00249385534612083
2098-01-08,0.00249328280659964
2098-01-09,0.00249271027332424
2098-01-10,0.00316134208081817
2098-01-11,0.00266385079153211
2098-01-12,0.00249099375766528
2098-01-13,0.00249042184411229
2098-01-14,0.00248985004732111
2098-01-15,0.00248927840494004
2098-01-16,0.00248870690916183
2098-01-17,0.0024881355311864
2098-01-18,0.00248756431282591
2098-01-19,0.00248699322094292
2098-01-20,0.00248642223385062
2098-01-21,0.00764865241438132
2098-01-22,0.00450411015720837
2098-01-23,0.00265438129628324
2098-01-24,0.00406759689378025
2098-01-25,0.00259497093889717
2098-01-26,0.00254964139674565
2098-01-27,0.00259018116731498
2098-01-28,0.00248186054752174
2098-01-29,0.00248129118433806
2098-01-30,0.00248072195578613
2098-01-31,0.0024801528786949
2098-02-01,0.00277429724734152
2098-02-02,0.00237399210091662
2098-02-03,0.0023792461214939
2098-02-04,0.0165082083302809
2098-02-05,0.00329505631137564
2098-02-06,0.00285967434869312
2098-02-07,0.00365201497758544
2098-02-08,0.0403792685759806
2098-02-09,0.10985162390697
2098-02-10,0.38850664807498
2098-02-11,0.730698967553172
2098-02-12,0.673487993271143
2098-02-13,1.05306286321805
2098-02-14,0.0653879676739267
2098-02-15,0.0044818044611338
2098-02-16,0.0045395141053476
2098-02-17,0.00562125076807906
2098-02-18,0.00456846803759216
2098-02-19,0.0174364895634232
2098-02-20,0.0391452957913914
2098-02-21,0.00458917280644063
2098-02-22,0.00458648227415153
2098-02-23,0.00458413628188334
2098-02-24,0.00458108658221758
2098-02-25,0.0264349449395376
2098-02-26,0.00468236711809614
2098-02-27,0.0059657964428894
2098-02-28,0.0891682945804927
2098-03-01,0.467198405941081
2098-03-02,0.698058173142335
2098-03-03,0.0206091364942879
2098-03-04,0.0136390213625252
2098-03-05,0.0205829134328981
2098-03-06,0.193341853724587
2098-03-07,0.583136036201403
2098-03-08,0.133273083879122
2098-03-09,0.037336603146516
2098-03-10,0.0481184431745401
2098-03-11,0.0453287195934691
2098-03-12,0.0598088743049215
2098-03-13,0.0564084339658589
2098-03-14,0.265102341956983
2098-03-15,0.0923969633845222
2098-03-16,0.0862948515622191
2098-03-17,0.0882030268784909
2098-03-18,0.274219515748457
2098-03-19,1.33809117107925
2098-03-20,0.813802938432545
2098-03-21,0.421673885994108
2098-03-22,0.408512800302715
2098-03-23,0.396143581290292
2098-03-24,0.373427055815928
2098-03-25,0.343675175208792
2098-03-26,0.317429619657533
2098-03-27,0.298287165319572
2098-03-28,0.268693457288345
2098-03-29,0.273895065009648
2098-03-30,0.395493418179524
2098-03-31,0.344202945275989
2098-04-01,0.379653742892625
2098-04-02,0.380847195906798
2098-04-03,0.359878108571928
2098-04-04,0.337359408082291
2098-04-05,0.314362006919603
2098-04-06,0.287494656459839
2098-04-07,0.260416076257505
2098-04-08,0.233117680412693
2098-04-09,0.207691398354529
2098-04-10,0.184017470981239
2098-04-11,0.189127936283832
2098-04-12,0.146481431499944
2098-04-13,0.127610921029511
2098-04-14,0.108387296053903
2098-04-15,0.0897715859659575
2098-04-16,0.0728696576121612
2098-04-17,0.0584466799236109
2098-04-18,0.0467283044850982
2098-04-19,0.0372031559514198
2098-04-20,0.0292062276419575
2098-04-21,0.0225971308009978
2098-04-22,0.0177049517353225
2098-04-23,0.014257920597648
2098-04-24,0.0118198109771013
2098-04-25,0.0101009630494593
2098-04-26,0.00893624337223695
2098-04-27,0.00828882695817961
2098-04-28,0.00809922693016857
2098-04-29,0.0850837454998376
2098-04-30,0.0519831166955655
2098-05-01,0.0793353963371948
2098-05-02,0.00910139585601721
2098-05-03,0.00884256930481409
2098-05-04,0.315312828839378
2098-05-05,0.101171546864368
2098-05-06,0.0142357504956043
2098-05-07,0.0164461381894421
2098-05-08,0.0169620157738277
2098-05-09,0.0166536486638464
2098-05-10,0.0161977461716295
2098-05-11,0.0151668729527902
2098-05-12,0.0140596691414141
2098-05-13,0.0127790237156089
2098-05-14,0.0116495702608498
2098-05-15,0.010727226739167
2098-05-16,0.0100000800311277
2098-05-17,0.0122518473090163
2098-05-18,0.0372358870673484
2098-05-19,0.00926343799726556
2098-05-20,0.00909303127230344
2098-05-21,0.00882862737054443
2098-05-22,0.0596815151549048
2098-05-23,0.00848636860042066
2098-05-24,0.00836221637936124
2098-05-25,0.00820702642892606
2098-05-26,0.00807078229556121
2098-05-27,0.00794326449120937
2098-05-28,0.0078119069567501
2098-05-29,0.00768455322223171
2098-05-30,0.00755540809136912
2098-05-31,0.00742973004557053
2098-06-01,0.00592788893097943
2098-06-02,0.00584357838811508
2098-06-03,0.00575626765450065
2098-06-04,0.00566831123590076
2098-06-05,0.0055747750448932
2098-06-06,0.00547059240362965
2098-06-07,0.00536124416923991
2098-06-08,0.00525106149549145
2098-06-09,0.00514276685774082
2098-06-10,0.00504581868943872
2098-06-11,0.00496788723033176
2098-06-12,0.00489091484260478
2098-06-13,0.00480312651431809
2098-06-14,0.00470457204140893
2098-06-15,0.00459627092383488
2098-06-16,0.00448453597568235
2098-06-17,0.00437363958255346
2098-06-18,0.00426704578610044
2098-06-19,0.00416338210335244
2098-06-20,0.00406005744407968
2098-06-21,0.00395944787761592
2098-06-22,0.00386152915579678
2098-06-23,0.00376539762028867
2098-06-24,0.00367256565487536
2098-06-25,0.00358415223064464
2098-06-26,0.00349986952540748
2098-06-27,0.00342128124033413
2098-06-28,0.00334929220940725
2098-06-29,0.00328143031872808
2098-06-30,0.00321956810437396
2098-07-01,0.00580150263091403
2098-07-02,0.00570412312554523
2098-07-03,0.00561569397512615
2098-07-04,0.00553510544214264
2098-07-05,0.00546947700938331
2098-07-06,0.00541362777364233
2098-07-07,0.00535895416430071
2098-07-08,0.00530288899795597
2098-07-09,0.00524959501169466
2098-07-10,0.00520188259060106
2098-07-11,0.0051588599449319
2098-07-12,0.00512356682472176
2098-07-13,0.0050960511635776
2098-07-14,0.00507148554587141
2098-07-15,0.005048596812418
2098-07-16,0.00502915870327945
2098-07-17,0.00501366768406257
2098-07-18,0.00500079662161462
2098-07-19,0.0049893368441697
2098-07-20,0.00498031406747865
2098-07-21,0.00497370994141488
2098-07-22,0.00496871701453249
2098-07-23,0.00496468115418166
2098-07-24,0.00496099995776186
2098-07-25,0.0049582142177683
2098-07-26,0.0049561576083466
2098-07-27,0.00495447050522185
2098-07-28,0.00495287109873535
2098-07-29,0.004951326438874
2098-07-30,0.0049498548593807
2098-07-31,0.00494853123628235
2098-08-01,0.0142628753725046
2098-08-02,0.0142595997211433
2098-08-03,0.0142583677716036
2098-08-04,0.0142530509104463
2098-08-05,0.0142497772041496
2098-08-06,0.0142465046182254
2098-08-07,0.0142432327134043
2098-08-08,0.0142399618656632
2098-08-09,0.0142366917849897
2098-08-10,0.0142334217232096
2098-08-11,0.0142301534383437
2098-08-12,0.0142268848530746
2098-08-13,0.0142236180655023
2098-08-14,0.0142203510786058
2098-08-15,0.0142170853471687
2098-08-16,0.0142138206690328
2098-08-17,0.0142105561571579
2098-08-18,0.0142072925691651
2098-08-19,0.0142040298653784
2098-08-20,0.0142007674157065
2098-08-21,0.0141975061969328
2098-08-22,0.0141942454854441
2098-08-23,0.0141909861219919
2098-08-24,0.0141877272355954
2098-08-25,0.0141844682074991
2098-08-26,0.0141812110252777
2098-08-27,0.014177954305942
2098-08-28,0.01417469809767
2098-08-29,0.014171442666857
2098-08-30,0.0141681881542581
2098-08-31,0.0141649343936124
2098-09-01,0.0108965120975498
2098-09-02,0.0108940094379672
2098-09-03,0.0108915078417799
2098-09-04,0.0338347443442811
2098-09-05,0.0108865054656681
2098-09-06,0.0108840053951586
2098-09-07,0.0108815060936661
2098-09-08,0.0108790072428264
2098-09-09,0.0108765086725545
2098-09-10,0.010874010957796
2098-09-11,0.0108715132859222
2098-09-12,0.0108690170379659
2098-09-13,0.0108665207936438
2098-09-14,0.0108640247935465
2098-09-15,0.0108615300683606
2098-09-16,0.0108590358810504
2098-09-17,0.0108565418950804
2098-09-18,0.0108540484651578
2098-09-19,0.0108515558384146
2098-09-20,0.0108490636834032
2098-09-21,0.0108465723628264
2098-09-22,0.0108440811098475
2098-09-23,0.0108415912771518
2098-09-24,0.0108391011566197
2098-09-25,0.0108366117869333
2098-09-26,0.0108341229841972
2098-09-27,0.0108316352383147
2098-09-28,0.0108291480121365
2098-09-29,0.0108266606667534
2098-09-30,0.010824174408025
2098-10-01,0.00524019866525278
2098-10-02,0.00523899524042964
2098-10-03,0.00523779212287451
2098-10-04,0.00523658903558863
2098-10-05,0.0052353865227144
2098-10-06,0.00523418428789483
2098-10-07,0.00523298232514648
2098-10-08,0.00523178047749166
2098-10-09,0.00523057906310935
2098-10-10,0.00522937774023871
2098-10-11,0.00522817690871529
2098-10-12,0.00550880900890547
2098-10-13,0.00522577571836141
2098-10-14,0.0052245756080203
2098-10-15,0.00522337581057868
2098-10-16,0.0052221763418751
2098-10-17,0.00522097694532496
2098-10-18,0.00521977795564973
2098-10-19,0.00521857914723801
2098-10-20,0.00521738090549465
2098-10-21,0.00521618261693956
2098-10-22,0.00521498449521727
2098-10-23,0.00521378709538121
2098-10-24,0.00521258969343334
2098-10-25,0.00521139266034786
2098-10-26,0.00521019568076152
2098-10-27,0.00520899927171518
2098-10-28,0.00520780291440813
2098-10-29,0.00520660704880029
2098-10-30,0.00583123240211325
2098-10-31,0.0655720333296538
2098-11-01,0.0197469410961998
2098-11-02,0.00380748607789483
2098-11-03,0.00380661215978305
2098-11-04,0.00380573870462082
2098-11-05,0.123795582386783
2098-11-06,0.471429089177177
2098-11-07,0.0585593639131713
2098-11-08,0.00409750151591956
2098-11-09,0.00412981276381989
2098-11-10,0.00419119194465041
2098-11-11,0.00423152141671162
2098-11-12,0.00429756276860198
2098-11-13,0.00427277205272689
2098-11-14,0.00428199639620071
2098-11-15,0.00428758638073635
2098-11-16,0.00429268458611231
2098-11-17,0.00429659551476249
2098-11-18,0.00429684961248658
2098-11-19,0.00429522646194418
2098-11-20,0.00429259887372336
2098-11-21,0.00428865221989883
2098-11-22,0.00428245912572775
2098-11-23,0.00427394632719157
2098-11-24,0.00426582208990522
2098-11-25,0.00426066937499067
2098-11-26,0.00425792619468515
2098-11-27,0.00425490954439431
2098-11-28,0.00425053774780493
2098-11-29,0.00424524933328682
2098-11-30,0.0100665134018076
2098-12-01,0.00429808786392103
2098-12-02,0.0102253230285619
2098-12-03,0.00422521042373593
2098-12-04,0.00585735673753629
2098-12-05,0.00422036682444886
2098-12-06,0.00422032442733791
2098-12-07,0.00422093943237318
2098-12-08,0.00422123693901051
2098-12-09,0.00421908407264862
2098-12-10,0.00421350610698367
2098-12-11,0.00420755045782881
2098-12-12,0.00420204013247469
2098-12-13,0.00657484095328885
2098-12-14,0.0389873558743235
2098-12-15,0.00624667775344112
2098-12-16,0.00481085387913369
2098-12-17,0.00419035249150356
2098-12-18,0.00418776337807761
2098-12-19,0.00418713304040687
2098-12-20,0.0041869548105695
2098-12-21,0.00418626839637367
2098-12-22,0.00418408497660522
2098-12-23,0.00418170717497032
2098-12-24,0.00418084132465776
2098-12-25,0.0041804465589118
2098-12-26,0.00417813383475958
2098-12-27,0.00417327164227427
2098-12-28,0.0041674787132457
2098-12-29,0.00416109677656406
2098-12-30,0.00415428613902367
2098-12-31,0.04777186798721
2099-01-01,0.0122920678520199
2099-01-02,0.0083618999864408
2099-01-03,0.00658664922843031
2099-01-04,0.00279328230813084
2099-01-05,0.00279195202751447
2099-01-06,0.00279074098689985
2099-01-07,0.00321974477895946
2099-01-08,0.00281577658788524
2099-01-09,0.00278931711692479
2099-01-10,0.00281010887404655
2099-01-11,0.00278859526004638
2099-01-12,0.00329433849185022
2099-01-13,0.00278525566159513
2099-01-14,0.0027820504096597
2099-01-15,0.00702670951982698
2099-01-16,0.00338884232660207
2099-01-17,0.00379066921927022
2099-01-18,0.00354615375918119
2099-01-19,0.0032794552207801
2099-01-20,0.00277250011211809
2099-01-21,0.00277124971392659
2099-01-22,0.00276912638937839
2099-01-23,0.0028864392839983
2099-01-24,0.00276468194925231
2099-01-25,0.00276209527325967
2099-01-26,0.00275847181315165
2099-01-27,0.00275426139664901
2099-01-28,0.0027499537265836
2099-01-29,0.00275800842978419
2099-01-30,0.00300012186200709
2099-01-31,0.00274040101642731
2099-02-01,0.00262118715958639
2099-02-02,0.231558291553637
2099-02-03,0.24116464538912
2099-02-04,0.156079769872897
2099-02-05,0.254525988325847
2099-02-06,0.0208397990985356
2099-02-07,0.00348579953255062
2099-02-08,0.00354031793965439
2099-02-09,0.00356291549730766
2099-02-10,0.00357105662728096
2099-02-11,0.0035707967096033
2099-02-12,0.00356354951675263
2099-02-13,0.00354861744381635
2099-02-14,0.00352884688217779
2099-02-15,0.00350730747548028
2099-02-16,0.00348326156072421
2099-02-17,0.0034569877491618
2099-02-18,0.00343030801983805
2099-02-19,0.0250903643348219
2099-02-20,0.0821216330981329
2099-02-21,0.0638705299601573
2099-02-22,0.0238876575709805
2099-02-23,0.00393390845807186
2099-02-24,0.00351982627330257
2099-02-25,0.0205018850597648
2099-02-26,0.00354831660742353
2099-02-27,0.0774220598231391
2099-02-28,0.114516010556033
2099-03-01,0.00316700068869993
2099-03-02,0.00516129429038431
2099-03-03,0.00394729225776592
2099-03-04,0.00326604622208889
2099-03-05,0.00327298646337447
2099-03-06,0.00327233392017175
2099-03-07,0.00848846678930708
2099-03-08,0.00326495333776389
2099-03-09,0.00788979991425547
2099-03-10,0.00323902295566096
2099-03-11,0.00322145304008053
2099-03-12,0.00320099139718
2099-03-13,0.00317707593833441
2099-03-14,0.00314836109609514
2099-03-15,0.00311597349013408
2099-03-16,0.00308076479314089
2099-03-17,0.00304413071516317
2099-03-18,0.00924368544978376
2099-03-19,0.00299173464286958
2099-03-20,0.00297107620133888
2099-03-21,0.00294710613442136
2099-03-22,0.0264591236247777
2099-03-23,0.0161762079596092
2099-03-24,0.00295629016031997
2099-03-25,0.00289646871271917
2099-03-26,0.0623235022558196
2099-03-27,0.00516091712326119
2099-03-28,0.00287828434719555
2099-03-29,0.00286829417955408
2099-03-30,0.00285548163988188
2099-03-31,0.00401136089512019
2099-04-01,0.00392011274629044
2099-04-02,0.00389353081550121
2099-04-03,0.00386767458158578
2099-04-04,0.0038433557430891
2099-04-05,0.00457243368733421
2099-04-06,0.0038032849818723
2099-04-07,0.00377959966736922
2099-04-08,0.00375287843288299
2099-04-09,0.0646926486945178
2099-04-10,0.00540977759398363
2099-04-11,0.0323462003131655
2099-04-12,0.0111833361657568
2099-04-13,0.0797338086258878
2099-04-14,0.0669762034298219
2099-04-15,0.00548541749547779
2099-04-16,0.00396217064156615
2099-04-17,0.00381901672083388
2099-04-18,0.00381150149796872
2099-04-19,0.00898022169809726
2099-04-20,0.0917242369579762
2099-04-21,0.295300130842295
2099-04-22,0.0099740036667805
2099-04-23,0.00993326103112196
2099-04-24,0.0193639320639925
2099-04-25,0.028304318445448
2099-04-26,0.00943463693646939
2099-04-27,0.00430308188980966
2099-04-28,0.00428852065200875
2099-04-29,0.00426611503761993
2099-04-30,0.00453159539437129
2099-05-01,0.00470202657875757
2099-05-02,0.0671798281277582
2099-05-03,0.160071389248299
2099-05-04,0.0477712804372552
2099-05-05,0.00489065804843441
2099-05-06,0.00494611173519953
2099-05-07,0.00648953235105865
2099-05-08,0.00493255634204394
2099-05-09,0.089319247811583
2099-05-10,0.0583049272806957
2099-05-11,0.00583950773438013
2099-05-12,0.00509974343261209
2099-05-13,0.00545655004804778
2099-05-14,0.00504674994961153
2099-05-15,0.00497840097231951
2099-05-16,0.00489351496096504
2099-05-17,0.00479779707685724
2099-05-18,0.00470671365630143
2099-05-19,0.00461882591364927
2099-05-20,0.00453415026735748
2099-05-21,0.00443566614908878
2099-05-22,0.00434536877792633
2099-05-23,0.00427004025668057
2099-05-24,0.00420019302570675
2099-05-25,0.00413061125645794
2099-05-26,0.00406402662561059
2099-05-27,0.0040002153839222
2099-05-28,0.0039403319334485
2099-05-29,0.00388492179358844
2099-05-30,0.00383347436781169
2099-05-31,0.00378602976276398
2099-06-01,0.00302841516367868
2099-06-02,0.00299383247899301
2099-06-03,0.00296205902978046
2099-06-04,0.00293322334010018
2099-06-05,0.00290670115743189
2099-06-06,0.00288275726788692
2099-06-07,0.00286182199332688
2099-06-08,0.00284385327509307
2099-06-09,0.00282792367573258
2099-06-10,0.00281333472429449
2099-06-11,0.00280037370176198
2099-06-12,0.00278887816654603
2099-06-13,0.00277873548406901
2099-06-14,0.00276988745612859
2099-06-15,0.00276201210437518
2099-06-16,0.00275498765964137
2099-06-17,0.00274887402573158
2099-06-18,0.00274335195586744
2099-06-19,0.00273809453422325
2099-06-20,0.0027330783599879
2099-06-21,0.00272825740744614
2099-06-22,0.00272369375737159
2099-06-23,0.00271969203041054
2099-06-24,0.00271622337546985
2099-06-25,0.00271307818674821
2099-06-26,0.00271024513696845
2099-06-27,0.00270769930869282
2099-06-28,0.00270533768401752
2099-06-29,0.00270309307715119
2099-06-30,0.00270102676688258
2099-07-01,0.00495164612776056
2099-07-02,0.00494845305532557
2099-07-03,0.00494557068725681
2099-07-04,0.00494300382694183
2099-07-05,0.00494069354826111
2099-07-06,0.00493858227314996
2099-07-07,0.00493665661313635
2099-07-08,0.00493488060654642
2099-07-09,0.00493320639382776
2099-07-10,0.00493160590470312
2099-07-11,0.00493014351387163
2099-07-12,0.00492883404993689
2099-07-13,0.0049275906344651
2099-07-14,0.00492637791755157
2099-07-15,0.00492517883290029
2099-07-16,0.00492398695120047
2099-07-17,0.00492280123863749
2099-07-18,0.00492164212476345
2099-07-19,0.00492051018530327
2099-07-20,0.00491938012538677
2099-07-21,0.00491825022078823
2099-07-22,0.00491712063468977
2099-07-23,0.00491599152077096
2099-07-24,0.00491486261951321
2099-07-25,0.00491373371825545
2099-07-26,0.00491260527901941
2099-07-27,0.00491147701705555
2099-07-28,0.00491034909718436
2099-07-29,0.00490922135458535
2099-07-30,0.00490809398324208
2099-07-31,0.00490696681997243
2099-08-01,0.0141432030128041
2099-08-02,0.0141399547425497
2099-08-03,0.0141367079346362
2099-08-04,0.0141334605221373
2099-08-05,0.0141302150811537
2099-08-06,0.0141269703288307
2099-08-07,0.0141237258041719
2099-08-08,0.0141204817187822
2099-08-09,0.0141172393564609
2099-08-10,0.0141139967088509
2099-08-11,0.0141107553308703
2099-08-12,0.0141075150779853
2099-08-13,0.0141042753569466
2099-08-14,0.0141010358220067
2099-08-15,0.0140977977371274
2099-08-16,0.0140945597334891
2099-08-17,0.0140913230145948
2099-08-18,0.0140880866131079
2099-08-19,0.0140848517089146
2099-08-20,0.0140816170456108
2099-08-21,0.0140783825891885
2099-08-22,0.0140751493551624
2099-08-23,0.0140719165348994
2099-08-24,0.0140686849710405
2099-08-25,0.0140654545322774
2099-08-26,0.0140622237203716
2099-08-27,0.014058994753396
2099-08-28,0.0140557658100371
2099-08-29,0.014052537746161
2099-08-30,0.0140493109651395
2099-08-31,0.0140460844457902
2099-09-01,0.0108050850842478
2099-09-02,0.0108026037158291
2099-09-03,0.0108001225589264
2099-09-04,0.0107976425279289
2099-09-05,0.0107951626888223
2099-09-06,0.0107926836986873
2099-09-07,0.010790205144668
2099-09-08,0.0107877271481498
2099-09-09,0.0107852496349931
2099-09-10,0.0107827726938746
2099-09-11,0.0107802962426594
2099-09-12,0.0107778211143281
2099-09-13,0.0107753453943333
2099-09-14,0.0107728711942015
2099-09-15,0.0107703966967842
2099-09-16,0.0107679231013993
2099-09-17,0.0107654505432427
2099-09-18,0.0107629780737629
2099-09-19,0.0107605061988541
2099-09-20,0.0107580349359609
2099-09-21,0.0107555647248331
2099-09-22,0.0107530942454942
2099-09-23,0.010750625240953
2099-09-24,0.01074815596602
2099-09-25,0.0107456880023413
2099-09-26,0.0107432198438643
2099-09-27,0.0107407524885668
2099-09-28,0.0107382862330076
2099-09-29,0.162835735904695
2099-09-30,0.0949504930744836
2099-10-01,0.00555283947615784
2099-10-02,0.00519504122448402
2099-10-03,0.0051938515052922
2099-10-04,0.00519266239746867
2099-10-05,0.00519147342620871
2099-10-06,0.00519028448521797
2099-10-07,0.0051890955305005
2099-10-08,0.00518790667820569
2099-10-09,0.00518671781324004
2099-10-10,0.00518552909434109
2099-10-11,0.00518434040078381
2099-10-12,0.00518315162944163
2099-10-13,0.00518196294468356
2099-10-14,0.00518077460027849
2099-10-15,0.00517958606475481
2099-10-16,0.00517839791569195
2099-10-17,0.00517720993310989
2099-10-18,0.00517602214762991
2099-10-19,0.00517483423438555
2099-10-20,0.00517364661855408
2099-10-21,0.00517245924276476
2099-10-22,0.00517127198875634
2099-10-23,0.00517008500013174
2099-10-24,0.00697064154817779
2099-10-25,0.00516771176623881
2099-10-26,0.0138297053863862
2099-10-27,0.00516533936510202
2099-10-28,0.00516415356929675
2099-10-29,0.00516296792166996
2099-10-30,0.00516178280762659
2099-10-31,0.00516059754047714
2099-11-01,0.00818948245160584
2099-11-02,0.0037755743706452
2099-11-03,0.00377470746324337
2099-11-04,0.00377384078151979
2099-11-05,0.00377297419047969
2099-11-06,0.00377210793357736
2099-11-07,0.00377124178719552
2099-11-08,0.00377420132981416
2099-11-09,0.00384046940537962
2099-11-10,0.00383947542026192
2099-11-11,0.00513718527411519
2099-11-12,0.0130957113759231
2099-11-13,0.0185595950300185
2099-11-14,0.00431868728094822
2099-11-15,0.00409705562724466
2099-11-16,0.00401224083845168
2099-11-17,0.00376259152278865
2099-11-18,0.00376172784830488
2099-11-19,0.0118216554039121
2099-11-20,0.00442387305790592
2099-11-21,0.0042243621442794
2099-11-22,0.00866385011730591
2099-11-23,0.0103169011575351
2099-11-24,0.00551655403715812
2099-11-25,0.00478275271160896
2099-11-26,0.00430601682973932
2099-11-27,0.00394232659989414
2099-11-28,0.00649068928428974
2099-11-29,0.00375224933909434
2099-11-30,0.00572872421365996
2099-12-01,0.00380487716198533
2099-12-02,0.00375154287768859
2099-12-03,0.00375068452770147
2099-12-04,0.00546844056470736
2099-12-05,0.004346310731973
2099-12-06,0.0115617342829871
2099-12-07,0.0198516945288327
2099-12-08,0.012320244632736
2099-12-09,0.11116407133442
2099-12-10,0.104669092704622
2099-12-11,0.00959329057785676
2099-12-12,0.00810577276174334
2099-12-13,0.0999994856120395
2099-12-14,0.09931124100585
2099-12-15,0.0539370190047574
2099-12-16,0.0380665406519727
2099-12-17,0.0280948454618963
2099-12-18,0.0204992102733661
2099-12-19,0.0099573712722184
2099-12-20,0.00532016814348652
2099-12-21,0.00551658875659217
2099-12-22,0.00417428467181402
2099-12-23,0.00719761239964042
2099-12-24,0.0422175470586661
2099-12-25,0.0832173164721333
2099-12-26,0.0167777966416815
2099-12-27,0.00488209039585502
2099-12-28,0.004401721143933
2099-12-29,0.207747863418047
2099-12-30,0.0234973948534421
2099-12-31,0.00497966249685732
