Date,01,02,03,04,05,06,07,08,09,10,11,12
2006-01-01,147.73489733204212,56.14556393267145,96.88109887450419,100.30280553397672,66.67360360752913,42.6470898013845,12.252434060921273,8.683206891663016,3.2033047351354726,1.7299400801527969,17.65258118652769,29.527615150131883
2006-02-01,56.14556393267145,96.88109887450419,100.30280553397672,66.67360360752913,42.6470898013845,12.252434060921273,8.683206891663016,3.2033047351354726,1.7299400801527969,17.65258118652769,29.527615150131883,65.19923528781405
2006-03-01,101.52100572866111,92.94429835295657,51.62493685147103,26.804440430678618,10.671121682382214,8.609525715419448,3.1118065812676083,1.7299400801527969,17.65258118652769,29.527615150131883,65.19923528781405,70.77022047152633
2006-04-01,87.42541796719145,40.33843678442746,14.922453402649207,9.485137398477919,8.554264833236774,3.0431829658667104,1.7299400801527969,17.65258118652769,29.527615150131883,65.19923528781405,70.77022047152633,92.98411012997252
2006-05-01,40.33843678442746,14.922453402649207,9.485137398477919,8.554264833236774,3.0431829658667104,1.7299400801527969,17.65258118652769,29.527615150131883,65.19923528781405,70.77022047152633,92.98411012997252,70.41617955009447
2006-06-01,14.922453402649207,9.485137398477919,8.554264833236774,3.0431829658667104,1.7299400801527969,17.65258118652769,29.527615150131883,65.19923528781405,70.77022047152633,92.98411012997252,70.41617955009447,27.36299534227344
2006-07-01,9.485137398477919,8.554264833236774,3.0431829658667104,1.7299400801527969,17.65258118652769,29.527615150131883,65.19923528781405,70.77022047152633,92.98411012997252,70.41617955009447,27.36299534227344,6.311211942510479
2006-08-01,8.554264833236774,3.0431829658667104,1.7299400801527969,17.65258118652769,29.527615150131883,65.19923528781405,70.77022047152633,92.98411012997252,70.41617955009447,27.36299534227344,6.311211942510479,8.508154842352283
2006-09-01,3.0431829658667104,1.7299400801527969,17.65258118652769,29.527615150131883,65.19923528781405,70.77022047152633,92.98411012997252,70.41617955009447,27.36299534227344,6.311211942510479,8.508154842352283,8.482419214674657
2006-10-01,1.7299400801527969,17.65258118652769,29.527615150131883,65.19923528781405,70.77022047152633,92.98411012997252,70.41617955009447,27.36299534227344,6.311211942510479,8.508154842352283,8.482419214674657,2.989039761587248
2006-11-01,17.65258118652769,29.527615150131883,65.19923528781405,70.77022047152633,92.98411012997252,70.41617955009447,27.36299534227344,6.311211942510479,8.508154842352283,8.482419214674657,2.989039761587248,1.743343476203071
2006-12-01,29.527615150131883,65.19923528781405,70.77022047152633,92.98411012997252,70.41617955009447,27.36299534227344,6.311211942510479,8.508154842352283,8.482419214674657,2.989039761587248,1.743343476203071,21.72469421389196
2007-01-01,27.12523091780967,32.63820548632505,42.805383047625924,23.761232657040274,8.28411711783606,3.8965032307602225,7.8560125583559115,8.359901608133493,2.959660315877892,1.743343476203071,21.72469421389196,33.72138169427235
2007-02-01,32.63820548632505,42.805383047625924,23.761232657040274,8.28411711783606,3.8965032307602225,7.8560125583559115,8.359901608133493,2.959660315877892,1.743343476203071,21.72469421389196,33.72138169427235,63.626909143891204
2007-03-01,71.47894138039541,50.4212023102141,19.18633324608599,5.276336780331798,8.228665292068124,8.429911669014157,2.9764485705689525,1.743343476203071,21.72469421389196,33.72138169427235,63.626909143891204,69.17644712921204
2007-04-01,70.41617955009447,27.36299534227344,6.311211942510479,8.508154842352283,8.482419214674657,2.989039761587248,1.743343476203071,21.72469421389196,33.72138169427235,63.626909143891204,69.17644712921204,88.48573175011498
2007-05-01,27.36299534227344,6.311211942510479,8.508154842352283,8.482419214674657,2.989039761587248,1.743343476203071,21.72469421389196,33.72138169427235,63.626909143891204,69.17644712921204,88.48573175011498,70.79905542003927
2007-06-01,6.311211942510479,8.508154842352283,8.482419214674657,2.989039761587248,1.743343476203071,21.72469421389196,33.72138169427235,63.626909143891204,69.17644712921204,88.48573175011498,70.79905542003927,27.620023183185477
2007-07-01,8.508154842352283,8.482419214674657,2.989039761587248,1.743343476203071,21.72469421389196,33.72138169427235,63.626909143891204,69.17644712921204,88.48573175011498,70.79905542003927,27.620023183185477,6.537392054129505
2007-08-01,8.482419214674657,2.989039761587248,1.743343476203071,21.72469421389196,33.72138169427235,63.626909143891204,69.17644712921204,88.48573175011498,70.79905542003927,27.620023183185477,6.537392054129505,8.557826551859769
2007-09-01,2.989039761587248,1.743343476203071,21.72469421389196,33.72138169427235,63.626909143891204,69.17644712921204,88.48573175011498,70.79905542003927,27.620023183185477,6.537392054129505,8.557826551859769,8.48183198736328
2007-10-01,1.743343476203071,21.72469421389196,33.72138169427235,63.626909143891204,69.17644712921204,88.48573175011498,70.79905542003927,27.620023183185477,6.537392054129505,8.557826551859769,8.48183198736328,3.000435661326986
2007-11-01,21.72469421389196,33.72138169427235,63.626909143891204,69.17644712921204,88.48573175011498,70.79905542003927,27.620023183185477,6.537392054129505,8.557826551859769,8.48183198736328,3.000435661326986,1.7280157828396792
2007-12-01,33.72138169427235,63.626909143891204,69.17644712921204,88.48573175011498,70.79905542003927,27.620023183185477,6.537392054129505,8.557826551859769,8.48183198736328,3.000435661326986,1.7280157828396792,17.01925967452698
2008-01-01,20.049763270156888,25.46622544591075,22.562680338266993,25.484174071791898,9.440742401940232,4.91431373304584,8.079535251139596,8.357259085232293,3.0109418647067123,1.7280157828396792,17.01925967452698,52.377367682174466
2008-02-01,25.46622544591075,22.562680338266993,25.484174071791898,9.440742401940232,4.91431373304584,8.079535251139596,8.357259085232293,3.0109418647067123,1.7280157828396792,17.01925967452698,52.377367682174466,74.70035078060181
2008-03-01,60.23299543075155,51.37839198507611,19.828902848366084,5.841787059379364,8.352844565836838,8.428443600735715,3.0049383199182973,1.7280157828396792,17.01925967452698,52.377367682174466,74.70035078060181,73.13551521249435
2008-04-01,70.79905542003927,27.620023183185477,6.537392054129505,8.557826551859769,8.48183198736328,3.000435661326986,1.7280157828396792,17.01925967452698,52.377367682174466,74.70035078060181,73.13551521249435,106.802615781289
2008-05-01,27.620023183185477,6.537392054129505,8.557826551859769,8.48183198736328,3.000435661326986,1.7280157828396792,17.01925967452698,52.377367682174466,74.70035078060181,73.13551521249435,106.802615781289,88.32363938494723
2008-06-01,6.537392054129505,8.557826551859769,8.48183198736328,3.000435661326986,1.7280157828396792,17.01925967452698,52.377367682174466,74.70035078060181,73.13551521249435,106.802615781289,88.32363938494723,37.768225184170035
2008-07-01,8.557826551859769,8.48183198736328,3.000435661326986,1.7280157828396792,17.01925967452698,52.377367682174466,74.70035078060181,73.13551521249435,106.802615781289,88.32363938494723,37.768225184170035,11.829227555466293
2008-08-01,8.48183198736328,3.000435661326986,1.7280157828396792,17.01925967452698,52.377367682174466,74.70035078060181,73.13551521249435,106.802615781289,88.32363938494723,37.768225184170035,11.829227555466293,9.240606933392126
2008-09-01,3.000435661326986,1.7280157828396792,17.01925967452698,52.377367682174466,74.70035078060181,73.13551521249435,106.802615781289,88.32363938494723,37.768225184170035,11.829227555466293,9.240606933392126,8.578199536400819
2008-10-01,1.7280157828396792,17.01925967452698,52.377367682174466,74.70035078060181,73.13551521249435,106.802615781289,88.32363938494723,37.768225184170035,11.829227555466293,9.240606933392126,8.578199536400819,2.9965835934890164
2008-11-01,17.01925967452698,52.377367682174466,74.70035078060181,73.13551521249435,106.802615781289,88.32363938494723,37.768225184170035,11.829227555466293,9.240606933392126,8.578199536400819,2.9965835934890164,2.8770863628056222
2008-12-01,52.377367682174466,74.70035078060181,73.13551521249435,106.802615781289,88.32363938494723,37.768225184170035,11.829227555466293,9.240606933392126,8.578199536400819,2.9965835934890164,2.8770863628056222,16.83572659632034
2009-01-01,69.88025063535459,43.28203182068121,104.98865847855012,104.34480191387772,55.10765140637074,28.72757348906139,11.152046968035206,8.790913055901218,2.993607559435849,2.8770863628056222,16.83572659632034,28.722742973170078
2009-02-01,43.28203182068121,104.98865847855012,104.34480191387772,55.10765140637074,28.72757348906139,11.152046968035206,8.790913055901218,2.993607559435849,2.8770863628056222,16.83572659632034,28.722742973170078,65.88684906723911
2009-03-01,106.02520550868662,95.18985189734602,45.199407850827484,19.071375812721335,10.059795519667732,8.66936247332956,2.995308150323373,2.8770863628056222,16.83572659632034,28.722742973170078,65.88684906723911,70.44314143142557
2009-04-01,88.32363938494723,37.768225184170035,11.829227555466293,9.240606933392126,8.578199536400819,2.9965835934890164,2.8770863628056222,16.83572659632034,28.722742973170078,65.88684906723911,70.44314143142557,95.83676853460605
2009-05-01,37.768225184170035,11.829227555466293,9.240606933392126,8.578199536400819,2.9965835934890164,2.8770863628056222,16.83572659632034,28.722742973170078,65.88684906723911,70.44314143142557,95.83676853460605,84.6623923128
2009-06-01,11.829227555466293,9.240606933392126,8.578199536400819,2.9965835934890164,2.8770863628056222,16.83572659632034,28.722742973170078,65.88684906723911,70.44314143142557,95.83676853460605,84.6623923128,66.0244781371525
2009-07-01,9.240606933392126,8.578199536400819,2.9965835934890164,2.8770863628056222,16.83572659632034,28.722742973170078,65.88684906723911,70.44314143142557,95.83676853460605,84.6623923128,66.0244781371525,33.45108661516156
2009-08-01,8.578199536400819,2.9965835934890164,2.8770863628056222,16.83572659632034,28.722742973170078,65.88684906723911,70.44314143142557,95.83676853460605,84.6623923128,66.0244781371525,33.45108661516156,12.153247276907361
2009-09-01,2.9965835934890164,2.8770863628056222,16.83572659632034,28.722742973170078,65.88684906723911,70.44314143142557,95.83676853460605,84.6623923128,66.0244781371525,33.45108661516156,12.153247276907361,8.673319156382796
2009-10-01,2.8770863628056222,16.83572659632034,28.722742973170078,65.88684906723911,70.44314143142557,95.83676853460605,84.6623923128,66.0244781371525,33.45108661516156,12.153247276907361,8.673319156382796,3.2334125244409937
2009-11-01,16.83572659632034,28.722742973170078,65.88684906723911,70.44314143142557,95.83676853460605,84.6623923128,66.0244781371525,33.45108661516156,12.153247276907361,8.673319156382796,3.2334125244409937,2.2939234668941992
2009-12-01,28.722742973170078,65.88684906723911,70.44314143142557,95.83676853460605,84.6623923128,66.0244781371525,33.45108661516156,12.153247276907361,8.673319156382796,3.2334125244409937,2.2939234668941992,16.700676197690317
2010-01-01,30.219492925222475,31.16634980587167,55.64234586847685,87.86919008921515,182.2607896947918,126.02593925769007,24.25892851385377,9.21895134582011,4.059337748719747,2.2939234668941992,16.700676197690317,30.72891280299928
2010-02-01,31.16634980587167,55.64234586847685,87.86919008921515,182.2607896947918,126.02593925769007,24.25892851385377,9.21895134582011,4.059337748719747,2.2939234668941992,16.700676197690317,30.72891280299928,73.10173020018563
2010-03-01,78.61058739197925,86.03673421697792,115.84004023328363,73.12602346195949,17.341396378455823,8.9071615232845,3.5873804777033165,2.2939234668941992,16.700676197690317,30.72891280299928,73.10173020018563,71.603941859066
2010-04-01,84.6623923128,66.0244781371525,33.45108661516156,12.153247276907361,8.673319156382796,3.2334125244409937,2.2939234668941992,16.700676197690317,30.72891280299928,73.10173020018563,71.603941859066,99.01516814417937
2010-05-01,66.0244781371525,33.45108661516156,12.153247276907361,8.673319156382796,3.2334125244409937,2.2939234668941992,16.700676197690317,30.72891280299928,73.10173020018563,71.603941859066,99.01516814417937,82.7528550258101
2010-06-01,33.45108661516156,12.153247276907361,8.673319156382796,3.2334125244409937,2.2939234668941992,16.700676197690317,30.72891280299928,73.10173020018563,71.603941859066,99.01516814417937,82.7528550258101,34.1394644527399
2010-07-01,12.153247276907361,8.673319156382796,3.2334125244409937,2.2939234668941992,16.700676197690317,30.72891280299928,73.10173020018563,71.603941859066,99.01516814417937,82.7528550258101,34.1394644527399,10.4905577255047
2010-08-01,8.673319156382796,3.2334125244409937,2.2939234668941992,16.700676197690317,30.72891280299928,73.10173020018563,71.603941859066,99.01516814417937,82.7528550258101,34.1394644527399,10.4905577255047,8.908207787803859
2010-09-01,3.2334125244409937,2.2939234668941992,16.700676197690317,30.72891280299928,73.10173020018563,71.603941859066,99.01516814417937,82.7528550258101,34.1394644527399,10.4905577255047,8.908207787803859,9.485855509311236
2010-10-01,2.2939234668941992,16.700676197690317,30.72891280299928,73.10173020018563,71.603941859066,99.01516814417937,82.7528550258101,34.1394644527399,10.4905577255047,8.908207787803859,9.485855509311236,3.5471262357429225
2010-11-01,16.700676197690317,30.72891280299928,73.10173020018563,71.603941859066,99.01516814417937,82.7528550258101,34.1394644527399,10.4905577255047,8.908207787803859,9.485855509311236,3.5471262357429225,1.7389100033207727
2010-12-01,30.72891280299928,73.10173020018563,71.603941859066,99.01516814417937,82.7528550258101,34.1394644527399,10.4905577255047,8.908207787803859,9.485855509311236,3.5471262357429225,1.7389100033207727,22.175198414336773
2011-01-01,62.68645802348179,36.3899517302536,69.94514411155671,79.27627229776063,38.778228114935125,22.703559254234225,9.656250812888004,12.875364933998098,5.4710494495784285,1.7389100033207727,22.175198414336773,29.27835959726998
2011-02-01,36.3899517302536,69.94514411155671,79.27627229776063,38.778228114935125,22.703559254234225,9.656250812888004,12.875364933998098,5.4710494495784285,1.7389100033207727,22.175198414336773,29.27835959726998,75.37682402215572
2011-03-01,86.5565864159125,81.26289099950318,36.127506022252135,15.724701237817353,9.228797655697065,10.938502405605604,4.37166475595814,1.7389100033207727,22.175198414336773,29.27835959726998,75.37682402215572,82.10382774848014
2011-04-01,82.7528550258101,34.1394644527399,10.4905577255047,8.908207787803859,9.485855509311236,3.5471262357429225,1.7389100033207727,22.175198414336773,29.27835959726998,75.37682402215572,82.10382774848014,125.68950542455795
2011-05-01,34.1394644527399,10.4905577255047,8.908207787803859,9.485855509311236,3.5471262357429225,1.7389100033207727,22.175198414336773,29.27835959726998,75.37682402215572,82.10382774848014,125.68950542455795,88.02256306918264
2011-06-01,10.4905577255047,8.908207787803859,9.485855509311236,3.5471262357429225,1.7389100033207727,22.175198414336773,29.27835959726998,75.37682402215572,82.10382774848014,125.68950542455795,88.02256306918264,41.674633378696534
2011-07-01,8.908207787803859,9.485855509311236,3.5471262357429225,1.7389100033207727,22.175198414336773,29.27835959726998,75.37682402215572,82.10382774848014,125.68950542455795,88.02256306918264,41.674633378696534,10.337801287884357
2011-08-01,9.485855509311236,3.5471262357429225,1.7389100033207727,22.175198414336773,29.27835959726998,75.37682402215572,82.10382774848014,125.68950542455795,88.02256306918264,41.674633378696534,10.337801287884357,8.775615089612362
2011-09-01,3.5471262357429225,1.7389100033207727,22.175198414336773,29.27835959726998,75.37682402215572,82.10382774848014,125.68950542455795,88.02256306918264,41.674633378696534,10.337801287884357,8.775615089612362,8.78716740545727
2011-10-01,1.7389100033207727,22.175198414336773,29.27835959726998,75.37682402215572,82.10382774848014,125.68950542455795,88.02256306918264,41.674633378696534,10.337801287884357,8.775615089612362,8.78716740545727,3.054139099955898
2011-11-01,22.175198414336773,29.27835959726998,75.37682402215572,82.10382774848014,125.68950542455795,88.02256306918264,41.674633378696534,10.337801287884357,8.775615089612362,8.78716740545727,3.054139099955898,1.7465354257543266
2011-12-01,29.27835959726998,75.37682402215572,82.10382774848014,125.68950542455795,88.02256306918264,41.674633378696534,10.337801287884357,8.775615089612362,8.78716740545727,3.054139099955898,1.7465354257543266,17.212756903705444
2012-01-01,72.92438022234717,83.6394382326172,189.9796618732603,102.98995849293703,72.68648828173998,22.01615528494267,9.059583671026262,9.731268466655246,3.252607338536816,1.7465354257543266,17.212756903705444,26.480346177138642
2012-02-01,83.6394382326172,189.9796618732603,102.98995849293703,72.68648828173998,22.01615528494267,9.059583671026262,9.731268466655246,3.252607338536816,1.7465354257543266,17.212756903705444,26.480346177138642,68.97282982521014
2012-03-01,153.24242961685894,94.43716110793451,54.96542833714373,15.342810143766492,8.89731591021832,9.191782145970688,3.139196916490577,1.7465354257543266,17.212756903705444,26.480346177138642,68.97282982521014,74.88794789794349
2012-04-01,88.02256306918264,41.674633378696534,10.337801287884357,8.775615089612362,8.78716740545727,3.054139099955898,1.7465354257543266,17.212756903705444,26.480346177138642,68.97282982521014,74.88794789794349,106.36293992207541
2012-05-01,41.674633378696534,10.337801287884357,8.775615089612362,8.78716740545727,3.054139099955898,1.7465354257543266,17.212756903705444,26.480346177138642,68.97282982521014,74.88794789794349,106.36293992207541,78.02769415927216
2012-06-01,10.337801287884357,8.775615089612362,8.78716740545727,3.054139099955898,1.7465354257543266,17.212756903705444,26.480346177138642,68.97282982521014,74.88794789794349,106.36293992207541,78.02769415927216,36.865662386164814
2012-07-01,8.775615089612362,8.78716740545727,3.054139099955898,1.7465354257543266,17.212756903705444,26.480346177138642,68.97282982521014,74.88794789794349,106.36293992207541,78.02769415927216,36.865662386164814,12.131053600218475
2012-08-01,8.78716740545727,3.054139099955898,1.7465354257543266,17.212756903705444,26.480346177138642,68.97282982521014,74.88794789794349,106.36293992207541,78.02769415927216,36.865662386164814,12.131053600218475,8.992466684148622
2012-09-01,3.054139099955898,1.7465354257543266,17.212756903705444,26.480346177138642,68.97282982521014,74.88794789794349,106.36293992207541,78.02769415927216,36.865662386164814,12.131053600218475,8.992466684148622,8.640467130025778
2012-10-01,1.7465354257543266,17.212756903705444,26.480346177138642,68.97282982521014,74.88794789794349,106.36293992207541,78.02769415927216,36.865662386164814,12.131053600218475,8.992466684148622,8.640467130025778,2.9945904834123414
2012-11-01,17.212756903705444,26.480346177138642,68.97282982521014,74.88794789794349,106.36293992207541,78.02769415927216,36.865662386164814,12.131053600218475,8.992466684148622,8.640467130025778,2.9945904834123414,8.054302990747134
2012-12-01,26.480346177138642,68.97282982521014,74.88794789794349,106.36293992207541,78.02769415927216,36.865662386164814,12.131053600218475,8.992466684148622,8.640467130025778,2.9945904834123414,8.054302990747134,24.57857308702887
2013-01-01,44.106406336092135,51.167978905202325,103.0101171120889,58.01304839833987,51.046118815347235,30.085790690446203,10.035415846439438,9.071117227213533,2.984638564090811,8.054302990747134,24.57857308702887,37.930221956012325
2013-02-01,51.167978905202325,103.0101171120889,58.01304839833987,51.046118815347235,30.085790690446203,10.035415846439438,9.071117227213533,2.984638564090811,8.054302990747134,24.57857308702887,37.930221956012325,76.56119812240158
2013-03-01,104.92601586065263,69.44998883315832,42.94300085581442,19.825940924601788,9.439444896558971,8.825031457391958,2.990325375131685,8.054302990747134,24.57857308702887,37.930221956012325,76.56119812240158,76.01721059888698
2013-04-01,78.02769415927216,36.865662386164814,12.131053600218475,8.992466684148622,8.640467130025778,2.9945904834123414,8.054302990747134,24.57857308702887,37.930221956012325,76.56119812240158,76.01721059888698,119.24722401989222
2013-05-01,36.865662386164814,12.131053600218475,8.992466684148622,8.640467130025778,2.9945904834123414,8.054302990747134,24.57857308702887,37.930221956012325,76.56119812240158,76.01721059888698,119.24722401989222,91.21748479469184
2013-06-01,12.131053600218475,8.992466684148622,8.640467130025778,2.9945904834123414,8.054302990747134,24.57857308702887,37.930221956012325,76.56119812240158,76.01721059888698,119.24722401989222,91.21748479469184,49.09913076804692
2013-07-01,8.992466684148622,8.640467130025778,2.9945904834123414,8.054302990747134,24.57857308702887,37.930221956012325,76.56119812240158,76.01721059888698,119.24722401989222,91.21748479469184,49.09913076804692,11.678426124951974
2013-08-01,8.640467130025778,2.9945904834123414,8.054302990747134,24.57857308702887,37.930221956012325,76.56119812240158,76.01721059888698,119.24722401989222,91.21748479469184,49.09913076804692,11.678426124951974,8.820884039815926
2013-09-01,2.9945904834123414,8.054302990747134,24.57857308702887,37.930221956012325,76.56119812240158,76.01721059888698,119.24722401989222,91.21748479469184,49.09913076804692,11.678426124951974,8.820884039815926,8.553554031206277
2013-10-01,8.054302990747134,24.57857308702887,37.930221956012325,76.56119812240158,76.01721059888698,119.24722401989222,91.21748479469184,49.09913076804692,11.678426124951974,8.820884039815926,8.553554031206277,3.0018102973985714
2013-11-01,24.57857308702887,37.930221956012325,76.56119812240158,76.01721059888698,119.24722401989222,91.21748479469184,49.09913076804692,11.678426124951974,8.820884039815926,8.553554031206277,3.0018102973985714,2.6981169377484315
2013-12-01,37.930221956012325,76.56119812240158,76.01721059888698,119.24722401989222,91.21748479469184,49.09913076804692,11.678426124951974,8.820884039815926,8.553554031206277,3.0018102973985714,2.6981169377484315,19.84487131767093
2014-01-01,78.25406367345359,56.249661059448016,160.98939555226454,117.36710625772845,106.09672653381672,28.04896705174695,9.2632939469423,8.680008282525776,3.0171277270288477,2.6981169377484315,19.84487131767093,43.605771249113175
2014-02-01,56.249661059448016,160.98939555226454,117.36710625772845,106.09672653381672,28.04896705174695,9.2632939469423,8.680008282525776,3.0171277270288477,2.6981169377484315,19.84487131767093,43.605771249113175,70.31145189885984
2014-03-01,137.13672610519464,102.42446542170754,73.52667181051969,18.694372236435534,9.010488285727229,8.607748710343204,3.008374910097261,2.6981169377484315,19.84487131767093,43.605771249113175,70.31145189885984,92.98868703785581
2014-04-01,91.21748479469184,49.09913076804692,11.678426124951974,8.820884039815926,8.553554031206277,3.0018102973985714,2.6981169377484315,19.84487131767093,43.605771249113175,70.31145189885984,92.98868703785581,125.39829112744276
2014-05-01,49.09913076804692,11.678426124951974,8.820884039815926,8.553554031206277,3.0018102973985714,2.6981169377484315,19.84487131767093,43.605771249113175,70.31145189885984,92.98868703785581,125.39829112744276,83.37988571238003
2014-06-01,11.678426124951974,8.820884039815926,8.553554031206277,3.0018102973985714,2.6981169377484315,19.84487131767093,43.605771249113175,70.31145189885984,92.98868703785581,125.39829112744276,83.37988571238003,38.56959914497878
2014-07-01,8.820884039815926,8.553554031206277,3.0018102973985714,2.6981169377484315,19.84487131767093,43.605771249113175,70.31145189885984,92.98868703785581,125.39829112744276,83.37988571238003,38.56959914497878,9.634863575249234
2014-08-01,8.553554031206277,3.0018102973985714,2.6981169377484315,19.84487131767093,43.605771249113175,70.31145189885984,92.98868703785581,125.39829112744276,83.37988571238003,38.56959914497878,9.634863575249234,8.985696540268952
2014-09-01,3.0018102973985714,2.6981169377484315,19.84487131767093,43.605771249113175,70.31145189885984,92.98868703785581,125.39829112744276,83.37988571238003,38.56959914497878,9.634863575249234,8.985696540268952,8.558616423894037
2014-10-01,2.6981169377484315,19.84487131767093,43.605771249113175,70.31145189885984,92.98868703785581,125.39829112744276,83.37988571238003,38.56959914497878,9.634863575249234,8.985696540268952,8.558616423894037,2.9945202823339527
2014-11-01,19.84487131767093,43.605771249113175,70.31145189885984,92.98868703785581,125.39829112744276,83.37988571238003,38.56959914497878,9.634863575249234,8.985696540268952,8.558616423894037,2.9945202823339527,1.7291986945391982
2014-12-01,43.605771249113175,70.31145189885984,92.98868703785581,125.39829112744276,83.37988571238003,38.56959914497878,9.634863575249234,8.985696540268952,8.558616423894037,2.9945202823339527,1.7291986945391982,29.169627494569852
2015-01-01,50.13020566751578,132.62130503480776,188.669197536242,82.09791038732527,58.71383423001011,18.852935578084615,10.004950198980923,8.702789049620696,2.984322659238062,1.7291986945391982,29.169627494569852,33.59781469410033
2015-02-01,132.62130503480776,188.669197536242,82.09791038732527,58.71383423001011,18.852935578084615,10.004950198980923,8.702789049620696,2.984322659238062,1.7291986945391982,29.169627494569852,33.59781469410033,96.542999530041
2015-03-01,152.514393874071,82.830467715928,47.20284275284935,13.585465862178683,9.422519536859797,8.620404692062603,2.9901498724357136,1.7291986945391982,29.169627494569852,33.59781469410033,96.542999530041,74.66839730751754
2015-04-01,83.37988571238003,38.56959914497878,9.634863575249234,8.985696540268952,8.558616423894037,2.9945202823339527,1.7291986945391982,29.169627494569852,33.59781469410033,96.542999530041,74.66839730751754,111.76484627781804
2015-05-01,38.56959914497878,9.634863575249234,8.985696540268952,8.558616423894037,2.9945202823339527,1.7291986945391982,29.169627494569852,33.59781469410033,96.542999530041,74.66839730751754,111.76484627781804,79.89963834998309
2015-06-01,9.634863575249234,8.985696540268952,8.558616423894037,2.9945202823339527,1.7291986945391982,29.169627494569852,33.59781469410033,96.542999530041,74.66839730751754,111.76484627781804,79.89963834998309,46.184664864101194
2015-07-01,8.985696540268952,8.558616423894037,2.9945202823339527,1.7291986945391982,29.169627494569852,33.59781469410033,96.542999530041,74.66839730751754,111.76484627781804,79.89963834998309,46.184664864101194,12.726019336726576
2015-08-01,8.558616423894037,2.9945202823339527,1.7291986945391982,29.169627494569852,33.59781469410033,96.542999530041,74.66839730751754,111.76484627781804,79.89963834998309,46.184664864101194,12.726019336726576,9.426325650739622
2015-09-01,2.9945202823339527,1.7291986945391982,29.169627494569852,33.59781469410033,96.542999530041,74.66839730751754,111.76484627781804,79.89963834998309,46.184664864101194,12.726019336726576,9.426325650739622,8.56820746514116
2015-10-01,1.7291986945391982,29.169627494569852,33.59781469410033,96.542999530041,74.66839730751754,111.76484627781804,79.89963834998309,46.184664864101194,12.726019336726576,9.426325650739622,8.56820746514116,3.3052685561761206
2015-11-01,29.169627494569852,33.59781469410033,96.542999530041,74.66839730751754,111.76484627781804,79.89963834998309,46.184664864101194,12.726019336726576,9.426325650739622,8.56820746514116,3.3052685561761206,1.7454619591382292
2015-12-01,33.59781469410033,96.542999530041,74.66839730751754,111.76484627781804,79.89963834998309,46.184664864101194,12.726019336726576,9.426325650739622,8.56820746514116,3.3052685561761206,1.7454619591382292,17.68435836105653
2016-01-01,168.17217000783097,50.18000124828549,127.31869571293079,66.43679725653908,92.98162996606092,32.76313650473267,11.98778119609894,8.745948735232759,4.382689891527819,1.7454619591382292,17.68435836105653,25.365465891229977
2016-02-01,50.18000124828549,127.31869571293079,66.43679725653908,92.98162996606092,32.76313650473267,11.98778119609894,8.745948735232759,4.382689891527819,1.7454619591382292,17.68435836105653,25.365465891229977,77.71848498753235
2016-03-01,118.43078175000922,74.12984930993565,66.24050705065537,21.313355265872044,10.524092313036473,8.644382295180417,3.7670205570411337,1.7454619591382292,17.68435836105653,25.365465891229977,77.71848498753235,68.05748762630604
2016-04-01,79.89963834998309,46.184664864101194,12.726019336726576,9.426325650739622,8.56820746514116,3.3052685561761206,1.7454619591382292,17.68435836105653,25.365465891229977,77.71848498753235,68.05748762630604,91.67126251747663
2016-05-01,46.184664864101194,12.726019336726576,9.426325650739622,8.56820746514116,3.3052685561761206,1.7454619591382292,17.68435836105653,25.365465891229977,77.71848498753235,68.05748762630604,91.67126251747663,70.85601137707354
2016-06-01,12.726019336726576,9.426325650739622,8.56820746514116,3.3052685561761206,1.7454619591382292,17.68435836105653,25.365465891229977,77.71848498753235,68.05748762630604,91.67126251747663,70.85601137707354,31.46269747307605
2016-07-01,9.426325650739622,8.56820746514116,3.3052685561761206,1.7454619591382292,17.68435836105653,25.365465891229977,77.71848498753235,68.05748762630604,91.67126251747663,70.85601137707354,31.46269747307605,7.400198914520884
2016-08-01,8.56820746514116,3.3052685561761206,1.7454619591382292,17.68435836105653,25.365465891229977,77.71848498753235,68.05748762630604,91.67126251747663,70.85601137707354,31.46269747307605,7.400198914520884,8.758110801764683
2016-09-01,3.3052685561761206,1.7454619591382292,17.68435836105653,25.365465891229977,77.71848498753235,68.05748762630604,91.67126251747663,70.85601137707354,31.46269747307605,7.400198914520884,8.758110801764683,8.53006220592513
2016-10-01,1.7454619591382292,17.68435836105653,25.365465891229977,77.71848498753235,68.05748762630604,91.67126251747663,70.85601137707354,31.46269747307605,7.400198914520884,8.758110801764683,8.53006220592513,2.992500180841539
2016-11-01,17.68435836105653,25.365465891229977,77.71848498753235,68.05748762630604,91.67126251747663,70.85601137707354,31.46269747307605,7.400198914520884,8.758110801764683,8.53006220592513,2.992500180841539,1.754610108267945
2016-12-01,25.365465891229977,77.71848498753235,68.05748762630604,91.67126251747663,70.85601137707354,31.46269747307605,7.400198914520884,8.758110801764683,8.53006220592513,2.992500180841539,1.754610108267945,18.033723201884857
2017-01-01,83.46185456654209,20.430907682833777,36.89756879139447,25.740475878446127,26.73277670644781,8.796944604807045,8.980814375711711,8.57429506876062,2.975232202522199,1.754610108267945,18.033723201884857,25.821386165548383
2017-02-01,20.430907682833777,36.89756879139447,25.740475878446127,26.73277670644781,8.796944604807045,8.980814375711711,8.57429506876062,2.975232202522199,1.754610108267945,18.033723201884857,25.821386165548383,85.80046135262398
2017-03-01,68.19682234915571,51.52078187766179,29.435588573092517,7.99880421035781,8.853555190599124,8.549019147140339,2.9850996187046785,1.754610108267945,18.033723201884857,25.821386165548383,85.80046135262398,73.79973464314745
2017-04-01,70.85601137707354,31.46269747307605,7.400198914520884,8.758110801764683,8.53006220592513,2.992500180841539,1.754610108267945,18.033723201884857,25.821386165548383,85.80046135262398,73.79973464314745,101.21091030708746
2017-05-01,31.46269747307605,7.400198914520884,8.758110801764683,8.53006220592513,2.992500180841539,1.754610108267945,18.033723201884857,25.821386165548383,85.80046135262398,73.79973464314745,101.21091030708746,90.37873673957421
2017-06-01,7.400198914520884,8.758110801764683,8.53006220592513,2.992500180841539,1.754610108267945,18.033723201884857,25.821386165548383,85.80046135262398,73.79973464314745,101.21091030708746,90.37873673957421,42.81689153027834
2017-07-01,8.758110801764683,8.53006220592513,2.992500180841539,1.754610108267945,18.033723201884857,25.821386165548383,85.80046135262398,73.79973464314745,101.21091030708746,90.37873673957421,42.81689153027834,8.9833778335385
2017-08-01,8.53006220592513,2.992500180841539,1.754610108267945,18.033723201884857,25.821386165548383,85.80046135262398,73.79973464314745,101.21091030708746,90.37873673957421,42.81689153027834,8.9833778335385,8.700743092998465
2017-09-01,2.992500180841539,1.754610108267945,18.033723201884857,25.821386165548383,85.80046135262398,73.79973464314745,101.21091030708746,90.37873673957421,42.81689153027834,8.9833778335385,8.700743092998465,8.501372689959034
2017-10-01,1.754610108267945,18.033723201884857,25.821386165548383,85.80046135262398,73.79973464314745,101.21091030708746,90.37873673957421,42.81689153027834,8.9833778335385,8.700743092998465,8.501372689959034,2.9936924905556825
2017-11-01,18.033723201884857,25.821386165548383,85.80046135262398,73.79973464314745,101.21091030708746,90.37873673957421,42.81689153027834,8.9833778335385,8.700743092998465,8.501372689959034,2.9936924905556825,4.272252788150042
2017-12-01,25.821386165548383,85.80046135262398,73.79973464314745,101.21091030708746,90.37873673957421,42.81689153027834,8.9833778335385,8.700743092998465,8.501372689959034,2.9936924905556825,4.272252788150042,41.03935914689172
2018-01-01,119.83074820945436,46.27101925862011,79.82598384464319,113.59274000969907,77.82664996385812,15.921249740386314,8.722659686263734,8.445192246913185,2.9805975962358473,4.272252788150042,41.03935914689172,28.044531157761284
2018-02-01,46.27101925862011,79.82598384464319,113.59274000969907,77.82664996385812,15.921249740386314,8.722659686263734,8.445192246913185,2.9805975962358473,4.272252788150042,41.03935914689172,28.044531157761284,64.64522233140634
2018-03-01,92.04594182318277,100.32759528391344,57.82107371609824,11.95675150790185,8.71013591868358,8.477295357225099,2.988080392990039,4.272252788150042,41.03935914689172,28.044531157761284,64.64522233140634,69.28790572464337
2018-04-01,90.37873673957421,42.81689153027834,8.9833778335385,8.700743092998465,8.501372689959034,2.9936924905556825,4.272252788150042,41.03935914689172,28.044531157761284,64.64522233140634,69.28790572464337,89.65523175465431
2018-05-01,42.81689153027834,8.9833778335385,8.700743092998465,8.501372689959034,2.9936924905556825,4.272252788150042,41.03935914689172,28.044531157761284,64.64522233140634,69.28790572464337,89.65523175465431,71.45354381663928
2018-06-01,8.9833778335385,8.700743092998465,8.501372689959034,2.9936924905556825,4.272252788150042,41.03935914689172,28.044531157761284,64.64522233140634,69.28790572464337,89.65523175465431,71.45354381663928,40.78161905751636
2018-07-01,8.700743092998465,8.501372689959034,2.9936924905556825,4.272252788150042,41.03935914689172,28.044531157761284,64.64522233140634,69.28790572464337,89.65523175465431,71.45354381663928,40.78161905751636,9.035631759038695
2018-08-01,8.501372689959034,2.9936924905556825,4.272252788150042,41.03935914689172,28.044531157761284,64.64522233140634,69.28790572464337,89.65523175465431,71.45354381663928,40.78161905751636,9.035631759038695,9.21613873930878
2018-09-01,2.9936924905556825,4.272252788150042,41.03935914689172,28.044531157761284,64.64522233140634,69.28790572464337,89.65523175465431,71.45354381663928,40.78161905751636,9.035631759038695,9.21613873930878,8.92220390271553
2018-10-01,4.272252788150042,41.03935914689172,28.044531157761284,64.64522233140634,69.28790572464337,89.65523175465431,71.45354381663928,40.78161905751636,9.035631759038695,9.21613873930878,8.92220390271553,3.010712928698873
2018-11-01,41.03935914689172,28.044531157761284,64.64522233140634,69.28790572464337,89.65523175465431,71.45354381663928,40.78161905751636,9.035631759038695,9.21613873930878,8.92220390271553,3.010712928698873,3.1285938688331374
2018-12-01,28.044531157761284,64.64522233140634,69.28790572464337,89.65523175465431,71.45354381663928,40.78161905751636,9.035631759038695,9.21613873930878,8.92220390271553,3.010712928698873,3.1285938688331374,19.945135497013307
2019-01-01,24.632172613974998,25.96778912535172,27.825430358693975,28.429371856491926,68.6679238364292,16.156392405137197,11.04194009466015,10.33893270431742,3.057189567880205,3.1285938688331374,19.945135497013307,25.510082490174444
2019-02-01,25.96778912535172,27.825430358693975,28.429371856491926,68.6679238364292,16.156392405137197,11.04194009466015,10.33893270431742,3.057189567880205,3.1285938688331374,19.945135497013307,25.510082490174444,67.27322915032795
2019-03-01,63.156745442099876,53.01461297657613,52.73289253419329,12.087386321652339,9.998625034459367,9.52937338911634,3.030631488348015,3.1285938688331374,19.945135497013307,25.510082490174444,67.27322915032795,68.24503149006853
2019-04-01,71.45354381663928,40.78161905751636,9.035631759038695,9.21613873930878,8.92220390271553,3.010712928698873,3.1285938688331374,19.945135497013307,25.510082490174444,67.27322915032795,68.24503149006853,100.77414059724549
2019-05-01,40.78161905751636,9.035631759038695,9.21613873930878,8.92220390271553,3.010712928698873,3.1285938688331374,19.945135497013307,25.510082490174444,67.27322915032795,68.24503149006853,100.77414059724549,78.92734663481286
2019-06-01,9.035631759038695,9.21613873930878,8.92220390271553,3.010712928698873,3.1285938688331374,19.945135497013307,25.510082490174444,67.27322915032795,68.24503149006853,100.77414059724549,78.92734663481286,29.354977601091683
2019-07-01,9.21613873930878,8.92220390271553,3.010712928698873,3.1285938688331374,19.945135497013307,25.510082490174444,67.27322915032795,68.24503149006853,100.77414059724549,78.92734663481286,29.354977601091683,6.5527365939949735
2019-08-01,8.92220390271553,3.010712928698873,3.1285938688331374,19.945135497013307,25.510082490174444,67.27322915032795,68.24503149006853,100.77414059724549,78.92734663481286,29.354977601091683,6.5527365939949735,9.806425874420661
2019-09-01,3.010712928698873,3.1285938688331374,19.945135497013307,25.510082490174444,67.27322915032795,68.24503149006853,100.77414059724549,78.92734663481286,29.354977601091683,6.5527365939949735,9.806425874420661,9.363126275408023
2019-10-01,3.1285938688331374,19.945135497013307,25.510082490174444,67.27322915032795,68.24503149006853,100.77414059724549,78.92734663481286,29.354977601091683,6.5527365939949735,9.806425874420661,9.363126275408023,2.995135662443867
2019-11-01,19.945135497013307,25.510082490174444,67.27322915032795,68.24503149006853,100.77414059724549,78.92734663481286,29.354977601091683,6.5527365939949735,9.806425874420661,9.363126275408023,2.995135662443867,1.730872847431947
2019-12-01,25.510082490174444,67.27322915032795,68.24503149006853,100.77414059724549,78.92734663481286,29.354977601091683,6.5527365939949735,9.806425874420661,9.363126275408023,2.995135662443867,1.730872847431947,34.3490277970741
2020-01-01,36.45820329912223,21.274855069764985,77.86052015035428,62.06148453827304,17.248037282518148,4.983364162440448,13.698232202663608,12.323083381433639,2.9870918697326787,1.730872847431947,34.3490277970741,38.63613767133135
2020-02-01,21.274855069764985,77.86052015035428,62.06148453827304,17.248037282518148,4.983364162440448,13.698232202663608,12.323083381433639,2.9870918697326787,1.730872847431947,34.3490277970741,38.63613767133135,168.55137967305328
2020-03-01,90.95401754857782,71.69912002201008,24.166288893131593,5.880148409043034,11.474342872239067,10.63167932084757,2.991688322710501,1.730872847431947,34.3490277970741,38.63613767133135,168.55137967305328,170.21786102281504
2020-04-01,78.92734663481286,29.354977601091683,6.5527365939949735,9.806425874420661,9.363126275408023,2.995135662443867,1.730872847431947,34.3490277970741,38.63613767133135,168.55137967305328,170.21786102281504,147.3169331942876
2020-05-01,29.354977601091683,6.5527365939949735,9.806425874420661,9.363126275408023,2.995135662443867,1.730872847431947,34.3490277970741,38.63613767133135,168.55137967305328,170.21786102281504,147.3169331942876,107.74307119770813
2020-06-01,6.5527365939949735,9.806425874420661,9.363126275408023,2.995135662443867,1.730872847431947,34.3490277970741,38.63613767133135,168.55137967305328,170.21786102281504,147.3169331942876,107.74307119770813,74.67145818492617
2020-07-01,9.806425874420661,9.363126275408023,2.995135662443867,1.730872847431947,34.3490277970741,38.63613767133135,168.55137967305328,170.21786102281504,147.3169331942876,107.74307119770813,74.67145818492617,61.7391494182241
2020-08-01,9.363126275408023,2.995135662443867,1.730872847431947,34.3490277970741,38.63613767133135,168.55137967305328,170.21786102281504,147.3169331942876,107.74307119770813,74.67145818492617,61.7391494182241,35.06127279682268
2020-09-01,2.995135662443867,1.730872847431947,34.3490277970741,38.63613767133135,168.55137967305328,170.21786102281504,147.3169331942876,107.74307119770813,74.67145818492617,61.7391494182241,35.06127279682268,9.89427159990364
2020-10-01,1.730872847431947,34.3490277970741,38.63613767133135,168.55137967305328,170.21786102281504,147.3169331942876,107.74307119770813,74.67145818492617,61.7391494182241,35.06127279682268,9.89427159990364,6.516841915069412
2020-11-01,34.3490277970741,38.63613767133135,168.55137967305328,170.21786102281504,147.3169331942876,107.74307119770813,74.67145818492617,61.7391494182241,35.06127279682268,9.89427159990364,6.516841915069412,2.492455586727152
2020-12-01,38.63613767133135,168.55137967305328,170.21786102281504,147.3169331942876,107.74307119770813,74.67145818492617,61.7391494182241,35.06127279682268,9.89427159990364,6.516841915069412,2.492455586727152,49.38217871780598
2021-01-01,492.2098806513862,480.15258796712425,287.3030868370438,191.73224507130175,221.1721999097733,253.32222187147153,127.34504335347269,14.713237341663907,18.83477000654763,2.492455586727152,49.38217871780598,98.60741151919822
2021-02-01,480.15258796712425,287.3030868370438,191.73224507130175,221.1721999097733,253.32222187147153,127.34504335347269,14.713237341663907,18.83477000654763,2.492455586727152,49.38217871780598,98.60741151919822,144.88684210615264
2021-03-01,207.3109990411831,143.73843142924824,137.4574903527178,143.84618046961583,74.61146017824412,11.95954263208661,11.795953954274363,2.492455586727152,49.38217871780598,98.60741151919822,144.88684210615264,157.53628667922334
2021-04-01,107.74307119770813,74.67145818492617,61.7391494182241,35.06127279682268,9.89427159990364,6.516841915069412,2.492455586727152,49.38217871780598,98.60741151919822,144.88684210615264,157.53628667922334,131.5039608564427
2021-05-01,74.67145818492617,61.7391494182241,35.06127279682268,9.89427159990364,6.516841915069412,2.492455586727152,49.38217871780598,98.60741151919822,144.88684210615264,157.53628667922334,131.5039608564427,124.65809871677607
2021-06-01,61.7391494182241,35.06127279682268,9.89427159990364,6.516841915069412,2.492455586727152,49.38217871780598,98.60741151919822,144.88684210615264,157.53628667922334,131.5039608564427,124.65809871677607,61.93388869903819
2021-07-01,35.06127279682268,9.89427159990364,6.516841915069412,2.492455586727152,49.38217871780598,98.60741151919822,144.88684210615264,157.53628667922334,131.5039608564427,124.65809871677607,61.93388869903819,31.29746681046811
2021-08-01,9.89427159990364,6.516841915069412,2.492455586727152,49.38217871780598,98.60741151919822,144.88684210615264,157.53628667922334,131.5039608564427,124.65809871677607,61.93388869903819,31.29746681046811,15.553313543441467
2021-09-01,6.516841915069412,2.492455586727152,49.38217871780598,98.60741151919822,144.88684210615264,157.53628667922334,131.5039608564427,124.65809871677607,61.93388869903819,31.29746681046811,15.553313543441467,8.610923951240439
2021-10-01,2.492455586727152,49.38217871780598,98.60741151919822,144.88684210615264,157.53628667922334,131.5039608564427,124.65809871677607,61.93388869903819,31.29746681046811,15.553313543441467,8.610923951240439,3.0083289269876787
2021-11-01,49.38217871780598,98.60741151919822,144.88684210615264,157.53628667922334,131.5039608564427,124.65809871677607,61.93388869903819,31.29746681046811,15.553313543441467,8.610923951240439,3.0083289269876787,2.9633190605012487
2021-12-01,98.60741151919822,144.88684210615264,157.53628667922334,131.5039608564427,124.65809871677607,61.93388869903819,31.29746681046811,15.553313543441467,8.610923951240439,3.0083289269876787,2.9633190605012487,16.85569690489345
2022-01-01,385.7194616003333,423.0855034209617,216.14471131674168,267.84986890710746,163.85313722327746,116.33465013656955,39.55922671325723,8.938172922679511,3.046461560179829,2.9633190605012487,16.85569690489345,33.346389811309315
2022-02-01,423.0855034209617,216.14471131674168,267.84986890710746,163.85313722327746,116.33465013656955,39.55922671325723,8.938172922679511,3.046461560179829,2.9633190605012487,16.85569690489345,33.346389811309315,65.3266577427808
2022-03-01,167.7785681965708,186.0260002269181,105.61356663799788,67.74197395022587,25.841562044791083,8.751173510428611,3.0246714840700286,2.9633190605012487,16.85569690489345,33.346389811309315,65.3266577427808,70.11315393742491
2022-04-01,124.65809871677607,61.93388869903819,31.29746681046811,15.553313543441467,8.610923951240439,3.0083289269876787,2.9633190605012487,16.85569690489345,33.346389811309315,65.3266577427808,70.11315393742491,89.7142808327352
2022-05-01,61.93388869903819,31.29746681046811,15.553313543441467,8.610923951240439,3.0083289269876787,2.9633190605012487,16.85569690489345,33.346389811309315,65.3266577427808,70.11315393742491,89.7142808327352,73.85611970415437
2022-06-01,31.29746681046811,15.553313543441467,8.610923951240439,3.0083289269876787,2.9633190605012487,16.85569690489345,33.346389811309315,65.3266577427808,70.11315393742491,89.7142808327352,73.85611970415437,32.8433534274441
2022-07-01,15.553313543441467,8.610923951240439,3.0083289269876787,2.9633190605012487,16.85569690489345,33.346389811309315,65.3266577427808,70.11315393742491,89.7142808327352,73.85611970415437,32.8433534274441,6.789472706366999
2022-08-01,8.610923951240439,3.0083289269876787,2.9633190605012487,16.85569690489345,33.346389811309315,65.3266577427808,70.11315393742491,89.7142808327352,73.85611970415437,32.8433534274441,6.789472706366999,8.838824212859123
2022-09-01,3.0083289269876787,2.9633190605012487,16.85569690489345,33.346389811309315,65.3266577427808,70.11315393742491,89.7142808327352,73.85611970415437,32.8433534274441,6.789472706366999,8.838824212859123,8.60354035763383
2022-10-01,2.9633190605012487,16.85569690489345,33.346389811309315,65.3266577427808,70.11315393742491,89.7142808327352,73.85611970415437,32.8433534274441,6.789472706366999,8.838824212859123,8.60354035763383,3.0750279502688143
2022-11-01,16.85569690489345,33.346389811309315,65.3266577427808,70.11315393742491,89.7142808327352,73.85611970415437,32.8433534274441,6.789472706366999,8.838824212859123,8.60354035763383,3.0750279502688143,3.9016623169778537
2022-12-01,33.346389811309315,65.3266577427808,70.11315393742491,89.7142808327352,73.85611970415437,32.8433534274441,6.789472706366999,8.838824212859123,8.60354035763383,3.0750279502688143,3.9016623169778537,18.784510841533898
2023-01-01,27.698631965160057,29.681406082868712,28.09115121005801,39.24096335030985,32.94572850110402,6.048676668114559,9.344024725636693,8.904946751449772,3.3466071649449396,3.9016623169778537,18.784510841533898,28.157706294873165
2023-02-01,29.681406082868712,28.09115121005801,39.24096335030985,32.94572850110402,6.048676668114559,9.344024725636693,8.904946751449772,3.3466071649449396,3.9016623169778537,18.784510841533898,28.157706294873165,62.700656470498565
2023-03-01,63.30436813730212,59.02105269536386,32.88722845901263,6.471988689973095,9.055338718335225,8.73271452641209,3.1914190422728677,3.9016623169778537,18.784510841533898,28.157706294873165,62.700656470498565,72.69594851732286
2023-04-01,73.85611970415437,32.8433534274441,6.789472706366999,8.838824212859123,8.60354035763383,3.0750279502688143,3.9016623169778537,18.784510841533898,28.157706294873165,62.700656470498565,72.69594851732286,96.37321306712208
2023-05-01,32.8433534274441,6.789472706366999,8.838824212859123,8.60354035763383,3.0750279502688143,3.9016623169778537,18.784510841533898,28.157706294873165,62.700656470498565,72.69594851732286,96.37321306712208,77.38351499526719
2023-06-01,6.789472706366999,8.838824212859123,8.60354035763383,3.0750279502688143,3.9016623169778537,18.784510841533898,28.157706294873165,62.700656470498565,72.69594851732286,96.37321306712208,77.38351499526719,42.878904327968016
2023-07-01,8.838824212859123,8.60354035763383,3.0750279502688143,3.9016623169778537,18.784510841533898,28.157706294873165,62.700656470498565,72.69594851732286,96.37321306712208,77.38351499526719,42.878904327968016,9.229996587715512
2023-08-01,8.60354035763383,3.0750279502688143,3.9016623169778537,18.784510841533898,28.157706294873165,62.700656470498565,72.69594851732286,96.37321306712208,77.38351499526719,42.878904327968016,9.229996587715512,8.976234846697874
2023-09-01,3.0750279502688143,3.9016623169778537,18.784510841533898,28.157706294873165,62.700656470498565,72.69594851732286,96.37321306712208,77.38351499526719,42.878904327968016,9.229996587715512,8.976234846697874,8.686726740716177
2023-10-01,3.9016623169778537,18.784510841533898,28.157706294873165,62.700656470498565,72.69594851732286,96.37321306712208,77.38351499526719,42.878904327968016,9.229996587715512,8.976234846697874,8.686726740716177,3.005162194854555
2023-11-01,18.784510841533898,28.157706294873165,62.700656470498565,72.69594851732286,96.37321306712208,77.38351499526719,42.878904327968016,9.229996587715512,8.976234846697874,8.686726740716177,3.005162194854555,1.7490066032775635
2023-12-01,28.157706294873165,62.700656470498565,72.69594851732286,96.37321306712208,77.38351499526719,42.878904327968016,9.229996587715512,8.976234846697874,8.686726740716177,3.005162194854555,1.7490066032775635,16.569451324352933
2024-01-01,15.881626239890025,41.303981692409444,58.056346264798954,55.11424216031756,78.10570755346166,17.031034134182875,9.962372577911069,9.279285475320329,3.032211265580774,1.7490066032775635,16.569451324352933,33.530901098486254
2024-02-01,41.303981692409444,58.056346264798954,55.11424216031756,78.10570755346166,17.031034134182875,9.962372577911069,9.279285475320329,3.032211265580774,1.7490066032775635,16.569451324352933,33.530901098486254,100.61802477405408
2024-03-01,79.95169872326932,67.83954092314592,57.976105710322436,12.57329839334438,9.398865302932101,8.940680484117955,3.01675465373722,1.7490066032775635,16.569451324352933,33.530901098486254,100.61802477405408,84.55868290413342
2024-04-01,77.38351499526719,42.878904327968016,9.229996587715512,8.976234846697874,8.686726740716177,3.005162194854555,1.7490066032775635,16.569451324352933,33.530901098486254,100.61802477405408,84.55868290413342,110.64681634682674
2024-05-01,42.878904327968016,9.229996587715512,8.976234846697874,8.686726740716177,3.005162194854555,1.7490066032775635,16.569451324352933,33.530901098486254,100.61802477405408,84.55868290413342,110.64681634682674,79.77353397665149
2024-06-01,9.229996587715512,8.976234846697874,8.686726740716177,3.005162194854555,1.7490066032775635,16.569451324352933,33.530901098486254,100.61802477405408,84.55868290413342,110.64681634682674,79.77353397665149,32.21840680529639
2024-07-01,8.976234846697874,8.686726740716177,3.005162194854555,1.7490066032775635,16.569451324352933,33.530901098486254,100.61802477405408,84.55868290413342,110.64681634682674,79.77353397665149,32.21840680529639,7.372114080184481
2024-08-01,8.686726740716177,3.005162194854555,1.7490066032775635,16.569451324352933,33.530901098486254,100.61802477405408,84.55868290413342,110.64681634682674,79.77353397665149,32.21840680529639,7.372114080184481,10.514623539143827
2024-09-01,3.005162194854555,1.7490066032775635,16.569451324352933,33.530901098486254,100.61802477405408,84.55868290413342,110.64681634682674,79.77353397665149,32.21840680529639,7.372114080184481,10.514623539143827,8.516600693839074
2024-10-01,1.7490066032775635,16.569451324352933,33.530901098486254,100.61802477405408,84.55868290413342,110.64681634682674,79.77353397665149,32.21840680529639,7.372114080184481,10.514623539143827,8.516600693839074,2.9938541038466493
2024-11-01,16.569451324352933,33.530901098486254,100.61802477405408,84.55868290413342,110.64681634682674,79.77353397665149,32.21840680529639,7.372114080184481,10.514623539143827,8.516600693839074,2.9938541038466493,4.76984839950938
2024-12-01,33.530901098486254,100.61802477405408,84.55868290413342,110.64681634682674,79.77353397665149,32.21840680529639,7.372114080184481,10.514623539143827,8.516600693839074,2.9938541038466493,4.76984839950938,77.80992743161707
2025-01-01,186.50978360588982,94.68628643305695,122.28756102346995,65.86932757654687,30.133468701439345,8.670562850293233,16.885121693917863,8.513718264373365,2.981324856045198,4.76984839950938,77.80992743161707,53.04653235790682
2025-02-01,94.68628643305695,122.28756102346995,65.86932757654687,30.133468701439345,8.670562850293233,16.885121693917863,8.513718264373365,2.981324856045198,4.76984839950938,77.80992743161707,53.04653235790682,172.66207985604893
2025-03-01,115.63570692253097,73.81458837660665,31.32486190364337,7.928592124516803,13.244837034046984,8.515365366925199,2.9884844262174557,4.76984839950938,77.80992743161707,53.04653235790682,172.66207985604893,185.06989584254734
2025-04-01,79.77353397665149,32.21840680529639,7.372114080184481,10.514623539143827,8.516600693839074,2.9938541038466493,4.76984839950938,77.80992743161707,53.04653235790682,172.66207985604893,185.06989584254734,119.43327600238572
2025-05-01,32.21840680529639,7.372114080184481,10.514623539143827,8.516600693839074,2.9938541038466493,4.76984839950938,77.80992743161707,53.04653235790682,172.66207985604893,185.06989584254734,119.43327600238572,90.64974050244345
2025-06-01,7.372114080184481,10.514623539143827,8.516600693839074,2.9938541038466493,4.76984839950938,77.80992743161707,53.04653235790682,172.66207985604893,185.06989584254734,119.43327600238572,90.64974050244345,47.05661161741514
2025-07-01,10.514623539143827,8.516600693839074,2.9938541038466493,4.76984839950938,77.80992743161707,53.04653235790682,172.66207985604893,185.06989584254734,119.43327600238572,90.64974050244345,47.05661161741514,19.13420446687675
2025-08-01,8.516600693839074,2.9938541038466493,4.76984839950938,77.80992743161707,53.04653235790682,172.66207985604893,185.06989584254734,119.43327600238572,90.64974050244345,47.05661161741514,19.13420446687675,10.573214216273566
2025-09-01,2.9938541038466493,4.76984839950938,77.80992743161707,53.04653235790682,172.66207985604893,185.06989584254734,119.43327600238572,90.64974050244345,47.05661161741514,19.13420446687675,10.573214216273566,8.71524408354799
2025-10-01,4.76984839950938,77.80992743161707,53.04653235790682,172.66207985604893,185.06989584254734,119.43327600238572,90.64974050244345,47.05661161741514,19.13420446687675,10.573214216273566,8.71524408354799,3.01446957021751
2025-11-01,77.80992743161707,53.04653235790682,172.66207985604893,185.06989584254734,119.43327600238572,90.64974050244345,47.05661161741514,19.13420446687675,10.573214216273566,8.71524408354799,3.01446957021751,1.7301807430751603
2025-12-01,53.04653235790682,172.66207985604893,185.06989584254734,119.43327600238572,90.64974050244345,47.05661161741514,19.13420446687675,10.573214216273566,8.71524408354799,3.01446957021751,1.7301807430751603,18.808488269072864
2026-01-01,510.70803147486663,546.9867446559194,161.82662947348535,114.81225694261072,96.9053903559737,61.59996959040844,17.148779741001686,9.407613518063485,3.074094454714072,1.7301807430751603,18.808488269072864,28.215138046453845
2026-02-01,546.9867446559194,161.82662947348535,114.81225694261072,96.9053903559737,61.59996959040844,17.148779741001686,9.407613518063485,3.074094454714072,1.7301807430751603,18.808488269072864,28.215138046453845,139.22718975961533
2026-03-01,137.6018560614284,101.00510469108656,68.42037393394023,37.33381809124747,13.391313726871331,9.011973841197488,3.040023092144608,1.7301807430751603,18.808488269072864,28.215138046453845,139.22718975961533,104.98602105614587
2026-04-01,90.64974050244345,47.05661161741514,19.13420446687675,10.573214216273566,8.71524408354799,3.01446957021751,1.7301807430751603,18.808488269072864,28.215138046453845,139.22718975961533,104.98602105614587,114.67066386583946
2026-05-01,47.05661161741514,19.13420446687675,10.573214216273566,8.71524408354799,3.01446957021751,1.7301807430751603,18.808488269072864,28.215138046453845,139.22718975961533,104.98602105614587,114.67066386583946,91.26378476986373
2026-06-01,19.13420446687675,10.573214216273566,8.71524408354799,3.01446957021751,1.7301807430751603,18.808488269072864,28.215138046453845,139.22718975961533,104.98602105614587,114.67066386583946,91.26378476986373,37.887416814067734
2026-07-01,10.573214216273566,8.71524408354799,3.01446957021751,1.7301807430751603,18.808488269072864,28.215138046453845,139.22718975961533,104.98602105614587,114.67066386583946,91.26378476986373,37.887416814067734,7.723619124646245
2026-08-01,8.71524408354799,3.01446957021751,1.7301807430751603,18.808488269072864,28.215138046453845,139.22718975961533,104.98602105614587,114.67066386583946,91.26378476986373,37.887416814067734,7.723619124646245,8.734109533063036
2026-09-01,3.01446957021751,1.7301807430751603,18.808488269072864,28.215138046453845,139.22718975961533,104.98602105614587,114.67066386583946,91.26378476986373,37.887416814067734,7.723619124646245,8.734109533063036,8.778416211299257
2026-10-01,1.7301807430751603,18.808488269072864,28.215138046453845,139.22718975961533,104.98602105614587,114.67066386583946,91.26378476986373,37.887416814067734,7.723619124646245,8.734109533063036,8.778416211299257,2.9928489480511953
2026-11-01,18.808488269072864,28.215138046453845,139.22718975961533,104.98602105614587,114.67066386583946,91.26378476986373,37.887416814067734,7.723619124646245,8.734109533063036,8.778416211299257,2.9928489480511953,1.851318699842245
2026-12-01,28.215138046453845,139.22718975961533,104.98602105614587,114.67066386583946,91.26378476986373,37.887416814067734,7.723619124646245,8.734109533063036,8.778416211299257,2.9928489480511953,1.851318699842245,21.536227565128943
2027-01-01,360.25102604091546,186.60930811711302,140.39487485902714,117.575456146002,55.6440137409104,10.252335550371166,8.872808666554299,9.691888092944193,2.976801654965655,1.851318699842245,21.536227565128943,36.98329978429558
2027-02-01,186.60930811711302,140.39487485902714,117.575456146002,55.6440137409104,10.252335550371166,8.872808666554299,9.691888092944193,2.976801654965655,1.851318699842245,21.536227565128943,36.98329978429558,114.31367833733049
2027-03-01,125.69532572006274,102.54021535963727,45.49738692557173,8.807354735671211,8.793552018845006,9.169904160575658,2.9859715367288207,1.851318699842245,21.536227565128943,36.98329978429558,114.31367833733049,107.59538812280579
2027-04-01,91.26378476986373,37.887416814067734,7.723619124646245,8.734109533063036,8.778416211299257,2.9928489480511953,1.851318699842245,21.536227565128943,36.98329978429558,114.31367833733049,107.59538812280579,144.54389682696086
2027-05-01,37.887416814067734,7.723619124646245,8.734109533063036,8.778416211299257,2.9928489480511953,1.851318699842245,21.536227565128943,36.98329978429558,114.31367833733049,107.59538812280579,144.54389682696086,94.52497176845978
2027-06-01,7.723619124646245,8.734109533063036,8.778416211299257,2.9928489480511953,1.851318699842245,21.536227565128943,36.98329978429558,114.31367833733049,107.59538812280579,144.54389682696086,94.52497176845978,56.26142067068625
2027-07-01,8.734109533063036,8.778416211299257,2.9928489480511953,1.851318699842245,21.536227565128943,36.98329978429558,114.31367833733049,107.59538812280579,144.54389682696086,94.52497176845978,56.26142067068625,21.601195042707154
2027-08-01,8.778416211299257,2.9928489480511953,1.851318699842245,21.536227565128943,36.98329978429558,114.31367833733049,107.59538812280579,144.54389682696086,94.52497176845978,56.26142067068625,21.601195042707154,9.880459713742846
2027-09-01,2.9928489480511953,1.851318699842245,21.536227565128943,36.98329978429558,114.31367833733049,107.59538812280579,144.54389682696086,94.52497176845978,56.26142067068625,21.601195042707154,9.880459713742846,8.522325568504975
2027-10-01,1.851318699842245,21.536227565128943,36.98329978429558,114.31367833733049,107.59538812280579,144.54389682696086,94.52497176845978,56.26142067068625,21.601195042707154,9.880459713742846,8.522325568504975,3.1094391453802372
2027-11-01,21.536227565128943,36.98329978429558,114.31367833733049,107.59538812280579,144.54389682696086,94.52497176845978,56.26142067068625,21.601195042707154,9.880459713742846,8.522325568504975,3.1094391453802372,4.114198772868229
2027-12-01,36.98329978429558,114.31367833733049,107.59538812280579,144.54389682696086,94.52497176845978,56.26142067068625,21.601195042707154,9.880459713742846,8.522325568504975,3.1094391453802372,4.114198772868229,33.644907571542724
2028-01-01,248.14022464063368,198.35145991708262,274.8244231840734,132.25079763968415,138.32703109569368,72.70142718164527,14.031384479613449,8.539480200369917,3.5014575429463424,4.114198772868229,33.644907571542724,29.14530765239663
2028-02-01,198.35145991708262,274.8244231840734,132.25079763968415,138.32703109569368,72.70142718164527,14.031384479613449,8.539480200369917,3.5014575429463424,4.114198772868229,33.644907571542724,29.14530765239663,64.91834823691654
2028-03-01,200.37840812286623,110.69318285612736,91.432396567118,43.501294530823486,11.659427470544532,8.529677553589949,3.277447030051425,4.114198772868229,33.644907571542724,29.14530765239663,64.91834823691654,71.94111289432615
2028-04-01,94.52497176845978,56.26142067068625,21.601195042707154,9.880459713742846,8.522325568504975,3.1094391453802372,4.114198772868229,33.644907571542724,29.14530765239663,64.91834823691654,71.94111289432615,109.51745019786817
2028-05-01,56.26142067068625,21.601195042707154,9.880459713742846,8.522325568504975,3.1094391453802372,4.114198772868229,33.644907571542724,29.14530765239663,64.91834823691654,71.94111289432615,109.51745019786817,83.82832083490811
2028-06-01,21.601195042707154,9.880459713742846,8.522325568504975,3.1094391453802372,4.114198772868229,33.644907571542724,29.14530765239663,64.91834823691654,71.94111289432615,109.51745019786817,83.82832083490811,35.9880860659391
2028-07-01,9.880459713742846,8.522325568504975,3.1094391453802372,4.114198772868229,33.644907571542724,29.14530765239663,64.91834823691654,71.94111289432615,109.51745019786817,83.82832083490811,35.9880860659391,8.279222818438054
2028-08-01,8.522325568504975,3.1094391453802372,4.114198772868229,33.644907571542724,29.14530765239663,64.91834823691654,71.94111289432615,109.51745019786817,83.82832083490811,35.9880860659391,8.279222818438054,8.624658341257014
2028-09-01,3.1094391453802372,4.114198772868229,33.644907571542724,29.14530765239663,64.91834823691654,71.94111289432615,109.51745019786817,83.82832083490811,35.9880860659391,8.279222818438054,8.624658341257014,8.505749746313494
2028-10-01,4.114198772868229,33.644907571542724,29.14530765239663,64.91834823691654,71.94111289432615,109.51745019786817,83.82832083490811,35.9880860659391,8.279222818438054,8.624658341257014,8.505749746313494,2.992477777629926
2028-11-01,33.644907571542724,29.14530765239663,64.91834823691654,71.94111289432615,109.51745019786817,83.82832083490811,35.9880860659391,8.279222818438054,8.624658341257014,8.505749746313494,2.992477777629926,1.8294863707361786
2028-12-01,29.14530765239663,64.91834823691654,71.94111289432615,109.51745019786817,83.82832083490811,35.9880860659391,8.279222818438054,8.624658341257014,8.505749746313494,2.992477777629926,1.8294863707361786,22.95748924726346
2029-01-01,25.86123918877094,37.907221388924285,117.20541335315639,84.11586843870167,47.09702537433153,12.752552172434312,8.380278303427204,8.464889000508254,2.975131388069941,1.8294863707361786,22.95748924726346,38.68825807087377
2029-02-01,37.907221388924285,117.20541335315639,84.11586843870167,47.09702537433153,12.752552172434312,8.380278303427204,8.464889000508254,2.975131388069941,1.8294863707361786,22.95748924726346,38.68825807087377,69.99502271450464
2029-03-01,112.81229155013455,83.95155552224821,40.74906005525014,10.196363970150736,8.519924039329954,8.488237998111249,2.985043610675646,1.8294863707361786,22.95748924726346,38.68825807087377,69.99502271450464,117.81599975248547
2029-04-01,83.82832083490811,35.9880860659391,8.279222818438054,8.624658341257014,8.505749746313494,2.992477777629926,1.8294863707361786,22.95748924726346,38.68825807087377,69.99502271450464,117.81599975248547,121.00751271219913
2029-05-01,35.9880860659391,8.279222818438054,8.624658341257014,8.505749746313494,2.992477777629926,1.8294863707361786,22.95748924726346,38.68825807087377,69.99502271450464,117.81599975248547,121.00751271219913,104.38260016665589
2029-06-01,8.279222818438054,8.624658341257014,8.505749746313494,2.992477777629926,1.8294863707361786,22.95748924726346,38.68825807087377,69.99502271450464,117.81599975248547,121.00751271219913,104.38260016665589,53.7810321056418
2029-07-01,8.624658341257014,8.505749746313494,2.992477777629926,1.8294863707361786,22.95748924726346,38.68825807087377,69.99502271450464,117.81599975248547,121.00751271219913,104.38260016665589,53.7810321056418,26.28267323790013
2029-08-01,8.505749746313494,2.992477777629926,1.8294863707361786,22.95748924726346,38.68825807087377,69.99502271450464,117.81599975248547,121.00751271219913,104.38260016665589,53.7810321056418,26.28267323790013,14.65639233614171
2029-09-01,2.992477777629926,1.8294863707361786,22.95748924726346,38.68825807087377,69.99502271450464,117.81599975248547,121.00751271219913,104.38260016665589,53.7810321056418,26.28267323790013,14.65639233614171,8.609583611213967
2029-10-01,1.8294863707361786,22.95748924726346,38.68825807087377,69.99502271450464,117.81599975248547,121.00751271219913,104.38260016665589,53.7810321056418,26.28267323790013,14.65639233614171,8.609583611213967,3.5398125656790413
2029-11-01,22.95748924726346,38.68825807087377,69.99502271450464,117.81599975248547,121.00751271219913,104.38260016665589,53.7810321056418,26.28267323790013,14.65639233614171,8.609583611213967,3.5398125656790413,1.9423876999782945
2029-12-01,38.68825807087377,69.99502271450464,117.81599975248547,121.00751271219913,104.38260016665589,53.7810321056418,26.28267323790013,14.65639233614171,8.609583611213967,3.5398125656790413,1.9423876999782945,17.976221120046084
2030-01-01,48.70627433791735,244.3442122506412,168.91069466764566,176.6101254315667,127.16528255299366,93.76807906001366,35.523081280408334,8.932141392560384,5.438137934290962,1.9423876999782945,17.976221120046084,34.35843144174768
2030-02-01,244.3442122506412,168.91069466764566,176.6101254315667,127.16528255299366,93.76807906001366,35.523081280408334,8.932141392560384,5.438137934290962,1.9423876999782945,17.976221120046084,34.35843144174768,63.75703138150569
2030-03-01,141.53744783596193,135.33725385161767,85.23142515450688,55.20499001880593,23.599259026541695,8.74782266036243,4.353380580798436,1.9423876999782945,17.976221120046084,34.35843144174768,63.75703138150569,77.34857390202016
2030-04-01,104.38260016665589,53.7810321056418,26.28267323790013,14.65639233614171,8.609583611213967,3.5398125656790413,1.9423876999782945,17.976221120046084,34.35843144174768,63.75703138150569,77.34857390202016,95.25822822561116
2030-05-01,53.7810321056418,26.28267323790013,14.65639233614171,8.609583611213967,3.5398125656790413,1.9423876999782945,17.976221120046084,34.35843144174768,63.75703138150569,77.34857390202016,95.25822822561116,73.35776469496474
2030-06-01,26.28267323790013,14.65639233614171,8.609583611213967,3.5398125656790413,1.9423876999782945,17.976221120046084,34.35843144174768,63.75703138150569,77.34857390202016,95.25822822561116,73.35776469496474,27.761129900931273
2030-07-01,14.65639233614171,8.609583611213967,3.5398125656790413,1.9423876999782945,17.976221120046084,34.35843144174768,63.75703138150569,77.34857390202016,95.25822822561116,73.35776469496474,27.761129900931273,6.345487166434248
2030-08-01,8.609583611213967,3.5398125656790413,1.9423876999782945,17.976221120046084,34.35843144174768,63.75703138150569,77.34857390202016,95.25822822561116,73.35776469496474,27.761129900931273,6.345487166434248,8.516702998547938
2030-09-01,3.5398125656790413,1.9423876999782945,17.976221120046084,34.35843144174768,63.75703138150569,77.34857390202016,95.25822822561116,73.35776469496474,27.761129900931273,6.345487166434248,8.516702998547938,8.481176971835923
2030-10-01,1.9423876999782945,17.976221120046084,34.35843144174768,63.75703138150569,77.34857390202016,95.25822822561116,73.35776469496474,27.761129900931273,6.345487166434248,8.516702998547938,8.481176971835923,2.9900475849975514
2030-11-01,17.976221120046084,34.35843144174768,63.75703138150569,77.34857390202016,95.25822822561116,73.35776469496474,27.761129900931273,6.345487166434248,8.516702998547938,8.481176971835923,2.9900475849975514,1.88127878362968
2030-12-01,34.35843144174768,63.75703138150569,77.34857390202016,95.25822822561116,73.35776469496474,27.761129900931273,6.345487166434248,8.516702998547938,8.481176971835923,2.9900475849975514,1.88127878362968,24.62803399522184
2031-01-01,20.63531333942207,62.24079592354731,53.03891447799986,36.99836580895649,10.075722631796316,4.050741738417181,7.894479261236357,8.354311515359186,2.9641955212242572,1.88127878362968,24.62803399522184,113.83211430062025
2031-02-01,62.24079592354731,53.03891447799986,36.99836580895649,10.075722631796316,4.050741738417181,7.894479261236357,8.354311515359186,2.9641955212242572,1.88127878362968,24.62803399522184,113.83211430062025,129.59294128636685
2031-03-01,77.16423661949203,57.77516517238978,20.181669642730576,5.362024840141219,8.25003568255726,8.426806061917322,2.978968129094711,1.88127878362968,24.62803399522184,113.83211430062025,129.59294128636685,103.3191337091229
2031-04-01,73.35776469496474,27.761129900931273,6.345487166434248,8.516702998547938,8.481176971835923,2.9900475849975514,1.88127878362968,24.62803399522184,113.83211430062025,129.59294128636685,103.3191337091229,111.92781605508208
2031-05-01,27.761129900931273,6.345487166434248,8.516702998547938,8.481176971835923,2.9900475849975514,1.88127878362968,24.62803399522184,113.83211430062025,129.59294128636685,103.3191337091229,111.92781605508208,99.65380501768907
2031-06-01,6.345487166434248,8.516702998547938,8.481176971835923,2.9900475849975514,1.88127878362968,24.62803399522184,113.83211430062025,129.59294128636685,103.3191337091229,111.92781605508208,99.65380501768907,53.003237020518796
2031-07-01,8.516702998547938,8.481176971835923,2.9900475849975514,1.88127878362968,24.62803399522184,113.83211430062025,129.59294128636685,103.3191337091229,111.92781605508208,99.65380501768907,53.003237020518796,37.177688793781456
2031-08-01,8.481176971835923,2.9900475849975514,1.88127878362968,24.62803399522184,113.83211430062025,129.59294128636685,103.3191337091229,111.92781605508208,99.65380501768907,53.003237020518796,37.177688793781456,24.960985076948145
2031-09-01,2.9900475849975514,1.88127878362968,24.62803399522184,113.83211430062025,129.59294128636685,103.3191337091229,111.92781605508208,99.65380501768907,53.003237020518796,37.177688793781456,24.960985076948145,8.950714237009612
2031-10-01,1.88127878362968,24.62803399522184,113.83211430062025,129.59294128636685,103.3191337091229,111.92781605508208,99.65380501768907,53.003237020518796,37.177688793781456,24.960985076948145,8.950714237009612,3.034668780303226
2031-11-01,24.62803399522184,113.83211430062025,129.59294128636685,103.3191337091229,111.92781605508208,99.65380501768907,53.003237020518796,37.177688793781456,24.960985076948145,8.950714237009612,3.034668780303226,2.586848747528868
2031-12-01,113.83211430062025,129.59294128636685,103.3191337091229,111.92781605508208,99.65380501768907,53.003237020518796,37.177688793781456,24.960985076948145,8.950714237009612,3.034668780303226,2.586848747528868,22.055750371145855
2032-01-01,316.8969079112973,179.10831505550965,128.0520597106189,155.33054726121594,123.66520466994017,142.79564906147962,81.89374861403729,10.467229208640788,3.164990900099792,2.586848747528868,22.055750371145855,27.868241276315885
2032-02-01,179.10831505550965,128.0520597106189,155.33054726121594,123.66520466994017,142.79564906147962,81.89374861403729,10.467229208640788,3.164990900099792,2.586848747528868,22.055750371145855,27.868241276315885,67.21778130179541
2032-03-01,118.83820619316928,123.51526597920059,83.28693744169938,82.44252890850923,49.36074087855778,9.600649224851544,3.0905211173588967,2.586848747528868,22.055750371145855,27.868241276315885,67.21778130179541,76.3652186339767
2032-04-01,99.65380501768907,53.003237020518796,37.177688793781456,24.960985076948145,8.950714237009612,3.034668780303226,2.586848747528868,22.055750371145855,27.868241276315885,67.21778130179541,76.3652186339767,111.87496819540061
2032-05-01,53.003237020518796,37.177688793781456,24.960985076948145,8.950714237009612,3.034668780303226,2.586848747528868,22.055750371145855,27.868241276315885,67.21778130179541,76.3652186339767,111.87496819540061,86.0256082186159
2032-06-01,37.177688793781456,24.960985076948145,8.950714237009612,3.034668780303226,2.586848747528868,22.055750371145855,27.868241276315885,67.21778130179541,76.3652186339767,111.87496819540061,86.0256082186159,38.525813473112
2032-07-01,24.960985076948145,8.950714237009612,3.034668780303226,2.586848747528868,22.055750371145855,27.868241276315885,67.21778130179541,76.3652186339767,111.87496819540061,86.0256082186159,38.525813473112,11.010809250741659
2032-08-01,8.950714237009612,3.034668780303226,2.586848747528868,22.055750371145855,27.868241276315885,67.21778130179541,76.3652186339767,111.87496819540061,86.0256082186159,38.525813473112,11.010809250741659,8.6289490184164
2032-09-01,3.034668780303226,2.586848747528868,22.055750371145855,27.868241276315885,67.21778130179541,76.3652186339767,111.87496819540061,86.0256082186159,38.525813473112,11.010809250741659,8.6289490184164,8.535807047543331
2032-10-01,2.586848747528868,22.055750371145855,27.868241276315885,67.21778130179541,76.3652186339767,111.87496819540061,86.0256082186159,38.525813473112,11.010809250741659,8.6289490184164,8.535807047543331,3.022537763546526
2032-11-01,22.055750371145855,27.868241276315885,67.21778130179541,76.3652186339767,111.87496819540061,86.0256082186159,38.525813473112,11.010809250741659,8.6289490184164,8.535807047543331,3.022537763546526,1.7357760890349545
2032-12-01,27.868241276315885,67.21778130179541,76.3652186339767,111.87496819540061,86.0256082186159,38.525813473112,11.010809250741659,8.6289490184164,8.535807047543331,3.022537763546526,1.7357760890349545,28.030472348498584
2033-01-01,36.20868798072584,57.81569721735168,127.81424434205235,94.0036616653867,58.51679870660959,25.044691117800532,8.399586350644434,8.600146856042521,3.1104013246946423,1.7357760890349545,28.030472348498584,27.425359571690013
2033-02-01,57.81569721735168,127.81424434205235,94.0036616653867,58.51679870660959,25.044691117800532,8.399586350644434,8.600146856042521,3.1104013246946423,1.7357760890349545,28.030472348498584,27.425359571690013,69.91242349010815
2033-03-01,118.70608654396564,89.44477398151767,47.0933785731824,17.025330050909748,8.530650732228413,8.56338125118584,3.0601935754671468,1.7357760890349545,28.030472348498584,27.425359571690013,69.91242349010815,71.82404369182386
2033-04-01,86.0256082186159,38.525813473112,11.010809250741659,8.6289490184164,8.535807047543331,3.022537763546526,1.7357760890349545,28.030472348498584,27.425359571690013,69.91242349010815,71.82404369182386,108.626019417875
2033-05-01,38.525813473112,11.010809250741659,8.6289490184164,8.535807047543331,3.022537763546526,1.7357760890349545,28.030472348498584,27.425359571690013,69.91242349010815,71.82404369182386,108.626019417875,75.9804682281925
2033-06-01,11.010809250741659,8.6289490184164,8.535807047543331,3.022537763546526,1.7357760890349545,28.030472348498584,27.425359571690013,69.91242349010815,71.82404369182386,108.626019417875,75.9804682281925,30.67456238682621
2033-07-01,8.6289490184164,8.535807047543331,3.022537763546526,1.7357760890349545,28.030472348498584,27.425359571690013,69.91242349010815,71.82404369182386,108.626019417875,75.9804682281925,30.67456238682621,6.7456557650703655
2033-08-01,8.535807047543331,3.022537763546526,1.7357760890349545,28.030472348498584,27.425359571690013,69.91242349010815,71.82404369182386,108.626019417875,75.9804682281925,30.67456238682621,6.7456557650703655,11.410918978805068
2033-09-01,3.022537763546526,1.7357760890349545,28.030472348498584,27.425359571690013,69.91242349010815,71.82404369182386,108.626019417875,75.9804682281925,30.67456238682621,6.7456557650703655,11.410918978805068,8.534784783668696
2033-10-01,1.7357760890349545,28.030472348498584,27.425359571690013,69.91242349010815,71.82404369182386,108.626019417875,75.9804682281925,30.67456238682621,6.7456557650703655,11.410918978805068,8.534784783668696,2.995876470843751
2033-11-01,28.030472348498584,27.425359571690013,69.91242349010815,71.82404369182386,108.626019417875,75.9804682281925,30.67456238682621,6.7456557650703655,11.410918978805068,8.534784783668696,2.995876470843751,2.0355239817842885
2033-12-01,27.425359571690013,69.91242349010815,71.82404369182386,108.626019417875,75.9804682281925,30.67456238682621,6.7456557650703655,11.410918978805068,8.534784783668696,2.995876470843751,2.0355239817842885,19.319511338271433
2034-01-01,48.33457782813315,37.38040997766396,113.19397484318712,48.80053170848144,23.186168818323523,5.8515004322797095,20.918451172393446,8.595546668606664,2.990425507532155,2.0355239817842885,19.319511338271433,32.92175991390354
2034-02-01,37.38040997766396,113.19397484318712,48.80053170848144,23.186168818323523,5.8515004322797095,20.918451172393446,8.595546668606664,2.990425507532155,2.0355239817842885,19.319511338271433,32.92175991390354,81.06063255258061
2034-03-01,110.58371460015162,64.33192400545919,27.465250857467915,6.362446336731512,15.485575633200085,8.560825591499253,2.99354034371021,2.0355239817842885,19.319511338271433,32.92175991390354,81.06063255258061,84.74787126017833
2034-04-01,75.9804682281925,30.67456238682621,6.7456557650703655,11.410918978805068,8.534784783668696,2.995876470843751,2.0355239817842885,19.319511338271433,32.92175991390354,81.06063255258061,84.74787126017833,125.7369538391356
2034-05-01,30.67456238682621,6.7456557650703655,11.410918978805068,8.534784783668696,2.995876470843751,2.0355239817842885,19.319511338271433,32.92175991390354,81.06063255258061,84.74787126017833,125.7369538391356,77.75615482681323
2034-06-01,6.7456557650703655,11.410918978805068,8.534784783668696,2.995876470843751,2.0355239817842885,19.319511338271433,32.92175991390354,81.06063255258061,84.74787126017833,125.7369538391356,77.75615482681323,34.49622611502012
2034-07-01,11.410918978805068,8.534784783668696,2.995876470843751,2.0355239817842885,19.319511338271433,32.92175991390354,81.06063255258061,84.74787126017833,125.7369538391356,77.75615482681323,34.49622611502012,8.329496464647507
2034-08-01,8.534784783668696,2.995876470843751,2.0355239817842885,19.319511338271433,32.92175991390354,81.06063255258061,84.74787126017833,125.7369538391356,77.75615482681323,34.49622611502012,8.329496464647507,9.56240432198464
2034-09-01,2.995876470843751,2.0355239817842885,19.319511338271433,32.92175991390354,81.06063255258061,84.74787126017833,125.7369538391356,77.75615482681323,34.49622611502012,8.329496464647507,9.56240432198464,10.655793347344314
2034-10-01,2.0355239817842885,19.319511338271433,32.92175991390354,81.06063255258061,84.74787126017833,125.7369538391356,77.75615482681323,34.49622611502012,8.329496464647507,9.56240432198464,10.655793347344314,3.003396022782191
2034-11-01,19.319511338271433,32.92175991390354,81.06063255258061,84.74787126017833,125.7369538391356,77.75615482681323,34.49622611502012,8.329496464647507,9.56240432198464,10.655793347344314,3.003396022782191,2.4421592516436723
2034-12-01,32.92175991390354,81.06063255258061,84.74787126017833,125.7369538391356,77.75615482681323,34.49622611502012,8.329496464647507,9.56240432198464,10.655793347344314,3.003396022782191,2.4421592516436723,22.680224692460307
2035-01-01,98.50151860925925,95.53763403525905,190.19317973885975,56.79112140227474,40.38365559519612,12.978783580376845,12.600135216701522,18.140085205146953,3.0242634912551356,2.4421592516436723,22.680224692460307,37.104960743365936
2035-02-01,95.53763403525905,190.19317973885975,56.79112140227474,40.38365559519612,12.978783580376845,12.600135216701522,18.140085205146953,3.0242634912551356,2.4421592516436723,22.680224692460307,37.104960743365936,75.78017254133465
2035-03-01,153.3610506533031,68.77114050201102,37.01941017795269,10.322048085674366,10.864288991149019,13.8633470006883,3.0123392235563102,2.4421592516436723,22.680224692460307,37.104960743365936,75.78017254133465,80.47546405437765
2035-04-01,77.75615482681323,34.49622611502012,8.329496464647507,9.56240432198464,10.655793347344314,3.003396022782191,2.4421592516436723,22.680224692460307,37.104960743365936,75.78017254133465,80.47546405437765,122.96392478838868
2035-05-01,34.49622611502012,8.329496464647507,9.56240432198464,10.655793347344314,3.003396022782191,2.4421592516436723,22.680224692460307,37.104960743365936,75.78017254133465,80.47546405437765,122.96392478838868,89.86479675026058
2035-06-01,8.329496464647507,9.56240432198464,10.655793347344314,3.003396022782191,2.4421592516436723,22.680224692460307,37.104960743365936,75.78017254133465,80.47546405437765,122.96392478838868,89.86479675026058,41.36287272822042
2035-07-01,9.56240432198464,10.655793347344314,3.003396022782191,2.4421592516436723,22.680224692460307,37.104960743365936,75.78017254133465,80.47546405437765,122.96392478838868,89.86479675026058,41.36287272822042,9.872811514425504
2035-08-01,10.655793347344314,3.003396022782191,2.4421592516436723,22.680224692460307,37.104960743365936,75.78017254133465,80.47546405437765,122.96392478838868,89.86479675026058,41.36287272822042,9.872811514425504,8.879420397234368
2035-09-01,3.003396022782191,2.4421592516436723,22.680224692460307,37.104960743365936,75.78017254133465,80.47546405437765,122.96392478838868,89.86479675026058,41.36287272822042,9.872811514425504,8.879420397234368,8.527682785934314
2035-10-01,2.4421592516436723,22.680224692460307,37.104960743365936,75.78017254133465,80.47546405437765,122.96392478838868,89.86479675026058,41.36287272822042,9.872811514425504,8.879420397234368,8.527682785934314,3.3567487123760347
2035-11-01,22.680224692460307,37.104960743365936,75.78017254133465,80.47546405437765,122.96392478838868,89.86479675026058,41.36287272822042,9.872811514425504,8.879420397234368,8.527682785934314,3.3567487123760347,4.363111284615139
2035-12-01,37.104960743365936,75.78017254133465,80.47546405437765,122.96392478838868,89.86479675026058,41.36287272822042,9.872811514425504,8.879420397234368,8.527682785934314,3.3567487123760347,4.363111284615139,26.518298388949006
2036-01-01,74.73944855865237,76.31180160915599,177.71454901049862,111.28001005778782,71.28356535459746,19.923701304377836,9.526707555325293,8.563587678801943,4.614350594427432,4.363111284615139,26.518298388949006,106.65988044649055
2036-02-01,76.31180160915599,177.71454901049862,111.28001005778782,71.28356535459746,19.923701304377836,9.526707555325293,8.563587678801943,4.614350594427432,4.363111284615139,26.518298388949006,106.65988044649055,119.24261912455924
2036-03-01,146.42847802643578,99.0427453106294,54.186026710953435,14.180335710119362,9.156829179273336,8.543070597163297,3.895720947540919,4.363111284615139,26.518298388949006,106.65988044649055,119.24261912455924,85.12807801218491
2036-04-01,89.86479675026058,41.36287272822042,9.872811514425504,8.879420397234368,8.527682785934314,3.3567487123760347,4.363111284615139,26.518298388949006,106.65988044649055,119.24261912455924,85.12807801218491,128.71762240620535
2036-05-01,41.36287272822042,9.872811514425504,8.879420397234368,8.527682785934314,3.3567487123760347,4.363111284615139,26.518298388949006,106.65988044649055,119.24261912455924,85.12807801218491,128.71762240620535,93.68682274165928
2036-06-01,9.872811514425504,8.879420397234368,8.527682785934314,3.3567487123760347,4.363111284615139,26.518298388949006,106.65988044649055,119.24261912455924,85.12807801218491,128.71762240620535,93.68682274165928,43.63966902796657
2036-07-01,8.879420397234368,8.527682785934314,3.3567487123760347,4.363111284615139,26.518298388949006,106.65988044649055,119.24261912455924,85.12807801218491,128.71762240620535,93.68682274165928,43.63966902796657,15.194614113880181
2036-08-01,8.527682785934314,3.3567487123760347,4.363111284615139,26.518298388949006,106.65988044649055,119.24261912455924,85.12807801218491,128.71762240620535,93.68682274165928,43.63966902796657,15.194614113880181,10.641772412459432
2036-09-01,3.3567487123760347,4.363111284615139,26.518298388949006,106.65988044649055,119.24261912455924,85.12807801218491,128.71762240620535,93.68682274165928,43.63966902796657,15.194614113880181,10.641772412459432,8.642693961463632
2036-10-01,4.363111284615139,26.518298388949006,106.65988044649055,119.24261912455924,85.12807801218491,128.71762240620535,93.68682274165928,43.63966902796657,15.194614113880181,10.641772412459432,8.642693961463632,24.58237210201118
2036-11-01,26.518298388949006,106.65988044649055,119.24261912455924,85.12807801218491,128.71762240620535,93.68682274165928,43.63966902796657,15.194614113880181,10.641772412459432,8.642693961463632,24.58237210201118,1.759174833541298
2036-12-01,106.65988044649055,119.24261912455924,85.12807801218491,128.71762240620535,93.68682274165928,43.63966902796657,15.194614113880181,10.641772412459432,8.642693961463632,24.58237210201118,1.759174833541298,25.03789779134476
2037-01-01,270.320458183163,97.24856441928867,203.6061882906737,128.47912701908197,81.52914870345515,43.87181300192388,17.45729162383808,9.081137968683871,100.12965584778559,1.759174833541298,25.03789779134476,35.831139537313426
2037-02-01,97.24856441928867,203.6061882906737,128.47912701908197,81.52914870345515,43.87181300192388,17.45729162383808,9.081137968683871,100.12965584778559,1.759174833541298,25.03789779134476,35.831139537313426,81.52352281781891
2037-03-01,160.8127220709775,108.59781028912616,59.878017460318816,27.484842208756053,13.562709217335996,8.83059853598659,56.95977942162878,1.759174833541298,25.03789779134476,35.831139537313426,81.52352281781891,103.88446263698918
2037-04-01,93.68682274165928,43.63966902796657,15.194614113880181,10.641772412459432,8.642693961463632,24.58237210201118,1.759174833541298,25.03789779134476,35.831139537313426,81.52352281781891,103.88446263698918,142.322462888653
2037-05-01,43.63966902796657,15.194614113880181,10.641772412459432,8.642693961463632,24.58237210201118,1.759174833541298,25.03789779134476,35.831139537313426,81.52352281781891,103.88446263698918,142.322462888653,92.16890724613299
2037-06-01,15.194614113880181,10.641772412459432,8.642693961463632,24.58237210201118,1.759174833541298,25.03789779134476,35.831139537313426,81.52352281781891,103.88446263698918,142.322462888653,92.16890724613299,42.04009769455835
2037-07-01,10.641772412459432,8.642693961463632,24.58237210201118,1.759174833541298,25.03789779134476,35.831139537313426,81.52352281781891,103.88446263698918,142.322462888653,92.16890724613299,42.04009769455835,13.012419120735412
2037-08-01,8.642693961463632,24.58237210201118,1.759174833541298,25.03789779134476,35.831139537313426,81.52352281781891,103.88446263698918,142.322462888653,92.16890724613299,42.04009769455835,13.012419120735412,9.226355413387163
2037-09-01,24.58237210201118,1.759174833541298,25.03789779134476,35.831139537313426,81.52352281781891,103.88446263698918,142.322462888653,92.16890724613299,42.04009769455835,13.012419120735412,9.226355413387163,8.52452914975176
2037-10-01,1.759174833541298,25.03789779134476,35.831139537313426,81.52352281781891,103.88446263698918,142.322462888653,92.16890724613299,42.04009769455835,13.012419120735412,9.226355413387163,8.52452914975176,2.994251322136686
2037-11-01,25.03789779134476,35.831139537313426,81.52352281781891,103.88446263698918,142.322462888653,92.16890724613299,42.04009769455835,13.012419120735412,9.226355413387163,8.52452914975176,2.994251322136686,1.79753838724704
2037-12-01,35.831139537313426,81.52352281781891,103.88446263698918,142.322462888653,92.16890724613299,42.04009769455835,13.012419120735412,9.226355413387163,8.52452914975176,2.994251322136686,1.79753838724704,17.052233053842606
2038-01-01,100.58452480283158,181.65229523090792,264.8279704616881,121.64850728921361,74.33107770311814,34.05193553277243,11.08791512801287,8.549396315980454,2.9831123383503617,1.79753838724704,17.052233053842606,39.62690753277328
2038-02-01,181.65229523090792,264.8279704616881,121.64850728921361,74.33107770311814,34.05193553277243,11.08791512801287,8.549396315980454,2.9831123383503617,1.79753838724704,17.052233053842606,39.62690753277328,68.7958655853354
2038-03-01,194.82482327709658,104.8030215503104,55.879089126798256,22.029354725894134,10.024166719655323,8.535186506706914,2.9894774719425468,1.79753838724704,17.052233053842606,39.62690753277328,68.7958655853354,72.01039591687878
2038-04-01,92.16890724613299,42.04009769455835,13.012419120735412,9.226355413387163,8.52452914975176,2.994251322136686,1.79753838724704,17.052233053842606,39.62690753277328,68.7958655853354,72.01039591687878,115.18751079800295
2038-05-01,42.04009769455835,13.012419120735412,9.226355413387163,8.52452914975176,2.994251322136686,1.79753838724704,17.052233053842606,39.62690753277328,68.7958655853354,72.01039591687878,115.18751079800295,87.95193171704148
2038-06-01,13.012419120735412,9.226355413387163,8.52452914975176,2.994251322136686,1.79753838724704,17.052233053842606,39.62690753277328,68.7958655853354,72.01039591687878,115.18751079800295,87.95193171704148,36.66017807113607
2038-07-01,9.226355413387163,8.52452914975176,2.994251322136686,1.79753838724704,17.052233053842606,39.62690753277328,68.7958655853354,72.01039591687878,115.18751079800295,87.95193171704148,36.66017807113607,7.999404373157738
2038-08-01,8.52452914975176,2.994251322136686,1.79753838724704,17.052233053842606,39.62690753277328,68.7958655853354,72.01039591687878,115.18751079800295,87.95193171704148,36.66017807113607,7.999404373157738,8.704675656386268
2038-09-01,2.994251322136686,1.79753838724704,17.052233053842606,39.62690753277328,68.7958655853354,72.01039591687878,115.18751079800295,87.95193171704148,36.66017807113607,7.999404373157738,8.704675656386268,8.549103179117628
2038-10-01,1.79753838724704,17.052233053842606,39.62690753277328,68.7958655853354,72.01039591687878,115.18751079800295,87.95193171704148,36.66017807113607,7.999404373157738,8.704675656386268,8.549103179117628,2.9945055576954767
2038-11-01,17.052233053842606,39.62690753277328,68.7958655853354,72.01039591687878,115.18751079800295,87.95193171704148,36.66017807113607,7.999404373157738,8.704675656386268,8.549103179117628,2.9945055576954767,2.831543473165522
2038-12-01,39.62690753277328,68.7958655853354,72.01039591687878,115.18751079800295,87.95193171704148,36.66017807113607,7.999404373157738,8.704675656386268,8.549103179117628,2.9945055576954767,2.831543473165522,52.8521330338262
2039-01-01,43.310067256655785,38.218994990411076,142.72068605376288,102.67211740830184,50.1214393977179,11.493369168672888,8.740356221508842,8.659979448126856,2.984256398364921,2.831543473165522,52.8521330338262,74.3194827188691
2039-02-01,38.218994990411076,142.72068605376288,102.67211740830184,50.1214393977179,11.493369168672888,8.740356221508842,8.659979448126856,2.984256398364921,2.831543473165522,52.8521330338262,74.3194827188691,127.94040298505803
2039-03-01,126.98744305047148,94.26058272758164,42.429290068242565,9.496817856949946,8.719967327153086,8.596621580121582,2.9901130608395237,2.831543473165522,52.8521330338262,74.3194827188691,127.94040298505803,83.35516204652163
2039-04-01,87.95193171704148,36.66017807113607,7.999404373157738,8.704675656386268,8.549103179117628,2.9945055576954767,2.831543473165522,52.8521330338262,74.3194827188691,127.94040298505803,83.35516204652163,107.79965626010652
2039-05-01,36.66017807113607,7.999404373157738,8.704675656386268,8.549103179117628,2.9945055576954767,2.831543473165522,52.8521330338262,74.3194827188691,127.94040298505803,83.35516204652163,107.79965626010652,76.56765043802322
2039-06-01,7.999404373157738,8.704675656386268,8.549103179117628,2.9945055576954767,2.831543473165522,52.8521330338262,74.3194827188691,127.94040298505803,83.35516204652163,107.79965626010652,76.56765043802322,30.47215871325824
2039-07-01,8.704675656386268,8.549103179117628,2.9945055576954767,2.831543473165522,52.8521330338262,74.3194827188691,127.94040298505803,83.35516204652163,107.79965626010652,76.56765043802322,30.47215871325824,6.9480565957557605
2039-08-01,8.549103179117628,2.9945055576954767,2.831543473165522,52.8521330338262,74.3194827188691,127.94040298505803,83.35516204652163,107.79965626010652,76.56765043802322,30.47215871325824,6.9480565957557605,8.55406344901847
2039-09-01,2.9945055576954767,2.831543473165522,52.8521330338262,74.3194827188691,127.94040298505803,83.35516204652163,107.79965626010652,76.56765043802322,30.47215871325824,6.9480565957557605,8.55406344901847,8.488589660887033
2039-10-01,2.831543473165522,52.8521330338262,74.3194827188691,127.94040298505803,83.35516204652163,107.79965626010652,76.56765043802322,30.47215871325824,6.9480565957557605,8.55406344901847,8.488589660887033,3.005280376104415
2039-11-01,52.8521330338262,74.3194827188691,127.94040298505803,83.35516204652163,107.79965626010652,76.56765043802322,30.47215871325824,6.9480565957557605,8.55406344901847,8.488589660887033,3.005280376104415,1.729680612143617
2039-12-01,74.3194827188691,127.94040298505803,83.35516204652163,107.79965626010652,76.56765043802322,30.47215871325824,6.9480565957557605,8.55406344901847,8.488589660887033,3.005280376104415,1.729680612143617,18.47927634906498
2040-01-01,309.4604855554077,89.2704425738039,109.47534063322892,51.44285165271965,22.275352287267662,6.76230417036399,8.062601288353752,8.38766861608918,3.0327430812051426,1.729680612143617,18.47927634906498,25.86615975918687
2040-02-01,89.2704425738039,109.47534063322892,51.44285165271965,22.275352287267662,6.76230417036399,8.062601288353752,8.38766861608918,3.0327430812051426,1.729680612143617,18.47927634906498,25.86615975918687,66.38042069289543
2040-03-01,108.51780670573041,65.79987953003598,26.959241673547993,6.868448413445002,8.34343680873359,8.445337784545096,3.0170501068618694,1.729680612143617,18.47927634906498,25.86615975918687,66.38042069289543,71.63127624464084
2040-04-01,76.56765043802322,30.47215871325824,6.9480565957557605,8.55406344901847,8.488589660887033,3.005280376104415,1.729680612143617,18.47927634906498,25.86615975918687,66.38042069289543,71.63127624464084,101.71206935090142
2040-05-01,30.47215871325824,6.9480565957557605,8.55406344901847,8.488589660887033,3.005280376104415,1.729680612143617,18.47927634906498,25.86615975918687,66.38042069289543,71.63127624464084,101.71206935090142,98.40099262218902
2040-06-01,6.9480565957557605,8.55406344901847,8.488589660887033,3.005280376104415,1.729680612143617,18.47927634906498,25.86615975918687,66.38042069289543,71.63127624464084,101.71206935090142,98.40099262218902,36.249286712245855
2040-07-01,8.55406344901847,8.488589660887033,3.005280376104415,1.729680612143617,18.47927634906498,25.86615975918687,66.38042069289543,71.63127624464084,101.71206935090142,98.40099262218902,36.249286712245855,9.06723736576908
2040-08-01,8.488589660887033,3.005280376104415,1.729680612143617,18.47927634906498,25.86615975918687,66.38042069289543,71.63127624464084,101.71206935090142,98.40099262218902,36.249286712245855,9.06723736576908,9.003123511066288
2040-09-01,3.005280376104415,1.729680612143617,18.47927634906498,25.86615975918687,66.38042069289543,71.63127624464084,101.71206935090142,98.40099262218902,36.249286712245855,9.06723736576908,9.003123511066288,8.690170087408678
2040-10-01,1.729680612143617,18.47927634906498,25.86615975918687,66.38042069289543,71.63127624464084,101.71206935090142,98.40099262218902,36.249286712245855,9.06723736576908,9.003123511066288,8.690170087408678,2.994754709404377
2040-11-01,18.47927634906498,25.86615975918687,66.38042069289543,71.63127624464084,101.71206935090142,98.40099262218902,36.249286712245855,9.06723736576908,9.003123511066288,8.690170087408678,2.994754709404377,2.8273160562106363
2040-12-01,25.86615975918687,66.38042069289543,71.63127624464084,101.71206935090142,98.40099262218902,36.249286712245855,9.06723736576908,9.003123511066288,8.690170087408678,2.994754709404377,2.8273160562106363,32.17995210050492
2041-01-01,32.44056524067592,36.51295646534041,82.08119954180597,149.6928914814658,48.27242828271192,16.298617635423923,10.08337156756893,9.294780535436585,2.9853775810549714,2.8273160562106363,32.17995210050492,26.18021140380148
2041-02-01,36.51295646534041,82.08119954180597,149.6928914814658,48.27242828271192,16.298617635423923,10.08337156756893,9.294780535436585,2.9853775810549714,2.8273160562106363,32.17995210050492,26.18021140380148,63.439764379542225
2041-03-01,93.29883943271764,120.3832349904505,41.40206167101702,12.166400338478297,9.466086963853135,8.949288850849209,2.990735940111774,2.8273160562106363,32.17995210050492,26.18021140380148,63.439764379542225,66.57317061227144
2041-04-01,98.40099262218902,36.249286712245855,9.06723736576908,9.003123511066288,8.690170087408678,2.994754709404377,2.8273160562106363,32.17995210050492,26.18021140380148,63.439764379542225,66.57317061227144,87.73205545298191
2041-05-01,36.249286712245855,9.06723736576908,9.003123511066288,8.690170087408678,2.994754709404377,2.8273160562106363,32.17995210050492,26.18021140380148,63.439764379542225,66.57317061227144,87.73205545298191,71.15634004310623
2041-06-01,9.06723736576908,9.003123511066288,8.690170087408678,2.994754709404377,2.8273160562106363,32.17995210050492,26.18021140380148,63.439764379542225,66.57317061227144,87.73205545298191,71.15634004310623,28.39438893995051
2041-07-01,9.003123511066288,8.690170087408678,2.994754709404377,2.8273160562106363,32.17995210050492,26.18021140380148,63.439764379542225,66.57317061227144,87.73205545298191,71.15634004310623,28.39438893995051,6.344284586409127
2041-08-01,8.690170087408678,2.994754709404377,2.8273160562106363,32.17995210050492,26.18021140380148,63.439764379542225,66.57317061227144,87.73205545298191,71.15634004310623,28.39438893995051,6.344284586409127,8.565816066443006
2041-09-01,2.994754709404377,2.8273160562106363,32.17995210050492,26.18021140380148,63.439764379542225,66.57317061227144,87.73205545298191,71.15634004310623,28.39438893995051,6.344284586409127,8.565816066443006,8.59506009337558
2041-10-01,2.8273160562106363,32.17995210050492,26.18021140380148,63.439764379542225,66.57317061227144,87.73205545298191,71.15634004310623,28.39438893995051,6.344284586409127,8.565816066443006,8.59506009337558,3.0284663137224337
2041-11-01,32.17995210050492,26.18021140380148,63.439764379542225,66.57317061227144,87.73205545298191,71.15634004310623,28.39438893995051,6.344284586409127,8.565816066443006,8.59506009337558,3.0284663137224337,1.7649877607577347
2041-12-01,26.18021140380148,63.439764379542225,66.57317061227144,87.73205545298191,71.15634004310623,28.39438893995051,6.344284586409127,8.565816066443006,8.59506009337558,3.0284663137224337,1.7649877607577347,20.89630550459529
2042-01-01,19.2076118305865,13.751481119678076,19.171137001168187,27.091954875593196,12.925388307382883,4.045330128304135,8.115488066764165,8.866785562287639,3.137079800486226,1.7649877607577347,20.89630550459529,32.440214754508546
2042-02-01,13.751481119678076,19.171137001168187,27.091954875593196,12.925388307382883,4.045330128304135,8.115488066764165,8.866785562287639,3.137079800486226,1.7649877607577347,20.89630550459529,32.440214754508546,86.93551226546518
2042-03-01,58.348804687918886,52.2716035427435,21.76481724027867,5.359018390078416,8.372818352294932,8.711513865766461,3.075014950906916,1.7649877607577347,20.89630550459529,32.440214754508546,86.93551226546518,111.70794385671856
2042-04-01,71.15634004310623,28.39438893995051,6.344284586409127,8.565816066443006,8.59506009337558,3.0284663137224337,1.7649877607577347,20.89630550459529,32.440214754508546,86.93551226546518,111.70794385671856,202.63743355346458
2042-05-01,28.39438893995051,6.344284586409127,8.565816066443006,8.59506009337558,3.0284663137224337,1.7649877607577347,20.89630550459529,32.440214754508546,86.93551226546518,111.70794385671856,202.63743355346458,97.62029907418187
2042-06-01,6.344284586409127,8.565816066443006,8.59506009337558,3.0284663137224337,1.7649877607577347,20.89630550459529,32.440214754508546,86.93551226546518,111.70794385671856,202.63743355346458,97.62029907418187,41.327918447201256
2042-07-01,8.565816066443006,8.59506009337558,3.0284663137224337,1.7649877607577347,20.89630550459529,32.440214754508546,86.93551226546518,111.70794385671856,202.63743355346458,97.62029907418187,41.327918447201256,22.812194966739554
2042-08-01,8.59506009337558,3.0284663137224337,1.7649877607577347,20.89630550459529,32.440214754508546,86.93551226546518,111.70794385671856,202.63743355346458,97.62029907418187,41.327918447201256,22.812194966739554,12.832259699918744
2042-09-01,3.0284663137224337,1.7649877607577347,20.89630550459529,32.440214754508546,86.93551226546518,111.70794385671856,202.63743355346458,97.62029907418187,41.327918447201256,22.812194966739554,12.832259699918744,8.631223926335776
2042-10-01,1.7649877607577347,20.89630550459529,32.440214754508546,86.93551226546518,111.70794385671856,202.63743355346458,97.62029907418187,41.327918447201256,22.812194966739554,12.832259699918744,8.631223926335776,3.0184488972365404
2042-11-01,20.89630550459529,32.440214754508546,86.93551226546518,111.70794385671856,202.63743355346458,97.62029907418187,41.327918447201256,22.812194966739554,12.832259699918744,8.631223926335776,3.0184488972365404,17.45110974884122
2042-12-01,32.440214754508546,86.93551226546518,111.70794385671856,202.63743355346458,97.62029907418187,41.327918447201256,22.812194966739554,12.832259699918744,8.631223926335776,3.0184488972365404,17.45110974884122,19.34343315152033
2043-01-01,124.9384773172398,216.85796071969008,536.2453384533403,146.17977051543363,71.12627109001124,78.15092683979107,27.31448441740499,9.029522810608528,3.0920014262997078,17.45110974884122,19.34343315152033,40.08014553870569
2043-02-01,216.85796071969008,536.2453384533403,146.17977051543363,71.12627109001124,78.15092683979107,27.31448441740499,9.029522810608528,3.0920014262997078,17.45110974884122,19.34343315152033,40.08014553870569,72.33712344428751
2043-03-01,345.61224993912555,118.43150112043263,54.09864100840554,46.52879434090449,19.038927435984277,8.801923448166955,3.0499714096921835,17.45110974884122,19.34343315152033,40.08014553870569,72.33712344428751,90.0187823813193
2043-04-01,97.62029907418187,41.327918447201256,22.812194966739554,12.832259699918744,8.631223926335776,3.0184488972365404,17.45110974884122,19.34343315152033,40.08014553870569,72.33712344428751,90.0187823813193,130.81922893729558
2043-05-01,41.327918447201256,22.812194966739554,12.832259699918744,8.631223926335776,3.0184488972365404,17.45110974884122,19.34343315152033,40.08014553870569,72.33712344428751,90.0187823813193,130.81922893729558,92.97943307928163
2043-06-01,22.812194966739554,12.832259699918744,8.631223926335776,3.0184488972365404,17.45110974884122,19.34343315152033,40.08014553870569,72.33712344428751,90.0187823813193,130.81922893729558,92.97943307928163,49.57863033904277
2043-07-01,12.832259699918744,8.631223926335776,3.0184488972365404,17.45110974884122,19.34343315152033,40.08014553870569,72.33712344428751,90.0187823813193,130.81922893729558,92.97943307928163,49.57863033904277,18.922820657978903
2043-08-01,8.631223926335776,3.0184488972365404,17.45110974884122,19.34343315152033,40.08014553870569,72.33712344428751,90.0187823813193,130.81922893729558,92.97943307928163,49.57863033904277,18.922820657978903,9.484882536364186
2043-09-01,3.0184488972365404,17.45110974884122,19.34343315152033,40.08014553870569,72.33712344428751,90.0187823813193,130.81922893729558,92.97943307928163,49.57863033904277,18.922820657978903,9.484882536364186,8.557903763994142
2043-10-01,17.45110974884122,19.34343315152033,40.08014553870569,72.33712344428751,90.0187823813193,130.81922893729558,92.97943307928163,49.57863033904277,18.922820657978903,9.484882536364186,8.557903763994142,2.9965019947764686
2043-11-01,19.34343315152033,40.08014553870569,72.33712344428751,90.0187823813193,130.81922893729558,92.97943307928163,49.57863033904277,18.922820657978903,9.484882536364186,8.557903763994142,2.9965019947764686,2.1495399833520756
2043-12-01,40.08014553870569,72.33712344428751,90.0187823813193,130.81922893729558,92.97943307928163,49.57863033904277,18.922820657978903,9.484882536364186,8.557903763994142,2.9965019947764686,2.1495399833520756,19.90369825842372
2044-01-01,59.24572762194026,119.25673408039344,213.06341768057968,125.29587353838255,108.25447460329802,60.64874245036813,12.251287181409468,8.699582080071172,2.9932403652293846,2.1495399833520756,19.90369825842372,29.061962034978684
2044-02-01,119.25673408039344,213.06341768057968,125.29587353838255,108.25447460329802,60.64874245036813,12.251287181409468,8.699582080071172,2.9932403652293846,2.1495399833520756,19.90369825842372,29.061962034978684,62.95774673753337
2044-03-01,166.06673839870302,106.82933613318203,74.7254207380093,36.805358569002856,10.670484527097878,8.61862304231287,2.9951041535420035,2.1495399833520756,19.90369825842372,29.061962034978684,62.95774673753337,67.20452990080558
2044-04-01,92.97943307928163,49.57863033904277,18.922820657978903,9.484882536364186,8.557903763994142,2.9965019947764686,2.1495399833520756,19.90369825842372,29.061962034978684,62.95774673753337,67.20452990080558,92.04709164660629
2044-05-01,49.57863033904277,18.922820657978903,9.484882536364186,8.557903763994142,2.9965019947764686,2.1495399833520756,19.90369825842372,29.061962034978684,62.95774673753337,67.20452990080558,92.04709164660629,71.6727810135107
2044-06-01,18.922820657978903,9.484882536364186,8.557903763994142,2.9965019947764686,2.1495399833520756,19.90369825842372,29.061962034978684,62.95774673753337,67.20452990080558,92.04709164660629,71.6727810135107,27.956057251565742
2044-07-01,9.484882536364186,8.557903763994142,2.9965019947764686,2.1495399833520756,19.90369825842372,29.061962034978684,62.95774673753337,67.20452990080558,92.04709164660629,71.6727810135107,27.956057251565742,6.355731034308691
2044-08-01,8.557903763994142,2.9965019947764686,2.1495399833520756,19.90369825842372,29.061962034978684,62.95774673753337,67.20452990080558,92.04709164660629,71.6727810135107,27.956057251565742,6.355731034308691,8.525228924979842
2044-09-01,2.9965019947764686,2.1495399833520756,19.90369825842372,29.061962034978684,62.95774673753337,67.20452990080558,92.04709164660629,71.6727810135107,27.956057251565742,6.355731034308691,8.525228924979842,8.479253654848868
2044-10-01,2.1495399833520756,19.90369825842372,29.061962034978684,62.95774673753337,67.20452990080558,92.04709164660629,71.6727810135107,27.956057251565742,6.355731034308691,8.525228924979842,8.479253654848868,3.0044083813181097
2044-11-01,19.90369825842372,29.061962034978684,62.95774673753337,67.20452990080558,92.04709164660629,71.6727810135107,27.956057251565742,6.355731034308691,8.525228924979842,8.479253654848868,3.0044083813181097,1.7482055183867213
2044-12-01,29.061962034978684,62.95774673753337,67.20452990080558,92.04709164660629,71.6727810135107,27.956057251565742,6.355731034308691,8.525228924979842,8.479253654848868,3.0044083813181097,1.7482055183867213,31.449198822629445
2045-01-01,17.03853244154665,16.59259791808168,38.58879987247791,29.41593924241335,10.952895709651422,4.096839143852173,7.9328459301799255,8.345656588917437,3.02881910466677,1.7482055183867213,31.449198822629445,63.08357770491051
2045-02-01,16.59259791808168,38.58879987247791,29.41593924241335,10.952895709651422,4.096839143852173,7.9328459301799255,8.345656588917437,3.02881910466677,1.7482055183867213,31.449198822629445,63.08357770491051,154.0977817928393
2045-03-01,69.13639517197984,53.5627059687547,20.668988019316746,5.3876345098273255,8.27135049863702,8.421997769449682,3.0148701198961065,1.7482055183867213,31.449198822629445,63.08357770491051,154.0977817928393,117.38194410706322
2045-04-01,71.6727810135107,27.956057251565742,6.355731034308691,8.525228924979842,8.479253654848868,3.0044083813181097,1.7482055183867213,31.449198822629445,63.08357770491051,154.0977817928393,117.38194410706322,132.89955150760548
2045-05-01,27.956057251565742,6.355731034308691,8.525228924979842,8.479253654848868,3.0044083813181097,1.7482055183867213,31.449198822629445,63.08357770491051,154.0977817928393,117.38194410706322,132.89955150760548,104.81841030202234
2045-06-01,6.355731034308691,8.525228924979842,8.479253654848868,3.0044083813181097,1.7482055183867213,31.449198822629445,63.08357770491051,154.0977817928393,117.38194410706322,132.89955150760548,104.81841030202234,41.3358856369184
2045-07-01,8.525228924979842,8.479253654848868,3.0044083813181097,1.7482055183867213,31.449198822629445,63.08357770491051,154.0977817928393,117.38194410706322,132.89955150760548,104.81841030202234,41.3358856369184,16.73722916248767
2045-08-01,8.479253654848868,3.0044083813181097,1.7482055183867213,31.449198822629445,63.08357770491051,154.0977817928393,117.38194410706322,132.89955150760548,104.81841030202234,41.3358856369184,16.73722916248767,10.423150526003827
2045-09-01,3.0044083813181097,1.7482055183867213,31.449198822629445,63.08357770491051,154.0977817928393,117.38194410706322,132.89955150760548,104.81841030202234,41.3358856369184,16.73722916248767,10.423150526003827,8.524155643788275
2045-10-01,1.7482055183867213,31.449198822629445,63.08357770491051,154.0977817928393,117.38194410706322,132.89955150760548,104.81841030202234,41.3358856369184,16.73722916248767,10.423150526003827,8.524155643788275,3.0324237859461123
2045-11-01,31.449198822629445,63.08357770491051,154.0977817928393,117.38194410706322,132.89955150760548,104.81841030202234,41.3358856369184,16.73722916248767,10.423150526003827,8.524155643788275,3.0324237859461123,1.7392463542424805
2045-12-01,63.08357770491051,154.0977817928393,117.38194410706322,132.89955150760548,104.81841030202234,41.3358856369184,16.73722916248767,10.423150526003827,8.524155643788275,3.0324237859461123,1.7392463542424805,27.58220053882222
2046-01-01,427.16869019042326,242.39096184624108,222.42486924697428,178.5712710407157,71.16212344373837,50.81358072065758,16.473493134787855,8.547715539144768,3.15488842549278,1.7392463542424805,27.58220053882222,33.06152841322009
2046-02-01,242.39096184624108,222.42486924697428,178.5712710407157,71.16212344373837,50.81358072065758,16.473493134787855,8.547715539144768,3.15488842549278,1.7392463542424805,27.58220053882222,33.06152841322009,97.26051981931803
2046-03-01,171.26754482447782,136.42677919003378,54.11855898269838,31.341379830274775,13.016154501196983,8.5342527417982,3.0849086314661123,1.7392463542424805,27.58220053882222,33.06152841322009,97.26051981931803,78.68018529896882
2046-04-01,104.81841030202234,41.3358856369184,16.73722916248767,10.423150526003827,8.524155643788275,3.0324237859461123,1.7392463542424805,27.58220053882222,33.06152841322009,97.26051981931803,78.68018529896882,105.39249384877164
2046-05-01,41.3358856369184,16.73722916248767,10.423150526003827,8.524155643788275,3.0324237859461123,1.7392463542424805,27.58220053882222,33.06152841322009,97.26051981931803,78.68018529896882,105.39249384877164,86.53462304040157
2046-06-01,16.73722916248767,10.423150526003827,8.524155643788275,3.0324237859461123,1.7392463542424805,27.58220053882222,33.06152841322009,97.26051981931803,78.68018529896882,105.39249384877164,86.53462304040157,33.276267994292134
2046-07-01,10.423150526003827,8.524155643788275,3.0324237859461123,1.7392463542424805,27.58220053882222,33.06152841322009,97.26051981931803,78.68018529896882,105.39249384877164,86.53462304040157,33.276267994292134,7.946068431800747
2046-08-01,8.524155643788275,3.0324237859461123,1.7392463542424805,27.58220053882222,33.06152841322009,97.26051981931803,78.68018529896882,105.39249384877164,86.53462304040157,33.276267994292134,7.946068431800747,8.874649170877749
2046-09-01,3.0324237859461123,1.7392463542424805,27.58220053882222,33.06152841322009,97.26051981931803,78.68018529896882,105.39249384877164,86.53462304040157,33.276267994292134,7.946068431800747,8.874649170877749,9.464994720108535
2046-10-01,1.7392463542424805,27.58220053882222,33.06152841322009,97.26051981931803,78.68018529896882,105.39249384877164,86.53462304040157,33.276267994292134,7.946068431800747,8.874649170877749,9.464994720108535,4.475493836271129
2046-11-01,27.58220053882222,33.06152841322009,97.26051981931803,78.68018529896882,105.39249384877164,86.53462304040157,33.276267994292134,7.946068431800747,8.874649170877749,9.464994720108535,4.475493836271129,1.7846973828713344
2046-12-01,33.06152841322009,97.26051981931803,78.68018529896882,105.39249384877164,86.53462304040157,33.276267994292134,7.946068431800747,8.874649170877749,9.464994720108535,4.475493836271129,1.7846973828713344,19.29568576136082
2047-01-01,171.40101130957763,68.23304720981628,98.64310978222191,96.29422836342222,34.89384405192019,11.253357432566425,9.505237036720509,12.781491382585939,9.648703651955357,1.7846973828713344,19.29568576136082,29.06180719232618
2047-02-01,68.23304720981628,98.64310978222191,96.29422836342222,34.89384405192019,11.253357432566425,9.505237036720509,12.781491382585939,9.648703651955357,1.7846973828713344,19.29568576136082,29.06180719232618,85.12633934249271
2047-03-01,102.49990067739319,90.71731103598185,33.96951487613273,9.363478003557464,9.144901113381788,10.88635043259885,6.692583757278655,1.7846973828713344,19.29568576136082,29.06180719232618,85.12633934249271,96.2332149385494
2047-04-01,86.53462304040157,33.276267994292134,7.946068431800747,8.874649170877749,9.464994720108535,4.475493836271129,1.7846973828713344,19.29568576136082,29.06180719232618,85.12633934249271,96.2332149385494,125.15197777064665
2047-05-01,33.276267994292134,7.946068431800747,8.874649170877749,9.464994720108535,4.475493836271129,1.7846973828713344,19.29568576136082,29.06180719232618,85.12633934249271,96.2332149385494,125.15197777064665,83.74616437668138
2047-06-01,7.946068431800747,8.874649170877749,9.464994720108535,4.475493836271129,1.7846973828713344,19.29568576136082,29.06180719232618,85.12633934249271,96.2332149385494,125.15197777064665,83.74616437668138,42.09044320208137
2047-07-01,8.874649170877749,9.464994720108535,4.475493836271129,1.7846973828713344,19.29568576136082,29.06180719232618,85.12633934249271,96.2332149385494,125.15197777064665,83.74616437668138,42.09044320208137,9.053038375094438
2047-08-01,9.464994720108535,4.475493836271129,1.7846973828713344,19.29568576136082,29.06180719232618,85.12633934249271,96.2332149385494,125.15197777064665,83.74616437668138,42.09044320208137,9.053038375094438,8.64751154788907
2047-09-01,4.475493836271129,1.7846973828713344,19.29568576136082,29.06180719232618,85.12633934249271,96.2332149385494,125.15197777064665,83.74616437668138,42.09044320208137,9.053038375094438,8.64751154788907,8.493181526385364
2047-10-01,1.7846973828713344,19.29568576136082,29.06180719232618,85.12633934249271,96.2332149385494,125.15197777064665,83.74616437668138,42.09044320208137,9.053038375094438,8.64751154788907,8.493181526385364,3.003932814656224
2047-11-01,19.29568576136082,29.06180719232618,85.12633934249271,96.2332149385494,125.15197777064665,83.74616437668138,42.09044320208137,9.053038375094438,8.64751154788907,8.493181526385364,3.003932814656224,2.126859393624633
2047-12-01,29.06180719232618,85.12633934249271,96.2332149385494,125.15197777064665,83.74616437668138,42.09044320208137,9.053038375094438,8.64751154788907,8.493181526385364,3.003932814656224,2.126859393624633,30.22114310000814
2048-01-01,116.79719916386368,147.22168058792886,187.56078743065953,83.74616437668138,74.55763248697173,16.23472217738804,8.483117733271454,8.408332010831664,3.0266790546882847,2.126859393624633,30.22114310000814,29.04332860423202
2048-02-01,147.22168058792886,187.56078743065953,83.74616437668138,74.55763248697173,16.23472217738804,8.483117733271454,8.408332010831664,3.0266790546882847,2.126859393624633,30.22114310000814,29.04332860423202,70.22598303023027
2048-03-01,151.89861048208076,83.74616437668138,56.004952895605804,12.130902861791697,8.577057055910092,8.45681744829092,3.0136812032413927,2.126859393624633,30.22114310000814,29.04332860423202,70.22598303023027,76.51534877754972
2048-04-01,83.74616437668138,42.09044320208137,9.053038375094438,8.64751154788907,8.493181526385364,3.003932814656224,2.126859393624633,30.22114310000814,29.04332860423202,70.22598303023027,76.51534877754972,97.66617465349213
2048-05-01,42.09044320208137,9.053038375094438,8.64751154788907,8.493181526385364,3.003932814656224,2.126859393624633,30.22114310000814,29.04332860423202,70.22598303023027,76.51534877754972,97.66617465349213,73.72237060038853
2048-06-01,9.053038375094438,8.64751154788907,8.493181526385364,3.003932814656224,2.126859393624633,30.22114310000814,29.04332860423202,70.22598303023027,76.51534877754972,97.66617465349213,73.72237060038853,29.341479674496217
2048-07-01,8.64751154788907,8.493181526385364,3.003932814656224,2.126859393624633,30.22114310000814,29.04332860423202,70.22598303023027,76.51534877754972,97.66617465349213,73.72237060038853,29.341479674496217,6.739124161605259
2048-08-01,8.493181526385364,3.003932814656224,2.126859393624633,30.22114310000814,29.04332860423202,70.22598303023027,76.51534877754972,97.66617465349213,73.72237060038853,29.341479674496217,6.739124161605259,8.550996788844337
2048-09-01,3.003932814656224,2.126859393624633,30.22114310000814,29.04332860423202,70.22598303023027,76.51534877754972,97.66617465349213,73.72237060038853,29.341479674496217,6.739124161605259,8.550996788844337,8.484195203543617
2048-10-01,2.126859393624633,30.22114310000814,29.04332860423202,70.22598303023027,76.51534877754972,97.66617465349213,73.72237060038853,29.341479674496217,6.739124161605259,8.550996788844337,8.484195203543617,2.9909983365671042
2048-11-01,30.22114310000814,29.04332860423202,70.22598303023027,76.51534877754972,97.66617465349213,73.72237060038853,29.341479674496217,6.739124161605259,8.550996788844337,8.484195203543617,2.9909983365671042,2.0158863418818687
2048-12-01,29.04332860423202,70.22598303023027,76.51534877754972,97.66617465349213,73.72237060038853,29.341479674496217,6.739124161605259,8.550996788844337,8.484195203543617,2.9909983365671042,2.0158863418818687,16.56748078362049
2049-01-01,49.74559575868267,58.491282863430314,63.87467340346417,38.63909238336355,17.18729661283855,5.822108216686734,8.048801317570156,8.367893558043805,2.9684739032872454,2.0158863418818687,16.56748078362049,25.347823686955003
2049-02-01,58.491282863430314,63.87467340346417,38.63909238336355,17.18729661283855,5.822108216686734,8.048801317570156,8.367893558043805,2.9684739032872454,2.0158863418818687,16.56748078362049,25.347823686955003,89.23292966244018
2049-03-01,83.18410268919443,58.68667993594925,24.13254407664293,6.346117328068749,8.33577015829826,8.434351641186554,2.981345008018593,2.0158863418818687,16.56748078362049,25.347823686955003,89.23292966244018,100.71648517311718
2049-04-01,73.72237060038853,29.341479674496217,6.739124161605259,8.550996788844337,8.484195203543617,2.9909983365671042,2.0158863418818687,16.56748078362049,25.347823686955003,89.23292966244018,100.71648517311718,119.49965215982209
2049-05-01,29.341479674496217,6.739124161605259,8.550996788844337,8.484195203543617,2.9909983365671042,2.0158863418818687,16.56748078362049,25.347823686955003,89.23292966244018,100.71648517311718,119.49965215982209,92.20127470590458
2049-06-01,6.739124161605259,8.550996788844337,8.484195203543617,2.9909983365671042,2.0158863418818687,16.56748078362049,25.347823686955003,89.23292966244018,100.71648517311718,119.49965215982209,92.20127470590458,65.24899697315186
2049-07-01,8.550996788844337,8.484195203543617,2.9909983365671042,2.0158863418818687,16.56748078362049,25.347823686955003,89.23292966244018,100.71648517311718,119.49965215982209,92.20127470590458,65.24899697315186,14.741234070948554
2049-08-01,8.484195203543617,2.9909983365671042,2.0158863418818687,16.56748078362049,25.347823686955003,89.23292966244018,100.71648517311718,119.49965215982209,92.20127470590458,65.24899697315186,14.741234070948554,9.354371151943775
2049-09-01,2.9909983365671042,2.0158863418818687,16.56748078362049,25.347823686955003,89.23292966244018,100.71648517311718,119.49965215982209,92.20127470590458,65.24899697315186,14.741234070948554,9.354371151943775,8.589790236935288
2049-10-01,2.0158863418818687,16.56748078362049,25.347823686955003,89.23292966244018,100.71648517311718,119.49965215982209,92.20127470590458,65.24899697315186,14.741234070948554,9.354371151943775,8.589790236935288,3.168524168546042
2049-11-01,16.56748078362049,25.347823686955003,89.23292966244018,100.71648517311718,119.49965215982209,92.20127470590458,65.24899697315186,14.741234070948554,9.354371151943775,8.589790236935288,3.168524168546042,1.7793432499160633
2049-12-01,25.347823686955003,89.23292966244018,100.71648517311718,119.49965215982209,92.20127470590458,65.24899697315186,14.741234070948554,9.354371151943775,8.589790236935288,3.168524168546042,1.7793432499160633,24.756144748086534
2050-01-01,135.2768556036273,167.39639664348394,162.125322181949,121.79416085818576,178.77112445678898,41.83160280873157,11.663985951517624,8.84307120830633,3.7673401471924657,1.7793432499160633,24.756144748086534,103.38766171550395
2050-02-01,167.39639664348394,162.125322181949,121.79416085818576,178.77112445678898,41.83160280873157,11.663985951517624,8.84307120830633,3.7673401471924657,1.7793432499160633,24.756144748086534,103.38766171550395,151.88530399872747
2050-03-01,137.76779645501932,104.88394019973937,113.90133732328205,26.35139210142699,10.344206066046853,8.698339224665734,3.425159587965938,1.7793432499160633,24.756144748086534,103.38766171550395,151.88530399872747,81.80869195367018
2050-04-01,92.20127470590458,65.24899697315186,14.741234070948554,9.354371151943775,8.589790236935288,3.168524168546042,1.7793432499160633,24.756144748086534,103.38766171550395,151.88530399872747,81.80869195367018,107.38170179152621
2050-05-01,65.24899697315186,14.741234070948554,9.354371151943775,8.589790236935288,3.168524168546042,1.7793432499160633,24.756144748086534,103.38766171550395,151.88530399872747,81.80869195367018,107.38170179152621,97.17410286375713
2050-06-01,14.741234070948554,9.354371151943775,8.589790236935288,3.168524168546042,1.7793432499160633,24.756144748086534,103.38766171550395,151.88530399872747,81.80869195367018,107.38170179152621,97.17410286375713,45.14154789215735
2050-07-01,9.354371151943775,8.589790236935288,3.168524168546042,1.7793432499160633,24.756144748086534,103.38766171550395,151.88530399872747,81.80869195367018,107.38170179152621,97.17410286375713,45.14154789215735,10.10976641065109
2050-08-01,8.589790236935288,3.168524168546042,1.7793432499160633,24.756144748086534,103.38766171550395,151.88530399872747,81.80869195367018,107.38170179152621,97.17410286375713,45.14154789215735,10.10976641065109,8.789839196095409
2050-09-01,3.168524168546042,1.7793432499160633,24.756144748086534,103.38766171550395,151.88530399872747,81.80869195367018,107.38170179152621,97.17410286375713,45.14154789215735,10.10976641065109,8.789839196095409,8.502422632696838
2050-10-01,1.7793432499160633,24.756144748086534,103.38766171550395,151.88530399872747,81.80869195367018,107.38170179152621,97.17410286375713,45.14154789215735,10.10976641065109,8.789839196095409,8.502422632696838,3.2274047772396552
2050-11-01,24.756144748086534,103.38766171550395,151.88530399872747,81.80869195367018,107.38170179152621,97.17410286375713,45.14154789215735,10.10976641065109,8.789839196095409,8.502422632696838,3.2274047772396552,1.7745435152062292
2050-12-01,103.38766171550395,151.88530399872747,81.80869195367018,107.38170179152621,97.17410286375713,45.14154789215735,10.10976641065109,8.789839196095409,8.502422632696838,3.2274047772396552,1.7745435152062292,22.01715387179783
2051-01-01,417.21254011692,82.31132715597236,107.59454552461756,144.17188756852224,88.28760359231366,20.989998337392976,9.12359215019998,8.449916989233309,4.032302886313724,1.7745435152062292,22.01715387179783,33.08864389529046
2051-02-01,82.31132715597236,107.59454552461756,144.17188756852224,88.28760359231366,20.989998337392976,9.12359215019998,8.449916989233309,4.032302886313724,1.7745435152062292,22.01715387179783,33.08864389529046,73.11180558789461
2051-03-01,107.47292053427964,117.31601059437075,63.63271462079577,14.772722950683328,8.932876176425939,8.479920214069612,3.5723611096999703,1.7745435152062292,22.01715387179783,33.08864389529046,73.11180558789461,72.68516046608198
2051-04-01,97.17410286375713,45.14154789215735,10.10976641065109,8.789839196095409,8.502422632696838,3.2274047772396552,1.7745435152062292,22.01715387179783,33.08864389529046,73.11180558789461,72.68516046608198,96.33303217679033
2051-05-01,45.14154789215735,10.10976641065109,8.789839196095409,8.502422632696838,3.2274047772396552,1.7745435152062292,22.01715387179783,33.08864389529046,73.11180558789461,72.68516046608198,96.33303217679033,113.82776988251982
2051-06-01,10.10976641065109,8.789839196095409,8.502422632696838,3.2274047772396552,1.7745435152062292,22.01715387179783,33.08864389529046,73.11180558789461,72.68516046608198,96.33303217679033,113.82776988251982,32.46086074054373
2051-07-01,8.789839196095409,8.502422632696838,3.2274047772396552,1.7745435152062292,22.01715387179783,33.08864389529046,73.11180558789461,72.68516046608198,96.33303217679033,113.82776988251982,32.46086074054373,6.827122308561905
2051-08-01,8.502422632696838,3.2274047772396552,1.7745435152062292,22.01715387179783,33.08864389529046,73.11180558789461,72.68516046608198,96.33303217679033,113.82776988251982,32.46086074054373,6.827122308561905,8.658820987912044
2051-09-01,3.2274047772396552,1.7745435152062292,22.01715387179783,33.08864389529046,73.11180558789461,72.68516046608198,96.33303217679033,113.82776988251982,32.46086074054373,6.827122308561905,8.658820987912044,8.531764198384934
2051-10-01,1.7745435152062292,22.01715387179783,33.08864389529046,73.11180558789461,72.68516046608198,96.33303217679033,113.82776988251982,32.46086074054373,6.827122308561905,8.658820987912044,8.531764198384934,6.289797191849157
2051-11-01,22.01715387179783,33.08864389529046,73.11180558789461,72.68516046608198,96.33303217679033,113.82776988251982,32.46086074054373,6.827122308561905,8.658820987912044,8.531764198384934,6.289797191849157,3.3472436804486514
2051-12-01,33.08864389529046,73.11180558789461,72.68516046608198,96.33303217679033,113.82776988251982,32.46086074054373,6.827122308561905,8.658820987912044,8.531764198384934,6.289797191849157,3.3472436804486514,23.836414421599898
2052-01-01,62.7317972681722,41.255435461825506,57.87553225830604,219.1133891529543,31.224511410052358,6.218099877991639,8.534010213374833,8.581954034829733,17.813068752056484,3.3472436804486514,23.836414421599898,27.743625292037603
2052-02-01,41.255435461825506,57.87553225830604,219.1133891529543,31.224511410052358,6.218099877991639,8.534010213374833,8.581954034829733,17.813068752056484,3.3472436804486514,23.836414421599898,27.743625292037603,62.40438924926238
2052-03-01,79.85124649743992,158.95017814127746,31.93099674176171,6.566112695460363,8.605330655967524,8.553274128289846,11.228342146223726,3.3472436804486514,23.836414421599898,27.743625292037603,62.40438924926238,81.66508189586955
2052-04-01,113.82776988251982,32.46086074054373,6.827122308561905,8.658820987912044,8.531764198384934,6.289797191849157,3.3472436804486514,23.836414421599898,27.743625292037603,62.40438924926238,81.66508189586955,107.47234093928367
2052-05-01,32.46086074054373,6.827122308561905,8.658820987912044,8.531764198384934,6.289797191849157,3.3472436804486514,23.836414421599898,27.743625292037603,62.40438924926238,81.66508189586955,107.47234093928367,92.05475226368493
2052-06-01,6.827122308561905,8.658820987912044,8.531764198384934,6.289797191849157,3.3472436804486514,23.836414421599898,27.743625292037603,62.40438924926238,81.66508189586955,107.47234093928367,92.05475226368493,32.8141034063984
2052-07-01,8.658820987912044,8.531764198384934,6.289797191849157,3.3472436804486514,23.836414421599898,27.743625292037603,62.40438924926238,81.66508189586955,107.47234093928367,92.05475226368493,32.8141034063984,7.892285070617761
2052-08-01,8.531764198384934,6.289797191849157,3.3472436804486514,23.836414421599898,27.743625292037603,62.40438924926238,81.66508189586955,107.47234093928367,92.05475226368493,32.8141034063984,7.892285070617761,8.694481209208389
2052-09-01,6.289797191849157,3.3472436804486514,23.836414421599898,27.743625292037603,62.40438924926238,81.66508189586955,107.47234093928367,92.05475226368493,32.8141034063984,7.892285070617761,8.694481209208389,8.522173610352906
2052-10-01,3.3472436804486514,23.836414421599898,27.743625292037603,62.40438924926238,81.66508189586955,107.47234093928367,92.05475226368493,32.8141034063984,7.892285070617761,8.694481209208389,8.522173610352906,2.9935462790893435
2052-11-01,23.836414421599898,27.743625292037603,62.40438924926238,81.66508189586955,107.47234093928367,92.05475226368493,32.8141034063984,7.892285070617761,8.694481209208389,8.522173610352906,2.9935462790893435,2.2049601786192596
2052-12-01,27.743625292037603,62.40438924926238,81.66508189586955,107.47234093928367,92.05475226368493,32.8141034063984,7.892285070617761,8.694481209208389,8.522173610352906,2.9935462790893435,2.2049601786192596,28.910390191813427
2053-01-01,14.54842374432717,81.66508189586953,108.0024216895261,121.13480986819738,32.8141034063984,11.01133230724299,8.694481209208389,8.538796388685611,2.9799396446373216,2.2049601786192596,28.910390191813427,52.29939857296222
2053-02-01,81.66508189586953,108.0024216895261,121.13480986819738,32.8141034063984,11.01133230724299,8.694481209208389,8.538796388685611,2.9799396446373216,2.2049601786192596,28.910390191813427,52.29939857296222,186.30697799956138
2053-03-01,107.69951840367328,104.51763409419027,32.8141034063984,9.229019600600001,8.694481209208389,8.52929765820978,2.9877148643241913,2.2049601786192596,28.910390191813427,52.29939857296222,186.30697799956138,105.85789458868734
2053-04-01,92.05475226368493,32.8141034063984,7.892285070617761,8.694481209208389,8.522173610352906,2.9935462790893435,2.2049601786192596,28.910390191813427,52.29939857296222,186.30697799956138,105.85789458868734,135.44798781677525
2053-05-01,32.8141034063984,7.892285070617761,8.694481209208389,8.522173610352906,2.9935462790893435,2.2049601786192596,28.910390191813427,52.29939857296222,186.30697799956138,105.85789458868734,135.44798781677525,109.00760486532846
2053-06-01,7.892285070617761,8.694481209208389,8.522173610352906,2.9935462790893435,2.2049601786192596,28.910390191813427,52.29939857296222,186.30697799956138,105.85789458868734,135.44798781677525,109.00760486532846,77.43754800576227
2053-07-01,8.694481209208389,8.522173610352906,2.9935462790893435,2.2049601786192596,28.910390191813427,52.29939857296222,186.30697799956138,105.85789458868734,135.44798781677525,109.00760486532846,77.43754800576227,31.32750895009564
2053-08-01,8.522173610352906,2.9935462790893435,2.2049601786192596,28.910390191813427,52.29939857296222,186.30697799956138,105.85789458868734,135.44798781677525,109.00760486532846,77.43754800576227,31.32750895009564,12.657173422493315
2053-09-01,2.9935462790893435,2.2049601786192596,28.910390191813427,52.29939857296222,186.30697799956138,105.85789458868734,135.44798781677525,109.00760486532846,77.43754800576227,31.32750895009564,12.657173422493315,8.961825551050344
2053-10-01,2.2049601786192596,28.910390191813427,52.29939857296222,186.30697799956138,105.85789458868734,135.44798781677525,109.00760486532846,77.43754800576227,31.32750895009564,12.657173422493315,8.961825551050344,2.997054030154393
2053-11-01,28.910390191813427,52.29939857296222,186.30697799956138,105.85789458868734,135.44798781677525,109.00760486532846,77.43754800576227,31.32750895009564,12.657173422493315,8.961825551050344,2.997054030154393,1.7299596735585236
2053-12-01,52.29939857296222,186.30697799956138,105.85789458868734,135.44798781677525,109.00760486532846,77.43754800576227,31.32750895009564,12.657173422493315,8.961825551050344,2.997054030154393,1.7299596735585236,32.13024383754703
2054-01-01,572.1100731206726,190.53273901354964,233.89283263823827,197.42264657559318,233.6196041035358,116.46983976489346,26.52659616899055,10.517230121824085,2.995724524430044,1.7299596735585236,32.13024383754703,27.021186311785076
2054-02-01,190.53273901354964,233.89283263823827,197.42264657559318,233.6196041035358,116.46983976489346,26.52659616899055,10.517230121824085,2.995724524430044,1.7299596735585236,32.13024383754703,27.021186311785076,64.78461005834843
2054-03-01,177.63863559740224,146.89976559829904,144.37271490480805,67.8170792992947,18.601211742420702,9.628427509953376,2.9964842419868143,1.7299596735585236,32.13024383754703,27.021186311785076,64.78461005834843,71.3008660302975
2054-04-01,109.00760486532846,77.43754800576227,31.32750895009564,12.657173422493315,8.961825551050344,2.997054030154393,1.7299596735585236,32.13024383754703,27.021186311785076,64.78461005834843,71.3008660302975,93.03616027795802
2054-05-01,77.43754800576227,31.32750895009564,12.657173422493315,8.961825551050344,2.997054030154393,1.7299596735585236,32.13024383754703,27.021186311785076,64.78461005834843,71.3008660302975,93.03616027795802,69.14734965791295
2054-06-01,31.32750895009564,12.657173422493315,8.961825551050344,2.997054030154393,1.7299596735585236,32.13024383754703,27.021186311785076,64.78461005834843,71.3008660302975,93.03616027795802,69.14734965791295,28.945875315310015
2054-07-01,12.657173422493315,8.961825551050344,2.997054030154393,1.7299596735585236,32.13024383754703,27.021186311785076,64.78461005834843,71.3008660302975,93.03616027795802,69.14734965791295,28.945875315310015,6.943268737985281
2054-08-01,8.961825551050344,2.997054030154393,1.7299596735585236,32.13024383754703,27.021186311785076,64.78461005834843,71.3008660302975,93.03616027795802,69.14734965791295,28.945875315310015,6.943268737985281,8.658021821882985
2054-09-01,2.997054030154393,1.7299596735585236,32.13024383754703,27.021186311785076,64.78461005834843,71.3008660302975,93.03616027795802,69.14734965791295,28.945875315310015,6.943268737985281,8.658021821882985,8.517424245114992
2054-10-01,1.7299596735585236,32.13024383754703,27.021186311785076,64.78461005834843,71.3008660302975,93.03616027795802,69.14734965791295,28.945875315310015,6.943268737985281,8.658021821882985,8.517424245114992,3.1812343203596467
2054-11-01,32.13024383754703,27.021186311785076,64.78461005834843,71.3008660302975,93.03616027795802,69.14734965791295,28.945875315310015,6.943268737985281,8.658021821882985,8.517424245114992,3.1812343203596467,1.7485010604215088
2054-12-01,27.021186311785076,64.78461005834843,71.3008660302975,93.03616027795802,69.14734965791295,28.945875315310015,6.943268737985281,8.658021821882985,8.517424245114992,3.1812343203596467,1.7485010604215088,22.297960525660518
2055-01-01,25.259417385214405,35.02611050079535,43.03960871356067,18.051498142223462,15.407076996500654,6.740758810396828,8.530413966244065,8.51742424511499,3.824535830353685,1.7485010604215088,22.297960525660518,30.982305172964757
2055-02-01,35.02611050079535,43.03960871356067,18.051498142223462,15.407076996500654,6.740758810396828,8.530413966244065,8.51742424511499,3.824535830353685,1.7485010604215088,22.297960525660518,30.982305172964757,76.07752225067243
2055-03-01,71.60906675035915,47.24912757976031,23.14353317867743,6.856478769018802,8.603332740894876,8.51742424511499,3.4569349674999486,1.7485010604215088,22.297960525660518,30.982305172964757,76.07752225067243,79.52875233330118
2055-04-01,69.14734965791295,28.945875315310015,6.943268737985281,8.658021821882985,8.517424245114992,3.1812343203596467,1.7485010604215088,22.297960525660518,30.982305172964757,76.07752225067243,79.52875233330118,118.70354156923104
2055-05-01,28.945875315310015,6.943268737985281,8.658021821882985,8.517424245114992,3.1812343203596467,1.7485010604215088,22.297960525660518,30.982305172964757,76.07752225067243,79.52875233330118,118.70354156923104,89.13229517034699
2055-06-01,6.943268737985281,8.658021821882985,8.517424245114992,3.1812343203596467,1.7485010604215088,22.297960525660518,30.982305172964757,76.07752225067243,79.52875233330118,118.70354156923104,89.13229517034699,38.715271592659136
2055-07-01,8.658021821882985,8.517424245114992,3.1812343203596467,1.7485010604215088,22.297960525660518,30.982305172964757,76.07752225067243,79.52875233330118,118.70354156923104,89.13229517034699,38.715271592659136,8.278714097568841
2055-08-01,8.517424245114992,3.1812343203596467,1.7485010604215088,22.297960525660518,30.982305172964757,76.07752225067243,79.52875233330118,118.70354156923104,89.13229517034699,38.715271592659136,8.278714097568841,8.770733958345781
2055-09-01,3.1812343203596467,1.7485010604215088,22.297960525660518,30.982305172964757,76.07752225067243,79.52875233330118,118.70354156923104,89.13229517034699,38.715271592659136,8.278714097568841,8.770733958345781,9.035364879652388
2055-10-01,1.7485010604215088,22.297960525660518,30.982305172964757,76.07752225067243,79.52875233330118,118.70354156923104,89.13229517034699,38.715271592659136,8.278714097568841,8.770733958345781,9.035364879652388,7.250015162586735
2055-11-01,22.297960525660518,30.982305172964757,76.07752225067243,79.52875233330118,118.70354156923104,89.13229517034699,38.715271592659136,8.278714097568841,8.770733958345781,9.035364879652388,7.250015162586735,1.7552972017999868
2055-12-01,30.982305172964757,76.07752225067243,79.52875233330118,118.70354156923104,89.13229517034699,38.715271592659136,8.278714097568841,8.770733958345781,9.035364879652388,7.250015162586735,1.7552972017999868,19.79314745200837
2056-01-01,76.07752225067243,72.05159886431196,158.54282452428924,107.98375294817664,59.369360244571695,12.750262928522847,9.037618580326656,10.84815710053328,22.134049620375574,1.7552972017999868,19.79314745200837,30.01347111954694
2056-02-01,72.05159886431196,158.54282452428924,107.98375294817664,59.369360244571695,12.750262928522847,9.037618580326656,10.84815710053328,22.134049620375574,1.7552972017999868,19.79314745200837,30.01347111954694,63.120324857909466
2056-03-01,135.7775199785417,97.21149136084541,47.56702387205023,10.1950921679777,8.88511308205187,9.812275831458484,13.628887073067666,1.7552972017999868,19.79314745200837,30.01347111954694,63.120324857909466,69.12328197592379
2056-04-01,89.13229517034699,38.715271592659136,8.278714097568841,8.770733958345781,9.035364879652388,7.250015162586735,1.7552972017999868,19.79314745200837,30.01347111954694,63.120324857909466,69.12328197592379,88.12708877457368
2056-05-01,38.715271592659136,8.278714097568841,8.770733958345781,9.035364879652388,7.250015162586735,1.7552972017999868,19.79314745200837,30.01347111954694,63.120324857909466,69.12328197592379,88.12708877457368,68.44915650846968
2056-06-01,8.278714097568841,8.770733958345781,9.035364879652388,7.250015162586735,1.7552972017999868,19.79314745200837,30.01347111954694,63.120324857909466,69.12328197592379,88.12708877457368,68.44915650846968,30.082107507148358
2056-07-01,8.770733958345781,9.035364879652388,7.250015162586735,1.7552972017999868,19.79314745200837,30.01347111954694,63.120324857909466,69.12328197592379,88.12708877457368,68.44915650846968,30.082107507148358,6.411325662348781
2056-08-01,9.035364879652388,7.250015162586735,1.7552972017999868,19.79314745200837,30.01347111954694,63.120324857909466,69.12328197592379,88.12708877457368,68.44915650846968,30.082107507148358,6.411325662348781,9.011314284924264
2056-09-01,7.250015162586735,1.7552972017999868,19.79314745200837,30.01347111954694,63.120324857909466,69.12328197592379,88.12708877457368,68.44915650846968,30.082107507148358,6.411325662348781,9.011314284924264,8.479183722335065
2056-10-01,1.7552972017999868,19.79314745200837,30.01347111954694,63.120324857909466,69.12328197592379,88.12708877457368,68.44915650846968,30.082107507148358,6.411325662348781,9.011314284924264,8.479183722335065,3.0226004855748165
2056-11-01,19.79314745200837,30.01347111954694,63.120324857909466,69.12328197592379,88.12708877457368,68.44915650846968,30.082107507148358,6.411325662348781,9.011314284924264,8.479183722335065,3.0226004855748165,2.2766436599505777
2056-12-01,30.01347111954694,63.120324857909466,69.12328197592379,88.12708877457368,68.44915650846968,30.082107507148358,6.411325662348781,9.011314284924264,8.479183722335065,3.0226004855748165,2.2766436599505777,16.67573807631546
2057-01-01,17.770133983239084,25.226982256113665,20.94878694833114,14.90962896972875,20.520121859773184,4.347014970032579,10.120230049929823,8.345341892605324,3.110683573821949,2.2766436599505777,16.67573807631546,26.264083655753552
2057-02-01,25.226982256113665,20.94878694833114,14.90962896972875,20.520121859773184,4.347014970032579,10.120230049929823,8.345341892605324,3.110683573821949,2.2766436599505777,16.67573807631546,26.264083655753552,75.49408546455659
2057-03-01,59.336387991898306,45.503644706152144,25.98411365827328,5.526621079927551,9.486563898498076,8.421822938165175,3.060350380537873,2.2766436599505777,16.67573807631546,26.264083655753552,75.49408546455659,77.37386767498452
2057-04-01,68.44915650846968,30.082107507148358,6.411325662348781,9.011314284924264,8.479183722335065,3.0226004855748165,2.2766436599505777,16.67573807631546,26.264083655753552,75.49408546455659,77.37386767498452,116.90082706723011
2057-05-01,30.082107507148358,6.411325662348781,9.011314284924264,8.479183722335065,3.0226004855748165,2.2766436599505777,16.67573807631546,26.264083655753552,75.49408546455659,77.37386767498452,116.90082706723011,114.5944037640511
2057-06-01,6.411325662348781,9.011314284924264,8.479183722335065,3.0226004855748165,2.2766436599505777,16.67573807631546,26.264083655753552,75.49408546455659,77.37386767498452,116.90082706723011,114.5944037640511,41.21287943399738
2057-07-01,9.011314284924264,8.479183722335065,3.0226004855748165,2.2766436599505777,16.67573807631546,26.264083655753552,75.49408546455659,77.37386767498452,116.90082706723011,114.5944037640511,41.21287943399738,7.767392746159997
2057-08-01,8.479183722335065,3.0226004855748165,2.2766436599505777,16.67573807631546,26.264083655753552,75.49408546455659,77.37386767498452,116.90082706723011,114.5944037640511,41.21287943399738,7.767392746159997,8.75209028902373
2057-09-01,3.0226004855748165,2.2766436599505777,16.67573807631546,26.264083655753552,75.49408546455659,77.37386767498452,116.90082706723011,114.5944037640511,41.21287943399738,7.767392746159997,8.75209028902373,8.49929559007921
2057-10-01,2.2766436599505777,16.67573807631546,26.264083655753552,75.49408546455659,77.37386767498452,116.90082706723011,114.5944037640511,41.21287943399738,7.767392746159997,8.75209028902373,8.49929559007921,2.9944751651703534
2057-11-01,16.67573807631546,26.264083655753552,75.49408546455659,77.37386767498452,116.90082706723011,114.5944037640511,41.21287943399738,7.767392746159997,8.75209028902373,8.49929559007921,2.9944751651703534,1.83115983602267
2057-12-01,26.264083655753552,75.49408546455659,77.37386767498452,116.90082706723011,114.5944037640511,41.21287943399738,7.767392746159997,8.75209028902373,8.49929559007921,2.9944751651703534,1.83115983602267,20.00330426776664
2058-01-01,73.45205671315114,62.354617901886975,150.43060926528509,222.56324161984512,70.60859553059379,10.449316847183052,8.95372206837742,8.435845297453977,2.9841196320018653,1.83115983602267,20.00330426776664,30.306849911552497
2058-02-01,62.354617901886975,150.43060926528509,222.56324161984512,70.60859553059379,10.449316847183052,8.95372206837742,8.435845297453977,2.9841196320018653,1.83115983602267,20.00330426776664,30.306849911552497,91.5314737978269
2058-03-01,131.27073372353937,160.86676284510568,53.81104347539584,8.916788789455591,8.838503908746741,8.472102607525539,2.990037079526715,1.83115983602267,20.00330426776664,30.306849911552497,91.5314737978269,126.65554127790085
2058-04-01,114.5944037640511,41.21287943399738,7.767392746159997,8.75209028902373,8.49929559007921,2.9944751651703534,1.83115983602267,20.00330426776664,30.306849911552497,91.5314737978269,126.65554127790085,115.87173692741017
2058-05-01,41.21287943399738,7.767392746159997,8.75209028902373,8.49929559007921,2.9944751651703534,1.83115983602267,20.00330426776664,30.306849911552497,91.5314737978269,126.65554127790085,115.87173692741017,83.49133504126104
2058-06-01,7.767392746159997,8.75209028902373,8.49929559007921,2.9944751651703534,1.83115983602267,20.00330426776664,30.306849911552497,91.5314737978269,126.65554127790085,115.87173692741017,83.49133504126104,34.01901401829015
2058-07-01,8.75209028902373,8.49929559007921,2.9944751651703534,1.83115983602267,20.00330426776664,30.306849911552497,91.5314737978269,126.65554127790085,115.87173692741017,83.49133504126104,34.01901401829015,7.419740910910196
2058-08-01,8.49929559007921,2.9944751651703534,1.83115983602267,20.00330426776664,30.306849911552497,91.5314737978269,126.65554127790085,115.87173692741017,83.49133504126104,34.01901401829015,7.419740910910196,8.686630878125582
2058-09-01,2.9944751651703534,1.83115983602267,20.00330426776664,30.306849911552497,91.5314737978269,126.65554127790085,115.87173692741017,83.49133504126104,34.01901401829015,7.419740910910196,8.686630878125582,8.53982588287658
2058-10-01,1.83115983602267,20.00330426776664,30.306849911552497,91.5314737978269,126.65554127790085,115.87173692741017,83.49133504126104,34.01901401829015,7.419740910910196,8.686630878125582,8.53982588287658,2.9931861326937064
2058-11-01,20.00330426776664,30.306849911552497,91.5314737978269,126.65554127790085,115.87173692741017,83.49133504126104,34.01901401829015,7.419740910910196,8.686630878125582,8.53982588287658,2.9931861326937064,2.8670270528814257
2058-12-01,30.306849911552497,91.5314737978269,126.65554127790085,115.87173692741017,83.49133504126104,34.01901401829015,7.419740910910196,8.686630878125582,8.53982588287658,2.9931861326937064,2.8670270528814257,27.780893365597088
2059-01-01,145.62030421286755,284.1221491150105,145.79970363609536,82.59943236728986,38.23620115991124,8.88488358855895,8.659154719335755,8.618231615042141,2.978318985856955,2.8670270528814257,27.780893365597088,34.295828455102665
2059-02-01,284.1221491150105,145.79970363609536,82.59943236728986,38.23620115991124,8.88488358855895,8.659154719335755,8.618231615042141,2.978318985856955,2.8670270528814257,27.780893365597088,34.295828455102665,85.52172831699917
2059-03-01,128.69800837398952,83.10909103813054,35.82637993612776,8.04765920133109,8.67485538150137,8.573428339518962,2.9868144983350984,2.8670270528814257,27.780893365597088,34.295828455102665,85.52172831699917,74.59727080348874
2059-04-01,83.49133504126104,34.01901401829015,7.419740910910196,8.686630878125582,8.53982588287658,2.9931861326937064,2.8670270528814257,27.780893365597088,34.295828455102665,85.52172831699917,74.59727080348874,105.47178036180043
2059-05-01,34.01901401829015,7.419740910910196,8.686630878125582,8.53982588287658,2.9931861326937064,2.8670270528814257,27.780893365597088,34.295828455102665,85.52172831699917,74.59727080348874,105.47178036180043,75.96000894463164
2059-06-01,7.419740910910196,8.686630878125582,8.53982588287658,2.9931861326937064,2.8670270528814257,27.780893365597088,34.295828455102665,85.52172831699917,74.59727080348874,105.47178036180043,75.96000894463164,29.09223135023759
2059-07-01,8.686630878125582,8.53982588287658,2.9931861326937064,2.8670270528814257,27.780893365597088,34.295828455102665,85.52172831699917,74.59727080348874,105.47178036180043,75.96000894463164,29.09223135023759,6.625993532961138
2059-08-01,8.53982588287658,2.9931861326937064,2.8670270528814257,27.780893365597088,34.295828455102665,85.52172831699917,74.59727080348874,105.47178036180043,75.96000894463164,29.09223135023759,6.625993532961138,8.584006051856198
2059-09-01,2.9931861326937064,2.8670270528814257,27.780893365597088,34.295828455102665,85.52172831699917,74.59727080348874,105.47178036180043,75.96000894463164,29.09223135023759,6.625993532961138,8.584006051856198,8.48961744879342
2059-10-01,2.8670270528814257,27.780893365597088,34.295828455102665,85.52172831699917,74.59727080348874,105.47178036180043,75.96000894463164,29.09223135023759,6.625993532961138,8.584006051856198,8.48961744879342,3.0049383983621545
2059-11-01,27.780893365597088,34.295828455102665,85.52172831699917,74.59727080348874,105.47178036180043,75.96000894463164,29.09223135023759,6.625993532961138,8.584006051856198,8.48961744879342,3.0049383983621545,1.7285084770729415
2059-12-01,34.295828455102665,85.52172831699917,74.59727080348874,105.47178036180043,75.96000894463164,29.09223135023759,6.625993532961138,8.584006051856198,8.48961744879342,3.0049383983621545,1.7285084770729415,16.618470904085495
2060-01-01,118.5764495491428,49.85993198015593,98.99989909085154,48.70846493245758,16.065679153674733,5.313020387788185,8.197343001123526,8.39229366166792,3.0312041813649704,1.7285084770729415,16.618470904085495,25.191653374405895
2060-02-01,49.85993198015593,98.99989909085154,48.70846493245758,16.065679153674733,5.313020387788185,8.197343001123526,8.39229366166792,3.0312041813649704,1.7285084770729415,16.618470904085495,25.191653374405895,79.9066399655483
2060-03-01,102.69811695996519,64.28077579655704,23.509423265996364,6.063290756458444,8.41829331582791,8.447907254311062,3.016195162506218,1.7285084770729415,16.618470904085495,25.191653374405895,79.9066399655483,123.46227996379427
2060-04-01,75.96000894463164,29.09223135023759,6.625993532961138,8.584006051856198,8.48961744879342,3.0049383983621545,1.7285084770729415,16.618470904085495,25.191653374405895,79.9066399655483,123.46227996379427,157.01100230259743
2060-05-01,29.09223135023759,6.625993532961138,8.584006051856198,8.48961744879342,3.0049383983621545,1.7285084770729415,16.618470904085495,25.191653374405895,79.9066399655483,123.46227996379427,157.01100230259743,108.23901462360166
2060-06-01,6.625993532961138,8.584006051856198,8.48961744879342,3.0049383983621545,1.7285084770729415,16.618470904085495,25.191653374405895,79.9066399655483,123.46227996379427,157.01100230259743,108.23901462360166,66.5993929533281
2060-07-01,8.584006051856198,8.48961744879342,3.0049383983621545,1.7285084770729415,16.618470904085495,25.191653374405895,79.9066399655483,123.46227996379427,157.01100230259743,108.23901462360166,66.5993929533281,27.644550760125558
2060-08-01,8.48961744879342,3.0049383983621545,1.7285084770729415,16.618470904085495,25.191653374405895,79.9066399655483,123.46227996379427,157.01100230259743,108.23901462360166,66.5993929533281,27.644550760125558,10.805594177585782
2060-09-01,3.0049383983621545,1.7285084770729415,16.618470904085495,25.191653374405895,79.9066399655483,123.46227996379427,157.01100230259743,108.23901462360166,66.5993929533281,27.644550760125558,10.805594177585782,8.579267911817634
2060-10-01,1.7285084770729415,16.618470904085495,25.191653374405895,79.9066399655483,123.46227996379427,157.01100230259743,108.23901462360166,66.5993929533281,27.644550760125558,10.805594177585782,8.579267911817634,2.998287864532009
2060-11-01,16.618470904085495,25.191653374405895,79.9066399655483,123.46227996379427,157.01100230259743,108.23901462360166,66.5993929533281,27.644550760125558,10.805594177585782,8.579267911817634,2.998287864532009,1.7307194675274773
2060-12-01,25.191653374405895,79.9066399655483,123.46227996379427,157.01100230259743,108.23901462360166,66.5993929533281,27.644550760125558,10.805594177585782,8.579267911817634,2.998287864532009,1.7307194675274773,16.595733370347286
2061-01-01,93.30855196761377,269.75247320153085,330.9263978244381,193.96399048782268,184.84790636758206,99.89652791002808,18.194489566906654,8.795720745276887,3.001276779129317,1.7307194675274773,16.595733370347286,48.61513684670747
2061-02-01,269.75247320153085,330.9263978244381,193.96399048782268,184.84790636758206,99.89652791002808,18.194489566906654,8.795720745276887,3.001276779129317,1.7307194675274773,16.595733370347286,48.61513684670747,65.16040089706448
2061-03-01,231.54617181195772,144.97828999398212,117.27732727372265,58.6096838243695,13.972263630151868,8.672033411871599,2.999568827930855,1.7307194675274773,16.595733370347286,48.61513684670747,65.16040089706448,67.36527864294544
2061-04-01,108.23901462360166,66.5993929533281,27.644550760125558,10.805594177585782,8.579267911817634,2.998287864532009,1.7307194675274773,16.595733370347286,48.61513684670747,65.16040089706448,67.36527864294544,105.58859704237815
2061-05-01,66.5993929533281,27.644550760125558,10.805594177585782,8.579267911817634,2.998287864532009,1.7307194675274773,16.595733370347286,48.61513684670747,65.16040089706448,67.36527864294544,105.58859704237815,73.1958277891911
2061-06-01,27.644550760125558,10.805594177585782,8.579267911817634,2.998287864532009,1.7307194675274773,16.595733370347286,48.61513684670747,65.16040089706448,67.36527864294544,105.58859704237815,73.1958277891911,27.352068016499523
2061-07-01,10.805594177585782,8.579267911817634,2.998287864532009,1.7307194675274773,16.595733370347286,48.61513684670747,65.16040089706448,67.36527864294544,105.58859704237815,73.1958277891911,27.352068016499523,6.447406619749743
2061-08-01,8.579267911817634,2.998287864532009,1.7307194675274773,16.595733370347286,48.61513684670747,65.16040089706448,67.36527864294544,105.58859704237815,73.1958277891911,27.352068016499523,6.447406619749743,8.517324267961861
2061-09-01,2.998287864532009,1.7307194675274773,16.595733370347286,48.61513684670747,65.16040089706448,67.36527864294544,105.58859704237815,73.1958277891911,27.352068016499523,6.447406619749743,8.517324267961861,12.11829512241095
2061-10-01,1.7307194675274773,16.595733370347286,48.61513684670747,65.16040089706448,67.36527864294544,105.58859704237815,73.1958277891911,27.352068016499523,6.447406619749743,8.517324267961861,12.11829512241095,2.992202476494143
2061-11-01,16.595733370347286,48.61513684670747,65.16040089706448,67.36527864294544,105.58859704237815,73.1958277891911,27.352068016499523,6.447406619749743,8.517324267961861,12.11829512241095,2.992202476494143,1.8268163231529146
2061-12-01,48.61513684670747,65.16040089706448,67.36527864294544,105.58859704237815,73.1958277891911,27.352068016499523,6.447406619749743,8.517324267961861,12.11829512241095,2.992202476494143,1.8268163231529146,23.385096197188236
2062-01-01,26.9504761594366,17.315967257711048,99.52557415345127,36.269649732975104,8.234944151853432,4.509379278336909,7.897274973599018,24.721343192946808,2.973892532958919,1.8268163231529146,23.385096197188236,29.022564983271206
2062-02-01,17.315967257711048,99.52557415345127,36.269649732975104,8.234944151853432,4.509379278336909,7.897274973599018,24.721343192946808,2.973892532958919,1.8268163231529146,23.385096197188236,29.022564983271206,69.5848138196391
2062-03-01,102.99015866140948,57.37032290795567,19.159014931651196,5.616823473429957,8.251588856092072,17.51960143835489,2.98435535783619,1.8268163231529146,23.385096197188236,29.022564983271206,69.5848138196391,72.9230155621008
2062-04-01,73.1958277891911,27.352068016499523,6.447406619749743,8.517324267961861,12.11829512241095,2.992202476494143,1.8268163231529146,23.385096197188236,29.022564983271206,69.5848138196391,72.9230155621008,103.52577296422623
2062-05-01,27.352068016499523,6.447406619749743,8.517324267961861,12.11829512241095,2.992202476494143,1.8268163231529146,23.385096197188236,29.022564983271206,69.5848138196391,72.9230155621008,103.52577296422623,72.14188799870992
2062-06-01,6.447406619749743,8.517324267961861,12.11829512241095,2.992202476494143,1.8268163231529146,23.385096197188236,29.022564983271206,69.5848138196391,72.9230155621008,103.52577296422623,72.14188799870992,28.897270309031068
2062-07-01,8.517324267961861,12.11829512241095,2.992202476494143,1.8268163231529146,23.385096197188236,29.022564983271206,69.5848138196391,72.9230155621008,103.52577296422623,72.14188799870992,28.897270309031068,6.519191209708731
2062-08-01,12.11829512241095,2.992202476494143,1.8268163231529146,23.385096197188236,29.022564983271206,69.5848138196391,72.9230155621008,103.52577296422623,72.14188799870992,28.897270309031068,6.519191209708731,8.54613211329837
2062-09-01,2.992202476494143,1.8268163231529146,23.385096197188236,29.022564983271206,69.5848138196391,72.9230155621008,103.52577296422623,72.14188799870992,28.897270309031068,6.519191209708731,8.54613211329837,8.483917094029636
2062-10-01,1.8268163231529146,23.385096197188236,29.022564983271206,69.5848138196391,72.9230155621008,103.52577296422623,72.14188799870992,28.897270309031068,6.519191209708731,8.54613211329837,8.483917094029636,2.9909451923745745
2062-11-01,23.385096197188236,29.022564983271206,69.5848138196391,72.9230155621008,103.52577296422623,72.14188799870992,28.897270309031068,6.519191209708731,8.54613211329837,8.483917094029636,2.9909451923745745,1.7286157342504236
2062-12-01,29.022564983271206,69.5848138196391,72.9230155621008,103.52577296422623,72.14188799870992,28.897270309031068,6.519191209708731,8.54613211329837,8.483917094029636,2.9909451923745745,1.7286157342504236,18.57304655295407
2063-01-01,46.86033431102241,42.32578339391021,90.24286580176765,31.526920675809798,15.188354468245382,4.832409933152354,8.026910277613299,8.366642065230891,2.968234754420861,1.7286157342504236,18.57304655295407,26.37566218232363
2063-02-01,42.32578339391021,90.24286580176765,31.526920675809798,15.188354468245382,4.832409933152354,8.026910277613299,8.366642065230891,2.968234754420861,1.7286157342504236,18.57304655295407,26.37566218232363,76.78917407531804
2063-03-01,97.8330984660297,54.73547343175272,23.022020662980058,5.796284948327426,8.323608469433339,8.433656367401602,2.981212147537269,1.7286157342504236,18.57304655295407,26.37566218232363,76.78917407531804,83.69167816027277
2063-04-01,72.14188799870992,28.897270309031068,6.519191209708731,8.54613211329837,8.483917094029636,2.9909451923745745,1.7286157342504236,18.57304655295407,26.37566218232363,76.78917407531804,83.69167816027277,105.02631518918332
2063-05-01,28.897270309031068,6.519191209708731,8.54613211329837,8.483917094029636,2.9909451923745745,1.7286157342504236,18.57304655295407,26.37566218232363,76.78917407531804,83.69167816027277,105.02631518918332,79.97813498592046
2063-06-01,6.519191209708731,8.54613211329837,8.483917094029636,2.9909451923745745,1.7286157342504236,18.57304655295407,26.37566218232363,76.78917407531804,83.69167816027277,105.02631518918332,79.97813498592046,29.83939512823212
2063-07-01,8.54613211329837,8.483917094029636,2.9909451923745745,1.7286157342504236,18.57304655295407,26.37566218232363,76.78917407531804,83.69167816027277,105.02631518918332,79.97813498592046,29.83939512823212,6.913097835430642
2063-08-01,8.483917094029636,2.9909451923745745,1.7286157342504236,18.57304655295407,26.37566218232363,76.78917407531804,83.69167816027277,105.02631518918332,79.97813498592046,29.83939512823212,6.913097835430642,8.624087484667116
2063-09-01,2.9909451923745745,1.7286157342504236,18.57304655295407,26.37566218232363,76.78917407531804,83.69167816027277,105.02631518918332,79.97813498592046,29.83939512823212,6.913097835430642,8.624087484667116,8.519536743075486
2063-10-01,1.7286157342504236,18.57304655295407,26.37566218232363,76.78917407531804,83.69167816027277,105.02631518918332,79.97813498592046,29.83939512823212,6.913097835430642,8.624087484667116,8.519536743075486,2.992633973611405
2063-11-01,18.57304655295407,26.37566218232363,76.78917407531804,83.69167816027277,105.02631518918332,79.97813498592046,29.83939512823212,6.913097835430642,8.624087484667116,8.519536743075486,2.992633973611405,1.7558605324395788
2063-12-01,26.37566218232363,76.78917407531804,83.69167816027277,105.02631518918332,79.97813498592046,29.83939512823212,6.913097835430642,8.624087484667116,8.519536743075486,2.992633973611405,1.7558605324395788,35.41431815646062
2064-01-01,79.27995546157766,90.78476508568407,96.99530581407457,66.79003211825726,19.427916154650113,6.6049897489009535,8.377709448772663,8.526930485937221,2.9758342699865983,1.7558605324395788,35.41431815646062,47.672960071004084
2064-02-01,90.78476508568407,96.99530581407457,66.79003211825726,19.427916154650113,6.6049897489009535,8.377709448772663,8.526930485937221,2.9758342699865983,1.7558605324395788,35.41431815646062,47.672960071004084,126.02417406449811
2064-03-01,101.58445402842243,74.32609089977909,25.377332710982685,6.781051512632204,8.518496897855208,8.522705490016229,2.9854341006293446,1.7558605324395788,35.41431815646062,47.672960071004084,126.02417406449811,107.31423282065964
2064-04-01,79.97813498592046,29.83939512823212,6.913097835430642,8.624087484667116,8.519536743075486,2.992633973611405,1.7558605324395788,35.41431815646062,47.672960071004084,126.02417406449811,107.31423282065964,157.66715352644826
2064-05-01,29.83939512823212,6.913097835430642,8.624087484667116,8.519536743075486,2.992633973611405,1.7558605324395788,35.41431815646062,47.672960071004084,126.02417406449811,107.31423282065964,157.66715352644826,102.35888923070723
2064-06-01,6.913097835430642,8.624087484667116,8.519536743075486,2.992633973611405,1.7558605324395788,35.41431815646062,47.672960071004084,126.02417406449811,107.31423282065964,157.66715352644826,102.35888923070723,54.708651997991794
2064-07-01,8.624087484667116,8.519536743075486,2.992633973611405,1.7558605324395788,35.41431815646062,47.672960071004084,126.02417406449811,107.31423282065964,157.66715352644826,102.35888923070723,54.708651997991794,23.97924803459409
2064-08-01,8.519536743075486,2.992633973611405,1.7558605324395788,35.41431815646062,47.672960071004084,126.02417406449811,107.31423282065964,157.66715352644826,102.35888923070723,54.708651997991794,23.97924803459409,13.546538010069693
2064-09-01,2.992633973611405,1.7558605324395788,35.41431815646062,47.672960071004084,126.02417406449811,107.31423282065964,157.66715352644826,102.35888923070723,54.708651997991794,23.97924803459409,13.546538010069693,10.457846282676245
2064-10-01,1.7558605324395788,35.41431815646062,47.672960071004084,126.02417406449811,107.31423282065964,157.66715352644826,102.35888923070723,54.708651997991794,23.97924803459409,13.546538010069693,10.457846282676245,3.0028690176394024
2064-11-01,35.41431815646062,47.672960071004084,126.02417406449811,107.31423282065964,157.66715352644826,102.35888923070723,54.708651997991794,23.97924803459409,13.546538010069693,10.457846282676245,3.0028690176394024,3.3094577001380605
2064-12-01,47.672960071004084,126.02417406449811,107.31423282065964,157.66715352644826,102.35888923070723,54.708651997991794,23.97924803459409,13.546538010069693,10.457846282676245,3.0028690176394024,3.3094577001380605,23.02714072084894
2065-01-01,300.83745541288795,197.086261057425,333.8790783317668,167.50342621979766,131.33957206856863,83.40266564513647,30.528736813084254,17.249323414140637,3.0218919681125866,3.3094577001380605,23.02714072084894,31.209458080206883
2065-02-01,197.086261057425,333.8790783317668,167.50342621979766,131.33957206856863,83.40266564513647,30.528736813084254,17.249323414140637,3.0218919681125866,3.3094577001380605,23.02714072084894,31.209458080206883,68.18135110146218
2065-03-01,233.18654987158476,130.27797651174598,87.55047488538186,49.44642701054082,20.824623211361647,13.368479339018126,3.011021710699338,3.3094577001380605,23.02714072084894,31.209458080206883,68.18135110146218,135.23997004180856
2065-04-01,102.35888923070723,54.708651997991794,23.97924803459409,13.546538010069693,10.457846282676245,3.0028690176394024,3.3094577001380605,23.02714072084894,31.209458080206883,68.18135110146218,135.23997004180856,104.8733769136031
2065-05-01,54.708651997991794,23.97924803459409,13.546538010069693,10.457846282676245,3.0028690176394024,3.3094577001380605,23.02714072084894,31.209458080206883,68.18135110146218,135.23997004180856,104.8733769136031,79.95048389206704
2065-06-01,23.97924803459409,13.546538010069693,10.457846282676245,3.0028690176394024,3.3094577001380605,23.02714072084894,31.209458080206883,68.18135110146218,135.23997004180856,104.8733769136031,79.95048389206704,33.33772907754303
2065-07-01,13.546538010069693,10.457846282676245,3.0028690176394024,3.3094577001380605,23.02714072084894,31.209458080206883,68.18135110146218,135.23997004180856,104.8733769136031,79.95048389206704,33.33772907754303,7.001128717296266
2065-08-01,10.457846282676245,3.0028690176394024,3.3094577001380605,23.02714072084894,31.209458080206883,68.18135110146218,135.23997004180856,104.8733769136031,79.95048389206704,33.33772907754303,7.001128717296266,8.555372068118222
2065-09-01,3.0028690176394024,3.3094577001380605,23.02714072084894,31.209458080206883,68.18135110146218,135.23997004180856,104.8733769136031,79.95048389206704,33.33772907754303,7.001128717296266,8.555372068118222,8.488255808900599
2065-10-01,3.3094577001380605,23.02714072084894,31.209458080206883,68.18135110146218,135.23997004180856,104.8733769136031,79.95048389206704,33.33772907754303,7.001128717296266,8.555372068118222,8.488255808900599,2.99172177528676
2065-11-01,23.02714072084894,31.209458080206883,68.18135110146218,135.23997004180856,104.8733769136031,79.95048389206704,33.33772907754303,7.001128717296266,8.555372068118222,8.488255808900599,2.99172177528676,1.737665023098819
2065-12-01,31.209458080206883,68.18135110146218,135.23997004180856,104.8733769136031,79.95048389206704,33.33772907754303,7.001128717296266,8.555372068118222,8.488255808900599,2.99172177528676,1.737665023098819,16.56897531573358
2066-01-01,40.5447520792263,322.75207855259515,96.3070835739635,66.66560219591689,35.17041892654923,7.001128717296266,8.06849007430264,8.386166282150224,2.9717293775256954,1.737665023098819,16.56897531573358,27.347145228811023
2066-02-01,322.75207855259515,96.3070835739635,66.66560219591689,35.17041892654923,7.001128717296266,8.06849007430264,8.386166282150224,2.9717293775256954,1.737665023098819,16.56897531573358,27.347145228811023,61.579117155239004
2066-03-01,101.20210833947183,74.25696316514555,34.123167584259974,7.001128717296266,8.346708356482972,8.444503154579008,2.983153604817732,1.737665023098819,16.56897531573358,27.347145228811023,61.579117155239004,68.43126748011443
2066-04-01,79.95048389206704,33.33772907754303,7.001128717296266,8.555372068118222,8.488255808900599,2.99172177528676,1.737665023098819,16.56897531573358,27.347145228811023,61.579117155239004,68.43126748011443,87.91240619331444
2066-05-01,33.33772907754303,7.001128717296266,8.555372068118222,8.488255808900599,2.99172177528676,1.737665023098819,16.56897531573358,27.347145228811023,61.579117155239004,68.43126748011443,87.91240619331444,69.87300408300588
2066-06-01,7.001128717296266,8.555372068118222,8.488255808900599,2.99172177528676,1.737665023098819,16.56897531573358,27.347145228811023,61.579117155239004,68.43126748011443,87.91240619331444,69.87300408300588,28.592083192765582
2066-07-01,8.555372068118222,8.488255808900599,2.99172177528676,1.737665023098819,16.56897531573358,27.347145228811023,61.579117155239004,68.43126748011443,87.91240619331444,69.87300408300588,28.592083192765582,6.277989725542075
2066-08-01,8.488255808900599,2.99172177528676,1.737665023098819,16.56897531573358,27.347145228811023,61.579117155239004,68.43126748011443,87.91240619331444,69.87300408300588,28.592083192765582,6.277989725542075,9.003829798437266
2066-09-01,2.99172177528676,1.737665023098819,16.56897531573358,27.347145228811023,61.579117155239004,68.43126748011443,87.91240619331444,69.87300408300588,28.592083192765582,6.277989725542075,9.003829798437266,8.47788816150774
2066-10-01,1.737665023098819,16.56897531573358,27.347145228811023,61.579117155239004,68.43126748011443,87.91240619331444,69.87300408300588,28.592083192765582,6.277989725542075,9.003829798437266,8.47788816150774,2.9902409645609573
2066-11-01,16.56897531573358,27.347145228811023,61.579117155239004,68.43126748011443,87.91240619331444,69.87300408300588,28.592083192765582,6.277989725542075,9.003829798437266,8.47788816150774,2.9902409645609573,1.9068173519329323
2066-12-01,27.347145228811023,61.579117155239004,68.43126748011443,87.91240619331444,69.87300408300588,28.592083192765582,6.277989725542075,9.003829798437266,8.47788816150774,2.9902409645609573,1.9068173519329323,16.69303496588865
2067-01-01,10.834699321221983,22.112917024971516,19.982715332664544,21.31694305514167,13.815012445050698,3.7470032544024052,10.086549860738332,8.339511868882365,2.965065729259584,1.9068173519329323,16.69303496588865,30.656222065058138
2067-02-01,22.112917024971516,19.982715332664544,21.31694305514167,13.815012445050698,3.7470032544024052,10.086549860738332,8.339511868882365,2.965065729259584,1.9068173519329323,16.69303496588865,30.656222065058138,63.72667411513147
2067-03-01,58.79968153875019,49.06326364249265,22.259052872316346,5.193281237910788,9.46785268228058,8.418584036096865,2.979451578003226,1.9068173519329323,16.69303496588865,30.656222065058138,63.72667411513147,71.53395003928833
2067-04-01,69.87300408300588,28.592083192765582,6.277989725542075,9.003829798437266,8.47788816150774,2.9902409645609573,1.9068173519329323,16.69303496588865,30.656222065058138,63.72667411513147,71.53395003928833,94.27374685126048
2067-05-01,28.592083192765582,6.277989725542075,9.003829798437266,8.47788816150774,2.9902409645609573,1.9068173519329323,16.69303496588865,30.656222065058138,63.72667411513147,71.53395003928833,94.27374685126048,77.80361373439251
2067-06-01,6.277989725542075,9.003829798437266,8.47788816150774,2.9902409645609573,1.9068173519329323,16.69303496588865,30.656222065058138,63.72667411513147,71.53395003928833,94.27374685126048,77.80361373439251,35.09998027701226
2067-07-01,9.003829798437266,8.47788816150774,2.9902409645609573,1.9068173519329323,16.69303496588865,30.656222065058138,63.72667411513147,71.53395003928833,94.27374685126048,77.80361373439251,35.09998027701226,7.609578196756524
2067-08-01,8.47788816150774,2.9902409645609573,1.9068173519329323,16.69303496588865,30.656222065058138,63.72667411513147,71.53395003928833,94.27374685126048,77.80361373439251,35.09998027701226,7.609578196756524,8.728530749467524
2067-09-01,2.9902409645609573,1.9068173519329323,16.69303496588865,30.656222065058138,63.72667411513147,71.53395003928833,94.27374685126048,77.80361373439251,35.09998027701226,7.609578196756524,8.728530749467524,8.548549440201857
2067-10-01,1.9068173519329323,16.69303496588865,30.656222065058138,63.72667411513147,71.53395003928833,94.27374685126048,77.80361373439251,35.09998027701226,7.609578196756524,8.728530749467524,8.548549440201857,2.994526996969484
2067-11-01,16.69303496588865,30.656222065058138,63.72667411513147,71.53395003928833,94.27374685126048,77.80361373439251,35.09998027701226,7.609578196756524,8.728530749467524,8.548549440201857,2.994526996969484,3.1434900775488055
2067-12-01,30.656222065058138,63.72667411513147,71.53395003928833,94.27374685126048,77.80361373439251,35.09998027701226,7.609578196756524,8.728530749467524,8.548549440201857,2.994526996969484,3.1434900775488055,25.780455152715263
2068-01-01,20.498705640738084,36.07498854125407,48.608748293421776,57.00468648638151,43.10054932416073,9.739151374867424,8.847704140374493,8.657487623005883,2.984352875097953,3.1434900775488055,25.780455152715263,142.0696494635813
2068-02-01,36.07498854125407,48.608748293421776,57.00468648638151,43.10054932416073,9.739151374867424,8.847704140374493,8.657487623005883,2.984352875097953,3.1434900775488055,25.780455152715263,142.0696494635813,101.0856021426915
2068-03-01,74.70303318361532,68.88978777095923,38.52879558293303,8.522252415946909,8.779605059856225,8.595237232832153,2.990166659024542,3.1434900775488055,25.780455152715263,142.0696494635813,101.0856021426915,146.6408248420376
2068-04-01,77.80361373439251,35.09998027701226,7.609578196756524,8.728530749467524,8.548549440201857,2.994526996969484,3.1434900775488055,25.780455152715263,142.0696494635813,101.0856021426915,146.6408248420376,107.32088929635725
2068-05-01,35.09998027701226,7.609578196756524,8.728530749467524,8.548549440201857,2.994526996969484,3.1434900775488055,25.780455152715263,142.0696494635813,101.0856021426915,146.6408248420376,107.32088929635725,84.53668559845241
2068-06-01,7.609578196756524,8.728530749467524,8.548549440201857,2.994526996969484,3.1434900775488055,25.780455152715263,142.0696494635813,101.0856021426915,146.6408248420376,107.32088929635725,84.53668559845241,42.02008404869858
2068-07-01,8.728530749467524,8.548549440201857,2.994526996969484,3.1434900775488055,25.780455152715263,142.0696494635813,101.0856021426915,146.6408248420376,107.32088929635725,84.53668559845241,42.02008404869858,10.516014094959907
2068-08-01,8.548549440201857,2.994526996969484,3.1434900775488055,25.780455152715263,142.0696494635813,101.0856021426915,146.6408248420376,107.32088929635725,84.53668559845241,42.02008404869858,10.516014094959907,8.749779531944593
2068-09-01,2.994526996969484,3.1434900775488055,25.780455152715263,142.0696494635813,101.0856021426915,146.6408248420376,107.32088929635725,84.53668559845241,42.02008404869858,10.516014094959907,8.749779531944593,8.520449714763927
2068-10-01,3.1434900775488055,25.780455152715263,142.0696494635813,101.0856021426915,146.6408248420376,107.32088929635725,84.53668559845241,42.02008404869858,10.516014094959907,8.749779531944593,8.520449714763927,4.506539838835083
2068-11-01,25.780455152715263,142.0696494635813,101.0856021426915,146.6408248420376,107.32088929635725,84.53668559845241,42.02008404869858,10.516014094959907,8.749779531944593,8.520449714763927,4.506539838835083,2.682805418949167
2068-12-01,142.0696494635813,101.0856021426915,146.6408248420376,107.32088929635725,84.53668559845241,42.02008404869858,10.516014094959907,8.749779531944593,8.520449714763927,4.506539838835083,2.682805418949167,17.680596392842023
2069-01-01,188.6138817647582,374.0559251536257,107.32088929635725,87.30350987465098,74.24101629674917,22.818112916782646,8.943323661521308,8.531038858535203,9.788410663493151,2.682805418949167,17.680596392842023,106.76860865677207
2069-02-01,374.0559251536257,107.32088929635725,87.30350987465098,74.24101629674917,22.818112916782646,8.943323661521308,8.531038858535203,9.788410663493151,2.682805418949167,17.680596392842023,106.76860865677207,92.11146489315627
2069-03-01,107.32088929635725,85.72246743110894,55.82905501214883,15.788342161455365,8.8327270160489,8.52498791923733,6.770198763688541,2.682805418949167,17.680596392842023,106.76860865677207,92.11146489315627,79.43248445546683
2069-04-01,84.53668559845241,42.02008404869858,10.516014094959907,8.749779531944593,8.520449714763927,4.506539838835083,2.682805418949167,17.680596392842023,106.76860865677207,92.11146489315627,79.43248445546683,100.60733758626276
2069-05-01,42.02008404869858,10.516014094959907,8.749779531944593,8.520449714763927,4.506539838835083,2.682805418949167,17.680596392842023,106.76860865677207,92.11146489315627,79.43248445546683,100.60733758626276,78.94206346867932
2069-06-01,10.516014094959907,8.749779531944593,8.520449714763927,4.506539838835083,2.682805418949167,17.680596392842023,106.76860865677207,92.11146489315627,79.43248445546683,100.60733758626276,78.94206346867932,29.576404148517476
2069-07-01,8.749779531944593,8.520449714763927,4.506539838835083,2.682805418949167,17.680596392842023,106.76860865677207,92.11146489315627,79.43248445546683,100.60733758626276,78.94206346867932,29.576404148517476,6.884520830910574
2069-08-01,8.520449714763927,4.506539838835083,2.682805418949167,17.680596392842023,106.76860865677207,92.11146489315627,79.43248445546683,100.60733758626276,78.94206346867932,29.576404148517476,6.884520830910574,8.594843317161924
2069-09-01,4.506539838835083,2.682805418949167,17.680596392842023,106.76860865677207,92.11146489315627,79.43248445546683,100.60733758626276,78.94206346867932,29.576404148517476,6.884520830910574,8.594843317161924,8.489586174659035
2069-10-01,2.682805418949167,17.680596392842023,106.76860865677207,92.11146489315627,79.43248445546683,100.60733758626276,78.94206346867932,29.576404148517476,6.884520830910574,8.594843317161924,8.489586174659035,10.531596397223955
2069-11-01,17.680596392842023,106.76860865677207,92.11146489315627,79.43248445546683,100.60733758626276,78.94206346867932,29.576404148517476,6.884520830910574,8.594843317161924,8.489586174659035,10.531596397223955,2.604849891557679
2069-12-01,106.76860865677207,92.11146489315627,79.43248445546683,100.60733758626276,78.94206346867932,29.576404148517476,6.884520830910574,8.594843317161924,8.489586174659035,10.531596397223955,2.604849891557679,19.073620883702713
2070-01-01,148.2302641418497,71.61839341405732,77.10990660093202,62.12771029067211,18.244456745934222,6.476393228560649,8.246110694999295,8.392152928063188,36.901165176243076,2.604849891557679,19.073620883702713,32.1916777646041
2070-02-01,71.61839341405732,77.10990660093202,62.12771029067211,18.244456745934222,6.476393228560649,8.246110694999295,8.392152928063188,36.901165176243076,2.604849891557679,19.073620883702713,32.1916777646041,63.551261114912045
2070-03-01,90.537010021121,71.73591210667624,24.719855261696082,6.709609001332035,8.445386479092225,8.4478290689751,21.83284015966072,2.604849891557679,19.073620883702713,32.1916777646041,63.551261114912045,71.64091368397997
2070-04-01,78.94206346867932,29.576404148517476,6.884520830910574,8.594843317161924,8.489586174659035,10.531596397223955,2.604849891557679,19.073620883702713,32.1916777646041,63.551261114912045,71.64091368397997,93.19622996228328
2070-05-01,29.576404148517476,6.884520830910574,8.594843317161924,8.489586174659035,10.531596397223955,2.604849891557679,19.073620883702713,32.1916777646041,63.551261114912045,71.64091368397997,93.19622996228328,69.95768624925715
2070-06-01,6.884520830910574,8.594843317161924,8.489586174659035,10.531596397223955,2.604849891557679,19.073620883702713,32.1916777646041,63.551261114912045,71.64091368397997,93.19622996228328,69.95768624925715,27.739361747040192
2070-07-01,8.594843317161924,8.489586174659035,10.531596397223955,2.604849891557679,19.073620883702713,32.1916777646041,63.551261114912045,71.64091368397997,93.19622996228328,69.95768624925715,27.739361747040192,6.367783543312257
2070-08-01,8.489586174659035,10.531596397223955,2.604849891557679,19.073620883702713,32.1916777646041,63.551261114912045,71.64091368397997,93.19622996228328,69.95768624925715,27.739361747040192,6.367783543312257,8.521609672365114
2070-09-01,10.531596397223955,2.604849891557679,19.073620883702713,32.1916777646041,63.551261114912045,71.64091368397997,93.19622996228328,69.95768624925715,27.739361747040192,6.367783543312257,8.521609672365114,9.285189290599797
2070-10-01,2.604849891557679,19.073620883702713,32.1916777646041,63.551261114912045,71.64091368397997,93.19622996228328,69.95768624925715,27.739361747040192,6.367783543312257,8.521609672365114,9.285189290599797,3.0145751819217486
2070-11-01,19.073620883702713,32.1916777646041,63.551261114912045,71.64091368397997,93.19622996228328,69.95768624925715,27.739361747040192,6.367783543312257,8.521609672365114,9.285189290599797,3.0145751819217486,2.5947353041596655
2070-12-01,32.1916777646041,63.551261114912045,71.64091368397997,93.19622996228328,69.95768624925715,27.739361747040192,6.367783543312257,8.521609672365114,9.285189290599797,3.0145751819217486,2.5947353041596655,18.159869735572666
2071-01-01,19.709347139750662,36.556324942366494,43.759922293024374,21.698012803272338,9.977765939286437,4.15107543436822,7.9165592934136555,11.972366949796625,3.074569707383144,2.5947353041596655,18.159869735572666,31.92388590316748
2071-02-01,36.556324942366494,43.759922293024374,21.698012803272338,9.977765939286437,4.15107543436822,7.9165592934136555,11.972366949796625,3.074569707383144,2.5947353041596655,18.159869735572666,31.92388590316748,73.6251711924259
2071-03-01,72.00924096117232,49.2749690581208,20.127249258002866,5.417765782336241,8.262302367100204,10.436836858827007,3.0402871214052034,2.5947353041596655,18.159869735572666,31.92388590316748,73.6251711924259,101.94522964658775
2071-04-01,69.95768624925715,27.739361747040192,6.367783543312257,8.521609672365114,9.285189290599797,3.0145751819217486,2.5947353041596655,18.159869735572666,31.92388590316748,73.6251711924259,101.94522964658775,125.34064972978237
2071-05-01,27.739361747040192,6.367783543312257,8.521609672365114,9.285189290599797,3.0145751819217486,2.5947353041596655,18.159869735572666,31.92388590316748,73.6251711924259,101.94522964658775,125.34064972978237,84.39394742474153
2071-06-01,6.367783543312257,8.521609672365114,9.285189290599797,3.0145751819217486,2.5947353041596655,18.159869735572666,31.92388590316748,73.6251711924259,101.94522964658775,125.34064972978237,84.39394742474153,43.253431395515676
2071-07-01,8.521609672365114,9.285189290599797,3.0145751819217486,2.5947353041596655,18.159869735572666,31.92388590316748,73.6251711924259,101.94522964658775,125.34064972978237,84.39394742474153,43.253431395515676,8.911105658739523
2071-08-01,9.285189290599797,3.0145751819217486,2.5947353041596655,18.159869735572666,31.92388590316748,73.6251711924259,101.94522964658775,125.34064972978237,84.39394742474153,43.253431395515676,8.911105658739523,8.93355503668641
2071-09-01,3.0145751819217486,2.5947353041596655,18.159869735572666,31.92388590316748,73.6251711924259,101.94522964658775,125.34064972978237,84.39394742474153,43.253431395515676,8.911105658739523,8.93355503668641,8.508860298357984
2071-10-01,2.5947353041596655,18.159869735572666,31.92388590316748,73.6251711924259,101.94522964658775,125.34064972978237,84.39394742474153,43.253431395515676,8.911105658739523,8.93355503668641,8.508860298357984,2.9949212659716884
2071-11-01,18.159869735572666,31.92388590316748,73.6251711924259,101.94522964658775,125.34064972978237,84.39394742474153,43.253431395515676,8.911105658739523,8.93355503668641,8.508860298357984,2.9949212659716884,1.7531582929022407
2071-12-01,31.92388590316748,73.6251711924259,101.94522964658775,125.34064972978237,84.39394742474153,43.253431395515676,8.911105658739523,8.93355503668641,8.508860298357984,2.9949212659716884,1.7531582929022407,16.678534004219685
2072-01-01,65.04194248856302,172.92574677410147,188.40981124677026,86.66118809295207,79.79107935742611,15.596024953790916,9.77031343285948,8.478886484708465,2.986127085607874,1.7531582929022407,16.678534004219685,29.15250893950683
2072-02-01,172.92574677410147,188.40981124677026,86.66118809295207,79.79107935742611,15.596024953790916,9.77031343285948,8.478886484708465,2.986127085607874,1.7531582929022407,16.678534004219685,29.15250893950683,64.9057709815975
2072-03-01,152.37029037992005,85.36562199683176,58.91242337919157,11.776071070904404,9.29216577790344,8.496014378222476,2.9911523315300537,1.7531582929022407,16.678534004219685,29.15250893950683,64.9057709815975,70.50176339799482
2072-04-01,84.39394742474153,43.253431395515676,8.911105658739523,8.93355503668641,8.508860298357984,2.9949212659716884,1.7531582929022407,16.678534004219685,29.15250893950683,64.9057709815975,70.50176339799482,120.45365075907353
2072-05-01,43.253431395515676,8.911105658739523,8.93355503668641,8.508860298357984,2.9949212659716884,1.7531582929022407,16.678534004219685,29.15250893950683,64.9057709815975,70.50176339799482,120.45365075907353,84.66982963956578
2072-06-01,8.911105658739523,8.93355503668641,8.508860298357984,2.9949212659716884,1.7531582929022407,16.678534004219685,29.15250893950683,64.9057709815975,70.50176339799482,120.45365075907353,84.66982963956578,30.8650334549114
2072-07-01,8.93355503668641,8.508860298357984,2.9949212659716884,1.7531582929022407,16.678534004219685,29.15250893950683,64.9057709815975,70.50176339799482,120.45365075907353,84.66982963956578,30.8650334549114,6.716151031248668
2072-08-01,8.508860298357984,2.9949212659716884,1.7531582929022407,16.678534004219685,29.15250893950683,64.9057709815975,70.50176339799482,120.45365075907353,84.66982963956578,30.8650334549114,6.716151031248668,8.602298541779152
2072-09-01,2.9949212659716884,1.7531582929022407,16.678534004219685,29.15250893950683,64.9057709815975,70.50176339799482,120.45365075907353,84.66982963956578,30.8650334549114,6.716151031248668,8.602298541779152,8.489137577454771
2072-10-01,1.7531582929022407,16.678534004219685,29.15250893950683,64.9057709815975,70.50176339799482,120.45365075907353,84.66982963956578,30.8650334549114,6.716151031248668,8.602298541779152,8.489137577454771,2.9926129249086575
2072-11-01,16.678534004219685,29.15250893950683,64.9057709815975,70.50176339799482,120.45365075907353,84.66982963956578,30.8650334549114,6.716151031248668,8.602298541779152,8.489137577454771,2.9926129249086575,1.733692257895238
2072-12-01,29.15250893950683,64.9057709815975,70.50176339799482,120.45365075907353,84.66982963956578,30.8650334549114,6.716151031248668,8.602298541779152,8.489137577454771,2.9926129249086575,1.733692257895238,18.013048061639815
2073-01-01,25.804641539835217,31.430148655433307,166.41831587858047,87.90265805966115,24.043288624706886,5.718729130082072,8.279659205776827,8.390134240644002,2.9757395508242346,1.733692257895238,18.013048061639815,26.04094267814324
2073-02-01,31.430148655433307,166.41831587858047,87.90265805966115,24.043288624706886,5.718729130082072,8.279659205776827,8.390134240644002,2.9757395508242346,1.733692257895238,18.013048061639815,26.04094267814324,61.79955329525869
2073-03-01,140.15279295314792,86.05532753389235,27.94142852768089,6.28868450217727,8.4640245406353,8.446707575964442,2.985381478872476,1.733692257895238,18.013048061639815,26.04094267814324,61.79955329525869,69.89990865211466
2073-04-01,84.66982963956578,30.8650334549114,6.716151031248668,8.602298541779152,8.489137577454771,2.9926129249086575,1.733692257895238,18.013048061639815,26.04094267814324,61.79955329525869,69.89990865211466,91.72165250443112
2073-05-01,30.8650334549114,6.716151031248668,8.602298541779152,8.489137577454771,2.9926129249086575,1.733692257895238,18.013048061639815,26.04094267814324,61.79955329525869,69.89990865211466,91.72165250443112,67.73879123630518
2073-06-01,6.716151031248668,8.602298541779152,8.489137577454771,2.9926129249086575,1.733692257895238,18.013048061639815,26.04094267814324,61.79955329525869,69.89990865211466,91.72165250443112,67.73879123630518,28.618958258813862
2073-07-01,8.602298541779152,8.489137577454771,2.9926129249086575,1.733692257895238,18.013048061639815,26.04094267814324,61.79955329525869,69.89990865211466,91.72165250443112,67.73879123630518,28.618958258813862,6.281862474255747
2073-08-01,8.489137577454771,2.9926129249086575,1.733692257895238,18.013048061639815,26.04094267814324,61.79955329525869,69.89990865211466,91.72165250443112,67.73879123630518,28.618958258813862,6.281862474255747,9.144911930708686
2073-09-01,2.9926129249086575,1.733692257895238,18.013048061639815,26.04094267814324,61.79955329525869,69.89990865211466,91.72165250443112,67.73879123630518,28.618958258813862,6.281862474255747,9.144911930708686,8.476211349472827
2073-10-01,1.733692257895238,18.013048061639815,26.04094267814324,61.79955329525869,69.89990865211466,91.72165250443112,67.73879123630518,28.618958258813862,6.281862474255747,9.144911930708686,8.476211349472827,4.469705984105758
2073-11-01,18.013048061639815,26.04094267814324,61.79955329525869,69.89990865211466,91.72165250443112,67.73879123630518,28.618958258813862,6.281862474255747,9.144911930708686,8.476211349472827,4.469705984105758,1.730553270246259
2073-12-01,26.04094267814324,61.79955329525869,69.89990865211466,91.72165250443112,67.73879123630518,28.618958258813862,6.281862474255747,9.144911930708686,8.476211349472827,4.469705984105758,1.730553270246259,29.87474460543075
2074-01-01,11.826661951310584,28.721802298972534,37.124323732689604,11.712985244988488,13.935950242267959,3.7644306236139267,10.721419455959722,8.331966214725256,9.622658317211188,1.730553270246259,29.87474460543075,26.167354530929977
2074-02-01,28.721802298972534,37.124323732689604,11.712985244988488,13.935950242267959,3.7644306236139267,10.721419455959722,8.331966214725256,9.622658317211188,1.730553270246259,29.87474460543075,26.167354530929977,116.42643764282897
2074-03-01,68.3227973165419,43.727731525740886,22.326240537437045,5.2029631096949664,9.820558012959129,8.414392006009582,6.678114126865228,1.730553270246259,29.87474460543075,26.167354530929977,116.42643764282897,119.94692949816258
2074-04-01,67.73879123630518,28.618958258813862,6.281862474255747,9.144911930708686,8.476211349472827,4.469705984105758,1.730553270246259,29.87474460543075,26.167354530929977,116.42643764282897,119.94692949816258,172.97365971636438
2074-05-01,28.618958258813862,6.281862474255747,9.144911930708686,8.476211349472827,4.469705984105758,1.730553270246259,29.87474460543075,26.167354530929977,116.42643764282897,119.94692949816258,172.97365971636438,120.00825989102037
2074-06-01,6.281862474255747,9.144911930708686,8.476211349472827,4.469705984105758,1.730553270246259,29.87474460543075,26.167354530929977,116.42643764282897,119.94692949816258,172.97365971636438,120.00825989102037,45.45382760846893
2074-07-01,9.144911930708686,8.476211349472827,4.469705984105758,1.730553270246259,29.87474460543075,26.167354530929977,116.42643764282897,119.94692949816258,172.97365971636438,120.00825989102037,45.45382760846893,9.886976881837148
2074-08-01,8.476211349472827,4.469705984105758,1.730553270246259,29.87474460543075,26.167354530929977,116.42643764282897,119.94692949816258,172.97365971636438,120.00825989102037,45.45382760846893,9.886976881837148,8.773613770180901
2074-09-01,4.469705984105758,1.730553270246259,29.87474460543075,26.167354530929977,116.42643764282897,119.94692949816258,172.97365971636438,120.00825989102037,45.45382760846893,9.886976881837148,8.773613770180901,8.520046453949492
2074-10-01,1.730553270246259,29.87474460543075,26.167354530929977,116.42643764282897,119.94692949816258,172.97365971636438,120.00825989102037,45.45382760846893,9.886976881837148,8.773613770180901,8.520046453949492,2.994679297963369
2074-11-01,29.87474460543075,26.167354530929977,116.42643764282897,119.94692949816258,172.97365971636438,120.00825989102037,45.45382760846893,9.886976881837148,8.773613770180901,8.520046453949492,2.994679297963369,1.7296718854776651
2074-12-01,26.167354530929977,116.42643764282897,119.94692949816258,172.97365971636438,120.00825989102037,45.45382760846893,9.886976881837148,8.773613770180901,8.520046453949492,2.994679297963369,1.7296718854776651,19.94182328849319
2075-01-01,257.64764151537685,253.93339610618818,402.7583561863893,246.92559419120678,89.69286231571573,19.98744545773023,9.050577733584694,8.529224184870246,2.9850382295704367,1.7296718854776651,19.94182328849319,57.7772104835775
2075-02-01,253.93339610618818,402.7583561863893,246.92559419120678,89.69286231571573,19.98744545773023,9.050577733584694,8.529224184870246,2.9850382295704367,1.7296718854776651,19.94182328849319,57.7772104835775,135.8587049970916
2075-03-01,271.452815346375,174.40140316252882,64.4134139115747,14.215749128648469,8.892312611639671,8.523979767201244,2.990547411509255,1.7296718854776651,19.94182328849319,57.7772104835775,135.8587049970916,152.2777054913796
2075-04-01,120.00825989102037,45.45382760846893,9.886976881837148,8.773613770180901,8.520046453949492,2.994679297963369,1.7296718854776651,19.94182328849319,57.7772104835775,135.8587049970916,152.2777054913796,119.77810501641625
2075-05-01,45.45382760846893,9.886976881837148,8.773613770180901,8.520046453949492,2.994679297963369,1.7296718854776651,19.94182328849319,57.7772104835775,135.8587049970916,152.2777054913796,119.77810501641625,91.71694029648413
2075-06-01,9.886976881837148,8.773613770180901,8.520046453949492,2.994679297963369,1.7296718854776651,19.94182328849319,57.7772104835775,135.8587049970916,152.2777054913796,119.77810501641625,91.71694029648413,39.242989107815625
2075-07-01,8.773613770180901,8.520046453949492,2.994679297963369,1.7296718854776651,19.94182328849319,57.7772104835775,135.8587049970916,152.2777054913796,119.77810501641625,91.71694029648413,39.242989107815625,7.4993073578473775
2075-08-01,8.520046453949492,2.994679297963369,1.7296718854776651,19.94182328849319,57.7772104835775,135.8587049970916,152.2777054913796,119.77810501641625,91.71694029648413,39.242989107815625,7.4993073578473775,8.641749055619805
2075-09-01,2.994679297963369,1.7296718854776651,19.94182328849319,57.7772104835775,135.8587049970916,152.2777054913796,119.77810501641625,91.71694029648413,39.242989107815625,7.4993073578473775,8.641749055619805,8.585142146260699
2075-10-01,1.7296718854776651,19.94182328849319,57.7772104835775,135.8587049970916,152.2777054913796,119.77810501641625,91.71694029648413,39.242989107815625,7.4993073578473775,8.641749055619805,8.585142146260699,2.9974338889327785
2075-11-01,19.94182328849319,57.7772104835775,135.8587049970916,152.2777054913796,119.77810501641625,91.71694029648413,39.242989107815625,7.4993073578473775,8.641749055619805,8.585142146260699,2.9974338889327785,2.0611348619494407
2075-12-01,57.7772104835775,135.8587049970916,152.2777054913796,119.77810501641625,91.71694029648413,39.242989107815625,7.4993073578473775,8.641749055619805,8.585142146260699,2.9974338889327785,2.0611348619494407,18.393251111451946
2076-01-01,345.0928446095587,399.42188807566475,163.3783600366227,119.61465601579371,61.744089062775885,9.242932599776264,8.457186518059762,8.822154800270676,2.997433888932778,2.0611348619494407,18.393251111451946,45.79589956780041
2076-02-01,399.42188807566475,163.3783600366227,119.61465601579371,61.744089062775885,9.242932599776264,8.457186518059762,8.822154800270676,2.997433888932778,2.0611348619494407,18.393251111451946,45.79589956780041,127.17624419645827
2076-03-01,138.46392859650473,103.67310417618823,48.88631765994145,8.246575318674044,8.562650825236929,8.68671899797926,2.997433888932778,2.0611348619494407,18.393251111451946,45.79589956780041,127.17624419645827,111.25961860684053
2076-04-01,91.71694029648413,39.242989107815625,7.4993073578473775,8.641749055619805,8.585142146260699,2.9974338889327785,2.0611348619494407,18.393251111451946,45.79589956780041,127.17624419645827,111.25961860684053,158.55594442715915
2076-05-01,39.242989107815625,7.4993073578473775,8.641749055619805,8.585142146260699,2.9974338889327785,2.0611348619494407,18.393251111451946,45.79589956780041,127.17624419645827,111.25961860684053,158.55594442715915,92.0655759601377
2076-06-01,7.4993073578473775,8.641749055619805,8.585142146260699,2.9974338889327785,2.0611348619494407,18.393251111451946,45.79589956780041,127.17624419645827,111.25961860684053,158.55594442715915,92.0655759601377,29.927060450548996
2076-07-01,8.641749055619805,8.585142146260699,2.9974338889327785,2.0611348619494407,18.393251111451946,45.79589956780041,127.17624419645827,111.25961860684053,158.55594442715915,92.0655759601377,29.927060450548996,6.762831635891607
2076-08-01,8.585142146260699,2.9974338889327785,2.0611348619494407,18.393251111451946,45.79589956780041,127.17624419645827,111.25961860684053,158.55594442715915,92.0655759601377,29.927060450548996,6.762831635891607,9.80122910111079
2076-09-01,2.9974338889327785,2.0611348619494407,18.393251111451946,45.79589956780041,127.17624419645827,111.25961860684053,158.55594442715915,92.0655759601377,29.927060450548996,6.762831635891607,9.80122910111079,8.493519078114616
2076-10-01,2.0611348619494407,18.393251111451946,45.79589956780041,127.17624419645827,111.25961860684053,158.55594442715915,92.0655759601377,29.927060450548996,6.762831635891607,9.80122910111079,8.493519078114616,2.9933090455944735
2076-11-01,18.393251111451946,45.79589956780041,127.17624419645827,111.25961860684053,158.55594442715915,92.0655759601377,29.927060450548996,6.762831635891607,9.80122910111079,8.493519078114616,2.9933090455944735,63.68395331594545
2076-12-01,45.79589956780041,127.17624419645827,111.25961860684053,158.55594442715915,92.0655759601377,29.927060450548996,6.762831635891607,9.80122910111079,8.493519078114616,2.9933090455944735,63.68395331594545,24.604497196523344
2077-01-01,306.0217710067088,214.84049709523896,337.8786373849657,121.18351650223485,19.822410105076067,5.9287918509752995,13.674846722769196,8.409850993613304,2.9788720939104056,63.68395331594545,24.604497196523344,37.302753738990035
2077-02-01,214.84049709523896,337.8786373849657,121.18351650223485,19.822410105076067,5.9287918509752995,13.674846722769196,8.409850993613304,2.9788720939104056,63.68395331594545,24.604497196523344,37.302753738990035,95.87576100792793
2077-03-01,235.40852712336192,104.5446933353222,25.596496016774882,6.405386013784618,11.461350938964394,8.457661327614053,2.9871217805870156,63.68395331594545,24.604497196523344,37.302753738990035,95.87576100792793,95.25247093191956
2077-04-01,92.0655759601377,29.927060450548996,6.762831635891607,9.80122910111079,8.493519078114616,2.9933090455944735,63.68395331594545,24.604497196523344,37.302753738990035,95.87576100792793,95.25247093191956,98.64010056939804
2077-05-01,29.927060450548996,6.762831635891607,9.80122910111079,8.493519078114616,2.9933090455944735,63.68395331594545,24.604497196523344,37.302753738990035,95.87576100792793,95.25247093191956,98.64010056939804,79.47423192672387
2077-06-01,6.762831635891607,9.80122910111079,8.493519078114616,2.9933090455944735,63.68395331594545,24.604497196523344,37.302753738990035,95.87576100792793,95.25247093191956,98.64010056939804,79.47423192672387,29.8423998116933
2077-07-01,9.80122910111079,8.493519078114616,2.9933090455944735,63.68395331594545,24.604497196523344,37.302753738990035,95.87576100792793,95.25247093191956,98.64010056939804,79.47423192672387,29.8423998116933,6.625670793448118
2077-08-01,8.493519078114616,2.9933090455944735,63.68395331594545,24.604497196523344,37.302753738990035,95.87576100792793,95.25247093191956,98.64010056939804,79.47423192672387,29.8423998116933,6.625670793448118,8.605836874643165
2077-09-01,2.9933090455944735,63.68395331594545,24.604497196523344,37.302753738990035,95.87576100792793,95.25247093191956,98.64010056939804,79.47423192672387,29.8423998116933,6.625670793448118,8.605836874643165,8.489951948450795
2077-10-01,63.68395331594545,24.604497196523344,37.302753738990035,95.87576100792793,95.25247093191956,98.64010056939804,79.47423192672387,29.8423998116933,6.625670793448118,8.605836874643165,8.489951948450795,3.0124402494338245
2077-11-01,24.604497196523344,37.302753738990035,95.87576100792793,95.25247093191956,98.64010056939804,79.47423192672387,29.8423998116933,6.625670793448118,8.605836874643165,8.489951948450795,3.0124402494338245,1.7289840174405147
2077-12-01,37.302753738990035,95.87576100792793,95.25247093191956,98.64010056939804,79.47423192672387,29.8423998116933,6.625670793448118,8.605836874643165,8.489951948450795,3.0124402494338245,1.7289840174405147,19.151855712589168
2078-01-01,165.16959665832218,142.8083325580946,68.25734002504078,64.52246835187259,19.44143723022544,5.311568059979597,8.295581703664878,8.393798910126106,3.0649625111874865,1.7289840174405147,19.151855712589168,28.159228237776574
2078-02-01,142.8083325580946,68.25734002504078,64.52246835187259,19.44143723022544,5.311568059979597,8.295581703664878,8.393798910126106,3.0649625111874865,1.7289840174405147,19.151855712589168,28.159228237776574,116.71267968017797
2078-03-01,85.61891747895922,73.06633325178761,25.384844419635645,6.062483907675895,8.472870372795327,8.448743503454498,3.0349497901853937,1.7289840174405147,19.151855712589168,28.159228237776574,116.71267968017797,178.0394940449545
2078-04-01,79.47423192672387,29.8423998116933,6.625670793448118,8.605836874643165,8.489951948450795,3.0124402494338245,1.7289840174405147,19.151855712589168,28.159228237776574,116.71267968017797,178.0394940449545,114.94045862211782
2078-05-01,29.8423998116933,6.625670793448118,8.605836874643165,8.489951948450795,3.0124402494338245,1.7289840174405147,19.151855712589168,28.159228237776574,116.71267968017797,178.0394940449545,114.94045862211782,74.55191745503323
2078-06-01,6.625670793448118,8.605836874643165,8.489951948450795,3.0124402494338245,1.7289840174405147,19.151855712589168,28.159228237776574,116.71267968017797,178.0394940449545,114.94045862211782,74.55191745503323,28.410553250491724
2078-07-01,8.605836874643165,8.489951948450795,3.0124402494338245,1.7289840174405147,19.151855712589168,28.159228237776574,116.71267968017797,178.0394940449545,114.94045862211782,74.55191745503323,28.410553250491724,6.474946277610099
2078-08-01,8.489951948450795,3.0124402494338245,1.7289840174405147,19.151855712589168,28.159228237776574,116.71267968017797,178.0394940449545,114.94045862211782,74.55191745503323,28.410553250491724,6.474946277610099,8.587336893461213
2078-09-01,3.0124402494338245,1.7289840174405147,19.151855712589168,28.159228237776574,116.71267968017797,178.0394940449545,114.94045862211782,74.55191745503323,28.410553250491724,6.474946277610099,8.587336893461213,11.883056008493526
2078-10-01,1.7289840174405147,19.151855712589168,28.159228237776574,116.71267968017797,178.0394940449545,114.94045862211782,74.55191745503323,28.410553250491724,6.474946277610099,8.587336893461213,11.883056008493526,2.9962667784557437
2078-11-01,19.151855712589168,28.159228237776574,116.71267968017797,178.0394940449545,114.94045862211782,74.55191745503323,28.410553250491724,6.474946277610099,8.587336893461213,11.883056008493526,2.9962667784557437,1.7299079515913693
2078-12-01,28.159228237776574,116.71267968017797,178.0394940449545,114.94045862211782,74.55191745503323,28.410553250491724,6.474946277610099,8.587336893461213,11.883056008493526,2.9962667784557437,1.7299079515913693,16.572563599392076
2079-01-01,258.93573068344733,515.3499365667518,141.60895126227976,42.24463856155459,12.821506371890997,4.60437774905302,8.2123317883461,23.66382342929865,2.9919919623969298,1.5400156586439633,15.977860253452787,33.20917702331782
2079-02-01,515.3499365667518,141.60895126227976,42.24463856155459,12.821506371890997,4.60437774905302,8.2123317883461,23.66382342929865,2.9919919623969298,1.5400156586439633,15.977860253452787,33.20917702331782,135.94165210803195
2079-03-01,126.36981261075864,60.12347373401019,20.922121351995006,5.541022669803382,8.42662041984045,16.93678489846257,2.993566465794228,1.5400156586439633,15.977860253452787,33.20917702331782,135.94165210803195,100.69391138131672
2079-04-01,73.53260011335189,26.997582587073016,6.243506360366156,8.587336893461213,11.891506000335509,2.994747343342202,1.5400156586439633,15.977860253452787,33.20917702331782,135.94165210803195,100.69391138131672,100.8195177805603
2079-05-01,26.997582587073016,6.243506360366156,8.587336893461213,11.891506000335509,2.994747343342202,1.5400156586439633,15.977860253452787,33.20917702331782,135.94165210803195,100.69391138131672,100.8195177805603,88.10226124993972
2079-06-01,6.243506360366156,8.587336893461213,11.891506000335509,2.994747343342202,1.5400156586439633,15.977860253452787,33.20917702331782,135.94165210803195,100.69391138131672,100.8195177805603,88.10226124993972,33.31350803497065
2079-07-01,8.587336893461213,11.891506000335509,2.994747343342202,1.5400156586439633,15.977860253452787,33.20917702331782,135.94165210803195,100.69391138131672,100.8195177805603,88.10226124993972,33.31350803497065,7.366507570041029
2079-08-01,11.891506000335509,2.994747343342202,1.5400156586439633,15.977860253452787,33.20917702331782,135.94165210803195,100.69391138131672,100.8195177805603,88.10226124993972,33.31350803497065,7.366507570041029,8.656782227512675
2079-09-01,2.994747343342202,1.5400156586439633,15.977860253452787,33.20917702331782,135.94165210803195,100.69391138131672,100.8195177805603,88.10226124993972,33.31350803497065,7.366507570041029,8.656782227512675,8.594673616692678
2079-10-01,1.5400156586439633,15.977860253452787,33.20917702331782,135.94165210803195,100.69391138131672,100.8195177805603,88.10226124993972,33.31350803497065,7.366507570041029,8.656782227512675,8.594673616692678,2.992077092781206
2079-11-01,15.977860253452787,33.20917702331782,135.94165210803195,100.69391138131672,100.8195177805603,88.10226124993972,33.31350803497065,7.366507570041029,8.656782227512675,8.594673616692678,2.992077092781206,1.6097573969257855
2079-12-01,33.20917702331782,135.94165210803195,100.69391138131672,100.8195177805603,88.10226124993972,33.31350803497065,7.366507570041029,8.656782227512675,8.594673616692678,2.992077092781206,1.6097573969257855,48.42567987277179
2080-01-01,345.821932521113,167.36661960928214,78.06471747527094,108.25941986793998,41.41979222035771,9.686813182245443,8.524835791577674,8.828332558342911,2.9799758348724468,1.6097573969257855,49.020383218711075,27.455999943862697
2080-02-01,167.36661960928214,78.06471747527094,108.25941986793998,41.41979222035771,9.686813182245443,8.524835791577674,8.828332558342911,2.9799758348724468,1.6097573969257855,49.020383218711075,27.455999943862697,70.46642185527978
2080-03-01,91.06746050686485,98.80415753418094,37.5950416363758,8.493175642268032,8.600233754969103,8.695978216540505,2.9868908393917373,1.6097573969257855,49.020383218711075,27.455999943862697,70.46642185527978,71.04218025475448
2080-04-01,91.71271078386167,34.72647869838936,7.597947487284973,8.656782227512675,8.596712460188701,2.992077092781206,1.6097573969257855,49.020383218711075,27.455999943862697,70.46642185527978,71.04218025475448,97.71138709181548
2080-05-01,34.72647869838936,7.597947487284973,8.656782227512675,8.596712460188701,2.992077092781206,1.6097573969257855,49.020383218711075,27.455999943862697,70.46642185527978,71.04218025475448,97.71138709181548,70.70878323364637
2080-06-01,7.597947487284973,8.656782227512675,8.596712460188701,2.992077092781206,1.6097573969257855,49.020383218711075,27.455999943862697,70.46642185527978,71.04218025475448,97.71138709181548,70.70878323364637,27.00055970964849
2080-07-01,8.656782227512675,8.596712460188701,2.992077092781206,1.6097573969257855,49.020383218711075,27.455999943862697,70.46642185527978,71.04218025475448,97.71138709181548,70.70878323364637,27.00055970964849,6.517108732318514
2080-08-01,8.596712460188701,2.992077092781206,1.6097573969257855,49.020383218711075,27.455999943862697,70.46642185527978,71.04218025475448,97.71138709181548,70.70878323364637,27.00055970964849,6.517108732318514,8.505180143927065
2080-09-01,2.992077092781206,1.6097573969257855,49.020383218711075,27.455999943862697,70.46642185527978,71.04218025475448,97.71138709181548,70.70878323364637,27.00055970964849,6.517108732318514,8.505180143927065,8.486856573354348
2080-10-01,1.6097573969257855,49.020383218711075,27.455999943862697,70.46642185527978,71.04218025475448,97.71138709181548,70.70878323364637,27.00055970964849,6.517108732318514,8.505180143927065,8.486856573354348,3.0989551684498298
2080-11-01,49.020383218711075,27.455999943862697,70.46642185527978,71.04218025475448,97.71138709181548,70.70878323364637,27.00055970964849,6.517108732318514,8.505180143927065,8.486856573354348,3.0989551684498298,2.337541374282432
2080-12-01,27.455999943862697,70.46642185527978,71.04218025475448,97.71138709181548,70.70878323364637,27.00055970964849,6.517108732318514,8.505180143927065,8.486856573354348,3.0989551684498298,2.337541374282432,17.755331157428287
2081-01-01,38.0178376277846,31.27704347044044,63.21198324892974,13.290439700230912,6.476535438096439,4.794108795240887,7.8387012499010265,8.333726212151321,3.4609271753812547,2.4187671341109453,17.160627811489,37.99919038285268
2081-02-01,31.27704347044044,63.21198324892974,13.290439700230912,6.476535438096439,4.794108795240887,7.8387012499010265,8.333726212151321,3.4609271753812547,2.4187671341109453,17.160627811489,37.99919038285268,73.86446802587244
2081-03-01,78.96640315005507,44.03780769994148,17.39713749988692,5.64642880657442,8.20160271829806,8.420064222269609,3.2540860285632975,2.4187671341109453,17.160627811489,37.99919038285268,73.86446802587244,76.0282260433123
2081-04-01,67.0983336997244,25.58758904622978,6.285668815074571,8.473778819595836,8.484817729858326,3.0989551684498298,2.4187671341109453,17.160627811489,37.99919038285268,73.86446802587244,76.0282260433123,99.97060017554229
2081-05-01,25.58758904622978,6.285668815074571,8.473778819595836,8.484817729858326,3.0989551684498298,2.4187671341109453,17.160627811489,37.99919038285268,73.86446802587244,76.0282260433123,99.97060017554229,71.39824242780323
2081-06-01,6.285668815074571,8.473778819595836,8.484817729858326,3.0989551684498298,2.4187671341109453,17.160627811489,37.99919038285268,73.86446802587244,76.0282260433123,99.97060017554229,71.39824242780323,29.70435671727648
2081-07-01,8.473778819595836,8.484817729858326,3.0989551684498298,2.4187671341109453,17.160627811489,37.99919038285268,73.86446802587244,76.0282260433123,99.97060017554229,71.39824242780323,29.70435671727648,6.530116211074068
2081-08-01,8.484817729858326,3.0989551684498298,2.4187671341109453,17.160627811489,37.99919038285268,73.86446802587244,76.0282260433123,99.97060017554229,71.39824242780323,29.70435671727648,6.530116211074068,9.877037390071369
2081-09-01,3.0989551684498298,2.4187671341109453,17.160627811489,37.99919038285268,73.86446802587244,76.0282260433123,99.97060017554229,71.39824242780323,29.70435671727648,6.530116211074068,9.877037390071369,8.504347816120644
2081-10-01,2.4187671341109453,17.160627811489,37.99919038285268,73.86446802587244,76.0282260433123,99.97060017554229,71.39824242780323,29.70435671727648,6.530116211074068,9.877037390071369,8.504347816120644,3.006847533331597
2081-11-01,17.160627811489,37.99919038285268,73.86446802587244,76.0282260433123,99.97060017554229,71.39824242780323,29.70435671727648,6.530116211074068,9.877037390071369,8.504347816120644,3.006847533331597,1.775098963588745
2081-12-01,37.99919038285268,73.86446802587244,76.0282260433123,99.97060017554229,71.39824242780323,29.70435671727648,6.530116211074068,9.877037390071369,8.504347816120644,3.006847533331597,1.775098963588745,16.639036870403345
2082-01-01,65.82705984601452,55.231065778077756,104.55970269732418,30.883428948915302,24.330223277882315,5.879036625961307,14.153364817040927,8.421611600331754,3.046442817349208,1.8837654967076376,14.073869912726543,33.570090076479175
2082-02-01,55.231065778077756,104.55970269732418,30.883428948915302,24.330223277882315,5.879036625961307,14.153364817040927,8.421611600331754,3.046442817349208,1.8837654967076376,14.073869912726543,33.570090076479175,69.59786153664191
2082-03-01,101.93735839916309,46.00457938178708,24.330223277882315,6.182120040186566,11.709749144486894,8.468889437925405,3.0238169407677162,1.8837654967076376,14.073869912726543,33.570090076479175,69.59786153664191,79.31491578424294
2082-04-01,57.345442206440914,24.330223277882315,6.409432600855512,9.877037390071369,8.504347816120644,3.006847533331597,1.8837654967076376,14.073869912726543,33.570090076479175,69.59786153664191,79.31491578424294,172.51820837981776
2082-05-01,24.330223277882315,6.409432600855512,9.877037390071369,8.504347816120644,3.006847533331597,1.8837654967076376,14.073869912726543,33.570090076479175,69.59786153664191,79.31491578424294,172.51820837981776,87.79764847957745
2082-06-01,6.409432600855512,9.877037390071369,8.504347816120644,3.006847533331597,1.8837654967076376,14.073869912726543,33.570090076479175,69.59786153664191,79.31491578424294,172.51820837981776,87.79764847957745,31.63516245244233
2082-07-01,9.877037390071369,8.504347816120644,3.006847533331597,1.8837654967076376,14.073869912726543,33.570090076479175,69.59786153664191,79.31491578424294,172.51820837981776,87.79764847957745,31.63516245244233,11.233969209278403
2082-08-01,8.504347816120644,3.006847533331597,1.8837654967076376,14.073869912726543,33.570090076479175,69.59786153664191,79.31491578424294,172.51820837981776,87.79764847957745,31.63516245244233,11.233969209278403,10.610460710785919
2082-09-01,3.006847533331597,1.8837654967076376,14.073869912726543,33.570090076479175,69.59786153664191,79.31491578424294,172.51820837981776,87.79764847957745,31.63516245244233,11.233969209278403,10.610460710785919,8.5973892179491
2082-10-01,1.8837654967076376,14.073869912726543,33.570090076479175,69.59786153664191,79.31491578424294,172.51820837981776,87.79764847957745,31.63516245244233,11.233969209278403,10.610460710785919,8.5973892179491,2.995285923692389
2082-11-01,14.073869912726543,33.570090076479175,69.59786153664191,79.31491578424294,172.51820837981776,87.79764847957745,31.63516245244233,11.233969209278403,10.610460710785919,8.5973892179491,2.995285923692389,3.0198793523799514
2082-12-01,33.570090076479175,69.59786153664191,79.31491578424294,172.51820837981776,87.79764847957745,31.63516245244233,11.233969209278403,10.610460710785919,8.5973892179491,2.995285923692389,3.0198793523799514,14.002048502657011
2083-01-01,57.12919279456236,109.54326651978015,431.67952569110406,167.91835717802968,57.20244956340238,27.60453681514164,17.45769492579781,8.840297908559805,2.9942912382985405,3.0198793523799514,13.689109187111196,30.245588784950318
2083-02-01,109.54326651978015,431.67952569110406,167.91835717802968,57.20244956340238,27.60453681514164,17.45769492579781,8.840297908559805,2.9942912382985405,3.0198793523799514,13.689109187111196,30.245588784950318,60.4795381709204
2083-03-01,286.58430928255314,122.1350950646284,42.59257121428235,18.31888881763039,13.562933273980288,8.701492942496543,2.9942912382985405,3.0198793523799514,13.689109187111196,30.245588784950318,60.4795381709204,66.52001222999978
2083-04-01,87.79764847957745,31.63516245244233,11.354652819496959,10.64186203511715,8.5973892179491,2.9942912382985405,3.0198793523799514,13.689109187111196,30.245588784950318,60.4795381709204,66.52001222999978,84.89037432610526
2083-05-01,31.63516245244233,11.354652819496959,10.64186203511715,8.5973892179491,2.9942912382985405,3.0198793523799514,13.689109187111196,30.245588784950318,60.4795381709204,66.52001222999978,84.89037432610526,52.365633064608424
2083-06-01,11.354652819496959,10.64186203511715,8.5973892179491,2.9942912382985405,3.0198793523799514,13.689109187111196,30.245588784950318,60.4795381709204,66.52001222999978,84.89037432610526,52.365633064608424,19.915379861807317
2083-07-01,10.64186203511715,8.5973892179491,2.9942912382985405,3.0198793523799514,13.689109187111196,30.245588784950318,60.4795381709204,66.52001222999978,84.89037432610526,52.365633064608424,19.915379861807317,6.024283157566861
2083-08-01,8.5973892179491,2.9942912382985405,3.0198793523799514,13.689109187111196,30.245588784950318,60.4795381709204,66.52001222999978,84.89037432610526,52.365633064608424,19.915379861807317,6.024283157566861,8.473942988150213
2083-09-01,2.9942912382985405,3.0198793523799514,13.689109187111196,30.245588784950318,60.4795381709204,66.52001222999978,84.89037432610526,52.365633064608424,19.915379861807317,6.024283157566861,8.473942988150213,8.463742290432904
2083-10-01,3.0198793523799514,13.689109187111196,30.245588784950318,60.4795381709204,66.52001222999978,84.89037432610526,52.365633064608424,19.915379861807317,6.024283157566861,8.473942988150213,8.463742290432904,2.9784830656003973
2083-11-01,13.689109187111196,30.245588784950318,60.4795381709204,66.52001222999978,84.89037432610526,52.365633064608424,19.915379861807317,6.024283157566861,8.473942988150213,8.463742290432904,2.9784830656003973,1.7783973595367764
2083-12-01,30.245588784950318,60.4795381709204,66.52001222999978,84.89037432610526,52.365633064608424,19.915379861807317,6.024283157566861,8.473942988150213,8.463742290432904,2.9784830656003973,1.7783973595367764,13.08260244690168
2084-01-01,16.096737648815523,12.44410361817143,13.097587691407783,8.460462263742402,4.337280942652932,3.6027878851788757,7.698134048905193,8.237830485756676,2.923154461156896,1.6697308264178838,11.080305123907113,25.332134022348985
2084-02-01,12.44410361817143,13.097587691407783,8.460462263742402,4.337280942652932,3.6027878851788757,7.698134048905193,8.237830485756676,2.923154461156896,1.6697308264178838,11.080305123907113,25.332134022348985,72.37107657479811
2084-03-01,51.12507228476509,33.485928792572324,12.662379923235356,4.91753740641855,8.12350982885593,8.362094378804816,2.9547708065531824,1.6697308264178838,11.080305123907113,25.332134022348985,72.37107657479811,137.24874539865633
2084-04-01,52.255028689194766,18.90620415867217,5.903599547348305,8.442541663818982,8.455292298590921,2.9784830656003973,1.6697308264178838,11.080305123907113,25.332134022348985,72.37107657479811,137.24874539865633,130.02211659962305
2084-05-01,18.90620415867217,5.903599547348305,8.442541663818982,8.455292298590921,2.9784830656003973,1.6697308264178838,11.080305123907113,25.332134022348985,72.37107657479811,137.24874539865633,130.02211659962305,75.1323811752789
2084-06-01,5.903599547348305,8.442541663818982,8.455292298590921,2.9784830656003973,1.6697308264178838,11.080305123907113,25.332134022348985,72.37107657479811,137.24874539865633,130.02211659962305,75.1323811752789,22.24596285197767
2084-07-01,8.442541663818982,8.455292298590921,2.9784830656003973,1.6697308264178838,11.080305123907113,25.332134022348985,72.37107657479811,137.24874539865633,130.02211659962305,75.1323811752789,22.24596285197767,6.381666080311203
2084-08-01,8.455292298590921,2.9784830656003973,1.6697308264178838,11.080305123907113,25.332134022348985,72.37107657479811,137.24874539865633,130.02211659962305,75.1323811752789,22.24596285197767,6.381666080311203,8.558238296304651
2084-09-01,2.9784830656003973,1.6697308264178838,11.080305123907113,25.332134022348985,72.37107657479811,137.24874539865633,130.02211659962305,75.1323811752789,22.24596285197767,6.381666080311203,8.558238296304651,8.504279388161637
2084-10-01,1.6697308264178838,11.080305123907113,25.332134022348985,72.37107657479811,137.24874539865633,130.02211659962305,75.1323811752789,22.24596285197767,6.381666080311203,8.558238296304651,8.504279388161637,2.9905904396571987
2084-11-01,11.080305123907113,25.332134022348985,72.37107657479811,137.24874539865633,130.02211659962305,75.1323811752789,22.24596285197767,6.381666080311203,8.558238296304651,8.504279388161637,2.9905904396571987,1.6741178100916159
2084-12-01,25.332134022348985,72.37107657479811,137.24874539865633,130.02211659962305,75.1323811752789,22.24596285197767,6.381666080311203,8.558238296304651,8.504279388161637,2.9905904396571987,1.6741178100916159,28.267856317559495
2085-01-01,69.21402959361767,369.1773350033562,239.79152660568764,111.40854845112098,18.97473208864615,5.739798781251883,8.204464366969402,8.453990415446391,2.977368354237408,1.6741178100916159,28.267856317559495,28.79647741702136
2085-02-01,369.1773350033562,239.79152660568764,111.40854845112098,18.97473208864615,5.739798781251883,8.204464366969402,8.453990415446391,2.977368354237408,1.6741178100916159,28.267856317559495,28.79647741702136,107.99850834539552
2085-03-01,177.066149459365,90.67931000778265,19.054461787091487,6.041261227525625,8.341228769463607,8.46315223583909,2.9836927908197177,1.6741178100916159,28.267856317559495,28.79647741702136,107.99850834539552,122.70323082626633
2085-04-01,75.1323811752789,19.11425906092549,6.267358062230933,8.443802071334261,8.470023601133613,2.98843611825645,1.6741178100916159,28.267856317559495,28.79647741702136,107.99850834539552,122.70323082626633,121.77370537701375
2085-05-01,19.11425906092549,6.267358062230933,8.443802071334261,8.470023601133613,2.98843611825645,1.6741178100916159,28.267856317559495,28.79647741702136,107.99850834539552,122.70323082626633,121.77370537701375,78.22140193474104
2085-06-01,6.267358062230933,8.443802071334261,8.470023601133613,2.98843611825645,1.6741178100916159,28.267856317559495,28.79647741702136,107.99850834539552,122.70323082626633,121.77370537701375,78.22140193474104,22.021117961412106
2085-07-01,8.443802071334261,8.470023601133613,2.98843611825645,1.6741178100916159,28.267856317559495,28.79647741702136,107.99850834539552,122.70323082626633,121.77370537701375,78.22140193474104,22.021117961412106,6.3182717824326335
2085-08-01,8.470023601133613,2.98843611825645,1.6741178100916159,28.267856317559495,28.79647741702136,107.99850834539552,122.70323082626633,121.77370537701375,78.22140193474104,22.021117961412106,6.3182717824326335,8.41688910998167
2085-09-01,2.98843611825645,1.6741178100916159,28.267856317559495,28.79647741702136,107.99850834539552,122.70323082626633,121.77370537701375,78.22140193474104,22.021117961412106,6.3182717824326335,8.41688910998167,18.7062678333911
2085-10-01,1.6741178100916159,28.267856317559495,28.79647741702136,107.99850834539552,122.70323082626633,121.77370537701375,78.22140193474104,22.021117961412106,6.3182717824326335,8.41688910998167,18.7062678333911,2.994516955510151
2085-11-01,28.267856317559495,28.79647741702136,107.99850834539552,122.70323082626633,121.77370537701375,78.22140193474104,22.021117961412106,6.3182717824326335,8.41688910998167,18.7062678333911,2.994516955510151,1.62647623520202
2085-12-01,28.79647741702136,107.99850834539552,122.70323082626633,121.77370537701375,78.22140193474104,22.021117961412106,6.3182717824326335,8.41688910998167,18.7062678333911,2.994516955510151,1.62647623520202,15.196595074104563
2086-01-01,244.13881484926557,305.8039823410871,203.32926217848603,125.3229674156273,32.447060114717445,5.91900177069195,8.082736243697587,54.51708946060508,3.00473212187906,1.62647623520202,15.196595074104563,70.31121484214472
2086-02-01,305.8039823410871,203.32926217848603,125.3229674156273,32.447060114717445,5.91900177069195,8.082736243697587,54.51708946060508,3.00473212187906,1.62647623520202,15.196595074104563,70.31121484214472,147.01752482063168
2086-03-01,159.7230517755431,98.47098964107153,28.278923907715637,5.91900177069195,8.270847380156358,34.0537628164828,2.998894883953969,1.62647623520202,15.196595074104563,70.31121484214472,147.01752482063168,92.377074029089
2086-04-01,78.3320063101547,25.152821752464284,5.919001770691951,8.411930732500434,18.7062678333911,2.994516955510151,1.62647623520202,15.196595074104563,70.31121484214472,147.01752482063168,92.377074029089,95.25855633768312
2086-05-01,25.152821752464284,5.919001770691951,8.411930732500434,18.7062678333911,2.994516955510151,1.62647623520202,15.196595074104563,70.31121484214472,147.01752482063168,92.377074029089,95.25855633768312,56.3950670495496
2086-06-01,5.919001770691951,8.411930732500434,18.7062678333911,2.994516955510151,1.62647623520202,15.196595074104563,70.31121484214472,147.01752482063168,92.377074029089,95.25855633768312,56.3950670495496,20.679156100624827
2086-07-01,8.411930732500434,18.7062678333911,2.994516955510151,1.62647623520202,15.196595074104563,70.31121484214472,147.01752482063168,92.377074029089,95.25855633768312,56.3950670495496,20.679156100624827,5.591979679689335
2086-08-01,18.7062678333911,2.994516955510151,1.62647623520202,15.196595074104563,70.31121484214472,147.01752482063168,92.377074029089,95.25855633768312,56.3950670495496,20.679156100624827,5.591979679689335,8.378982465564544
2086-09-01,2.994516955510151,1.62647623520202,15.196595074104563,70.31121484214472,147.01752482063168,92.377074029089,95.25855633768312,56.3950670495496,20.679156100624827,5.591979679689335,8.378982465564544,8.451258416072562
2086-10-01,1.62647623520202,15.196595074104563,70.31121484214472,147.01752482063168,92.377074029089,95.25855633768312,56.3950670495496,20.679156100624827,5.591979679689335,8.378982465564544,8.451258416072562,3.007523689530828
2086-11-01,15.196595074104563,70.31121484214472,147.01752482063168,92.377074029089,95.25855633768312,56.3950670495496,20.679156100624827,5.591979679689335,8.378982465564544,8.451258416072562,3.007523689530828,1.6208980477835044
2086-12-01,70.31121484214472,147.01752482063168,92.377074029089,95.25855633768312,56.3950670495496,20.679156100624827,5.591979679689335,8.378982465564544,8.451258416072562,3.007523689530828,1.6208980477835044,12.038715095042162
2087-01-01,405.5176775725163,94.69311727390225,59.75440674350811,26.592915195977703,11.924101707558354,4.436466515138283,7.926952456539649,8.367256627573491,3.063262424972107,1.6208980477835044,11.319533329033659,115.53014237993524
2087-02-01,94.69311727390225,59.75440674350811,26.592915195977703,11.924101707558354,4.436466515138283,7.926952456539649,8.367256627573491,3.063262424972107,1.6208980477835044,11.319533329033659,115.53014237993524,95.74357259542896
2087-03-01,77.04552731370973,43.55951375492527,15.137444908709378,5.046767312975922,8.15089378308446,8.404786997695592,3.031411719005662,1.6208980477835044,11.319533329033659,115.53014237993524,95.74357259542896,138.11993748810983
2087-04-01,56.284462674135945,17.54745230957265,5.504492911354151,8.318849777993067,8.432934775287167,3.007523689530828,1.6208980477835044,11.319533329033659,115.53014237993524,95.74357259542896,138.11993748810983,127.34456821257216
2087-05-01,17.54745230957265,5.504492911354151,8.318849777993067,8.432934775287167,3.007523689530828,1.6208980477835044,11.319533329033659,115.53014237993524,95.74357259542896,138.11993748810983,127.34456821257216,80.70708939481818
2087-06-01,5.504492911354151,8.318849777993067,8.432934775287167,3.007523689530828,1.6208980477835044,11.319533329033659,115.53014237993524,95.74357259542896,138.11993748810983,127.34456821257216,80.70708939481818,18.207599252014724
2087-07-01,8.318849777993067,8.432934775287167,3.007523689530828,1.6208980477835044,11.319533329033659,115.53014237993524,95.74357259542896,138.11993748810983,127.34456821257216,80.70708939481818,18.207599252014724,5.881419381831166
2087-08-01,8.432934775287167,3.007523689530828,1.6208980477835044,11.319533329033659,115.53014237993524,95.74357259542896,138.11993748810983,127.34456821257216,80.70708939481818,18.207599252014724,5.881419381831166,8.470407203355244
2087-09-01,3.007523689530828,1.6208980477835044,11.319533329033659,115.53014237993524,95.74357259542896,138.11993748810983,127.34456821257216,80.70708939481818,18.207599252014724,5.881419381831166,8.470407203355244,8.664269124393796
2087-10-01,1.6208980477835044,11.319533329033659,115.53014237993524,95.74357259542896,138.11993748810983,127.34456821257216,80.70708939481818,18.207599252014724,5.881419381831166,8.470407203355244,8.664269124393796,3.0900846356140153
2087-11-01,11.319533329033659,115.53014237993524,95.74357259542896,138.11993748810983,127.34456821257216,80.70708939481818,18.207599252014724,5.881419381831166,8.470407203355244,8.664269124393796,3.0900846356140153,5.801710540352545
2087-12-01,115.53014237993524,95.74357259542896,138.11993748810983,127.34456821257216,80.70708939481818,18.207599252014724,5.881419381831166,8.470407203355244,8.664269124393796,3.0900846356140153,5.801710540352545,28.058076401455853
2088-01-01,175.43243686448477,291.90858076935643,228.3981449384989,136.50856098597453,14.87483052393637,6.143571478326747,8.608960870669447,9.410551653651497,3.4347866823464512,5.801710540352545,28.777258167464357,141.71528950563794
2088-02-01,291.90858076935643,228.3981449384989,136.50856098597453,14.87483052393637,6.143571478326747,8.608960870669447,9.410551653651497,3.4347866823464512,5.801710540352545,28.777258167464357,141.71528950563794,151.7170147784064
2088-03-01,173.65020886443912,104.68520829126442,16.6881501417579,6.043762719377948,8.529787346489902,8.994575145953036,3.237814084213631,5.801710540352545,28.777258167464357,141.71528950563794,151.7170147784064,136.78473184234844
2088-04-01,80.81769377023184,18.04813985512405,5.96890615016635,8.470407203355244,8.682592765179193,3.0900846356140153,5.801710540352545,28.777258167464357,141.71528950563794,151.7170147784064,136.78473184234844,157.58096922385874
2088-05-01,18.04813985512405,5.96890615016635,8.470407203355244,8.682592765179193,3.0900846356140153,5.801710540352545,28.777258167464357,141.71528950563794,151.7170147784064,136.78473184234844,157.58096922385874,89.3769788552257
2088-06-01,5.96890615016635,8.470407203355244,8.682592765179193,3.0900846356140153,5.801710540352545,28.777258167464357,141.71528950563794,151.7170147784064,136.78473184234844,157.58096922385874,89.3769788552257,63.83249810705722
2088-07-01,8.470407203355244,8.682592765179193,3.0900846356140153,5.801710540352545,28.777258167464357,141.71528950563794,151.7170147784064,136.78473184234844,157.58096922385874,89.3769788552257,63.83249810705722,21.975533865898917
2088-08-01,8.682592765179193,3.0900846356140153,5.801710540352545,28.777258167464357,141.71528950563794,151.7170147784064,136.78473184234844,157.58096922385874,89.3769788552257,63.83249810705722,21.975533865898917,10.95792786736044
2088-09-01,3.0900846356140153,5.801710540352545,28.777258167464357,141.71528950563794,151.7170147784064,136.78473184234844,157.58096922385874,89.3769788552257,63.83249810705722,21.975533865898917,10.95792786736044,8.606425807970968
2088-10-01,5.801710540352545,28.777258167464357,141.71528950563794,151.7170147784064,136.78473184234844,157.58096922385874,89.3769788552257,63.83249810705722,21.975533865898917,10.95792786736044,8.606425807970968,2.9942217820917114
2088-11-01,28.777258167464357,141.71528950563794,151.7170147784064,136.78473184234844,157.58096922385874,89.3769788552257,63.83249810705722,21.975533865898917,10.95792786736044,8.606425807970968,2.9942217820917114,1.6772794740592802
2088-12-01,141.71528950563794,151.7170147784064,136.78473184234844,157.58096922385874,89.3769788552257,63.83249810705722,21.975533865898917,10.95792786736044,8.606425807970968,2.9942217820917114,1.6772794740592802,12.967927813597036
2089-01-01,405.5600646392923,224.98446267740698,340.86085080583865,175.0253438684468,220.90444265763563,78.17339619912329,19.80280385869283,9.073138568573242,3.0036731316711776,1.6224647432792043,12.447880624794792,31.192194213871353
2089-02-01,224.98446267740698,340.86085080583865,175.0253438684468,220.90444265763563,78.17339619912329,19.80280385869283,9.073138568573242,3.0036731316711776,1.6224647432792043,12.447880624794792,31.192194213871353,84.40960946242954
2089-03-01,236.12948990185012,126.08342100374902,131.1490457715908,46.06033200870936,14.748589006502892,8.830848864726232,2.999503401283339,1.6224647432792043,12.447880624794792,31.192194213871353,84.40960946242954,124.25226926502211
2089-04-01,89.3769788552257,63.83249810705722,21.975533865898917,10.95792786736044,8.649131586840975,2.9963761034924596,1.6224647432792043,12.447880624794792,31.192194213871353,84.40960946242954,124.25226926502211,86.02479032597077
2089-05-01,63.83249810705722,21.975533865898917,10.95792786736044,8.649131586840975,2.9963761034924596,1.6224647432792043,12.447880624794792,31.192194213871353,84.40960946242954,124.25226926502211,86.02479032597077,53.313966835738384
2089-06-01,21.975533865898917,10.95792786736044,8.649131586840975,2.9963761034924596,1.6224647432792043,12.447880624794792,31.192194213871353,84.40960946242954,124.25226926502211,86.02479032597077,53.313966835738384,15.71368695426362
2089-07-01,10.95792786736044,8.649131586840975,2.9963761034924596,1.6224647432792043,12.447880624794792,31.192194213871353,84.40960946242954,124.25226926502211,86.02479032597077,53.313966835738384,15.71368695426362,5.454067529099992
2089-08-01,8.649131586840975,2.9963761034924596,1.6224647432792043,12.447880624794792,31.192194213871353,84.40960946242954,124.25226926502211,86.02479032597077,53.313966835738384,15.71368695426362,5.454067529099992,8.277758393282669
2089-09-01,2.9963761034924596,1.6224647432792043,12.447880624794792,31.192194213871353,84.40960946242954,124.25226926502211,86.02479032597077,53.313966835738384,15.71368695426362,5.454067529099992,8.277758393282669,8.502185342216077
2089-10-01,1.6224647432792043,12.447880624794792,31.192194213871353,84.40960946242954,124.25226926502211,86.02479032597077,53.313966835738384,15.71368695426362,5.454067529099992,8.277758393282669,8.502185342216077,2.984272697678305
2089-11-01,12.447880624794792,31.192194213871353,84.40960946242954,124.25226926502211,86.02479032597077,53.313966835738384,15.71368695426362,5.454067529099992,8.277758393282669,8.502185342216077,2.984272697678305,1.678872914529891
2089-12-01,31.192194213871353,84.40960946242954,124.25226926502211,86.02479032597077,53.313966835738384,15.71368695426362,5.454067529099992,8.277758393282669,8.502185342216077,2.984272697678305,1.678872914529891,12.48504433547044
2090-01-01,45.003621748136894,31.831998477479154,18.20245969080259,12.727964233827224,4.312201366376091,3.815861837486237,7.7332104398665145,8.406542245402445,2.949207805507481,1.678872914529891,12.48504433547044,65.11784653691134
2090-02-01,31.831998477479154,18.20245969080259,12.727964233827224,4.312201366376091,3.815861837486237,7.7332104398665145,8.406542245402445,2.949207805507481,1.678872914529891,12.48504433547044,65.11784653691134,162.7607969317889
2090-03-01,53.96111228442888,35.85676322039723,10.5640623711651,4.701986936502563,8.004011393926742,8.43679214137023,2.969244886747952,1.678872914529891,12.48504433547044,65.11784653691134,162.7607969317889,132.2479320915812
2090-04-01,53.203362460324726,15.252958124756857,5.3665807607648075,8.207112109471913,8.459479563346068,2.984272697678305,1.678872914529891,12.48504433547044,65.11784653691134,162.7607969317889,132.2479320915812,101.90117642355908
2090-05-01,15.252958124756857,5.3665807607648075,8.207112109471913,8.459479563346068,2.984272697678305,1.678872914529891,12.48504433547044,65.11784653691134,162.7607969317889,132.2479320915812,101.90117642355908,64.65193735100404
2090-06-01,5.3665807607648075,8.207112109471913,8.459479563346068,2.984272697678305,1.678872914529891,12.48504433547044,65.11784653691134,162.7607969317889,132.2479320915812,101.90117642355908,64.65193735100404,20.128741805988696
2090-07-01,8.207112109471913,8.459479563346068,2.984272697678305,1.678872914529891,12.48504433547044,65.11784653691134,162.7607969317889,132.2479320915812,101.90117642355908,64.65193735100404,20.128741805988696,7.720693687849295
2090-08-01,8.459479563346068,2.984272697678305,1.678872914529891,12.48504433547044,65.11784653691134,162.7607969317889,132.2479320915812,101.90117642355908,64.65193735100404,20.128741805988696,7.720693687849295,8.355141422993126
2090-09-01,2.984272697678305,1.678872914529891,12.48504433547044,65.11784653691134,162.7607969317889,132.2479320915812,101.90117642355908,64.65193735100404,20.128741805988696,7.720693687849295,8.355141422993126,8.459249681449922
2090-10-01,1.678872914529891,12.48504433547044,65.11784653691134,162.7607969317889,132.2479320915812,101.90117642355908,64.65193735100404,20.128741805988696,7.720693687849295,8.355141422993126,8.459249681449922,3.0448179819401218
2090-11-01,12.48504433547044,65.11784653691134,162.7607969317889,132.2479320915812,101.90117642355908,64.65193735100404,20.128741805988696,7.720693687849295,8.355141422993126,8.459249681449922,3.0448179819401218,1.9172021025686008
2090-12-01,65.11784653691134,162.7607969317889,132.2479320915812,101.90117642355908,64.65193735100404,20.128741805988696,7.720693687849295,8.355141422993126,8.459249681449922,3.0448179819401218,1.9172021025686008,11.449858370393219
2091-01-01,453.6983513843983,204.56886379895445,113.90288188794004,64.2465512418841,26.310819035607718,14.420305855408328,8.405656768957526,8.40550777686978,3.2216615846856556,1.9720168333486767,11.449858370393219,31.106248424787708
2091-02-01,204.56886379895445,113.90288188794004,64.2465512418841,26.310819035607718,14.420305855408328,8.405656768957526,8.40550777686978,3.2216615846856556,1.9720168333486767,11.449858370393219,31.106248424787708,69.39648656557986
2091-03-01,110.04172939190644,64.47820044709549,23.041477092686428,10.64194848442327,8.405656768957526,8.43621743662986,3.1206080974024935,1.9720168333486767,11.449858370393219,31.106248424787708,69.39648656557986,132.48156602184403
2091-04-01,64.65193735100404,20.58947063549546,7.808180456184479,8.405656768957526,8.459249681449922,3.0448179819401218,1.9720168333486767,11.449858370393219,31.106248424787708,69.39648656557986,132.48156602184403,138.70067463184952
2091-05-01,20.58947063549546,7.808180456184479,8.405656768957526,8.459249681449922,3.0448179819401218,1.9720168333486767,11.449858370393219,31.106248424787708,69.39648656557986,132.48156602184403,138.70067463184952,59.91204367651457
2091-06-01,7.808180456184479,8.405656768957526,8.459249681449922,3.0448179819401218,1.9720168333486767,11.449858370393219,31.106248424787708,69.39648656557986,132.48156602184403,138.70067463184952,59.91204367651457,17.311423692121277
2091-07-01,8.405656768957526,8.459249681449922,3.0448179819401218,1.9720168333486767,11.449858370393219,31.106248424787708,69.39648656557986,132.48156602184403,138.70067463184952,59.91204367651457,17.311423692121277,5.680867084537283
2091-08-01,8.459249681449922,3.0448179819401218,1.9720168333486767,11.449858370393219,31.106248424787708,69.39648656557986,132.48156602184403,138.70067463184952,59.91204367651457,17.311423692121277,5.680867084537283,9.84498482646259
2091-09-01,3.0448179819401218,1.9720168333486767,11.449858370393219,31.106248424787708,69.39648656557986,132.48156602184403,138.70067463184952,59.91204367651457,17.311423692121277,5.680867084537283,9.84498482646259,8.982559592379566
2091-10-01,1.9720168333486767,11.449858370393219,31.106248424787708,69.39648656557986,132.48156602184403,138.70067463184952,59.91204367651457,17.311423692121277,5.680867084537283,9.84498482646259,8.982559592379566,3.222428286875975
2091-11-01,11.449858370393219,31.106248424787708,69.39648656557986,132.48156602184403,138.70067463184952,59.91204367651457,17.311423692121277,5.680867084537283,9.84498482646259,8.982559592379566,3.222428286875975,2.3049345272960124
2091-12-01,31.106248424787708,69.39648656557986,132.48156602184403,138.70067463184952,59.91204367651457,17.311423692121277,5.680867084537283,9.84498482646259,8.982559592379566,3.222428286875975,2.3049345272960124,10.67262223173392
2092-01-01,32.516779558429484,68.86383388317786,255.89952514179723,42.859117405378655,11.502016686735551,4.836459836954048,14.882633027730314,10.760402376053179,4.020907956896996,2.413601060414905,10.67262223173392,33.095313253848154
2092-02-01,68.86383388317786,255.89952514179723,42.859117405378655,11.502016686735551,4.836459836954048,14.882633027730314,10.760402376053179,4.020907956896996,2.413601060414905,10.67262223173392,33.095313253848154,93.36073916219439
2092-03-01,188.92875342182708,52.338904754357586,14.558404215809244,5.2689858250957915,12.003976912720187,9.744492213953972,3.5646338597421265,2.413601060414905,10.67262223173392,33.095313253848154,93.36073916219439,105.39034078520054
2092-04-01,59.44874526609179,16.850694862614514,5.593380316202099,9.84498482646259,8.982559592379566,3.222428286875975,2.413601060414905,10.67262223173392,33.095313253848154,93.36073916219439,105.39034078520054,112.80914704450029
2092-05-01,16.850694862614514,5.593380316202099,9.84498482646259,8.982559592379566,3.222428286875975,2.413601060414905,10.67262223173392,33.095313253848154,93.36073916219439,105.39034078520054,112.80914704450029,60.530991125223906
2092-06-01,5.593380316202099,9.84498482646259,8.982559592379566,3.222428286875975,2.413601060414905,10.67262223173392,33.095313253848154,93.36073916219439,105.39034078520054,112.80914704450029,60.530991125223906,16.2497256511696
2092-07-01,9.84498482646259,8.982559592379566,3.222428286875975,2.413601060414905,10.67262223173392,33.095313253848154,93.36073916219439,105.39034078520054,112.80914704450029,60.530991125223906,16.2497256511696,5.567615666089289
2092-08-01,8.982559592379566,3.222428286875975,2.413601060414905,10.67262223173392,33.095313253848154,93.36073916219439,105.39034078520054,112.80914704450029,60.530991125223906,16.2497256511696,5.567615666089289,8.352508403788056
2092-09-01,3.222428286875975,2.413601060414905,10.67262223173392,33.095313253848154,93.36073916219439,105.39034078520054,112.80914704450029,60.530991125223906,16.2497256511696,5.567615666089289,8.352508403788056,14.800186522732421
2092-10-01,2.413601060414905,10.67262223173392,33.095313253848154,93.36073916219439,105.39034078520054,112.80914704450029,60.530991125223906,16.2497256511696,5.567615666089289,8.352508403788056,14.800186522732421,3.597574915309385
2092-11-01,10.67262223173392,33.095313253848154,93.36073916219439,105.39034078520054,112.80914704450029,60.530991125223906,16.2497256511696,5.567615666089289,8.352508403788056,14.800186522732421,3.597574915309385,1.7787045407776523
2092-12-01,33.095313253848154,93.36073916219439,105.39034078520054,112.80914704450029,60.530991125223906,16.2497256511696,5.567615666089289,8.352508403788056,14.800186522732421,3.597574915309385,1.7787045407776523,11.867596991736438
2093-01-01,178.91639783024115,80.01358447153994,139.59821105117496,47.72922377147317,8.79765523523344,4.7205189114463995,8.166489125694913,36.93972356264103,5.709382049910764,1.6700380076587598,11.668462414530179,32.698417487863594
2093-02-01,80.01358447153994,139.59821105117496,47.72922377147317,8.79765523523344,4.7205189114463995,8.166489125694913,36.93972356264103,5.709382049910764,1.6700380076587598,11.668462414530179,32.698417487863594,75.30156150981051
2093-03-01,125.25273471570041,55.04451940218787,13.055981187196961,5.204574199813765,8.272785856033853,24.288559539836108,4.50407175614277,1.6700380076587598,11.668462414530179,32.698417487863594,75.30156150981051,133.40148278723441
2093-04-01,60.530991125223906,16.2497256511696,5.567615666089289,8.352508403788056,14.800186522732421,3.6000890358167754,1.6700380076587598,11.668462414530179,32.698417487863594,75.30156150981051,133.40148278723441,146.05293865058093
2093-05-01,16.2497256511696,5.567615666089289,8.352508403788056,14.800186522732421,3.6000890358167754,1.6700380076587598,11.668462414530179,32.698417487863594,75.30156150981051,133.40148278723441,146.05293865058093,61.52318747752932
2093-06-01,5.567615666089289,8.352508403788056,14.800186522732421,3.6000890358167754,1.6700380076587598,11.668462414530179,32.698417487863594,75.30156150981051,133.40148278723441,146.05293865058093,61.52318747752932,16.05825905168217
2093-07-01,8.352508403788056,14.800186522732421,3.6000890358167754,1.6700380076587598,11.668462414530179,32.698417487863594,75.30156150981051,133.40148278723441,146.05293865058093,61.52318747752932,16.05825905168217,5.5770835679494954
2093-08-01,14.800186522732421,3.6000890358167754,1.6700380076587598,11.668462414530179,32.698417487863594,75.30156150981051,133.40148278723441,146.05293865058093,61.52318747752932,16.05825905168217,5.5770835679494954,8.305277484384971
2093-09-01,3.6000890358167754,1.6700380076587598,11.668462414530179,32.698417487863594,75.30156150981051,133.40148278723441,146.05293865058093,61.52318747752932,16.05825905168217,5.5770835679494954,8.305277484384971,8.458027579753601
2093-10-01,1.6700380076587598,11.668462414530179,32.698417487863594,75.30156150981051,133.40148278723441,146.05293865058093,61.52318747752932,16.05825905168217,5.5770835679494954,8.305277484384971,8.458027579753601,3.2175163540300447
2093-11-01,11.668462414530179,32.698417487863594,75.30156150981051,133.40148278723441,146.05293865058093,61.52318747752932,16.05825905168217,5.5770835679494954,8.305277484384971,8.458027579753601,3.2175163540300447,1.6197960848018322
2093-12-01,32.698417487863594,75.30156150981051,133.40148278723441,146.05293865058093,61.52318747752932,16.05825905168217,5.5770835679494954,8.305277484384971,8.458027579753601,3.2175163540300447,1.6197960848018322,10.520142180485008
2094-01-01,60.13179198549567,209.75984192939396,282.3698394619228,52.1941073568475,7.93605553754001,4.763124469817334,7.953949988381034,8.40000831923634,3.988533149404012,1.6197960848018322,9.586616676967894,31.32655911330634
2094-02-01,209.75984192939396,282.3698394619228,52.1941073568475,7.93605553754001,4.763124469817334,7.953949988381034,8.40000831923634,3.988533149404012,1.6197960848018322,9.586616676967894,31.32655911330634,72.08960530864077
2094-03-01,207.924653039712,57.52501028295139,12.577314688478388,5.228243954464283,8.154708557526142,8.433162182389061,3.5512808893436234,1.6197960848018322,9.586616676967894,31.32655911330634,72.08960530864077,185.69733924397121
2094-04-01,61.52318747752932,16.05825905168217,5.5770835679494954,8.305277484384971,8.458027579753601,3.2233416942983317,1.6197960848018322,9.586616676967894,31.32655911330634,72.08960530864077,185.69733924397121,242.00959419047632
2094-05-01,16.05825905168217,5.5770835679494954,8.305277484384971,8.458027579753601,3.2233416942983317,1.6197960848018322,9.586616676967894,31.32655911330634,72.08960530864077,185.69733924397121,242.00959419047632,69.07643759162224
2094-06-01,5.5770835679494954,8.305277484384971,8.458027579753601,3.2233416942983317,1.6197960848018322,9.586616676967894,31.32655911330634,72.08960530864077,185.69733924397121,242.00959419047632,69.07643759162224,21.979609842667745
2094-07-01,8.305277484384971,8.458027579753601,3.2233416942983317,1.6197960848018322,9.586616676967894,31.32655911330634,72.08960530864077,185.69733924397121,242.00959419047632,69.07643759162224,21.979609842667745,6.407819243033649
2094-08-01,8.458027579753601,3.2233416942983317,1.6197960848018322,9.586616676967894,31.32655911330634,72.08960530864077,185.69733924397121,242.00959419047632,69.07643759162224,21.979609842667745,6.407819243033649,8.64289304071457
2094-09-01,3.2233416942983317,1.6197960848018322,9.586616676967894,31.32655911330634,72.08960530864077,185.69733924397121,242.00959419047632,69.07643759162224,21.979609842667745,6.407819243033649,8.64289304071457,8.476090023708638
2094-10-01,1.6197960848018322,9.586616676967894,31.32655911330634,72.08960530864077,185.69733924397121,242.00959419047632,69.07643759162224,21.979609842667745,6.407819243033649,8.64289304071457,8.476090023708638,3.003720072526998
2094-11-01,9.586616676967894,31.32655911330634,72.08960530864077,185.69733924397121,242.00959419047632,69.07643759162224,21.979609842667745,6.407819243033649,8.64289304071457,8.476090023708638,3.003720072526998,1.6220942851174633
2094-12-01,31.32655911330634,72.08960530864077,185.69733924397121,242.00959419047632,69.07643759162224,21.979609842667745,6.407819243033649,8.64289304071457,8.476090023708638,3.003720072526998,1.6220942851174633,9.478806880155247
2095-01-01,44.63581390220356,314.75165205615025,689.8362198276335,86.18373287026562,34.63972520066343,8.501435007696024,9.475736359095018,8.481289317034005,3.000235851433012,1.6220942851174633,8.89152018442383,26.071025774497613
2095-02-01,314.75165205615025,689.8362198276335,86.18373287026562,34.63972520066343,8.501435007696024,9.475736359095018,8.481289317034005,3.000235851433012,1.6220942851174633,8.89152018442383,26.071025774497613,56.0967496314129
2095-03-01,446.8799355198157,76.40813556818368,27.668647184384046,7.3050831421746665,9.011329284504107,8.47831829227665,3.0022268349152896,1.6220942851174633,8.89152018442383,26.071025774497613,56.0967496314129,147.73951790055693
2095-04-01,69.07643759162224,22.44033867217451,6.407819243033649,8.663023978560927,8.476090023708638,3.003720072526998,1.6220942851174633,8.89152018442383,26.071025774497613,56.0967496314129,147.73951790055693,115.69784143049272
2095-05-01,22.44033867217451,6.407819243033649,8.663023978560927,8.476090023708638,3.003720072526998,1.6220942851174633,8.89152018442383,26.071025774497613,56.0967496314129,147.73951790055693,115.69784143049272,53.35194103581901
2095-06-01,6.407819243033649,8.663023978560927,8.476090023708638,3.003720072526998,1.6220942851174633,8.89152018442383,26.071025774497613,56.0967496314129,147.73951790055693,115.69784143049272,53.35194103581901,15.702995749995962
2095-07-01,8.663023978560927,8.476090023708638,3.003720072526998,1.6220942851174633,8.89152018442383,26.071025774497613,56.0967496314129,147.73951790055693,115.69784143049272,53.35194103581901,15.702995749995962,5.270439329026307
2095-08-01,8.476090023708638,3.003720072526998,1.6220942851174633,8.89152018442383,26.071025774497613,56.0967496314129,147.73951790055693,115.69784143049272,53.35194103581901,15.702995749995962,5.270439329026307,8.27504662914341
2095-09-01,3.003720072526998,1.6220942851174633,8.89152018442383,26.071025774497613,56.0967496314129,147.73951790055693,115.69784143049272,53.35194103581901,15.702995749995962,5.270439329026307,8.27504662914341,8.445952464939069
2095-10-01,1.6220942851174633,8.89152018442383,26.071025774497613,56.0967496314129,147.73951790055693,115.69784143049272,53.35194103581901,15.702995749995962,5.270439329026307,8.27504662914341,8.445952464939069,2.9917800628454945
2095-11-01,8.89152018442383,26.071025774497613,56.0967496314129,147.73951790055693,115.69784143049272,53.35194103581901,15.702995749995962,5.270439329026307,8.27504662914341,8.445952464939069,2.9917800628454945,3.1386634964686757
2095-12-01,26.071025774497613,56.0967496314129,147.73951790055693,115.69784143049272,53.35194103581901,15.702995749995962,5.270439329026307,8.27504662914341,8.445952464939069,2.9917800628454945,3.1386634964686757,9.251654102650239
2096-01-01,9.76609191700164,43.27480769693859,16.662614952255154,15.243284687782378,4.2640909471716295,3.3825876408761886,7.727321919485407,8.34337984747277,2.946008061995676,3.1386634964686757,8.650466346871614,28.804266592915766
2096-02-01,43.27480769693859,16.662614952255154,15.243284687782378,4.2640909471716295,3.3825876408761886,7.727321919485407,8.34337984747277,2.946008061995676,3.1386634964686757,8.650466346871614,28.804266592915766,59.50305298370668
2096-03-01,60.309528312118836,36.19582577183191,10.537334360495954,4.458444588222323,8.028804074806349,8.391522119861857,2.9698880813586834,3.1386634964686757,8.650466346871614,28.804266592915766,59.50305298370668,123.04498522761338
2096-04-01,51.910231584869074,15.242266920489199,5.265337298731924,8.254915691297054,8.427628824153674,2.9877980958809385,3.1386634964686757,8.650466346871614,28.804266592915766,59.50305298370668,123.04498522761338,122.03628578206289
2096-05-01,15.242266920489199,5.265337298731924,8.254915691297054,8.427628824153674,2.9877980958809385,3.1386634964686757,8.650466346871614,28.804266592915766,59.50305298370668,123.04498522761338,122.03628578206289,57.15324855564591
2096-06-01,5.265337298731924,8.254915691297054,8.427628824153674,2.9877980958809385,3.1386634964686757,8.650466346871614,28.804266592915766,59.50305298370668,123.04498522761338,122.03628578206289,57.15324855564591,16.108637333608872
2096-07-01,8.254915691297054,8.427628824153674,2.9877980958809385,3.1386634964686757,8.650466346871614,28.804266592915766,59.50305298370668,123.04498522761338,122.03628578206289,57.15324855564591,16.108637333608872,5.6939489174202995
2096-08-01,8.427628824153674,2.9877980958809385,3.1386634964686757,8.650466346871614,28.804266592915766,59.50305298370668,123.04498522761338,122.03628578206289,57.15324855564591,16.108637333608872,5.6939489174202995,8.351817251045018
2096-09-01,2.9877980958809385,3.1386634964686757,8.650466346871614,28.804266592915766,59.50305298370668,123.04498522761338,122.03628578206289,57.15324855564591,16.108637333608872,5.6939489174202995,8.351817251045018,8.444437246764696
2096-10-01,3.1386634964686757,8.650466346871614,28.804266592915766,59.50305298370668,123.04498522761338,122.03628578206289,57.15324855564591,16.108637333608872,5.6939489174202995,8.351817251045018,8.444437246764696,2.9941978373001636
2096-11-01,8.650466346871614,28.804266592915766,59.50305298370668,123.04498522761338,122.03628578206289,57.15324855564591,16.108637333608872,5.6939489174202995,8.351817251045018,8.444437246764696,2.9941978373001636,4.393991065547729
2096-12-01,28.804266592915766,59.50305298370668,123.04498522761338,122.03628578206289,57.15324855564591,16.108637333608872,5.6939489174202995,8.351817251045018,8.444437246764696,2.9941978373001636,4.393991065547729,10.539379278996016
2097-01-01,40.22085948332651,26.399220309139928,149.956331989773,38.57077682725587,8.120427486782305,5.297456664701721,8.16337893835124,8.419017749222371,2.9748068983821883,4.5648090197704,11.14056703477464,44.03894301405455
2097-02-01,26.399220309139928,149.956331989773,38.57077682725587,8.120427486782305,5.297456664701721,8.16337893835124,8.419017749222371,2.9748068983821883,4.5648090197704,11.14056703477464,44.03894301405455,89.54119177680352
2097-03-01,146.94666449878213,47.97294705366263,12.491608796155898,5.460557333582488,8.271057974176255,8.433543176389414,2.9858874349067457,4.5648090197704,11.14056703477464,44.03894301405455,89.54119177680352,107.99640526492794
2097-04-01,55.02457472346771,15.769994778186092,5.582882835243065,8.351817251045018,8.444437246764696,2.9941978373001636,4.5648090197704,11.14056703477464,44.03894301405455,89.54119177680352,107.99640526492794,118.94568000285956
2097-05-01,15.769994778186092,5.582882835243065,8.351817251045018,8.444437246764696,2.9941978373001636,4.5648090197704,11.14056703477464,44.03894301405455,89.54119177680352,107.99640526492794,118.94568000285956,49.28574565744148
2097-06-01,5.582882835243065,8.351817251045018,8.444437246764696,2.9941978373001636,4.5648090197704,11.14056703477464,44.03894301405455,89.54119177680352,107.99640526492794,118.94568000285956,49.28574565744148,15.098187578324053
2097-07-01,8.351817251045018,8.444437246764696,2.9941978373001636,4.5648090197704,11.14056703477464,44.03894301405455,89.54119177680352,107.99640526492794,118.94568000285956,49.28574565744148,15.098187578324053,5.681066993867702
2097-08-01,8.444437246764696,2.9941978373001636,4.5648090197704,11.14056703477464,44.03894301405455,89.54119177680352,107.99640526492794,118.94568000285956,49.28574565744148,15.098187578324053,5.681066993867702,8.266311751006832
2097-09-01,2.9941978373001636,4.5648090197704,11.14056703477464,44.03894301405455,89.54119177680352,107.99640526492794,118.94568000285956,49.28574565744148,15.098187578324053,5.681066993867702,8.266311751006832,9.395848211847433
2097-10-01,4.5648090197704,11.14056703477464,44.03894301405455,89.54119177680352,107.99640526492794,118.94568000285956,49.28574565744148,15.098187578324053,5.681066993867702,8.266311751006832,9.395848211847433,15.402946892264747
2097-11-01,11.14056703477464,44.03894301405455,89.54119177680352,107.99640526492794,118.94568000285956,49.28574565744148,15.098187578324053,5.681066993867702,8.266311751006832,9.395848211847433,15.402946892264747,1.815788084311239
2097-12-01,44.03894301405455,89.54119177680352,107.99640526492794,118.94568000285956,49.28574565744148,15.098187578324053,5.681066993867702,8.266311751006832,9.395848211847433,15.402946892264747,1.815788084311239,9.250364264070287
2098-01-01,175.81266189895678,91.74087463031329,34.109529540215476,12.746046030137858,5.097295087403136,5.7476022906047195,7.763164464921876,12.702657547192862,58.81467539159339,1.6449701300885682,9.250364264070287,26.447497015181877
2098-02-01,91.74087463031329,34.109529540215476,12.746046030137858,5.097295087403136,5.7476022906047195,7.763164464921876,12.702657547192862,58.81467539159339,1.6449701300885682,9.250364264070287,26.447497015181877,56.74911316348739
2098-03-01,82.58732980458352,33.62587438859707,10.812090796500803,5.7476022906047195,7.98009560779316,10.823522864587128,34.010248801671054,1.6449701300885682,9.250364264070287,26.447497015181877,56.74911316348739,92.341192896299
2098-04-01,49.28574565744148,15.098187578324053,5.7476022906047195,8.142793964946623,9.414171852632828,15.406928859229303,1.6449701300885682,9.250364264070287,26.447497015181877,56.74911316348739,92.341192896299,115.20343636393628
2098-05-01,15.098187578324053,5.7476022906047195,8.142793964946623,9.414171852632828,15.406928859229303,1.6449701300885682,9.250364264070287,26.447497015181877,56.74911316348739,92.341192896299,115.20343636393628,48.90429633611774
2098-06-01,5.7476022906047195,8.142793964946623,9.414171852632828,15.406928859229303,1.6449701300885682,9.250364264070287,26.447497015181877,56.74911316348739,92.341192896299,115.20343636393628,48.90429633611774,15.65298880666417
2098-07-01,8.142793964946623,9.414171852632828,15.406928859229303,1.6449701300885682,9.250364264070287,26.447497015181877,56.74911316348739,92.341192896299,115.20343636393628,48.90429633611774,15.65298880666417,5.213288803433968
2098-08-01,9.414171852632828,15.406928859229303,1.6449701300885682,9.250364264070287,26.447497015181877,56.74911316348739,92.341192896299,115.20343636393628,48.90429633611774,15.65298880666417,5.213288803433968,8.12311300813598
2098-09-01,15.406928859229303,1.6449701300885682,9.250364264070287,26.447497015181877,56.74911316348739,92.341192896299,115.20343636393628,48.90429633611774,15.65298880666417,5.213288803433968,8.12311300813598,8.433589483126426
2098-10-01,1.6449701300885682,9.250364264070287,26.447497015181877,56.74911316348739,92.341192896299,115.20343636393628,48.90429633611774,15.65298880666417,5.213288803433968,8.12311300813598,8.433589483126426,2.9958588714733496
2098-11-01,9.250364264070287,26.447497015181877,56.74911316348739,92.341192896299,115.20343636393628,48.90429633611774,15.65298880666417,5.213288803433968,8.12311300813598,8.433589483126426,2.9958588714733496,1.62358147541827
2098-12-01,26.447497015181877,56.74911316348739,92.341192896299,115.20343636393628,48.90429633611774,15.65298880666417,5.213288803433968,8.12311300813598,8.433589483126426,2.9958588714733496,1.62358147541827,16.33082677691042
2099-01-01,13.121905658031375,21.292418971483016,17.269433165060725,11.029524084181013,7.460902783345748,3.334874686244207,7.672830992841974,8.287746429315877,2.964860446691592,1.5687667446381943,16.33082677691042,52.21258050632282
