Date,flw
2006-01-01,0.008799467306328836
2006-01-02,0.008881297761159649
2006-01-03,0.009635708298209845
2006-01-04,0.008529171560044908
2006-01-05,0.00822989897817488
2006-01-06,0.008450648179282927
2006-01-07,0.00831343304427088
2006-01-08,0.008625864014356967
2006-01-09,0.008304682695205035
2006-01-10,0.009812211616343089
2006-01-11,0.009115978684747594
2006-01-12,0.008266617680846257
2006-01-13,0.008397606150213314
2006-01-14,0.00827296579999182
2006-01-15,0.008274703132933929
2006-01-16,0.008276962605528456
2006-01-17,0.00872789558682096
2006-01-18,0.008591165642349364
2006-01-19,0.008364621190801254
2006-01-20,0.008283800928426975
2006-01-21,0.009175370843834496
2006-01-22,0.008318111070190776
2006-01-23,0.008286441723371995
2006-01-24,0.008509374070176932
2006-01-25,0.013012906356615141
2006-01-26,0.012739691076243178
2006-01-27,0.018097179113988577
2006-01-28,0.014414574292383974
2006-01-29,0.012764532334679135
2006-01-30,0.017479056347414066
2006-01-31,0.022476811098811795
2006-02-01,0.013998322705914116
2006-02-02,0.030420247737092867
2006-02-03,0.12551248511414986
2006-02-04,0.12497241396359435
2006-02-05,0.01646571895220284
2006-02-06,0.010384083444849639
2006-02-07,0.014333468501981288
2006-02-08,0.1168700244785908
2006-02-09,0.024953020486359525
2006-02-10,0.023203293760593595
2006-02-11,0.03537405293649858
2006-02-12,0.11698649996404062
2006-02-13,0.038699995666330256
2006-02-14,0.03599844677404788
2006-02-15,0.04503820932901262
2006-02-16,0.04328451493198183
2006-02-17,0.0694692011425011
2006-02-18,0.05410503848033462
2006-02-19,0.05541033339852285
2006-02-20,0.06900746093188953
2006-02-21,0.06029445742227205
2006-02-22,0.06818674122900642
2006-02-23,0.07424058255267822
2006-02-24,0.07070597289237364
2006-02-25,0.076840527324885
2006-02-26,0.0676490721267631
2006-02-27,0.0751096001926644
2006-02-28,0.06448325966951594
2006-03-01,0.12482808139571558
2006-03-02,0.09692177086435852
2006-03-03,0.1337883446048688
2006-03-04,0.0927371689418402
2006-03-05,0.11043124180350826
2006-03-06,0.12907096549542865
2006-03-07,0.15624785244835787
2006-03-08,0.11895825117215146
2006-03-09,0.14775657569324754
2006-03-10,0.1484276495678159
2006-03-11,0.15621650881050847
2006-03-12,0.18774929735454987
2006-03-13,0.21727356888255178
2006-03-14,0.3160803227793751
2006-03-15,0.20698591666459282
2006-03-16,0.22702823866154076
2006-03-17,0.23487220543899748
2006-03-18,0.18273478436827603
2006-03-19,0.5662808337618942
2006-03-20,0.7401099347891816
2006-03-21,0.33791974858132995
2006-03-22,0.3793250573115636
2006-03-23,0.5277742773284688
2006-03-24,0.7043563408228699
2006-03-25,0.8182017238327519
2006-03-26,0.7635066883727716
2006-03-27,0.6383693567547427
2006-03-28,0.7627461982388607
2006-03-29,0.8533332218951678
2006-03-30,0.34257921110824957
2006-03-31,0.33154357337860785
2006-04-01,0.4123978989252313
2006-04-02,0.4449690724708843
2006-04-03,0.6537820700584868
2006-04-04,0.6555047828856382
2006-04-05,0.36619706884031167
2006-04-06,0.33360500786965663
2006-04-07,0.3131113788639147
2006-04-08,0.299930494945566
2006-04-09,0.2779339097036612
2006-04-10,0.3122448917990432
2006-04-11,0.5040514280847407
2006-04-12,0.6908650495133928
2006-04-13,0.3169257994253497
2006-04-14,0.5188130778392123
2006-04-15,0.5264561303412187
2006-04-16,0.5015495843914934
2006-04-17,0.8091953137623698
2006-04-18,0.608186085479863
2006-04-19,0.6585570992601165
2006-04-20,0.8889309973213287
2006-04-21,0.8402602929855699
2006-04-22,1.0298211788578033
2006-04-23,1.0127378096368906
2006-04-24,1.1239804525907116
2006-04-25,1.0463424190300368
2006-04-26,1.044809177211458
2006-04-27,0.9180349398048874
2006-04-28,0.8419456083993008
2006-04-29,0.9527674526534764
2006-04-30,0.9436888493898279
2006-05-01,0.8096012150766791
2006-05-02,0.7576396318488872
2006-05-03,0.7205220182704265
2006-05-04,0.67325073566602
2006-05-05,0.6706157888960108
2006-05-06,0.7834637948396662
2006-05-07,0.8220740312725939
2006-05-08,0.7561013757506873
2006-05-09,0.6759606840160569
2006-05-10,0.7621200644858468
2006-05-11,0.7695228235469024
2006-05-12,0.96606094978205
2006-05-13,1.2379458684939466
2006-05-14,1.3651991717914658
2006-05-15,1.3204932072341413
2006-05-16,1.6153940202754347
2006-05-17,1.6095735874176742
2006-05-18,1.7697550020232842
2006-05-19,1.8861012206383423
2006-05-20,1.5470464958354133
2006-05-21,1.7036416231395726
2006-05-22,2.3048314290623115
2006-05-23,1.9424443238239306
2006-05-24,1.7786766859956198
2006-05-25,1.6930871486564663
2006-05-26,1.5509313266199696
2006-05-27,1.3579501389687505
2006-05-28,1.3394345165730779
2006-05-29,1.5163113287271917
2006-05-30,1.5944376004436995
2006-05-31,2.0541748738240226
2006-06-01,2.6706175538009154
2006-06-02,5.89247276605836
2006-06-03,8.625236475491475
2006-06-04,7.966562449015099
2006-06-05,8.776668414134592
2006-06-06,9.686742912949535
2006-06-07,9.092841345782064
2006-06-08,9.72788751966937
2006-06-09,12.07509469115953
2006-06-10,10.405577385010973
2006-06-11,9.618042811526726
2006-06-12,7.401274968261877
2006-06-13,6.920927002546384
2006-06-14,5.357531830683275
2006-06-15,3.2150937175550727
2006-06-16,3.544361185147834
2006-06-17,3.135066186994491
2006-06-18,1.856996600909351
2006-06-19,1.6455223466017543
2006-06-20,1.8394498537985464
2006-06-21,1.550252221949817
2006-06-22,1.663485285148373
2006-06-23,1.6908330441468673
2006-06-24,1.3923310622007312
2006-06-25,1.6689012696894099
2006-06-26,1.3061332776296477
2006-06-27,1.5527426069748844
2006-06-28,1.3601887845617089
2006-06-29,1.140445784872754
2006-06-30,1.2987458354908654
2006-07-01,5.830919028548294
2006-07-02,5.9358825709944565
2006-07-03,5.150233819841164
2006-07-04,4.121402129777135
2006-07-05,3.1773710976460996
2006-07-06,3.0997009192525145
2006-07-07,2.964966313807486
2006-07-08,2.9869991698661513
2006-07-09,2.7386538146637696
2006-07-10,2.416937847873814
2006-07-11,2.2061408962721303
2006-07-12,2.0360589532445204
2006-07-13,1.818665079155116
2006-07-14,1.6492939636087927
2006-07-15,0.9931047268891133
2006-07-16,0.9168492124702887
2006-07-17,0.7805275080798167
2006-07-18,0.6949388149692132
2006-07-19,0.6462069841054116
2006-07-20,0.5873550451537003
2006-07-21,0.5157900972010578
2006-07-22,0.46849566955972693
2006-07-23,0.42499999897336316
2006-07-24,0.33646758066081617
2006-07-25,0.2974255769990096
2006-07-26,0.263669971806186
2006-07-27,0.23874140062748192
2006-07-28,0.2707468985452913
2006-07-29,0.19228435079658857
2006-07-30,0.17269621600004958
2006-07-31,0.15418252175726646
2006-08-01,0.13100341830788736
2006-08-02,0.12042727178147133
2006-08-03,0.10983088807954994
2006-08-04,0.09059521408607925
2006-08-05,0.08247566597543585
2006-08-06,0.07641016209922892
2006-08-07,0.07112812145380107
2006-08-08,0.06637351782885163
2006-08-09,0.062108028509200594
2006-08-10,1.180150829571145
2006-08-11,1.1056342649245086
2006-08-12,0.05937333182064961
2006-08-13,0.05900293804947913
2006-08-14,0.05994174057836023
2006-08-15,0.055953975604017145
2006-08-16,0.054937092808023315
2006-08-17,0.05280390672184502
2006-08-18,0.06152063279709895
2006-08-19,0.04984291710541768
2006-08-20,0.04846720464908361
2006-08-21,0.047225390966755605
2006-08-22,0.05010097047979278
2006-08-23,0.0459920021362528
2006-08-24,0.04469881331984605
2006-08-25,0.043909453150063754
2006-08-26,0.04313065081796488
2006-08-27,0.04250090920070025
2006-08-28,0.0416435825929405
2006-08-29,0.040908750778540226
2006-08-30,0.040232385413390345
2006-08-31,0.044131805065621185
2006-09-01,0.029309777998477317
2006-09-02,0.019097019964143737
2006-09-03,0.017871920115095696
2006-09-04,0.01668409742937897
2006-09-05,0.01647857269803718
2006-09-06,0.01628112599182247
2006-09-07,0.016076388046547
2006-09-08,0.01586476161977662
2006-09-09,0.015663978226372523
2006-09-10,0.015492479835123822
2006-09-11,0.015359107357627
2006-09-12,0.015258507618395667
2006-09-13,0.015177004552142093
2006-09-14,0.11736242957623363
2006-09-15,0.0701923345721891
2006-09-16,0.017853145203267994
2006-09-17,0.015277040508677961
2006-09-18,0.014936154407085804
2006-09-19,0.014834460009309177
2006-09-20,0.014749263938425825
2006-09-21,0.014702066701407475
2006-09-22,0.014684614791836371
2006-09-23,0.014652306805788435
2006-09-24,0.014583393421279288
2006-09-25,0.014514330431508337
2006-09-26,0.014451147462567256
2006-09-27,0.014373243714593692
2006-09-28,0.014291593112933482
2006-09-29,0.014213269982273243
2006-09-30,0.014136995662219728
2006-10-01,0.02285174620236531
2006-10-02,0.022706506079219868
2006-10-03,0.022554624657416054
2006-10-04,0.02241538440044492
2006-10-05,0.022286008402807655
2006-10-06,0.0221617502071522
2006-10-07,0.02204789627415692
2006-10-08,0.02195216391775556
2006-10-09,0.0218759814418623
2006-10-10,0.021799489065943853
2006-10-11,0.021713042413378774
2006-10-12,0.022352737669462514
2006-10-13,0.3016463914551551
2006-10-14,0.33874906319236653
2006-10-15,0.10661579111149574
2006-10-16,0.20417044649851415
2006-10-17,0.42949585953086716
2006-10-18,0.3721191563406488
2006-10-19,0.2935671530310801
2006-10-20,0.1848381048407543
2006-10-21,0.1046212372301636
2006-10-22,0.05535429688134616
2006-10-23,0.027449266791328274
2006-10-24,0.02497254832983845
2006-10-25,0.05465808445655255
2006-10-26,0.2525028914917567
2006-10-27,0.046141243587983376
2006-10-28,0.029772126869981163
2006-10-29,0.03270210954798359
2006-10-30,0.03013290794970723
2006-10-31,0.07349137725826509
2006-11-01,0.06669565168421572
2006-11-02,0.05652144071401372
2006-11-03,0.04538101594816175
2006-11-04,0.028590757164756692
2006-11-05,0.027412987483704212
2006-11-06,0.025151739302559168
2006-11-07,0.02515278282230803
2006-11-08,0.025167321291203165
2006-11-09,0.02524039809094809
2006-11-10,0.9597624606133834
2006-11-11,0.4055696875820926
2006-11-12,0.029207881637270873
2006-11-13,0.05307364376352035
2006-11-14,0.05353334349477005
2006-11-15,0.16136468047064853
2006-11-16,0.0401247631708416
2006-11-17,0.041019440733512845
2006-11-18,0.05100826534886601
2006-11-19,0.07800078788709049
2006-11-20,0.040850499697316876
2006-11-21,0.03802401186358706
2006-11-22,0.02804835854761131
2006-11-23,0.02764272276924296
2006-11-24,0.027748764965741527
2006-11-25,0.02784361364859462
2006-11-26,0.02792903201549548
2006-11-27,0.02813672702725177
2006-11-28,0.02807407629030857
2006-11-29,0.02842736737916417
2006-11-30,0.030988779221394203
2006-12-01,0.029881063456456376
2006-12-02,0.03017396577816881
2006-12-03,0.03011911735300477
2006-12-04,0.03968513344032235
2006-12-05,0.035774044698350445
2006-12-06,0.03244897382410552
2006-12-07,0.039944183866675864
2006-12-08,0.06423544749617531
2006-12-09,0.0862056982576701
2006-12-10,0.03160400985911428
2006-12-11,0.04232930859751256
2006-12-12,0.03222301257800271
2006-12-13,0.03872106839089509
2006-12-14,0.03826228426288607
2006-12-15,0.04336064093216846
2006-12-16,0.03721535991322637
2006-12-17,0.040521200548650944
2006-12-18,0.03041320397664609
2006-12-19,0.030421118267311215
2006-12-20,0.030446961363508954
2006-12-21,0.03047077521476228
2006-12-22,0.030493571377391664
2006-12-23,0.030516156428694166
2006-12-24,0.034760143466258
2006-12-25,0.031012366847172446
2006-12-26,0.030875139916388097
2006-12-27,0.031140898204039376
2006-12-28,0.04738604712022581
2006-12-29,0.03780097550883749
2006-12-30,0.03136202121350281
2006-12-31,0.0342281705593555
2007-01-01,0.010809645304892429
2007-01-02,0.04813050336087402
2007-01-03,0.0626946263263333
2007-01-04,0.013479549979956911
2007-01-05,0.02036287951787189
2007-01-06,0.02844849734283182
2007-01-07,0.02402255951719966
2007-01-08,0.012173389366671792
2007-01-09,0.011198174647545245
2007-01-10,0.01129651474028014
2007-01-11,0.014960344000564485
2007-01-12,0.011935066772411254
2007-01-13,0.011697700764496896
2007-01-14,0.01295109621260712
2007-01-15,0.019128990756470343
2007-01-16,0.0299462704842503
2007-01-17,0.016338280033014393
2007-01-18,0.014745852393743004
2007-01-19,0.016368985144724634
2007-01-20,0.012843304877724395
2007-01-21,0.024073080550218003
2007-01-22,0.02769487343277077
2007-01-23,0.02377330921423987
2007-01-24,0.01123256544684768
2007-01-25,0.014165003945022509
2007-01-26,0.017839971443015887
2007-01-27,0.014795291257886506
2007-01-28,0.01848089376835779
2007-01-29,0.019062484541731387
2007-01-30,0.02340993724822501
2007-01-31,0.040042741191501204
2007-02-01,0.013391235758423145
2007-02-02,0.027180662606114545
2007-02-03,0.020526247869428707
2007-02-04,0.01701348108563079
2007-02-05,0.014085477350547897
2007-02-06,0.02040928847820775
2007-02-07,0.028784880644222997
2007-02-08,0.025014941759646376
2007-02-09,0.0178627971325737
2007-02-10,0.02290146602056399
2007-02-11,0.017548175959516254
2007-02-12,0.011063129177114123
2007-02-13,0.013199301773131304
2007-02-14,0.010633114019910442
2007-02-15,0.015436892346626215
2007-02-16,0.0628444215728649
2007-02-17,0.0392361631895277
2007-02-18,0.029787394215774355
2007-02-19,0.05331615713109067
2007-02-20,0.05728066394239408
2007-02-21,0.029969589774448423
2007-02-22,0.0721758517440551
2007-02-23,0.047187779159692
2007-02-24,0.02249952065233909
2007-02-25,0.047879839661055926
2007-02-26,0.06313675181943641
2007-02-27,0.09392998263523573
2007-02-28,0.2295945252746888
2007-03-01,0.21476145952167267
2007-03-02,0.18884346496783375
2007-03-03,0.10388298587380417
2007-03-04,0.16251127413614067
2007-03-05,0.23478303909710654
2007-03-06,0.22882756229546317
2007-03-07,0.26931644560367884
2007-03-08,0.3224553300313779
2007-03-09,0.1121459270711786
2007-03-10,0.03389458355321541
2007-03-11,0.24940873798997562
2007-03-12,0.2877089441333023
2007-03-13,0.24143855399735584
2007-03-14,0.038276138639798875
2007-03-15,0.02693153900048654
2007-03-16,0.04472672244851532
2007-03-17,0.12469005184057573
2007-03-18,0.08478749443871948
2007-03-19,0.13840183522054916
2007-03-20,0.3405300435213065
2007-03-21,0.5606498515664209
2007-03-22,0.2880698056771286
2007-03-23,0.05484249611293309
2007-03-24,0.0807250676144574
2007-03-25,0.06135542623329794
2007-03-26,0.09081115737266304
2007-03-27,0.06829156348248021
2007-03-28,0.06570727964079338
2007-03-29,0.09463563499120993
2007-03-30,0.1053564359463219
2007-03-31,0.18306288877411586
2007-04-01,0.32631645568443063
2007-04-02,0.4682652090079395
2007-04-03,0.5531091962621224
2007-04-04,0.6578957035399786
2007-04-05,0.8105478941057943
2007-04-06,1.0934727309294998
2007-04-07,1.568570583646846
2007-04-08,1.5929054412162824
2007-04-09,1.6410481738231912
2007-04-10,1.9923099600436966
2007-04-11,1.689903295499172
2007-04-12,1.3877280314786766
2007-04-13,1.324192012796333
2007-04-14,1.434255384932977
2007-04-15,1.654022413712762
2007-04-16,1.7033071068823482
2007-04-17,1.652109900906508
2007-04-18,1.6468906682066573
2007-04-19,1.7418242690051131
2007-04-20,1.5255212882334626
2007-04-21,1.4802637089230066
2007-04-22,1.4371884551150873
2007-04-23,1.4229719653656243
2007-04-24,1.3428358223711356
2007-04-25,1.3112592027569627
2007-04-26,1.085671703707361
2007-04-27,1.0216216028146896
2007-04-28,1.0202927704764768
2007-04-29,0.9869541217799876
2007-04-30,0.8927118727176789
2007-05-01,0.8494106626565444
2007-05-02,0.7592218906741587
2007-05-03,0.6723873004201013
2007-05-04,0.6236992094560152
2007-05-05,0.5790364923734114
2007-05-06,0.5517757475167234
2007-05-07,0.5006822655955852
2007-05-08,0.4570941735887357
2007-05-09,0.40585742876492387
2007-05-10,0.35952706833205716
2007-05-11,0.32164389462784815
2007-05-12,0.28896894767733067
2007-05-13,0.26085905276384247
2007-05-14,0.23794805435021402
2007-05-15,0.2546637806384387
2007-05-16,0.2019515166026568
2007-05-17,0.1786124458921654
2007-05-18,0.16189754712099813
2007-05-19,0.14438867956050586
2007-05-20,0.13160703682488126
2007-05-21,0.11714249322535421
2007-05-22,0.1067000300105187
2007-05-23,0.0979718444031217
2007-05-24,0.09029402443857486
2007-05-25,0.09793110910501641
2007-05-26,0.10244766132586713
2007-05-27,0.09587509592993454
2007-05-28,0.06935598903663527
2007-05-29,0.06366095257206848
2007-05-30,0.05888069484912788
2007-05-31,0.053920389111972854
2007-06-01,0.042490090719802975
2007-06-02,0.04041802834561201
2007-06-03,0.036104053821692836
2007-06-04,0.03366491145420972
2007-06-05,0.034113769745283386
2007-06-06,0.031172803276119154
2007-06-07,0.030216305138501032
2007-06-08,0.029115956113296534
2007-06-09,0.02801549954246187
2007-06-10,0.026081159218922335
2007-06-11,0.027493218170758223
2007-06-12,0.023970735991476463
2007-06-13,0.023239275633887186
2007-06-14,0.022606809252807746
2007-06-15,0.021964498276788723
2007-06-16,0.0213792845287409
2007-06-17,0.020847989378058453
2007-06-18,0.02029825620711372
2007-06-19,0.01979612949268659
2007-06-20,0.01923693176706189
2007-06-21,0.018699390438088957
2007-06-22,0.01993748257579703
2007-06-23,0.01775835518861045
2007-06-24,0.017350469697342098
2007-06-25,0.01697532681252223
2007-06-26,0.01659238033791367
2007-06-27,0.016199155937691046
2007-06-28,0.01582008661575265
2007-06-29,0.01543772949852675
2007-06-30,0.015037946964592158
2007-07-01,0.04799018565889845
2007-07-02,0.04672031822500735
2007-07-03,0.045497230597058805
2007-07-04,0.04432630846700658
2007-07-05,0.16543561075957094
2007-07-06,0.04239309846628469
2007-07-07,0.04277061881505951
2007-07-08,0.040662113994440384
2007-07-09,0.039766038163266855
2007-07-10,0.038912775762493156
2007-07-11,0.03815164933880645
2007-07-12,0.037466200496032415
2007-07-13,0.036800879803352296
2007-07-14,0.036160411115030724
2007-07-15,0.03554590150854343
2007-07-16,0.034957566625596195
2007-07-17,0.03442946476517459
2007-07-18,0.03396618237536692
2007-07-19,0.03353859015210513
2007-07-20,0.03311045096470837
2007-07-21,0.032666619740341254
2007-07-22,0.03223782099708221
2007-07-23,0.031837274089365805
2007-07-24,0.03145741722863262
2007-07-25,0.10175430979211154
2007-07-26,0.030887928194380247
2007-07-27,0.030667366775028928
2007-07-28,0.030433954040864096
2007-07-29,0.030216208637877235
2007-07-30,0.030007319777089085
2007-07-31,0.029814948976748575
2007-08-01,0.02710228742334023
2007-08-02,0.026978256318607577
2007-08-03,0.02686395525779198
2007-08-04,0.029721577901118103
2007-08-05,0.028051288457512005
2007-08-06,0.0266117757117692
2007-08-07,0.026520640721642192
2007-08-08,0.026429499644910887
2007-08-09,0.026380980535600285
2007-08-10,0.028085517529906005
2007-08-11,0.026226814354536186
2007-08-12,0.02689181402363746
2007-08-13,0.026101903890156795
2007-08-14,0.026037706358317567
2007-08-15,0.025975184706947287
2007-08-16,0.028011770174382857
2007-08-17,0.025874112119702197
2007-08-18,0.025830916862275784
2007-08-19,0.025791293401492065
2007-08-20,0.025754825351202795
2007-08-21,0.025720407429502067
2007-08-22,0.025689240372990294
2007-08-23,0.025662230952313424
2007-08-24,0.02563806616778664
2007-08-25,0.025617302623039996
2007-08-26,0.025600196779762347
2007-08-27,0.025584988189157394
2007-08-28,0.02556952805438499
2007-08-29,0.02555294579242747
2007-08-30,0.02553744146096462
2007-08-31,0.025523935707816633
2007-09-01,0.011349809359667251
2007-09-02,0.011343307329394559
2007-09-03,0.011337460805624198
2007-09-04,0.011332105343767268
2007-09-05,0.01132726551948599
2007-09-06,0.011322694087676036
2007-09-07,0.011318258647680452
2007-09-08,0.011314164708523353
2007-09-09,0.017255469257037075
2007-09-10,0.011306581951931915
2007-09-11,0.011302880585819877
2007-09-12,0.011299285416087622
2007-09-13,0.01129562596848603
2007-09-14,0.011291683035956833
2007-09-15,0.011287690478036412
2007-09-16,0.011321615266457155
2007-09-17,0.017720600944288494
2007-09-18,0.011276893856388125
2007-09-19,0.011273362657108559
2007-09-20,0.011270036278163809
2007-09-21,0.011266848320698368
2007-09-22,0.011263690945831392
2007-09-23,0.011260446842205677
2007-09-24,0.013226102924541669
2007-09-25,0.05090708915229577
2007-09-26,0.039080422162984525
2007-09-27,0.04794794037034649
2007-09-28,0.026698937830432472
2007-09-29,0.012763059685716555
2007-09-30,0.01123870997091387
2007-10-01,0.01826238221256387
2007-10-02,0.018256946339010503
2007-10-03,0.018251526575632233
2007-10-04,0.018246301580083654
2007-10-05,0.018241233106985454
2007-10-06,0.01823619995601932
2007-10-07,0.018231207892620366
2007-10-08,0.018226231825504466
2007-10-09,0.018221217622797835
2007-10-10,0.018216151104344633
2007-10-11,0.0182110892390761
2007-10-12,0.01820606021184753
2007-10-13,0.01820105486917318
2007-10-14,0.018196076892558616
2007-10-15,0.018191133400811212
2007-10-16,0.018186242007285677
2007-10-17,0.026734146327909936
2007-10-18,0.17464716973165736
2007-10-19,0.03869368173465016
2007-10-20,0.10026537576043193
2007-10-21,0.02902494804623488
2007-10-22,0.019337060323241766
2007-10-23,0.01815740626492797
2007-10-24,0.18066912619836475
2007-10-25,0.027344401266270357
2007-10-26,0.019949059134525486
2007-10-27,0.09559404110381702
2007-10-28,0.11162180959527199
2007-10-29,0.05171338516831989
2007-10-30,0.03885173223949941
2007-10-31,0.055814258337334846
2007-11-01,0.035440022283306574
2007-11-02,0.02553788004938894
2007-11-03,0.019580071785990426
2007-11-04,0.022502579486793354
2007-11-05,0.062999304111043
2007-11-06,0.11364128931016743
2007-11-07,0.04664303475815347
2007-11-08,0.29845311891474785
2007-11-09,0.0491814088535785
2007-11-10,0.31553821082026856
2007-11-11,0.5727644975759892
2007-11-12,0.44381482495130653
2007-11-13,0.28913061287857655
2007-11-14,0.05895965049419525
2007-11-15,0.05218107378071795
2007-11-16,0.1193269753712474
2007-11-17,0.07765580018794778
2007-11-18,0.07046239098953279
2007-11-19,0.05017517211002838
2007-11-20,0.056014305881348446
2007-11-21,0.0327313903864015
2007-11-22,0.02249018910456094
2007-11-23,0.028737135957457787
2007-11-24,0.0874322759089129
2007-11-25,0.06244623740015207
2007-11-26,0.04115784072919208
2007-11-27,0.043432373516748224
2007-11-28,0.028560190779714847
2007-11-29,0.04201846445172548
2007-11-30,0.03188433827556547
2007-12-01,0.032802067585801356
2007-12-02,0.03574928111381637
2007-12-03,0.02764595766127712
2007-12-04,0.02466878265560923
2007-12-05,0.036772708598269345
2007-12-06,0.02768229842649843
2007-12-07,0.028677094186829708
2007-12-08,0.02375533926151796
2007-12-09,0.023788539061833886
2007-12-10,0.023819708023629038
2007-12-11,0.023850058352417138
2007-12-12,0.02388005081807204
2007-12-13,0.02390571046338132
2007-12-14,0.0239893926842099
2007-12-15,0.024038343457726555
2007-12-16,0.0239979713756224
2007-12-17,0.024279809296959966
2007-12-18,0.02445532599969236
2007-12-19,0.024614241681283
2007-12-20,0.024244304181548836
2007-12-21,0.024130346790336484
2007-12-22,0.02411979520680164
2007-12-23,0.024126700352060736
2007-12-24,0.024130168227484476
2007-12-25,0.02756358209624124
2007-12-26,0.050463853763137397
2007-12-27,0.025987638493038128
2007-12-28,0.02447274908756647
2007-12-29,0.027058450830684023
2007-12-30,0.031063943433181283
2007-12-31,0.1453072672183251
2008-01-01,0.01678904613299673
2008-01-02,0.019645529624819625
2008-01-03,0.044410394957735196
2008-01-04,0.01190274795811855
2008-01-05,0.009258651847357977
2008-01-06,0.009619804512062553
2008-01-07,0.008625442067294478
2008-01-08,0.008638697939273453
2008-01-09,0.02331167799318546
2008-01-10,0.01803074813265675
2008-01-11,0.008684301739260901
2008-01-12,0.011663620252798984
2008-01-13,0.032113616916455916
2008-01-14,0.060262321022336765
2008-01-15,0.03988610973067663
2008-01-16,0.014320557993916743
2008-01-17,0.01664607203311337
2008-01-18,0.008910106822749456
2008-01-19,0.02280665147053366
2008-01-20,0.0419685699022766
2008-01-21,0.013372171351518556
2008-01-22,0.015030561084339027
2008-01-23,0.040087614187143704
2008-01-24,0.0736783685418292
2008-01-25,0.07565779446043269
2008-01-26,0.09599748848922558
2008-01-27,0.10235852346548306
2008-01-28,0.03666540892126712
2008-01-29,0.061328520527365364
2008-01-30,0.05679834382841446
2008-01-31,0.10157767863644016
2008-02-01,0.04536440910839194
2008-02-02,0.034736489311736195
2008-02-03,0.017144355273184426
2008-02-04,0.017743106780050377
2008-02-05,0.04056259213525087
2008-02-06,0.0742293728715055
2008-02-07,0.022068266662014654
2008-02-08,0.011666443554837563
2008-02-09,0.03065128345519413
2008-02-10,0.1626664241040722
2008-02-11,0.21035384676694685
2008-02-12,0.043643986179432076
2008-02-13,0.024175151797027047
2008-02-14,0.029431668455061753
2008-02-15,0.03766577076278318
2008-02-16,0.05559758123428454
2008-02-17,0.055593220218793454
2008-02-18,0.06332286099272191
2008-02-19,0.06544540734922837
2008-02-20,0.08010516534624706
2008-02-21,0.13209780472826574
2008-02-22,0.05787677019520412
2008-02-23,0.04160384427816142
2008-02-24,0.0401779105470153
2008-02-25,0.0392800871342821
2008-02-26,0.038467586180173215
2008-02-27,0.06211661733852091
2008-02-28,0.066958618492258
2008-02-29,0.06579601532883986
2008-03-01,0.04904850074932584
2008-03-02,0.04288230424349767
2008-03-03,0.062387393751011155
2008-03-04,0.046000942905265324
2008-03-05,0.046216304964773955
2008-03-06,0.06891934334904032
2008-03-07,0.05139333074807139
2008-03-08,0.05023722271428525
2008-03-09,0.05031838452071927
2008-03-10,0.06937344068900628
2008-03-11,0.06097175931633307
2008-03-12,0.10359001997957033
2008-03-13,0.16720833925682152
2008-03-14,0.33985955921855066
2008-03-15,0.12322772289730138
2008-03-16,0.16888717854741714
2008-03-17,0.25206202719378573
2008-03-18,0.16125204762264386
2008-03-19,0.17018012936149143
2008-03-20,0.23299128338224956
2008-03-21,0.1698468135454754
2008-03-22,0.22914576902001224
2008-03-23,0.42596818384658086
2008-03-24,0.7707940978868418
2008-03-25,1.0904818124079967
2008-03-26,0.9392726475985768
2008-03-27,0.29541916398488977
2008-03-28,0.4406390474309332
2008-03-29,0.6243405061213748
2008-03-30,0.882179306313264
2008-03-31,0.556107311889051
2008-04-01,0.3674168870994634
2008-04-02,0.361945587588713
2008-04-03,0.35444448859716493
2008-04-04,0.4940707156597347
2008-04-05,0.6881832947347658
2008-04-06,1.3841333532386009
2008-04-07,1.7873183912028425
2008-04-08,0.8640759392940616
2008-04-09,0.6501310337427864
2008-04-10,0.6692923849211588
2008-04-11,0.5005531471507016
2008-04-12,0.4796317062515312
2008-04-13,0.5203212730489104
2008-04-14,0.47052478651642826
2008-04-15,0.4423193675881805
2008-04-16,0.6127646068997148
2008-04-17,1.0067785297864704
2008-04-18,1.1426796277456293
2008-04-19,1.380171174711644
2008-04-20,0.9442401310254009
2008-04-21,0.8593175687039281
2008-04-22,1.2821357203477948
2008-04-23,1.6675425576031682
2008-04-24,1.8499200020210422
2008-04-25,2.0094397289088537
2008-04-26,2.0563396456963163
2008-04-27,1.2891684723289778
2008-04-28,1.3581860814162778
2008-04-29,1.8825520104223374
2008-04-30,3.0420172938985863
2008-05-01,4.704026026721008
2008-05-02,5.785449802513754
2008-05-03,4.801280613459261
2008-05-04,4.0828361555555714
2008-05-05,3.965685874734954
2008-05-06,3.308209684982214
2008-05-07,2.213522827649542
2008-05-08,2.172121972539866
2008-05-09,2.3961685728153137
2008-05-10,2.3783264726867017
2008-05-11,2.393660039657
2008-05-12,2.18175955723815
2008-05-13,2.4777394505759465
2008-05-14,3.369427833705016
2008-05-15,3.5726798167031464
2008-05-16,3.2758228174093635
2008-05-17,1.8021531029444497
2008-05-18,1.76485730646706
2008-05-19,1.6919454590120393
2008-05-20,1.6473432859917496
2008-05-21,1.6739132409881021
2008-05-22,1.7610351137292242
2008-05-23,1.7842968615717392
2008-05-24,1.7512610904364663
2008-05-25,1.9373838406694468
2008-05-26,2.369147600315799
2008-05-27,2.3487676621258693
2008-05-28,1.9435680596917642
2008-05-29,1.3759917573142944
2008-05-30,1.1287456332843657
2008-05-31,1.0079344526658192
2008-06-01,0.8105731182915693
2008-06-02,0.755492987400082
2008-06-03,0.6541392311627947
2008-06-04,0.6082473726736013
2008-06-05,0.574568720777914
2008-06-06,0.5134623510004681
2008-06-07,0.4843362449919493
2008-06-08,0.47782244173384114
2008-06-09,0.5863701878836616
2008-06-10,0.548443194590895
2008-06-11,0.5050814467700803
2008-06-12,0.4115486240926865
2008-06-13,0.33525662115762916
2008-06-14,0.33346376836414815
2008-06-15,0.3246625039965189
2008-06-16,0.2497458408236752
2008-06-17,0.2440646474914224
2008-06-18,0.23391658673612897
2008-06-19,0.18651709430001823
2008-06-20,0.16985349681431788
2008-06-21,0.15167649764876343
2008-06-22,0.13698405183235507
2008-06-23,0.12533530141815524
2008-06-24,0.11540622531927228
2008-06-25,0.10729110862423728
2008-06-26,0.10269444142712794
2008-06-27,0.09581139609545088
2008-06-28,0.08760182356176971
2008-06-29,0.08073727118065285
2008-06-30,0.07394894371050544
2008-07-01,0.22376325229450533
2008-07-02,0.20738015620552686
2008-07-03,0.18845023632558883
2008-07-04,0.16482865221551635
2008-07-05,0.14863670720800676
2008-07-06,0.13159247268109134
2008-07-07,0.11715438366294163
2008-07-08,0.10927353179760249
2008-07-09,0.10181838549512708
2008-07-10,0.092262198281201
2008-07-11,0.07658806413164192
2008-07-12,0.0712923381954102
2008-07-13,0.06753491434991056
2008-07-14,0.06451816109872764
2008-07-15,0.06153019836280747
2008-07-16,0.058705369466068746
2008-07-17,0.05613668328582263
2008-07-18,0.05642717191671191
2008-07-19,0.05179322715397393
2008-07-20,0.0566241572998767
2008-07-21,0.04839998415157411
2008-07-22,0.04700935068880386
2008-07-23,0.0457026106035856
2008-07-24,0.04458234489550578
2008-07-25,0.043409801984144916
2008-07-26,0.042442366179340746
2008-07-27,0.041574759067223625
2008-07-28,0.04077592640611422
2008-07-29,0.040015385858651706
2008-07-30,0.039277890691299416
2008-07-31,0.038554297896674854
2008-08-01,0.03460138262508557
2008-08-02,0.03399444783691713
2008-08-03,0.033403679013943435
2008-08-04,0.03285131611953044
2008-08-05,0.036995335939250494
2008-08-06,0.031954257085166464
2008-08-07,0.03278481992844351
2008-08-08,0.031195288920186345
2008-08-09,0.030901325300867782
2008-08-10,0.03074544969632795
2008-08-11,0.07701771408182342
2008-08-12,0.030608348066111117
2008-08-13,0.03008420862018932
2008-08-14,0.0297244987162975
2008-08-15,0.03179124262609796
2008-08-16,0.02905235793679153
2008-08-17,0.028761956869286537
2008-08-18,0.02970539534318947
2008-08-19,0.0282607734707405
2008-08-20,0.028043818024936436
2008-08-21,0.027826102806359644
2008-08-22,0.027630719656085146
2008-08-23,0.11084065610495673
2008-08-24,0.027344940386858668
2008-08-25,0.027233390766211
2008-08-26,0.027822209079436475
2008-08-27,0.027044425598045874
2008-08-28,0.02707740953993719
2008-08-29,0.04463132791512986
2008-08-30,0.02722805669904754
2008-08-31,0.02741896401745718
2008-09-01,0.011981714125035889
2008-09-02,0.012183633296339012
2008-09-03,0.011836307319464045
2008-09-04,0.013139913758148
2008-09-05,0.011908144267909402
2008-09-06,0.012162088664652787
2008-09-07,0.01335869765351905
2008-09-08,0.011751265742210642
2008-09-09,0.012026133278187983
2008-09-10,0.011708664622501768
2008-09-11,0.011680757444409265
2008-09-12,0.018677177957182867
2008-09-13,0.011640446750330496
2008-09-14,0.011626854587712981
2008-09-15,0.011614418774665144
2008-09-16,0.011600646606617675
2008-09-17,0.011584476582474558
2008-09-18,0.011567576268766944
2008-09-19,0.01155272373547298
2008-09-20,0.011539867128272641
2008-09-21,0.01152584867903311
2008-09-22,0.011509469940399435
2008-09-23,0.011495079543441195
2008-09-24,0.011484089898811405
2008-09-25,0.011474256609432519
2008-09-26,0.011463376848920613
2008-09-27,0.011450911212663523
2008-09-28,0.011437475357876373
2008-09-29,0.011424347371149526
2008-09-30,0.01141278580454069
2008-10-01,0.018536796213794293
2008-10-02,0.01852825300837508
2008-10-03,0.01852205959435749
2008-10-04,0.018816463572937227
2008-10-05,0.01851067316914857
2008-10-06,0.018504494026606512
2008-10-07,0.018498170059729372
2008-10-08,0.018491813932012362
2008-10-09,0.018485618233983984
2008-10-10,0.018479451081984597
2008-10-11,0.018473029202258816
2008-10-12,0.01846622018169962
2008-10-13,0.018459315797025772
2008-10-14,0.018500055475646045
2008-10-15,0.0186823294454846
2008-10-16,0.018439327400835082
2008-10-17,0.0366018454057803
2008-10-18,0.022011027622176816
2008-10-19,0.01842183382251459
2008-10-20,0.01919512218384625
2008-10-21,0.018586860763031714
2008-10-22,0.018401198332038335
2008-10-23,0.018391929315023897
2008-10-24,0.0183821546081988
2008-10-25,0.018372876152453945
2008-10-26,0.018364846173260257
2008-10-27,0.01835796031000416
2008-10-28,0.024168293454542803
2008-10-29,0.22055938049557816
2008-10-30,0.149323268324105
2008-10-31,0.04257004646257206
2008-11-01,0.05644344472541434
2008-11-02,0.19873684600150235
2008-11-03,0.1692667556745137
2008-11-04,0.06855643233015452
2008-11-05,0.34166549810820246
2008-11-06,0.8952160985033097
2008-11-07,0.16345728354195793
2008-11-08,0.033874956023348134
2008-11-09,0.030478611850181535
2008-11-10,0.030933639809179316
2008-11-11,0.030331595273469066
2008-11-12,0.01994156633535961
2008-11-13,0.020018877010869313
2008-11-14,0.03311256290166268
2008-11-15,0.0201593932992735
2008-11-16,0.18114010337414158
2008-11-17,0.030495347555261038
2008-11-18,0.11709791253387707
2008-11-19,0.07798997547131
2008-11-20,0.16673729785816724
2008-11-21,0.054803203728670424
2008-11-22,0.12160984657902596
2008-11-23,0.6256044811965136
2008-11-24,0.282762615990278
2008-11-25,0.05593458756326737
2008-11-26,0.7119027946854064
2008-11-27,0.46113707241366075
2008-11-28,0.04414730717209663
2008-11-29,0.2476768475490503
2008-11-30,0.03223732321372597
2008-12-01,0.39390570138430003
2008-12-02,0.35358162109558217
2008-12-03,0.11247910849418832
2008-12-04,0.1670279466366242
2008-12-05,0.029039681198081802
2008-12-06,0.033968111254713995
2008-12-07,0.0815316326036443
2008-12-08,0.11433455186749315
2008-12-09,0.19155819843391564
2008-12-10,0.15120072942035415
2008-12-11,0.23918648154099176
2008-12-12,0.16427153507983
2008-12-13,0.08308213397868269
2008-12-14,0.14161175773504908
2008-12-15,0.25477459265333174
2008-12-16,0.17790420542311813
2008-12-17,0.08711663130970186
2008-12-18,0.046020143790838866
2008-12-19,0.05012108237581704
2008-12-20,0.032170236460898775
2008-12-21,0.03916375395634953
2008-12-22,0.13807227789174528
2008-12-23,2.811085367872044
2008-12-24,1.1061757159620595
2008-12-25,0.40102559559106327
2008-12-26,0.3033527678811614
2008-12-27,0.5705623765110902
2008-12-28,0.5896895845458523
2008-12-29,1.8208988645773132
2008-12-30,2.1988079465794534
2008-12-31,6.514903263981565
2009-01-01,0.8051010080986184
2009-01-02,0.3754222600599594
2009-01-03,0.410578230563403
2009-01-04,0.4173031861008219
2009-01-05,0.4098844194166161
2009-01-06,0.40127276141219176
2009-01-07,0.38234981183499017
2009-01-08,0.37413880670047506
2009-01-09,0.44043265405075677
2009-01-10,0.6311907940677645
2009-01-11,0.6533864856967815
2009-01-12,0.6342083999757372
2009-01-13,0.5002003778544168
2009-01-14,0.4159558831129785
2009-01-15,0.4076874527787397
2009-01-16,0.4082889801305904
2009-01-17,0.3968557001076096
2009-01-18,0.38571018800478596
2009-01-19,0.3668059988338873
2009-01-20,0.3532268353028233
2009-01-21,0.4921512869187608
2009-01-22,0.48014350236916015
2009-01-23,0.4608094781749395
2009-01-24,0.4503159923989306
2009-01-25,0.38550234249495824
2009-01-26,0.37066762588309865
2009-01-27,0.3490735793218877
2009-01-28,0.38149990222298547
2009-01-29,0.3103070852207477
2009-01-30,0.28931039702914896
2009-01-31,0.27250799923509844
2009-02-01,0.2331788366724002
2009-02-02,0.25342754377308974
2009-02-03,0.7791852759085515
2009-02-04,0.8368616888602791
2009-02-05,0.6905947895569676
2009-02-06,0.5060257135573424
2009-02-07,0.710253603938806
2009-02-08,1.283821893773695
2009-02-09,1.367537452337019
2009-02-10,0.5949513108933399
2009-02-11,0.5899379889129973
2009-02-12,0.5691786205012074
2009-02-13,0.5447846528762424
2009-02-14,0.5503957152843404
2009-02-15,0.5069425275116827
2009-02-16,0.5057751548143725
2009-02-17,0.47830300585022517
2009-02-18,0.48499313529837307
2009-02-19,0.519062983364226
2009-02-20,0.5546654443444341
2009-02-21,0.8824993463642257
2009-02-22,0.519086322393478
2009-02-23,0.4669662199129814
2009-02-24,0.5768648953792838
2009-02-25,0.5518283922274104
2009-02-26,0.5378138555668883
2009-02-27,0.639266497112447
2009-02-28,0.6420015728902855
2009-03-01,0.7358432547080936
2009-03-02,0.8290657486772423
2009-03-03,0.9546382908512987
2009-03-04,0.9964201188681707
2009-03-05,1.0479772517697965
2009-03-06,0.6760427247769464
2009-03-07,0.6018280442704234
2009-03-08,0.5803134008695358
2009-03-09,0.5645554231923547
2009-03-10,0.5784970235719651
2009-03-11,0.5173698667217427
2009-03-12,0.5344394027080461
2009-03-13,0.6672215966862393
2009-03-14,0.6579237063262359
2009-03-15,0.5586144663223115
2009-03-16,0.6724048167491236
2009-03-17,0.8044775860576343
2009-03-18,1.7648033523891093
2009-03-19,0.7725428453193772
2009-03-20,0.9422744558130259
2009-03-21,1.275736867688091
2009-03-22,2.443084673649509
2009-03-23,2.439780839976986
2009-03-24,2.4350086641132234
2009-03-25,2.2797072615879506
2009-03-26,1.936742205532228
2009-03-27,1.0158985654799042
2009-03-28,0.8559523737005924
2009-03-29,0.937535816667079
2009-03-30,1.0154337532552828
2009-03-31,1.5656643934831036
2009-04-01,1.3576288805877947
2009-04-02,1.2317841951499557
2009-04-03,1.2134822283800266
2009-04-04,1.2296404698490542
2009-04-05,1.6271934529041416
2009-04-06,1.3768768105457356
2009-04-07,1.6494776818511672
2009-04-08,1.1390074520378544
2009-04-09,1.0640188519589115
2009-04-10,1.0284491672473823
2009-04-11,1.0057598705335968
2009-04-12,1.0127893130024286
2009-04-13,0.9898599438042509
2009-04-14,0.9607071649705805
2009-04-15,0.9329109679368633
2009-04-16,0.9057531051319249
2009-04-17,0.8334714640824038
2009-04-18,0.7883185223002181
2009-04-19,0.7664577860739484
2009-04-20,0.8812916301473396
2009-04-21,1.0594529067484455
2009-04-22,1.297561070966279
2009-04-23,1.147383670684896
2009-04-24,1.5413211941670462
2009-04-25,1.9903587844156359
2009-04-26,2.068878380323588
2009-04-27,1.5089266108828023
2009-04-28,1.2878518898458196
2009-04-29,1.3759120175437614
2009-04-30,1.26030745295462
2009-05-01,1.1230632422247628
2009-05-02,1.1501095487458175
2009-05-03,1.2523462110226369
2009-05-04,1.0080907533725472
2009-05-05,1.1068275565779235
2009-05-06,1.0415168029048898
2009-05-07,1.1272545591396135
2009-05-08,1.0906414394930122
2009-05-09,1.0701902313393494
2009-05-10,1.1217420020565534
2009-05-11,1.1273142495875386
2009-05-12,1.0619302911962458
2009-05-13,1.1951810263455958
2009-05-14,1.2968674897915757
2009-05-15,1.2727347344573616
2009-05-16,1.158319703319146
2009-05-17,1.226727976629989
2009-05-18,1.3469956349659633
2009-05-19,1.716289784108813
2009-05-20,2.064185621449255
2009-05-21,1.53920835772382
2009-05-22,1.5415774294161313
2009-05-23,1.761152936363309
2009-05-24,2.6744042766021097
2009-05-25,4.794854535500723
2009-05-26,7.2854200640285995
2009-05-27,7.368596182921076
2009-05-28,9.866588891469036
2009-05-29,15.501577265837424
2009-05-30,18.768055881997615
2009-05-31,17.146515102507447
2009-06-01,14.322366087259853
2009-06-02,13.893379937407413
2009-06-03,14.517128991794776
2009-06-04,12.659401293986075
2009-06-05,11.411337163447355
2009-06-06,8.807642177698972
2009-06-07,9.23222039254966
2009-06-08,10.340349629167152
2009-06-09,10.624625371518077
2009-06-10,11.001410519021194
2009-06-11,9.846126426336252
2009-06-12,8.500132448601985
2009-06-13,10.603753475554397
2009-06-14,9.980227379591915
2009-06-15,7.911345684033832
2009-06-16,8.141310009085029
2009-06-17,6.960444936737279
2009-06-18,5.2428827080772615
2009-06-19,6.887939872686751
2009-06-20,5.745228751939861
2009-06-21,5.217270734515833
2009-06-22,4.0600222375002195
2009-06-23,4.144549330791738
2009-06-24,4.55390790151472
2009-06-25,3.539061072140176
2009-06-26,2.9796856527996316
2009-06-27,3.031028081771518
2009-06-28,2.6176001131810023
2009-06-29,2.4182256775391773
2009-06-30,1.5202000464644074
2009-07-01,4.882521225262061
2009-07-02,5.4917859887359235
2009-07-03,5.035473109272629
2009-07-04,3.125003354013874
2009-07-05,3.0359277799401543
2009-07-06,2.917764194329449
2009-07-07,2.7539649731957043
2009-07-08,2.4366720231250967
2009-07-09,2.368797010806485
2009-07-10,2.2090812903118944
2009-07-11,1.967007916661671
2009-07-12,1.8065560210304026
2009-07-13,1.9911437392926188
2009-07-14,1.715911417895302
2009-07-15,1.722735187771807
2009-07-16,1.85642788126589
2009-07-17,1.8876530073545803
2009-07-18,1.6719069384447034
2009-07-19,1.7319062057028967
2009-07-20,1.5672012134639561
2009-07-21,0.8589731565637388
2009-07-22,0.8319833273309334
2009-07-23,0.7119361947407996
2009-07-24,0.5633980000149251
2009-07-25,0.5241588055405765
2009-07-26,0.4818717936373573
2009-07-27,0.4478426860361216
2009-07-28,0.41160556636231793
2009-07-29,0.37036342931377675
2009-07-30,0.3439836112277676
2009-07-31,0.3129699521570072
2009-08-01,0.2607815910600092
2009-08-02,0.22963310330441217
2009-08-03,0.20789055996471592
2009-08-04,0.16920217597739617
2009-08-05,0.1643110673995466
2009-08-06,0.14527038430238226
2009-08-07,0.1150948993835353
2009-08-08,0.10879244921755556
2009-08-09,0.10246208842048235
2009-08-10,0.0968254045959459
2009-08-11,0.14720874063686729
2009-08-12,0.08965985073397228
2009-08-13,0.0774318105359903
2009-08-14,0.10608371206863955
2009-08-15,0.08338025114544534
2009-08-16,1.0111916453995298
2009-08-17,0.05918644142685385
2009-08-18,0.0964072717911075
2009-08-19,0.05436779956316218
2009-08-20,0.07950373851292192
2009-08-21,0.05153379968730004
2009-08-22,0.05020419845131382
2009-08-23,0.04867243609223195
2009-08-24,0.04808608893460207
2009-08-25,0.04784471641240276
2009-08-26,0.0446617839186587
2009-08-27,0.04341930033389881
2009-08-28,0.04212806480097282
2009-08-29,0.04079846937350756
2009-08-30,0.039588744537636486
2009-08-31,0.03848979642584271
2009-09-01,0.01669577853690478
2009-09-02,0.016311255365445462
2009-09-03,0.015954800491896366
2009-09-04,0.015636328809939738
2009-09-05,0.015349207564605744
2009-09-06,0.015084232382417326
2009-09-07,0.014847085752233731
2009-09-08,0.014640332448592773
2009-09-09,0.014464746616232566
2009-09-10,0.014307313119398497
2009-09-11,0.014159256593169458
2009-09-12,0.014024574784306342
2009-09-13,0.013900820984599334
2009-09-14,0.013786989918017155
2009-09-15,0.013698744334504704
2009-09-16,0.013640789593511338
2009-09-17,0.1716874021221788
2009-09-18,0.0227968304681336
2009-09-19,0.01352931473721263
2009-09-20,0.013443594232973905
2009-09-21,0.013361519176566685
2009-09-22,0.01327800647419154
2009-09-23,0.013192354598999416
2009-09-24,0.013117183130431583
2009-09-25,0.07567240854783798
2009-09-26,0.014255871549534893
2009-09-27,0.013341448859287534
2009-09-28,0.013028258205205345
2009-09-29,0.012928231813937615
2009-09-30,0.01923672252370562
2009-10-01,0.04232092051334733
2009-10-02,0.1283505146212729
2009-10-03,0.05352910372558576
2009-10-04,0.05087009858649716
2009-10-05,0.02235610896359872
2009-10-06,0.029806540137648174
2009-10-07,0.09506634415750655
2009-10-08,0.02831717090796169
2009-10-09,0.020707463069327782
2009-10-10,0.020669704523288587
2009-10-11,0.020618582695664602
2009-10-12,0.02056409180763878
2009-10-13,0.02051548129591229
2009-10-14,0.020467746115367995
2009-10-15,0.020735827981253254
2009-10-16,0.020819314368230285
2009-10-17,0.020343281503019187
2009-10-18,0.020295504133945864
2009-10-19,0.020246782871301175
2009-10-20,0.02020619540978162
2009-10-21,0.020173450122473072
2009-10-22,0.020138181060841316
2009-10-23,0.020094531506464033
2009-10-24,0.02005237586949028
2009-10-25,0.020018669207618217
2009-10-26,0.019988782016950424
2009-10-27,0.019958253382511712
2009-10-28,0.03225426986808334
2009-10-29,0.019895874121900685
2009-10-30,0.019862590480145194
2009-10-31,0.03489119149908073
2009-11-01,0.021432899433632
2009-11-02,0.020805118400361717
2009-11-03,0.0207854816511503
2009-11-04,0.020767168980799607
2009-11-05,0.020746126695732364
2009-11-06,0.020725121896655565
2009-11-07,0.02071007589208565
2009-11-08,0.022582548392239388
2009-11-09,0.020694925785296827
2009-11-10,0.020685344065686923
2009-11-11,0.020678985301937357
2009-11-12,0.020672627582522134
2009-11-13,0.022323372848463457
2009-11-14,0.022497765351711496
2009-11-15,0.039247886786674784
2009-11-16,0.029714861788707858
2009-11-17,0.027450545758000537
2009-11-18,0.03230927112370905
2009-11-19,0.08936284127632071
2009-11-20,0.06787176762200904
2009-11-21,0.07119127947116105
2009-11-22,0.050533969248584644
2009-11-23,0.1141985453356829
2009-11-24,0.22894225748426306
2009-11-25,0.12632539495688927
2009-11-26,0.8829529726329706
2009-11-27,0.21009053891650406
2009-11-28,0.0530924225155164
2009-11-29,0.6892751593644546
2009-11-30,0.8763926307714662
2009-12-01,0.0356355973270476
2009-12-02,0.04348299636065713
2009-12-03,0.3487534875831811
2009-12-04,0.25216645348056643
2009-12-05,0.04599509584521344
2009-12-06,0.055560907057388975
2009-12-07,0.03601628449563197
2009-12-08,0.037003942643616
2009-12-09,0.03233415583948801
2009-12-10,0.03643690490754232
2009-12-11,0.04293870471052874
2009-12-12,0.04641398350203663
2009-12-13,0.04805394200756776
2009-12-14,0.04389643104354306
2009-12-15,0.029691958750121577
2009-12-16,0.029119543728184715
2009-12-17,0.04170869186331505
2009-12-18,0.04643711283420046
2009-12-19,0.08343839521620038
2009-12-20,0.09841185942614093
2009-12-21,0.1018643427056932
2009-12-22,0.06471172529863088
2009-12-23,0.061608884465541254
2009-12-24,0.06521725565828153
2009-12-25,0.0722455442429926
2009-12-26,0.04863351330702712
2009-12-27,0.04005888957600711
2009-12-28,0.05111462222141138
2009-12-29,0.03754700393331997
2009-12-30,0.0385551579846789
2009-12-31,0.037511027040251554
2010-01-01,0.01462261647171283
2010-01-02,0.2800850794329194
2010-01-03,0.12217710564225218
2010-01-04,0.061334689473660844
2010-01-05,0.04668372915537494
2010-01-06,0.015191477163663926
2010-01-07,0.013264354480952104
2010-01-08,0.05154699591638451
2010-01-09,0.39498315666771344
2010-01-10,11.64130495575889
2010-01-11,8.399883985497187
2010-01-12,0.40062293289744194
2010-01-13,0.2516843646998683
2010-01-14,0.363823797174662
2010-01-15,0.42251291166419863
2010-01-16,0.3250714926624808
2010-01-17,0.30962083298774085
2010-01-18,0.3059077750805927
2010-01-19,0.2976657660443975
2010-01-20,0.2853516894803963
2010-01-21,0.2595647800872052
2010-01-22,0.24470987452010698
2010-01-23,0.22857496691556242
2010-01-24,0.2633543870430955
2010-01-25,0.3812927619891062
2010-01-26,0.5500947805329177
2010-01-27,0.4146714215063217
2010-01-28,0.34343188985631085
2010-01-29,0.33841902779485633
2010-01-30,0.3505460986526717
2010-01-31,0.34043141068341526
2010-02-01,0.30597971522878686
2010-02-02,0.30771110779459976
2010-02-03,0.28663885144915374
2010-02-04,0.2922221678170991
2010-02-05,0.326542018812884
2010-02-06,0.3985842101038955
2010-02-07,0.5928872999346102
2010-02-08,0.5858248570996294
2010-02-09,0.4418531550606387
2010-02-10,0.42142165195161196
2010-02-11,0.4286619545279176
2010-02-12,0.41797914629729443
2010-02-13,0.3928461373943942
2010-02-14,0.3841350517706878
2010-02-15,0.3911352835250869
2010-02-16,0.4077636255660632
2010-02-17,0.3692709321792843
2010-02-18,0.3891889642919959
2010-02-19,0.3669063305925039
2010-02-20,0.365476019666834
2010-02-21,0.34727954547161005
2010-02-22,0.3678285131540073
2010-02-23,0.391806262238969
2010-02-24,0.42469054780361876
2010-02-25,0.44847916105633956
2010-02-26,0.4631164678641908
2010-02-27,0.4703929016119217
2010-02-28,0.41838435570997956
2010-03-01,0.4489150138351713
2010-03-02,0.5273544095680389
2010-03-03,0.5451533182147128
2010-03-04,0.5781182887978937
2010-03-05,0.6315407178052876
2010-03-06,0.5406491320729361
2010-03-07,0.5274979026370776
2010-03-08,0.5909050469042264
2010-03-09,1.629984819894843
2010-03-10,2.2925793795183704
2010-03-11,1.0853829405221846
2010-03-12,0.6654902354992129
2010-03-13,0.6744017350567248
2010-03-14,0.780734956893774
2010-03-15,0.7837119558194049
2010-03-16,0.7301470297687129
2010-03-17,0.7613577545575508
2010-03-18,0.8268859155469805
2010-03-19,1.2230018031130419
2010-03-20,1.7099144053590098
2010-03-21,1.4102859519958553
2010-03-22,1.0706224909951612
2010-03-23,0.839480492454294
2010-03-24,0.8679687729404025
2010-03-25,1.1321549329284288
2010-03-26,1.3404382224586247
2010-03-27,1.3652447672615762
2010-03-28,1.0689972463378772
2010-03-29,1.0461353500619568
2010-03-30,1.1661710177490108
2010-03-31,1.6453714248540088
2010-04-01,2.0046144455045254
2010-04-02,1.7952884875427069
2010-04-03,2.0742428611719848
2010-04-04,2.4075669721584907
2010-04-05,2.8500544536923003
2010-04-06,3.1407752872587453
2010-04-07,3.1829866436222467
2010-04-08,1.662750981999291
2010-04-09,2.4041795497363267
2010-04-10,2.5131914576459913
2010-04-11,4.685122526533742
2010-04-12,4.021084591121603
2010-04-13,3.7511085941450784
2010-04-14,3.580536918188673
2010-04-15,4.477771545022515
2010-04-16,4.851054941972654
2010-04-17,2.5753679225663504
2010-04-18,5.865012984165065
2010-04-19,5.225514026065652
2010-04-20,4.806494580325127
2010-04-21,4.156598121685756
2010-04-22,5.006923199999932
2010-04-23,5.867421562027354
2010-04-24,5.796773821593023
2010-04-25,2.7155555970479655
2010-04-26,2.562041428313129
2010-04-27,2.5977840216644337
2010-04-28,3.2547467408190105
2010-04-29,3.8966945529644152
2010-04-30,4.24595688653003
2010-05-01,4.502216030745864
2010-05-02,2.409177137875655
2010-05-03,2.3595086175069366
2010-05-04,2.4453893736141263
2010-05-05,2.8373266053366653
2010-05-06,2.9476698596955306
2010-05-07,2.588916092052422
2010-05-08,3.062689171752863
2010-05-09,5.485090837885241
2010-05-10,5.0359440372515
2010-05-11,5.043695396736467
2010-05-12,6.983467245210367
2010-05-13,10.380080901542717
2010-05-14,10.897861031859227
2010-05-15,11.175899984984246
2010-05-16,12.070586307070744
2010-05-17,9.803079346413975
2010-05-18,7.919044422617586
2010-05-19,7.333569291689377
2010-05-20,4.354313779658635
2010-05-21,3.1775669008735195
2010-05-22,2.4281643059475497
2010-05-23,2.468943285235105
2010-05-24,2.562651284384494
2010-05-25,2.412605162265483
2010-05-26,2.348744078703796
2010-05-27,2.3815128887595276
2010-05-28,2.3679306375001254
2010-05-29,2.338118969209572
2010-05-30,2.288090728137534
2010-05-31,2.3549618510939694
2010-06-01,2.633336046862926
2010-06-02,4.662607610976115
2010-06-03,5.421556361875545
2010-06-04,5.881930480555753
2010-06-05,5.141408032424397
2010-06-06,4.106100795869241
2010-06-07,6.170105412963479
2010-06-08,6.625797386647847
2010-06-09,6.962208402731248
2010-06-10,4.217773064456316
2010-06-11,3.3518209711924136
2010-06-12,1.9446493282653543
2010-06-13,1.7598342382969823
2010-06-14,2.5736338032426236
2010-06-15,2.864790686378952
2010-06-16,3.046140641061596
2010-06-17,2.835356365021107
2010-06-18,1.64804611303891
2010-06-19,1.9107085919329818
2010-06-20,2.648952422605481
2010-06-21,2.844476291476161
2010-06-22,2.226568578939801
2010-06-23,1.9379173030455288
2010-06-24,1.7813414108947447
2010-06-25,1.999054756204796
2010-06-26,2.107556429242055
2010-06-27,1.8968564800800747
2010-06-28,1.7154706115053096
2010-06-29,1.96618747641336
2010-06-30,1.870609355078553
2010-07-01,3.965206918082438
2010-07-02,3.1785275895632012
2010-07-03,4.1871786387405265
2010-07-04,2.5833866648271497
2010-07-05,2.489049648350784
2010-07-06,2.0881441784406216
2010-07-07,1.800934563619659
2010-07-08,1.8189577869268494
2010-07-09,2.0815115261368606
2010-07-10,2.090995256404898
2010-07-11,1.9995478832449183
2010-07-12,1.9356699392175603
2010-07-13,1.8211211685151174
2010-07-14,1.7843677663290913
2010-07-15,1.573183815410716
2010-07-16,0.9498462194696373
2010-07-17,0.9094446465631056
2010-07-18,0.7312652940048121
2010-07-19,0.6452550961309351
2010-07-20,0.5701570089970021
2010-07-21,0.5200952658263819
2010-07-22,0.47100760924088253
2010-07-23,0.45410662463741047
2010-07-24,0.4368085697974594
2010-07-25,0.5322238123754551
2010-07-26,0.3476433395913083
2010-07-27,0.4175459049908005
2010-07-28,0.27981562377520547
2010-07-29,0.30224578741252073
2010-07-30,0.18902627089528753
2010-07-31,0.1630402714803848
2010-08-01,0.1376808260872101
2010-08-02,0.1269049352182105
2010-08-03,0.18438855089879838
2010-08-04,0.10927681671509021
2010-08-05,0.12476539762727358
2010-08-06,0.09204649884629224
2010-08-07,0.08768433856293074
2010-08-08,0.08149728681147694
2010-08-09,0.07292740319599099
2010-08-10,0.06129832239955953
2010-08-11,0.05884664199963803
2010-08-12,0.05606295686926585
2010-08-13,0.054066004115954226
2010-08-14,0.05215341720765592
2010-08-15,0.05079717770189548
2010-08-16,0.048486985100857014
2010-08-17,0.047086622225603454
2010-08-18,0.04571993738360243
2010-08-19,0.044305173028404206
2010-08-20,0.04287567619124942
2010-08-21,0.041474069434026664
2010-08-22,0.04020073423207626
2010-08-23,0.03909818756528203
2010-08-24,0.03814934219920305
2010-08-25,0.03735747851550909
2010-08-26,0.03668528276644781
2010-08-27,0.036068046907325874
2010-08-28,0.04026972184899445
2010-08-29,0.035070334161838815
2010-08-30,0.03486286466584615
2010-08-31,0.03452678699132209
2010-09-01,0.015323794871827076
2010-09-02,0.01685016948185715
2010-09-03,0.01540181465667196
2010-09-04,0.015040677256464728
2010-09-05,0.014958905023201682
2010-09-06,0.014880237469666357
2010-09-07,0.01476938877388223
2010-09-08,0.014643245221381702
2010-09-09,0.015641905918620816
2010-09-10,0.20308840741815237
2010-09-11,0.015164772563323211
2010-09-12,0.014735083604298654
2010-09-13,0.015662259362911594
2010-09-14,0.014183774316339782
2010-09-15,0.01405200673086846
2010-09-16,0.013936561308623405
2010-09-17,0.013841059094102765
2010-09-18,0.057510839930966985
2010-09-19,0.018789664196183303
2010-09-20,0.021468401076195128
2010-09-21,0.013650441397188335
2010-09-22,0.059724026605215676
2010-09-23,0.013599345845990105
2010-09-24,0.02402192782376041
2010-09-25,0.18448209620098416
2010-09-26,0.15266883644642737
2010-09-27,0.07569059786679513
2010-09-28,0.013497907994093951
2010-09-29,0.01342450196293582
2010-09-30,0.01335684645694446
2010-10-01,0.021626289438661583
2010-10-02,0.021560802354702376
2010-10-03,0.021501043857809193
2010-10-04,0.021441843157157397
2010-10-05,0.021367800654581
2010-10-06,0.021282220571668217
2010-10-07,0.02119845661480607
2010-10-08,0.02113066653601294
2010-10-09,0.02109477660927958
2010-10-10,0.03413018164150069
2010-10-11,0.026001315441623808
2010-10-12,0.05910639805141978
2010-10-13,0.06371423861730371
2010-10-14,0.042760661896894
2010-10-15,0.7075816153783531
2010-10-16,0.0681194785373265
2010-10-17,0.6320103979354457
2010-10-18,0.15520347243506016
2010-10-19,0.05294156973642353
2010-10-20,0.09407719925724672
2010-10-21,0.09818317176838706
2010-10-22,0.06241780753868281
2010-10-23,0.22593325255863264
2010-10-24,0.37858802382965523
2010-10-25,0.3421407770765194
2010-10-26,0.1652374852410453
2010-10-27,0.1194011269257914
2010-10-28,0.7458733123670261
2010-10-29,0.9570024262510187
2010-10-30,0.466845325100812
2010-10-31,0.2453975255941016
2010-11-01,0.32384505338891717
2010-11-02,0.27285585285872593
2010-11-03,0.1217644879709088
2010-11-04,2.2911519950579406
2010-11-05,4.404287153251397
2010-11-06,12.48413353187783
2010-11-07,1.178250516258967
2010-11-08,0.13689320310852712
2010-11-09,0.14233153637462082
2010-11-10,0.10654989377039713
2010-11-11,0.12336088695660806
2010-11-12,0.1322626380568154
2010-11-13,0.18516384473378253
2010-11-14,0.4572445826624204
2010-11-15,0.13610505030570952
2010-11-16,0.15778586227053484
2010-11-17,0.09633984870885955
2010-11-18,0.07903172907517457
2010-11-19,0.07919496803537632
2010-11-20,0.07750903001155361
2010-11-21,0.0854843739935804
2010-11-22,0.08538742491820826
2010-11-23,0.07586743132953094
2010-11-24,0.07529035811261156
2010-11-25,0.07508248737326928
2010-11-26,0.08696932085175438
2010-11-27,0.0735192062301575
2010-11-28,0.07294654602469858
2010-11-29,0.08077954391410987
2010-11-30,0.07181580266046857
2010-12-01,0.09749157544151281
2010-12-02,0.08362090910469827
2010-12-03,0.11358040129287986
2010-12-04,0.1096443921725188
2010-12-05,0.14446746251019277
2010-12-06,0.10139699870783626
2010-12-07,0.07293430432128678
2010-12-08,0.07198520994580544
2010-12-09,0.07164956801801878
2010-12-10,0.07187916597198786
2010-12-11,0.07199665698852897
2010-12-12,0.08600121225954041
2010-12-13,0.07864831683175802
2010-12-14,0.07038529416555905
2010-12-15,0.07042661690672641
2010-12-16,0.0757522320271699
2010-12-17,0.07346290028712807
2010-12-18,0.06898420005503268
2010-12-19,0.07283664021042731
2010-12-20,0.07189790191188483
2010-12-21,0.07384918324660125
2010-12-22,0.06880650694916567
2010-12-23,0.06756564040309433
2010-12-24,0.06726704073532633
2010-12-25,0.06914492127915348
2010-12-26,0.11826063296793532
2010-12-27,0.07076483554176555
2010-12-28,0.1968510269894233
2010-12-29,0.06638839903950915
2010-12-30,0.06971405895518817
2010-12-31,0.06923454020340794
2011-01-01,0.023631618177708192
2011-01-02,0.030593625868336125
2011-01-03,0.038122039971519556
2011-01-04,0.06819828633032181
2011-01-05,0.02668619254130715
2011-01-06,0.026894183253734192
2011-01-07,0.02361121698622222
2011-01-08,0.024400989553023104
2011-01-09,0.024782977718664913
2011-01-10,0.023909881901408667
2011-01-11,0.022716116428849055
2011-01-12,0.11879950345042779
2011-01-13,0.14312075888999692
2011-01-14,0.08057651367411729
2011-01-15,0.052013337202494576
2011-01-16,0.04206315680333827
2011-01-17,0.04093204333698841
2011-01-18,0.035599102680521175
2011-01-19,0.03972353432137119
2011-01-20,0.11179796586073402
2011-01-21,0.03147766998599108
2011-01-22,0.025582390131359378
2011-01-23,0.030500620138427824
2011-01-24,0.0309108802147086
2011-01-25,0.034898364057191704
2011-01-26,0.04172817567805641
2011-01-27,0.028103920707594154
2011-01-28,0.055613462367373516
2011-01-29,0.06094674635783806
2011-01-30,0.05845083545795953
2011-01-31,0.06890094179910994
2011-02-01,0.05408313038361144
2011-02-02,0.07040753871792602
2011-02-03,0.09473580709152395
2011-02-04,0.03565104054110162
2011-02-05,0.038764746100400364
2011-02-06,0.03335647549084739
2011-02-07,0.14564829687336
2011-02-08,0.10749903655367923
2011-02-09,0.06665272841738785
2011-02-10,0.07412440400874536
2011-02-11,0.08491432041663208
2011-02-12,0.12164577575889113
2011-02-13,0.13011332382929086
2011-02-14,0.10821673937067496
2011-02-15,0.11243114853190733
2011-02-16,0.12633976893356988
2011-02-17,0.12530389608924394
2011-02-18,0.12948500660905815
2011-02-19,0.15088331177007322
2011-02-20,0.13735493561134657
2011-02-21,0.1534475371241117
2011-02-22,0.15404309349095924
2011-02-23,0.1583119288283115
2011-02-24,0.167066408032634
2011-02-25,0.14904130380762934
2011-02-26,0.34831061675843733
2011-02-27,0.3409943354805352
2011-02-28,0.34241482293943076
2011-03-01,0.4550556049344101
2011-03-02,0.4115601409928849
2011-03-03,0.4311079781189792
2011-03-04,0.4378773965998885
2011-03-05,0.4445500186300934
2011-03-06,0.4561573155831049
2011-03-07,0.41626575597278104
2011-03-08,0.459294537606334
2011-03-09,0.6327268566328723
2011-03-10,0.7837218241315133
2011-03-11,0.6033106446877489
2011-03-12,0.6002844083518422
2011-03-13,0.634216128310186
2011-03-14,0.59996728878472
2011-03-15,0.6493041822694829
2011-03-16,0.6288691405733798
2011-03-17,0.6808392523198429
2011-03-18,0.7315629542894517
2011-03-19,0.842410935721815
2011-03-20,0.8046653975431716
2011-03-21,0.6001823019297466
2011-03-22,0.6563408295775595
2011-03-23,0.6948493104479919
2011-03-24,0.6361646183249593
2011-03-25,1.0433842573450178
2011-03-26,1.4873335629128208
2011-03-27,2.2718526069961724
2011-03-28,3.4570589608857225
2011-03-29,3.015501227479688
2011-03-30,3.117098447891003
2011-03-31,3.332207617163188
2011-04-01,2.0704907686436784
2011-04-02,1.7866220125065582
2011-04-03,1.7399469862297874
2011-04-04,1.7670557623149448
2011-04-05,1.7339747844336597
2011-04-06,1.9596301924603823
2011-04-07,2.133434972578703
2011-04-08,2.276122939588973
2011-04-09,2.3951756935231687
2011-04-10,2.5264742736852344
2011-04-11,3.3507902282083233
2011-04-12,2.945360990975823
2011-04-13,2.8289571703939007
2011-04-14,2.1679673632222607
2011-04-15,2.064428026835521
2011-04-16,2.082549099778868
2011-04-17,2.131413850266794
2011-04-18,2.2609833602085447
2011-04-19,1.9931508028936744
2011-04-20,1.9006884876435175
2011-04-21,1.6852641122956726
2011-04-22,1.6232082976308557
2011-04-23,1.573728320298888
2011-04-24,1.6205026119071788
2011-04-25,1.4807971886502902
2011-04-26,1.4521349625437547
2011-04-27,1.432512887478846
2011-04-28,1.4305661004172638
2011-04-29,1.38732111359998
2011-04-30,1.2955385169474625
2011-05-01,1.3304852195096335
2011-05-02,1.3486386810948712
2011-05-03,1.2136202293435228
2011-05-04,1.4197764972607718
2011-05-05,1.2878726778217007
2011-05-06,1.2987340954417068
2011-05-07,1.304819208875788
2011-05-08,1.1289468119803545
2011-05-09,1.1480809429330732
2011-05-10,1.1649291057824285
2011-05-11,1.173054772839888
2011-05-12,1.0451066983533963
2011-05-13,1.0918992740418951
2011-05-14,1.00293676781167
2011-05-15,1.0148758636335926
2011-05-16,1.114995400033294
2011-05-17,0.9665220481139808
2011-05-18,1.0254849216509376
2011-05-19,1.0282017218074992
2011-05-20,1.1788952593637665
2011-05-21,1.0528457683261507
2011-05-22,0.9855855994512269
2011-05-23,1.0291615865970363
2011-05-24,1.1090363164676293
2011-05-25,1.0702791473375723
2011-05-26,1.041305250739703
2011-05-27,1.1137941872738957
2011-05-28,1.1753303473112229
2011-05-29,1.1751912548879848
2011-05-30,1.1743158200097514
2011-05-31,1.1856460834809475
2011-06-01,0.856011719253526
2011-06-02,0.6113023849017513
2011-06-03,0.643024411520877
2011-06-04,0.6801710905622667
2011-06-05,0.6838683332546766
2011-06-06,0.6684660036449136
2011-06-07,0.5171452760847047
2011-06-08,0.47546441250255045
2011-06-09,0.4421667706248082
2011-06-10,0.38410098394129716
2011-06-11,0.36491755028208656
2011-06-12,0.34783535116138614
2011-06-13,0.3188064107045333
2011-06-14,0.29340307073869315
2011-06-15,0.26622130134274963
2011-06-16,0.24167828659671134
2011-06-17,0.21280923755096026
2011-06-18,0.1816662210305397
2011-06-19,0.1656012800772458
2011-06-20,0.17748263894199032
2011-06-21,0.13850152886832567
2011-06-22,0.12471008191984657
2011-06-23,0.11493393792569886
2011-06-24,0.1059117356409771
2011-06-25,0.09722501192289142
2011-06-26,0.08912928216004504
2011-06-27,0.08499915388648624
2011-06-28,0.07699506341563005
2011-06-29,0.07266446568159285
2011-06-30,0.05727944888172107
2011-07-01,0.15125873218464214
2011-07-02,0.13841887770916964
2011-07-03,0.12594803752847838
2011-07-04,0.11983692148671427
2011-07-05,0.11217990756182114
2011-07-06,0.10469515533652399
2011-07-07,0.09891686775488948
2011-07-08,0.0913110442360943
2011-07-09,0.08288437409633805
2011-07-10,0.07944880187440254
2011-07-11,0.08126194178711618
2011-07-12,0.0809753952916595
2011-07-13,0.07372456316802962
2011-07-14,0.06518610168265071
2011-07-15,0.06323605391462098
2011-07-16,0.06128247328505474
2011-07-17,0.059168111054219374
2011-07-18,0.056790152167899656
2011-07-19,0.05449813770401304
2011-07-20,0.05233529455019136
2011-07-21,0.05030690409728992
2011-07-22,0.0484883065530723
2011-07-23,0.04905006108329843
2011-07-24,0.045787704243969336
2011-07-25,0.044718656933917376
2011-07-26,0.04364294792183211
2011-07-27,0.04264641663052709
2011-07-28,0.041688166635158085
2011-07-29,0.04087042182982271
2011-07-30,0.040202070186904366
2011-07-31,0.03960612767401374
2011-08-01,0.03561817748170925
2011-08-02,0.035017451204248456
2011-08-03,0.03446897820461199
2011-08-04,0.03400890643871758
2011-08-05,0.03361262278618627
2011-08-06,0.03323893449653439
2011-08-07,0.03284098018751503
2011-08-08,0.032413174923141684
2011-08-09,0.03197851067736239
2011-08-10,0.03154785026361359
2011-08-11,0.03111150686705631
2011-08-12,0.1320427767607088
2011-08-13,0.030886789126787394
2011-08-14,0.12760224327857522
2011-08-15,0.029901171591612378
2011-08-16,0.02962930814665341
2011-08-17,0.02935338306962409
2011-08-18,0.029102286522009455
2011-08-19,0.028868721984951294
2011-08-20,0.028641259705503543
2011-08-21,0.028414387762809756
2011-08-22,0.028198897345590567
2011-08-23,0.028011291977280126
2011-08-24,0.02785173965666361
2011-08-25,0.02770855885394876
2011-08-26,0.027581803444804178
2011-08-27,0.027469680955530682
2011-08-28,0.02735669770409529
2011-08-29,0.027235911033181674
2011-08-30,0.027115349207666173
2011-08-31,0.027006868523752076
2011-09-01,0.011973209006554098
2011-09-02,0.011931982937214364
2011-09-03,0.011892035127426826
2011-09-04,0.011856660963859381
2011-09-05,0.011825483917211367
2011-09-06,0.011795905595317624
2011-09-07,0.011767790650866049
2011-09-08,0.03373317802950475
2011-09-09,0.011720297456765165
2011-09-10,0.011694788315935718
2011-09-11,0.013541373023591116
2011-09-12,0.01187215208247989
2011-09-13,0.011646538368551078
2011-09-14,0.030240204088586516
2011-09-15,0.04466917901103284
2011-09-16,0.012457431801089255
2011-09-17,0.011619748799208981
2011-09-18,0.020053432941496446
2011-09-19,0.011608652340209752
2011-09-20,0.011597137392999024
2011-09-21,0.01158975368273667
2011-09-22,0.011583868553233866
2011-09-23,0.011578929763493694
2011-09-24,0.019538836794930958
2011-09-25,0.1590004195748836
2011-09-26,0.03567009224432944
2011-09-27,0.011552683291552455
2011-09-28,0.011535944597608809
2011-09-29,0.011519360285564188
2011-09-30,0.011502547184149113
2011-10-01,0.01867118448822284
2011-10-02,0.018648284463763463
2011-10-03,0.018626330258790715
2011-10-04,0.01860603299786984
2011-10-05,0.018588558823379626
2011-10-06,0.01857385873682669
2011-10-07,0.01856045409576996
2011-10-08,0.018546888127221446
2011-10-09,0.018533228546043962
2011-10-10,0.01852032810290619
2011-10-11,0.018507813888434258
2011-10-12,0.01849551932888873
2011-10-13,0.018484685567566703
2011-10-14,0.018476100292641552
2011-10-15,0.01846818107154772
2011-10-16,0.018458558090339878
2011-10-17,0.01844802570248061
2011-10-18,0.01843824065912179
2011-10-19,0.018429129201905422
2011-10-20,0.018420286574590616
2011-10-21,0.018411954694538716
2011-10-22,0.018404169813493864
2011-10-23,0.09972146674944664
2011-10-24,0.026584828555192445
2011-10-25,0.030988690704779876
2011-10-26,0.05025264899094879
2011-10-27,0.09703967003125834
2011-10-28,0.06120927020883676
2011-10-29,0.14360439821419296
2011-10-30,0.07194561216279294
2011-10-31,0.024953686791248424
2011-11-01,0.019503920844784917
2011-11-02,0.01929143226313371
2011-11-03,0.01928489742224934
2011-11-04,0.019278554114215356
2011-11-05,0.38644653163746073
2011-11-06,0.09600638815040546
2011-11-07,0.054118176627895954
2011-11-08,0.02932993582813469
2011-11-09,0.025061101100440703
2011-11-10,0.1589627105445122
2011-11-11,0.024650876467589903
2011-11-12,0.10310801414635931
2011-11-13,0.03270539405782417
2011-11-14,0.15022398450477573
2011-11-15,0.034220177379342666
2011-11-16,0.12222435338342094
2011-11-17,0.22230112603670668
2011-11-18,0.1636251708966434
2011-11-19,0.032666191381016674
2011-11-20,0.01944538209533854
2011-11-21,0.020120678394547276
2011-11-22,0.022472570758998098
2011-11-23,0.03141703149469802
2011-11-24,0.02514325293857641
2011-11-25,0.028070442456874733
2011-11-26,0.03096453758695362
2011-11-27,0.0514554046839313
2011-11-28,0.0218353054172612
2011-11-29,0.02811513740529007
2011-11-30,0.07120115771805556
2011-12-01,0.09510960808737301
2011-12-02,0.08912193677115639
2011-12-03,0.05201923723928751
2011-12-04,0.02724710039032741
2011-12-05,0.024563835600659164
2011-12-06,0.02635062920103609
2011-12-07,0.03230450511854804
2011-12-08,0.14008534095617223
2011-12-09,0.05534439441556278
2011-12-10,0.06251023234737063
2011-12-11,0.04686013822143055
2011-12-12,0.14441849900860695
2011-12-13,0.07204835151067474
2011-12-14,0.03812916488385105
2011-12-15,0.047100904076111144
2011-12-16,0.02886520291303571
2011-12-17,0.02423184307227988
2011-12-18,0.03054702104461391
2011-12-19,0.022590506165730426
2011-12-20,0.022477426372169516
2011-12-21,0.040187868470120104
2011-12-22,0.05224181378420149
2011-12-23,0.07077125032524098
2011-12-24,0.03761129790345897
2011-12-25,0.03231331533186197
2011-12-26,0.16257974666086342
2011-12-27,0.0336220266865481
2011-12-28,0.02619382081657435
2011-12-29,0.20098888754672853
2011-12-30,0.027372929470386196
2011-12-31,0.02409319900946975
2012-01-01,0.00937289457121343
2012-01-02,0.0103682295621807
2012-01-03,0.011839607747287949
2012-01-04,0.008561132955735259
2012-01-05,0.013554984975338592
2012-01-06,0.016025377114507133
2012-01-07,0.019519315777307433
2012-01-08,0.012467299941591467
2012-01-09,0.022084679875810698
2012-01-10,0.018255435786367315
2012-01-11,0.010723603431424924
2012-01-12,0.00882280682649003
2012-01-13,0.05722659299975092
2012-01-14,0.20183173842660682
2012-01-15,1.2387971528415707
2012-01-16,0.4777003253430738
2012-01-17,0.44916025410743277
2012-01-18,3.2394245179913765
2012-01-19,9.559216795394851
2012-01-20,11.925108036557713
2012-01-21,0.16920167407027836
2012-01-22,0.06830266121784512
2012-01-23,0.309009612651482
2012-01-24,0.09418353025044787
2012-01-25,0.08828289481782615
2012-01-26,0.09456392322267726
2012-01-27,0.09136844070551627
2012-01-28,0.08905127447665699
2012-01-29,0.08862024592256343
2012-01-30,0.09441809292367989
2012-01-31,0.09578023630030598
2012-02-01,0.15559833984101165
2012-02-02,0.1368921822421542
2012-02-03,0.2741978875226524
2012-02-04,0.1394694659842134
2012-02-05,0.14994692333978688
2012-02-06,0.15298540876978214
2012-02-07,0.14815449710250367
2012-02-08,0.1445180065456556
2012-02-09,0.15633015575838022
2012-02-10,0.2879914093217188
2012-02-11,0.22028726606691515
2012-02-12,0.19338391529848656
2012-02-13,0.19542250924127824
2012-02-14,0.1957489405437047
2012-02-15,0.221386358713911
2012-02-16,0.33119177536025307
2012-02-17,0.24951548120404723
2012-02-18,0.2309582863745064
2012-02-19,0.24312551657371836
2012-02-20,0.24875280057729948
2012-02-21,0.24178502258560716
2012-02-22,0.2763883593296836
2012-02-23,0.3072717995879952
2012-02-24,0.3266384745454053
2012-02-25,0.4382840254782955
2012-02-26,0.49760564721990563
2012-02-27,0.3609432909565733
2012-02-28,0.39234955169117464
2012-02-29,0.45767153752760137
2012-03-01,0.5351397229661432
2012-03-02,0.6378586423403422
2012-03-03,0.6138931751471981
2012-03-04,0.9763521552714556
2012-03-05,0.7372562096074855
2012-03-06,0.6401139509916942
2012-03-07,0.5411725773522117
2012-03-08,0.5348866789247161
2012-03-09,0.5195931497544752
2012-03-10,0.5061731769633442
2012-03-11,0.5200733254123441
2012-03-12,0.45946724379440457
2012-03-13,0.5172264014943013
2012-03-14,0.4524239753713691
2012-03-15,0.4640110084378789
2012-03-16,0.4906009666577099
2012-03-17,0.40580533997193685
2012-03-18,0.4047641709594952
2012-03-19,0.4070757126653627
2012-03-20,0.49705257671901454
2012-03-21,0.5644606576849025
2012-03-22,0.7124921613364303
2012-03-23,0.8059075060660558
2012-03-24,0.595757124498869
2012-03-25,0.6944432597292888
2012-03-26,0.7194181104990516
2012-03-27,0.7179352081152605
2012-03-28,0.6913835284190136
2012-03-29,0.743692927408582
2012-03-30,1.021619254932481
2012-03-31,1.4143238316708855
2012-04-01,1.1856781528226181
2012-04-02,1.524928027338677
2012-04-03,2.2348669784388107
2012-04-04,1.9725361375260095
2012-04-05,1.3143339949059534
2012-04-06,1.356667477540874
2012-04-07,1.9439857947211978
2012-04-08,2.634918350374161
2012-04-09,2.3748494164296363
2012-04-10,1.9774131746060424
2012-04-11,2.3547292208737574
2012-04-12,2.618917132566194
2012-04-13,2.6092656594271526
2012-04-14,1.637073619853492
2012-04-15,1.6577396390864854
2012-04-16,1.6869823070264154
2012-04-17,1.9140513142043867
2012-04-18,2.424835701864023
2012-04-19,2.732921039280629
2012-04-20,1.7700124121261598
2012-04-21,1.510441204200653
2012-04-22,1.4961721246825048
2012-04-23,1.4719846332930915
2012-04-24,1.4057089493147021
2012-04-25,1.338049754209754
2012-04-26,1.395233212976182
2012-04-27,1.4176544459690652
2012-04-28,1.4267606537128175
2012-04-29,1.923342785395148
2012-04-30,2.6160334984417015
2012-05-01,3.438824244540901
2012-05-02,3.3772070679124324
2012-05-03,2.1654500155486387
2012-05-04,1.9573875813794457
2012-05-05,2.3340716004255895
2012-05-06,2.8409614570694393
2012-05-07,4.422590984516245
2012-05-08,3.014015344036759
2012-05-09,4.357639889401965
2012-05-10,6.546842719685893
2012-05-11,9.603243600330414
2012-05-12,9.726890744385218
2012-05-13,8.895353494966848
2012-05-14,3.8254501166947543
2012-05-15,3.658725724766308
2012-05-16,3.576925257997778
2012-05-17,3.929271536653468
2012-05-18,5.244944672800916
2012-05-19,6.8260031836909745
2012-05-20,9.412017474449666
2012-05-21,11.224813690247126
2012-05-22,10.046694329754626
2012-05-23,9.76646376934969
2012-05-24,8.04055229521313
2012-05-25,8.467469209748431
2012-05-26,9.443746199235658
2012-05-27,7.461708968101216
2012-05-28,6.448135779685012
2012-05-29,5.521897806969286
2012-05-30,2.475343840382254
2012-05-31,3.0581183870518207
2012-06-01,3.7846583545673407
2012-06-02,4.043561142760264
2012-06-03,4.409650074406043
2012-06-04,4.214930846471571
2012-06-05,2.7954866443368096
2012-06-06,2.826997737749755
2012-06-07,3.6675398986456265
2012-06-08,4.052967814730333
2012-06-09,4.3542960936775374
2012-06-10,4.261219419072205
2012-06-11,3.6826514971307946
2012-06-12,2.9107877661002592
2012-06-13,2.606523060942285
2012-06-14,2.210487067524315
2012-06-15,1.8547049653218866
2012-06-16,1.4233909247042948
2012-06-17,1.1318964306718897
2012-06-18,1.1546239396983033
2012-06-19,0.8927654502300597
2012-06-20,0.7068840984681742
2012-06-21,0.638273988071473
2012-06-22,0.7262461699290914
2012-06-23,0.74730644225798
2012-06-24,0.6900033662487893
2012-06-25,0.6062124607471304
2012-06-26,0.5786627916774051
2012-06-27,0.5140353743703078
2012-06-28,0.4644609746660591
2012-06-29,0.4672836606166201
2012-06-30,0.48965609867539706
2012-07-01,1.7016216680043823
2012-07-02,1.516838555203396
2012-07-03,1.3303992816062957
2012-07-04,1.2398291663539307
2012-07-05,1.061881177672031
2012-07-06,0.7413724514393734
2012-07-07,0.7341650223943312
2012-07-08,0.7407490926623751
2012-07-09,0.630074685039617
2012-07-10,0.548119758138796
2012-07-11,0.46573816601591417
2012-07-12,0.41604691133046673
2012-07-13,0.3647579804476488
2012-07-14,0.3093295030847646
2012-07-15,0.24903974743625984
2012-07-16,0.23001908129090842
2012-07-17,0.20632667092123766
2012-07-18,0.19574500396125344
2012-07-19,0.20132371981906041
2012-07-20,0.20041844888662014
2012-07-21,0.1787857877155389
2012-07-22,0.1267941345121927
2012-07-23,0.11614243706406288
2012-07-24,0.1069983151147702
2012-07-25,0.0969065734829426
2012-07-26,0.08766585316830644
2012-07-27,0.0818613349227365
2012-07-28,0.07658427539533535
2012-07-29,0.07170564438125675
2012-07-30,0.06608355189692004
2012-07-31,0.06133300986934324
2012-08-01,0.055880448487084976
2012-08-02,0.05596372939562281
2012-08-03,0.04904792485897028
2012-08-04,0.043558864507661645
2012-08-05,0.04220457481786467
2012-08-06,0.040969840088800544
2012-08-07,0.04005876525947096
2012-08-08,2.2784218424726257
2012-08-09,4.9423635691019605
2012-08-10,0.045024595364470434
2012-08-11,0.23035268569120504
2012-08-12,0.8805353715843928
2012-08-13,0.061179309931181994
2012-08-14,0.05192638695366463
2012-08-15,0.04875094439658644
2012-08-16,0.04704192886053093
2012-08-17,0.04536823248921937
2012-08-18,0.043966501783766126
2012-08-19,0.042839121094008024
2012-08-20,0.04190810767328209
2012-08-21,0.04102440609458209
2012-08-22,0.04010012888604644
2012-08-23,0.03926369952543666
2012-08-24,0.038691901292542304
2012-08-25,0.039051579489340696
2012-08-26,0.037288073171687044
2012-08-27,0.03675938337485442
2012-08-28,0.03630780801740155
2012-08-29,0.14272052032114535
2012-08-30,0.04554977199043438
2012-08-31,0.038446706131833513
2012-09-01,0.015724622242517906
2012-09-02,0.022958830177005514
2012-09-03,0.015488539371397471
2012-09-04,0.015324996400292074
2012-09-05,0.015141411203609546
2012-09-06,0.014955397250085996
2012-09-07,0.014791806719026043
2012-09-08,0.014641097074774647
2012-09-09,0.014488276546989014
2012-09-10,0.014344590195617356
2012-09-11,0.014206918369675851
2012-09-12,0.014077446478212356
2012-09-13,0.01395905924145142
2012-09-14,0.013843156385652106
2012-09-15,0.01373372180172913
2012-09-16,0.013635138206133447
2012-09-17,0.013539798711638094
2012-09-18,0.013443234727110768
2012-09-19,0.013347586124156883
2012-09-20,0.031143321265102962
2012-09-21,0.013185871971961275
2012-09-22,0.01311256714024109
2012-09-23,0.013048931345840498
2012-09-24,0.012997458241460898
2012-09-25,0.012953144033559388
2012-09-26,0.012909738670680357
2012-09-27,0.012870017197241733
2012-09-28,0.014029014797046895
2012-09-29,0.012818952585926528
2012-09-30,0.012783349845718732
2012-10-01,0.020712555364472758
2012-10-02,0.020658965012805456
2012-10-03,0.02061205634861614
2012-10-04,0.02056018486477729
2012-10-05,0.020502500127464997
2012-10-06,0.020443953395704234
2012-10-07,0.02038790874529587
2012-10-08,0.020333288803485054
2012-10-09,0.0202834133736139
2012-10-10,0.020239676887287197
2012-10-11,0.020194916136070523
2012-10-12,0.020152563055301838
2012-10-13,0.020120503526290943
2012-10-14,0.020094966470951284
2012-10-15,0.020069092598940578
2012-10-16,0.020043421173796205
2012-10-17,0.021025663333131744
2012-10-18,0.019993869015571153
2012-10-19,0.019962568119778246
2012-10-20,0.019933777942715405
2012-10-21,0.019905392189448808
2012-10-22,0.019880499618096653
2012-10-23,0.021026373981604476
2012-10-24,0.01984472310388196
2012-10-25,0.019823667621193298
2012-10-26,0.019798938651083356
2012-10-27,0.01977753763328792
2012-10-28,0.3361535037560232
2012-10-29,0.24544472798349912
2012-10-30,0.10356856046680839
2012-10-31,0.13187749619681596
2012-11-01,0.12199682521208506
2012-11-02,0.052879183810555244
2012-11-03,0.08238940146771633
2012-11-04,0.0721153217946833
2012-11-05,0.05339850512133922
2012-11-06,0.08416944727747525
2012-11-07,0.06861045620563003
2012-11-08,0.036306857597212285
2012-11-09,0.030125657056385403
2012-11-10,0.032890915363751085
2012-11-11,0.09950921196020066
2012-11-12,0.12785439851771763
2012-11-13,0.05010886882147029
2012-11-14,0.029825982964757
2012-11-15,0.027456194588049012
2012-11-16,0.02348626630047333
2012-11-17,0.022710376831442232
2012-11-18,0.021487136328487904
2012-11-19,0.03276472821994848
2012-11-20,0.02294300050719077
2012-11-21,0.022045870644788912
2012-11-22,0.0310250077301711
2012-11-23,0.02301332507396672
2012-11-24,0.07224365922925453
2012-11-25,0.17737219011086067
2012-11-26,0.02762008598746697
2012-11-27,0.022220252590335034
2012-11-28,0.028455746270107482
2012-11-29,0.04361490531113144
2012-11-30,0.04796793638249173
2012-12-01,0.11550524935870514
2012-12-02,0.10207066688843186
2012-12-03,0.029124936889320153
2012-12-04,0.03189181960422155
2012-12-05,0.10962648411202829
2012-12-06,0.031466996488241084
2012-12-07,0.023214640024426237
2012-12-08,0.02647114476343961
2012-12-09,0.026053995795379172
2012-12-10,0.02498047861933025
2012-12-11,0.03350162220424825
2012-12-12,0.029310607942190266
2012-12-13,0.023432120257644923
2012-12-14,0.02348359216639825
2012-12-15,0.023532343215360428
2012-12-16,0.024094504855917274
2012-12-17,0.023880678555125438
2012-12-18,0.023669833626349546
2012-12-19,0.02370179711087465
2012-12-20,0.026399403335180826
2012-12-21,0.03136517378435379
2012-12-22,0.02588275263442683
2012-12-23,0.05211526068008675
2012-12-24,0.07018648117033349
2012-12-25,0.03139049639033948
2012-12-26,0.0259049447456303
2012-12-27,0.5430850596989726
2012-12-28,0.8403090866668144
2012-12-29,0.23264350697464764
2012-12-30,0.3349600320192601
2012-12-31,0.22328462883559133
2013-01-01,0.11037308433752506
2013-01-02,0.0723198815787592
2013-01-03,0.03318258425195224
2013-01-04,0.10026332469813715
2013-01-05,0.2636320732393044
2013-01-06,0.01825345819168955
2013-01-07,0.013345084617645804
2013-01-08,0.011130114803349717
2013-01-09,0.011360598065384947
2013-01-10,0.010883751024521205
2013-01-11,0.010708081040500502
2013-01-12,0.011043833454358012
2013-01-13,0.02031631034839661
2013-01-14,0.04933867782361087
2013-01-15,0.14846536900371948
2013-01-16,0.025346048236138893
2013-01-17,0.012356665761855802
2013-01-18,0.010952957179018716
2013-01-19,0.010990101058616737
2013-01-20,0.011018872722524517
2013-01-21,0.011062929573020592
2013-01-22,0.011458436098846694
2013-01-23,0.011593910058924357
2013-01-24,0.014162829930230313
2013-01-25,0.02633571399157042
2013-01-26,0.016158187346713634
2013-01-27,0.021039213762990606
2013-01-28,0.033303626632640825
2013-01-29,0.018905905880968146
2013-01-30,0.023096681106538175
2013-01-31,0.011516559788078555
2013-02-01,0.014791844828643725
2013-02-02,0.05067018927699656
2013-02-03,0.057260209207759774
2013-02-04,0.042673801055399224
2013-02-05,0.050898688112813936
2013-02-06,0.07774069343771917
2013-02-07,0.09079624587124138
2013-02-08,0.0852470930471271
2013-02-09,0.05957018410751562
2013-02-10,0.0668537859676335
2013-02-11,0.07052794648621658
2013-02-12,0.09839126878086989
2013-02-13,0.10679811127039959
2013-02-14,0.05982795385559586
2013-02-15,0.05563765154778866
2013-02-16,0.0634931066933727
2013-02-17,0.07892531491964008
2013-02-18,0.2110343528875844
2013-02-19,0.26829515398738807
2013-02-20,0.1660298213286337
2013-02-21,0.18754398759989463
2013-02-22,0.10171783212357946
2013-02-23,0.16474933206941964
2013-02-24,0.16706210144680775
2013-02-25,0.1980414905108521
2013-02-26,0.1962514653456626
2013-02-27,0.13170502982172413
2013-02-28,0.11951115482467209
2013-03-01,0.14171915029592563
2013-03-02,0.14227327385664368
2013-03-03,0.13951251786128804
2013-03-04,0.1366498044206614
2013-03-05,0.13989538250100345
2013-03-06,0.1419371943002908
2013-03-07,0.1430409305071633
2013-03-08,0.1465914659245468
2013-03-09,0.1763254858962378
2013-03-10,0.292697461849212
2013-03-11,0.3765531915901316
2013-03-12,0.3886666241111168
2013-03-13,0.22626684084402118
2013-03-14,0.19275842167597068
2013-03-15,0.1803489812643246
2013-03-16,0.1989324687015671
2013-03-17,0.19167186140884399
2013-03-18,0.18647431597954078
2013-03-19,0.1854158813070981
2013-03-20,0.20018778840586254
2013-03-21,0.20304242692412375
2013-03-22,0.18374656511043075
2013-03-23,0.17929335136435115
2013-03-24,0.17885139730652133
2013-03-25,0.17782271715411332
2013-03-26,0.17121987177285602
2013-03-27,0.17087805197636688
2013-03-28,0.16917070832613448
2013-03-29,0.16038783098269893
2013-03-30,0.15357444183594868
2013-03-31,0.14685874694659412
2013-04-01,0.17733009552637533
2013-04-02,0.18795377598617635
2013-04-03,0.1766815063484043
2013-04-04,0.1676376498224019
2013-04-05,0.17827248118297942
2013-04-06,0.19324244108328192
2013-04-07,0.23237320635909103
2013-04-08,0.20081890495426985
2013-04-09,0.19039324067295987
2013-04-10,0.19177333994737789
2013-04-11,0.18703575126278096
2013-04-12,0.2164001419021919
2013-04-13,0.24228188150494148
2013-04-14,0.25582086501118245
2013-04-15,0.3896460261663838
2013-04-16,0.4768210564332923
2013-04-17,0.5301287323459013
2013-04-18,0.27229138237350975
2013-04-19,0.29214071896533983
2013-04-20,0.27726054765767455
2013-04-21,0.2766810509062788
2013-04-22,0.27783535422319866
2013-04-23,0.29441878979256664
2013-04-24,0.3214307352773117
2013-04-25,0.5972031812053817
2013-04-26,1.0984459231211443
2013-04-27,1.9895023073816671
2013-04-28,2.3666797926334224
2013-04-29,3.060144616002491
2013-04-30,4.199566088071506
2013-05-01,3.81108581154072
2013-05-02,4.052943627052761
2013-05-03,3.2217892776094526
2013-05-04,4.021831960590284
2013-05-05,7.8551700235595305
2013-05-06,9.352728449277263
2013-05-07,8.410367908120977
2013-05-08,7.640730844721068
2013-05-09,6.899232958767251
2013-05-10,5.0185945506483085
2013-05-11,3.434595812245904
2013-05-12,2.2378418850876822
2013-05-13,2.165210270355007
2013-05-14,2.1172157391418183
2013-05-15,2.0523525082623966
2013-05-16,1.9277697396160112
2013-05-17,1.8439363536154705
2013-05-18,1.7644344474682168
2013-05-19,1.6768674967680952
2013-05-20,1.6301834325825786
2013-05-21,1.5852656224248105
2013-05-22,1.5446211073700515
2013-05-23,1.6499924480880317
2013-05-24,1.4182786486996475
2013-05-25,1.1982370218410043
2013-05-26,1.0760050521206728
2013-05-27,0.9354379990558982
2013-05-28,0.8897295583796343
2013-05-29,0.8574237077708404
2013-05-30,0.82886349824513
2013-05-31,0.8095006832635577
2013-06-01,0.7380745073002208
2013-06-02,0.7040854687066059
2013-06-03,0.7095448366617643
2013-06-04,0.6814217413410304
2013-06-05,0.5654529827805166
2013-06-06,0.44063584238353054
2013-06-07,0.4700127466899531
2013-06-08,0.4969152608053545
2013-06-09,0.49881649154300556
2013-06-10,0.471369553022531
2013-06-11,0.38916255877633527
2013-06-12,0.27856743629714525
2013-06-13,0.24639749349224083
2013-06-14,0.1815497388446904
2013-06-15,0.1715216113720826
2013-06-16,0.16727169190026384
2013-06-17,0.15100234663362366
2013-06-18,0.1385206966985521
2013-06-19,0.1238053397572803
2013-06-20,0.11155802881086921
2013-06-21,0.10338746301302718
2013-06-22,0.09324623585860187
2013-06-23,0.08115834953129768
2013-06-24,0.07377361511345423
2013-06-25,0.06764362329176418
2013-06-26,0.061605900078267696
2013-06-27,0.055192934788995784
2013-06-28,0.04906873494054012
2013-06-29,0.043044213327869056
2013-06-30,0.03863394323031099
2013-07-01,0.11638157882556154
2013-07-02,0.10464733510100037
2013-07-03,0.0952657502416131
2013-07-04,0.08821228606372628
2013-07-05,0.0822141826216433
2013-07-06,0.12692719454437615
2013-07-07,0.07537219306776885
2013-07-08,0.07183214377604201
2013-07-09,0.06866562110048965
2013-07-10,0.06580190532718555
2013-07-11,0.06297775893804618
2013-07-12,0.06032327836143332
2013-07-13,0.05792159299996402
2013-07-14,0.05572055944597548
2013-07-15,0.053624690941102726
2013-07-16,0.05172056167729344
2013-07-17,0.05005064785305604
2013-07-18,0.04857503962673558
2013-07-19,0.04723071370835193
2013-07-20,0.04607061166905915
2013-07-21,0.04502366553111494
2013-07-22,0.04396586382392348
2013-07-23,0.042913095912580926
2013-07-24,0.04191311454959895
2013-07-25,0.04092671511516191
2013-07-26,0.04283887264380798
2013-07-27,0.03901870571479269
2013-07-28,0.03819410331514065
2013-07-29,0.03737098531666108
2013-07-30,0.036643053887824184
2013-07-31,0.035989403318208546
2013-08-01,0.03238837742263873
2013-08-02,0.031948462718921294
2013-08-03,0.031544223927309684
2013-08-04,0.031175349670472984
2013-08-05,0.030821720655813123
2013-08-06,0.032564070950583224
2013-08-07,0.03013368225516023
2013-08-08,0.029825924845857322
2013-08-09,0.029546359932748293
2013-08-10,0.029297884045602296
2013-08-11,0.029086702966796604
2013-08-12,0.028877827180077018
2013-08-13,0.02867000332312676
2013-08-14,0.028480926903473112
2013-08-15,0.02831018772372365
2013-08-16,0.028141734356089052
2013-08-17,0.027957424637036595
2013-08-18,0.027767325358595697
2013-08-19,0.02758709223557847
2013-08-20,0.027416610811453593
2013-08-21,0.02726059027621553
2013-08-22,0.02712168386572657
2013-08-23,0.02698888936344981
2013-08-24,0.02686675180976934
2013-08-25,0.026759942300201647
2013-08-26,0.02948331191781304
2013-08-27,0.0265728188362892
2013-08-28,0.026486555368301166
2013-08-29,0.026402427447084636
2013-08-30,0.02631918143507766
2013-08-31,0.026238123001084523
2013-09-01,0.01164196566036196
2013-09-02,0.021357382324046978
2013-09-03,0.011600615881989275
2013-09-04,0.01158088860641978
2013-09-05,0.011561410307462458
2013-09-06,0.012871746860056476
2013-09-07,0.011525554852404625
2013-09-08,0.01150809843005689
2013-09-09,0.0114941599281017
2013-09-10,0.011483782328698906
2013-09-11,0.011474812605079415
2013-09-12,0.011465904765644812
2013-09-13,0.01145729521827167
2013-09-14,0.03887939500074735
2013-09-15,0.011441378500455715
2013-09-16,0.011429133902501618
2013-09-17,0.011415804603904197
2013-09-18,0.01140332767276536
2013-09-19,0.01139253771139197
2013-09-20,0.0113826058902199
2013-09-21,0.011372818604143537
2013-09-22,0.011363589143064201
2013-09-23,0.01135501413556919
2013-09-24,0.01134692581229764
2013-09-25,0.011339641467704074
2013-09-26,0.011333123613360979
2013-09-27,0.011326806748953073
2013-09-28,0.011320722974593469
2013-09-29,0.011314993086115171
2013-09-30,0.011309775316648821
2013-10-01,0.018376053510895978
2013-10-02,0.01836891482120381
2013-10-03,0.018362039849580188
2013-10-04,0.018355751145324
2013-10-05,0.018349652735273978
2013-10-06,0.018390114958927367
2013-10-07,0.018337866427612568
2013-10-08,0.01833231813476642
2013-10-09,0.018327094762445567
2013-10-10,0.01832197493091531
2013-10-11,0.01831684478542488
2013-10-12,0.018311667841314924
2013-10-13,0.01830638778120369
2013-10-14,0.018301093800529997
2013-10-15,0.018295839081034618
2013-10-16,0.018290675202779348
2013-10-17,0.01828571513297233
2013-10-18,0.01828085337104815
2013-10-19,0.01827593960735094
2013-10-20,0.018270962182756943
2013-10-21,0.018265878641960297
2013-10-22,0.018260658473000232
2013-10-23,0.0182683883787497
2013-10-24,0.018250199763466726
2013-10-25,0.018270464119653572
2013-10-26,0.01823985974861162
2013-10-27,0.018234723273353858
2013-10-28,0.018229626827794453
2013-10-29,0.01822457661036437
2013-10-30,0.01821957071259145
2013-10-31,0.018214589178625194
2013-11-01,0.019146621546994924
2013-11-02,0.019141410354507043
2013-11-03,0.01913620825571092
2013-11-04,0.01913102209703811
2013-11-05,0.01912583746063377
2013-11-06,0.019120681214370088
2013-11-07,0.019115553073429728
2013-11-08,0.18666404316423968
2013-11-09,0.027902747692319388
2013-11-10,0.025158481970281924
2013-11-11,0.02446603889098876
2013-11-12,0.11948240032455315
2013-11-13,0.08913705929340913
2013-11-14,0.056837709794228405
2013-11-15,0.023855065876474187
2013-11-16,0.023334444900300583
2013-11-17,0.02674446200393109
2013-11-18,0.04090297671628191
2013-11-19,0.03005209835246791
2013-11-20,0.025824646133632747
2013-11-21,0.028552341414334034
2013-11-22,0.03865704105640611
2013-11-23,0.04373735732215344
2013-11-24,0.029818769685265558
2013-11-25,0.025277333259092517
2013-11-26,0.02097511945419957
2013-11-27,0.020784279393668708
2013-11-28,0.01989813233536543
2013-11-29,0.023314610222770468
2013-11-30,0.3507106255130662
2013-12-01,0.21916235431623135
2013-12-02,0.06399346411530507
2013-12-03,0.07371025287182259
2013-12-04,0.17657645937159658
2013-12-05,0.058220670293582265
2013-12-06,0.04968842562062269
2013-12-07,0.0797197122714524
2013-12-08,0.07220300451101301
2013-12-09,0.03548312368641072
2013-12-10,0.038084101855716444
2013-12-11,0.03038665717792866
2013-12-12,0.0335395827198311
2013-12-13,0.054984067174600325
2013-12-14,0.02394675618578559
2013-12-15,0.02893798791527705
2013-12-16,0.02890818372119576
2013-12-17,0.03309843752152741
2013-12-18,0.02890332369615289
2013-12-19,0.024996864896792904
2013-12-20,0.028608845210017175
2013-12-21,0.04626467758379321
2013-12-22,0.13584950432697973
2013-12-23,0.16576913999299508
2013-12-24,0.07836498440770376
2013-12-25,0.02571589017762235
2013-12-26,0.023129027751993436
2013-12-27,0.02480636691414841
2013-12-28,0.02407514258076656
2013-12-29,0.022240487333651707
2013-12-30,0.022012419382874123
2013-12-31,0.022070174022792346
2014-01-01,0.007875191242309804
2014-01-02,0.008047038413230059
2014-01-03,0.008420622017982072
2014-01-04,0.011184139275087256
2014-01-05,0.014718604504302292
2014-01-06,0.012324717942687677
2014-01-07,0.008932219832950792
2014-01-08,0.010043037444787661
2014-01-09,0.008442705931066328
2014-01-10,0.00988866041379169
2014-01-11,0.03499283068488015
2014-01-12,0.009029408141051281
2014-01-13,0.00791974395833481
2014-01-14,0.02645672677799049
2014-01-15,0.07906424906479335
2014-01-16,0.00802670676786977
2014-01-17,0.008065081518027529
2014-01-18,0.008085388958433998
2014-01-19,0.008129797905017503
2014-01-20,0.008133089308698402
2014-01-21,0.009766253325197405
2014-01-22,0.008125967573110807
2014-01-23,0.013937008973121218
2014-01-24,0.06714265417620513
2014-01-25,0.08228422753276583
2014-01-26,0.050208088822479645
2014-01-27,0.036381921310426814
2014-01-28,0.012265421581988439
2014-01-29,0.01768440096262296
2014-01-30,0.01772372175166512
2014-01-31,0.017250673415706026
2014-02-01,0.03356454939665308
2014-02-02,0.06548949434213705
2014-02-03,0.0675291912777536
2014-02-04,0.04253184023551736
2014-02-05,0.03039311947514884
2014-02-06,0.02609715487173129
2014-02-07,0.02669619797091559
2014-02-08,0.026830481124018125
2014-02-09,0.027163695301378014
2014-02-10,0.02686877988580858
2014-02-11,0.02977536284909398
2014-02-12,0.026538898763826778
2014-02-13,0.02630106086447722
2014-02-14,0.02750276169648841
2014-02-15,0.028114292755632007
2014-02-16,0.026098502458447356
2014-02-17,0.025099684018097524
2014-02-18,0.024035399507793976
2014-02-19,0.023567143561346045
2014-02-20,0.0254178863183222
2014-02-21,0.025255830919497808
2014-02-22,0.029663139596902394
2014-02-23,0.05243949971920023
2014-02-24,0.03195455452302076
2014-02-25,0.027601593708278648
2014-02-26,0.02593466399703413
2014-02-27,0.03718415648360742
2014-02-28,0.054646295371095555
2014-03-01,0.06860353516094304
2014-03-02,0.08154760713286605
2014-03-03,0.05484980870965255
2014-03-04,0.054325421521960175
2014-03-05,0.050534252735769794
2014-03-06,0.07194627244803382
2014-03-07,0.10179141091648415
2014-03-08,0.11100487231511194
2014-03-09,0.17357967917062883
2014-03-10,0.24893092494867172
2014-03-11,0.16709956110155377
2014-03-12,0.149218814500719
2014-03-13,0.2589865673269585
2014-03-14,0.21287490201028947
2014-03-15,0.19196963582237225
2014-03-16,0.19148134015847376
2014-03-17,0.19423064040863097
2014-03-18,0.27364228243325917
2014-03-19,0.2567315234984855
2014-03-20,0.21408052828209265
2014-03-21,0.2660926615011432
2014-03-22,0.27443638104195717
2014-03-23,0.20052063289803918
2014-03-24,0.18035545439653977
2014-03-25,0.18008320690864368
2014-03-26,0.17562601191447333
2014-03-27,0.17264986525399623
2014-03-28,0.1612134755251488
2014-03-29,0.15603487012367395
2014-03-30,0.1400914775443542
2014-03-31,0.1411975373040248
2014-04-01,0.16555964044883703
2014-04-02,0.15905906726056937
2014-04-03,0.14901664622391822
2014-04-04,0.14819555139732235
2014-04-05,0.14803729372444951
2014-04-06,0.15357654518074618
2014-04-07,0.14063639865775346
2014-04-08,0.1422780388911291
2014-04-09,0.13661855951891677
2014-04-10,0.12880965405377695
2014-04-11,0.1588288270342225
2014-04-12,0.19978716099817495
2014-04-13,0.3422619081359637
2014-04-14,0.2963792583063078
2014-04-15,0.3311910793875871
2014-04-16,0.32874521355680747
2014-04-17,0.30671669008421626
2014-04-18,0.3268781762407932
2014-04-19,0.43954868100272715
2014-04-20,0.4025574791038858
2014-04-21,0.32871709909627894
2014-04-22,0.35429683950329505
2014-04-23,0.34697730566815177
2014-04-24,0.31136725512689906
2014-04-25,0.37463746698971917
2014-04-26,0.5585476805599824
2014-04-27,0.6758208205466449
2014-04-28,0.641308827887458
2014-04-29,0.6059189570014408
2014-04-30,0.6352404211225264
2014-05-01,1.1136691794697517
2014-05-02,1.6065347064819118
2014-05-03,1.493699087120423
2014-05-04,1.0201814256034916
2014-05-05,1.526558911153632
2014-05-06,2.5910572033289174
2014-05-07,4.620987436355145
2014-05-08,6.233419971278816
2014-05-09,8.794846273955299
2014-05-10,6.584134582823985
2014-05-11,6.871167180826333
2014-05-12,4.853025982233594
2014-05-13,5.047611967345649
2014-05-14,5.710767746358955
2014-05-15,2.254609726290818
2014-05-16,1.983202137885946
2014-05-17,1.9781372607711263
2014-05-18,2.1440135702698533
2014-05-19,2.0865980243689375
2014-05-20,2.5181200931630543
2014-05-21,2.713981985486329
2014-05-22,2.847153194155331
2014-05-23,2.452469008278203
2014-05-24,3.0098023292016
2014-05-25,4.1548699410082275
2014-05-26,4.138887635700802
2014-05-27,4.441337574468527
2014-05-28,7.063876654658998
2014-05-29,10.454323657670642
2014-05-30,8.878415328314958
2014-05-31,7.722176354962759
2014-06-01,6.159975295299991
2014-06-02,3.698476720814949
2014-06-03,4.055241865884374
2014-06-04,2.7646073971500673
2014-06-05,3.1233800362146393
2014-06-06,2.750310342975767
2014-06-07,2.547712207222131
2014-06-08,1.9279204859029304
2014-06-09,1.8897532109752955
2014-06-10,1.671058465012993
2014-06-11,1.786343532789315
2014-06-12,1.814221089395372
2014-06-13,1.906600206853737
2014-06-14,2.2183741740345093
2014-06-15,1.2345227963257164
2014-06-16,1.1792934186157125
2014-06-17,1.1429964566433735
2014-06-18,1.0580298476825636
2014-06-19,0.9847432448509104
2014-06-20,0.8580547478287229
2014-06-21,0.7693009144403203
2014-06-22,0.7495571848065734
2014-06-23,0.7319033742364482
2014-06-24,0.6144072686671488
2014-06-25,0.5429364791462516
2014-06-26,0.46912892232906483
2014-06-27,0.3152254612046567
2014-06-28,0.29166349797649094
2014-06-29,0.2868708040658441
2014-06-30,0.2423870841883827
2014-07-01,0.6371890888278905
2014-07-02,0.5998213176407073
2014-07-03,0.5528307949371795
2014-07-04,0.4637755578811864
2014-07-05,0.3579671178403298
2014-07-06,0.30987619738876715
2014-07-07,0.2730138221149056
2014-07-08,0.2441517823500448
2014-07-09,0.21384963876318971
2014-07-10,0.23319311778082685
2014-07-11,0.17282923859789426
2014-07-12,0.15333635697543072
2014-07-13,0.12540436344083059
2014-07-14,0.10966952584972166
2014-07-15,0.09794869214385973
2014-07-16,0.08823024878745686
2014-07-17,0.07982182010945348
2014-07-18,0.07263044721846706
2014-07-19,0.06681822817312026
2014-07-20,0.06251027493834714
2014-07-21,0.059374480382119676
2014-07-22,0.05682137382873139
2014-07-23,0.054723330835392964
2014-07-24,0.05283419292397285
2014-07-25,0.053076074336784525
2014-07-26,0.04961029813676361
2014-07-27,0.04823487095870336
2014-07-28,0.046902015717975934
2014-07-29,0.04565349690745441
2014-07-30,0.04447935811306016
2014-07-31,0.04337173283111444
2014-08-01,0.03871470829757023
2014-08-02,0.03788625565298224
2014-08-03,0.03713165093050963
2014-08-04,0.03646031811010148
2014-08-05,0.03586725051579432
2014-08-06,0.03533904526656387
2014-08-07,0.03476928458327469
2014-08-08,0.03417071717179886
2014-08-09,0.033571203206836354
2014-08-10,0.03299289713142129
2014-08-11,0.03246116370195398
2014-08-12,0.031984496581519445
2014-08-13,0.03153336703305811
2014-08-14,0.03108542787391188
2014-08-15,0.041248423217060494
2014-08-16,0.053103877071723614
2014-08-17,0.02998634534606417
2014-08-18,0.029648873440518198
2014-08-19,0.029350740112888782
2014-08-20,0.029069851911037517
2014-08-21,0.03081443962729104
2014-08-22,0.028577965563337655
2014-08-23,0.028365903330117553
2014-08-24,0.029170205044650406
2014-08-25,0.04718831623810278
2014-08-26,0.027870376879605023
2014-08-27,0.027744979110917764
2014-08-28,0.027630433195525037
2014-08-29,0.027512807861386424
2014-08-30,0.02738838260292659
2014-08-31,0.027254699796958645
2014-09-01,0.01206650531294908
2014-09-02,0.012011325822159092
2014-09-03,0.011961076247055044
2014-09-04,0.011918913547775963
2014-09-05,0.0118867816843647
2014-09-06,0.01190300896313611
2014-09-07,0.021425871138921908
2014-09-08,0.011812567506412349
2014-09-09,0.011851263252087352
2014-09-10,0.04277620376760114
2014-09-11,0.018936650869302907
2014-09-12,0.011700058896059674
2014-09-13,0.011672958102954278
2014-09-14,0.011647819008531101
2014-09-15,0.011622590288562384
2014-09-16,0.011598376240086423
2014-09-17,0.011575285319974407
2014-09-18,0.011553873565535567
2014-09-19,0.011535809476913541
2014-09-20,0.011520995193960652
2014-09-21,0.011506635705954326
2014-09-22,0.011491568444922393
2014-09-23,0.011477677468834541
2014-09-24,0.01146670749698112
2014-09-25,0.011459082743604462
2014-09-26,0.011453892526124812
2014-09-27,0.011449510261015537
2014-09-28,0.011445332618661291
2014-09-29,0.01993102833696005
2014-09-30,0.011435899972805365
2014-10-01,0.01858025792317248
2014-10-02,0.01892362120940555
2014-10-03,0.01856376006679089
2014-10-04,0.018556360306266045
2014-10-05,0.018547434713751608
2014-10-06,0.01853568308590937
2014-10-07,0.018522836773619128
2014-10-08,0.01851122101362921
2014-10-09,0.01849940624817982
2014-10-10,0.018486596611396424
2014-10-11,0.018474382857192825
2014-10-12,0.018462885641050232
2014-10-13,0.01845244907287632
2014-10-14,0.018442197213034264
2014-10-15,0.01843232804502817
2014-10-16,0.35616929088591015
2014-10-17,0.04525362765284527
2014-10-18,0.024748259688346954
2014-10-19,0.018408708152942082
2014-10-20,0.018402470395667767
2014-10-21,0.018396023221498987
2014-10-22,0.018993335162914914
2014-10-23,0.01838280167478106
2014-10-24,0.018375560788437446
2014-10-25,0.018367431457858015
2014-10-26,0.018777069809677038
2014-10-27,0.01835293380791046
2014-10-28,0.02296963079751865
2014-10-29,0.01833943561065804
2014-10-30,0.03541550285720788
2014-10-31,0.018328704174244887
2014-11-01,0.019264430852350183
2014-11-02,0.2449777815103867
2014-11-03,0.6996309780345273
2014-11-04,1.3693878977687772
2014-11-05,0.6940936129517254
2014-11-06,0.0784235840369917
2014-11-07,0.054141747958318324
2014-11-08,0.05282275976143931
2014-11-09,0.021858396333412466
2014-11-10,0.02165346587518004
2014-11-11,0.5989193770097376
2014-11-12,0.0915139041786334
2014-11-13,0.106376481423428
2014-11-14,0.2147988710598811
2014-11-15,0.23008594909511002
2014-11-16,0.037615066763561536
2014-11-17,0.02534018283059469
2014-11-18,0.09618951965698945
2014-11-19,0.0325315978133525
2014-11-20,0.05036980052555001
2014-11-21,0.2760657245445698
2014-11-22,0.15482859110984135
2014-11-23,0.08607175553971545
2014-11-24,0.3015528294342307
2014-11-25,0.22683295846377935
2014-11-26,0.07877960971086313
2014-11-27,0.05924920549472813
2014-11-28,0.05625057425031271
2014-11-29,0.10312550283695733
2014-11-30,0.18537946577886816
2014-12-01,0.2054984629139525
2014-12-02,0.18280314193279623
2014-12-03,0.07971552071671494
2014-12-04,0.0464566129983098
2014-12-05,0.1693302685079504
2014-12-06,0.08355261848939882
2014-12-07,0.20286056778820588
2014-12-08,0.363635412612745
2014-12-09,0.7907863965709905
2014-12-10,0.29815649340829975
2014-12-11,0.10771048054425832
2014-12-12,0.050393960724776775
2014-12-13,0.09290160704046384
2014-12-14,0.24119621911772934
2014-12-15,0.08243719868354436
2014-12-16,0.09182807600851094
2014-12-17,0.09722889210745067
2014-12-18,0.10017783189181527
2014-12-19,0.10136958955775482
2014-12-20,0.10147366352181716
2014-12-21,0.10122418709236108
2014-12-22,0.10055193880058469
2014-12-23,0.1342127717002823
2014-12-24,0.14410436903015586
2014-12-25,0.14662075074468453
2014-12-26,0.1541240597525282
2014-12-27,0.11889268701102086
2014-12-28,0.17679380712899648
2014-12-29,0.209087331636689
2014-12-30,0.15449722808648284
2014-12-31,0.37436447016744134
2015-01-01,0.43194482432821035
2015-01-02,0.5616958421905175
2015-01-03,0.4625219245862397
2015-01-04,0.3606161539928786
2015-01-05,0.4031763562944694
2015-01-06,0.321180174188244
2015-01-07,0.3112896554041919
2015-01-08,0.275947737834579
2015-01-09,0.28387668373189406
2015-01-10,0.25988541822886374
2015-01-11,0.27598275984400067
2015-01-12,0.3166123726238896
2015-01-13,0.27432779502509075
2015-01-14,0.2419082057248799
2015-01-15,0.3369014587525919
2015-01-16,3.2658955858983982
2015-01-17,0.40894292805090166
2015-01-18,0.34655386644828984
2015-01-19,0.34490434924918656
2015-01-20,0.340141474670559
2015-01-21,0.33047518039517954
2015-01-22,0.3135729148919332
2015-01-23,0.2934906729953213
2015-01-24,0.2713939307155506
2015-01-25,0.25146239088429156
2015-01-26,0.23283436778239452
2015-01-27,0.2604911344692448
2015-01-28,0.2653009834276596
2015-01-29,0.27424302058345423
2015-01-30,0.23146245115490477
2015-01-31,0.22211100055614585
2015-02-01,0.1934517702306283
2015-02-02,0.18630595972690847
2015-02-03,0.17956857620875624
2015-02-04,0.18412957602329846
2015-02-05,0.23277339573336206
2015-02-06,0.29697925495975974
2015-02-07,0.3275664727793849
2015-02-08,0.33012289718099197
2015-02-09,0.2782658175776427
2015-02-10,0.3843893497741042
2015-02-11,0.34353018422769716
2015-02-12,0.31565725362267616
2015-02-13,0.3029381372114087
2015-02-14,0.28943446970794123
2015-02-15,0.2807448800613011
2015-02-16,0.26297503122967664
2015-02-17,0.2562353439497039
2015-02-18,0.24484137400715186
2015-02-19,0.2861797671495119
2015-02-20,0.24625769895028224
2015-02-21,0.2285552817341672
2015-02-22,0.22711442002828305
2015-02-23,0.26604225065989096
2015-02-24,0.24190830794825283
2015-02-25,0.2840474249864024
2015-02-26,0.31860884000835793
2015-02-27,0.3111843333734188
2015-02-28,0.47053760377686743
2015-03-01,0.6289448142136861
2015-03-02,0.8393446846221531
2015-03-03,0.7585003801279417
2015-03-04,0.7341074167358688
2015-03-05,0.7748537762669925
2015-03-06,0.9462403705769051
2015-03-07,1.085048568152885
2015-03-08,1.0921066009998308
2015-03-09,0.49206205409741444
2015-03-10,0.5644704300610145
2015-03-11,1.0015811106554882
2015-03-12,1.6415118742407495
2015-03-13,1.9042150312829893
2015-03-14,1.6272177517307518
2015-03-15,1.4423182678480464
2015-03-16,1.2470444432170935
2015-03-17,0.7377455966027933
2015-03-18,0.6811659463653803
2015-03-19,0.7663685871456558
2015-03-20,0.8028211236128876
2015-03-21,0.602871605119146
2015-03-22,0.7965112751144813
2015-03-23,0.8516662183442731
2015-03-24,0.5998965583802702
2015-03-25,0.5930294737680941
2015-03-26,0.6066004566171058
2015-03-27,0.5973715547175226
2015-03-28,0.5806724726478943
2015-03-29,0.5584353257078692
2015-03-30,0.5306755139461571
2015-03-31,0.7066003391896211
2015-04-01,1.0353127638960116
2015-04-02,1.513696128300697
2015-04-03,1.9719570223975338
2015-04-04,2.2776139310491152
2015-04-05,3.3774029504529444
2015-04-06,5.1409154010631655
2015-04-07,6.367584094419147
2015-04-08,5.879526947097512
2015-04-09,6.069300013703967
2015-04-10,6.330212912980446
2015-04-11,6.910774552759571
2015-04-12,4.753880814834326
2015-04-13,2.08902078860887
2015-04-14,2.0191403285904816
2015-04-15,2.1150623579900056
2015-04-16,2.057543331127068
2015-04-17,1.99128762209586
2015-04-18,2.1476053835365163
2015-04-19,2.143893746519554
2015-04-20,2.015509023876833
2015-04-21,1.8233167261179428
2015-04-22,1.7836229703121806
2015-04-23,1.628944861150535
2015-04-24,1.5483366234017768
2015-04-25,1.5554641300956547
2015-04-26,1.6397625655517587
2015-04-27,2.2358695320106157
2015-04-28,3.164702017846234
2015-04-29,3.9161861765884027
2015-04-30,5.1710878996515195
2015-05-01,2.7079758602030104
2015-05-02,2.7001065664814488
2015-05-03,3.7270279326550146
2015-05-04,4.5077716238510135
2015-05-05,4.400712531649849
2015-05-06,5.388207208968834
2015-05-07,6.370748903586809
2015-05-08,6.964041024706428
2015-05-09,7.078702362236812
2015-05-10,7.551441181471398
2015-05-11,8.818155259665724
2015-05-12,8.979178025324247
2015-05-13,6.75366434991098
2015-05-14,6.144107812797094
2015-05-15,2.474161918034933
2015-05-16,3.004289547210389
2015-05-17,4.082746886195198
2015-05-18,6.348129425033484
2015-05-19,7.357189215567287
2015-05-20,4.523794209694723
2015-05-21,4.582356956640933
2015-05-22,7.6026581491800425
2015-05-23,8.316482243613287
2015-05-24,7.669624712432178
2015-05-25,6.1010503154028255
2015-05-26,7.3739169705833785
2015-05-27,8.760274813600791
2015-05-28,9.739277813898203
2015-05-29,9.392323504461034
2015-05-30,7.31099135330689
2015-05-31,2.9916932979808135
2015-06-01,2.510196327761256
2015-06-02,3.235649178588661
2015-06-03,4.425203149373901
2015-06-04,4.847936914456739
2015-06-05,4.30755525782621
2015-06-06,4.34979733792185
2015-06-07,3.6303023229638347
2015-06-08,4.109202224999586
2015-06-09,3.3207000977697327
2015-06-10,2.7026413997589387
2015-06-11,2.692033840335096
2015-06-12,2.361868058840492
2015-06-13,2.0156894360009856
2015-06-14,1.8050821564205146
2015-06-15,1.1869189192860337
2015-06-16,1.0677876694762984
2015-06-17,0.8567806800363782
2015-06-18,0.8890340257837411
2015-06-19,0.8577221029990805
2015-06-20,0.8628787207582818
2015-06-21,0.8727771253275765
2015-06-22,0.7029909926819219
2015-06-23,0.5915060388919215
2015-06-24,0.525943274233948
2015-06-25,0.5144010606124886
2015-06-26,0.48017421786278885
2015-06-27,0.47183182107121613
2015-06-28,0.44031313304143577
2015-06-29,0.27612355243580894
2015-06-30,0.2595241822170488
2015-07-01,0.7393303169692014
2015-07-02,0.6463623604779549
2015-07-03,0.5854505193755729
2015-07-04,0.5336122922199412
2015-07-05,0.4812960905359987
2015-07-06,0.43113374709943675
2015-07-07,0.3867647965002856
2015-07-08,0.36359265519005673
2015-07-09,0.33454741050480324
2015-07-10,0.294551882109801
2015-07-11,0.26951372798310175
2015-07-12,0.24752256790685678
2015-07-13,0.18834953531788226
2015-07-14,0.15390952989228462
2015-07-15,0.14283044215612736
2015-07-16,0.13624573435107842
2015-07-17,0.12334281214903979
2015-07-18,0.11332716048275099
2015-07-19,0.10316487888265334
2015-07-20,0.0946967773171948
2015-07-21,0.08680296702480135
2015-07-22,0.08178080519315589
2015-07-23,0.0672234137035335
2015-07-24,0.07014390589577153
2015-07-25,0.07603861772098493
2015-07-26,0.06705926453172903
2015-07-27,0.05478253421034517
2015-07-28,0.05205941542315368
2015-07-29,0.04938166755980079
2015-07-30,0.04700014265719435
2015-07-31,0.044919424521470165
2015-08-01,0.03943837818237568
2015-08-02,0.03810807579797137
2015-08-03,0.03700395718976016
2015-08-04,0.037234702977888764
2015-08-05,0.03536291293542628
2015-08-06,0.03464368859134336
2015-08-07,0.03392780112652223
2015-08-08,0.03326310314158511
2015-08-09,0.03263276612674656
2015-08-10,0.032034908748144235
2015-08-11,0.03147567350307745
2015-08-12,0.030950329989238363
2015-08-13,0.031769690344003815
2015-08-14,0.030092098815630148
2015-08-15,0.029722302275109958
2015-08-16,0.02936652923783523
2015-08-17,0.02903148399324807
2015-08-18,0.033978411063797655
2015-08-19,0.028462926698275735
2015-08-20,0.028216993687919686
2015-08-21,0.027995909370805382
2015-08-22,0.02786941939576968
2015-08-23,0.027648567514574555
2015-08-24,0.03500820508508436
2015-08-25,0.027402929027755346
2015-08-26,0.02731968844261626
2015-08-27,0.02796818968031734
2015-08-28,0.027205484814286734
2015-08-29,0.027989242379904238
2015-08-30,0.027070328803253847
2015-08-31,0.02697558133271429
2015-09-01,0.011956163936815008
2015-09-02,0.011909860610174615
2015-09-03,0.011864676086601928
2015-09-04,0.01182248851686823
2015-09-05,0.01178495519397892
2015-09-06,0.011751815037182773
2015-09-07,0.011720767714077861
2015-09-08,0.011691293417710158
2015-09-09,0.01166410241768157
2015-09-10,0.011640931285161802
2015-09-11,0.08235895748006618
2015-09-12,0.013791021577829366
2015-09-13,1.410874977140093
2015-09-14,0.44248472043007014
2015-09-15,0.17216392164140795
2015-09-16,0.3481389228455928
2015-09-17,0.4992159278891851
2015-09-18,0.10941802542226454
2015-09-19,0.014027709770777809
2015-09-20,0.015816630696318057
2015-09-21,0.21359334524499246
2015-09-22,0.11813707133143574
2015-09-23,0.028800734482772206
2015-09-24,0.014738801606263442
2015-09-25,0.014725008985851103
2015-09-26,0.014556711976773265
2015-09-27,0.014503656236832349
2015-09-28,0.014449926927290172
2015-09-29,0.014380761593001255
2015-09-30,0.014289422512911898
2015-10-01,0.02305044617356866
2015-10-02,0.0228686182229929
2015-10-03,0.022663690655591637
2015-10-04,0.022465732142379312
2015-10-05,0.02230828470253443
2015-10-06,0.02221546781186865
2015-10-07,0.02216712187599673
2015-10-08,0.022119101987264647
2015-10-09,0.02203935224994158
2015-10-10,0.02192359862544967
2015-10-11,0.021820722244867558
2015-10-12,0.054870505031830115
2015-10-13,0.026611415415093778
2015-10-14,0.021686920400950042
2015-10-15,0.021602069130859693
2015-10-16,0.021490417172938005
2015-10-17,0.021361751702698637
2015-10-18,0.02123575035031083
2015-10-19,0.021118999790050733
2015-10-20,0.021008927434818903
2015-10-21,0.020900162364795735
2015-10-22,0.02080726477549773
2015-10-23,0.021378399237707128
2015-10-24,0.020718677413930752
2015-10-25,0.020708019825143646
2015-10-26,0.02069839170850306
2015-10-27,0.0206829090599754
2015-10-28,0.0206614876533317
2015-10-29,0.020633404448366983
2015-10-30,0.02197881834887114
2015-10-31,0.020546445714660376
2015-11-01,0.14847185835290364
2015-11-02,0.02648483246819068
2015-11-03,0.02856670921548692
2015-11-04,0.02203413917815417
2015-11-05,0.021521354149607097
2015-11-06,0.2072273392532808
2015-11-07,0.056909272739721406
2015-11-08,0.02577738213474022
2015-11-09,0.040571325518764065
2015-11-10,0.028144739478161578
2015-11-11,0.025809933163814667
2015-11-12,0.10540508185318033
2015-11-13,0.02389086124544811
2015-11-14,0.024787419579728607
2015-11-15,0.025414314363735896
2015-11-16,0.02210612600469387
2015-11-17,0.02194302279284372
2015-11-18,0.41488166820777067
2015-11-19,0.36956659068171566
2015-11-20,0.11124949013514836
2015-11-21,0.18969496576098802
2015-11-22,0.5022612842140686
2015-11-23,0.06959777224602032
2015-11-24,0.028162316624305798
2015-11-25,0.06623332090916613
2015-11-26,0.06074634384771144
2015-11-27,0.04695548689149143
2015-11-28,0.05314201995206832
2015-11-29,0.1476677538940755
2015-11-30,0.8154076671034464
2015-12-01,3.5515637999572407
2015-12-02,4.623774747210176
2015-12-03,1.6323093928125216
2015-12-04,0.10428901130818051
2015-12-05,0.0749725158842432
2015-12-06,0.046849638346969646
2015-12-07,0.11254206269614321
2015-12-08,0.33984393403541535
2015-12-09,0.11648398457289082
2015-12-10,0.05980649769949908
2015-12-11,0.09066144295912984
2015-12-12,0.05899813148804743
2015-12-13,0.05940797827836033
2015-12-14,0.06159565187763023
2015-12-15,0.08685359778930221
2015-12-16,0.0949451379269043
2015-12-17,0.07444220197810528
2015-12-18,0.048159380266749936
2015-12-19,0.05130810336599212
2015-12-20,0.07246659444103894
2015-12-21,0.06464661205736892
2015-12-22,0.08662943192724404
2015-12-23,0.06899669273562714
2015-12-24,0.0533399702902729
2015-12-25,0.04859126887999661
2015-12-26,0.04835837343096201
2015-12-27,0.05811814201392297
2015-12-28,0.04771877718267999
2015-12-29,0.04547261612165683
2015-12-30,0.07424434207112043
2015-12-31,0.066124379591305
2016-01-01,0.016438534947380998
2016-01-02,0.022805685405114913
2016-01-03,0.019369523068113573
2016-01-04,0.023556940471315065
2016-01-05,0.025783243907027995
2016-01-06,0.018454013661990846
2016-01-07,0.01569171245563964
2016-01-08,0.02445051432637201
2016-01-09,0.024306100327279583
2016-01-10,0.021532993473000042
2016-01-11,0.017487008769014614
2016-01-12,0.015856512302541658
2016-01-13,0.02033493353931508
2016-01-14,0.050962994529127816
2016-01-15,0.1809128401669705
2016-01-16,0.12825912494290984
2016-01-17,0.15689517548994028
2016-01-18,0.11535812971984483
2016-01-19,0.03542184038599987
2016-01-20,0.09084724968011905
2016-01-21,0.11577655527257288
2016-01-22,1.334378631894624
2016-01-23,0.4837759918870704
2016-01-24,0.2847685342361872
2016-01-25,0.25713768996169833
2016-01-26,0.23615544643452718
2016-01-27,0.2282304655319484
2016-01-28,0.2244680042280307
2016-01-29,0.21296292432344988
2016-01-30,0.20020034333726006
2016-01-31,0.18862482551614934
2016-02-01,0.16290156226903488
2016-02-02,0.15565577158805127
2016-02-03,0.1465176164798811
2016-02-04,0.169514940444317
2016-02-05,0.17193482945146946
2016-02-06,0.1562441672447479
2016-02-07,0.19560970111163817
2016-02-08,0.1616869808656465
2016-02-09,0.19652560063115443
2016-02-10,0.3172004924531239
2016-02-11,0.24143314555962778
2016-02-12,0.2164770412667237
2016-02-13,0.21645183646641628
2016-02-14,0.23624272720434122
2016-02-15,0.2598724574786595
2016-02-16,0.35588022181945894
2016-02-17,0.26093865174974695
2016-02-18,0.2619402745294195
2016-02-19,0.31361198223851533
2016-02-20,0.2570800553873488
2016-02-21,0.23827949361165976
2016-02-22,0.23937773700182283
2016-02-23,0.24550188368444645
2016-02-24,0.2418850374471271
2016-02-25,0.25183398898716486
2016-02-26,0.2805004316399152
2016-02-27,0.2612941885849568
2016-02-28,0.2727931654404429
2016-02-29,0.2522618892360913
2016-03-01,0.3005617198950913
2016-03-02,0.29265057125369426
2016-03-03,0.29102921529056414
2016-03-04,0.3041835935343417
2016-03-05,0.3621563182778135
2016-03-06,0.4104490470399038
2016-03-07,0.31005537303984454
2016-03-08,0.29020586491461603
2016-03-09,0.2838605014434335
2016-03-10,0.2811174155729243
2016-03-11,0.27234997811228767
2016-03-12,0.26209663868574057
2016-03-13,0.2681143055061391
2016-03-14,0.26713288988694806
2016-03-15,0.2664509359582697
2016-03-16,0.5774679673757335
2016-03-17,1.0974164943226032
2016-03-18,0.8562754216817139
2016-03-19,1.0698704556268552
2016-03-20,1.2366193644269654
2016-03-21,2.1043426792330915
2016-03-22,1.9846065967786801
2016-03-23,2.8890109696356174
2016-03-24,3.0909096397952385
2016-03-25,1.9660810891253646
2016-03-26,1.6751929110111738
2016-03-27,0.8970989676429514
2016-03-28,0.8676024832262909
2016-03-29,0.7619736719283027
2016-03-30,0.7695785027801157
2016-03-31,0.745018015655611
2016-04-01,0.8761809243182228
2016-04-02,0.9025986038075483
2016-04-03,1.0344534654665951
2016-04-04,1.275647318014634
2016-04-05,1.2532196872294243
2016-04-06,1.5939328301493239
2016-04-07,2.437767971472102
2016-04-08,1.6595491456353602
2016-04-09,2.0218481019959245
2016-04-10,2.002593622584557
2016-04-11,2.69809185461347
2016-04-12,1.7129040810808727
2016-04-13,1.8273300022700671
2016-04-14,1.7569331558416945
2016-04-15,2.9162285689301424
2016-04-16,3.8872399636747526
2016-04-17,3.0965858447308676
2016-04-18,4.22525483850516
2016-04-19,4.600760530362959
2016-04-20,5.566157874979027
2016-04-21,7.740110850112861
2016-04-22,6.505098994640255
2016-04-23,6.135141083401524
2016-04-24,5.93650141357214
2016-04-25,6.992286374852836
2016-04-26,5.791528562806173
2016-04-27,4.320497912930384
2016-04-28,5.079810985532545
2016-04-29,4.440816291142881
2016-04-30,5.154353898637075
2016-05-01,7.116141374174758
2016-05-02,6.380290093999479
2016-05-03,6.775061453881036
2016-05-04,2.8782469228465644
2016-05-05,2.5839767676234064
2016-05-06,2.5108102826247403
2016-05-07,2.4865346447369916
2016-05-08,2.5840028075353056
2016-05-09,2.583705750640137
2016-05-10,2.7162336035611157
2016-05-11,3.0530785475675057
2016-05-12,2.7912394170777834
2016-05-13,2.8752918450957825
2016-05-14,3.349137748590792
2016-05-15,5.310375914221347
2016-05-16,10.110092114977347
2016-05-17,12.284493834267995
2016-05-18,12.566042571034714
2016-05-19,12.80089061255111
2016-05-20,12.34953565397617
2016-05-21,4.6200116848061725
2016-05-22,3.2205030483068815
2016-05-23,3.0403296862080884
2016-05-24,4.292858165530167
2016-05-25,3.544405818888597
2016-05-26,3.8623982564383152
2016-05-27,4.198086681105029
2016-05-28,7.393376028460966
2016-05-29,8.897328609972048
2016-05-30,6.8869308679790775
2016-05-31,3.6548777126875307
2016-06-01,2.954594911939903
2016-06-02,3.774791159706542
2016-06-03,4.521537636939861
2016-06-04,4.648913804707091
2016-06-05,6.4664615896383895
2016-06-06,6.1972072083912995
2016-06-07,6.317264943379026
2016-06-08,7.481489712554446
2016-06-09,8.243760529067298
2016-06-10,6.81398707230018
2016-06-11,7.759436070065014
2016-06-12,5.968592694132078
2016-06-13,5.067767715919123
2016-06-14,4.332752820069878
2016-06-15,4.015777151945325
2016-06-16,4.472552221548258
2016-06-17,2.6961248915095104
2016-06-18,2.3212287402961937
2016-06-19,2.216274732017257
2016-06-20,2.0035412392843988
2016-06-21,2.0910108575994077
2016-06-22,2.1434863312566117
2016-06-23,1.6060634017116568
2016-06-24,1.4841562963920223
2016-06-25,1.4454294647063732
2016-06-26,0.9247357737925344
2016-06-27,0.8414704454868421
2016-06-28,0.7312972828192823
2016-06-29,0.6522486808764082
2016-06-30,0.5659621425864374
2016-07-01,1.8456575303095113
2016-07-02,1.485147148479265
2016-07-03,1.870000658323865
2016-07-04,2.143436361679806
2016-07-05,2.061039296196225
2016-07-06,1.9135513478541575
2016-07-07,1.6189313474513174
2016-07-08,1.4963990953012762
2016-07-09,1.6215869807434482
2016-07-10,1.606320894126439
2016-07-11,1.333227691809124
2016-07-12,1.3228753708726966
2016-07-13,1.4115576508930887
2016-07-14,0.9916436879304998
2016-07-15,0.7675653821364798
2016-07-16,0.751070388966521
2016-07-17,0.7024411955750939
2016-07-18,0.6318006834181765
2016-07-19,0.5048554494031713
2016-07-20,0.45734853432297057
2016-07-21,0.41501140684289084
2016-07-22,0.37495318938151856
2016-07-23,0.3533815285188725
2016-07-24,0.3199841411073639
2016-07-25,0.28494493363882917
2016-07-26,0.21387464886070917
2016-07-27,0.1658981025469547
2016-07-28,0.14966958379622286
2016-07-29,0.13545267191587154
2016-07-30,0.12082932539261193
2016-07-31,0.10572700685478507
2016-08-01,0.08569853048106636
2016-08-02,0.08021214218443323
2016-08-03,0.07473294631579722
2016-08-04,0.07055828541296377
2016-08-05,0.06824086691044234
2016-08-06,0.08599462855468962
2016-08-07,0.06141514907617963
2016-08-08,0.06573281064804261
2016-08-09,0.04477580890444829
2016-08-10,0.04317700993903003
2016-08-11,0.04171806855148816
2016-08-12,0.04010875154115615
2016-08-13,0.043481906197479984
2016-08-14,0.03755149871338048
2016-08-15,0.0362893899675416
2016-08-16,0.03663332641842858
2016-08-17,0.05755234260356634
2016-08-18,0.035107723042973105
2016-08-19,0.033020476456873935
2016-08-20,0.03238447745162523
2016-08-21,0.03178185121728104
2016-08-22,0.03121609978721635
2016-08-23,0.030698896130253766
2016-08-24,0.10854327940220593
2016-08-25,0.029952094722268348
2016-08-26,0.02967285840774774
2016-08-27,0.029395978112689115
2016-08-28,0.029146326768922665
2016-08-29,0.028947026380974825
2016-08-30,0.02880791041395482
2016-08-31,0.03316128535111021
2016-09-01,0.012669898983551165
2016-09-02,0.01258074747200232
2016-09-03,0.012509237892063743
2016-09-04,0.07305250102138233
2016-09-05,0.012379026641926782
2016-09-06,0.012312847791633628
2016-09-07,0.012250518940595694
2016-09-08,0.012192943996231574
2016-09-09,0.10683205797616158
2016-09-10,0.014387922539134705
2016-09-11,0.012088091731215889
2016-09-12,0.012154770757349281
2016-09-13,0.012278552800257851
2016-09-14,0.012099066337675901
2016-09-15,0.0602835740817814
2016-09-16,0.022465118344268505
2016-09-17,0.013130993050136092
2016-09-18,0.011932847774934164
2016-09-19,0.011897223470737718
2016-09-20,0.011862810132131116
2016-09-21,0.011830852035547344
2016-09-22,0.011801995769247899
2016-09-23,0.01177454320367164
2016-09-24,0.01174641618096239
2016-09-25,0.0754994874660984
2016-09-26,0.05251486858526477
2016-09-27,0.034718147817709766
2016-09-28,0.0292852081628064
2016-09-29,1.9069054719262328
2016-09-30,16.204391623711125
2016-10-01,6.602528536535063
2016-10-02,1.0944821643552087
2016-10-03,0.035035424824990266
2016-10-04,0.03567006063936012
2016-10-05,0.037247274861480294
2016-10-06,0.03594637520731564
2016-10-07,0.03602877586222239
2016-10-08,0.036110756445910414
2016-10-09,0.03612051104708019
2016-10-10,0.03605462150320417
2016-10-11,0.03593201981860371
2016-10-12,0.038479669170080055
2016-10-13,0.03569176745806848
2016-10-14,0.03554028906154143
2016-10-15,0.0354177229894484
2016-10-16,0.035322152449969585
2016-10-17,0.03516630815577266
2016-10-18,0.23254609819025895
2016-10-19,0.2569121828249887
2016-10-20,0.03789038772088909
2016-10-21,0.861135667835505
2016-10-22,0.8662103243272916
2016-10-23,0.773979795984715
2016-10-24,2.500556968134994
2016-10-25,2.1751181042802767
2016-10-26,0.40722001450352185
2016-10-27,0.14919071406201187
2016-10-28,0.2932125782814263
2016-10-29,0.9611156362645641
2016-10-30,1.0154523307102243
2016-10-31,0.22714275806377082
2016-11-01,0.33291672170492537
2016-11-02,0.08451638447254503
2016-11-03,0.061811360987121186
2016-11-04,0.06273286775869903
2016-11-05,0.08019378247892511
2016-11-06,0.4129820992268093
2016-11-07,0.5502050591439029
2016-11-08,0.09758253063598993
2016-11-09,0.16989591479965546
2016-11-10,0.38249771815360917
2016-11-11,0.4012797429486838
2016-11-12,0.10663266585031805
2016-11-13,0.3243249697866955
2016-11-14,0.16686721099682755
2016-11-15,0.2513461367714884
2016-11-16,0.30299939532543085
2016-11-17,0.24572933892806692
2016-11-18,0.7097901891213266
2016-11-19,0.4055678037325025
2016-11-20,0.28724920840627083
2016-11-21,0.32827576936995445
2016-11-22,0.517198365011277
2016-11-23,0.46712055918277495
2016-11-24,0.9396444505997291
2016-11-25,5.248270249841425
2016-11-26,1.2336198529506075
2016-11-27,1.170546585281332
2016-11-28,1.2171108750625441
2016-11-29,1.1740731867595728
2016-11-30,1.1377496338270474
2016-12-01,1.3567054170434718
2016-12-02,1.1094740342617768
2016-12-03,1.0796148534200602
2016-12-04,1.0378691947176768
2016-12-05,0.9919289408377018
2016-12-06,0.9464451495791673
2016-12-07,0.8946414182072678
2016-12-08,0.8395526209508023
2016-12-09,0.7914142916078185
2016-12-10,0.7491368216553103
2016-12-11,0.7134460847259204
2016-12-12,0.6819100170537294
2016-12-13,0.6951684593466932
2016-12-14,0.7766422447196922
2016-12-15,0.6819085260908984
2016-12-16,0.6270963279707353
2016-12-17,0.6184640132013353
2016-12-18,0.599583922238577
2016-12-19,0.5779236306960619
2016-12-20,0.5559339331518728
2016-12-21,0.5409749154693451
2016-12-22,0.5161907130253687
2016-12-23,0.49288925721347254
2016-12-24,0.47491258128430064
2016-12-25,0.46799775146319184
2016-12-26,0.4442532653434643
2016-12-27,0.42465863679059546
2016-12-28,0.42426306282319837
2016-12-29,0.4196232962501815
2016-12-30,0.44195255484252166
2016-12-31,0.4022728230106645
2017-01-01,0.1410221401883499
2017-01-02,0.13850696053401207
2017-01-03,0.135408101556598
2017-01-04,0.1313703286200006
2017-01-05,0.15947894194539236
2017-01-06,0.1529753212751979
2017-01-07,0.14931760469890176
2017-01-08,0.1588626076815052
2017-01-09,0.159402485736826
2017-01-10,0.16373659954464115
2017-01-11,0.2075038785761809
2017-01-12,0.3786944008060423
2017-01-13,0.6961267711525659
2017-01-14,0.7743611604298828
2017-01-15,0.4449269189369889
2017-01-16,0.44272480803756054
2017-01-17,0.45923791985706475
2017-01-18,0.459516949127403
2017-01-19,0.4241235157168827
2017-01-20,0.41249101677646877
2017-01-21,0.39105137218600317
2017-01-22,0.36554749228842737
2017-01-23,0.3425097798364694
2017-01-24,0.3182194518210804
2017-01-25,0.2978944912239011
2017-01-26,0.338379982718326
2017-01-27,0.32169521850191257
2017-01-28,0.41723899896055944
2017-01-29,0.35773382520544694
2017-01-30,0.45502449586098914
2017-01-31,0.5628767249128784
2017-02-01,0.4860258778928425
2017-02-02,0.38408393439791794
2017-02-03,0.4020444727053929
2017-02-04,0.4261226124568214
2017-02-05,0.4610063675834482
2017-02-06,0.5270796511615256
2017-02-07,0.6698815886693987
2017-02-08,0.6463362580099515
2017-02-09,0.6047549130876148
2017-02-10,0.6534770125508871
2017-02-11,0.7311195281960317
2017-02-12,0.8161606331455411
2017-02-13,0.96964711576399
2017-02-14,0.9524657906489608
2017-02-15,0.8243779037281522
2017-02-16,0.6822055026761812
2017-02-17,0.6555556121552952
2017-02-18,0.6334788849625196
2017-02-19,0.6078234653907638
2017-02-20,0.592762298565279
2017-02-21,0.5738607853012314
2017-02-22,0.539849862943719
2017-02-23,0.5076539216597264
2017-02-24,0.798960745980725
2017-02-25,2.1549410488338365
2017-02-26,2.3333693668321827
2017-02-27,1.800588959850044
2017-02-28,2.536985635311753
2017-03-01,2.9507409288038766
2017-03-02,2.585874265889069
2017-03-03,2.0963913148633275
2017-03-04,1.3964119435367772
2017-03-05,2.9759893067874064
2017-03-06,5.513397706475185
2017-03-07,2.910225518776383
2017-03-08,1.4260730799130417
2017-03-09,1.4651390166369322
2017-03-10,1.4942268446959757
2017-03-11,1.5288243959144423
2017-03-12,1.6487164447693923
2017-03-13,1.3318486042556188
2017-03-14,1.243642623814918
2017-03-15,1.3798153971422988
2017-03-16,1.1691651279488515
2017-03-17,1.1183689068633016
2017-03-18,1.1066847113606113
2017-03-19,2.0156471190750906
2017-03-20,1.2890051682335915
2017-03-21,0.9856372951509668
2017-03-22,0.9864855252944554
2017-03-23,1.3235969455201586
2017-03-24,1.7931889210155554
2017-03-25,1.544270493850281
2017-03-26,0.9937676087444909
2017-03-27,1.1377980316607241
2017-03-28,1.4621840735819358
2017-03-29,1.0312369648524262
2017-03-30,0.9318430065317789
2017-03-31,0.9620282288329634
2017-04-01,1.0673479560759236
2017-04-02,1.0673861313530795
2017-04-03,0.9909982042015045
2017-04-04,0.943657978995798
2017-04-05,0.904736189719299
2017-04-06,0.8632476517551962
2017-04-07,0.8462972814161688
2017-04-08,0.7610170989130848
2017-04-09,0.7335061242134968
2017-04-10,0.6960561721236751
2017-04-11,0.6523654659846614
2017-04-12,0.6205074804106872
2017-04-13,0.5810554828322848
2017-04-14,0.5832269506385197
2017-04-15,0.5239831378586229
2017-04-16,0.49469013447514565
2017-04-17,0.5194061102359864
2017-04-18,0.7407630605455808
2017-04-19,0.9842573796014304
2017-04-20,1.0944787280686044
2017-04-21,1.0601087207794186
2017-04-22,1.2346738273710949
2017-04-23,1.907131788248311
2017-04-24,2.7999398748887425
2017-04-25,2.241085052267542
2017-04-26,2.544984801227503
2017-04-27,2.995481604668328
2017-04-28,3.9312371410616396
2017-04-29,4.473592168513369
2017-04-30,7.461947908068837
2017-05-01,7.734460991113394
2017-05-02,7.836215747783907
2017-05-03,5.9950486959358145
2017-05-04,6.926915599260602
2017-05-05,8.818551812836514
2017-05-06,9.780534426527252
2017-05-07,9.074449926744508
2017-05-08,6.683747962526338
2017-05-09,4.8853980106474575
2017-05-10,5.315784843840376
2017-05-11,2.950222755890517
2017-05-12,3.161872810959054
2017-05-13,5.4382341252351205
2017-05-14,8.519510028579235
2017-05-15,10.676197079093463
2017-05-16,10.726465305537966
2017-05-17,9.185735458211012
2017-05-18,8.79165457269146
2017-05-19,12.742660165322707
2017-05-20,10.67088832158433
2017-05-21,9.722426134252407
2017-05-22,11.034676477658822
2017-05-23,11.02530133020819
2017-05-24,9.29860150921609
2017-05-25,8.389970343752935
2017-05-26,5.07056762179612
2017-05-27,5.654327695286441
2017-05-28,6.979213339025336
2017-05-29,7.654482468784465
2017-05-30,3.8034470220551366
2017-05-31,6.824173850832407
2017-06-01,8.48798810164232
2017-06-02,8.252905659571415
2017-06-03,8.77250386713692
2017-06-04,7.703371449443964
2017-06-05,9.471058683615215
2017-06-06,9.416412312020036
2017-06-07,8.134294599898201
2017-06-08,7.393902353105004
2017-06-09,7.047173447490957
2017-06-10,3.348338456590672
2017-06-11,4.846035289367817
2017-06-12,6.148428336839481
2017-06-13,6.437520628527701
2017-06-14,6.429608378079795
2017-06-15,6.2023925503217985
2017-06-16,6.847100602364341
2017-06-17,5.047075333204979
2017-06-18,4.172841355072756
2017-06-19,3.991278716545101
2017-06-20,3.190892263299812
2017-06-21,2.750910521070459
2017-06-22,2.63168909041371
2017-06-23,2.431747331132069
2017-06-24,1.9109195110732928
2017-06-25,1.698072937812651
2017-06-26,1.6195319193516624
2017-06-27,1.2380384739807215
2017-06-28,0.8268595426378859
2017-06-29,0.8657058212104436
2017-06-30,0.89187436478611
2017-07-01,2.9565655429767466
2017-07-02,2.7436033978227736
2017-07-03,2.379324756198312
2017-07-04,1.9389630291015514
2017-07-05,1.9059411874257477
2017-07-06,1.8376537398082042
2017-07-07,1.687492410204053
2017-07-08,1.5479086517288727
2017-07-09,1.4280675464537915
2017-07-10,1.146389140631854
2017-07-11,1.4005137154773024
2017-07-12,1.529468777918192
2017-07-13,1.6301676568464434
2017-07-14,1.4763749645898057
2017-07-15,1.4102874013778093
2017-07-16,1.46282303810122
2017-07-17,1.1873097473345797
2017-07-18,1.1616421145037985
2017-07-19,1.2358617593964998
2017-07-20,1.0873721775296594
2017-07-21,0.7288815336657277
2017-07-22,0.7328406197834547
2017-07-23,0.6941847288906923
2017-07-24,0.6599809961694377
2017-07-25,0.5037445342910353
2017-07-26,0.4280124756544059
2017-07-27,0.3966177415283528
2017-07-28,0.36032456695929815
2017-07-29,0.31518556527637037
2017-07-30,0.2829420252003998
2017-07-31,0.24915754272246016
2017-08-01,0.21544991843657793
2017-08-02,0.20182124000480892
2017-08-03,0.1437337641947619
2017-08-04,0.12888573972984171
2017-08-05,0.11745451346344647
2017-08-06,0.10708979058048988
2017-08-07,0.09754381942026394
2017-08-08,0.08598522683837272
2017-08-09,0.07622569268130457
2017-08-10,0.06840454189658758
2017-08-11,0.09986700035634855
2017-08-12,0.06412673942079662
2017-08-13,0.05857378860469873
2017-08-14,0.05453850249995119
2017-08-15,0.05264481624821036
2017-08-16,0.05070305269232643
2017-08-17,0.05052120768189268
2017-08-18,0.05510077821517133
2017-08-19,0.04829019359835574
2017-08-20,0.044625287581976335
2017-08-21,0.04040418315149199
2017-08-22,0.037385383698449515
2017-08-23,0.03672149716425021
2017-08-24,0.03587540861971388
2017-08-25,0.034870122931320725
2017-08-26,0.03400108883702574
2017-08-27,0.03326255935671258
2017-08-28,0.03656317095811008
2017-08-29,0.03429535477754603
2017-08-30,0.031730431042331655
2017-08-31,0.031265550223570915
2017-09-01,0.013704191547312011
2017-09-02,0.013505757232375527
2017-09-03,0.013334463795286512
2017-09-04,0.013193464435220077
2017-09-05,0.013071108169595665
2017-09-06,0.01297008143485295
2017-09-07,0.01300723225496237
2017-09-08,0.012969865265980781
2017-09-09,0.054373039322830705
2017-09-10,0.0127427304781097
2017-09-11,0.01265855964198699
2017-09-12,0.012570960482611372
2017-09-13,0.012491814877770471
2017-09-14,0.012465322128424342
2017-09-15,0.013794018539243646
2017-09-16,0.012360400175131141
2017-09-17,0.012332463266622557
2017-09-18,0.05235298786181391
2017-09-19,0.01582586712193239
2017-09-20,0.012446417543552957
2017-09-21,0.012248049779602154
2017-09-22,0.012203464786807712
2017-09-23,0.01216366754619433
2017-09-24,0.012131599719516653
2017-09-25,0.012103637280901546
2017-09-26,0.012080602361763853
2017-09-27,0.012058836173521688
2017-09-28,0.012032027750760423
2017-09-29,0.011999191447301355
2017-09-30,0.011962925767671898
2017-10-01,0.019390824566511467
2017-10-02,0.019343638096442958
2017-10-03,0.019302964905517084
2017-10-04,0.019269054694789806
2017-10-05,0.019242109466843356
2017-10-06,0.01921709436847704
2017-10-07,0.01918556465195972
2017-10-08,0.019151315256414215
2017-10-09,0.019157592856643396
2017-10-10,0.019095723520395496
2017-10-11,0.019066422926460762
2017-10-12,0.01903920718792513
2017-10-13,0.019018827113661447
2017-10-14,0.018999287535826827
2017-10-15,0.01897491452046771
2017-10-16,0.01894683630933953
2017-10-17,0.018916512816201523
2017-10-18,0.01888865465503352
2017-10-19,0.018862651246989486
2017-10-20,0.01925438216309136
2017-10-21,0.018814922503949262
2017-10-22,0.01879435687998387
2017-10-23,0.018774878915030026
2017-10-24,0.01876493154992668
2017-10-25,0.018741842541541154
2017-10-26,0.018727489966287113
2017-10-27,0.018712595988160757
2017-10-28,0.01869737478189921
2017-10-29,0.01868079502229089
2017-10-30,0.018662689987843654
2017-10-31,0.018645638784218727
2017-11-01,0.01959009989917012
2017-11-02,0.019770655383697305
2017-11-03,0.025430198186566427
2017-11-04,0.02092793308775136
2017-11-05,1.0314000477076695
2017-11-06,0.13026824464680548
2017-11-07,0.02457761977479154
2017-11-08,0.0200663638694043
2017-11-09,0.19381609635917416
2017-11-10,0.024581710918756654
2017-11-11,0.025931762621060117
2017-11-12,0.20675254032761994
2017-11-13,0.19647539747647602
2017-11-14,0.2003632221950931
2017-11-15,0.09234220118711414
2017-11-16,0.16147768904141271
2017-11-17,0.2763797951058385
2017-11-18,0.40208775750513015
2017-11-19,0.07744365042264602
2017-11-20,0.06657311555142012
2017-11-21,0.03628783029581327
2017-11-22,0.023857043241452634
2017-11-23,0.029883475946115012
2017-11-24,0.024214576514356195
2017-11-25,0.028069693194494042
2017-11-26,0.10096778405455546
2017-11-27,0.04789986346732705
2017-11-28,0.21130920610484144
2017-11-29,0.2179284298033418
2017-11-30,0.2808843000157987
2017-12-01,0.17214802388716668
2017-12-02,0.18445911437005175
2017-12-03,0.02774955495850384
2017-12-04,0.030394060522722692
2017-12-05,0.02943140761340577
2017-12-06,0.03497644604696584
2017-12-07,0.049751926130797604
2017-12-08,0.0779876678229929
2017-12-09,0.09977800833081908
2017-12-10,0.03945290494678171
2017-12-11,0.03880440579628924
2017-12-12,0.09838179258859758
2017-12-13,0.028471255439024075
2017-12-14,0.22833097879339154
2017-12-15,0.030092494536309803
2017-12-16,0.027153730940713487
2017-12-17,0.14013711931350126
2017-12-18,0.04719930356811795
2017-12-19,0.04706929887594466
2017-12-20,0.04208248443552935
2017-12-21,0.07641864681220939
2017-12-22,0.2190171980060231
2017-12-23,0.3232480257839498
2017-12-24,0.09557694852593789
2017-12-25,0.028002580598613745
2017-12-26,0.02826176253619236
2017-12-27,0.029382708008681827
2017-12-28,0.0517445567461357
2017-12-29,0.0804825160280885
2017-12-30,0.5032571101110573
2017-12-31,0.17130941328328936
2018-01-01,0.04194571648153614
2018-01-02,0.022126398132564867
2018-01-03,0.013359878779857495
2018-01-04,0.012214579545082685
2018-01-05,0.025810885734236757
2018-01-06,0.02392783618048776
2018-01-07,0.23337200538358965
2018-01-08,1.6708643792103428
2018-01-09,0.4558847729229256
2018-01-10,0.10827485616443529
2018-01-11,0.055337906041105826
2018-01-12,0.0932617635484101
2018-01-13,0.08539967759750283
2018-01-14,0.07532512511996615
2018-01-15,0.12750677541022234
2018-01-16,0.060667073970443824
2018-01-17,0.06730688145781694
2018-01-18,0.08271918085039325
2018-01-19,0.09338660788775356
2018-01-20,0.0820974399209549
2018-01-21,0.081358712006133
2018-01-22,0.08275118208094089
2018-01-23,0.10516794141503001
2018-01-24,0.18085290858088587
2018-01-25,0.11123447922800898
2018-01-26,0.1315218369627775
2018-01-27,0.11975355796483989
2018-01-28,0.12246472968811055
2018-01-29,0.11593080729349345
2018-01-30,0.11342963724273791
2018-01-31,0.12833079143209086
2018-02-01,0.1041202020265105
2018-02-02,0.09904978468153816
2018-02-03,0.138700028872406
2018-02-04,0.20390754328904565
2018-02-05,0.1578262893925159
2018-02-06,0.14001342331940553
2018-02-07,0.15134411348988133
2018-02-08,0.1978250011037554
2018-02-09,0.20354850524194615
2018-02-10,0.22716847868612516
2018-02-11,0.23404172116253502
2018-02-12,0.21209966602619212
2018-02-13,0.19506402943142864
2018-02-14,0.26569634901799044
2018-02-15,0.21788655381372934
2018-02-16,0.19945595284031667
2018-02-17,0.271221534658959
2018-02-18,0.4068841630310099
2018-02-19,0.30511200231987384
2018-02-20,0.2667469807226828
2018-02-21,0.3003719976729441
2018-02-22,0.30474060831982597
2018-02-23,0.29439150059250546
2018-02-24,0.29447625792527365
2018-02-25,0.285753962049497
2018-02-26,0.3179176866879063
2018-02-27,0.28947272779782607
2018-02-28,0.31479587888040605
2018-03-01,0.38736738189469416
2018-03-02,0.5277280756984309
2018-03-03,0.5644056445972407
2018-03-04,0.5366243331029161
2018-03-05,0.5777791344434532
2018-03-06,0.8093916081085448
2018-03-07,0.46851763061761753
2018-03-08,0.4915519760700289
2018-03-09,0.5281916930667767
2018-03-10,0.45249861032716354
2018-03-11,0.48257219436095294
2018-03-12,0.4363975136506556
2018-03-13,0.4572409040633293
2018-03-14,0.4781133420973944
2018-03-15,0.5337049190720806
2018-03-16,0.5174261002543928
2018-03-17,0.5490382623467389
2018-03-18,0.5080042915793413
2018-03-19,0.6540820133422001
2018-03-20,0.7759040438431166
2018-03-21,1.3895263143864838
2018-03-22,0.9180885568775905
2018-03-23,0.6526750242718615
2018-03-24,0.8845462188406225
2018-03-25,1.0528911787158317
2018-03-26,1.241322869034936
2018-03-27,1.393618555785145
2018-03-28,1.2924107123855588
2018-03-29,1.2652965911519165
2018-03-30,1.4526095114080224
2018-03-31,2.0245007923637157
2018-04-01,1.7090994130524
2018-04-02,1.2671455323662928
2018-04-03,1.5303370243608343
2018-04-04,1.4250734204767141
2018-04-05,1.1260665209597387
2018-04-06,1.1485950179845565
2018-04-07,0.993384266830373
2018-04-08,0.9933128676473876
2018-04-09,0.839169717441524
2018-04-10,1.1297421127630083
2018-04-11,0.9036191718466502
2018-04-12,0.9262854054916849
2018-04-13,1.1931651252503654
2018-04-14,1.6789408850591339
2018-04-15,2.131388350877693
2018-04-16,2.5744209963771314
2018-04-17,3.1100445502858314
2018-04-18,4.301585283548434
2018-04-19,5.996280364251006
2018-04-20,6.60559771004557
2018-04-21,6.902292299030979
2018-04-22,2.900344355980727
2018-04-23,2.149040815624662
2018-04-24,3.549691921049991
2018-04-25,5.257713657414626
2018-04-26,6.454633572834275
2018-04-27,6.829008894980082
2018-04-28,4.770891547091286
2018-04-29,3.937923829764061
2018-04-30,3.584670291818367
2018-05-01,2.0165906432950504
2018-05-02,2.4034435418182434
2018-05-03,3.4671787092289064
2018-05-04,6.271960299569431
2018-05-05,6.195291820977635
2018-05-06,5.526609691268841
2018-05-07,5.068747265862828
2018-05-08,4.9870295141240595
2018-05-09,2.5348225784076344
2018-05-10,2.3596994733919923
2018-05-11,2.2640225819026494
2018-05-12,2.3372850151279905
2018-05-13,2.4379593144211467
2018-05-14,2.335346552397217
2018-05-15,2.11751485402862
2018-05-16,2.20239301738475
2018-05-17,2.069289342515497
2018-05-18,2.400307090060239
2018-05-19,1.9802449771431383
2018-05-20,1.8899962183086163
2018-05-21,1.7776537278394062
2018-05-22,1.729614599017183
2018-05-23,1.6999265707090705
2018-05-24,1.7027310974093883
2018-05-25,1.9202159593598227
2018-05-26,2.187532322909191
2018-05-27,2.8048269888755026
2018-05-28,3.2771036626573915
2018-05-29,4.74420400453021
2018-05-30,5.6969679615959326
2018-05-31,5.178549866526603
2018-06-01,5.207970964662337
2018-06-02,7.155302383272434
2018-06-03,7.60565912307442
2018-06-04,6.735762077890903
2018-06-05,6.054154957388702
2018-06-06,6.283236731687871
2018-06-07,7.508750700813304
2018-06-08,8.805796399434012
2018-06-09,6.745411053901265
2018-06-10,2.397124180997145
2018-06-11,2.1430182534677167
2018-06-12,2.426637338850286
2018-06-13,3.2216600945021967
2018-06-14,3.3734176339940207
2018-06-15,3.0811675748203413
2018-06-16,3.6394847300945408
2018-06-17,3.8859537744074015
2018-06-18,4.243099586585668
2018-06-19,3.9576148650932716
2018-06-20,3.494898544498189
2018-06-21,3.0189362448667683
2018-06-22,2.508221824162399
2018-06-23,2.1782853931798543
2018-06-24,1.688444342774329
2018-06-25,1.6112457339580486
2018-06-26,1.4683214770389448
2018-06-27,0.9168559301823669
2018-06-28,0.8367642791288582
2018-06-29,0.7465497254874472
2018-06-30,0.6655432320241992
2018-07-01,2.1775771065304914
2018-07-02,2.0198071393455628
2018-07-03,1.845428624085079
2018-07-04,1.6800172536115872
2018-07-05,1.4221411952355851
2018-07-06,1.2804174460841156
2018-07-07,1.4066701041832044
2018-07-08,1.2507446887610831
2018-07-09,0.8943823758071061
2018-07-10,0.75455882331019
2018-07-11,0.7203523824469944
2018-07-12,0.6689040650640544
2018-07-13,0.622647857136753
2018-07-14,0.5573530565841656
2018-07-15,0.49622610477551043
2018-07-16,0.44135690390811533
2018-07-17,0.4054511961053574
2018-07-18,0.38078087944973993
2018-07-19,0.3269165189394739
2018-07-20,0.29097425445905056
2018-07-21,0.27012244771049937
2018-07-22,0.25781785094282544
2018-07-23,0.17765345021502849
2018-07-24,0.15644267181700275
2018-07-25,0.14513541592255227
2018-07-26,0.134360540273264
2018-07-27,0.12304447736151455
2018-07-28,0.11221140310830692
2018-07-29,0.1018574142794306
2018-07-30,0.09501072880423594
2018-07-31,0.08958115361180333
2018-08-01,0.06930399506901258
2018-08-02,0.06421406550345338
2018-08-03,0.06154189826961092
2018-08-04,0.059559135782566996
2018-08-05,0.05798410797006179
2018-08-06,0.05620460611071113
2018-08-07,0.05415691465368752
2018-08-08,0.05194210396015584
2018-08-09,0.04977633919209275
2018-08-10,0.04785314272841955
2018-08-11,0.09517507867043742
2018-08-12,0.04471992127416424
2018-08-13,0.04330079724476339
2018-08-14,0.041985629810148736
2018-08-15,0.04083058637015464
2018-08-16,0.039851003844836294
2018-08-17,0.04091662000853876
2018-08-18,0.03845733315108005
2018-08-19,0.037787096878513456
2018-08-20,0.037135918956628954
2018-08-21,0.03655823979434495
2018-08-22,0.036033213802609695
2018-08-23,0.035538782759233147
2018-08-24,0.2682853545040866
2018-08-25,0.9766203043483441
2018-08-26,0.05008993130238859
2018-08-27,0.09015523590007411
2018-08-28,0.03462304636013584
2018-08-29,0.03429977535751741
2018-08-30,0.033931342579528366
2018-08-31,0.033520630020448146
2018-09-01,0.014734368906505977
2018-09-02,0.014568836800880997
2018-09-03,0.014408287143851463
2018-09-04,0.014246529245689076
2018-09-05,0.014089984306267738
2018-09-06,0.013940242448987578
2018-09-07,0.013795273186413956
2018-09-08,0.01366513526684284
2018-09-09,0.08626498386456534
2018-09-10,0.013492645514747596
2018-09-11,0.013408389931978225
2018-09-12,0.01332580954750229
2018-09-13,0.0132476227173358
2018-09-14,0.0321337089062403
2018-09-15,0.01315437278730938
2018-09-16,0.013484686480722546
2018-09-17,0.013522321658282689
2018-09-18,0.013378398914816812
2018-09-19,0.01321698262354157
2018-09-20,0.01295752847267903
2018-09-21,0.012922134519554552
2018-09-22,0.01288149689316001
2018-09-23,0.012825381726874197
2018-09-24,0.01275419407157833
2018-09-25,0.01268279541036939
2018-09-26,0.012624528981646973
2018-09-27,0.012582602099398054
2018-09-28,0.01254267170315787
2018-09-29,0.012498796390382613
2018-09-30,0.01246327182807719
2018-10-01,0.02022037289909885
2018-10-02,0.020186251589763043
2018-10-03,0.020249922959121543
2018-10-04,0.020121409062642356
2018-10-05,0.020101453375208373
2018-10-06,0.020079504429822058
2018-10-07,0.02005369931617716
2018-10-08,0.020016192419683256
2018-10-09,0.01996904725778359
2018-10-10,0.019924944445286613
2018-10-11,0.019883583933372896
2018-10-12,0.019840882496857632
2018-10-13,0.01979641564322734
2018-10-14,0.019747330483097205
2018-10-15,0.019693108319288978
2018-10-16,0.01963992804295951
2018-10-17,0.019595415078170295
2018-10-18,0.01956700097690429
2018-10-19,0.01955139047200414
2018-10-20,0.01953518537941171
2018-10-21,0.0195130941738156
2018-10-22,0.019488320891230666
2018-10-23,0.019463483656347147
2018-10-24,0.019445903350263163
2018-10-25,0.01943678537858857
2018-10-26,0.019429860285961977
2018-10-27,0.02754162332969236
2018-10-28,0.0196866226452782
2018-10-29,0.019404315352528963
2018-10-30,0.019398587841800787
2018-10-31,0.019388314174069353
2018-11-01,0.020378303915365756
2018-11-02,0.02036779178668874
2018-11-03,0.151228884846297
2018-11-04,0.16686026574875193
2018-11-05,0.09933725415403902
2018-11-06,0.033211556033763114
2018-11-07,0.10823909583837976
2018-11-08,0.16638438836776667
2018-11-09,0.10087208745101625
2018-11-10,0.026091525801566883
2018-11-11,0.18501667563895577
2018-11-12,0.03511022586879361
2018-11-13,0.06946291108603653
2018-11-14,0.08694519639636786
2018-11-15,0.11068197180664693
2018-11-16,0.17590784997160366
2018-11-17,0.11118329229954038
2018-11-18,0.13102692552583486
2018-11-19,0.08721857091624306
2018-11-20,0.06728785154169091
2018-11-21,0.07080849489322855
2018-11-22,0.07344272449606579
2018-11-23,0.035087044688932145
2018-11-24,0.36548816985711796
2018-11-25,0.6148905460608022
2018-11-26,1.2210950797579931
2018-11-27,2.282824554888865
2018-11-28,0.39717159453906314
2018-11-29,0.05097973352336622
2018-11-30,0.10619718049832688
2018-12-01,0.0816159316507727
2018-12-02,0.11426093901552443
2018-12-03,0.2229640471999267
2018-12-04,0.19707305038606251
2018-12-05,0.12821492817695895
2018-12-06,0.06959306966653461
2018-12-07,0.034991147761358796
2018-12-08,0.03387687649669163
2018-12-09,0.033651883311150065
2018-12-10,0.04004660013360173
2018-12-11,0.04636778260488998
2018-12-12,0.03896631922173454
2018-12-13,0.05361994003783808
2018-12-14,0.04863300136460036
2018-12-15,0.06500507507768236
2018-12-16,0.1253674855112815
2018-12-17,0.20603406060885543
2018-12-18,0.09387058529886738
2018-12-19,0.07044092417191689
2018-12-20,0.6828379350603203
2018-12-21,0.04994572605477169
2018-12-22,0.03799889867262356
2018-12-23,0.05308056522675293
2018-12-24,0.09029783073542227
2018-12-25,0.2947494670307574
2018-12-26,0.17346220557733588
2018-12-27,0.11395701080526789
2018-12-28,0.04223276997005382
2018-12-29,0.11649534609781528
2018-12-30,0.06453882757061966
2018-12-31,0.03801095051219174
2019-01-01,0.02019403522068552
2019-01-02,0.029068844355510107
2019-01-03,0.025168773448868687
2019-01-04,0.019819622357813666
2019-01-05,0.014310930194630785
2019-01-06,0.016473963547232236
2019-01-07,0.015853534374225545
2019-01-08,0.02516747366900607
2019-01-09,0.0338612732773793
2019-01-10,0.01685276946953447
2019-01-11,0.012723609189278938
2019-01-12,0.018048589984688918
2019-01-13,0.016078013229239425
2019-01-14,0.059321740391284614
2019-01-15,0.015667626317430152
2019-01-16,0.015669319252087355
2019-01-17,0.018565759029178456
2019-01-18,0.015097529810530974
2019-01-19,0.016088447910787
2019-01-20,0.014179427542866324
2019-01-21,0.012748911315491607
2019-01-22,0.013813696708809206
2019-01-23,0.013716027332313925
2019-01-24,0.01594779319954391
2019-01-25,0.015673198131549305
2019-01-26,0.015332290181976703
2019-01-27,0.015402606756337586
2019-01-28,0.016289585397921254
2019-01-29,0.0949035895675943
2019-01-30,0.2241059107939229
2019-01-31,0.13601418696827194
2019-02-01,0.1387263283832733
2019-02-02,0.8976778703190634
2019-02-03,0.2392387720204052
2019-02-04,0.08923440387594932
2019-02-05,0.08744340192967238
2019-02-06,0.09517679266721876
2019-02-07,0.0919955826441694
2019-02-08,0.0934284230278609
2019-02-09,0.09992419082609098
2019-02-10,0.23061866935548841
2019-02-11,0.21063938850999245
2019-02-12,0.14142377246946625
2019-02-13,0.162284295607996
2019-02-14,0.19523283712994044
2019-02-15,0.18404960661840386
2019-02-16,0.20540183595486508
2019-02-17,0.1993597401637472
2019-02-18,0.2028425765443321
2019-02-19,0.20653310036886424
2019-02-20,0.1954381233604461
2019-02-21,0.1962458179985805
2019-02-22,0.23127263412894147
2019-02-23,0.21004896028781464
2019-02-24,0.20724478861861906
2019-02-25,0.2088010434491784
2019-02-26,0.23569091085349153
2019-02-27,0.27156760862401874
2019-02-28,0.23452941580667452
2019-03-01,0.27094643011094227
2019-03-02,0.26264432193751613
2019-03-03,0.27083595458701387
2019-03-04,0.3068621443312563
2019-03-05,0.36165527264081093
2019-03-06,0.381617593628947
2019-03-07,0.44786371014169096
2019-03-08,0.3928134815107952
2019-03-09,0.42459485660388113
2019-03-10,0.45604113673300906
2019-03-11,0.4810932338040049
2019-03-12,0.30375278699313946
2019-03-13,0.3518116858367931
2019-03-14,0.2961630756054026
2019-03-15,0.2590380367643975
2019-03-16,0.2609905402085176
2019-03-17,0.4204201148669897
2019-03-18,0.5575253879921326
2019-03-19,1.0701724714187126
2019-03-20,1.0537218880940042
2019-03-21,1.3711753650844427
2019-03-22,1.9701142083776393
2019-03-23,1.5538738883225933
2019-03-24,1.235958269791435
2019-03-25,1.2087432824025284
2019-03-26,0.8452946953314813
2019-03-27,0.648907042681648
2019-03-28,0.6542658638008104
2019-03-29,0.6690142288380971
2019-03-30,0.6223539723447341
2019-03-31,0.5826739567964233
2019-04-01,0.6519581189386915
2019-04-02,0.6013799699261225
2019-04-03,0.579900719153141
2019-04-04,0.742263674350168
2019-04-05,0.8735884040315751
2019-04-06,1.1002897957186426
2019-04-07,1.3327149073469702
2019-04-08,1.5681191972604052
2019-04-09,1.0644281874740795
2019-04-10,1.1533485398795338
2019-04-11,1.4694933786400486
2019-04-12,1.449154127278817
2019-04-13,1.4022853218587519
2019-04-14,1.2812410153080893
2019-04-15,1.2624393606803423
2019-04-16,1.4357399201833163
2019-04-17,1.2422898042540798
2019-04-18,1.1631576689042313
2019-04-19,1.0976142735922407
2019-04-20,1.0636383389940116
2019-04-21,1.055255039734182
2019-04-22,1.2056712227874837
2019-04-23,1.2332881776316464
2019-04-24,1.5199212266392235
2019-04-25,1.91750519997534
2019-04-26,1.6672753779927814
2019-04-27,1.5052299375414127
2019-04-28,1.483566862803405
2019-04-29,1.5216079301971113
2019-04-30,1.6370372521108196
2019-05-01,1.5748159439178777
2019-05-02,1.3405240396106266
2019-05-03,1.5480887496196292
2019-05-04,1.993123350308684
2019-05-05,2.580179252784336
2019-05-06,4.601995285350255
2019-05-07,5.551739213413199
2019-05-08,4.4404134543422735
2019-05-09,3.929302784450008
2019-05-10,3.03081176732798
2019-05-11,3.2651667216889235
2019-05-12,3.091792448148494
2019-05-13,3.088324728147894
2019-05-14,2.6633934712146727
2019-05-15,2.207407949692364
2019-05-16,1.982618415156744
2019-05-17,1.9843327269100224
2019-05-18,1.7018420635481875
2019-05-19,1.402685676840986
2019-05-20,1.042892289433895
2019-05-21,0.982159925853793
2019-05-22,0.9129451976112154
2019-05-23,0.8120236216131547
2019-05-24,0.7287195249780419
2019-05-25,0.6687439148553218
2019-05-26,0.6262479817805494
2019-05-27,0.5884104157461377
2019-05-28,0.5473032762308446
2019-05-29,0.5083986581994256
2019-05-30,0.47865672145415583
2019-05-31,0.4529720092740065
2019-06-01,0.3638124882649253
2019-06-02,0.3489261278509901
2019-06-03,0.3979644826710724
2019-06-04,0.3497098223681358
2019-06-05,0.28557282285727975
2019-06-06,0.23495858143716986
2019-06-07,0.21140544959159388
2019-06-08,0.19204724725581312
2019-06-09,0.17083246147905773
2019-06-10,0.15346617744327756
2019-06-11,0.1368923734890674
2019-06-12,0.11754094909576034
2019-06-13,0.10824506682562654
2019-06-14,0.09490382190300384
2019-06-15,0.08784539730653473
2019-06-16,0.08221650631619569
2019-06-17,0.06213873347364089
2019-06-18,0.05520566568276292
2019-06-19,0.052423233794547316
2019-06-20,0.048831429926198246
2019-06-21,0.04522322452596895
2019-06-22,0.04111012887765831
2019-06-23,0.037561808066074474
2019-06-24,0.03492152419414317
2019-06-25,0.028431520466743902
2019-06-26,0.026156434896048384
2019-06-27,0.024352139760484236
2019-06-28,0.02286253817658576
2019-06-29,0.021549844687538393
2019-06-30,0.02038547161551629
2019-07-01,0.06343484281285584
2019-07-02,0.060401865081975356
2019-07-03,0.057653772189544344
2019-07-04,0.05545866595807196
2019-07-05,0.053745258179627914
2019-07-06,0.11091599970178002
2019-07-07,0.052779767751060656
2019-07-08,0.08986577191921412
2019-07-09,0.05048285118052491
2019-07-10,0.04703587904853121
2019-07-11,0.04746190219010312
2019-07-12,0.04460061335574309
2019-07-13,0.043534532803710925
2019-07-14,0.042523423441847515
2019-07-15,0.041563368590256375
2019-07-16,0.04062200145849265
2019-07-17,0.03973386936376305
2019-07-18,0.03892239047106291
2019-07-19,0.03818787803449895
2019-07-20,0.03753779521194436
2019-07-21,0.036936134189842144
2019-07-22,0.036348869842586555
2019-07-23,0.03576755507882587
2019-07-24,0.0395263725290746
2019-07-25,0.03472259627474447
2019-07-26,0.034261399098193396
2019-07-27,0.03386620625199806
2019-07-28,0.033521448520318145
2019-07-29,0.06970345131335806
2019-07-30,0.03288482127844088
2019-07-31,0.03253593510426214
2019-08-01,0.029459180016555585
2019-08-02,0.0292139047098847
2019-08-03,0.02897449374412486
2019-08-04,0.02872633715540683
2019-08-05,0.02848350171152379
2019-08-06,0.028261634691171544
2019-08-07,0.028056207737503096
2019-08-08,0.027871946586430014
2019-08-09,0.027718336842997626
2019-08-10,0.02758876676110449
2019-08-11,0.027465418235681542
2019-08-12,0.02733686983356178
2019-08-13,0.027208705057755408
2019-08-14,0.027087408454270923
2019-08-15,0.026977238417068446
2019-08-16,0.031057958952931477
2019-08-17,0.026789391779459472
2019-08-18,0.026673670833082593
2019-08-19,0.026565180075768042
2019-08-20,0.02647423575525364
2019-08-21,0.026399305864772758
2019-08-22,0.026328078025680327
2019-08-23,0.026250946685686682
2019-08-24,0.026173837807958393
2019-08-25,0.026102261870443733
2019-08-26,0.026035145762274343
2019-08-27,0.02597272826844854
2019-08-28,0.02591639209232991
2019-08-29,0.025864547875448576
2019-08-30,0.025818468230246836
2019-08-31,0.02577921257628124
2019-09-01,0.011455302568343961
2019-09-02,0.011443028263329515
2019-09-03,0.011431231872639929
2019-09-04,0.011420401229997696
2019-09-05,0.011411073402511795
2019-09-06,0.011402864758103703
2019-09-07,0.011395032850676218
2019-09-08,0.011387106160424553
2019-09-09,0.011379382555213296
2019-09-10,0.01137164569257695
2019-09-11,0.011363392314301621
2019-09-12,0.01135500801690341
2019-09-13,0.011347163482665772
2019-09-14,0.011340289691523099
2019-09-15,0.011334052978292219
2019-09-16,0.01132819278173715
2019-09-17,0.0113230242633329
2019-09-18,0.011318596898865468
2019-09-19,0.0129229714328525
2019-09-20,0.011309711269815588
2019-09-21,0.011305001872285546
2019-09-22,0.011300640494469756
2019-09-23,0.0806264038145161
2019-09-24,0.011293674060426742
2019-09-25,0.011290299886703725
2019-09-26,0.1270680539398566
2019-09-27,0.07265374613554045
2019-09-28,0.08243703380307565
2019-09-29,0.03931668592012363
2019-09-30,0.011274554191689533
2019-10-01,0.018320386269137158
2019-10-02,0.01831456607128609
2019-10-03,0.01830852645450192
2019-10-04,0.018302407699724237
2019-10-05,0.018296473813344087
2019-10-06,0.12348875437512884
2019-10-07,0.01828535467176409
2019-10-08,0.018279729132979882
2019-10-09,0.01827430308190296
2019-10-10,0.01826923700876011
2019-10-11,0.01859503514279717
2019-10-12,0.019518701872485975
2019-10-13,0.042276108967005864
2019-10-14,0.024704574477341038
2019-10-15,0.018540814581695205
2019-10-16,0.018808562685492344
2019-10-17,0.018236196301192182
2019-10-18,0.01823134926323529
2019-10-19,0.01822654448460651
2019-10-20,0.018221761081895445
2019-10-21,0.018343568952741977
2019-10-22,0.018212143391056028
2019-10-23,0.018207279484664662
2019-10-24,0.018202424037116083
2019-10-25,0.018197528109429057
2019-10-26,0.018192593529016792
2019-10-27,0.018187649827953463
2019-10-28,0.018182707472054423
2019-10-29,0.018177799072602214
2019-10-30,0.03190393056173668
2019-10-31,0.018655392414735305
2019-11-01,0.019953153878056993
2019-11-02,0.01909339792503247
2019-11-03,0.01908865803694009
2019-11-04,0.019083930025992797
2019-11-05,0.022178790225505958
2019-11-06,0.01911378439837607
2019-11-07,0.01906980458915002
2019-11-08,0.01906510166811818
2019-11-09,0.019060399298382196
2019-11-10,0.019055697865094937
2019-11-11,0.01905099906098405
2019-11-12,0.01904630127099912
2019-11-13,0.01963957212888693
2019-11-14,0.01903691012297731
2019-11-15,0.019043140464896545
2019-11-16,0.019369849818627678
2019-11-17,0.019022831410384657
2019-11-18,0.01901814155000433
2019-11-19,0.019146555249029133
2019-11-20,0.01900876483602
2019-11-21,0.01900407780872004
2019-11-22,0.01899939262626674
2019-11-23,0.018994708660764872
2019-11-24,0.021294373371268924
2019-11-25,0.01902173909497911
2019-11-26,0.018980669192701076
2019-11-27,0.019041678131496598
2019-11-28,0.019119372562096126
2019-11-29,0.0339848690028037
2019-11-30,0.020557677961128732
2019-12-01,0.020752057537898026
2019-12-02,0.02045437555835241
2019-12-03,0.020048683412511908
2019-12-04,0.020792868543254305
2019-12-05,0.02117245210245651
2019-12-06,0.021835938795300085
2019-12-07,0.03256899498370556
2019-12-08,0.03885449742963023
2019-12-09,0.09935927240858526
2019-12-10,0.036236188333959155
2019-12-11,0.5982698515120696
2019-12-12,0.23421351097151455
2019-12-13,0.06062989989188996
2019-12-14,0.06233829920510014
2019-12-15,0.17959087639950913
2019-12-16,0.020990093924500852
2019-12-17,0.020513379954448657
2019-12-18,0.020625165223267017
2019-12-19,0.02869725773458345
2019-12-20,0.05001383332648681
2019-12-21,0.03210681716723362
2019-12-22,0.032478928784757506
2019-12-23,0.05149818087366721
2019-12-24,0.06057201542564573
2019-12-25,0.07849069545345316
2019-12-26,0.06571756763775503
2019-12-27,0.03600299957308837
2019-12-28,0.027027437905909064
2019-12-29,0.0248255584116889
2019-12-30,0.0253734927010776
2019-12-31,0.02195258826031572
2020-01-01,0.007656040209829729
2020-01-02,0.008476836399994445
2020-01-03,0.008834738506371563
2020-01-04,0.008411738506448935
2020-01-05,0.007580353243745993
2020-01-06,0.007961317850523668
2020-01-07,0.07793418437518557
2020-01-08,0.22485522964398078
2020-01-09,0.15239368168868966
2020-01-10,0.014767001708496423
2020-01-11,0.009491003808499123
2020-01-12,0.008846058501469958
2020-01-13,0.009503991573410246
2020-01-14,0.00989501572746173
2020-01-15,0.00852608014317498
2020-01-16,0.00832722958855396
2020-01-17,0.008283283575272981
2020-01-18,0.008290324002733595
2020-01-19,0.008311516217435403
2020-01-20,0.008284526060469703
2020-01-21,0.008974397598817307
2020-01-22,0.008658409392004263
2020-01-23,0.011200235479037974
2020-01-24,0.02066104900476392
2020-01-25,0.01896851514795264
2020-01-26,0.017363557838349447
2020-01-27,0.017194187205277805
2020-01-28,0.02712627756215462
2020-01-29,0.019174185049514025
2020-01-30,0.019706777916581722
2020-01-31,0.0813941391853779
2020-02-01,0.014573019993714837
2020-02-02,0.010393108883015702
2020-02-03,0.01194287841567726
2020-02-04,0.010888306395533051
2020-02-05,0.012604466599166104
2020-02-06,0.030077963369656943
2020-02-07,0.0459863522580949
2020-02-08,0.009215490410457034
2020-02-09,0.013582847663162093
2020-02-10,0.00871706226339478
2020-02-11,0.0082848580727687
2020-02-12,0.029325414312195004
2020-02-13,0.04693154849710086
2020-02-14,0.14033564875515542
2020-02-15,0.05851820179125746
2020-02-16,0.6058288664427244
2020-02-17,1.5531885119379745
2020-02-18,0.41922883456097854
2020-02-19,0.16291705453365776
2020-02-20,0.12116316537946367
2020-02-21,0.13493242330131514
2020-02-22,0.12240875156232414
2020-02-23,0.11960374066834059
2020-02-24,0.1131382884204625
2020-02-25,0.11851314000223853
2020-02-26,0.11657764264400153
2020-02-27,0.10317825765547173
2020-02-28,0.10719460173055739
2020-02-29,0.10801795978456848
2020-03-01,0.122535004832602
2020-03-02,0.1187275986834526
2020-03-03,0.1173788046417168
2020-03-04,0.14321532644887852
2020-03-05,0.16689725118916474
2020-03-06,0.15454164236194973
2020-03-07,0.1788333383313478
2020-03-08,0.14570561914403013
2020-03-09,0.15255054097952025
2020-03-10,0.1526050905415966
2020-03-11,0.15075562109299345
2020-03-12,0.19261057242525842
2020-03-13,0.2553792000501364
2020-03-14,0.371848664375
2020-03-15,0.5311225105223142
2020-03-16,0.40040403164223004
2020-03-17,0.21901863921972395
2020-03-18,0.3907782034342987
2020-03-19,0.5113940598571376
2020-03-20,0.19742075023991562
2020-03-21,0.22848335365440095
2020-03-22,0.37217078149925464
2020-03-23,0.40634174424966024
2020-03-24,0.20372449851189015
2020-03-25,0.23768728981335563
2020-03-26,0.26853312067386453
2020-03-27,0.4335365959332529
2020-03-28,1.1426411366442637
2020-03-29,1.8826034061902572
2020-03-30,2.835907301630091
2020-03-31,6.07015240556948
2020-04-01,2.388467522829894
2020-04-02,2.322091944886104
2020-04-03,2.9186853135469146
2020-04-04,2.1283721801440447
2020-04-05,1.8355323728479394
2020-04-06,1.9744651007189369
2020-04-07,2.6498491270732916
2020-04-08,2.264927961861118
2020-04-09,2.6860468751947555
2020-04-10,2.4765347183342863
2020-04-11,1.762199647177873
2020-04-12,1.7489798043822031
2020-04-13,1.9602041481592822
2020-04-14,2.0307997841577725
2020-04-15,2.0067226571750427
2020-04-16,1.8449194838363911
2020-04-17,2.3403653993973257
2020-04-18,2.7104462814384633
2020-04-19,2.7991091092486267
2020-04-20,3.1933845232149713
2020-04-21,2.9180122860661895
2020-04-22,2.6329808484139363
2020-04-23,2.9914379475022974
2020-04-24,1.7729118426244552
2020-04-25,1.5552536272537163
2020-04-26,1.5040885349999003
2020-04-27,1.548042953485856
2020-04-28,1.8278479672872452
2020-04-29,1.7503277492773412
2020-04-30,1.5515489952747359
2020-05-01,1.3827092427643277
2020-05-02,0.9542095490838154
2020-05-03,0.847178633474924
2020-05-04,0.8259538689234077
2020-05-05,0.7642112439917466
2020-05-06,0.7225491876007609
2020-05-07,0.6831963521601057
2020-05-08,0.6502273105275017
2020-05-09,0.6217004949665046
2020-05-10,0.553950252266208
2020-05-11,0.521555578232817
2020-05-12,0.4591286798171611
2020-05-13,0.41911109655958506
2020-05-14,0.38289954082136957
2020-05-15,0.3607466025916968
2020-05-16,0.3414636077056367
2020-05-17,0.30706777960881787
2020-05-18,0.27625623271438693
2020-05-19,0.24986425364749587
2020-05-20,0.2220413549610044
2020-05-21,0.19460361568617562
2020-05-22,0.16969993857294627
2020-05-23,0.1477389837725758
2020-05-24,0.13036564474658582
2020-05-25,0.1796588717215231
2020-05-26,0.20163518443416817
2020-05-27,0.3410255953009973
2020-05-28,0.1887210361032359
2020-05-29,0.12063961729672561
2020-05-30,0.10207917125758484
2020-05-31,0.09651181212014341
2020-06-01,0.08530649690682894
2020-06-02,0.07880810577726723
2020-06-03,0.07409171199051079
2020-06-04,0.0816629858612155
2020-06-05,0.06454338140604932
2020-06-06,0.05957123933555769
2020-06-07,0.054286827775832054
2020-06-08,0.04910091520785699
2020-06-09,0.04437786726683514
2020-06-10,0.03747930997181908
2020-06-11,0.03675702355985684
2020-06-12,0.03521134739959068
2020-06-13,0.034199869386352236
2020-06-14,0.03224485162377202
2020-06-15,0.027189575264704842
2020-06-16,0.02564813387873417
2020-06-17,0.024420659722520888
2020-06-18,0.02412723388095242
2020-06-19,0.023629611353100596
2020-06-20,0.02169654452881367
2020-06-21,0.020908019481422603
2020-06-22,0.020185622530007646
2020-06-23,0.019562404462917033
2020-06-24,0.019000121247504692
2020-06-25,0.018423594028673426
2020-06-26,0.017857312451978975
2020-06-27,0.0173300212596636
2020-06-28,0.016854092351937595
2020-06-29,0.01640782405366577
2020-06-30,0.01592038416371092
2020-07-01,0.050495400709336835
2020-07-02,0.06281265134263
2020-07-03,0.08189449429629085
2020-07-04,0.054952837209094
2020-07-05,0.045589769385978786
2020-07-06,0.044572341826658715
2020-07-07,0.04357978417548193
2020-07-08,0.042645506899801795
2020-07-09,0.04841557481345732
2020-07-10,0.054218942144137416
2020-07-11,0.046561036871951
2020-07-12,0.039950821170013424
2020-07-13,0.0392006110012325
2020-07-14,0.038443057414471266
2020-07-15,0.0377194065373305
2020-07-16,0.037038468892116184
2020-07-17,0.03642510182141313
2020-07-18,0.035866314671663665
2020-07-19,0.03534885113064256
2020-07-20,0.034895071076546075
2020-07-21,0.0344488402935746
2020-07-22,0.03395233930988898
2020-07-23,0.03346840065651474
2020-07-24,0.036837990335632724
2020-07-25,0.03262854343448978
2020-07-26,0.04796651868813536
2020-07-27,0.03193942867343672
2020-07-28,0.031621947120482254
2020-07-29,0.03129621860924024
2020-07-30,0.030996020800705737
2020-07-31,0.03072027155913971
2020-08-01,0.02785494246889349
2020-08-02,0.02766477309660873
2020-08-03,0.027497385866496072
2020-08-04,0.027338475310891112
2020-08-05,0.027181158462343674
2020-08-06,0.02702962578604305
2020-08-07,0.026890652824426025
2020-08-08,0.02684552198716509
2020-08-09,0.026663615357313288
2020-08-10,0.02656890741990554
2020-08-11,0.026496223313250012
2020-08-12,0.026436831995282226
2020-08-13,0.026373700176746027
2020-08-14,0.026309107156099684
2020-08-15,0.02624399364709276
2020-08-16,0.026177447579903052
2020-08-17,0.026112769328354456
2020-08-18,0.050043413421690455
2020-08-19,0.02599745985060345
2020-08-20,0.03387863672225384
2020-08-21,0.025911667454560965
2020-08-22,0.02587298967612686
2020-08-23,0.02583374747511706
2020-08-24,0.025800092393610672
2020-08-25,0.025770097333293177
2020-08-26,0.02574200224120988
2020-08-27,0.025716445589364142
2020-08-28,0.025693750335238935
2020-08-29,0.025672898709243244
2020-08-30,0.025655600339158122
2020-08-31,0.03191502419566828
2020-09-01,0.012182807830684149
2020-09-02,0.01139685548211455
2020-09-03,0.020667655192460804
2020-09-04,0.01623908472909158
2020-09-05,0.011378364738853767
2020-09-06,0.011371240047693227
2020-09-07,0.011364182517301835
2020-09-08,0.01135758288821763
2020-09-09,0.011351985344215545
2020-09-10,0.012918922945920577
2020-09-11,0.011721485973990904
2020-09-12,0.011338450128178187
2020-09-13,0.01133303523641977
2020-09-14,0.0113270424435216
2020-09-15,0.011320854959890716
2020-09-16,0.011314685825313291
2020-09-17,0.011308438239503988
2020-09-18,0.011302275836532356
2020-09-19,0.011296406990646778
2020-09-20,0.01129078722679157
2020-09-21,0.011285358880659438
2020-09-22,0.011280145341171369
2020-09-23,0.011275179481085097
2020-09-24,0.011270348592719935
2020-09-25,0.011265641023909046
2020-09-26,0.011261234964619497
2020-09-27,0.011257176041300073
2020-09-28,0.015437502001496043
2020-09-29,0.011249860291595167
2020-09-30,0.011246351673872479
2020-10-01,0.01827468026584563
2020-10-02,0.01826888305790575
2020-10-03,0.018263087163323193
2020-10-04,0.01825733503535141
2020-10-05,0.018251680051708994
2020-10-06,0.01824635567912328
2020-10-07,0.01824128485942467
2020-10-08,0.019337582880461234
2020-10-09,0.01823117168089351
2020-10-10,0.018226174140383328
2020-10-11,0.018221229313731043
2020-10-12,0.018216323120308523
2020-10-13,0.018211446130620212
2020-10-14,0.018206607416065976
2020-10-15,0.01821117487408505
2020-10-16,0.018197021098052123
2020-10-17,0.018192204234482545
2020-10-18,0.16442565438959628
2020-10-19,0.04599550551768033
2020-10-20,0.02631625584146064
2020-10-21,0.018173726369667503
2020-10-22,0.018564439973465463
2020-10-23,0.018164156459386897
2020-10-24,0.018159284081840053
2020-10-25,0.018244674267632956
2020-10-26,0.0204307379663593
2020-10-27,0.01814522704997299
2020-10-28,0.018140742612560736
2020-10-29,0.01813625883798414
2020-10-30,0.018131775824743776
2020-10-31,0.018127294738445463
2020-11-01,0.019055348496437443
2020-11-02,0.019050640450831182
2020-11-03,0.019129064370507074
2020-11-04,0.01904122687227771
2020-11-05,0.01903652252068055
2020-11-06,0.019031819921147865
2020-11-07,0.019027118946375217
2020-11-08,0.01902241855957997
2020-11-09,0.019017719039107244
2020-11-10,0.019013021201653286
2020-11-11,0.2067717796126932
2020-11-12,0.04060443425471344
2020-11-13,0.02720972722778597
2020-11-14,0.02083021751092977
2020-11-15,0.07062405069728532
2020-11-16,0.1429360759576414
2020-11-17,0.061159905083295794
2020-11-18,0.22445349632687117
2020-11-19,0.03021745547937269
2020-11-20,0.019193697657418872
2020-11-21,0.05617276941372779
2020-11-22,0.02199006790229094
2020-11-23,0.0280085705333047
2020-11-24,0.06950917470007002
2020-11-25,0.11540945622414643
2020-11-26,0.05514615978658269
2020-11-27,0.05474102392607482
2020-11-28,0.09566439197703322
2020-11-29,0.0891478954214041
2020-11-30,0.23134206632565776
2020-12-01,0.024490270231815426
2020-12-02,0.04683460349957121
2020-12-03,0.23249487056892823
2020-12-04,0.06863910491346659
2020-12-05,0.046712325133560724
2020-12-06,0.022208439626966652
2020-12-07,0.022004542730770762
2020-12-08,0.02360638274537904
2020-12-09,0.14323685824601975
2020-12-10,0.0946596209023803
2020-12-11,0.048132584494403996
2020-12-12,0.03851397388245765
2020-12-13,0.03008078509669523
2020-12-14,0.033992474978046965
2020-12-15,0.037878703490040425
2020-12-16,0.07572012150088994
2020-12-17,0.1510184794355692
2020-12-18,0.348797752992756
2020-12-19,0.6506739384398408
2020-12-20,0.5333331175624376
2020-12-21,0.03367034067067038
2020-12-22,0.05717682948296765
2020-12-23,0.9166485091994757
2020-12-24,0.6975725376480374
2020-12-25,0.21973545668939642
2020-12-26,0.15439106217203424
2020-12-27,0.7324687074409452
2020-12-28,0.48445434647721314
2020-12-29,0.24465005304311294
2020-12-30,0.277775704512915
2020-12-31,0.3011508684797806
2021-01-01,0.10940728428146448
2021-01-02,0.0952246734288938
2021-01-03,0.09361678301839642
2021-01-04,0.09039686826271247
2021-01-05,0.08686334063740898
2021-01-06,0.08267671800063217
2021-01-07,0.0783040062937786
2021-01-08,0.0744647046023485
2021-01-09,0.10381179760548595
2021-01-10,0.07923711591452975
2021-01-11,0.07350667075314012
2021-01-12,0.06928629654799491
2021-01-13,0.06926292400411221
2021-01-14,0.06672222485993592
2021-01-15,0.07118199401312154
2021-01-16,0.07578187062204003
2021-01-17,0.059669726380973134
2021-01-18,0.06392656653349536
2021-01-19,0.06494538064131396
2021-01-20,0.055425126025961134
2021-01-21,0.0544114341459337
2021-01-22,0.05597430834355767
2021-01-23,0.0527307573193852
2021-01-24,0.051396088995536514
2021-01-25,0.051377150605822736
2021-01-26,0.05308450453055921
2021-01-27,0.05589095850805732
2021-01-28,0.05395693548120022
2021-01-29,0.04979935325060355
2021-01-30,0.04978813621926842
2021-01-31,0.050882084827287594
2021-02-01,0.04535927557890909
2021-02-02,0.04597016390805059
2021-02-03,0.09008327179177487
2021-02-04,0.3812925438299563
2021-02-05,0.528517496660135
2021-02-06,0.3189341766835625
2021-02-07,0.25282118093686157
2021-02-08,0.28187353350348193
2021-02-09,0.3540254781410056
2021-02-10,0.32346683626138245
2021-02-11,0.287284443009364
2021-02-12,0.2718924585778757
2021-02-13,0.2666408499671625
2021-02-14,0.24673290415232946
2021-02-15,0.22880761177112038
2021-02-16,0.21012711226894945
2021-02-17,0.19307370179240121
2021-02-18,0.18139141312035584
2021-02-19,0.18086672781986315
2021-02-20,0.15355964287454546
2021-02-21,0.1754008396165849
2021-02-22,0.1592308843532208
2021-02-23,0.14432752051781528
2021-02-24,0.12920886342534643
2021-02-25,0.12402299587676487
2021-02-26,0.13093216219227052
2021-02-27,0.11935498898152543
2021-02-28,0.11363438604465532
2021-03-01,0.1756449174514156
2021-03-02,0.1346469539933019
2021-03-03,0.14805398728230337
2021-03-04,0.18931485794522976
2021-03-05,0.19157395553374093
2021-03-06,0.1564598918592847
2021-03-07,0.1754047301270579
2021-03-08,0.20207626953170227
2021-03-09,0.23317175964076586
2021-03-10,0.26903301607360197
2021-03-11,0.2581857567012298
2021-03-12,0.2231041314969412
2021-03-13,0.2084843467267442
2021-03-14,0.24274281434550019
2021-03-15,0.3726474970492449
2021-03-16,0.5233345976393562
2021-03-17,0.8298117491437745
2021-03-18,0.8276894168599331
2021-03-19,1.0076015598877324
2021-03-20,1.0082855233251475
2021-03-21,1.1951178452579405
2021-03-22,1.2021644465094816
2021-03-23,1.3418195718205759
2021-03-24,0.6214053013330102
2021-03-25,0.7114537313828263
2021-03-26,0.7378355974567825
2021-03-27,1.02996720146755
2021-03-28,0.9259994702804861
2021-03-29,0.9506346616932826
2021-03-30,0.8361760880156642
2021-03-31,0.6771054560003497
2021-04-01,0.638080210174884
2021-04-02,1.2087865966000695
2021-04-03,1.6262604325752854
2021-04-04,1.8112132560640062
2021-04-05,1.6015782409250345
2021-04-06,1.699181990252548
2021-04-07,1.2068109224991044
2021-04-08,1.4967235779700552
2021-04-09,1.4660346844850256
2021-04-10,1.439130891213622
2021-04-11,1.5036693893963509
2021-04-12,1.1599579285313877
2021-04-13,1.0694524693038339
2021-04-14,1.0697987936074407
2021-04-15,1.2610685604508245
2021-04-16,1.1363465370409227
2021-04-17,1.584547886036108
2021-04-18,2.0582030210430675
2021-04-19,2.173307440153334
2021-04-20,1.8201721874461518
2021-04-21,1.3623926888534517
2021-04-22,1.746575336533467
2021-04-23,1.8092524828756062
2021-04-24,1.9002850446789994
2021-04-25,1.6864128871457904
2021-04-26,1.4359216044917924
2021-04-27,1.6412228329080876
2021-04-28,1.4268337738510148
2021-04-29,1.3198506840393005
2021-04-30,1.6058373964057844
2021-05-01,1.8363222077977324
2021-05-02,1.9378327321618416
2021-05-03,2.217831497683917
2021-05-04,2.2761569670735193
2021-05-05,2.858895171670441
2021-05-06,2.805863086153544
2021-05-07,1.9443818319147794
2021-05-08,2.1924376760975357
2021-05-09,2.4783567364834473
2021-05-10,1.8886294908674441
2021-05-11,2.0290278190052824
2021-05-12,2.161688773897299
2021-05-13,2.34809249547259
2021-05-14,2.0019089930399825
2021-05-15,1.8138601003237922
2021-05-16,1.7223893572598037
2021-05-17,1.6353786321396893
2021-05-18,1.5290246978024085
2021-05-19,1.6146823068641865
2021-05-20,1.5338183180583542
2021-05-21,1.8083167120019898
2021-05-22,2.3538596637664857
2021-05-23,2.7431536729826362
2021-05-24,2.866337025964068
2021-05-25,3.2326213244464976
2021-05-26,3.2226792864750573
2021-05-27,2.3214340950185495
2021-05-28,2.2512123539378988
2021-05-29,3.399600296263801
2021-05-30,4.552773723026784
2021-05-31,5.508041420754096
2021-06-01,5.0597268278436545
2021-06-02,4.6925280836818075
2021-06-03,4.683063658295515
2021-06-04,3.7708264583862534
2021-06-05,4.033490726167676
2021-06-06,3.5929450197881776
2021-06-07,2.573044607304818
2021-06-08,2.3062561028647663
2021-06-09,1.861903017490441
2021-06-10,1.575737084292777
2021-06-11,1.252525529541053
2021-06-12,1.1312494531881725
2021-06-13,0.9394910643567916
2021-06-14,0.9764300008339114
2021-06-15,1.051405446048886
2021-06-16,0.777823189632945
2021-06-17,0.725085087510773
2021-06-18,0.7506656939922126
2021-06-19,0.7381434282516915
2021-06-20,0.7515820236811522
2021-06-21,0.5584806257674702
2021-06-22,0.4401788615593048
2021-06-23,0.3703527670678218
2021-06-24,0.30498213016704845
2021-06-25,0.26813919134041464
2021-06-26,0.22644709949718836
2021-06-27,0.20335634043769527
2021-06-28,0.18386839462579718
2021-06-29,0.16519906829802472
2021-06-30,0.15277309042313922
2021-07-01,0.4626661568603374
2021-07-02,0.39802859638400107
2021-07-03,0.34389723518818616
2021-07-04,0.3016960079796956
2021-07-05,0.2521661790870936
2021-07-06,0.20945964147937202
2021-07-07,0.19338609501340534
2021-07-08,0.17846035246062664
2021-07-09,0.16638554491040275
2021-07-10,0.1589134932411837
2021-07-11,0.14343678828649728
2021-07-12,0.1292930699171377
2021-07-13,0.11737896446135408
2021-07-14,0.10597168493968119
2021-07-15,0.09596103449348306
2021-07-16,0.09082647981958752
2021-07-17,0.08514947535454105
2021-07-18,0.0775745198153737
2021-07-19,0.07036844871811225
2021-07-20,0.0680022535950261
2021-07-21,0.0659766953998004
2021-07-22,0.06413476131625295
2021-07-23,0.061990375386967236
2021-07-24,0.05973995233880571
2021-07-25,0.057660501608981916
2021-07-26,0.05576426676937625
2021-07-27,0.053955979711611646
2021-07-28,0.052221127372283044
2021-07-29,0.05124781588093722
2021-07-30,0.049408748268458084
2021-07-31,0.04807568532894849
2021-08-01,0.04277738893194294
2021-08-02,0.04168419166079024
2021-08-03,0.1095528498811278
2021-08-04,0.04049137891413686
2021-08-05,0.13491004015647334
2021-08-06,0.6101436006877576
2021-08-07,0.6755167713044128
2021-08-08,0.03943418843793024
2021-08-09,0.07576039110085121
2021-08-10,0.03805441379052333
2021-08-11,0.03738630499891301
2021-08-12,0.04696885610362959
2021-08-13,0.03611285962659072
2021-08-14,0.035504069715266894
2021-08-15,0.052890478464271515
2021-08-16,0.03441953326606309
2021-08-17,0.033872370462584525
2021-08-18,0.033356229475623646
2021-08-19,0.3184818776057316
2021-08-20,0.032568188549616635
2021-08-21,0.04316417222970079
2021-08-22,0.033974721961694467
2021-08-23,0.13653926935596059
2021-08-24,0.04010443730224672
2021-08-25,0.1684160526707732
2021-08-26,0.2796678032784391
2021-08-27,0.03080547724461282
2021-08-28,0.030589506631217553
2021-08-29,0.03201242102451846
2021-08-30,0.03059854072799685
2021-08-31,0.029942554570466805
2021-09-01,0.013228089886944516
2021-09-02,0.013148507809698251
2021-09-03,0.013442206376520747
2021-09-04,0.013051413228331412
2021-09-05,0.012975661829799935
2021-09-06,0.012890658603255207
2021-09-07,0.012808441512748972
2021-09-08,0.012730773637986222
2021-09-09,0.012656155790949841
2021-09-10,0.012584302291238544
2021-09-11,0.012522887714569103
2021-09-12,0.012468250224705917
2021-09-13,0.012413954645990757
2021-09-14,0.01236490161819074
2021-09-15,0.012321014886809799
2021-09-16,0.012280625970641364
2021-09-17,0.03160724476740209
2021-09-18,0.014155376961340713
2021-09-19,0.012432918653819567
2021-09-20,0.06999374668524073
2021-09-21,0.013977592163927136
2021-09-22,0.026251976614400697
2021-09-23,0.012123299326683141
2021-09-24,0.012090760758526609
2021-09-25,0.01205250405253327
2021-09-26,0.013736647676025277
2021-09-27,0.011989881092069365
2021-09-28,0.032437436041495155
2021-09-29,0.011952506969378295
2021-09-30,0.011928248030486421
2021-10-01,0.01935293807072834
2021-10-02,0.019316203430457427
2021-10-03,0.019273554496431707
2021-10-04,0.01923169521651123
2021-10-05,0.019196282801915137
2021-10-06,0.019170295023850824
2021-10-07,0.020004045456887946
2021-10-08,0.019395627579290475
2021-10-09,0.019230472723916186
2021-10-10,0.019114376004289613
2021-10-11,0.01922207893855684
2021-10-12,0.021956453026083303
2021-10-13,0.06003282564825687
2021-10-14,0.019171760632246137
2021-10-15,0.16126933721423528
2021-10-16,0.040851953311514026
2021-10-17,0.023485102598303314
2021-10-18,0.019002991132993797
2021-10-19,0.02036026077262013
2021-10-20,0.01896535677618639
2021-10-21,0.01907720677404392
2021-10-22,0.01892965328874919
2021-10-23,0.018911292821671914
2021-10-24,0.01889441840827054
2021-10-25,0.01888066943875466
2021-10-26,0.018871658632942247
2021-10-27,0.01886289502870273
2021-10-28,0.018851346273541104
2021-10-29,0.018838084751506973
2021-10-30,0.018824880561628468
2021-10-31,0.018815115176562962
2021-11-01,0.019776861832154637
2021-11-02,0.019770682274226695
2021-11-03,0.019764491501572102
2021-11-04,0.019758247920989194
2021-11-05,0.019752015157034574
2021-11-06,0.019745776419443913
2021-11-07,0.019738663948419354
2021-11-08,0.019730796744126526
2021-11-09,0.020362395435242375
2021-11-10,0.020367241201353685
2021-11-11,0.025784154683585025
2021-11-12,0.1575469467817128
2021-11-13,0.23502671959668853
2021-11-14,0.31767879852428255
2021-11-15,0.03610856936936279
2021-11-16,0.03769163640405884
2021-11-17,0.2536101227342995
2021-11-18,0.09013548099066566
2021-11-19,0.04094849658737131
2021-11-20,0.07325345190793817
2021-11-21,0.1763739295140367
2021-11-22,0.03145370293499058
2021-11-23,0.09576012321082512
2021-11-24,0.3334767147774104
2021-11-25,0.12707481871007828
2021-11-26,0.06646167816432665
2021-11-27,0.6726675352067539
2021-11-28,3.2381163284873185
2021-11-29,2.6014539827495753
2021-11-30,0.06247418264746654
2021-12-01,0.05170618249518254
2021-12-02,0.052666812670849154
2021-12-03,0.04902213287438433
2021-12-04,0.07440326388844007
2021-12-05,0.051112073717967194
2021-12-06,0.06583974414152562
2021-12-07,0.36145668761916333
2021-12-08,0.39537364288041477
2021-12-09,0.08956109381506848
2021-12-10,0.04191151881273621
2021-12-11,0.03986700631347721
2021-12-12,0.05896677077757514
2021-12-13,0.05624160142663219
2021-12-14,0.03153219430097137
2021-12-15,0.03317760765369242
2021-12-16,0.033288953836019236
2021-12-17,0.062166017860475306
2021-12-18,0.07927255633344436
2021-12-19,0.0779716523307951
2021-12-20,0.0919569087329982
2021-12-21,0.07643740482931716
2021-12-22,0.1622485841534041
2021-12-23,0.47274855689668893
2021-12-24,0.2822535875286409
2021-12-25,0.25100600206836016
2021-12-26,0.43006854936687033
2021-12-27,0.16147147655731162
2021-12-28,0.06118064963403992
2021-12-29,0.04993841363520799
2021-12-30,0.05808783884520673
2021-12-31,0.05804636695501836
2022-01-01,0.022705520156118632
2022-01-02,0.04442208755560316
2022-01-03,0.07092839687568342
2022-01-04,0.039188229967922115
2022-01-05,0.1320195392258573
2022-01-06,0.11315294966118931
2022-01-07,0.09024334791574753
2022-01-08,0.08325294003729444
2022-01-09,0.10364677442914148
2022-01-10,0.13156363154440484
2022-01-11,0.11629156967659784
2022-01-12,0.13056577575778514
2022-01-13,0.130607797639589
2022-01-14,0.1285393997623242
2022-01-15,0.13356862125720712
2022-01-16,0.11993403194150719
2022-01-17,0.12217417947475633
2022-01-18,0.11428430259496752
2022-01-19,0.11712717190149842
2022-01-20,0.11734739188502515
2022-01-21,0.11193596557583241
2022-01-22,0.10751586828472946
2022-01-23,0.10703920722501686
2022-01-24,0.1012409947249704
2022-01-25,0.1004687815383752
2022-01-26,0.11261187768603946
2022-01-27,0.1444639948626347
2022-01-28,0.1347956232797301
2022-01-29,0.23709738939015604
2022-01-30,0.17393626422770514
2022-01-31,0.19496756562661846
2022-02-01,0.17953012950066344
2022-02-02,0.18226314847163722
2022-02-03,0.1613127357150886
2022-02-04,0.17190657864623982
2022-02-05,0.184417894822915
2022-02-06,0.16427099981748933
2022-02-07,0.17650309029990455
2022-02-08,0.19208546261262174
2022-02-09,0.1910293501595936
2022-02-10,0.17170193608781129
2022-02-11,0.18785765049341388
2022-02-12,0.1582636098578763
2022-02-13,0.1675692015292495
2022-02-14,0.15968881676461105
2022-02-15,0.1500426925412838
2022-02-16,0.1642067982810455
2022-02-17,0.211555565116575
2022-02-18,0.16329341828222727
2022-02-19,0.186679285579531
2022-02-20,0.19335034412545077
2022-02-21,0.2264875246921003
2022-02-22,0.2293148943170695
2022-02-23,0.1987843068958481
2022-02-24,0.21393896418989802
2022-02-25,0.21010599509928599
2022-02-26,0.2089091222157505
2022-02-27,0.292917946570177
2022-02-28,0.3848466302223403
2022-03-01,0.4500627823605264
2022-03-02,0.42351678496067996
2022-03-03,0.4740236979621993
2022-03-04,0.535201050736114
2022-03-05,0.3978882791131994
2022-03-06,0.3457307551109
2022-03-07,0.3207211941429703
2022-03-08,0.3184487678692915
2022-03-09,0.3583740914423021
2022-03-10,0.2979643259179757
2022-03-11,0.28996265732594545
2022-03-12,0.37611445672037347
2022-03-13,0.2895992252405476
2022-03-14,0.2940985247607035
2022-03-15,0.2941662154040669
2022-03-16,0.271946308475916
2022-03-17,0.270505952846043
2022-03-18,0.25182376965460024
2022-03-19,0.24337709874575425
2022-03-20,0.24682703559238137
2022-03-21,0.21900655764020963
2022-03-22,0.22293611507099004
2022-03-23,0.22886658002275173
2022-03-24,0.24370216313433787
2022-03-25,0.22765382388718644
2022-03-26,0.41553656027085145
2022-03-27,0.6702945120553381
2022-03-28,1.3154312677108377
2022-03-29,1.3529880755841428
2022-03-30,0.892865910648073
2022-03-31,0.6768574281177909
2022-04-01,0.7844389960502669
2022-04-02,0.661407790645961
2022-04-03,0.8406774065150828
2022-04-04,0.8644422786731655
2022-04-05,0.9950509962949536
2022-04-06,0.5072615792555041
2022-04-07,0.5869673490882621
2022-04-08,0.5953286078893522
2022-04-09,0.5296586977248126
2022-04-10,0.5396051798995597
2022-04-11,0.5519786572727755
2022-04-12,0.5350992599998866
2022-04-13,0.6837788937530503
2022-04-14,0.7773875288469504
2022-04-15,0.8496063353843631
2022-04-16,0.9982126476259979
2022-04-17,0.7866232959891588
2022-04-18,0.7660025484363648
2022-04-19,0.7455300565309468
2022-04-20,0.7145947804440141
2022-04-21,0.7097834314890997
2022-04-22,0.7450068991680479
2022-04-23,0.8452885462563073
2022-04-24,0.8892353108100846
2022-04-25,1.2381609739419304
2022-04-26,1.3180635629976414
2022-04-27,1.617469989032601
2022-04-28,1.9622016746343016
2022-04-29,1.965195744602354
2022-04-30,1.0124252470185036
2022-05-01,1.0496256732976696
2022-05-02,1.306489633588751
2022-05-03,1.5796621610369943
2022-05-04,1.6870891975040105
2022-05-05,1.6425152681704647
2022-05-06,1.3826808879972596
2022-05-07,1.4783049464950828
2022-05-08,1.8304243670530627
2022-05-09,2.3547362880719263
2022-05-10,2.8902243349807
2022-05-11,3.0953715584587256
2022-05-12,3.665551099717394
2022-05-13,2.0462692618396514
2022-05-14,2.2693671810350295
2022-05-15,1.6374384510438647
2022-05-16,1.6569377320103162
2022-05-17,1.813281414769731
2022-05-18,2.627614569168349
2022-05-19,5.431570327149745
2022-05-20,7.84036724168156
2022-05-21,6.7163128134567955
2022-05-22,9.630627408955585
2022-05-23,8.98155749287273
2022-05-24,8.451938400075264
2022-05-25,4.1149405658872835
2022-05-26,5.133546866996596
2022-05-27,5.349530717939281
2022-05-28,6.000480940450366
2022-05-29,4.4524925468164485
2022-05-30,4.5819708585861605
2022-05-31,7.757816630436079
2022-06-01,8.128489008566621
2022-06-02,8.82273380924687
2022-06-03,8.876307371768727
2022-06-04,8.398501202603224
2022-06-05,8.698622692909478
2022-06-06,7.366470751940407
2022-06-07,6.8387389896235184
2022-06-08,6.6097234154784354
2022-06-09,6.337380952322715
2022-06-10,4.856637537514135
2022-06-11,4.63406411813224
2022-06-12,3.27004292901046
2022-06-13,2.0420345982024632
2022-06-14,2.225614372751122
2022-06-15,2.601739661354657
2022-06-16,2.292370975414201
2022-06-17,1.7048158575146266
2022-06-18,1.5887124016334873
2022-06-19,1.6724434634279597
2022-06-20,1.6161662827443024
2022-06-21,1.5957993400913837
2022-06-22,1.160588475116047
2022-06-23,0.9884499087373285
2022-06-24,0.9077391739010278
2022-06-25,0.8555796003796239
2022-06-26,0.8534113711348946
2022-06-27,0.7506306594515275
2022-06-28,0.6214256345382267
2022-06-29,0.5633723258140717
2022-06-30,0.5284075022476946
2022-07-01,1.6680839453087417
2022-07-02,1.5688008141611358
2022-07-03,1.5383260674175423
2022-07-04,1.5219396614230156
2022-07-05,0.994910642490433
2022-07-06,0.912701102337985
2022-07-07,0.6818071272117759
2022-07-08,0.6213302982848635
2022-07-09,0.587309521391092
2022-07-10,0.5397034671560089
2022-07-11,0.4775470204257435
2022-07-12,0.44432675566226526
2022-07-13,0.41320596817079547
2022-07-14,0.3866285493091403
2022-07-15,0.31514347758560113
2022-07-16,0.23819010216564962
2022-07-17,0.21901525917015374
2022-07-18,0.18871029661453087
2022-07-19,0.1678142796766353
2022-07-20,0.17660333456268135
2022-07-21,0.30171953345407027
2022-07-22,0.12344033612008369
2022-07-23,0.17009692009611813
2022-07-24,0.10126130771889937
2022-07-25,0.09241554185726256
2022-07-26,0.08434342434425667
2022-07-27,0.07688116113599258
2022-07-28,0.07044266410915749
2022-07-29,0.06501652398269236
2022-07-30,0.06078279491855337
2022-07-31,0.058036685592647526
2022-08-01,0.05088610058173235
2022-08-02,0.04900902568421273
2022-08-03,0.047199146583977857
2022-08-04,0.045546473346112025
2022-08-05,0.051119579765872884
2022-08-06,0.042782598706110626
2022-08-07,0.041518581438159424
2022-08-08,0.042826331890231405
2022-08-09,0.03952572570860654
2022-08-10,0.08957275508390572
2022-08-11,0.038110438841856595
2022-08-12,0.2563534713701307
2022-08-13,0.03691982128076219
2022-08-14,0.036306683123578355
2022-08-15,0.03565102967486833
2022-08-16,0.035017595039641976
2022-08-17,0.03445079610784735
2022-08-18,0.03396889434613254
2022-08-19,0.03352990771333838
2022-08-20,0.03313147342379924
2022-08-21,0.0326869560768712
2022-08-22,0.03846519063066943
2022-08-23,0.031925383594451
2022-08-24,0.03156321628728449
2022-08-25,0.1655697702831892
2022-08-26,0.03084410275060948
2022-08-27,0.030529255971294175
2022-08-28,0.030239115952422502
2022-08-29,0.031001564749768475
2022-08-30,0.029965549427393472
2022-08-31,0.03293558293449992
2022-09-01,0.013279091325701963
2022-09-02,0.013086251382126126
2022-09-03,0.013024783451296772
2022-09-04,0.012936502522436055
2022-09-05,0.012836860850252764
2022-09-06,0.012739351205182926
2022-09-07,0.012645157174422912
2022-09-08,0.012554088011263672
2022-09-09,0.012466313010786902
2022-09-10,0.012382684938135793
2022-09-11,0.05523226912030742
2022-09-12,0.012265383602647182
2022-09-13,0.013039134837894
2022-09-14,0.012336712900038866
2022-09-15,0.012159748931779499
2022-09-16,0.012105935914621248
2022-09-17,0.021961808345443656
2022-09-18,0.012016077906425617
2022-09-19,0.01197257000586794
2022-09-20,0.011936518286381568
2022-09-21,0.011916779489313063
2022-09-22,0.012056923746732876
2022-09-23,0.011893387448527314
2022-09-24,0.011874308966160624
2022-09-25,0.011850722228329082
2022-09-26,0.011825443044043805
2022-09-27,0.01179648549940058
2022-09-28,0.011764899899719402
2022-09-29,0.011735559868077072
2022-09-30,0.011710039983443827
2022-10-01,0.01899504737879354
2022-10-02,0.018958590987659917
2022-10-03,0.018925145516669354
2022-10-04,0.018894150580829647
2022-10-05,0.01886693104689676
2022-10-06,0.018844520681079162
2022-10-07,0.018825435249932593
2022-10-08,0.018808532907164784
2022-10-09,0.018791001542114296
2022-10-10,0.018771348699513735
2022-10-11,0.018751161804738167
2022-10-12,0.018732342510084442
2022-10-13,0.018715548199174127
2022-10-14,0.018699178048334122
2022-10-15,0.01868165625642826
2022-10-16,0.01866444440251199
2022-10-17,0.018648663109842357
2022-10-18,0.018632753175863836
2022-10-19,0.0731342937599135
2022-10-20,0.018607561210319905
2022-10-21,0.018593795541669494
2022-10-22,0.022871710758039756
2022-10-23,0.018608014180116747
2022-10-24,0.018554335381008345
2022-10-25,0.018544367838425876
2022-10-26,0.01853544164669211
2022-10-27,0.018526140649424424
2022-10-28,0.018855314158239964
2022-10-29,0.01899967562474057
2022-10-30,0.018500993666372277
2022-10-31,0.018494704301333646
2022-11-01,0.019467466561292543
2022-11-02,0.019434430122836317
2022-11-03,0.01942867066887297
2022-11-04,0.01942273952117479
2022-11-05,0.019416495255517557
2022-11-06,0.020680683644097794
2022-11-07,0.019403982644098525
2022-11-08,0.01939648360324389
2022-11-09,0.01938953910281616
2022-11-10,0.01938271466522984
2022-11-11,0.019375565611218393
2022-11-12,0.01936841892853617
2022-11-13,0.019361837886648626
2022-11-14,0.019362244306382153
2022-11-15,0.01934975139598391
2022-11-16,0.019344147954558796
2022-11-17,0.019636561429655617
2022-11-18,0.019364749614708108
2022-11-19,0.01940378010366289
2022-11-20,0.019328915476981873
2022-11-21,0.01931811685655417
2022-11-22,0.01934196943655601
2022-11-23,0.0375970096541099
2022-11-24,0.07918538747230351
2022-11-25,0.039434156264257635
2022-11-26,0.02164413258521977
2022-11-27,0.021440813198188177
2022-11-28,0.025648275629959662
2022-11-29,0.18782537438925387
2022-11-30,0.03938405324044859
2022-12-01,0.10060108137528913
2022-12-02,0.2703423400801318
2022-12-03,0.04825616650370702
2022-12-04,0.5924043525067851
2022-12-05,0.577081576934335
2022-12-06,0.16065260437219833
2022-12-07,0.04028003570718207
2022-12-08,0.04514107073669488
2022-12-09,0.5803353262069042
2022-12-10,1.0728796392382869
2022-12-11,0.5523572188923493
2022-12-12,0.10581484325102408
2022-12-13,0.04023252233928236
2022-12-14,0.02539642984050776
2022-12-15,0.025551875558814857
2022-12-16,0.033068372540112495
2022-12-17,0.03635036693105749
2022-12-18,0.03662894261123162
2022-12-19,0.08034652961735429
2022-12-20,0.02894435719846681
2022-12-21,0.030362023847793723
2022-12-22,0.03346215135291299
2022-12-23,0.03434017668132615
2022-12-24,0.041085163944137436
2022-12-25,0.074879650218535
2022-12-26,0.0374808661040209
2022-12-27,0.02750863828131746
2022-12-28,0.02690755155884255
2022-12-29,0.02782044836503889
2022-12-30,0.027536258755049618
2022-12-31,0.027968256915322665
2023-01-01,0.010006499001979067
2023-01-02,0.009552144612340196
2023-01-03,0.011582932525380174
2023-01-04,0.011323988783776225
2023-01-05,0.012578633098271568
2023-01-06,0.010347753161578004
2023-01-07,0.012029035270264676
2023-01-08,0.0122815782092573
2023-01-09,0.02575098907910623
2023-01-10,0.018881997222946437
2023-01-11,0.023143269854788012
2023-01-12,0.018740169375472137
2023-01-13,0.015340959377161976
2023-01-14,0.01814557627324486
2023-01-15,0.009913277093025082
2023-01-16,0.01763699864971769
2023-01-17,0.06294281592091774
2023-01-18,0.0832298636235392
2023-01-19,0.027116368586955653
2023-01-20,0.010652515700873414
2023-01-21,0.01436547383971157
2023-01-22,0.014841999247151839
2023-01-23,0.025110116827185343
2023-01-24,0.03801582381525434
2023-01-25,0.049703119252802984
2023-01-26,0.039542709180166676
2023-01-27,0.03630537602554234
2023-01-28,0.0787845238004169
2023-01-29,0.05376376423104803
2023-01-30,0.25192486619298865
2023-01-31,0.6078407997279615
2023-02-01,0.05716281457580955
2023-02-02,0.05565858189271203
2023-02-03,0.10903397431238554
2023-02-04,0.08749315029946982
2023-02-05,0.059193464250949575
2023-02-06,0.061503100609891365
2023-02-07,0.06331436631777211
2023-02-08,0.06716357877955284
2023-02-09,0.06700034059414878
2023-02-10,0.07074555931442578
2023-02-11,0.10068587802608457
2023-02-12,0.2589558601213717
2023-02-13,0.13326809837010883
2023-02-14,0.08751051759730062
2023-02-15,0.13535059411556727
2023-02-16,0.16905065023725524
2023-02-17,0.16628689879263878
2023-02-18,0.1668521930537716
2023-02-19,0.15807714236091822
2023-02-20,0.16224033750142408
2023-02-21,0.19398799435804875
2023-02-22,0.24579141922612976
2023-02-23,0.16452853179089674
2023-02-24,0.13638076910197922
2023-02-25,0.1310457954453587
2023-02-26,0.1331778048504457
2023-02-27,0.12813520813630128
2023-02-28,0.12916168358989394
2023-03-01,0.22746696960943358
2023-03-02,0.30213916455836476
2023-03-03,0.2618255988615454
2023-03-04,0.271282998390776
2023-03-05,0.27247529972774104
2023-03-06,0.33794420708948686
2023-03-07,0.40060862854822055
2023-03-08,0.45269168099118967
2023-03-09,0.5327798147285934
2023-03-10,0.4719394752362513
2023-03-11,0.3500427975565202
2023-03-12,0.2602065697967967
2023-03-13,0.3097620099612674
2023-03-14,0.359226847162226
2023-03-15,0.38219506485118593
2023-03-16,0.4036638279506409
2023-03-17,0.42630941351208795
2023-03-18,0.3120025645986935
2023-03-19,0.3372880159129122
2023-03-20,0.2755832734913855
2023-03-21,0.2610941178075097
2023-03-22,0.2605539054141636
2023-03-23,0.3061926891976127
2023-03-24,0.3719307897305652
2023-03-25,0.4984115810417899
2023-03-26,0.6582640677190175
2023-03-27,0.4423700601527887
2023-03-28,0.41859068783997866
2023-03-29,0.44112300907702434
2023-03-30,0.3903957611025422
2023-03-31,0.3727892309983756
2023-04-01,0.4504944864851234
2023-04-02,0.5105783825565734
2023-04-03,0.48128769155613393
2023-04-04,0.41348498412228335
2023-04-05,0.4644104773278705
2023-04-06,0.502327403692917
2023-04-07,0.5012443853267515
2023-04-08,0.5522118852417097
2023-04-09,0.8198110477100938
2023-04-10,0.8968136750314071
2023-04-11,0.5108478585823746
2023-04-12,0.4211159865024592
2023-04-13,0.4258497537486656
2023-04-14,0.33754973610869743
2023-04-15,0.3201363074104908
2023-04-16,0.31025811368409495
2023-04-17,0.2958427109323316
2023-04-18,0.28685607461698376
2023-04-19,0.2672465903209299
2023-04-20,0.25288086783548935
2023-04-21,0.23814910559430466
2023-04-22,0.22831897905028026
2023-04-23,0.3617908217656212
2023-04-24,0.3897096536500379
2023-04-25,0.7689240197708116
2023-04-26,1.1317302756747996
2023-04-27,1.3831008058190994
2023-04-28,1.6554553920685642
2023-04-29,2.1650068582263273
2023-04-30,2.17125894319067
2023-05-01,3.3836715147006893
2023-05-02,4.9451747371546935
2023-05-03,5.371009816088754
2023-05-04,6.0959063717668025
2023-05-05,5.005847308602797
2023-05-06,2.4198517021509307
2023-05-07,2.2118726341505406
2023-05-08,2.0701269425784528
2023-05-09,1.868023873811647
2023-05-10,2.151345496800917
2023-05-11,2.3020802105616003
2023-05-12,2.204701447202306
2023-05-13,2.624929197515965
2023-05-14,3.846325952542429
2023-05-15,5.354587036958752
2023-05-16,5.005202646202405
2023-05-17,4.512139110522334
2023-05-18,4.19034829480141
2023-05-19,3.835499169092521
2023-05-20,2.83561113842306
2023-05-21,2.6449679517944635
2023-05-22,2.466714530416706
2023-05-23,1.80818788012289
2023-05-24,1.5153175852542637
2023-05-25,1.397879894362585
2023-05-26,1.1940778187097725
2023-05-27,1.1000811015100138
2023-05-28,0.9906654613109068
2023-05-29,0.9221369335440107
2023-05-30,0.8892145408438857
2023-05-31,0.8001227940105666
2023-06-01,0.46390317365601963
2023-06-02,0.3769097156848576
2023-06-03,0.4309248280494304
2023-06-04,0.31996215185903776
2023-06-05,0.3641246962454094
2023-06-06,0.26958336146021894
2023-06-07,0.35217906358544987
2023-06-08,0.5268577668692579
2023-06-09,0.543068795901077
2023-06-10,0.3078244956982853
2023-06-11,0.29188551908439936
2023-06-12,0.2721256349905068
2023-06-13,0.2491101890943564
2023-06-14,0.2134416027792894
2023-06-15,0.17199179294027905
2023-06-16,0.14890748655422592
2023-06-17,0.13051450872291112
2023-06-18,0.11425957747177162
2023-06-19,0.099551564804336
2023-06-20,0.08607032027276781
2023-06-21,0.0750326607429551
2023-06-22,0.06471091643816593
2023-06-23,0.05529294420665674
2023-06-24,0.04389025159160744
2023-06-25,0.03774701298339729
2023-06-26,0.03334597277390329
2023-06-27,0.03000229611519131
2023-06-28,0.02717876799733412
2023-06-29,0.024744915601494624
2023-06-30,0.022805781480267698
2023-07-01,0.07044159817281787
2023-07-02,0.06768131516683394
2023-07-03,0.0849229235458447
2023-07-04,0.06399647207713884
2023-07-05,0.06246214061980464
2023-07-06,0.061985938036688996
2023-07-07,0.059863013938747114
2023-07-08,0.058524207122974375
2023-07-09,0.05724685702549465
2023-07-10,0.05601369093381395
2023-07-11,0.05473080811728896
2023-07-12,0.05341297858981177
2023-07-13,0.06166542390051861
2023-07-14,0.05162275062947728
2023-07-15,0.07708387724466538
2023-07-16,0.049175917329621927
2023-07-17,0.08564420336079473
2023-07-18,0.28430586244211475
2023-07-19,1.4576438901445488
2023-07-20,5.199195549631694
2023-07-21,0.701788929015711
2023-07-22,0.06178421211555556
2023-07-23,0.053951911203475124
2023-07-24,0.05358870617086803
2023-07-25,0.05302172209066333
2023-07-26,0.052304896208798496
2023-07-27,0.0514573832227583
2023-07-28,0.05055682940465792
2023-07-29,0.04957283536067284
2023-07-30,0.04864140590564082
2023-07-31,0.05746150376549954
2023-08-01,0.043197478797078345
2023-08-02,0.042157153561680955
2023-08-03,0.04547173315904923
2023-08-04,0.05144181297695205
2023-08-05,0.04060709852543399
2023-08-06,0.039429074003534445
2023-08-07,0.038701575692980245
2023-08-08,0.0380068543953838
2023-08-09,0.04286721229151542
2023-08-10,0.036836465383560536
2023-08-11,0.036288634777456925
2023-08-12,0.035758499058868576
2023-08-13,0.03525540577333569
2023-08-14,0.034764654615610235
2023-08-15,0.034274884275120814
2023-08-16,0.03819377192351585
2023-08-17,0.03340791851105776
2023-08-18,0.033034244766827474
2023-08-19,0.0326572821665005
2023-08-20,0.032252596971425254
2023-08-21,0.03186251265287607
2023-08-22,0.03150375409939435
2023-08-23,0.040994506484702695
2023-08-24,0.030874507253523396
2023-08-25,0.19627739409440134
2023-08-26,0.03036258821467639
2023-08-27,0.030112529465695505
2023-08-28,0.0298740153915553
2023-08-29,0.02968289544209974
2023-08-30,0.02950120642182342
2023-08-31,0.02929724509121168
2023-09-01,0.012940899778370938
2023-09-02,0.012849479894396533
2023-09-03,0.01276389866129472
2023-09-04,0.012686714548087162
2023-09-05,0.01261342901165838
2023-09-06,0.012545878800627821
2023-09-07,0.012486580864455083
2023-09-08,0.08718786156058099
2023-09-09,0.015141532642682863
2023-09-10,0.012370622623146404
2023-09-11,0.012318037986388176
2023-09-12,0.012267061432604181
2023-09-13,0.012221939272963278
2023-09-14,0.012180320093388385
2023-09-15,0.012138884478838511
2023-09-16,0.012100184240587114
2023-09-17,0.012065305925038811
2023-09-18,0.012031309038875676
2023-09-19,0.01200007392139869
2023-09-20,0.011973748663665332
2023-09-21,0.01195444619255281
2023-09-22,0.011943126064849421
2023-09-23,0.32031924880140117
2023-09-24,1.6335483317262551
2023-09-25,40.46031761221187
2023-09-26,2.035672427995635
2023-09-27,0.42378818222258674
2023-09-28,1.0982441006448453
2023-09-29,0.5597107397996475
2023-09-30,1.266647109257543
2023-10-01,2.635843260485612
2023-10-02,1.9482736974980142
2023-10-03,1.053041302971766
2023-10-04,0.657431105019211
2023-10-05,0.09868560441496706
2023-10-06,0.05164908031126484
2023-10-07,0.05147878192544007
2023-10-08,0.08472209466848366
2023-10-09,0.06741440711237091
2023-10-10,0.12095808849599993
2023-10-11,0.3068679777372452
2023-10-12,0.3708239358502728
2023-10-13,0.3836854145437568
2023-10-14,0.3047797776785366
2023-10-15,0.25418120432255076
2023-10-16,0.2783072017945429
2023-10-17,0.2804899064595284
2023-10-18,0.276141605766912
2023-10-19,0.25486366744128036
2023-10-20,0.5888451458602366
2023-10-21,0.24391857066503012
2023-10-22,0.24399815723615323
2023-10-23,0.2285583558062979
2023-10-24,0.21620706219948158
2023-10-25,0.21213902692486572
2023-10-26,0.20568900422913466
2023-10-27,0.1834566680381245
2023-10-28,0.17176331423631142
2023-10-29,0.16074267363704822
2023-10-30,0.1533144058847859
2023-10-31,0.14710925268843525
2023-11-01,0.14744935843363152
2023-11-02,0.13850568414098438
2023-11-03,0.13274275873091645
2023-11-04,0.1281372997257464
2023-11-05,0.12370567208510737
2023-11-06,0.11923710186349008
2023-11-07,0.35176822159361565
2023-11-08,0.18769688500080933
2023-11-09,0.36612913958742993
2023-11-10,0.6633931831321637
2023-11-11,0.4247953822050158
2023-11-12,0.5189467827979101
2023-11-13,0.38144218789573864
2023-11-14,0.1574129061210845
2023-11-15,0.14814898449916608
2023-11-16,0.23371563786697067
2023-11-17,0.13627354568088068
2023-11-18,0.13370679024010762
2023-11-19,0.13229515018120405
2023-11-20,0.1211507218185336
2023-11-21,0.11679251033233874
2023-11-22,0.15436111237415395
2023-11-23,0.13833238278905394
2023-11-24,0.23763797404157058
2023-11-25,0.15380022054736484
2023-11-26,0.4548370033762399
2023-11-27,0.23300671817136326
2023-11-28,0.393440827218209
2023-11-29,0.14983235076781842
2023-11-30,0.18998069121142966
2023-12-01,0.18168626016699035
2023-12-02,0.19450901716924696
2023-12-03,0.12781231071302218
2023-12-04,0.11656877394870087
2023-12-05,0.12171757609055837
2023-12-06,0.15377400443369404
2023-12-07,0.16556225939720093
2023-12-08,0.13379336579749795
2023-12-09,0.1349293242114026
2023-12-10,0.15429660540040369
2023-12-11,0.5504038468241186
2023-12-12,2.0157088262115517
2023-12-13,6.247535105584389
2023-12-14,1.452737828660547
2023-12-15,0.9049810653396172
2023-12-16,0.9496375545167655
2023-12-17,0.8853640667644925
2023-12-18,0.8150947944604655
2023-12-19,0.9661750571222871
2023-12-20,1.0292506893872209
2023-12-21,0.8175190003102363
2023-12-22,0.7155136334243958
2023-12-23,0.7153349286982792
2023-12-24,0.7108777775175698
2023-12-25,0.9044505066093121
2023-12-26,0.6730845885780454
2023-12-27,0.6900313405513303
2023-12-28,0.7737349283614865
2023-12-29,0.6928516357834611
2023-12-30,0.6724780714268771
2023-12-31,0.6646900703732798
2024-01-01,0.2325853475932913
2024-01-02,0.2254001191004045
2024-01-03,0.21601456674199174
2024-01-04,0.21349329709894818
2024-01-05,0.2075414450595019
2024-01-06,0.20371773966976944
2024-01-07,0.2001156602062876
2024-01-08,0.20443374509601978
2024-01-09,0.23435448165846953
2024-01-10,0.2557994060283506
2024-01-11,0.21450924976934538
2024-01-12,0.2225696210198934
2024-01-13,0.22266255449120576
2024-01-14,0.22408047476356438
2024-01-15,0.22795096634835005
2024-01-16,0.21947107564456073
2024-01-17,0.21032524574395692
2024-01-18,0.20409767203858853
2024-01-19,0.1968410412705848
2024-01-20,0.19135038009757654
2024-01-21,0.18103553389285487
2024-01-22,0.17337606515666987
2024-01-23,0.16614441253739407
2024-01-24,0.15932542420523288
2024-01-25,0.15282051522002035
2024-01-26,0.14689321061650734
2024-01-27,0.1405056318029067
2024-01-28,0.13594315015929542
2024-01-29,0.13223267551235002
2024-01-30,0.12600937544281057
2024-01-31,0.11884901406225236
2024-02-01,0.10444627411678888
2024-02-02,0.10096435909121272
2024-02-03,0.09808577023693019
2024-02-04,0.12792312088029792
2024-02-05,0.19330766146593104
2024-02-06,0.22548442077892547
2024-02-07,0.22122586100785854
2024-02-08,0.2159748281788154
2024-02-09,0.2675329859105136
2024-02-10,0.2600079235839234
2024-02-11,0.25840405177155934
2024-02-12,0.2575961283451864
2024-02-13,0.26567377521026747
2024-02-14,0.27400796197123456
2024-02-15,0.2630206077473897
2024-02-16,0.2713323591387991
2024-02-17,0.2690240079714832
2024-02-18,0.23254453673267417
2024-02-19,0.22025098371176494
2024-02-20,0.251264096876109
2024-02-21,0.22197511868009734
2024-02-22,0.2048303726146619
2024-02-23,0.1982740621992768
2024-02-24,0.19510628704583127
2024-02-25,0.1853750113025619
2024-02-26,0.18487202376217193
2024-02-27,0.2012621338300683
2024-02-28,0.21260901435442645
2024-02-29,0.1751360460233328
2024-03-01,0.20786415841938585
2024-03-02,0.44917560173951226
2024-03-03,0.2948405837992825
2024-03-04,0.3044362103270905
2024-03-05,0.32417328683913066
2024-03-06,0.3608160406291075
2024-03-07,0.3797248683496211
2024-03-08,0.4235375526318683
2024-03-09,0.450998547325952
2024-03-10,0.5578019602917363
2024-03-11,0.7505088093115256
2024-03-12,0.9312284823922597
2024-03-13,1.025812872991996
2024-03-14,0.6245788870761616
2024-03-15,0.6954777883555702
2024-03-16,0.8679474359001073
2024-03-17,1.0395551363577094
2024-03-18,1.0462658846021395
2024-03-19,1.2076271371906677
2024-03-20,1.4540089108600165
2024-03-21,1.8763225074796086
2024-03-22,2.4036846356660573
2024-03-23,2.9625566442049065
2024-03-24,4.055234895442619
2024-03-25,5.9097515946575525
2024-03-26,4.529435287523612
2024-03-27,2.0725969334460967
2024-03-28,2.119677485856204
2024-03-29,1.9648929583791217
2024-03-30,2.0090538191564873
2024-03-31,2.5555034385939774
2024-04-01,3.0960972705445347
2024-04-02,3.7140786227309044
2024-04-03,4.659975449387142
2024-04-04,5.439806796406058
2024-04-05,5.879567037642063
2024-04-06,5.34430544527845
2024-04-07,3.2681709725989716
2024-04-08,5.6223340976508975
2024-04-09,5.476088877357212
2024-04-10,4.17239049485147
2024-04-11,4.7161150058675405
2024-04-12,4.563067475183112
2024-04-13,4.814606225625869
2024-04-14,4.3945464325203245
2024-04-15,5.2742565795623415
2024-04-16,4.803008642106926
2024-04-17,2.2793513743687193
2024-04-18,2.1078742877538854
2024-04-19,2.0373594816853413
2024-04-20,2.292710464874822
2024-04-21,2.400354422097169
2024-04-22,2.5422196729789728
2024-04-23,2.7793685657068505
2024-04-24,3.055579930585267
2024-04-25,3.316646747585903
2024-04-26,2.9250035793009506
2024-04-27,3.0006791604325036
2024-04-28,1.5324899081328003
2024-04-29,1.4413815278678186
2024-04-30,1.388154059718797
2024-05-01,1.4605592667538092
2024-05-02,1.4756231125643822
2024-05-03,1.3244033038129404
2024-05-04,1.232718891621385
2024-05-05,1.1659560144348298
2024-05-06,1.1427781700167863
2024-05-07,1.1810779491130994
2024-05-08,1.2335120261534651
2024-05-09,1.1507535630959587
2024-05-10,1.1499166652719852
2024-05-11,0.7844204817002821
2024-05-12,0.7142467306796151
2024-05-13,0.6820515817712631
2024-05-14,0.662469313678963
2024-05-15,0.6217279609637857
2024-05-16,0.5558095473313971
2024-05-17,0.5157203330689587
2024-05-18,0.453215582242471
2024-05-19,0.3974465443883507
2024-05-20,0.36675294680169873
2024-05-21,0.33875577404252216
2024-05-22,0.3193589887328428
2024-05-23,0.2971216231300976
2024-05-24,0.2603205479427578
2024-05-25,0.23194184114670194
2024-05-26,0.20288913874105044
2024-05-27,0.18234126574517923
2024-05-28,0.16759184318302953
2024-05-29,0.154401231168269
2024-05-30,0.1477789266120411
2024-05-31,0.1318018238327042
2024-06-01,0.10277572036445194
2024-06-02,0.12003369587355024
2024-06-03,0.09139689978042126
2024-06-04,0.0825669544010023
2024-06-05,0.07559420712020799
2024-06-06,0.06787604202941999
2024-06-07,0.06304925339683572
2024-06-08,0.058780624259412426
2024-06-09,0.054881601867140396
2024-06-10,0.05139079695328087
2024-06-11,0.04726846027717765
2024-06-12,0.044061175304760905
2024-06-13,0.04133918287538678
2024-06-14,0.04077225447923955
2024-06-15,0.04010869777385555
2024-06-16,0.10678994419736162
2024-06-17,0.034681031945980795
2024-06-18,0.07437782616221655
2024-06-19,0.034851904874931894
2024-06-20,0.0326558920985233
2024-06-21,0.029966532341160847
2024-06-22,0.027776399373338628
2024-06-23,0.026031457132779257
2024-06-24,0.02561196510835039
2024-06-25,0.022790193596736685
2024-06-26,0.021468337694716035
2024-06-27,0.020509893315129632
2024-06-28,0.01964520464585812
2024-06-29,0.018777755821633258
2024-06-30,0.017863293018022273
2024-07-01,0.055764723705456244
2024-07-02,0.05320930384176152
2024-07-03,0.050928443252952475
2024-07-04,0.048793687980171016
2024-07-05,0.04688354665279095
2024-07-06,0.04524186153695423
2024-07-07,0.04385083055711847
2024-07-08,0.04269522509773911
2024-07-09,0.0417131482207445
2024-07-10,0.04082106415079923
2024-07-11,0.039948379352644434
2024-07-12,0.03906207402430727
2024-07-13,0.03819066167845213
2024-07-14,0.03738850028283442
2024-07-15,0.03667766745088849
2024-07-16,0.03605476194353059
2024-07-17,0.03549185935147221
2024-07-18,0.034962419938459714
2024-07-19,0.03445966545712506
2024-07-20,0.03397427515218842
2024-07-21,0.03352666958874058
2024-07-22,0.03312536337374069
2024-07-23,0.03273764155072532
2024-07-24,0.03236896117841454
2024-07-25,0.03203875332977765
2024-07-26,0.03173633826021565
2024-07-27,0.09547251926905874
2024-07-28,0.03124928037794786
2024-07-29,0.031020270569558316
2024-07-30,0.030776397659719026
2024-07-31,0.0305537253713352
2024-08-01,0.02774588871204798
2024-08-02,0.027578147623230097
2024-08-03,0.02741449353158964
2024-08-04,0.027256844588557018
2024-08-05,0.027108789780822592
2024-08-06,0.026964029352529152
2024-08-07,0.026827279994812034
2024-08-08,0.026699745788354566
2024-08-09,0.026581857209297826
2024-08-10,0.026475894773417264
2024-08-11,0.027269353016860953
2024-08-12,0.06404719242539095
2024-08-13,0.029246437543608696
2024-08-14,0.034683395193152444
2024-08-15,0.031191614543692223
2024-08-16,0.026064468190410455
2024-08-17,0.026002349594248495
2024-08-18,0.025946604034384552
2024-08-19,0.025898577373910332
2024-08-20,0.029728640481560906
2024-08-21,0.03835993633641734
2024-08-22,0.0258008234770544
2024-08-23,0.025770408215465782
2024-08-24,0.02574071518124079
2024-08-25,0.025713816142335866
2024-08-26,0.02569165812395464
2024-08-27,0.025673039379319102
2024-08-28,0.025653048450221434
2024-08-29,0.025630754872242267
2024-08-30,0.025609394677131563
2024-08-31,0.02558942371748774
2024-09-01,0.011376407703184648
2024-09-02,0.011367592240265107
2024-09-03,0.011358865849919788
2024-09-04,0.011350942793750362
2024-09-05,0.0113440940939986
2024-09-06,0.011337956723711663
2024-09-07,0.011332427024117606
2024-09-08,0.011327361050967552
2024-09-09,0.011322613223822478
2024-09-10,0.011317940213196069
2024-09-11,0.011313121901772787
2024-09-12,0.011308308461042374
2024-09-13,0.01130388082829525
2024-09-14,0.011299757067191636
2024-09-15,0.011295790926909207
2024-09-16,0.011291836046158917
2024-09-17,0.0112875686823096
2024-09-18,0.01128312060287884
2024-09-19,0.011278910459570343
2024-09-20,0.011274983977938713
2024-09-21,0.01127119814860951
2024-09-22,0.011267455136053709
2024-09-23,0.011263721084663473
2024-09-24,0.011260019175680102
2024-09-25,0.011256458666393722
2024-09-26,0.011253084595563945
2024-09-27,0.011249879560374125
2024-09-28,0.01124670764475919
2024-09-29,0.011243485344364677
2024-09-30,0.011240247336048406
2024-10-01,0.01826523298108054
2024-10-02,0.018639850312157875
2024-10-03,0.018254946376778287
2024-10-04,0.018249761208794055
2024-10-05,0.018244558411038
2024-10-06,0.01823938387611869
2024-10-07,0.018234291149002053
2024-10-08,0.018229299528861015
2024-10-09,0.01935496148152061
2024-10-10,0.01949224214968828
2024-10-11,0.0182146982211523
2024-10-12,0.018209834908849754
2024-10-13,0.018204972616451955
2024-10-14,0.018200109494997074
2024-10-15,0.018195254864192538
2024-10-16,0.018190420361617134
2024-10-17,0.018185602487377852
2024-10-18,0.01818077954953006
2024-10-19,0.018175958807451785
2024-10-20,0.018171143551718814
2024-10-21,0.018166340586138825
2024-10-22,0.06582425200596381
2024-10-23,0.01952612337318031
2024-10-24,0.019860444613136997
2024-10-25,0.018147749224668108
2024-10-26,0.018142994251015464
2024-10-27,0.018138470662213288
2024-10-28,0.018133967561786556
2024-10-29,0.018129468085405834
2024-10-30,0.01812497353924559
2024-10-31,0.020553300568315818
2024-11-01,0.019548003082921605
2024-11-02,0.01908946805087883
2024-11-03,0.019038773399829435
2024-11-04,0.0190340696523924
2024-11-05,0.019029366484302007
2024-11-06,0.019303615105503522
2024-11-07,0.01901996146324838
2024-11-08,0.04393134104573754
2024-11-09,0.020059377892291442
2024-11-10,0.019005876396183518
2024-11-11,0.019001182974493852
2024-11-12,0.018996490666185008
2024-11-13,0.024383467363170073
2024-11-14,0.02924804164064593
2024-11-15,0.019748897744747675
2024-11-16,0.019923831406271866
2024-11-17,0.019769255567945284
2024-11-18,0.06406602708636065
2024-11-19,0.047765182325543575
2024-11-20,0.036374157190390354
2024-11-21,0.05350527826121442
2024-11-22,0.03199028322167012
2024-11-23,0.06972236048490123
2024-11-24,0.03702099260222996
2024-11-25,0.019549478701375893
2024-11-26,0.038471648079527854
2024-11-27,0.07639374083232364
2024-11-28,0.09767775537952073
2024-11-29,0.05492399146246535
2024-11-30,0.03533676819179794
2024-12-01,0.03217146352229799
2024-12-02,0.09191842184489386
2024-12-03,0.13584926165003627
2024-12-04,0.024148460775035144
2024-12-05,0.07999315227309167
2024-12-06,0.05825824003340888
2024-12-07,0.04661407030664181
2024-12-08,0.03427277144777848
2024-12-09,0.036682119853211924
2024-12-10,0.024212407174084367
2024-12-11,0.027526375375843997
2024-12-12,0.042403494085973915
2024-12-13,0.024232553505266777
2024-12-14,0.03523411421963291
2024-12-15,0.040527118137139106
2024-12-16,0.06933630824051465
2024-12-17,0.060492290045931936
2024-12-18,0.08852597558699644
2024-12-19,0.4661490408194384
2024-12-20,0.29873095922500587
2024-12-21,0.025507792283944782
2024-12-22,0.02456944047242574
2024-12-23,0.026035396631448795
2024-12-24,0.02282388577575146
2024-12-25,0.022693738410462242
2024-12-26,0.02651926565872665
2024-12-27,0.023583480679489822
2024-12-28,0.025453696602614522
2024-12-29,0.031140960906056513
2024-12-30,0.022906332067767467
2024-12-31,0.022739234693006306
2025-01-01,0.008192340502714479
2025-01-02,0.008346313358997824
2025-01-03,0.008123367266849469
2025-01-04,0.013194778740599638
2025-01-05,0.025503355501716646
2025-01-06,0.04507749236085673
2025-01-07,0.008546272373621034
2025-01-08,0.008101347960765497
2025-01-09,0.011075998531487068
2025-01-10,0.00812337490103721
2025-01-11,0.008131454414838564
2025-01-12,0.010792006987339642
2025-01-13,0.009393552726776524
2025-01-14,0.011440924304685898
2025-01-15,0.011488392045215194
2025-01-16,0.010235245665463574
2025-01-17,0.013330183344829572
2025-01-18,0.00880646203959146
2025-01-19,0.00939940287276312
2025-01-20,0.011073089229485846
2025-01-21,0.03081041718462141
2025-01-22,0.016483955015948345
2025-01-23,0.00940764944195856
2025-01-24,0.010156961921759309
2025-01-25,0.010650164488475963
2025-01-26,0.011079861431258563
2025-01-27,0.014204378527214083
2025-01-28,0.028265840071077748
2025-01-29,0.026956650805467292
2025-01-30,0.025506263164494995
2025-01-31,0.03511479752047429
2025-02-01,0.029267861702983778
2025-02-02,0.03400835454752731
2025-02-03,0.04868102352926223
2025-02-04,0.06415699382880775
2025-02-05,0.06168947439893527
2025-02-06,0.09103427688660623
2025-02-07,0.06142535920606974
2025-02-08,0.051031500711860564
2025-02-09,0.048770924714695955
2025-02-10,0.07490828666100995
2025-02-11,0.052511475412510764
2025-02-12,0.04310963551533763
2025-02-13,0.04269897333205915
2025-02-14,0.04127385598348061
2025-02-15,0.03985510128303606
2025-02-16,0.03777011670630355
2025-02-17,0.04218288781993892
2025-02-18,0.034831393807604985
2025-02-19,0.034534521616303764
2025-02-20,0.03278115161573164
2025-02-21,0.031808706771377
2025-02-22,0.0314366712367282
2025-02-23,0.02993843504960865
2025-02-24,0.028559364861657655
2025-02-25,0.027705276752708275
2025-02-26,0.026326774291419042
2025-02-27,0.03679025444345483
2025-02-28,0.040716888005084745
2025-03-01,0.04827865674829875
2025-03-02,0.1306413882941115
2025-03-03,0.1359216305150409
2025-03-04,0.09430135537889377
2025-03-05,0.14841494142328024
2025-03-06,0.18159660771107214
2025-03-07,0.22930036421496597
2025-03-08,0.30989105387234844
2025-03-09,0.4031257184596275
2025-03-10,0.5444983603760705
2025-03-11,0.5194547825538508
2025-03-12,0.6316860953462193
2025-03-13,0.9964639612758444
2025-03-14,1.2215075226208645
2025-03-15,1.3076710854748965
2025-03-16,1.1061242643045284
2025-03-17,0.7586945122026795
2025-03-18,0.4977172707108909
2025-03-19,0.5019092057538505
2025-03-20,0.7138002749315752
2025-03-21,0.6238882445170184
2025-03-22,0.41210266786214833
2025-03-23,0.3369835798241288
2025-03-24,0.31834668288485574
2025-03-25,0.3114012463509548
2025-03-26,0.299217643190536
2025-03-27,0.28488767681634486
2025-03-28,0.29462458776458456
2025-03-29,0.25464470543195933
2025-03-30,0.24964044104763417
2025-03-31,0.25101574666593296
2025-04-01,0.26914464431365215
2025-04-02,0.38384720195470706
2025-04-03,0.5234181728733688
2025-04-04,0.6191608009964891
2025-04-05,0.674788345575213
2025-04-06,0.5674167290540929
2025-04-07,0.5340055492046728
2025-04-08,0.4973169804755063
2025-04-09,0.4934387416998002
2025-04-10,0.5834790982620456
2025-04-11,0.9814765972169115
2025-04-12,1.3989842842318043
2025-04-13,1.742111242997861
2025-04-14,1.7492514436217899
2025-04-15,1.4058023125813432
2025-04-16,1.2690125726278465
2025-04-17,1.2388215590508616
2025-04-18,1.3702248648345572
2025-04-19,0.7739695191771354
2025-04-20,0.7737424174119171
2025-04-21,0.9084394715198976
2025-04-22,0.7754043623124891
2025-04-23,0.791079398730173
2025-04-24,0.8437663658780606
2025-04-25,0.7309545076100044
2025-04-26,0.7476006153827838
2025-04-27,0.6568391818419769
2025-04-28,0.6233767179915306
2025-04-29,0.6183863244166865
2025-04-30,0.6812855045514715
2025-05-01,0.9339655002699975
2025-05-02,1.0893918173943862
2025-05-03,1.378429081539244
2025-05-04,1.1241059729016067
2025-05-05,1.4311345448934953
2025-05-06,1.0832023620677893
2025-05-07,0.8950081783346294
2025-05-08,0.875372862859704
2025-05-09,0.8459490399612608
2025-05-10,0.8086422871345692
2025-05-11,0.8512060895744229
2025-05-12,0.7705057222817567
2025-05-13,0.8820362869773581
2025-05-14,0.6936282658297198
2025-05-15,0.9719426834514145
2025-05-16,1.2307447345226257
2025-05-17,1.2343835171176272
2025-05-18,1.3657082041040716
2025-05-19,1.8554695555950664
2025-05-20,2.7346569061141848
2025-05-21,3.7978831364351677
2025-05-22,4.91043607956957
2025-05-23,5.916231970014733
2025-05-24,9.38771266804367
2025-05-25,12.088478631259152
2025-05-26,13.292116315597239
2025-05-27,10.827979845312155
2025-05-28,11.423876943706846
2025-05-29,9.211304056980989
2025-05-30,8.643536060703006
2025-05-31,9.39897224513018
2025-06-01,8.209839339315868
2025-06-02,7.486621064275076
2025-06-03,4.7959876674022
2025-06-04,3.1662853786841647
2025-06-05,2.939938170728302
2025-06-06,3.4279886229128156
2025-06-07,3.3518614972683998
2025-06-08,3.3201544491933555
2025-06-09,3.0150086392901523
2025-06-10,2.627378793056166
2025-06-11,2.1552633470911773
2025-06-12,1.862584848679251
2025-06-13,1.9013952093347781
2025-06-14,1.4637256955540439
2025-06-15,1.186329940282973
2025-06-16,1.1318621306866157
2025-06-17,1.089701561962466
2025-06-18,1.0096398081027966
2025-06-19,0.9398745674162841
2025-06-20,0.9152780381077509
2025-06-21,0.8389026835995512
2025-06-22,0.747034299179858
2025-06-23,0.681270292734862
2025-06-24,0.62279239266342
2025-06-25,0.584130361131824
2025-06-26,0.5474996468845404
2025-06-27,0.420426161550805
2025-06-28,0.306921959359687
2025-06-29,0.24701144869566893
2025-06-30,0.20423089033693723
2025-07-01,0.6274697489179005
2025-07-02,0.5468660182381421
2025-07-03,0.5025964448269524
2025-07-04,0.4539470685201297
2025-07-05,0.3605459707536613
2025-07-06,0.31588716937730055
2025-07-07,0.28102664665176946
2025-07-08,0.24741893407977447
2025-07-09,0.21915108956513896
2025-07-10,0.19559041159091098
2025-07-11,0.17746332109900184
2025-07-12,0.15786946640862806
2025-07-13,0.1338147639797564
2025-07-14,0.11703601116678845
2025-07-15,0.10608237904605379
2025-07-16,0.09955021414331289
2025-07-17,0.08939432958934061
2025-07-18,0.08158239885129415
2025-07-19,0.07374707205090075
2025-07-20,0.06909266781874218
2025-07-21,0.09294478010030276
2025-07-22,0.06050388386335372
2025-07-23,0.05805705565646793
2025-07-24,0.05796879682628347
2025-07-25,0.05408341949272924
2025-07-26,0.052523011767140304
2025-07-27,0.051142526655567934
2025-07-28,0.04983572024532436
2025-07-29,0.048587484408948584
2025-07-30,0.04742380504514319
2025-07-31,0.04624009132663893
2025-08-01,0.041183407015685417
2025-08-02,0.04016367519806535
2025-08-03,0.03919675238224949
2025-08-04,0.03825978949611974
2025-08-05,0.037342936583984486
2025-08-06,0.044034973154503596
2025-08-07,0.03633229434913756
2025-08-08,0.050713523539809645
2025-08-09,0.08115588234959585
2025-08-10,0.059830906095388284
2025-08-11,0.03373707030686203
2025-08-12,0.034204031316928944
2025-08-13,0.03263362143366621
2025-08-14,0.04023420371188301
2025-08-15,0.031637749986657505
2025-08-16,0.03366173830182933
2025-08-17,0.04591353734331466
2025-08-18,0.09444203169523317
2025-08-19,0.04174553088786891
2025-08-20,0.04489585070554711
2025-08-21,0.029765808193377836
2025-08-22,0.02947901798886564
2025-08-23,0.029227360826705476
2025-08-24,0.028976780091122614
2025-08-25,0.028727436557851944
2025-08-26,0.028507207811550885
2025-08-27,0.028318664686245238
2025-08-28,0.02814595583316595
2025-08-29,0.02796878913420744
2025-08-30,0.027780438022107237
2025-08-31,0.027592340492974723
2025-09-01,0.0122009074218341
2025-09-02,0.012133097607168061
2025-09-03,0.012067600476491568
2025-09-04,0.012007647928291764
2025-09-05,0.011956742328432702
2025-09-06,0.011912989457780325
2025-09-07,0.011872141897328294
2025-09-08,0.011834867660453021
2025-09-09,0.011800458519631199
2025-09-10,0.0117682387179946
2025-09-11,0.011741194476940608
2025-09-12,0.0117197910038158
2025-09-13,0.011713402974646743
2025-09-14,0.011684851813444724
2025-09-15,0.2324806117556613
2025-09-16,0.5795628188877288
2025-09-17,0.08582120810437159
2025-09-18,0.22053334157139975
2025-09-19,0.03853965658298181
2025-09-20,0.020345182921243064
2025-09-21,0.054751116987662746
2025-09-22,0.17144451458322682
2025-09-23,0.1565516264654618
2025-09-24,0.011903941176248104
2025-09-25,0.011968564840074778
2025-09-26,0.012002361972281942
2025-09-27,0.012009257766129051
2025-09-28,0.01200025270915534
2025-09-29,0.01197878980676063
2025-09-30,0.10441815157659111
2025-10-01,0.02153481612188556
2025-10-02,0.13980512180017296
2025-10-03,0.15690070273397733
2025-10-04,0.01942438663388653
2025-10-05,0.02266970175610238
2025-10-06,0.019444558202396697
2025-10-07,0.02290592661782331
2025-10-08,0.019466133882365982
2025-10-09,0.020735245443615956
2025-10-10,0.01945444602931318
2025-10-11,0.019435498030761812
2025-10-12,0.019419652684213286
2025-10-13,0.019405468014525303
2025-10-14,0.019380836931612282
2025-10-15,0.019340369151840925
2025-10-16,0.019293798569454866
2025-10-17,0.0192468045955176
2025-10-18,0.01920573694179049
2025-10-19,0.01917004341740072
2025-10-20,0.06393997578636137
2025-10-21,0.9872680036175885
2025-10-22,0.038702184929866226
2025-10-23,0.019316671804500248
2025-10-24,0.019401338487334437
2025-10-25,0.01947926676719592
2025-10-26,0.033894056800155774
2025-10-27,0.019585006376773195
2025-10-28,0.01960529734691698
2025-10-29,0.5145383349843253
2025-10-30,0.037606862162913646
2025-10-31,0.02733823364946541
2025-11-01,0.020881295979643496
2025-11-02,0.020894462518022183
2025-11-03,0.020942379134141327
2025-11-04,0.020991879651507582
2025-11-05,0.02712464283316395
2025-11-06,0.04340551536208933
2025-11-07,0.419885295337656
2025-11-08,0.04111937701167517
2025-11-09,0.03510284128287823
2025-11-10,0.06567410414171074
2025-11-11,0.07690130360469659
2025-11-12,0.0595645403747707
2025-11-13,0.122889994408654
2025-11-14,1.8382369198705146
2025-11-15,0.9566397109844811
2025-11-16,0.13368287898319423
2025-11-17,0.15850324123353707
2025-11-18,0.3799980201682682
2025-11-19,0.06723143480615268
2025-11-20,0.08920947628641916
2025-11-21,0.10546528543330783
2025-11-22,0.2602410712342485
2025-11-23,0.08867442326850894
2025-11-24,0.10034996680109952
2025-11-25,0.08865213241491245
2025-11-26,0.12808986616818002
2025-11-27,0.15428191749087486
2025-11-28,0.17045897518874592
2025-11-29,0.3086861622520003
2025-11-30,0.41459285491329917
2025-12-01,0.03771316073672819
2025-12-02,0.035685843879849154
2025-12-03,0.03420473875571079
2025-12-04,0.03600463337569729
2025-12-05,0.041631796432665395
2025-12-06,0.04839718994072139
2025-12-07,0.0670227131976251
2025-12-08,0.054828720690728375
2025-12-09,0.08589243472525591
2025-12-10,0.13335182604382753
2025-12-11,0.08983908520486157
2025-12-12,0.04756237069705305
2025-12-13,0.04357573416347285
2025-12-14,0.06342473194191837
2025-12-15,0.07007975263062083
2025-12-16,0.07788873461385395
2025-12-17,0.05919767885416645
2025-12-18,0.04049031494682421
2025-12-19,0.04614114069350479
2025-12-20,0.09136642230889547
2025-12-21,0.05318781329550848
2025-12-22,0.04643865395476171
2025-12-23,0.04085933682679137
2025-12-24,0.03929231648043887
2025-12-25,0.06910454577131576
2025-12-26,0.04084160416483064
2025-12-27,0.035845789351435314
2025-12-28,0.03617094230524031
2025-12-29,0.039030285207173616
2025-12-30,0.054086739185211875
2025-12-31,0.38851079349388584
2026-01-01,0.2869680424990585
2026-01-02,0.10378942543936945
2026-01-03,0.6822694017276724
2026-01-04,1.5023397509160192
2026-01-05,0.5907286620078886
2026-01-06,0.3420754958853231
2026-01-07,0.7280118118320894
2026-01-08,1.476010209948745
2026-01-09,0.5365474503167075
2026-01-10,0.5256863187429087
2026-01-11,0.5275733818915777
2026-01-12,0.4862625592448641
2026-01-13,0.4658631735783707
2026-01-14,0.4401669523535197
2026-01-15,0.4612877376190638
2026-01-16,1.0233435710875078
2026-01-17,1.0485921445920088
2026-01-18,1.0774628447813654
2026-01-19,0.8212140979635991
2026-01-20,0.5770431388996946
2026-01-21,0.5847097431046604
2026-01-22,0.604919544943882
2026-01-23,1.4512616200258301
2026-01-24,2.795569253154317
2026-01-25,4.759261103213548
2026-01-26,0.9364451520220878
2026-01-27,0.7025962483825552
2026-01-28,0.7976079123916577
2026-01-29,1.0177605388176827
2026-01-30,0.7460135273992216
2026-01-31,0.7011892365040777
2026-02-01,0.6635064380475885
2026-02-02,0.7745758973358965
2026-02-03,0.605990538097982
2026-02-04,0.5964867141296945
2026-02-05,0.7623410441130827
2026-02-06,1.325607802550375
2026-02-07,0.9338368064831194
2026-02-08,0.6025286322499208
2026-02-09,0.6005597573600403
2026-02-10,0.7192758151478685
2026-02-11,0.5949289680124265
2026-02-12,0.5630251860392678
2026-02-13,0.5397734348770531
2026-02-14,0.5254053981813692
2026-02-15,0.5205747007618297
2026-02-16,0.49496407675769605
2026-02-17,0.46390506095803363
2026-02-18,0.4237773499235641
2026-02-19,0.39275665967942186
2026-02-20,0.36520224879693464
2026-02-21,0.36343563400764345
2026-02-22,0.3197283842399423
2026-02-23,0.30212901665621306
2026-02-24,0.30927229273343526
2026-02-25,0.3559256774481998
2026-02-26,0.5026453847002628
2026-02-27,0.5793528954391237
2026-02-28,0.7282736421396161
2026-03-01,0.6425494240757367
2026-03-02,0.8177090705496196
2026-03-03,0.6021485382451982
2026-03-04,0.5590074165425479
2026-03-05,0.5770443012559483
2026-03-06,0.5607569524152799
2026-03-07,0.6917751858578833
2026-03-08,0.7988113231486365
2026-03-09,0.5953873582695076
2026-03-10,0.6122201918581509
2026-03-11,0.5948903433444376
2026-03-12,0.5929228003669134
2026-03-13,0.6231896784894465
2026-03-14,0.518600007286642
2026-03-15,0.5098409061297705
2026-03-16,0.5101437358253511
2026-03-17,0.45937191639285097
2026-03-18,0.4536087946133201
2026-03-19,0.5112569485198527
2026-03-20,0.551209574629047
2026-03-21,0.45419576505973436
2026-03-22,0.6162336738983396
2026-03-23,1.1331569466709777
2026-03-24,0.9993660699156912
2026-03-25,0.8812649243159338
2026-03-26,0.8155337203757315
2026-03-27,0.7859020640758727
2026-03-28,0.7702752413826933
2026-03-29,0.9351224437953887
2026-03-30,1.374974968225519
2026-03-31,2.2456009651438804
2026-04-01,2.7172638222930146
2026-04-02,4.103593162357493
2026-04-03,6.667564910817678
2026-04-04,7.501305948465874
2026-04-05,7.199353062856017
2026-04-06,6.176436297399162
2026-04-07,5.3364548020005795
2026-04-08,4.93117630873713
2026-04-09,2.451630911390606
2026-04-10,2.25291023334841
2026-04-11,3.353008883833814
2026-04-12,2.6957837549723127
2026-04-13,2.3449849575418744
2026-04-14,2.4491810521412067
2026-04-15,2.414664276356958
2026-04-16,2.9699226134156422
2026-04-17,4.72192379170654
2026-04-18,5.948990016860095
2026-04-19,6.6775631257623385
2026-04-20,7.214651850808216
2026-04-21,3.042496708617793
2026-04-22,2.3039642110912615
2026-04-23,2.259712793781003
2026-04-24,2.4069483846892745
2026-04-25,2.681074132486851
2026-04-26,2.8725308935472107
2026-04-27,3.2969782832713173
2026-04-28,3.94944770377449
2026-04-29,2.5245104593431513
2026-04-30,2.4839872449866527
2026-05-01,2.9378185597633824
2026-05-02,3.3593835534885015
2026-05-03,4.589891165448559
2026-05-04,4.645192392564993
2026-05-05,4.773283807300777
2026-05-06,5.318447077338063
2026-05-07,5.634303961929763
2026-05-08,4.483716365756575
2026-05-09,4.129507387107536
2026-05-10,4.998966163133699
2026-05-11,7.171442384307172
2026-05-12,9.724137800504343
2026-05-13,9.353859558382513
2026-05-14,8.005503138177843
2026-05-15,8.268938764960861
2026-05-16,8.45916411353975
2026-05-17,6.833680186715444
2026-05-18,5.688023418050113
2026-05-19,4.661881846489423
2026-05-20,3.7837863023677527
2026-05-21,1.8428874503833153
2026-05-22,1.7969223972805028
2026-05-23,1.864693087447029
2026-05-24,1.591243668553251
2026-05-25,1.5286470702138577
2026-05-26,1.4783466960253442
2026-05-27,1.4662938078478196
2026-05-28,1.370193392801186
2026-05-29,1.3980200200457387
2026-05-30,1.6107785874660874
2026-05-31,2.0329339526389325
2026-06-01,2.2456687721543225
2026-06-02,2.628225654872841
2026-06-03,2.608732959330295
2026-06-04,2.357462868451612
2026-06-05,2.0368480810120935
2026-06-06,1.7926670650243077
2026-06-07,1.350254471280221
2026-06-08,1.206672627632236
2026-06-09,0.9966996539708487
2026-06-10,0.6804446559937212
2026-06-11,0.6758495207076232
2026-06-12,0.623204446017728
2026-06-13,0.6296600508339981
2026-06-14,0.601115846470719
2026-06-15,0.6224153397077278
2026-06-16,0.6357676543495238
2026-06-17,0.6103136524565336
2026-06-18,0.6220842716149684
2026-06-19,0.4652860091868627
2026-06-20,0.32133043360397
2026-06-21,0.30275973306275844
2026-06-22,0.2782696545053301
2026-06-23,0.20453829959582814
2026-06-24,0.177783401737586
2026-06-25,0.157913319430063
2026-06-26,0.14004288567029666
2026-06-27,0.12645851785718862
2026-06-28,0.10709284795266616
2026-06-29,0.09283217470766324
2026-06-30,0.0829952970245314
2026-07-01,0.27028650208259924
2026-07-02,0.22171985393589996
2026-07-03,0.16116727499181216
2026-07-04,0.14448567816459934
2026-07-05,0.12900791954419746
2026-07-06,0.11411643124632528
2026-07-07,0.10683600874421849
2026-07-08,0.10237021315236201
2026-07-09,0.09437011267281438
2026-07-10,0.08572367764111306
2026-07-11,0.07886400204013082
2026-07-12,0.0750555318492549
2026-07-13,0.0720610483131693
2026-07-14,0.07977424467796868
2026-07-15,0.0561784718620311
2026-07-16,0.05555023180197199
2026-07-17,0.05204774424144667
2026-07-18,0.050178091862534774
2026-07-19,0.056149484624028925
2026-07-20,0.05799989859510266
2026-07-21,0.047519502623889376
2026-07-22,0.04290646423128135
2026-07-23,0.04150354137387109
2026-07-24,0.04031544894176351
2026-07-25,0.039291225810284165
2026-07-26,0.038357658883563815
2026-07-27,0.03751058731874965
2026-07-28,0.03671688272232163
2026-07-29,0.03598402988757013
2026-07-30,0.035317819742907396
2026-07-31,0.0347800277712666
2026-08-01,0.031254577547638294
2026-08-02,0.030823002974191074
2026-08-03,0.0304262581486049
2026-08-04,0.030050946641087397
2026-08-05,0.029712112740820282
2026-08-06,0.029414378715703317
2026-08-07,0.02913401073831696
2026-08-08,0.028858733871856876
2026-08-09,0.0343494069547617
2026-08-10,0.028379098815428046
2026-08-11,0.03194285796387256
2026-08-12,0.02795865867119221
2026-08-13,0.027758710799094442
2026-08-14,0.02757647554795279
2026-08-15,0.02741048431951055
2026-08-16,0.027257682651517123
2026-08-17,0.027111154593937394
2026-08-18,0.07694658323113557
2026-08-19,0.026857081217360763
2026-08-20,0.04380830083681724
2026-08-21,0.02663463708620413
2026-08-22,0.026633616479035435
2026-08-23,0.02643870645511151
2026-08-24,0.08122417752236717
2026-08-25,0.03800296573637361
2026-08-26,0.03426142296978997
2026-08-27,0.02623913488554008
2026-08-28,0.02618037576143318
2026-08-29,0.02612059423113324
2026-08-30,0.04494285731076158
2026-08-31,0.0569343371125079
2026-09-01,0.10533241837499992
2026-09-02,0.02162729545452441
2026-09-03,0.01155928094104971
2026-09-04,0.01154105527748233
2026-09-05,0.011522242485854985
2026-09-06,0.015066492674615137
2026-09-07,0.13248724032936895
2026-09-08,0.0749705010475616
2026-09-09,0.11452884632381492
2026-09-10,0.10263260955911588
2026-09-11,0.011492686894492284
2026-09-12,0.0118526747259723
2026-09-13,0.011505965947183786
2026-09-14,0.011501467441942265
2026-09-15,0.011490405058224261
2026-09-16,0.10391418794290781
2026-09-17,0.02323221602751824
2026-09-18,0.04357633028113192
2026-09-19,0.01280172505079258
2026-09-20,0.011475805355298086
2026-09-21,0.01147711587593066
2026-09-22,0.011479475494941408
2026-09-23,1.2063350396683354
2026-09-24,0.2736130957433988
2026-09-25,0.3182257970548278
2026-09-26,0.6015609012155749
2026-09-27,0.7744210351304803
2026-09-28,0.4337332765936748
2026-09-29,0.11109892354896989
2026-09-30,0.016550304039055354
2026-10-01,0.02515433976599956
2026-10-02,0.025155050776671885
2026-10-03,0.02505630086869902
2026-10-04,0.024871098600186537
2026-10-05,0.024632344356721753
2026-10-06,0.024389028507885758
2026-10-07,0.024158308672091833
2026-10-08,0.023928969125710083
2026-10-09,0.023711312699163795
2026-10-10,0.023557351820065436
2026-10-11,0.027168849305008996
2026-10-12,0.02342061785232092
2026-10-13,0.0233283851286766
2026-10-14,0.023213507285807913
2026-10-15,0.023075053824338238
2026-10-16,0.022911677340092498
2026-10-17,0.02272924880963133
2026-10-18,0.022527072071427918
2026-10-19,0.0223267408097366
2026-10-20,0.022157042996616024
2026-10-21,0.02203300622071152
2026-10-22,0.02195266913763117
2026-10-23,0.02186474425099661
2026-10-24,0.021753892436596613
2026-10-25,0.021628110293825383
2026-10-26,0.02149972794240633
2026-10-27,0.021403042709274404
2026-10-28,0.02169351121127619
2026-10-29,1.4888696636921845
2026-10-30,0.7693330634319936
2026-10-31,0.25997079602047507
2026-11-01,0.05637525043336033
2026-11-02,0.06741660397291485
2026-11-03,0.17632863055956619
2026-11-04,0.13865578580093244
2026-11-05,0.0965749432601114
2026-11-06,0.034179986983466505
2026-11-07,0.029063412893141304
2026-11-08,0.03650744448574027
2026-11-09,0.1388121841816802
2026-11-10,0.11359972468580862
2026-11-11,0.03641191744843113
2026-11-12,0.05986848079204649
2026-11-13,2.2240802101220294
2026-11-14,0.8417427915415706
2026-11-15,0.6486581188642547
2026-11-16,0.24106695097376163
2026-11-17,0.04454049438004096
2026-11-18,0.04440337552576311
2026-11-19,0.054554429902192524
2026-11-20,0.08551416068382453
2026-11-21,0.13503987433470588
2026-11-22,0.15301156949783887
2026-11-23,0.10523374192287073
2026-11-24,0.18121806149591407
2026-11-25,0.04964077319169452
2026-11-26,0.09180079160416561
2026-11-27,0.3722509647311132
2026-11-28,0.1116209692733406
2026-11-29,0.046515292976040915
2026-11-30,0.5140139036648846
2026-12-01,3.7831074734813273
2026-12-02,2.975645375036113
2026-12-03,0.21878414005205493
2026-12-04,0.06919248375686028
2026-12-05,0.2310195867291533
2026-12-06,0.18816457661022415
2026-12-07,0.15098673874708227
2026-12-08,0.2730845099778088
2026-12-09,1.1022077930811205
2026-12-10,0.8271981482745967
2026-12-11,1.2084289813778053
2026-12-12,1.7625273844063132
2026-12-13,0.4059776233808695
2026-12-14,0.382848302459724
2026-12-15,0.46703810518340694
2026-12-16,0.6437259721927996
2026-12-17,0.44049940438902196
2026-12-18,0.4908371352385896
2026-12-19,0.5948665448145788
2026-12-20,0.5708327717766113
2026-12-21,0.7529105835208817
2026-12-22,0.6957813347047861
2026-12-23,0.5536032585089462
2026-12-24,0.7790307821785903
2026-12-25,0.7861272402119344
2026-12-26,0.7502089157451057
2026-12-27,0.7668191707929826
2026-12-28,0.7584284241131833
2026-12-29,0.7563647348718069
2026-12-30,0.7294837548566534
2026-12-31,0.7097923410599587
2027-01-01,0.25435200130056895
2027-01-02,0.2506961004172488
2027-01-03,0.2399488284373163
2027-01-04,0.2393775378271956
2027-01-05,0.24002193659488588
2027-01-06,0.3506088547432584
2027-01-07,0.3088368342602698
2027-01-08,0.2710409977750833
2027-01-09,0.2761545937124779
2027-01-10,0.2672932497487212
2027-01-11,0.26572249846087836
2027-01-12,0.26609575206160113
2027-01-13,0.2589962590459576
2027-01-14,0.25310353325118196
2027-01-15,0.40532854879491814
2027-01-16,0.2883222103053747
2027-01-17,0.282811527336973
2027-01-18,0.28024285837040874
2027-01-19,0.2718965402471788
2027-01-20,0.260548012471756
2027-01-21,0.24934000152378843
2027-01-22,0.23736780089294401
2027-01-23,0.23218733723163845
2027-01-24,0.21694501056975005
2027-01-25,0.20681307249698966
2027-01-26,0.19738043032090238
2027-01-27,0.18881710113038402
2027-01-28,0.18148925674161595
2027-01-29,0.17332311657018704
2027-01-30,0.1730063942890854
2027-01-31,0.1874857543728886
2027-02-01,0.2921623760087401
2027-02-02,1.2259028725512797
2027-02-03,0.43900290224375926
2027-02-04,0.3336392987653205
2027-02-05,0.33936772384288283
2027-02-06,0.43815634848673113
2027-02-07,0.4423596026975102
2027-02-08,0.3359046332223974
2027-02-09,0.32821891431008543
2027-02-10,0.3339166093584071
2027-02-11,0.3315487024072576
2027-02-12,0.3034815727632105
2027-02-13,0.28670251797312907
2027-02-14,0.27715054997563005
2027-02-15,0.26739207195357656
2027-02-16,0.2528829190549535
2027-02-17,0.24448420558164816
2027-02-18,0.23426868295231518
2027-02-19,0.24821812967605286
2027-02-20,0.24728191634265265
2027-02-21,0.25592017472564116
2027-02-22,0.5208138942221315
2027-02-23,0.41811797892108593
2027-02-24,1.077310317747704
2027-02-25,0.9010876235322297
2027-02-26,0.6838809391100042
2027-02-27,1.1706458295944622
2027-02-28,0.77572737081015
2027-03-01,0.6337270500576025
2027-03-02,1.1968827372352138
2027-03-03,0.5813030579469455
2027-03-04,0.5938325083823118
2027-03-05,0.5642246600432864
2027-03-06,0.555773750325064
2027-03-07,0.5852892251644515
2027-03-08,0.6452930132469421
2027-03-09,0.7281557362333798
2027-03-10,0.9079274556150596
2027-03-11,1.5704399490135463
2027-03-12,0.6583677967152193
2027-03-13,0.6705627324145893
2027-03-14,0.7265498729363629
2027-03-15,0.7065676351460677
2027-03-16,0.8556938260419437
2027-03-17,1.156681956243666
2027-03-18,0.6713900094139149
2027-03-19,0.708690862775695
2027-03-20,0.7241622752725583
2027-03-21,0.7850999423993158
2027-03-22,0.8897491412056513
2027-03-23,1.0073532424962932
2027-03-24,0.8909426926215389
2027-03-25,0.7875262199666502
2027-03-26,0.7767007505912363
2027-03-27,0.7190782450890927
2027-03-28,0.7504116617416116
2027-03-29,0.680629416227818
2027-03-30,0.6496500360347925
2027-03-31,0.6279041058346132
2027-04-01,0.7677139373307259
2027-04-02,0.9223160522073899
2027-04-03,1.067733461940526
2027-04-04,1.1161717966359475
2027-04-05,1.370992078584147
2027-04-06,1.8896509256260898
2027-04-07,6.582257828734209
2027-04-08,3.825004851863779
2027-04-09,1.5223692780113038
2027-04-10,1.3950412799756775
2027-04-11,1.413881350061201
2027-04-12,1.3779009946352565
2027-04-13,1.320863167750922
2027-04-14,1.2871656676546128
2027-04-15,1.2837318216443974
2027-04-16,1.2883728444246405
2027-04-17,1.3089054852872326
2027-04-18,1.300314391923934
2027-04-19,1.1432866975896903
2027-04-20,1.091113465375734
2027-04-21,1.1345195430337593
2027-04-22,1.187111798970025
2027-04-23,1.1158250691357159
2027-04-24,1.1962243510907302
2027-04-25,1.105642424231689
2027-04-26,1.1345611867748842
2027-04-27,1.0833705564643037
2027-04-28,0.9691657560555813
2027-04-29,0.918939468685703
2027-04-30,1.0275148778317804
2027-05-01,0.9655752484523952
2027-05-02,0.9355251462281597
2027-05-03,1.1874528111535863
2027-05-04,1.3477141075588532
2027-05-05,1.412121881753761
2027-05-06,2.197954595400276
2027-05-07,4.953739024120052
2027-05-08,6.79863977697196
2027-05-09,8.784229007711406
2027-05-10,8.141354202294563
2027-05-11,6.540431942623511
2027-05-12,6.125849598062564
2027-05-13,6.141134423805902
2027-05-14,2.7213054852457588
2027-05-15,2.386004607831332
2027-05-16,2.237682951184916
2027-05-17,2.5808519159495598
2027-05-18,3.1101963633055734
2027-05-19,3.481433676709439
2027-05-20,3.9100514400869706
2027-05-21,2.3050913504013275
2027-05-22,2.417357944661469
2027-05-23,2.562267127633644
2027-05-24,3.1646776927900433
2027-05-25,5.276487315270206
2027-05-26,8.00669263949043
2027-05-27,7.335813536243082
2027-05-28,8.323805471462158
2027-05-29,9.499857314464629
2027-05-30,7.589754393654773
2027-05-31,8.0344045534536
2027-06-01,7.454280576989543
2027-06-02,8.638647603872775
2027-06-03,6.825677942867
2027-06-04,7.893274497444756
2027-06-05,9.91327375625233
2027-06-06,5.530661358853019
2027-06-07,5.482660056478845
2027-06-08,6.08005008262784
2027-06-09,9.747033680501742
2027-06-10,11.791073153351292
2027-06-11,15.007714857935106
2027-06-12,14.100417170644464
2027-06-13,14.430185755967635
2027-06-14,11.846715877383236
2027-06-15,8.112194610618793
2027-06-16,8.131765589183022
2027-06-17,7.590260612153931
2027-06-18,7.283360103783157
2027-06-19,7.6528931378270295
2027-06-20,9.222298001859139
2027-06-21,7.246411583474391
2027-06-22,6.564054841482578
2027-06-23,4.08317777011023
2027-06-24,4.711060366162215
2027-06-25,5.680956055121442
2027-06-26,5.818225450801528
2027-06-27,5.98135917276803
2027-06-28,5.59495114613155
2027-06-29,5.002115736110207
2027-06-30,4.471622896377903
2027-07-01,14.41531546676113
2027-07-02,12.39074163330719
2027-07-03,11.358569033919736
2027-07-04,9.711141739560432
2027-07-05,7.800931401325508
2027-07-06,5.546075269555604
2027-07-07,5.604429960799105
2027-07-08,5.583465890710232
2027-07-09,5.090386948613781
2027-07-10,5.320789636553977
2027-07-11,4.590873361486052
2027-07-12,3.0834533417168966
2027-07-13,3.2014187339328113
2027-07-14,3.2544728078749836
2027-07-15,3.047054478535005
2027-07-16,2.8233596658485554
2027-07-17,2.570232782969902
2027-07-18,2.459626229429824
2027-07-19,2.3255917225645133
2027-07-20,2.294371863505169
2027-07-21,2.2756996136520695
2027-07-22,2.19981939461405
2027-07-23,1.8316673819849287
2027-07-24,1.6905507079678532
2027-07-25,1.6718609753533242
2027-07-26,1.7710637856001608
2027-07-27,1.837976468409732
2027-07-28,1.7771982904738108
2027-07-29,1.7203004068719916
2027-07-30,0.9129610460101825
2027-07-31,0.795800154441698
2027-08-01,0.6780078721648275
2027-08-02,0.543476059379448
2027-08-03,0.47712368028696683
2027-08-04,0.4287121836339004
2027-08-05,0.3959061354491953
2027-08-06,0.36238197487770435
2027-08-07,0.26661560297298653
2027-08-08,0.230212666849532
2027-08-09,0.20430710473561345
2027-08-10,0.18263756803868036
2027-08-11,0.16212846327363592
2027-08-12,0.14174452414641253
2027-08-13,0.12448652419779553
2027-08-14,0.10897852308418686
2027-08-15,0.09616564793756188
2027-08-16,0.09446685613144129
2027-08-17,0.07622404275757808
2027-08-18,0.07044985181865111
2027-08-19,0.06526922824239809
2027-08-20,0.06410736051605932
2027-08-21,0.06285365880347779
2027-08-22,0.050844009611640296
2027-08-23,0.047146139645523555
2027-08-24,0.04561792672864795
2027-08-25,0.044333074054294846
2027-08-26,0.04298580436992458
2027-08-27,0.04142254658132886
2027-08-28,0.04000159310175614
2027-08-29,0.0387415608980974
2027-08-30,0.0376866821198075
2027-08-31,0.03951710893721319
2027-09-01,0.016076064867618818
2027-09-02,0.015774841628290456
2027-09-03,0.015539701848540968
2027-09-04,0.01533110338556067
2027-09-05,0.015106597374872997
2027-09-06,0.014867106511033786
2027-09-07,0.0146266482497021
2027-09-08,0.0143966083908727
2027-09-09,0.014187682116251253
2027-09-10,0.014009881386192883
2027-09-11,0.013872871780052632
2027-09-12,0.027537719886223375
2027-09-13,0.013724727030906363
2027-09-14,0.013648783840322773
2027-09-15,0.013557537148742005
2027-09-16,0.013450373267173516
2027-09-17,0.01334884106738137
2027-09-18,0.013258142803441324
2027-09-19,0.013171251320510806
2027-09-20,0.013085739480894363
2027-09-21,0.013001060222966735
2027-09-22,0.012925526705877339
2027-09-23,0.012871465090854711
2027-09-24,0.012831524545443956
2027-09-25,0.05721362025532989
2027-09-26,0.01276337942246114
2027-09-27,0.01271286738859689
2027-09-28,0.012653629379115525
2027-09-29,0.01258758248318833
2027-09-30,0.012520421035634248
2027-10-01,0.020254431826007915
2027-10-02,0.020182235836264186
2027-10-03,0.0695004977158863
2027-10-04,0.02841404072732473
2027-10-05,0.02011063665358172
2027-10-06,0.02008812592263067
2027-10-07,0.02005049026067446
2027-10-08,0.019998432437067504
2027-10-09,0.019943423917938605
2027-10-10,0.019937773944549503
2027-10-11,0.019886990876955307
2027-10-12,0.019843617328746597
2027-10-13,0.019816147582779255
2027-10-14,0.019781489261083737
2027-10-15,0.019733632341540193
2027-10-16,0.01968627803054803
2027-10-17,0.38672082776651445
2027-10-18,0.39563409073568834
2027-10-19,0.02828472300274064
2027-10-20,0.01959836898115754
2027-10-21,0.01994278252649697
2027-10-22,0.019544974919993432
2027-10-23,0.019522492796634913
2027-10-24,0.01950408899799679
2027-10-25,0.019482121934434396
2027-10-26,0.019452957446398148
2027-10-27,0.019422503618951547
2027-10-28,0.019393996885970547
2027-10-29,0.019368276902513307
2027-10-30,0.019342197388484094
2027-10-31,0.019312234662320984
2027-11-01,0.02027631271530033
2027-11-02,0.020250783849306127
2027-11-03,0.02035477242931833
2027-11-04,0.020207501587415896
2027-11-05,0.020185088475503724
2027-11-06,0.020567324351786636
2027-11-07,0.02015315176420541
2027-11-08,0.02014476250712812
2027-11-09,0.10594773208584202
2027-11-10,0.0334985596339316
2027-11-11,0.1525045863331532
2027-11-12,0.318160331045553
2027-11-13,0.31550286201856387
2027-11-14,0.2091847791642797
2027-11-15,0.20816668924753165
2027-11-16,0.1484041841652177
2027-11-17,0.6912164248007854
2027-11-18,0.8168454277084484
2027-11-19,0.3044325220509091
2027-11-20,0.11293174406587307
2027-11-21,0.07789830477321057
2027-11-22,0.13563095060824157
2027-11-23,0.4386379610412781
2027-11-24,0.1361236533678812
2027-11-25,0.7713305789761283
2027-11-26,0.1412131551945198
2027-11-27,0.29192272705342
2027-11-28,0.5805790660065491
2027-11-29,0.26038953033005985
2027-11-30,0.05426006698403525
2027-12-01,0.46699059056666953
2027-12-02,0.23041749384066904
2027-12-03,0.04158567261968438
2027-12-04,0.044444763482978794
2027-12-05,0.05070295615252507
2027-12-06,0.21504344503152875
2027-12-07,0.28700116187563646
2027-12-08,1.8563745303000894
2027-12-09,0.9239078820652245
2027-12-10,0.4816493532426992
2027-12-11,0.4968388199978957
2027-12-12,0.48924028010855036
2027-12-13,0.4720989509017143
2027-12-14,0.4473760023845879
2027-12-15,0.4240180122111945
2027-12-16,0.4350530908694367
2027-12-17,0.39372157080474157
2027-12-18,0.3825080495752731
2027-12-19,0.37030291036361135
2027-12-20,0.3707446798937843
2027-12-21,0.42252282099464566
2027-12-22,0.6188468756851814
2027-12-23,0.5792890910668859
2027-12-24,0.4961078302811069
2027-12-25,0.5173384740415183
2027-12-26,0.6111946291836715
2027-12-27,0.919369990479361
2027-12-28,0.69974038899222
2027-12-29,0.7809045783996833
2027-12-30,0.9798070557670272
2027-12-31,1.4092897656954644
2028-01-01,0.35845188578036213
2028-01-02,0.321480234751314
2028-01-03,0.31865046007374864
2028-01-04,0.30901586862759955
2028-01-05,0.29338301140316664
2028-01-06,0.30926216678245455
2028-01-07,0.2778985821613997
2028-01-08,0.26004797987137
2028-01-09,0.25539367312373673
2028-01-10,0.25055182392462544
2028-01-11,0.22529968695483152
2028-01-12,0.21158572687730295
2028-01-13,0.20184069743996172
2028-01-14,0.18983169499067687
2028-01-15,0.17743632972792278
2028-01-16,0.17058335426227927
2028-01-17,0.1602857351135618
2028-01-18,0.15709638612592772
2028-01-19,0.1530259408089533
2028-01-20,0.15068401435165624
2028-01-21,0.16760798360511553
2028-01-22,0.18075399605524686
2028-01-23,0.18228577489680645
2028-01-24,0.2904284321454073
2028-01-25,0.2492188410324174
2028-01-26,0.23253443742317592
2028-01-27,0.23198164101627788
2028-01-28,0.22495574845420305
2028-01-29,0.2161297372016284
2028-01-30,0.21918423439503507
2028-01-31,0.2256176734662367
2028-02-01,0.22205371111549374
2028-02-02,0.3004972136035451
2028-02-03,0.3027816176352806
2028-02-04,0.23520143725576936
2028-02-05,0.23508278456057397
2028-02-06,0.26218845867865137
2028-02-07,0.24008045776466283
2028-02-08,0.22081916355764059
2028-02-09,0.2239279530667451
2028-02-10,0.20090409453726107
2028-02-11,0.1978959400157301
2028-02-12,0.18268676660411598
2028-02-13,0.16860875386286736
2028-02-14,0.15911219804764867
2028-02-15,0.15008877190321085
2028-02-16,0.14185025773470114
2028-02-17,0.1710414617178024
2028-02-18,0.21509881103526599
2028-02-19,0.17485491081683982
2028-02-20,0.15161058086234774
2028-02-21,0.15875000355687036
2028-02-22,0.14815691382201582
2028-02-23,0.21978761672587335
2028-02-24,0.16878547390859194
2028-02-25,0.18331034283579284
2028-02-26,0.2142794119091299
2028-02-27,0.2308340267262127
2028-02-28,0.2697394516603488
2028-02-29,0.25917109656090337
2028-03-01,0.30722099155484056
2028-03-02,0.28249625182693855
2028-03-03,0.28707429217721764
2028-03-04,0.29852567248392636
2028-03-05,0.40001369810929976
2028-03-06,0.36580615028571256
2028-03-07,0.3810183008547433
2028-03-08,0.38066401647091735
2028-03-09,0.34875447552454697
2028-03-10,0.3582914390225364
2028-03-11,0.383307105650142
2028-03-12,0.41429341853452106
2028-03-13,0.5002776971008923
2028-03-14,0.49043030762980944
2028-03-15,0.5816549312340875
2028-03-16,0.6673495020887307
2028-03-17,0.690604452121016
2028-03-18,0.43637583065113067
2028-03-19,0.4458084085600416
2028-03-20,0.5723871450131943
2028-03-21,0.5067745371382466
2028-03-22,1.2587540044852021
2028-03-23,1.8126403354904201
2028-03-24,2.62590513183911
2028-03-25,3.0032678804041004
2028-03-26,2.225449616227249
2028-03-27,0.8044114397455778
2028-03-28,1.082489771093884
2028-03-29,0.6661635177540591
2028-03-30,0.6061301268220267
2028-03-31,0.6778007803266115
2028-04-01,0.8909545421917094
2028-04-02,0.7791476035572792
2028-04-03,0.6438127726003501
2028-04-04,0.6099398107960614
2028-04-05,0.6041447538670677
2028-04-06,0.5958202708775532
2028-04-07,0.9260384375806618
2028-04-08,1.2948216097582224
2028-04-09,1.42257203114758
2028-04-10,1.1459214937046995
2028-04-11,1.1913947965982967
2028-04-12,1.0687965384303648
2028-04-13,1.442671415006786
2028-04-14,1.758124071835776
2028-04-15,1.3961931667436103
2028-04-16,1.911759279530259
2028-04-17,2.1014831697487226
2028-04-18,2.6021596196780092
2028-04-19,2.8585583325062838
2028-04-20,1.4061239676772215
2028-04-21,1.6155154846172044
2028-04-22,2.472246454785198
2028-04-23,3.9080451815613038
2028-04-24,3.8488766659179663
2028-04-25,4.383871383680594
2028-04-26,3.9832466400132565
2028-04-27,4.405076807565817
2028-04-28,7.418482475111892
2028-04-29,10.247061103274305
2028-04-30,8.435163093156163
2028-05-01,7.165260820788501
2028-05-02,8.313426618320829
2028-05-03,11.15165678210381
2028-05-04,11.984261671405845
2028-05-05,10.373639284682929
2028-05-06,10.848175092195929
2028-05-07,9.905998158883067
2028-05-08,9.691194953027837
2028-05-09,8.10801423527621
2028-05-10,2.6645002387661862
2028-05-11,2.289898853781276
2028-05-12,2.316284768821804
2028-05-13,2.2999893049866555
2028-05-14,2.6658307483847308
2028-05-15,2.890339247588697
2028-05-16,3.286965789665986
2028-05-17,4.105237296323425
2028-05-18,4.210247055253704
2028-05-19,2.1798411462981737
2028-05-20,2.025310606675514
2028-05-21,1.9708909715247092
2028-05-22,1.944102544665198
2028-05-23,2.1899993046164843
2028-05-24,2.2848126281035372
2028-05-25,2.307957548445438
2028-05-26,2.4678346380073894
2028-05-27,2.366453555817852
2028-05-28,2.7751921567238997
2028-05-29,3.674692395442691
2028-05-30,3.2293876981772707
2028-05-31,2.3770052586593047
2028-06-01,2.1662612379971224
2028-06-02,2.129686022895489
2028-06-03,1.9018806029870343
2028-06-04,1.642246297292062
2028-06-05,1.6231731947742472
2028-06-06,1.7213201776191773
2028-06-07,2.4730819064961698
2028-06-08,2.835430886709441
2028-06-09,3.5444368296598356
2028-06-10,3.1647033779634577
2028-06-11,2.8872451033224507
2028-06-12,2.5119177875061722
2028-06-13,1.980424014988078
2028-06-14,1.5879564146615097
2028-06-15,0.8864191298981174
2028-06-16,1.0262429122313637
2028-06-17,1.2141433047185684
2028-06-18,0.9641430280111566
2028-06-19,0.8792652891429189
2028-06-20,0.6884699344525763
2028-06-21,0.5651908974490857
2028-06-22,0.6291896305979408
2028-06-23,0.5714591995497436
2028-06-24,0.5052378344264029
2028-06-25,0.5967399681453228
2028-06-26,0.6690524619983144
2028-06-27,0.6457694073657028
2028-06-28,0.6011448985829647
2028-06-29,0.5570439320681643
2028-06-30,0.5167922968046471
2028-07-01,1.4221797816781585
2028-07-02,0.9197937896044925
2028-07-03,0.8026573097693789
2028-07-04,0.7885192252084987
2028-07-05,0.7692653582701383
2028-07-06,0.7268279079784116
2028-07-07,0.6607079559540574
2028-07-08,0.5673328623191578
2028-07-09,0.48617128280836486
2028-07-10,0.42285402258309224
2028-07-11,0.3877075823508386
2028-07-12,0.3736957565361344
2028-07-13,0.35034634519687263
2028-07-14,0.32720154866444684
2028-07-15,0.2783290301950519
2028-07-16,0.24996453645988512
2028-07-17,0.23197162986068742
2028-07-18,0.21007490221583222
2028-07-19,0.13806399749628329
2028-07-20,0.12711750691727894
2028-07-21,0.11870527154175761
2028-07-22,0.11249657102801061
2028-07-23,0.10557418427973762
2028-07-24,0.09767111951672784
2028-07-25,0.08922594827155854
2028-07-26,0.0840275983556817
2028-07-27,0.08142694713973311
2028-07-28,0.074538118429199
2028-07-29,0.06181388525129378
2028-07-30,0.059177054890940856
2028-07-31,0.05686595794387126
2028-08-01,0.15014124972736448
2028-08-02,0.05144875108704926
2028-08-03,0.04751285902175447
2028-08-04,0.04532476286782694
2028-08-05,0.043890525791899546
2028-08-06,0.04238968341576669
2028-08-07,0.04093434345910977
2028-08-08,0.0395933157291359
2028-08-09,0.03840257391902833
2028-08-10,0.03736488608296998
2028-08-11,0.036456754492777105
2028-08-12,0.035661868551920536
2028-08-13,0.0349548382779366
2028-08-14,0.034309168910123276
2028-08-15,0.03370752463372114
2028-08-16,0.033138132500696776
2028-08-17,0.03260685047592298
2028-08-18,0.032120897667721686
2028-08-19,0.05270061610654111
2028-08-20,0.03227340844995299
2028-08-21,0.031181358410036587
2028-08-22,0.03086047436073218
2028-08-23,0.030576495968691348
2028-08-24,0.030328647810478445
2028-08-25,0.030106753987785985
2028-08-26,0.02989011722181811
2028-08-27,0.029661634841708882
2028-08-28,0.029421636398054445
2028-08-29,0.02919655157313125
2028-08-30,0.02900210342881945
2028-08-31,0.0288376614468487
2028-09-01,0.01276743858565418
2028-09-02,0.012700344399237014
2028-09-03,0.012622066465146856
2028-09-04,0.012541607812796342
2028-09-05,0.012467734346624976
2028-09-06,0.012399018287037926
2028-09-07,0.012332403387905474
2028-09-08,0.012270298237133962
2028-09-09,0.01221411315406009
2028-09-10,0.012164542873957327
2028-09-11,0.0128105007187121
2028-09-12,0.012982368847687518
2028-09-13,0.012052861724627596
2028-09-14,0.012009911632023428
2028-09-15,0.01197333328497091
2028-09-16,0.011940362815891767
2028-09-17,0.011906843464043913
2028-09-18,0.011873274376968144
2028-09-19,0.011845374047892893
2028-09-20,0.011826011107217234
2028-09-21,0.011809081214592308
2028-09-22,0.011786594524252646
2028-09-23,0.011759561285182157
2028-09-24,0.011731922339224609
2028-09-25,0.012169576584133202
2028-09-26,0.011692938814256188
2028-09-27,0.011676046973761324
2028-09-28,0.011663147985978587
2028-09-29,0.011655118538374466
2028-09-30,0.011648693506205836
2028-10-01,0.018922048993325145
2028-10-02,0.021691826179844543
2028-10-03,0.01889130184493907
2028-10-04,0.018872054456299664
2028-10-05,0.01885471240761936
2028-10-06,0.01883837825200734
2028-10-07,0.01881961841242947
2028-10-08,0.018796807849158895
2028-10-09,0.018774988620392105
2028-10-10,0.018758285071715147
2028-10-11,0.018745571250512672
2028-10-12,0.018733465863688608
2028-10-13,0.01871740593813479
2028-10-14,0.018698608691469304
2028-10-15,0.018679186618082586
2028-10-16,0.01865832059746397
2028-10-17,0.01863602584096107
2028-10-18,0.018614666530472744
2028-10-19,0.018595468332199442
2028-10-20,0.01857874578601231
2028-10-21,0.01856602348441983
2028-10-22,0.018556182922979923
2028-10-23,0.01854554009304712
2028-10-24,0.018533988920486764
2028-10-25,0.018524380413914555
2028-10-26,0.01851984206010164
2028-10-27,0.41816292434880564
2028-10-28,0.06728481095601073
2028-10-29,0.06060103717706447
2028-10-30,0.13051837413322157
2028-10-31,0.05869331119133524
2028-11-01,0.36511639037572
2028-11-02,0.03238974673087286
2028-11-03,0.028031407842368333
2028-11-04,0.025049145543187195
2028-11-05,0.030073091505275207
2028-11-06,0.12446696980585786
2028-11-07,0.17462115415952323
2028-11-08,0.031648251128808674
2028-11-09,0.029881805603549274
2028-11-10,0.03518964803719118
2028-11-11,0.04312309419180616
2028-11-12,0.027539879690165095
2028-11-13,0.0245167954512101
2028-11-14,0.02790577862121231
2028-11-15,0.019641859439983058
2028-11-16,0.019918399525882417
2028-11-17,0.01967550790040646
2028-11-18,0.021645002225467756
2028-11-19,0.021575287953407983
2028-11-20,0.04266462263435733
2028-11-21,0.08831056275607853
2028-11-22,0.07078082425296771
2028-11-23,0.18478936117639383
2028-11-24,0.5321927311679981
2028-11-25,0.5025073796456782
2028-11-26,0.273162844701034
2028-11-27,0.15171542108060918
2028-11-28,0.1660461873213747
2028-11-29,0.110146142851598
2028-11-30,0.15494132062326674
2028-12-01,0.09057903952018984
2028-12-02,0.07297400964538156
2028-12-03,0.14112947389828034
2028-12-04,0.22187287663440136
2028-12-05,0.14374221074143548
2028-12-06,0.08869845085377494
2028-12-07,0.13883172207000738
2028-12-08,0.23786034085882254
2028-12-09,0.5449556445067187
2028-12-10,0.1353861234634994
2028-12-11,0.08251198568124163
2028-12-12,0.028609764633366105
2028-12-13,0.04742982239632136
2028-12-14,0.09530576972150026
2028-12-15,0.23727224758834337
2028-12-16,0.11521413191895266
2028-12-17,0.0897420847938503
2028-12-18,0.03756213945119958
2028-12-19,0.0453091349220423
2028-12-20,0.02778473138260778
2028-12-21,0.027899743571335928
2028-12-22,0.02799748657454645
2028-12-23,0.029228609707958392
2028-12-24,0.04815577033691965
2028-12-25,0.029246893195177467
2028-12-26,0.06428253460610939
2028-12-27,0.04178916144250422
2028-12-28,0.02841040279457991
2028-12-29,0.028469919621679295
2028-12-30,0.030533093247173845
2028-12-31,0.035075093329974646
2029-01-01,0.02722550397893663
2029-01-02,0.012903184105838843
2029-01-03,0.04647833823707885
2029-01-04,0.02747815412853073
2029-01-05,0.04370889506375336
2029-01-06,0.038860730422669354
2029-01-07,0.04722337060148454
2029-01-08,0.03548713289768888
2029-01-09,0.031637815638659056
2029-01-10,0.0417550974119405
2029-01-11,0.08218935415270862
2029-01-12,0.05045593417135233
2029-01-13,0.03000577219880858
2029-01-14,0.026078621566184755
2029-01-15,0.022045724729824377
2029-01-16,0.022063897787872124
2029-01-17,0.01218229828960058
2029-01-18,0.016071878324449587
2029-01-19,0.013961264019301613
2029-01-20,0.01268619055260673
2029-01-21,0.012871060325466739
2029-01-22,0.02125280649471794
2029-01-23,0.02768158761673608
2029-01-24,0.02861411893552431
2029-01-25,0.020641590061990303
2029-01-26,0.02118900097032224
2029-01-27,0.09646470304268286
2029-01-28,0.03952488645833928
2029-01-29,0.011503964566239467
2029-01-30,0.01188468746759929
2029-01-31,0.014712407977444074
2029-02-01,0.01764390207921327
2029-02-02,0.01841704275831705
2029-02-03,0.031448311035395714
2029-02-04,0.021233797334478433
2029-02-05,0.022219729600558374
2029-02-06,0.01871920529986124
2029-02-07,0.026666329457978612
2029-02-08,0.025305153718437015
2029-02-09,0.025727730457224412
2029-02-10,0.028348690293633343
2029-02-11,0.011498870869009718
2029-02-12,0.017024519695217562
2029-02-13,0.030623992229538547
2029-02-14,0.05354641747739921
2029-02-15,0.13775222941553436
2029-02-16,0.1954893496244881
2029-02-17,0.2883145877491222
2029-02-18,0.4505843543511525
2029-02-19,0.0783253783785758
2029-02-20,0.018981526357992183
2029-02-21,0.02059776033711379
2029-02-22,0.020765647522096444
2029-02-23,0.02100464204357529
2029-02-24,0.018212628614012526
2029-02-25,0.015670287540828578
2029-02-26,0.01528150031750601
2029-02-27,0.06776477849681856
2029-02-28,0.23921485764490627
2029-03-01,0.13699596658337942
2029-03-02,0.04001621072290217
2029-03-03,0.02847954181776774
2029-03-04,0.030580398130252262
2029-03-05,0.04317510103427915
2029-03-06,0.05387097720886123
2029-03-07,0.07856004202790104
2029-03-08,0.07759291434115713
2029-03-09,0.08506617037811856
2029-03-10,0.13131924103839832
2029-03-11,0.16701373800174873
2029-03-12,0.19972229306679015
2029-03-13,0.1075493125538228
2029-03-14,0.10997981149802027
2029-03-15,0.22225477202978172
2029-03-16,0.3613102921114307
2029-03-17,0.4901928389517736
2029-03-18,0.6079201816398492
2029-03-19,0.7584614767110024
2029-03-20,0.8423437051648028
2029-03-21,0.4170895130979982
2029-03-22,0.7323901776712017
2029-03-23,0.8483239025344889
2029-03-24,1.014731976354745
2029-03-25,0.9890893815634081
2029-03-26,0.8514664613190024
2029-03-27,0.5897019074718305
2029-03-28,0.4359454963468154
2029-03-29,0.49777076546969046
2029-03-30,0.6177730438660444
2029-03-31,0.6704012806658344
2029-04-01,0.760716054625006
2029-04-02,0.8451650062702636
2029-04-03,1.0965133634961195
2029-04-04,1.2868429858837864
2029-04-05,1.2421061684321126
2029-04-06,1.1646030989761862
2029-04-07,1.1316904690045768
2029-04-08,1.0251236503868313
2029-04-09,0.9177094320475163
2029-04-10,0.8264231834015472
2029-04-11,0.7754581299294723
2029-04-12,0.8713194040994919
2029-04-13,0.9326667197980396
2029-04-14,0.8647864349707324
2029-04-15,0.7397826282364435
2029-04-16,0.7113296369147775
2029-04-17,0.688728645483957
2029-04-18,0.6272714515326513
2029-04-19,0.7643731801114071
2029-04-20,0.6043620666844052
2029-04-21,0.6165808053672586
2029-04-22,0.62338671667187
2029-04-23,0.6330085982859947
2029-04-24,0.6200335526564033
2029-04-25,0.49066071587444593
2029-04-26,0.4321384189189482
2029-04-27,0.3818364219959144
2029-04-28,0.34216119779865295
2029-04-29,0.31348812102685086
2029-04-30,0.28925566544221804
2029-05-01,0.2941780826745449
2029-05-02,0.25710795486220556
2029-05-03,0.2387474263450057
2029-05-04,0.22117442295250828
2029-05-05,0.2001291190965317
2029-05-06,0.1799400908407899
2029-05-07,0.16310649774299676
2029-05-08,0.15169605318415672
2029-05-09,0.144759251256912
2029-05-10,0.14053318396291528
2029-05-11,0.12615552339549033
2029-05-12,0.11493729135097
2029-05-13,0.10439161052461633
2029-05-14,0.10417788025880602
2029-05-15,0.08987869978356268
2029-05-16,0.08757280804042342
2029-05-17,0.07672809271905903
2029-05-18,0.07071044391863421
2029-05-19,0.06510439791937998
2029-05-20,0.0616806697025035
2029-05-21,0.059421981190971467
2029-05-22,0.05734900511838342
2029-05-23,0.054613926906586646
2029-05-24,0.11401857574400594
2029-05-25,0.08967959141483176
2029-05-26,0.10165357271864563
2029-05-27,0.04763226048252902
2029-05-28,0.0449814019329081
2029-05-29,0.09837070401737548
2029-05-30,0.1598268223982883
2029-05-31,0.05004049683740855
2029-06-01,0.03828041649644297
2029-06-02,0.03684209194421231
2029-06-03,0.05977222962547409
2029-06-04,0.036757560775783335
2029-06-05,0.035560278696374015
2029-06-06,0.033046408685027236
2029-06-07,0.03141183893556911
2029-06-08,0.03101291528964927
2029-06-09,0.028712592871425937
2029-06-10,0.027534231891341743
2029-06-11,0.026645780717414757
2029-06-12,0.02525442785706931
2029-06-13,0.024612823538127618
2029-06-14,0.02284015974566694
2029-06-15,0.02208454023748614
2029-06-16,0.021211177982876528
2029-06-17,0.02033535722504524
2029-06-18,0.022292138380150196
2029-06-19,0.01913148043843873
2029-06-20,0.01844056971591065
2029-06-21,0.01794405821943488
2029-06-22,0.017450946970260624
2029-06-23,0.016946171752838718
2029-06-24,0.01650772142549519
2029-06-25,0.016090605503165812
2029-06-26,0.015732716065438464
2029-06-27,0.015386934674852524
2029-06-28,0.015033410648869192
2029-06-29,0.014666487475241517
2029-06-30,0.014317631159879721
2029-07-01,0.04640029154858319
2029-07-02,0.05045556875239519
2029-07-03,0.044339506508893164
2029-07-04,0.043424160491986455
2029-07-05,0.04252257780399593
2029-07-06,0.04165826240960968
2029-07-07,0.040807279396020676
2029-07-08,0.039961781808727934
2029-07-09,0.05461680472003201
2029-07-10,0.04177893165343978
2029-07-11,0.054848682514496684
2029-07-12,0.06177897515973837
2029-07-13,0.05538421335820314
2029-07-14,0.050951654633446135
2029-07-15,0.0361924836277598
2029-07-16,0.03560139290186047
2029-07-17,0.035000410031713475
2029-07-18,0.0344508709029325
2029-07-19,0.03393917821027046
2029-07-20,0.03345423589262601
2029-07-21,0.033022809411442075
2029-07-22,0.032636762467595
2029-07-23,0.03225876735812192
2029-07-24,0.03188683732504993
2029-07-25,0.03154318882849
2029-07-26,0.031223779529882867
2029-07-27,0.030922713100713605
2029-07-28,0.04061464256912371
2029-07-29,0.03044434373766234
2029-07-30,0.030242446465497782
2029-07-31,0.030050241381478222
2029-08-01,0.030337999369772807
2029-08-02,0.027165472666369317
2029-08-03,0.02865630092868398
2029-08-04,0.02692915045782273
2029-08-05,0.026818343865402456
2029-08-06,0.026718719637391516
2029-08-07,0.026626585678043824
2029-08-08,0.026541078431600765
2029-08-09,0.02647736176560552
2029-08-10,0.02640036124929335
2029-08-11,0.026327500086303652
2029-08-12,0.02743923114359666
2029-08-13,0.026209850215631037
2029-08-14,0.026159715315814843
2029-08-15,0.0261118897530516
2029-08-16,0.02654345001092006
2029-08-17,0.02602706256615004
2029-08-18,0.04874982531412257
2029-08-19,0.04607562013057392
2029-08-20,0.02590723047055426
2029-08-21,0.025867038913950615
2029-08-22,0.025828865192882883
2029-08-23,0.025792165928251558
2029-08-24,0.025756805645586123
2029-08-25,0.025725447957768224
2029-08-26,0.025696403861951003
2029-08-27,0.025669058403975927
2029-08-28,0.02564543056008459
2029-08-29,0.02562605566342566
2029-08-30,0.025610200851393906
2029-08-31,0.050502152032585144
2029-09-01,0.011643910112145744
2029-09-02,0.011374384043305067
2029-09-03,0.011366908703922903
2029-09-04,0.011359896164946778
2029-09-05,0.011353249290268283
2029-09-06,0.011346629368524338
2029-09-07,0.011340289917509213
2029-09-08,0.011334206626052518
2029-09-09,0.011327927484895662
2029-09-10,0.011321700333145227
2029-09-11,0.0113157847157311
2029-09-12,0.01131040431713857
2029-09-13,0.011305429541336247
2029-09-14,0.011300707732250594
2029-09-15,0.011296244327433725
2029-09-16,0.011291901435652119
2029-09-17,0.0112874625970289
2029-09-18,0.011283037402153077
2029-09-19,0.011278685666617461
2029-09-20,0.011274404348448001
2029-09-21,0.01127036351410897
2029-09-22,0.011266645214196288
2029-09-23,0.011263189176726337
2029-09-24,0.011259885254351789
2029-09-25,0.011256641739678587
2029-09-26,0.011253401551670804
2029-09-27,0.011250040497761347
2029-09-28,0.011246571068410973
2029-09-29,0.011243136750216565
2029-09-30,0.011239691793636125
2029-10-01,0.018263936742439594
2029-10-02,0.018258567471498677
2029-10-03,0.018253500513891727
2029-10-04,0.01824847544315261
2029-10-05,0.01824349483161444
2029-10-06,0.03703954182305593
2029-10-07,0.021271459143506633
2029-10-08,0.0224472125671789
2029-10-09,0.01879070750087996
2029-10-10,0.018218885729995412
2029-10-11,0.018213795900474453
2029-10-12,0.018208714914568137
2029-10-13,0.018203650881233904
2029-10-14,0.01819857602501309
2029-10-15,0.018193497445218816
2029-10-16,0.01818848497963274
2029-10-17,0.018183557476986138
2029-10-18,0.018178688009347143
2029-10-19,0.01817384748687429
2029-10-20,0.018169000985547103
2029-10-21,0.018164143975308678
2029-10-22,0.03868106214889565
2029-10-23,0.020677463573260377
2029-10-24,0.051324436630725355
2029-10-25,0.01835154261557896
2029-10-26,0.018140770613751755
2029-10-27,0.018227026226165302
2029-10-28,0.02319975831424012
2029-10-29,0.01812697946801945
2029-10-30,0.018125668586468763
2029-10-31,0.13603128388120367
2029-11-01,0.02859685645998517
2029-11-02,0.03828002673719733
2029-11-03,0.02672999517334798
2029-11-04,0.019063317781169827
2029-11-05,0.019026815992334873
2029-11-06,0.04320180274975454
2029-11-07,0.020316345868740555
2029-11-08,0.019012731678312796
2029-11-09,0.01953285169876494
2029-11-10,0.019028556624639717
2029-11-11,0.018998654992893445
2029-11-12,0.01899396419930119
2029-11-13,0.01898927428605658
2029-11-14,0.018984585386938636
2029-11-15,0.018979897818052198
2029-11-16,0.01897521081125046
2029-11-17,0.018970525072106587
2029-11-18,0.0189658398184488
2029-11-19,0.018961156552047005
2029-11-20,0.020693246668381328
2029-11-21,0.01895179612018372
2029-11-22,0.018947117989144426
2029-11-23,0.018942441117132582
2029-11-24,0.01893776586124942
2029-11-25,0.018933091890285716
2029-11-26,0.018928418637841345
2029-11-27,0.018923746891482202
2029-11-28,0.01891907692092308
2029-11-29,0.018914408172709778
2029-11-30,0.03592677042361962
2029-12-01,0.15126747339122268
2029-12-02,0.4528348231404326
2029-12-03,0.45737956401529767
2029-12-04,0.029691400184141643
2029-12-05,0.046947682306849425
2029-12-06,0.041926414491518606
2029-12-07,0.048179473305555255
2029-12-08,0.021771939126704457
2029-12-09,0.020871432791835957
2029-12-10,0.02150902099911295
2029-12-11,0.02578253481474247
2029-12-12,0.021975588706775042
2029-12-13,0.02330056452728799
2029-12-14,0.023029692185124174
2029-12-15,0.021610373925304828
2029-12-16,0.023056234531870955
2029-12-17,0.02163892438268908
2029-12-18,0.023844785279205628
2029-12-19,0.23846971222573113
2029-12-20,0.14850469728516702
2029-12-21,0.031029371363009522
2029-12-22,0.054183650807939555
2029-12-23,0.04722780432552403
2029-12-24,0.05433075996155867
2029-12-25,0.24108414790451443
2029-12-26,0.07145990717602355
2029-12-27,0.46453525624635034
2029-12-28,1.2847078576540945
2029-12-29,0.07008117780016714
2029-12-30,0.050855604307003165
2029-12-31,0.24956222397514302
2030-01-01,2.5617060711673085
2030-01-02,1.284151499097696
2030-01-03,0.09872438685569426
2030-01-04,0.1164165414048936
2030-01-05,0.17302093015406114
2030-01-06,0.06410109296867049
2030-01-07,0.027469461489907535
2030-01-08,0.03024541716457254
2030-01-09,0.038888283450069394
2030-01-10,0.03698985575539017
2030-01-11,0.03917703156964018
2030-01-12,0.04370817478622319
2030-01-13,0.044747891656151444
2030-01-14,0.07002519271696091
2030-01-15,0.1845207601674117
2030-01-16,0.12653635511155592
2030-01-17,0.099039314001511
2030-01-18,0.10161603536081473
2030-01-19,0.10467164086442984
2030-01-20,0.11008298425866078
2030-01-21,0.13435890668579692
2030-01-22,0.20899459007214136
2030-01-23,0.21374201109587154
2030-01-24,0.2964001620071664
2030-01-25,0.1840598238837439
2030-01-26,0.18641338430825233
2030-01-27,0.17451265859976847
2030-01-28,0.1729945776819214
2030-01-29,0.16341890586629443
2030-01-30,0.1541710463749491
2030-01-31,0.15606876055951008
2030-02-01,0.15343390509006385
2030-02-02,0.16562600166882097
2030-02-03,0.14951415467937973
2030-02-04,0.13514754561786027
2030-02-05,0.13975470789673447
2030-02-06,0.14954739027440517
2030-02-07,0.1530724781209346
2030-02-08,0.12497360098364209
2030-02-09,0.11999126148942182
2030-02-10,0.11693531071227428
2030-02-11,0.12228989895979576
2030-02-12,0.2435827792410988
2030-02-13,0.18027735325121236
2030-02-14,0.20174788057366946
2030-02-15,0.17595476581618313
2030-02-16,0.23467332365440993
2030-02-17,0.22464395421672842
2030-02-18,0.20265646155998746
2030-02-19,0.21042795034502237
2030-02-20,0.20162013952131072
2030-02-21,0.22832099989858054
2030-02-22,0.18743612355577416
2030-02-23,0.18218628049664015
2030-02-24,0.1811027479672302
2030-02-25,0.19500737040654828
2030-02-26,0.2775397165585284
2030-02-27,0.4157774021779336
2030-02-28,0.36557920422901735
2030-03-01,0.38517718584132316
2030-03-02,0.3971610583750918
2030-03-03,0.3601779640901813
2030-03-04,0.3812537071209624
2030-03-05,0.3664605582970408
2030-03-06,0.3747218500223902
2030-03-07,0.3546406558316961
2030-03-08,0.3281242322858832
2030-03-09,0.35504289015929025
2030-03-10,0.3097203162720909
2030-03-11,0.31489532494738937
2030-03-12,0.3608838049860565
2030-03-13,0.39667998728319065
2030-03-14,0.44256306353506825
2030-03-15,0.6521977395301591
2030-03-16,0.4815498623854098
2030-03-17,0.6811338704022836
2030-03-18,0.6153469471213865
2030-03-19,0.5646594900136694
2030-03-20,0.46939540438109617
2030-03-21,0.4922799926679555
2030-03-22,0.6027128738999942
2030-03-23,0.7636058273323408
2030-03-24,0.9988145093418568
2030-03-25,1.4367037379500427
2030-03-26,1.7477773639440106
2030-03-27,1.8112555035766686
2030-03-28,1.2914565782228151
2030-03-29,0.6588903587839379
2030-03-30,0.8349836916755593
2030-03-31,1.5314242727086649
2030-04-01,1.8893239001265487
2030-04-02,1.6614967759798898
2030-04-03,1.49957171947387
2030-04-04,1.5162465447321958
2030-04-05,1.3516511955234076
2030-04-06,0.8843357985395848
2030-04-07,0.815551734716164
2030-04-08,0.86090894109445
2030-04-09,0.8418518845805376
2030-04-10,0.7880381278997608
2030-04-11,0.7586392065042209
2030-04-12,0.8981034585452209
2030-04-13,1.2012107132140704
2030-04-14,1.4234161536770948
2030-04-15,1.240654280480424
2030-04-16,0.9821315421997489
2030-04-17,1.1859676891327497
2030-04-18,1.6981642743247498
2030-04-19,2.195181379524874
2030-04-20,2.295810674006141
2030-04-21,2.47131099913373
2030-04-22,2.9098682696426694
2030-04-23,4.054232070778268
2030-04-24,4.501186025675145
2030-04-25,4.7437194349392335
2030-04-26,4.907452438650021
2030-04-27,2.243457727282472
2030-04-28,2.009788584856704
2030-04-29,2.0922517882713545
2030-04-30,1.9084672653644215
2030-05-01,1.906355424229082
2030-05-02,1.8608928522385364
2030-05-03,1.7880280028958326
2030-05-04,1.7149150795421608
2030-05-05,1.8469569592794788
2030-05-06,2.118994992973676
2030-05-07,2.553682217192577
2030-05-08,2.2909087813151494
2030-05-09,2.0879615430869185
2030-05-10,2.113096009155658
2030-05-11,2.4836140992487854
2030-05-12,2.946754466976442
2030-05-13,3.8194725322515923
2030-05-14,4.559707704305836
2030-05-15,5.405791572219902
2030-05-16,6.5866826007345285
2030-05-17,6.474984778978423
2030-05-18,5.450477351784129
2030-05-19,3.2225869785908796
2030-05-20,3.8984042352670474
2030-05-21,5.165393690778238
2030-05-22,4.539169962346802
2030-05-23,4.175726856166948
2030-05-24,4.410999534520835
2030-05-25,2.5429325987862033
2030-05-26,1.864019224364904
2030-05-27,1.9505284274938122
2030-05-28,1.7597905873522965
2030-05-29,1.7072340262399672
2030-05-30,1.5521113547815735
2030-05-31,1.635582999329493
2030-06-01,1.5935902973874088
2030-06-02,1.9484885711093707
2030-06-03,2.5548046266517748
2030-06-04,2.7023811694023574
2030-06-05,2.5952105954279863
2030-06-06,1.8138157045556715
2030-06-07,1.8876853824299769
2030-06-08,1.9070423073012586
2030-06-09,1.7617168605946663
2030-06-10,1.469648496765439
2030-06-11,1.2818844225264414
2030-06-12,0.906636929790142
2030-06-13,0.8607936436130847
2030-06-14,0.7489957415940467
2030-06-15,0.7224689483860344
2030-06-16,0.5516979492569648
2030-06-17,0.42990782450651915
2030-06-18,0.34422120070059026
2030-06-19,0.3156604796474165
2030-06-20,0.27582507619559654
2030-06-21,0.2452609687688208
2030-06-22,0.20581227663002383
2030-06-23,0.1831325032106162
2030-06-24,0.16650850710467088
2030-06-25,0.15570773535718313
2030-06-26,0.13633308752427303
2030-06-27,0.11761630886501769
2030-06-28,0.09985376487082033
2030-06-29,0.0865095535920839
2030-06-30,0.0811270431211063
2030-07-01,0.2554907268798818
2030-07-02,0.22226468244654643
2030-07-03,0.1772501970001268
2030-07-04,0.15786598848162223
2030-07-05,0.17027904630504845
2030-07-06,0.13451646729347222
2030-07-07,0.12985623896417886
2030-07-08,0.10721564085923425
2030-07-09,0.09994859358033573
2030-07-10,0.09497550140871985
2030-07-11,0.08081100024941287
2030-07-12,0.07537944863085905
2030-07-13,0.07181987914928452
2030-07-14,0.06899150664470349
2030-07-15,0.0663131241284157
2030-07-16,0.06346456548746501
2030-07-17,0.060683980090045685
2030-07-18,0.05803312653359482
2030-07-19,0.05552666991154372
2030-07-20,0.05322612784827251
2030-07-21,0.05112122114936253
2030-07-22,0.04919301708915727
2030-07-23,0.04749594008927291
2030-07-24,0.046007647043694394
2030-07-25,0.044653948609875836
2030-07-26,0.04694088795671811
2030-07-27,0.0424468588071973
2030-07-28,0.11277970314293721
2030-07-29,0.04067088451807418
2030-07-30,0.039859145249048406
2030-07-31,0.039004251114210714
2030-08-01,0.03963304619497386
2030-08-02,0.03439225227217691
2030-08-03,0.03382150500143971
2030-08-04,0.033285607013865
2030-08-05,0.03279955529054396
2030-08-06,0.03236041357703601
2030-08-07,0.040293172183958094
2030-08-08,0.03151771829584831
2030-08-09,0.031106421916511733
2030-08-10,0.030711016658851144
2030-08-11,0.030449347782043966
2030-08-12,0.030015315088833833
2030-08-13,0.029687392662205627
2030-08-14,0.0293707055761452
2030-08-15,0.029085568781324577
2030-08-16,0.028840645623718568
2030-08-17,0.03521435552032562
2030-08-18,0.028467100075573383
2030-08-19,0.028327957182779362
2030-08-20,0.02818339150879244
2030-08-21,0.028025812617040458
2030-08-22,0.0278682931328146
2030-08-23,0.027790381437678837
2030-08-24,0.06721282219052915
2030-08-25,0.02829019008659219
2030-08-26,0.02741096672474084
2030-08-27,0.027277731348020612
2030-08-28,0.027142011733053348
2030-08-29,0.027013628635439643
2030-08-30,0.02689662073408479
2030-08-31,0.026787536545637435
2030-09-01,0.011873312049719347
2030-09-02,0.011833748291789138
2030-09-03,0.011798815252908502
2030-09-04,0.011768101807086317
2030-09-05,0.011739646814292662
2030-09-06,0.011712366407129788
2030-09-07,0.011687326336240129
2030-09-08,0.011664827584686316
2030-09-09,0.0116435041112395
2030-09-10,0.011623347099920594
2030-09-11,0.01160498142792147
2030-09-12,0.011586696002417404
2030-09-13,0.01156706661413883
2030-09-14,0.011548475957919342
2030-09-15,0.012762801751726253
2030-09-16,0.01151549741457487
2030-09-17,0.011497629682543566
2030-09-18,0.011480509415644645
2030-09-19,0.011465518195116549
2030-09-20,0.0114523288500327
2030-09-21,0.011440454177916518
2030-09-22,0.011429515861778853
2030-09-23,0.011419601861939415
2030-09-24,0.011411213489849291
2030-09-25,0.011404177039281167
2030-09-26,0.011397330086186363
2030-09-27,0.011389458191860486
2030-09-28,0.011380736674732984
2030-09-29,0.01137129444845902
2030-09-30,0.011361653887901097
2030-10-01,0.018453761358077258
2030-10-02,0.018440963261395747
2030-10-03,0.018428635234835455
2030-10-04,0.01841725580941178
2030-10-05,0.018406795282725052
2030-10-06,0.01839715094612036
2030-10-07,0.018388321717103424
2030-10-08,0.018379858126796156
2030-10-09,0.018371377053444472
2030-10-10,0.018362917677167946
2030-10-11,0.018354340040236505
2030-10-12,0.01834572034405964
2030-10-13,0.01833711649436111
2030-10-14,0.018328787442132483
2030-10-15,0.018320854626763028
2030-10-16,0.018313234609014434
2030-10-17,0.018452248860770095
2030-10-18,0.0183000554940024
2030-10-19,0.2764213325134171
2030-10-20,0.19933917618483563
2030-10-21,0.022166184249603333
2030-10-22,0.12232943862733728
2030-10-23,0.11708293934194475
2030-10-24,0.06196956147213333
2030-10-25,0.22522625642990826
2030-10-26,0.021243246533844455
2030-10-27,0.05368239807886429
2030-10-28,0.0633860180334441
2030-10-29,0.0200929032325944
2030-10-30,0.16756731318057727
2030-10-31,0.44506660395795333
2030-11-01,0.4870365546435834
2030-11-02,0.23704951671029117
2030-11-03,0.10324409537792306
2030-11-04,0.22850079070548673
2030-11-05,0.32094469996802755
2030-11-06,0.4649249647994936
2030-11-07,0.03299261343277568
2030-11-08,0.03429918415946137
2030-11-09,0.036408073554923336
2030-11-10,0.14283827611016459
2030-11-11,0.4753806407440561
2030-11-12,0.2442673560185179
2030-11-13,0.5040393531238414
2030-11-14,0.7446489388807096
2030-11-15,0.43777456800962344
2030-11-16,0.1419310524688298
2030-11-17,0.17885548512456423
2030-11-18,0.9396987636036788
2030-11-19,0.07174268135244818
2030-11-20,0.08643343307090946
2030-11-21,0.09600971976881856
2030-11-22,0.035345007554538906
2030-11-23,0.06651803368008302
2030-11-24,0.2934048417492854
2030-11-25,0.057364130828253056
2030-11-26,0.03437448333817081
2030-11-27,0.03237088460475064
2030-11-28,0.04177269227178369
2030-11-29,0.035479450122037806
2030-11-30,0.035281680250806864
2030-12-01,0.06220858612730613
2030-12-02,0.06538141179268982
2030-12-03,0.09275410412826766
2030-12-04,0.056722728716657456
2030-12-05,0.034183883249508475
2030-12-06,0.038345943149677264
2030-12-07,0.18987316969718793
2030-12-08,0.21969570560816906
2030-12-09,0.35146586319070117
2030-12-10,0.411673536436047
2030-12-11,0.056313116877404874
2030-12-12,0.07537290550537173
2030-12-13,0.12446520906814705
2030-12-14,0.1371848901001278
2030-12-15,0.19084725923390122
2030-12-16,0.6289326910567379
2030-12-17,0.5188149049430552
2030-12-18,0.12103652992427825
2030-12-19,0.19385472810937276
2030-12-20,0.04476424835501991
2030-12-21,0.0453902817510523
2030-12-22,0.05445448829687639
2030-12-23,0.055145080227707324
2030-12-24,0.0710888756991452
2030-12-25,0.1276226682062996
2030-12-26,0.05679753714545803
2030-12-27,0.056250329071864495
2030-12-28,0.0682904529426698
2030-12-29,0.20155291183376525
2030-12-30,0.04849367564451721
2030-12-31,0.10233457421660094
2031-01-01,0.04238059845956829
2031-01-02,0.0201865430867167
2031-01-03,0.018442656982549727
2031-01-04,0.021836044741741948
2031-01-05,0.018637953519377175
2031-01-06,0.020641066547884616
2031-01-07,0.08662475231090813
2031-01-08,0.019274750294399078
2031-01-09,0.01749966454088859
2031-01-10,0.022278752359690727
2031-01-11,0.020802622935439847
2031-01-12,0.021366933785137817
2031-01-13,0.019529659924684476
2031-01-14,0.021270592639487062
2031-01-15,0.04485142864087114
2031-01-16,0.038828804473706444
2031-01-17,0.026736837561759888
2031-01-18,0.022387080627311762
2031-01-19,0.024316761092438882
2031-01-20,0.02226462041558866
2031-01-21,0.02562913960361142
2031-01-22,0.03562382708774966
2031-01-23,0.023547801095672227
2031-01-24,0.047413155279103836
2031-01-25,0.03967199842882734
2031-01-26,0.04543578155095282
2031-01-27,0.03787852572601042
2031-01-28,0.12815865096415807
2031-01-29,0.0555688759458653
2031-01-30,0.048421644567719586
2031-01-31,0.051032809177004985
2031-02-01,0.0637047206267239
2031-02-02,0.0661314663608045
2031-02-03,0.08762077227908793
2031-02-04,0.06569919228033536
2031-02-05,0.07166902179912585
2031-02-06,0.08067912929514112
2031-02-07,0.0846623292450453
2031-02-08,0.13066396154882698
2031-02-09,0.14796874318839176
2031-02-10,0.14475484274039369
2031-02-11,0.11104045847941019
2031-02-12,0.09804885367965868
2031-02-13,0.09691333675227273
2031-02-14,0.08921873009943992
2031-02-15,0.09284573413731659
2031-02-16,0.08445642692700198
2031-02-17,0.08322813288406573
2031-02-18,0.19623531934571012
2031-02-19,0.23245897364341173
2031-02-20,0.3836037950909373
2031-02-21,0.32558735079549594
2031-02-22,0.41356722861741774
2031-02-23,0.601787736516486
2031-02-24,1.6254768734446232
2031-02-25,0.43899576428293924
2031-02-26,0.403677324205575
2031-02-27,0.4615900889359557
2031-02-28,0.5130001198321007
2031-03-01,0.4861831859786331
2031-03-02,0.5225162637973026
2031-03-03,0.503415599970793
2031-03-04,0.47110624537599394
2031-03-05,0.4480802153727169
2031-03-06,0.499605273940134
2031-03-07,0.588226115591456
2031-03-08,0.7545349976850225
2031-03-09,0.6203010474274059
2031-03-10,0.838678479615232
2031-03-11,0.9335345927213693
2031-03-12,0.8269014358439866
2031-03-13,1.0914163166612074
2031-03-14,1.5147150597259171
2031-03-15,0.9118299849073661
2031-03-16,2.336757283078013
2031-03-17,6.987942106490798
2031-03-18,2.723363406434293
2031-03-19,2.2168799865608313
2031-03-20,6.822688805767568
2031-03-21,4.535057127462935
2031-03-22,9.973521171560218
2031-03-23,7.8296178170515605
2031-03-24,2.666810323752898
2031-03-25,2.0026111367671344
2031-03-26,2.274270650662248
2031-03-27,2.672885365775957
2031-03-28,3.545116484862044
2031-03-29,4.233893394514789
2031-03-30,4.77453773906039
2031-03-31,6.244021294726162
2031-04-01,5.508816307559701
2031-04-02,4.479237772653416
2031-04-03,2.3093613646714712
2031-04-04,2.4475969207319412
2031-04-05,3.8828627459615723
2031-04-06,5.447426158852038
2031-04-07,6.082761164317388
2031-04-08,3.3928729683330845
2031-04-09,2.3464999748313504
2031-04-10,2.3482099311752567
2031-04-11,2.6925650194982804
2031-04-12,2.0778751403910953
2031-04-13,2.3218986428660218
2031-04-14,2.5120223258997543
2031-04-15,2.056678661311975
2031-04-16,2.195101883118836
2031-04-17,2.5724872847966402
2031-04-18,2.2714665357760904
2031-04-19,2.0951253916115817
2031-04-20,2.164798729285068
2031-04-21,2.3181491647715964
2031-04-22,2.606567711193121
2031-04-23,2.0282507540805343
2031-04-24,1.9770151609330937
2031-04-25,1.942234258887406
2031-04-26,1.8909793908116412
2031-04-27,1.872762276022572
2031-04-28,1.7813582793616176
2031-04-29,1.7931043515509972
2031-04-30,2.0162702770630503
2031-05-01,3.266242974682067
2031-05-02,2.3655919837377803
2031-05-03,2.2877625094002263
2031-05-04,2.2229080523548874
2031-05-05,2.323583066447177
2031-05-06,2.431676721522465
2031-05-07,3.079675549835752
2031-05-08,2.551876966979948
2031-05-09,2.3579446771890114
2031-05-10,2.429532303745142
2031-05-11,2.3630856812192076
2031-05-12,2.3524793782077142
2031-05-13,2.570572095647648
2031-05-14,2.835206626384901
2031-05-15,3.178699673379898
2031-05-16,3.894257823499656
2031-05-17,2.4659978800763667
2031-05-18,2.6544334342635882
2031-05-19,3.454013420955271
2031-05-20,4.286901613501489
2031-05-21,2.4335750069743276
2031-05-22,2.598400505792782
2031-05-23,2.2822165479489005
2031-05-24,2.5938355548358456
2031-05-25,3.077603237061141
2031-05-26,2.93249364778368
2031-05-27,1.9828969706269843
2031-05-28,2.246763190200192
2031-05-29,3.488592530721157
2031-05-30,6.3278734000211285
2031-05-31,9.66528870995422
2031-06-01,9.567593374626028
2031-06-02,11.391210832247626
2031-06-03,10.606249020565613
2031-06-04,10.080525349966953
2031-06-05,10.058001129458383
2031-06-06,9.82157625160897
2031-06-07,7.224741374898405
2031-06-08,6.717440283265903
2031-06-09,7.2147461399388035
2031-06-10,6.1836389074420275
2031-06-11,7.0584659622404855
2031-06-12,5.658352202261943
2031-06-13,4.289630829348678
2031-06-14,2.629444378357443
2031-06-15,2.410408720130337
2031-06-16,2.4265196395289768
2031-06-17,1.7734541173795872
2031-06-18,1.2178985063470649
2031-06-19,1.5601758536769434
2031-06-20,1.3621672516629602
2031-06-21,1.2748672559424874
2031-06-22,1.0026760858533563
2031-06-23,0.8921054443024657
2031-06-24,0.8246253628113472
2031-06-25,0.7363342924010275
2031-06-26,0.7009009122652382
2031-06-27,0.6679714631954965
2031-06-28,0.6060717218042366
2031-06-29,0.6002462929946872
2031-06-30,0.6115334202814713
2031-07-01,1.9591055118938392
2031-07-02,1.81292567528033
2031-07-03,1.398282914267266
2031-07-04,1.0060021860779549
2031-07-05,0.7403448029481947
2031-07-06,0.6720236018150804
2031-07-07,0.649237557499825
2031-07-08,0.6133356092523984
2031-07-09,0.544156581242671
2031-07-10,0.4808858545182782
2031-07-11,0.45063567552788936
2031-07-12,0.4201075712396785
2031-07-13,0.37953323390732924
2031-07-14,0.34382725359937694
2031-07-15,0.31349323104505894
2031-07-16,0.35824002472054717
2031-07-17,0.19508720285425044
2031-07-18,0.1810046591246969
2031-07-19,0.16486505356303266
2031-07-20,0.1504825985817095
2031-07-21,0.13772788359576799
2031-07-22,0.12555410323874
2031-07-23,0.11326411771654608
2031-07-24,0.10443565811643207
2031-07-25,0.09760304089327448
2031-07-26,0.09085603043533623
2031-07-27,0.07087365781520943
2031-07-28,0.06678764120247636
2031-07-29,0.06989437905079764
2031-07-30,0.062119025258285096
2031-07-31,0.06151445496461123
2031-08-01,0.05345950235774741
2031-08-02,0.14960926503181182
2031-08-03,0.04969944330436402
2031-08-04,0.13903936475872433
2031-08-05,0.07445110258804079
2031-08-06,0.5443266917541512
2031-08-07,0.9357946509040878
2031-08-08,0.7916968343893525
2031-08-09,0.04708021021517558
2031-08-10,0.1681324488517522
2031-08-11,0.05116546737942375
2031-08-12,0.1481870816822261
2031-08-13,0.04492988109784538
2031-08-14,0.04369308971944113
2031-08-15,0.04254836556765018
2031-08-16,0.04152667094363777
2031-08-17,0.04058249969509439
2031-08-18,0.056076875604887305
2031-08-19,0.03904106557310315
2031-08-20,0.03829376547219214
2031-08-21,0.037578169931687395
2031-08-22,0.03691200241492975
2031-08-23,0.04075747141279881
2031-08-24,0.035904845569646765
2031-08-25,0.03547520009075062
2031-08-26,0.035306648662107115
2031-08-27,0.42771725092000973
2031-08-28,0.03466082953403842
2031-08-29,0.03435240131286008
2031-08-30,0.03466702705764453
2031-08-31,0.033727637523325964
2031-09-01,0.014866325379036087
2031-09-02,0.014729409130366945
2031-09-03,0.01460922204446122
2031-09-04,0.01450783322269131
2031-09-05,0.014419314855761041
2031-09-06,0.014352310652174755
2031-09-07,0.014704970206875985
2031-09-08,0.014596405645095735
2031-09-09,0.014209119851505754
2031-09-10,0.1022332544885281
2031-09-11,0.014063697171995414
2031-09-12,0.013946848315411767
2031-09-13,0.01382181751611919
2031-09-14,0.013706402648065746
2031-09-15,0.013604365163760856
2031-09-16,0.013515944082544742
2031-09-17,0.013439566072788683
2031-09-18,0.013362350680087863
2031-09-19,0.013278426603010388
2031-09-20,0.01318888481867669
2031-09-21,0.013097980416360414
2031-09-22,0.013009893775498082
2031-09-23,0.012930085419977694
2031-09-24,0.0756527185195607
2031-09-25,0.03946624882552342
2031-09-26,0.07384276426640625
2031-09-27,0.057801662616901645
2031-09-28,0.013199326154971288
2031-09-29,0.017439694140569673
2031-09-30,0.04593077499367599
2031-10-01,0.021869728596368845
2031-10-02,0.020637625602760362
2031-10-03,0.02058616725294557
2031-10-04,0.02053823076754102
2031-10-05,0.020488409713746002
2031-10-06,0.020431947801472273
2031-10-07,0.02037971768178727
2031-10-08,0.0203376596672874
2031-10-09,0.020300407613437682
2031-10-10,0.020257459778755208
2031-10-11,0.17660912299713075
2031-10-12,1.1233015482630384
2031-10-13,0.8840738791708129
2031-10-14,0.173488124490353
2031-10-15,0.022615828882781932
2031-10-16,0.021241140686273835
2031-10-17,0.02146502320789078
2031-10-18,0.08082612558137245
2031-10-19,0.35807824173237585
2031-10-20,0.3048801425020953
2031-10-21,0.028714489817241604
2031-10-22,0.022552689894146213
2031-10-23,0.022794701057810035
2031-10-24,0.02299611374827318
2031-10-25,0.023167425705384676
2031-10-26,0.7841332615828571
2031-10-27,0.505043435077827
2031-10-28,0.5441764553605656
2031-10-29,0.3514517544951377
2031-10-30,0.5204277884386124
2031-10-31,0.07563323245308058
2031-11-01,0.09945436842256233
2031-11-02,0.07148480031280685
2031-11-03,0.03146666535348642
2031-11-04,0.02942134081328316
2031-11-05,0.030522170484136222
2031-11-06,0.8961613245857233
2031-11-07,1.5477311845551658
2031-11-08,1.1448373100511744
2031-11-09,2.0589952882933904
2031-11-10,0.59237131198609
2031-11-11,0.5015560715340543
2031-11-12,0.28613710239139384
2031-11-13,0.26163215601525797
2031-11-14,0.13300896601586995
2031-11-15,0.1937815359759107
2031-11-16,0.08283548721081618
2031-11-17,0.05426667767293376
2031-11-18,0.046772333252141626
2031-11-19,0.0484299725570975
2031-11-20,0.22629077181952362
2031-11-21,0.31882355913750077
2031-11-22,0.07083183666537929
2031-11-23,0.09530274357392027
2031-11-24,0.20473582734913595
2031-11-25,0.6117992053768069
2031-11-26,2.2498114009833703
2031-11-27,0.4670739363803221
2031-11-28,0.056011314177564595
2031-11-29,0.264026796377222
2031-11-30,0.6044211126216694
2031-12-01,1.5371428196046242
2031-12-02,0.48029422020278173
2031-12-03,0.3856893384936038
2031-12-04,0.6239252263699564
2031-12-05,0.3939907708552933
2031-12-06,0.6069763655185321
2031-12-07,1.6035656175497464
2031-12-08,3.3574955950553296
2031-12-09,1.568296611600417
2031-12-10,1.0713481324695158
2031-12-11,1.0156245314477126
2031-12-12,1.137071505734401
2031-12-13,3.0032320248013167
2031-12-14,9.684479967591802
2031-12-15,7.055445675413082
2031-12-16,6.1454632209585665
2031-12-17,5.147236427523647
2031-12-18,4.329701038580962
2031-12-19,3.529818203311184
2031-12-20,3.528258881055244
2031-12-21,3.4714822822602627
2031-12-22,3.362818847665412
2031-12-23,3.178945725893021
2031-12-24,2.9885740814249364
2031-12-25,2.770754416858656
2031-12-26,2.5401702562355952
2031-12-27,2.3353415345406674
2031-12-28,2.2260918270897365
2031-12-29,1.9881757479320874
2031-12-30,1.8419046495252078
2031-12-31,1.7307383558702112
2032-01-01,0.8355782995420733
2032-01-02,0.9951657771898484
2032-01-03,0.7137240754133299
2032-01-04,0.9294982605121133
2032-01-05,0.8379153411172107
2032-01-06,0.841683095013122
2032-01-07,0.9202601025215137
2032-01-08,0.8055006708515959
2032-01-09,0.7804509827589788
2032-01-10,0.7424907957925749
2032-01-11,0.692826335445107
2032-01-12,0.919322838264263
2032-01-13,0.7652247737113418
2032-01-14,0.747150607203677
2032-01-15,0.7200793891223926
2032-01-16,0.7213427965357859
2032-01-17,0.6958045782588093
2032-01-18,0.6911950381674472
2032-01-19,1.209761677822392
2032-01-20,0.6481960219431309
2032-01-21,0.6243435796017494
2032-01-22,0.7602425673395761
2032-01-23,0.610723797960007
2032-01-24,0.617472794650731
2032-01-25,0.5311850485183031
2032-01-26,0.5225572093788297
2032-01-27,0.51741477215488
2032-01-28,0.497337837866016
2032-01-29,0.5230899072249832
2032-01-30,0.6660528013533019
2032-01-31,0.5558159284451827
2032-02-01,0.6319083698581143
2032-02-02,0.4327313594589084
2032-02-03,0.5153872605419835
2032-02-04,0.5818331439713932
2032-02-05,0.8569459595937872
2032-02-06,0.42646113121799356
2032-02-07,0.40459561728187193
2032-02-08,0.39230866911182005
2032-02-09,0.3973019541670915
2032-02-10,0.3916597838633298
2032-02-11,0.39321856926948184
2032-02-12,0.5009185079613562
2032-02-13,0.9028889302858559
2032-02-14,0.47817372895127025
2032-02-15,0.4180303789510035
2032-02-16,0.43665402125642
2032-02-17,1.202301850216994
2032-02-18,0.5475493191870764
2032-02-19,0.4971176888058913
2032-02-20,0.5227805246253461
2032-02-21,0.8869671141382138
2032-02-22,0.9346118895641403
2032-02-23,0.7259851858950324
2032-02-24,0.49225896128938906
2032-02-25,0.44809816087495585
2032-02-26,0.4409835276390762
2032-02-27,0.4307298581556723
2032-02-28,0.4316196983129113
2032-02-29,0.4578942072900373
2032-03-01,0.6462144796119691
2032-03-02,0.6923397168648513
2032-03-03,0.6865053960200919
2032-03-04,0.7633907823864859
2032-03-05,0.8915033444024564
2032-03-06,0.9829809658794645
2032-03-07,0.6759689640399185
2032-03-08,0.6752727391588336
2032-03-09,1.2573471115381305
2032-03-10,0.8339775886056044
2032-03-11,0.8068300356728239
2032-03-12,0.898937558533515
2032-03-13,1.3592824098058829
2032-03-14,1.12098535533123
2032-03-15,0.7478493534707219
2032-03-16,0.9232894340548617
2032-03-17,0.7331958630282462
2032-03-18,0.7040173072074691
2032-03-19,0.7011268597827781
2032-03-20,0.6969253111755785
2032-03-21,0.7119180254369052
2032-03-22,0.7137394013392732
2032-03-23,0.6254296417965004
2032-03-24,0.6210511266704449
2032-03-25,0.6034933862082051
2032-03-26,0.6007037702210056
2032-03-27,0.590789967647525
2032-03-28,0.7147301996720612
2032-03-29,0.9512511845276997
2032-03-30,1.40122256252631
2032-03-31,2.2248806392566722
2032-04-01,2.890143385817622
2032-04-02,3.593476862506109
2032-04-03,4.3771767618862025
2032-04-04,3.491476450184007
2032-04-05,1.837084941978454
2032-04-06,2.0264264137254817
2032-04-07,2.6783391877723353
2032-04-08,3.5352934059744485
2032-04-09,3.867966882889036
2032-04-10,4.602673363624834
2032-04-11,4.587140603830632
2032-04-12,4.046983168213022
2032-04-13,5.293231486229023
2032-04-14,5.112486075295667
2032-04-15,4.851442655535845
2032-04-16,2.5492810830429
2032-04-17,2.4126125478880005
2032-04-18,2.3597074354636973
2032-04-19,2.3005212688593244
2032-04-20,2.2325872872419223
2032-04-21,2.2164214144478636
2032-04-22,2.258704685620875
2032-04-23,2.3842824406564525
2032-04-24,2.412149862335694
2032-04-25,3.027776388663877
2032-04-26,4.811214330925002
2032-04-27,9.309347461707322
2032-04-28,14.854599399257282
2032-04-29,16.29437736587213
2032-04-30,8.041714720516097
2032-05-01,4.95740755980318
2032-05-02,4.863162940273503
2032-05-03,6.920087256026775
2032-05-04,3.671498381880447
2032-05-05,3.4895135587748802
2032-05-06,3.7645944980911956
2032-05-07,7.24007735313879
2032-05-08,10.848791454482305
2032-05-09,15.05648029874642
2032-05-10,12.187025046382407
2032-05-11,10.386728779306983
2032-05-12,11.353230344671719
2032-05-13,14.269795415139228
2032-05-14,14.074109384419383
2032-05-15,10.880677253181544
2032-05-16,15.474950357593478
2032-05-17,9.726794650676217
2032-05-18,7.106588745898456
2032-05-19,8.095523116084571
2032-05-20,9.82942814813835
2032-05-21,9.912319027617858
2032-05-22,11.227137009854632
2032-05-23,10.837819578619037
2032-05-24,10.601935948492416
2032-05-25,10.313820537307029
2032-05-26,7.445309366468066
2032-05-27,2.6951866886338935
2032-05-28,2.238138200795302
2032-05-29,1.960355408670222
2032-05-30,2.063016273070863
2032-05-31,2.6628957696966484
2032-06-01,4.587002463260322
2032-06-02,6.031379154262567
2032-06-03,7.635367885956355
2032-06-04,5.79246531356029
2032-06-05,2.7593133702893566
2032-06-06,2.0177466522447403
2032-06-07,1.47162096058663
2032-06-08,1.5854936928262964
2032-06-09,1.8971790939029347
2032-06-10,1.5672959848017305
2032-06-11,1.6302891809076598
2032-06-12,1.523400989844404
2032-06-13,1.674126274881459
2032-06-14,1.6036238861853696
2032-06-15,1.1293892162520682
2032-06-16,1.2194961634237653
2032-06-17,1.2182745008369869
2032-06-18,1.3818325153830222
2032-06-19,1.7552715996282626
2032-06-20,1.8406681721855338
2032-06-21,1.8307525789713888
2032-06-22,1.0124809880757033
2032-06-23,1.2792181626093628
2032-06-24,1.1667445164034704
2032-06-25,0.9905086832683104
2032-06-26,0.8698661887954032
2032-06-27,0.8689610803554404
2032-06-28,0.8547057069635166
2032-06-29,1.1129836261625916
2032-06-30,1.648356226809552
2032-07-01,7.657720596633004
2032-07-02,8.44934674278984
2032-07-03,5.589566656605239
2032-07-04,4.357427923218356
2032-07-05,3.9249623453442193
2032-07-06,3.6106622225329255
2032-07-07,3.616950100435229
2032-07-08,3.5047487845749896
2032-07-09,2.406726402220642
2032-07-10,2.451156902928297
2032-07-11,2.26325542708148
2032-07-12,2.191902992420613
2032-07-13,2.0374995492979315
2032-07-14,2.1397228045127514
2032-07-15,2.1272449219922565
2032-07-16,2.1168049122113817
2032-07-17,2.140432342555392
2032-07-18,1.963883152889318
2032-07-19,2.4087710844701804
2032-07-20,1.4313804049003076
2032-07-21,1.0853877420292897
2032-07-22,3.0764121395844297
2032-07-23,0.7429236130827687
2032-07-24,0.610290394400832
2032-07-25,0.6063495148360708
2032-07-26,0.6055011796047616
2032-07-27,0.5731533784903038
2032-07-28,0.5017421253268527
2032-07-29,0.6111820989133768
2032-07-30,0.4063045943429793
2032-07-31,0.3593471017220459
2032-08-01,0.2346784146666588
2032-08-02,0.20044836762179533
2032-08-03,0.1778620972676034
2032-08-04,0.15868183627698162
2032-08-05,0.14018772955388775
2032-08-06,0.12374548668472808
2032-08-07,0.11184343540638768
2032-08-08,0.10308881512991289
2032-08-09,0.09380681902106783
2032-08-10,0.08492729524788172
2032-08-11,0.07864610434012005
2032-08-12,0.07527969139804823
2032-08-13,0.06917529276944932
2032-08-14,0.05770279414574678
2032-08-15,0.059602285755090974
2032-08-16,0.052470612686901355
2032-08-17,0.0503925225525106
2032-08-18,0.04842201014083696
2032-08-19,0.04656899691878492
2032-08-20,0.044843814464109705
2032-08-21,0.04330189220072505
2032-08-22,0.04197917304970252
2032-08-23,0.04699508324528483
2032-08-24,0.039982649912745354
2032-08-25,0.039125047590332786
2032-08-26,0.038330523930112416
2032-08-27,0.037711890268876426
2032-08-28,0.03773450172507664
2032-08-29,0.036464979380505726
2032-08-30,0.03838165862488369
2032-08-31,0.035464081431377574
2032-09-01,0.03915988897474213
2032-09-02,0.015567925809147787
2032-09-03,0.015444830193687503
2032-09-04,0.01531887220221149
2032-09-05,0.015179595587137034
2032-09-06,0.015009044346171275
2032-09-07,0.014816096932992684
2032-09-08,0.014619564496096043
2032-09-09,0.014438492572497382
2032-09-10,0.014285554751029913
2032-09-11,0.01416006528977854
2032-09-12,0.014052709431203014
2032-09-13,0.0139554199413231
2032-09-14,0.013860768857018833
2032-09-15,0.015040981285919483
2032-09-16,0.01369372855486657
2032-09-17,0.013616722574182945
2032-09-18,0.013557348734486312
2032-09-19,0.013505244046558763
2032-09-20,0.013447280482010668
2032-09-21,0.013385274491753398
2032-09-22,0.013332362827992683
2032-09-23,0.013298188525769923
2032-09-24,0.01326809145678336
2032-09-25,0.013217212813646361
2032-09-26,0.01314360125073919
2032-09-27,0.013067687594885531
2032-09-28,0.013001374574553283
2032-09-29,0.012950124492481518
2032-09-30,0.012912395288960852
2032-10-01,0.020926865203393194
2032-10-02,0.020843673995552574
2032-10-03,0.020745940500028138
2032-10-04,0.020647873839582404
2032-10-05,0.020553469089517815
2032-10-06,0.08104864527302191
2032-10-07,0.02039577919978622
2032-10-08,0.020320977089234218
2032-10-09,0.020253738984814855
2032-10-10,0.020195687440110043
2032-10-11,0.020139226755004454
2032-10-12,0.02008086040365293
2032-10-13,0.02002677473256817
2032-10-14,0.020019600013787595
2032-10-15,0.019937269467542304
2032-10-16,0.01989297678460239
2032-10-17,0.02753465909798846
2032-10-18,0.01983557309962493
2032-10-19,0.019822300402765308
2032-10-20,0.019802711609938857
2032-10-21,0.019774200150922953
2032-10-22,0.01974257153961676
2032-10-23,0.019714974053221673
2032-10-24,0.019694140505365686
2032-10-25,0.019682321877825065
2032-10-26,0.019674540876314737
2032-10-27,0.019665319873801015
2032-10-28,0.01965016315031167
2032-10-29,0.019629685247336093
2032-10-30,0.01961216888021217
2032-10-31,0.01959437001400805
2032-11-01,0.02057730852632763
2032-11-02,0.02054934384231286
2032-11-03,0.020519304802930106
2032-11-04,0.020489696247202562
2032-11-05,0.02062574328652955
2032-11-06,0.020446951580121227
2032-11-07,0.020431746574577397
2032-11-08,0.02043882087669409
2032-11-09,0.6655121983248976
2032-11-10,0.10977977554093872
2032-11-11,0.08921441060517456
2032-11-12,0.12256296143536427
2032-11-13,0.07462703401419463
2032-11-14,0.39468117485645826
2032-11-15,0.029315662599649996
2032-11-16,0.028599955346126766
2032-11-17,0.029758490599121747
2032-11-18,0.025605802530788976
2032-11-19,0.021358933330378208
2032-11-20,0.021597475960575072
2032-11-21,0.059774274378016155
2032-11-22,0.1272616238426835
2032-11-23,0.02891922701364265
2032-11-24,0.024245246876471137
2032-11-25,0.026862188519902443
2032-11-26,0.023668492001339324
2032-11-27,0.0912935201816376
2032-11-28,0.08978952653250048
2032-11-29,0.02999804942160084
2032-11-30,0.02789900358667831
2032-12-01,0.028391058923192786
2032-12-02,0.048949476466757416
2032-12-03,0.06291782215957896
2032-12-04,0.07418176036330135
2032-12-05,0.06398013512509698
2032-12-06,0.04884375700966694
2032-12-07,0.049093143856333454
2032-12-08,0.10887703621153401
2032-12-09,0.1346844565468731
2032-12-10,0.045731294146338156
2032-12-11,0.03606727215435993
2032-12-12,0.051473061725042686
2032-12-13,0.07363229718371479
2032-12-14,0.13836893207098552
2032-12-15,0.1957876710846103
2032-12-16,0.14129664518146867
2032-12-17,0.10535533510124276
2032-12-18,0.02993004621681446
2032-12-19,0.02651798797156685
2032-12-20,0.06405232571614113
2032-12-21,0.07373814482104289
2032-12-22,0.04861053749138414
2032-12-23,0.04438126111895804
2032-12-24,0.02807777147570225
2032-12-25,0.028900799163719283
2032-12-26,0.03397786348912563
2032-12-27,0.032279178050316826
2032-12-28,0.03531668635859795
2032-12-29,0.04199047394095394
2032-12-30,0.0407731271591999
2032-12-31,0.03968412807110098
2033-01-01,0.0770001395832464
2033-01-02,0.14736807830201587
2033-01-03,0.18829001234420928
2033-01-04,0.42513354005858583
2033-01-05,0.10070296811379821
2033-01-06,0.3309690131453227
2033-01-07,0.05894891082298601
2033-01-08,0.013073630724162117
2033-01-09,0.02750048463433818
2033-01-10,0.03617239294661495
2033-01-11,0.026705118169049472
2033-01-12,0.02726292216541974
2033-01-13,0.32348108814772203
2033-01-14,0.2518257975630471
2033-01-15,0.8015311511482183
2033-01-16,0.45483360317153076
2033-01-17,0.25327012375819524
2033-01-18,0.11690805802379214
2033-01-19,0.025339627717915196
2033-01-20,0.01703634459314988
2033-01-21,0.0556446778870987
2033-01-22,0.3083575716829967
2033-01-23,4.131111972935772
2033-01-24,5.852185039157406
2033-01-25,1.6058044914861718
2033-01-26,0.6469311368304363
2033-01-27,0.4691523156765903
2033-01-28,0.522407481315904
2033-01-29,0.6139963707633792
2033-01-30,1.03115002972409
2033-01-31,0.9264096065954881
2033-02-01,0.6338743697999721
2033-02-02,1.1245313254761362
2033-02-03,1.6018563743610048
2033-02-04,0.6150584866546553
2033-02-05,0.8387418079726341
2033-02-06,0.6582562290540133
2033-02-07,0.574091396620008
2033-02-08,0.7378446645904587
2033-02-09,0.6593419716303511
2033-02-10,0.5756944238958347
2033-02-11,0.5573521660119656
2033-02-12,0.5871088173817187
2033-02-13,0.8184010081642595
2033-02-14,0.5971260950240181
2033-02-15,0.648362598768674
2033-02-16,0.5814542034847833
2033-02-17,0.5301307337133335
2033-02-18,0.5351545230138924
2033-02-19,0.5338546520830479
2033-02-20,0.5060467404029969
2033-02-21,0.5472239678171733
2033-02-22,0.551136756454325
2033-02-23,0.6231716278849296
2033-02-24,0.6423411190722469
2033-02-25,0.6540483262511797
2033-02-26,0.9794671635434918
2033-02-27,0.7161876774596423
2033-02-28,0.590426492305803
2033-03-01,0.7969750311878921
2033-03-02,0.730699128867092
2033-03-03,0.6687385152192817
2033-03-04,0.6806674713888098
2033-03-05,0.7231677368667618
2033-03-06,0.8211329822713667
2033-03-07,0.9782335194791617
2033-03-08,0.9559022514897803
2033-03-09,1.0323888961351249
2033-03-10,1.2216220500206652
2033-03-11,1.1938072374965147
2033-03-12,1.3096548772473744
2033-03-13,1.1154903722554896
2033-03-14,1.1100308715521339
2033-03-15,1.4625322838498505
2033-03-16,1.9086447860354108
2033-03-17,2.1229546663589156
2033-03-18,1.7551196550356114
2033-03-19,1.7991602804664173
2033-03-20,1.4694932502069495
2033-03-21,1.0791261710528055
2033-03-22,0.9004634140801335
2033-03-23,0.896281301668176
2033-03-24,0.932252735531719
2033-03-25,1.072483180346739
2033-03-26,1.1341033456656529
2033-03-27,1.292834894905178
2033-03-28,2.047692309443329
2033-03-29,1.2431619495233253
2033-03-30,0.9830681842103857
2033-03-31,1.0200252053711234
2033-04-01,1.2741042555011146
2033-04-02,1.1647328381737403
2033-04-03,1.1412787224693168
2033-04-04,1.1440629273790022
2033-04-05,1.060179397521382
2033-04-06,1.0160323794838828
2033-04-07,1.1130803300354661
2033-04-08,1.148998417230079
2033-04-09,1.2149348146449668
2033-04-10,0.9107803835695355
2033-04-11,0.8881064680008818
2033-04-12,0.8709487705119717
2033-04-13,0.8781903629033702
2033-04-14,0.9729446810286182
2033-04-15,1.3038779817303094
2033-04-16,1.5054911584692163
2033-04-17,1.385042141290231
2033-04-18,1.1516222750579397
2033-04-19,1.2311842779730773
2033-04-20,1.1129917118220576
2033-04-21,1.18196947293787
2033-04-22,1.1777143375396946
2033-04-23,1.4507501329199923
2033-04-24,1.990027392387725
2033-04-25,1.6018078306117507
2033-04-26,1.661034299609569
2033-04-27,1.6210581382827534
2033-04-28,1.3627669436637955
2033-04-29,1.3102695612305655
2033-04-30,1.3031019458659094
2033-05-01,1.2860174116841443
2033-05-02,1.1710029934652861
2033-05-03,1.1142395704127808
2033-05-04,1.1300461054355002
2033-05-05,0.9780493533173539
2033-05-06,0.9265298649781452
2033-05-07,0.9714051649236702
2033-05-08,1.2881727104964682
2033-05-09,2.066520752274367
2033-05-10,1.979771136739655
2033-05-11,2.3296371216519773
2033-05-12,2.4999293606638293
2033-05-13,2.735739352199419
2033-05-14,3.20896798735369
2033-05-15,4.609976940894885
2033-05-16,3.5509166007201394
2033-05-17,3.6003534027315065
2033-05-18,4.402831683111705
2033-05-19,5.018134921993829
2033-05-20,6.324796358656941
2033-05-21,7.01919292268488
2033-05-22,7.222333366500184
2033-05-23,6.343088836649911
2033-05-24,2.776099957300486
2033-05-25,4.49676554031243
2033-05-26,7.381706410617345
2033-05-27,7.579584851950444
2033-05-28,11.74370967874489
2033-05-29,11.963459056466275
2033-05-30,11.933963888472952
2033-05-31,13.343924583349576
2033-06-01,12.205721465501732
2033-06-02,11.939583311686569
2033-06-03,9.343170661906024
2033-06-04,8.683667869299725
2033-06-05,7.645892828850772
2033-06-06,7.587164181325241
2033-06-07,7.3980524195688595
2033-06-08,7.629302075885441
2033-06-09,9.703753672167677
2033-06-10,7.532948202995206
2033-06-11,5.493956248452255
2033-06-12,4.652018871968653
2033-06-13,3.771303975824411
2033-06-14,2.0559630763425343
2033-06-15,2.5318770478212644
2033-06-16,3.6426916364970445
2033-06-17,3.6235654266646513
2033-06-18,3.5690315754361595
2033-06-19,2.8491876260111066
2033-06-20,2.461184289174318
2033-06-21,1.9628929258987995
2033-06-22,1.7892289048587497
2033-06-23,1.8041358573007145
2033-06-24,1.2164896121057596
2033-06-25,0.907861864506264
2033-06-26,0.8535708359159264
2033-06-27,0.880122453755639
2033-06-28,0.7901191951117932
2033-06-29,0.740090460593799
2033-06-30,0.7194609776232453
2033-07-01,2.2947192853241303
2033-07-02,2.0309451976406936
2033-07-03,1.8820918075370863
2033-07-04,1.8978750539797193
2033-07-05,1.7817690343663444
2033-07-06,1.6537917396394484
2033-07-07,1.3413380719008472
2033-07-08,1.2411935356813633
2033-07-09,1.231228983943005
2033-07-10,1.1567529033056037
2033-07-11,0.723781856734271
2033-07-12,0.726974335494246
2033-07-13,0.743287288941087
2033-07-14,0.7881558528235195
2033-07-15,0.8093964499376578
2033-07-16,0.5564742355601818
2033-07-17,0.4555512779062646
2033-07-18,0.43365437209904
2033-07-19,0.42361504101129804
2033-07-20,0.37675963665095963
2033-07-21,0.3315234395284589
2033-07-22,0.2357681174489713
2033-07-23,0.2032659309784147
2033-07-24,0.1817398526376761
2033-07-25,0.16409449013056102
2033-07-26,0.14625329021984765
2033-07-27,0.22789139819395104
2033-07-28,0.114387842271238
2033-07-29,0.10099674470619763
2033-07-30,0.09142713142629035
2033-07-31,0.08374449356676339
2033-08-01,0.07187963618471488
2033-08-02,0.08204492087418384
2033-08-03,0.054586900866074206
2033-08-04,0.050250911004027475
2033-08-05,0.04818827509231643
2033-08-06,0.04654122896961403
2033-08-07,0.07203514270410864
2033-08-08,0.04349954771441449
2033-08-09,0.04210397122261983
2033-08-10,0.04079685826358683
2033-08-11,0.0395363152321009
2033-08-12,0.03841332604139817
2033-08-13,0.041785134496958795
2033-08-14,0.036978954775003965
2033-08-15,0.03640877020159324
2033-08-16,0.03567210684005068
2033-08-17,0.034979807187994316
2033-08-18,0.034270443178045236
2033-08-19,0.03358282343502067
2033-08-20,0.032943103562405346
2033-08-21,0.032370457430087395
2033-08-22,0.03188750920519554
2033-08-23,0.03145419469154488
2033-08-24,0.04070352120393643
2033-08-25,0.030706629762346244
2033-08-26,0.03037366945065615
2033-08-27,0.030055208030112072
2033-08-28,0.029817489016861057
2033-08-29,0.031178323615037765
2033-08-30,0.029512833172179672
2033-08-31,0.029378042734791457
2033-09-01,0.013002086587026097
2033-09-02,0.012931338781300263
2033-09-03,0.012874501557526697
2033-09-04,0.012812836087151513
2033-09-05,0.1659103115856005
2033-09-06,0.02902523438805071
2033-09-07,0.012732128677231142
2033-09-08,0.2825411696934904
2033-09-09,0.01263474597506694
2033-09-10,0.012578791669156313
2033-09-11,0.012524253208507613
2033-09-12,0.012470926875572651
2033-09-13,0.012416038459810215
2033-09-14,0.012359341119481632
2033-09-15,0.012306590027616528
2033-09-16,0.012261174444082167
2033-09-17,0.012219560869339126
2033-09-18,0.012176348288306027
2033-09-19,0.012138849601244039
2033-09-20,0.012109914270141551
2033-09-21,0.012118266779893461
2033-09-22,0.012067584285036098
2033-09-23,0.012043772966981519
2033-09-24,0.012011876512815918
2033-09-25,0.011974831388508701
2033-09-26,0.011936964567715345
2033-09-27,0.011900377857918445
2033-09-28,0.011867805987125559
2033-09-29,0.011839759184398925
2033-09-30,0.011815060434442647
2033-10-01,0.01917027259006464
2033-10-02,0.01914398045680565
2033-10-03,0.01912569355005722
2033-10-04,0.019112610786230246
2033-10-05,0.0190984401920397
2033-10-06,0.0190799568788436
2033-10-07,0.019060250819615425
2033-10-08,0.08408967003500328
2033-10-09,0.01903347037185405
2033-10-10,0.019014062343183216
2033-10-11,0.018996612240072125
2033-10-12,0.3176278996951927
2033-10-13,0.10489588345043108
2033-10-14,0.07355687524206488
2033-10-15,0.045439475398572536
2033-10-16,0.01893997264182405
2033-10-17,0.01891864247761023
2033-10-18,0.018899903338802926
2033-10-19,0.018884231133806825
2033-10-20,0.018871079412558042
2033-10-21,0.01886041630664398
2033-10-22,0.019033853807582875
2033-10-23,0.019124403570385373
2033-10-24,0.01882377378403217
2033-10-25,0.018802818768056485
2033-10-26,0.01878211524053468
2033-10-27,0.018764884288554454
2033-10-28,0.0313846133960848
2033-10-29,0.019181244198509976
2033-10-30,0.018726131995742648
2033-10-31,0.12099606884348313
2033-11-01,0.02085310971227497
2033-11-02,0.01966131296354831
2033-11-03,0.020021220245634307
2033-11-04,0.019938405482866108
2033-11-05,0.019629118899369073
2033-11-06,0.13033616091614325
2033-11-07,0.02070764898219357
2033-11-08,0.020069404665529825
2033-11-09,0.01959752603621356
2033-11-10,0.019587040225192198
2033-11-11,0.01957560920856873
2033-11-12,0.01956619318640302
2033-11-13,0.12711091190528306
2033-11-14,0.39548425289112027
2033-11-15,0.16637989377955625
2033-11-16,0.06756750341255437
2033-11-17,0.07030740930542347
2033-11-18,0.05115770453190773
2033-11-19,0.08709241851381976
2033-11-20,0.17986857888566823
2033-11-21,0.19071056939290792
2033-11-22,0.09481080072822394
2033-11-23,0.07764383139203
2033-11-24,0.056806091826052126
2033-11-25,0.022841034878211118
2033-11-26,0.021185706825282556
2033-11-27,0.021432523388059354
2033-11-28,0.23680571441668904
2033-11-29,0.18184084072356185
2033-11-30,0.024150325030881263
2033-12-01,0.02530334487869528
2033-12-02,0.02167999236837277
2033-12-03,0.025288757436125322
2033-12-04,0.029482559680000374
2033-12-05,0.04388600737198652
2033-12-06,0.05086040550895179
2033-12-07,0.09218956750726003
2033-12-08,0.029978707205826058
2033-12-09,0.14179994286392766
2033-12-10,0.15160119922034207
2033-12-11,0.1186034001270264
2033-12-12,0.13131871989056898
2033-12-13,0.06468461723307083
2033-12-14,0.027229061099429425
2033-12-15,0.02308953989641225
2033-12-16,0.02322483936116043
2033-12-17,0.02334273029483887
2033-12-18,0.023445995268406666
2033-12-19,0.023715865660234346
2033-12-20,0.02361873135219754
2033-12-21,0.024399298738248566
2033-12-22,0.02444746882667464
2033-12-23,0.025896623058517223
2033-12-24,0.05678702889215858
2033-12-25,0.02693773842495132
2033-12-26,0.03944080896534925
2033-12-27,0.029414385164116687
2033-12-28,0.02507197591351114
2033-12-29,0.03545680555234267
2033-12-30,0.03249700873128383
2033-12-31,0.03490163961356117
2034-01-01,0.01708868432027189
2034-01-02,0.01236253659144218
2034-01-03,0.01587772634008121
2034-01-04,0.009517545467768881
2034-01-05,0.01112616331752819
2034-01-06,0.011546547478854566
2034-01-07,0.012835208651460565
2034-01-08,0.01007108260300901
2034-01-09,0.014475967713466417
2034-01-10,0.008710612010621972
2034-01-11,0.014804013422763964
2034-01-12,0.009888186584859035
2034-01-13,0.010093544085518035
2034-01-14,0.00870603341213255
2034-01-15,0.009538796931734364
2034-01-16,0.009226047892896577
2034-01-17,0.008618787351933296
2034-01-18,0.021668725548132598
2034-01-19,0.00937778056346569
2034-01-20,0.008624213674799102
2034-01-21,0.009351385090570773
2034-01-22,0.011596021865431173
2034-01-23,0.009079039347696547
2034-01-24,0.019667034807613604
2034-01-25,0.034328458404579605
2034-01-26,0.01883633773269946
2034-01-27,0.013840442287972415
2034-01-28,0.00872274941115362
2034-01-29,0.008843019605317325
2034-01-30,0.009354934310125105
2034-01-31,0.036411385193178596
2034-02-01,0.03372045557599861
2034-02-02,0.0103452188416507
2034-02-03,0.011306271298278844
2034-02-04,0.008024794095605196
2034-02-05,0.008047262123917794
2034-02-06,0.00808904674058479
2034-02-07,0.011221780008335012
2034-02-08,0.008155223418101022
2034-02-09,0.011212379468291752
2034-02-10,0.009726444747917338
2034-02-11,0.013845916328648112
2034-02-12,0.018390176208070444
2034-02-13,0.12855101461721627
2034-02-14,0.09445727249144639
2034-02-15,0.03657060035887594
2034-02-16,0.03941374596531094
2034-02-17,0.025700700415688935
2034-02-18,0.031059186824251905
2034-02-19,0.019073739193571637
2034-02-20,0.06135058468160626
2034-02-21,0.07584372577653324
2034-02-22,0.08117789361461
2034-02-23,0.04673141722591809
2034-02-24,0.09901060701689753
2034-02-25,0.0711714886039818
2034-02-26,0.041421645096203386
2034-02-27,0.00890199303666411
2034-02-28,0.008993014884903167
2034-03-01,0.016757194799855463
2034-03-02,0.015369024226820634
2034-03-03,0.04271236538941674
2034-03-04,0.06045492598463638
2034-03-05,0.014259303608514797
2034-03-06,0.015541639906758104
2034-03-07,0.041639821899068626
2034-03-08,0.028233825655324524
2034-03-09,0.01476940771037621
2034-03-10,0.01740268699981658
2034-03-11,0.031186820886626793
2034-03-12,0.03500732839776976
2034-03-13,0.025687331947349283
2034-03-14,0.012049779128556011
2034-03-15,0.013761882483453216
2034-03-16,0.012641587663797563
2034-03-17,0.011748730819848107
2034-03-18,0.01850571962751879
2034-03-19,0.03039537685932737
2034-03-20,0.03615357985037931
2034-03-21,0.04739526721379459
2034-03-22,0.03776656914737026
2034-03-23,0.013110526230214265
2034-03-24,0.01247726286720383
2034-03-25,0.011534087351187073
2034-03-26,0.011464644641511541
2034-03-27,0.01104561353486909
2034-03-28,0.01108225682867235
2034-03-29,0.011474814664352304
2034-03-30,0.010774759032842774
2034-03-31,0.0107603483241094
2034-04-01,0.013173025922558756
2034-04-02,0.01353735261931798
2034-04-03,0.01275088096728743
2034-04-04,0.4626582552803308
2034-04-05,0.18736334500390386
2034-04-06,0.1454559965054545
2034-04-07,0.29504049161627605
2034-04-08,0.15572146950341656
2034-04-09,0.11601951023864995
2034-04-10,0.059928870755494336
2034-04-11,0.09152636170159355
2034-04-12,0.3241634659631148
2034-04-13,0.2060109221404392
2034-04-14,0.07812225643249268
2034-04-15,0.05415209026768017
2034-04-16,0.32811040021077675
2034-04-17,0.46529583421391396
2034-04-18,0.06077113238918764
2034-04-19,0.021388081340795617
2034-04-20,0.019404810012018044
2034-04-21,0.12132476599183314
2034-04-22,0.1264731984179585
2034-04-23,0.041406446080058494
2034-04-24,0.0308484782402794
2034-04-25,0.0616563691605945
2034-04-26,0.03578522333780626
2034-04-27,0.26048557649070087
2034-04-28,0.8373637292441113
2034-04-29,0.911599943766506
2034-04-30,0.6735788845331054
2034-05-01,0.6708517259815334
2034-05-02,0.3470032766605625
2034-05-03,0.11591345162303512
2034-05-04,0.05534541909019196
2034-05-05,0.039309683894361534
2034-05-06,0.033969098788535095
2034-05-07,0.03835577110560851
2034-05-08,0.11958614752264214
2034-05-09,0.05111462476183983
2034-05-10,0.024798440139213167
2034-05-11,0.032206275596548026
2034-05-12,0.02674131436989015
2034-05-13,0.023538689319531257
2034-05-14,0.02304322065342729
2034-05-15,0.023613314326077977
2034-05-16,0.033373885828892946
2034-05-17,0.16833196561439953
2034-05-18,0.03000495476443159
2034-05-19,0.0213914482245144
2034-05-20,0.02090400535516735
2034-05-21,0.020332325804693817
2034-05-22,0.019741113915645196
2034-05-23,0.01917798062265507
2034-05-24,0.01868943643009301
2034-05-25,0.018312081768362683
2034-05-26,0.020047312373896942
2034-05-27,0.017770872873942058
2034-05-28,0.01889752520715172
2034-05-29,0.017256262746326776
2034-05-30,0.017052712598583274
2034-05-31,0.15687440763040425
2034-06-01,0.041159561835564955
2034-06-02,0.014909551093817081
2034-06-03,0.05431913890783264
2034-06-04,0.05717026522918287
2034-06-05,0.034472072161469344
2034-06-06,0.016401444094034236
2034-06-07,0.014068841567553447
2034-06-08,0.013846763005616504
2034-06-09,0.013621127054797441
2034-06-10,0.013397418160678054
2034-06-11,0.013209444514539792
2034-06-12,0.015946618930198216
2034-06-13,0.013181663565281289
2034-06-14,0.012871431189324663
2034-06-15,0.012733878125355409
2034-06-16,0.012591905810077096
2034-06-17,0.02351407761287508
2034-06-18,0.01235715380650204
2034-06-19,0.013076981512624743
2034-06-20,0.012165804942059667
2034-06-21,0.012056280552881396
2034-06-22,0.012696576876390874
2034-06-23,0.011836050730126186
2034-06-24,0.017658397431898443
2034-06-25,0.014723318674368404
2034-06-26,0.019343864625814226
2034-06-27,0.012283687759032838
2034-06-28,0.011305361988925747
2034-06-29,0.011166375039396508
2034-06-30,0.011023795437887608
2034-07-01,0.03563863955349446
2034-07-02,0.03514298409434682
2034-07-03,0.03464991499759485
2034-07-04,0.03422218324000507
2034-07-05,0.033812856338307835
2034-07-06,0.03343117183881207
2034-07-07,0.0351511559992438
2034-07-08,0.03279149968100109
2034-07-09,0.032513855344048624
2034-07-10,0.0322432650416429
2034-07-11,0.03198859024130836
2034-07-12,0.03174572181067756
2034-07-13,0.03149602097738017
2034-07-14,0.03124424161486334
2034-07-15,0.031004904546285815
2034-07-16,0.030786624310085744
2034-07-17,0.03059534766154156
2034-07-18,0.030418117449552605
2034-07-19,0.030229577510786095
2034-07-20,0.031029486629464052
2034-07-21,0.02985262680623636
2034-07-22,0.029663539206369237
2034-07-23,0.029486306212727523
2034-07-24,0.029319116326962796
2034-07-25,0.029163733250191542
2034-07-26,0.02902258158830859
2034-07-27,0.0706406617017925
2034-07-28,0.028808514139835206
2034-07-29,0.028724863425753835
2034-07-30,0.028642930138325494
2034-07-31,0.028570625182112744
2034-08-01,0.026058801834388252
2034-08-02,0.026010436923304535
2034-08-03,0.02596569018481449
2034-08-04,0.025920682966625013
2034-08-05,0.02587605136852464
2034-08-06,0.02583683539950154
2034-08-07,0.025802979010303397
2034-08-08,0.025770348241842964
2034-08-09,0.025736095441624928
2034-08-10,0.02570015448983278
2034-08-11,0.025664852190229542
2034-08-12,0.02563104876158091
2034-08-13,0.033852227886241835
2034-08-14,0.025573918378683915
2034-08-15,0.030312400792715945
2034-08-16,0.026315831256089092
2034-08-17,0.07526689369714361
2034-08-18,0.02558453134057019
2034-08-19,0.030798815681997653
2034-08-20,0.025459249330864714
2034-08-21,0.05697735936424165
2034-08-22,0.02543133144266977
2034-08-23,0.02541875134992273
2034-08-24,0.02540665505565711
2034-08-25,0.032263109315645036
2034-08-26,0.02538522594571625
2034-08-27,0.027444619093523012
2034-08-28,0.025366251293644778
2034-08-29,0.025357135345519023
2034-08-30,0.025348622340085204
2034-08-31,0.025346110479438473
2034-09-01,0.011271153752458877
2034-09-02,0.011267842885117804
2034-09-03,0.01126456669905408
2034-09-04,0.011261223405876987
2034-09-05,0.011257812969606202
2034-09-06,0.020122699691109257
2034-09-07,0.030685991672801182
2034-09-08,0.032716191229280066
2034-09-09,0.011245514600238163
2034-09-10,0.011242501179720308
2034-09-11,0.017391249672888413
2034-09-12,0.011236531044128745
2034-09-13,0.011233418447315782
2034-09-14,0.01123026010348611
2034-09-15,0.011227119233803894
2034-09-16,0.011224020673373185
2034-09-17,0.011220958174754448
2034-09-18,0.01271007543436632
2034-09-19,0.011214867849956555
2034-09-20,0.011211819431276217
2034-09-21,0.01120876398051725
2034-09-22,0.011205710314290145
2034-09-23,0.011202671726000927
2034-09-24,0.039185240383019806
2034-09-25,0.06701852666786136
2034-09-26,0.011213193055029725
2034-09-27,0.012248968295942643
2034-09-28,0.020964708659176847
2034-09-29,0.01580956360128968
2034-09-30,0.011182412207933973
2034-10-01,0.018171553762496424
2034-10-02,0.01816667183950894
2034-10-03,0.018161874846626947
2034-10-04,0.018157298370562423
2034-10-05,0.01853262147222147
2034-10-06,0.02024267414440824
2034-10-07,0.01814386538766289
2034-10-08,0.018139389911862966
2034-10-09,0.01813491490086887
2034-10-10,0.018130440365966505
2034-10-11,0.018125967136213037
2034-10-12,0.01812149419375685
2034-10-13,0.018117022246579153
2034-10-14,0.01811255119412633
2034-10-15,0.018108081435535633
2034-10-16,0.018103613904522343
2034-10-17,0.018099147353396863
2034-10-18,0.018094682119732964
2034-10-19,0.01809021802191811
2034-10-20,0.01808575470083079
2034-10-21,0.01808129259665162
2034-10-22,0.01808364312373827
2034-10-23,0.018234699653441176
2034-10-24,0.01806791238712161
2034-10-25,0.01975158340842799
2034-10-26,0.02436339703035465
2034-10-27,0.06026837434739825
2034-10-28,0.01805008725171677
2034-10-29,0.018045633795175094
2034-10-30,0.018041181231306384
2034-10-31,0.01803672961243897
2034-11-01,0.019017305651031755
2034-11-02,0.019085454336532984
2034-11-03,0.01895079806026298
2034-11-04,0.01894612214735525
2034-11-05,0.018941447244258926
2034-11-06,0.01893677371131142
2034-11-07,0.018932101012321
2034-11-08,0.01903373988550085
2034-11-09,0.019343809542780203
2034-11-10,0.0189264576445289
2034-11-11,0.018913422689033673
2034-11-12,0.018908756087747187
2034-11-13,0.018904090311787015
2034-11-14,0.01889942597933835
2034-11-15,0.018894762877866424
2034-11-16,0.018890100746287462
2034-11-17,0.025647314543571945
2034-11-18,0.10900172578444273
2034-11-19,0.031934235246178416
2034-11-20,0.06716518943067677
2034-11-21,0.0637596736462487
2034-11-22,0.02688454321274716
2034-11-23,0.01912970447406219
2034-11-24,0.018903138022405817
2034-11-25,0.02011637483320352
2034-11-26,0.018894729946813228
2034-11-27,0.018847510860767618
2034-11-28,0.018907120891129912
2034-11-29,0.01895900018946679
2034-11-30,0.0188332384867378
2034-12-01,0.020053984742041363
2034-12-02,0.020701012833438743
2034-12-03,0.019903917255926808
2034-12-04,0.019899019798939557
2034-12-05,0.021008031929631823
2034-12-06,0.019889230502439303
2034-12-07,0.021183808919707007
2034-12-08,0.019907124339451448
2034-12-09,0.019894880982936874
2034-12-10,0.022724965088066856
2034-12-11,0.019864782906254066
2034-12-12,0.13510142410738668
2034-12-13,0.5392091071752414
2034-12-14,0.16930162440734864
2034-12-15,0.10647053548884806
2034-12-16,0.19308851842477653
2034-12-17,0.16510561572209012
2034-12-18,0.03725793412857573
2034-12-19,0.062011266973850246
2034-12-20,0.07354555618935822
2034-12-21,0.08401280343238901
2034-12-22,0.10579779156598243
2034-12-23,0.28327004571949976
2034-12-24,0.45955479756083334
2034-12-25,0.5229558159167483
2034-12-26,0.14940848789160624
2034-12-27,0.08480544805935811
2034-12-28,0.05349452607668541
2034-12-29,0.04431878578014388
2034-12-30,0.04462909381220357
2034-12-31,0.042271394275665564
2035-01-01,0.014809748853107174
2035-01-02,0.023667733958495384
2035-01-03,0.02396404762322898
2035-01-04,0.013588485215496252
2035-01-05,0.01452229275451847
2035-01-06,0.01468533212827036
2035-01-07,0.026031688859664094
2035-01-08,0.021538709286513465
2035-01-09,0.0157629944917931
2035-01-10,0.2490498581939732
2035-01-11,0.015725240952453333
2035-01-12,0.01142904966522624
2035-01-13,0.01346157352825318
2035-01-14,0.012070009681763676
2035-01-15,0.011942115922691338
2035-01-16,0.010246061286377077
2035-01-17,0.014485242853118795
2035-01-18,0.019585442430372527
2035-01-19,0.02672877735224698
2035-01-20,0.03137774812778822
2035-01-21,0.014031648234986198
2035-01-22,0.023552825355909364
2035-01-23,0.029794629744166436
2035-01-24,0.015245189828003837
2035-01-25,0.00923989199529047
2035-01-26,0.009517307704744694
2035-01-27,0.010004261087047968
2035-01-28,0.009314612754664147
2035-01-29,0.010435448913770103
2035-01-30,0.011323186822016813
2035-01-31,0.012387452259423429
2035-02-01,0.017444117832300893
2035-02-02,0.012696080738164072
2035-02-03,0.015332864318479064
2035-02-04,0.01039326021065831
2035-02-05,0.010506721006582589
2035-02-06,0.027309747557655126
2035-02-07,0.031287712489406726
2035-02-08,0.0467785718070533
2035-02-09,0.07391516151578563
2035-02-10,0.09358216243299014
2035-02-11,0.0529997321477465
2035-02-12,0.0284119907065704
2035-02-13,0.010666031661379959
2035-02-14,0.01223704210570534
2035-02-15,0.013760228826624556
2035-02-16,0.012737162673409332
2035-02-17,0.012578250281384994
2035-02-18,0.038262818160804755
2035-02-19,0.050444627099212346
2035-02-20,0.26012090582254055
2035-02-21,0.05842534156779712
2035-02-22,0.09541204086965761
2035-02-23,0.011661352622165031
2035-02-24,0.00980449190860516
2035-02-25,0.010778611262777944
2035-02-26,0.013532878292856912
2035-02-27,0.02597060329190228
2035-02-28,0.0364498988762089
2035-03-01,0.031117005349946585
2035-03-02,0.021310698294281578
2035-03-03,0.021751328307499027
2035-03-04,0.037435525730180406
2035-03-05,0.02163864110948856
2035-03-06,0.023488554031783803
2035-03-07,0.023433863562618597
2035-03-08,0.0394273764350111
2035-03-09,0.0486027489845029
2035-03-10,0.034076489585961316
2035-03-11,0.029737332859954984
2035-03-12,0.054326795091200905
2035-03-13,0.11404145662007559
2035-03-14,0.18162396029594277
2035-03-15,0.044393813998564575
2035-03-16,0.09637272472570761
2035-03-17,0.21775819079937309
2035-03-18,0.36245831354910607
2035-03-19,0.18484816919390554
2035-03-20,0.1414674875373604
2035-03-21,0.07683049743044239
2035-03-22,0.08179237867656984
2035-03-23,0.0828884090710646
2035-03-24,0.08255503694245812
2035-03-25,0.14444195238426902
2035-03-26,0.11812365992650292
2035-03-27,0.10020172752267954
2035-03-28,0.11422653996325191
2035-03-29,0.11237722025549789
2035-03-30,0.1126209802561946
2035-03-31,0.11928854900151505
2035-04-01,0.1434213516167718
2035-04-02,0.13819531075746366
2035-04-03,0.1420729970385773
2035-04-04,0.14655031434140747
2035-04-05,0.15619970205640568
2035-04-06,0.19468676306210145
2035-04-07,0.30415814475668096
2035-04-08,0.4930010164090913
2035-04-09,0.709554799940032
2035-04-10,0.2628151889651111
2035-04-11,0.4080310153066466
2035-04-12,0.5600332593450945
2035-04-13,0.6792322257518323
2035-04-14,0.5940767669362278
2035-04-15,0.5005144351454239
2035-04-16,0.20153712963981602
2035-04-17,0.25046700939564226
2035-04-18,0.5005386716254512
2035-04-19,0.7293744191791235
2035-04-20,0.3843496081938796
2035-04-21,0.3212751062771384
2035-04-22,0.24298276476719316
2035-04-23,0.25068413801260775
2035-04-24,0.353570183089471
2035-04-25,0.5669658404711885
2035-04-26,0.7175806354618216
2035-04-27,0.8369984582559334
2035-04-28,0.8844198584606352
2035-04-29,0.4327068132786376
2035-04-30,0.660007744103287
2035-05-01,0.6077362221974434
2035-05-02,0.6185057218093251
2035-05-03,0.9322385891886891
2035-05-04,1.2579645531183439
2035-05-05,1.2451329337214219
2035-05-06,1.2830932394080732
2035-05-07,1.5291804748211626
2035-05-08,1.6813424616858001
2035-05-09,1.8466889405315472
2035-05-10,1.0714710653115724
2035-05-11,1.478570926281414
2035-05-12,1.8649555830495248
2035-05-13,2.0189265853274296
2035-05-14,2.291378104934441
2035-05-15,2.267678355234771
2035-05-16,2.2354070301417197
2035-05-17,2.0664106260388824
2035-05-18,2.336842275662794
2035-05-19,2.175236436251278
2035-05-20,2.405865063929743
2035-05-21,3.115129617475114
2035-05-22,3.852047198554491
2035-05-23,2.3379309642545336
2035-05-24,2.2734822089611675
2035-05-25,1.737116417785752
2035-05-26,1.7045280699786667
2035-05-27,1.3873213285815744
2035-05-28,1.2242412471953403
2035-05-29,1.0716563922692948
2035-05-30,0.9898676634002056
2035-05-31,0.8939619551561099
2035-06-01,0.625192649647128
2035-06-02,0.5708948486370817
2035-06-03,0.5276929943075153
2035-06-04,0.5659840443709264
2035-06-05,0.44081612974431245
2035-06-06,0.3793796990396372
2035-06-07,0.32891849108436816
2035-06-08,0.2699227981826744
2035-06-09,0.24011590282979411
2035-06-10,0.20579630050399708
2035-06-11,0.18430007323408015
2035-06-12,0.16033072358111417
2035-06-13,0.1371432384018844
2035-06-14,0.10638866389734922
2035-06-15,0.09147920902149513
2035-06-16,0.07895942863533734
2035-06-17,0.06849587535658261
2035-06-18,0.0560732840153649
2035-06-19,0.04789952746202615
2035-06-20,0.041028068756301266
2035-06-21,0.03541665585150234
2035-06-22,0.030926855510821496
2035-06-23,0.027450405813488805
2035-06-24,0.026284188361884595
2035-06-25,0.02312701984682882
2035-06-26,0.023523142697275568
2035-06-27,0.02065463234014611
2035-06-28,0.0197232721336779
2035-06-29,0.018971804014931322
2035-06-30,0.01837065241860273
2035-07-01,0.058579238118668
2035-07-02,0.06973543914557224
2035-07-03,0.05610477930676912
2035-07-04,0.05477127396655583
2035-07-05,0.05339909080523442
2035-07-06,0.05202041101245899
2035-07-07,0.0507088103280614
2035-07-08,0.04941696030241612
2035-07-09,0.0742283742566105
2035-07-10,0.04701108859909771
2035-07-11,0.0458834059688053
2035-07-12,0.04471140747276697
2035-07-13,0.04362727466722522
2035-07-14,0.04269980381556396
2035-07-15,0.04177833421131709
2035-07-16,0.0407962447765276
2035-07-17,0.03984822982149927
2035-07-18,0.038916555739385655
2035-07-19,0.03800188021867996
2035-07-20,0.03712491934865399
2035-07-21,0.03974955576757643
2035-07-22,0.03626122005146958
2035-07-23,0.10986348772108628
2035-07-24,0.036134929387721525
2035-07-25,0.03614041989922761
2035-07-26,0.03437700095679183
2035-07-27,0.0979287893324473
2035-07-28,0.033522046592659546
2035-07-29,0.03264977771983736
2035-07-30,0.03468968193341108
2035-07-31,0.03206956431191884
2035-08-01,0.029035721522501137
2035-08-02,0.028749635770766745
2035-08-03,0.028457853305185358
2035-08-04,0.0286731493809656
2035-08-05,0.028055954771709177
2035-08-06,0.027756808174886745
2035-08-07,0.027512002952683894
2035-08-08,0.027313227984805778
2035-08-09,0.027136882144574558
2035-08-10,0.12236004317997476
2035-08-11,0.02685649267679351
2035-08-12,0.04698464879541082
2035-08-13,0.026619170464729412
2035-08-14,0.026515249549646517
2035-08-15,0.026414960319701544
2035-08-16,0.026322198327799144
2035-08-17,0.026239873979465624
2035-08-18,0.026162397607052502
2035-08-19,0.03918447039973796
2035-08-20,0.026027664754046397
2035-08-21,0.043696727556446886
2035-08-22,0.02591750731001415
2035-08-23,0.025867582056112032
2035-08-24,0.02582411167282963
2035-08-25,0.025787174590813478
2035-08-26,0.02575417755633912
2035-08-27,0.025723650035920843
2035-08-28,0.025695062791528552
2035-08-29,0.02566955488784809
2035-08-30,0.025647508396200298
2035-08-31,0.025627047937381617
2035-09-01,0.01139264441908108
2035-09-02,0.011382846321657022
2035-09-03,0.011373367393487925
2035-09-04,0.0113646142938691
2035-09-05,0.011356919070732807
2035-09-06,0.01135028715405552
2035-09-07,0.011344211736759244
2035-09-08,0.011338713122866445
2035-09-09,0.011333631453157269
2035-09-10,0.011328580994767258
2035-09-11,0.011323520060221382
2035-09-12,0.011318655625558649
2035-09-13,0.011313852591547354
2035-09-14,0.011309267811412858
2035-09-15,0.011305178933584953
2035-09-16,0.01130148441144026
2035-09-17,0.01129793772833159
2035-09-18,0.011294554729160479
2035-09-19,0.018349562844748455
2035-09-20,0.011815971746374252
2035-09-21,0.0698671854739891
2035-09-22,0.041971563293405616
2035-09-23,0.01267348955213255
2035-09-24,0.011276081320541819
2035-09-25,0.011272676359065956
2035-09-26,0.011269123003057536
2035-09-27,0.011265616366184361
2035-09-28,0.01126207076376862
2035-09-29,0.011258358674052326
2035-09-30,0.01125464747439263
2035-10-01,0.018288184930357335
2035-10-02,0.018282776248432688
2035-10-03,0.01827762743582361
2035-10-04,0.01827271806982229
2035-10-05,0.018267850437805558
2035-10-06,0.018262925892264702
2035-10-07,0.018257984374658025
2035-10-08,0.01825311234597175
2035-10-09,0.018248260107940475
2035-10-10,0.018243403782084232
2035-10-11,0.018238545814531222
2035-10-12,0.018233667487885595
2035-10-13,0.01822877853740983
2035-10-14,0.018223890521675182
2035-10-15,0.01821899620490302
2035-10-16,0.018214096853252162
2035-10-17,0.018209207350755388
2035-10-18,0.01820436082377725
2035-10-19,0.018199565678830205
2035-10-20,0.01819480791018862
2035-10-21,0.01819001194131502
2035-10-22,0.018185330919946553
2035-10-23,0.01818083627118026
2035-10-24,0.018176344399959868
2035-10-25,0.018171855875749078
2035-10-26,0.018167368664895264
2035-10-27,0.018162881524839945
2035-10-28,0.01815839516561668
2035-10-29,0.01874300371573487
2035-10-30,0.031047920251070976
2035-10-31,0.12504266525816582
2035-11-01,0.043686531545655806
2035-11-02,0.033995034000374576
2035-11-03,0.020083742059078025
2035-11-04,0.030504402771798382
2035-11-05,0.03170580857407406
2035-11-06,0.035105894716742636
2035-11-07,0.024540766579336237
2035-11-08,0.04901824630131687
2035-11-09,0.0711276126120607
2035-11-10,0.05437762047711801
2035-11-11,0.051866274853464456
2035-11-12,0.03213882322425902
2035-11-13,0.05696555551349449
2035-11-14,0.05229664720520522
2035-11-15,0.0966414011737974
2035-11-16,0.47818685148767515
2035-11-17,0.08429995898905991
2035-11-18,0.07737077288576683
2035-11-19,0.13079721195985938
2035-11-20,0.18342786924510163
2035-11-21,0.19665894506720719
2035-11-22,0.24762704756990545
2035-11-23,0.28411970742270143
2035-11-24,0.3504378534424517
2035-11-25,0.12373483054030993
2035-11-26,0.020739611185821304
2035-11-27,0.02706677466500428
2035-11-28,0.028495748581162675
2035-11-29,0.0684793309163647
2035-11-30,0.03192110009932337
2035-12-01,0.026500957375170237
2035-12-02,0.026629991115283875
2035-12-03,0.0637747813476229
2035-12-04,0.05637904056347167
2035-12-05,0.03966943371729993
2035-12-06,0.07404822889384405
2035-12-07,0.08206234832071953
2035-12-08,0.1116426834371114
2035-12-09,0.05445955160576675
2035-12-10,0.037780253374556774
2035-12-11,0.1443451023865875
2035-12-12,0.09006686127071682
2035-12-13,0.02681705987588745
2035-12-14,0.027327411119763736
2035-12-15,0.030372379807153307
2035-12-16,0.05450519731814925
2035-12-17,0.12155200035955604
2035-12-18,0.5743844955928518
2035-12-19,0.20726836412537952
2035-12-20,0.2807091929040575
2035-12-21,0.1788169971080042
2035-12-22,0.034316371942914356
2035-12-23,0.05478339112194402
2035-12-24,0.0944134176956138
2035-12-25,0.1806037164118328
2035-12-26,0.1712016597445874
2035-12-27,0.23823391237240782
2035-12-28,0.09787508323057068
2035-12-29,0.08427252831752022
2035-12-30,0.0528549753914731
2035-12-31,0.028941357301685715
2036-01-01,0.01036775495351422
2036-01-02,0.010079919458833797
2036-01-03,0.017881198982267674
2036-01-04,0.0101594597407615
2036-01-05,0.01095041706409852
2036-01-06,0.011456659650054905
2036-01-07,0.04585741819880003
2036-01-08,0.034698502244558706
2036-01-09,0.10009228929192576
2036-01-10,0.12386954383225116
2036-01-11,0.11999936348119498
2036-01-12,0.2453224576756591
2036-01-13,0.25622684431551446
2036-01-14,0.09434359632165869
2036-01-15,0.07860113931732979
2036-01-16,0.01505453172109842
2036-01-17,0.011686201753223664
2036-01-18,0.0178296727222332
2036-01-19,0.01295950854695161
2036-01-20,0.025280401820318557
2036-01-21,0.014815989650723787
2036-01-22,0.0142326402393689
2036-01-23,0.01628618319953424
2036-01-24,0.01884496247899416
2036-01-25,0.02077916358237763
2036-01-26,0.04012524237714619
2036-01-27,0.07905162519157255
2036-01-28,0.05378657901203803
2036-01-29,0.09348607396305014
2036-01-30,0.06033261256545264
2036-01-31,0.12274677732282221
2036-02-01,0.013141219704410763
2036-02-02,0.016518790194073922
2036-02-03,0.014978876018520933
2036-02-04,0.015970025805327418
2036-02-05,0.01724053171838158
2036-02-06,0.0452469409143095
2036-02-07,0.014835195076339902
2036-02-08,0.013354681962420694
2036-02-09,0.019508715234751565
2036-02-10,0.034540345409135184
2036-02-11,0.018041201365872186
2036-02-12,0.025088689532247462
2036-02-13,0.027456773704909513
2036-02-14,0.0410871744238185
2036-02-15,0.18710359001724242
2036-02-16,0.07046057503543456
2036-02-17,0.033492151475641586
2036-02-18,0.11557774283451668
2036-02-19,0.08079072961414153
2036-02-20,0.1045504675145019
2036-02-21,0.33562510483613733
2036-02-22,0.19593091148005873
2036-02-23,0.08060804086661397
2036-02-24,0.04393768662731426
2036-02-25,0.04090892654758533
2036-02-26,0.06054726378506492
2036-02-27,0.135250337879589
2036-02-28,0.38191425628928377
2036-02-29,0.23013122155579385
2036-03-01,0.08653645487923806
2036-03-02,0.08970682820967533
2036-03-03,0.0901529114807834
2036-03-04,0.1035550838521106
2036-03-05,0.11866135365350179
2036-03-06,0.1069489839413998
2036-03-07,0.10332252803720708
2036-03-08,0.10635359534171512
2036-03-09,0.12411452306504017
2036-03-10,0.11677157968057861
2036-03-11,0.11144223168913815
2036-03-12,0.13854787833895174
2036-03-13,0.22210975283768064
2036-03-14,0.14294233956277613
2036-03-15,0.15107457340492042
2036-03-16,0.18658234845828664
2036-03-17,0.22748122272368393
2036-03-18,0.22241642146327992
2036-03-19,0.24150136721393523
2036-03-20,0.35432452578372653
2036-03-21,0.8415712422812096
2036-03-22,1.447985975127408
2036-03-23,1.5854075249001611
2036-03-24,0.8786524072284172
2036-03-25,0.8514828216918995
2036-03-26,0.6338335054547146
2036-03-27,0.6439628891110638
2036-03-28,0.5813200684462312
2036-03-29,0.5578834936591598
2036-03-30,0.6432110270039815
2036-03-31,1.2724186406610214
2036-04-01,1.9194148585261699
2036-04-02,2.2045653046971596
2036-04-03,2.3988889808815395
2036-04-04,1.907782386448185
2036-04-05,1.848706122039388
2036-04-06,1.315830481735513
2036-04-07,1.1384279703569724
2036-04-08,1.0134046296367893
2036-04-09,1.03710445089694
2036-04-10,1.3022366347587657
2036-04-11,2.5396539961231355
2036-04-12,2.2830793107440055
2036-04-13,2.341579142250343
2036-04-14,2.023069827344933
2036-04-15,1.955553683237067
2036-04-16,2.1921315846553844
2036-04-17,1.5502107649846177
2036-04-18,2.173009130298602
2036-04-19,1.8352024769058046
2036-04-20,1.625877214677801
2036-04-21,1.301919861919372
2036-04-22,1.25806132432673
2036-04-23,1.1893255376566292
2036-04-24,1.1323269881660707
2036-04-25,1.1092053551160845
2036-04-26,1.0976469212261493
2036-04-27,1.07248559415391
2036-04-28,0.9691723105121548
2036-04-29,0.9085583950773409
2036-04-30,0.8344388421008025
2036-05-01,0.7987364121385616
2036-05-02,0.793107797932831
2036-05-03,0.683836101526284
2036-05-04,0.638262435561556
2036-05-05,0.6223125809790462
2036-05-06,0.6183968574500237
2036-05-07,0.6943611865213457
2036-05-08,0.6175531775416652
2036-05-09,0.6110957938678113
2036-05-10,0.613859907962286
2036-05-11,0.56655538596964
2036-05-12,0.534311857063006
2036-05-13,0.5038762138066186
2036-05-14,0.41928123196434475
2036-05-15,0.3702232420372598
2036-05-16,0.3469549410557971
2036-05-17,0.3254695338090655
2036-05-18,0.30538615155125537
2036-05-19,0.2822632050233465
2036-05-20,0.25235483102961587
2036-05-21,0.22522564494244027
2036-05-22,0.1979088944979721
2036-05-23,0.17574213886341958
2036-05-24,0.15637859528389747
2036-05-25,0.14176616656060972
2036-05-26,0.12964936489043127
2036-05-27,0.12330636949000888
2036-05-28,0.10092924399128773
2036-05-29,0.08776723915763568
2036-05-30,0.07963612401709304
2036-05-31,0.0706779493748162
2036-06-01,0.054091987974567636
2036-06-02,0.04498091470912555
2036-06-03,0.03985079322612949
2036-06-04,0.036687826570775274
2036-06-05,0.048826851294569415
2036-06-06,0.032974595813021014
2036-06-07,0.03123032541144514
2036-06-08,0.029421711369216837
2036-06-09,0.02782667899022458
2036-06-10,0.026313837592541387
2036-06-11,0.02484646557028399
2036-06-12,0.023581583117972815
2036-06-13,0.02257643740512073
2036-06-14,0.021791805716995082
2036-06-15,0.020985385351100744
2036-06-16,0.02007341916797638
2036-06-17,0.019242473941242868
2036-06-18,0.018629881201967503
2036-06-19,0.018098097248266703
2036-06-20,0.01754170069731434
2036-06-21,0.017000079392265496
2036-06-22,0.016499507984097668
2036-06-23,0.01791464754868805
2036-06-24,0.015680985544504252
2036-06-25,0.015289513707161924
2036-06-26,0.014908488823302538
2036-06-27,0.015210970693006842
2036-06-28,0.014373922891560049
2036-06-29,0.013997696848587331
2036-06-30,0.01368850286878569
2036-07-01,0.04388281672686143
2036-07-02,0.04289703314281506
2036-07-03,0.04192031669006164
2036-07-04,0.0409518077184826
2036-07-05,0.0400002711837518
2036-07-06,0.03910397730642202
2036-07-07,0.03833106614224341
2036-07-08,0.03766132719210134
2036-07-09,0.03701998997007143
2036-07-10,0.045427842369482316
2036-07-11,0.040166636146592515
2036-07-12,0.035358214439616086
2036-07-13,0.034753297490273914
2036-07-14,0.03415142272022781
2036-07-15,0.03359806092426053
2036-07-16,0.03312169452013528
2036-07-17,0.03633986844335486
2036-07-18,0.032372350244666316
2036-07-19,0.03815241974010205
2036-07-20,0.1035452403540674
2036-07-21,0.05449105922755706
2036-07-22,0.07555289979110241
2036-07-23,0.03556078606845513
2036-07-24,0.030679318774790958
2036-07-25,0.03041950107170834
2036-07-26,0.05333737286928756
2036-07-27,0.06922594659715171
2036-07-28,0.03711924901853246
2036-07-29,0.029706148334333143
2036-07-30,0.02954439991171898
2036-07-31,0.029403158968417283
2036-08-01,0.033433572307374926
2036-08-02,0.026668336191309275
2036-08-03,0.08710899863157792
2036-08-04,0.026604385327259686
2036-08-05,0.10471717558938558
2036-08-06,0.026373441480464423
2036-08-07,0.06058237673885847
2036-08-08,0.026816223390425026
2036-08-09,0.02617886803297971
2036-08-10,0.03963280711486713
2036-08-11,0.026057525999875753
2036-08-12,0.09646911697247482
2036-08-13,0.025964701945894137
2036-08-14,0.07259430568742097
2036-08-15,0.025887508377821743
2036-08-16,0.029754605879376533
2036-08-17,0.02582198446428081
2036-08-18,0.025791114632680082
2036-08-19,0.02575609703150101
2036-08-20,0.02571912615961057
2036-08-21,0.02568297334008116
2036-08-22,0.02565036498706514
2036-08-23,0.02562206113581126
2036-08-24,0.025597267429150024
2036-08-25,0.025574683107286167
2036-08-26,0.025554984557936745
2036-08-27,0.025538704245456886
2036-08-28,0.025523892975315543
2036-08-29,0.0255100439745839
2036-08-30,0.05344708200217917
2036-08-31,0.025682489768606313
2036-09-01,0.024691301825417195
2036-09-02,0.012454268216025282
2036-09-03,0.011324959821494151
2036-09-04,0.01131851232139277
2036-09-05,0.011312499457402042
2036-09-06,0.06409251730541253
2036-09-07,0.018639698468831945
2036-09-08,0.032709641065250636
2036-09-09,0.014870337265072742
2036-09-10,0.011292670450885738
2036-09-11,0.011288527319372488
2036-09-12,0.011284658679427345
2036-09-13,0.011281026679025932
2036-09-14,0.011277521340625611
2036-09-15,0.01127396747772671
2036-09-16,0.011270262844917334
2036-09-17,0.01126644592546846
2036-09-18,0.011262606425724846
2036-09-19,0.012226314104521373
2036-09-20,0.01227724918608583
2036-09-21,0.019979467576031956
2036-09-22,0.036514733160958095
2036-09-23,0.029271461741383425
2036-09-24,0.018173688486330556
2036-09-25,0.02731249943024081
2036-09-26,0.012502742270198718
2036-09-27,0.02254750474058836
2036-09-28,0.018782922042521712
2036-09-29,0.06907226398254504
2036-09-30,0.011225396570874192
2036-10-01,1.358274688595041
2036-10-02,1.394662025151291
2036-10-03,0.23632204213840813
2036-10-04,0.13158792462970312
2036-10-05,0.039292504642492454
2036-10-06,0.024743698787880773
2036-10-07,0.029642800946148257
2036-10-08,0.020957058321180454
2036-10-09,0.02105206068478948
2036-10-10,0.021130692250114744
2036-10-11,0.02116880354036163
2036-10-12,0.02116282490132691
2036-10-13,0.02112057826817832
2036-10-14,0.021063587965531087
2036-10-15,0.021008949051861823
2036-10-16,0.02094094826333689
2036-10-17,0.02083837763544388
2036-10-18,0.020708413006395112
2036-10-19,0.020573084180274627
2036-10-20,0.020444582897157254
2036-10-21,0.02053170880997838
2036-10-22,0.020221983810998295
2036-10-23,0.020121580917515088
2036-10-24,0.020027477455749735
2036-10-25,0.03088206789618836
2036-10-26,0.019879737484985914
2036-10-27,0.14384327681002837
2036-10-28,0.019763781168399757
2036-10-29,0.019708092971407496
2036-10-30,0.019661998327182174
2036-10-31,0.0196299572190355
2036-11-01,0.02062321109630548
2036-11-02,0.020616803670677534
2036-11-03,0.020611775108305756
2036-11-04,0.020606865227836675
2036-11-05,0.020600798324233196
2036-11-06,0.02059444544241583
2036-11-07,0.02403031158788798
2036-11-08,0.020582161628671495
2036-11-09,0.02057052362887705
2036-11-10,0.023595145049145054
2036-11-11,0.0205630880593805
2036-11-12,0.02054919987414225
2036-11-13,0.33979441560835566
2036-11-14,0.07610465881920411
2036-11-15,0.022775660444086507
2036-11-16,0.028226593730652425
2036-11-17,0.6007379396534992
2036-11-18,0.11307850549704747
2036-11-19,0.06869877035830946
2036-11-20,0.15932565678866228
2036-11-21,0.08239090758655705
2036-11-22,0.13256331117286582
2036-11-23,0.024155912290518975
2036-11-24,0.027814892144799718
2036-11-25,0.04451631617488208
2036-11-26,0.06823486324696193
2036-11-27,0.11667610610108814
2036-11-28,0.19492529545985962
2036-11-29,0.27188674433134274
2036-11-30,0.08204594579510212
2036-12-01,0.031874751888660055
2036-12-02,0.02500299350985145
2036-12-03,0.05404329548050583
2036-12-04,0.031106425956191085
2036-12-05,0.05692400754108268
2036-12-06,0.07501976483930614
2036-12-07,0.07933162151606978
2036-12-08,0.029233582160110565
2036-12-09,0.02871564390708529
2036-12-10,0.025715018370957785
2036-12-11,0.02498200778121238
2036-12-12,0.028821705290394364
2036-12-13,0.034403316222261775
2036-12-14,0.025881168830877474
2036-12-15,0.025315042526294088
2036-12-16,0.025383373810920176
2036-12-17,0.025446911552129324
2036-12-18,0.025507225228398222
2036-12-19,0.02556190867036484
2036-12-20,0.3145328160026688
2036-12-21,0.3672915217125371
2036-12-22,0.05297395227619104
2036-12-23,0.04935623799887995
2036-12-24,0.7142723151813388
2036-12-25,0.11605191245852947
2036-12-26,0.07815821085213479
2036-12-27,0.05439728437491177
2036-12-28,0.03894211523740698
2036-12-29,0.0422847099396409
2036-12-30,0.050067193523930305
2036-12-31,0.04335885058227503
2037-01-01,0.014503245859099614
2037-01-02,0.011379424789163147
2037-01-03,0.013839920307424314
2037-01-04,0.010685164414337712
2037-01-05,0.016452964772570994
2037-01-06,0.011174162950054165
2037-01-07,0.0716258738653036
2037-01-08,0.06118088312137089
2037-01-09,0.01658584785606889
2037-01-10,0.012714929769698843
2037-01-11,0.017551706859782957
2037-01-12,0.016318039286186553
2037-01-13,0.012467621991602045
2037-01-14,0.01503199867511428
2037-01-15,0.013427647604705781
2037-01-16,0.014139676689187452
2037-01-17,0.01282746190233324
2037-01-18,0.012977862597634062
2037-01-19,0.024597178007255166
2037-01-20,0.017547833640478145
2037-01-21,0.015396066646501193
2037-01-22,0.01659393038516602
2037-01-23,0.03302826856084638
2037-01-24,0.04466282923880108
2037-01-25,0.022248490366887645
2037-01-26,0.015618637649313363
2037-01-27,0.018377890758568743
2037-01-28,0.013093946150162862
2037-01-29,0.012878050724444331
2037-01-30,0.06064269980389171
2037-01-31,0.08405269475648718
2037-02-01,0.2532964045071859
2037-02-02,0.35571189111644624
2037-02-03,0.7072667778891374
2037-02-04,0.19513932644602283
2037-02-05,0.042799859238575724
2037-02-06,0.08015783556777281
2037-02-07,0.09898519673610374
2037-02-08,0.15692894237060812
2037-02-09,0.24074743510071533
2037-02-10,0.1385788497994777
2037-02-11,0.2386890432051264
2037-02-12,0.41640418113212907
2037-02-13,0.06393205474685701
2037-02-14,0.019730672494097212
2037-02-15,0.022741550347804732
2037-02-16,0.025736854053018104
2037-02-17,0.03276556768631581
2037-02-18,0.026270147684081778
2037-02-19,0.029731821810100215
2037-02-20,0.03588497685511347
2037-02-21,0.03603904586088037
2037-02-22,0.034286450589242644
2037-02-23,0.037246478729144945
2037-02-24,0.07185344446783092
2037-02-25,0.05277089112947378
2037-02-26,0.1850062514789169
2037-02-27,0.2639683670779258
2037-02-28,0.3458509356552664
2037-03-01,0.11692394678868882
2037-03-02,0.2919456343334186
2037-03-03,0.20529173586106975
2037-03-04,0.26114806867002055
2037-03-05,0.4658312080014837
2037-03-06,0.3489186282655983
2037-03-07,0.35926220388770846
2037-03-08,0.3417308879439367
2037-03-09,0.3860178487028254
2037-03-10,0.34416432137657377
2037-03-11,0.3067171707396678
2037-03-12,0.32771279586701696
2037-03-13,0.5197865781789032
2037-03-14,0.472986733147136
2037-03-15,0.29841727851155664
2037-03-16,0.27018237928328964
2037-03-17,0.2747929978281013
2037-03-18,0.3116483158439094
2037-03-19,0.29408676225510266
2037-03-20,0.24834137799887512
2037-03-21,0.3063946875547571
2037-03-22,0.24410400657841066
2037-03-23,0.23098604863187694
2037-03-24,0.23844484701163385
2037-03-25,0.25747162135852064
2037-03-26,0.2010076424339351
2037-03-27,0.2456028828997615
2037-03-28,0.2915679521569971
2037-03-29,0.3003046709523794
2037-03-30,0.43895478976862434
2037-03-31,0.6371405591256823
2037-04-01,0.2903378738850228
2037-04-02,0.30438849241463245
2037-04-03,0.4288330735542418
2037-04-04,0.2976191611202639
2037-04-05,0.3619796112753725
2037-04-06,0.28200073737553144
2037-04-07,0.2947238781005566
2037-04-08,0.3143698115932288
2037-04-09,0.4861882808308287
2037-04-10,0.5894652371378254
2037-04-11,0.40850527575298723
2037-04-12,0.4959520913366597
2037-04-13,0.5559854341201269
2037-04-14,0.6533802027236509
2037-04-15,0.4923508430584924
2037-04-16,0.5107457196821572
2037-04-17,0.4935285271592588
2037-04-18,0.7427560644618346
2037-04-19,0.8737838680471085
2037-04-20,0.9225211657396091
2037-04-21,0.982240362505342
2037-04-22,0.6787705435805708
2037-04-23,0.7006893765065216
2037-04-24,0.7618533926181978
2037-04-25,0.7136550732453786
2037-04-26,0.6182877199193612
2037-04-27,0.6044071443272291
2037-04-28,0.5751684525815698
2037-04-29,0.656007620282092
2037-04-30,0.558180022207229
2037-05-01,0.5079892877813771
2037-05-02,0.5395767258833998
2037-05-03,0.4665800123819295
2037-05-04,0.5211512143504272
2037-05-05,0.45861105963326915
2037-05-06,0.42263422217759206
2037-05-07,0.4165154630767397
2037-05-08,0.39636939594191506
2037-05-09,0.40053608078630915
2037-05-10,0.3660291979441212
2037-05-11,0.4059872929499265
2037-05-12,0.6133694135962021
2037-05-13,0.8507214809857147
2037-05-14,1.1822094185237482
2037-05-15,1.4526059834177367
2037-05-16,2.416498611573885
2037-05-17,2.9330392660491484
2037-05-18,5.176180950114004
2037-05-19,5.662724323900878
2037-05-20,4.61987909096461
2037-05-21,5.04265549246012
2037-05-22,3.8474753709411593
2037-05-23,3.4430961236786755
2037-05-24,2.746478562581926
2037-05-25,2.112537901289331
2037-05-26,2.4248151890049745
2037-05-27,2.30740008860427
2037-05-28,2.3674759966589214
2037-05-29,2.2171873107718256
2037-05-30,2.6552823474364016
2037-05-31,2.732180819086221
2037-06-01,2.130373681677596
2037-06-02,1.6739399513615385
2037-06-03,1.181925963774409
2037-06-04,0.8356845810054178
2037-06-05,0.7788931177802425
2037-06-06,0.7327239141268714
2037-06-07,0.7915084289974227
2037-06-08,0.7184186320447576
2037-06-09,0.5135693282022455
2037-06-10,0.41450675514820673
2037-06-11,0.3738842382418336
2037-06-12,0.3374552703258691
2037-06-13,0.2955259943658928
2037-06-14,0.2502776679009175
2037-06-15,0.271391117054703
2037-06-16,0.19945909443863521
2037-06-17,0.17967823331801328
2037-06-18,0.1570011964963877
2037-06-19,0.13532207386971026
2037-06-20,0.1235443026281377
2037-06-21,0.11475376716586666
2037-06-22,0.0895205774750184
2037-06-23,0.07567267890326625
2037-06-24,0.06702959017037244
2037-06-25,0.05937746227111262
2037-06-26,0.054997185356228454
2037-06-27,0.04757428937029879
2037-06-28,0.042550986227148806
2037-06-29,0.03629928626340414
2037-06-30,0.031070227808186444
2037-07-01,0.0930491693819548
2037-07-02,0.08591403288747892
2037-07-03,0.08031197618592284
2037-07-04,0.07559062417135716
2037-07-05,0.07178534739660362
2037-07-06,0.06848614213519429
2037-07-07,0.06545438393847015
2037-07-08,0.06266272329266892
2037-07-09,0.06017048867259349
2037-07-10,0.05797173002130718
2037-07-11,0.05592039911650965
2037-07-12,0.05612856891238999
2037-07-13,0.052551285680497994
2037-07-14,0.050969052369734084
2037-07-15,0.04949111418044879
2037-07-16,0.05591746754670329
2037-07-17,0.0476671636550824
2037-07-18,0.04619046835062207
2037-07-19,0.04507294328885572
2037-07-20,0.055542792997530614
2037-07-21,0.04308957439853095
2037-07-22,0.08843669757406626
2037-07-23,0.04216994320729239
2037-07-24,0.06381352049046556
2037-07-25,0.0454234084823014
2037-07-26,0.03948520314682904
2037-07-27,0.044283780014723335
2037-07-28,0.038144195531756936
2037-07-29,0.037499234142623586
2037-07-30,0.0368160195860807
2037-07-31,0.03613220796461334
2037-08-01,0.03243231529400636
2037-08-02,0.03460636143461843
2037-08-03,0.03139797027626068
2037-08-04,0.030934200608933964
2037-08-05,0.032205688193120634
2037-08-06,0.03387226755073712
2037-08-07,0.029784710209135968
2037-08-08,0.029445544408759145
2037-08-09,0.029124968413981454
2037-08-10,0.02882925327430331
2037-08-11,0.028571092699082347
2037-08-12,0.02835243453074334
2037-08-13,0.028159332215471882
2037-08-14,0.027978859812299618
2037-08-15,0.02781892655113686
2037-08-16,0.027665468700399962
2037-08-17,0.027505470099754747
2037-08-18,0.02734397915316518
2037-08-19,0.030630871418362245
2037-08-20,0.027039562812807783
2037-08-21,0.026904467018010643
2037-08-22,0.026791128045000487
2037-08-23,0.027605994963569223
2037-08-24,0.027046537594340746
2037-08-25,0.06147037674548519
2037-08-26,0.026539346087592456
2037-08-27,0.02648138448029812
2037-08-28,0.026424772043291973
2037-08-29,0.026368819934730427
2037-08-30,0.02639941855633224
2037-08-31,0.026263302900648915
2037-09-01,0.014543838433247415
2037-09-02,0.011637824885289388
2037-09-03,0.012695166801624153
2037-09-04,0.011596115673646587
2037-09-05,0.011574636266066949
2037-09-06,0.011555630911004918
2037-09-07,0.011539489703865292
2037-09-08,0.011524296615339111
2037-09-09,0.011508576608242945
2037-09-10,0.011492994773915136
2037-09-11,0.1289696971461526
2037-09-12,0.01284709137695211
2037-09-13,0.10703040817632507
2037-09-14,0.01145670311094454
2037-09-15,0.011444322204290508
2037-09-16,0.011433861647822651
2037-09-17,0.011424166884079141
2037-09-18,0.01141370401409542
2037-09-19,0.011402985487025088
2037-09-20,0.011392480244665151
2037-09-21,0.011382018522286236
2037-09-22,0.011371409883753063
2037-09-23,0.011361493166400085
2037-09-24,0.10112944704946072
2037-09-25,0.01134714477190795
2037-09-26,0.11639121493516445
2037-09-27,0.01134071304158978
2037-09-28,0.01294723605548232
2037-09-29,0.013032053912269326
2037-09-30,0.011323083126375562
2037-10-01,0.018396934449408056
2037-10-02,0.018388618415834664
2037-10-03,0.01838018591413471
2037-10-04,0.08599968704862211
2037-10-05,0.018365775478303075
2037-10-06,0.018359203582376353
2037-10-07,0.018351684133946954
2037-10-08,0.018344170292938302
2037-10-09,0.01833666901296201
2037-10-10,0.018329333663384958
2037-10-11,0.018322571364490198
2037-10-12,0.018316618610909646
2037-10-13,0.018311007901777632
2037-10-14,0.018305199711912617
2037-10-15,0.018299160901612224
2037-10-16,0.01829300140607619
2037-10-17,0.01828680600150101
2037-10-18,0.01911682705965382
2037-10-19,0.01827524363462107
2037-10-20,0.018269806851977707
2037-10-21,0.01826456189134366
2037-10-22,0.01825941522012316
2037-10-23,0.018521085239102134
2037-10-24,0.018249417463137123
2037-10-25,0.018244516232769323
2037-10-26,0.01823959273586276
2037-10-27,0.018234659453416877
2037-10-28,0.02078302122229571
2037-10-29,0.018694433644130506
2037-10-30,0.019850300516325053
2037-10-31,0.01859220875655602
2037-11-01,0.12323421551249021
2037-11-02,0.8271281774975956
2037-11-03,0.5218953317304267
2037-11-04,0.10749239964684174
2037-11-05,0.09983005268280222
2037-11-06,0.1162337637364779
2037-11-07,0.15300616973504488
2037-11-08,0.38367429793010155
2037-11-09,0.2508541550448382
2037-11-10,0.3550310765459494
2037-11-11,0.0598144018926693
2037-11-12,0.04309244539929398
2037-11-13,0.029007938640167395
2037-11-14,0.18100191769139376
2037-11-15,0.03999206388747946
2037-11-16,0.20128472404168496
2037-11-17,0.5051832245392764
2037-11-18,0.12008573249639069
2037-11-19,0.06631427144029274
2037-11-20,0.058628101672723934
2037-11-21,0.0443131474697528
2037-11-22,0.06632591571040804
2037-11-23,0.03770253862072123
2037-11-24,0.028289092268819753
2037-11-25,0.038168285374385165
2037-11-26,0.05614838678768498
2037-11-27,0.06335458936161376
2037-11-28,0.10329988951437553
2037-11-29,0.12637187736866554
2037-11-30,0.18188809517672322
2037-12-01,0.1567446423613808
2037-12-02,0.10641031493525654
2037-12-03,0.1865880157674882
2037-12-04,0.06447807921645206
2037-12-05,0.051220239851649835
2037-12-06,0.03981287760651297
2037-12-07,0.055941626735636116
2037-12-08,0.055930875297413196
2037-12-09,0.09042867478281542
2037-12-10,0.03632071019539058
2037-12-11,0.028892607640824908
2037-12-12,0.02846919538758191
2037-12-13,0.027587824917738167
2037-12-14,0.027619892965365093
2037-12-15,0.027651548588099848
2037-12-16,0.3612582349733215
2037-12-17,0.274921778620982
2037-12-18,0.14767407377652328
2037-12-19,0.04741502280248952
2037-12-20,0.03174929903326072
2037-12-21,0.02996622596794055
2037-12-22,0.02912192675871307
2037-12-23,0.028820469353591612
2037-12-24,0.032529636513818495
2037-12-25,0.0382542280251179
2037-12-26,0.051503255704031796
2037-12-27,0.037341738101680906
2037-12-28,0.05197799356740974
2037-12-29,0.035728559853947885
2037-12-30,0.030288393146844693
2037-12-31,0.044295593753954296
2038-01-01,0.013500866860210571
2038-01-02,0.012964015487636725
2038-01-03,0.08287635446890317
2038-01-04,0.03296160098366253
2038-01-05,0.021971159453716704
2038-01-06,0.01888236656589315
2038-01-07,0.023670747572398298
2038-01-08,0.027291424836051074
2038-01-09,0.05860185013999956
2038-01-10,0.04110954102496855
2038-01-11,0.03362854936688995
2038-01-12,0.22129425433917763
2038-01-13,0.7920750821314769
2038-01-14,0.06524338501809844
2038-01-15,0.016054994453864314
2038-01-16,0.015339605099312995
2038-01-17,0.01557833739970153
2038-01-18,0.2607634522433094
2038-01-19,0.19319890139696963
2038-01-20,0.37131437563606917
2038-01-21,0.3993898513114118
2038-01-22,0.05457933215525582
2038-01-23,0.0361331462566008
2038-01-24,0.04181946434568
2038-01-25,0.05716862104409824
2038-01-26,0.573591621354283
2038-01-27,5.752954030441119
2038-01-28,3.8437411856706145
2038-01-29,1.0924735259649052
2038-01-30,0.4392006174189089
2038-01-31,0.4449192571521556
2038-02-01,0.39439791514945644
2038-02-02,0.3821387993784714
2038-02-03,0.36867271431656656
2038-02-04,0.37752933043078135
2038-02-05,0.34354183820266027
2038-02-06,0.3212258806551635
2038-02-07,0.3130793076941404
2038-02-08,0.31705147856095317
2038-02-09,0.2994380296805408
2038-02-10,0.2707776277348821
2038-02-11,0.28635501308801875
2038-02-12,0.2945718995144026
2038-02-13,0.32432475006275446
2038-02-14,0.30389993215088085
2038-02-15,0.27482794604794164
2038-02-16,0.27836962650999275
2038-02-17,0.2804757101131668
2038-02-18,0.257944983080417
2038-02-19,0.4622382450580773
2038-02-20,0.3902323556238477
2038-02-21,0.3787326653848696
2038-02-22,0.4320115770592821
2038-02-23,0.5147709360614845
2038-02-24,1.2151709438440812
2038-02-25,2.8983503431270172
2038-02-26,0.6087336865969508
2038-02-27,0.5144990839307237
2038-02-28,0.5746272422410837
2038-03-01,0.6619897971935439
2038-03-02,0.7226987214356726
2038-03-03,0.6646045608192649
2038-03-04,0.6454427933962185
2038-03-05,0.7655740278261521
2038-03-06,0.5872294426351269
2038-03-07,0.8912139715245861
2038-03-08,0.6392501012858222
2038-03-09,0.5877067266011033
2038-03-10,0.5845893413903865
2038-03-11,0.5570547582439765
2038-03-12,0.5832561638607772
2038-03-13,0.6043510448841788
2038-03-14,0.5975077893868525
2038-03-15,0.5576143733987956
2038-03-16,0.5449968302602122
2038-03-17,0.5821800987688233
2038-03-18,0.509930397100383
2038-03-19,0.50058347427691
2038-03-20,0.4812972730502121
2038-03-21,0.47700323055775334
2038-03-22,0.5042852209666535
2038-03-23,0.6740809787798494
2038-03-24,0.8915715180686045
2038-03-25,1.1374406003540363
2038-03-26,1.3160259867913835
2038-03-27,1.7029984885221887
2038-03-28,1.7260734320606563
2038-03-29,0.8437691643019442
2038-03-30,0.8435171673988033
2038-03-31,0.8337634237953133
2038-04-01,0.9964081237526208
2038-04-02,1.2622416924531428
2038-04-03,1.5114499485318604
2038-04-04,1.8383863839881385
2038-04-05,2.1514258591022335
2038-04-06,2.578108774169275
2038-04-07,2.340628234353213
2038-04-08,2.604957945794692
2038-04-09,3.848374778769472
2038-04-10,4.087997082786269
2038-04-11,3.033631915728224
2038-04-12,2.2101897782336057
2038-04-13,1.759795967877166
2038-04-14,2.364113974376909
2038-04-15,3.059538625485219
2038-04-16,1.8419003044056346
2038-04-17,2.442069720263733
2038-04-18,3.5624113745716315
2038-04-19,3.5053258881547786
2038-04-20,3.3155339849381895
2038-04-21,1.7923825615623092
2038-04-22,1.4954775301197911
2038-04-23,1.4798584418918315
2038-04-24,1.4621574763918341
2038-04-25,1.5653827180769042
2038-04-26,1.4733920640962765
2038-04-27,1.467973659562632
2038-04-28,1.3313919361410835
2038-04-29,1.2756411369835778
2038-04-30,1.2802978737935253
2038-05-01,1.478265971477236
2038-05-02,1.1485880648733628
2038-05-03,1.099771624296815
2038-05-04,1.1294342289644517
2038-05-05,1.563732502122698
2038-05-06,2.8111769699084066
2038-05-07,4.798212741147831
2038-05-08,6.321104151043691
2038-05-09,7.585449349001713
2038-05-10,7.873455538248259
2038-05-11,7.157906761256062
2038-05-12,5.186387010014968
2038-05-13,2.8820707570836146
2038-05-14,2.523747210037076
2038-05-15,3.0046385203307397
2038-05-16,5.039614755470563
2038-05-17,7.157989303142832
2038-05-18,8.806751063179403
2038-05-19,8.44666838487591
2038-05-20,8.9134853349816
2038-05-21,10.263613817229553
2038-05-22,15.862289162757696
2038-05-23,15.813941052386308
2038-05-24,14.244353554900695
2038-05-25,13.776440362681276
2038-05-26,13.354475496865804
2038-05-27,11.005205380313761
2038-05-28,11.130586100654805
2038-05-29,10.600815243924346
2038-05-30,10.204951304576477
2038-05-31,10.125601060849489
2038-06-01,7.480638354861482
2038-06-02,7.156498141341237
2038-06-03,3.7127122148525555
2038-06-04,3.9622311221746815
2038-06-05,4.521905662264119
2038-06-06,2.1692387455433715
2038-06-07,2.054650363972209
2038-06-08,2.767775434198425
2038-06-09,4.166189008863052
2038-06-10,3.6526690550711467
2038-06-11,4.942229891298432
2038-06-12,5.379990919042479
2038-06-13,5.731745959994141
2038-06-14,4.471080323693505
2038-06-15,4.21616828212717
2038-06-16,3.3995928536530964
2038-06-17,2.8442643242613412
2038-06-18,2.54567360054412
2038-06-19,2.284619423409357
2038-06-20,1.7646294984321511
2038-06-21,1.408760204764294
2038-06-22,1.4234833608879371
2038-06-23,1.2296443615653774
2038-06-24,0.8964052347093093
2038-06-25,0.9236262362175878
2038-06-26,0.9060491560684636
2038-06-27,0.8582451473144725
2038-06-28,0.754487623387203
2038-06-29,0.6963067284644624
2038-06-30,0.6793676545759869
2038-07-01,2.0543382125082665
2038-07-02,1.988711980377238
2038-07-03,2.0395018016156885
2038-07-04,2.0092466672124365
2038-07-05,1.9963176351667027
2038-07-06,1.6869473604170093
2038-07-07,1.5829742770625062
2038-07-08,1.5827097160646408
2038-07-09,1.5193955715027638
2038-07-10,1.3580992146173472
2038-07-11,1.3128082498821976
2038-07-12,1.134604836218422
2038-07-13,1.212509215509958
2038-07-14,1.2620781113569635
2038-07-15,0.7258805597739724
2038-07-16,0.678246298321548
2038-07-17,0.7057394247574843
2038-07-18,0.7139157267545347
2038-07-19,0.545847661819559
2038-07-20,0.48273301019334586
2038-07-21,0.43368772438763337
2038-07-22,0.4036200909495961
2038-07-23,0.36720481213159895
2038-07-24,0.30654230776098135
2038-07-25,0.2236363007601272
2038-07-26,0.19586731733861387
2038-07-27,0.1722077584995672
2038-07-28,0.15105287592569894
2038-07-29,0.13114428658585892
2038-07-30,0.11311114327289915
2038-07-31,0.09898946988688741
2038-08-01,0.08149545524447291
2038-08-02,0.07338824637865747
2038-08-03,0.06599235953509708
2038-08-04,0.15085336132404692
2038-08-05,0.04861944392904544
2038-08-06,0.046074223166964766
2038-08-07,0.04408930136843827
2038-08-08,0.042385192665337384
2038-08-09,0.06819374033244438
2038-08-10,0.039152208895192
2038-08-11,0.037792219988802764
2038-08-12,0.03647212336253761
2038-08-13,0.03534614084661601
2038-08-14,0.034381745107956475
2038-08-15,0.08121016628454855
2038-08-16,0.0329170232682314
2038-08-17,0.03228422607212922
2038-08-18,0.031674068300810994
2038-08-19,0.034679660452869
2038-08-20,0.030702224725207054
2038-08-21,0.030291599498255134
2038-08-22,0.1479387205722606
2038-08-23,0.029709530196113925
2038-08-24,0.037951100358256426
2038-08-25,0.029227504166941625
2038-08-26,0.028976470457484266
2038-08-27,0.028712549232116153
2038-08-28,0.028470134331432837
2038-08-29,0.028253826967087812
2038-08-30,0.028054334642547574
2038-08-31,0.02786761676496246
2038-09-01,0.012326957480514296
2038-09-02,0.01226700497460816
2038-09-03,0.012212104466069136
2038-09-04,0.012159837053066303
2038-09-05,0.012108448134155262
2038-09-06,0.012058044868997513
2038-09-07,0.012012046110895853
2038-09-08,0.011974101272536753
2038-09-09,0.07574202000880624
2038-09-10,0.012087602494865254
2038-09-11,0.011900067225632182
2038-09-12,0.011866787555932484
2038-09-13,0.011836396470312779
2038-09-14,0.011807929317831003
2038-09-15,0.05948132388241929
2038-09-16,0.011764657860498892
2038-09-17,0.011739606381103537
2038-09-18,0.011714510514394885
2038-09-19,0.011691588260644216
2038-09-20,0.011668390209277115
2038-09-21,0.011644542922835233
2038-09-22,0.011621265081995291
2038-09-23,0.011600864092268872
2038-09-24,0.011583940874437412
2038-09-25,0.011567844745824988
2038-09-26,0.011549900055458421
2038-09-27,0.011530899564776438
2038-09-28,0.011512820643771023
2038-09-29,0.011496043859822669
2038-09-30,0.03972476597148677
2038-10-01,0.01954248468861332
2038-10-02,0.018627921952577453
2038-10-03,0.018609980897988203
2038-10-04,0.01859126734605145
2038-10-05,0.058373052394688686
2038-10-06,0.019022673456364037
2038-10-07,0.15621329666936162
2038-10-08,0.01853752399029513
2038-10-09,0.018525953069148875
2038-10-10,0.01885195338019785
2038-10-11,0.019031570235047927
2038-10-12,0.09138829774424774
2038-10-13,0.018495801045084616
2038-10-14,0.019074509788396584
2038-10-15,0.018479273548893668
2038-10-16,0.018472965333071155
2038-10-17,0.018466397413129096
2038-10-18,0.01845861428356923
2038-10-19,0.018449915649480262
2038-10-20,0.018606582384519458
2038-10-21,0.018627179698362903
2038-10-22,0.018426264144470354
2038-10-23,0.018419851217122387
2038-10-24,0.01883334278009313
2038-10-25,0.018408160580367688
2038-10-26,0.018402730838551557
2038-10-27,0.23918719220308426
2038-10-28,0.24298345738298074
2038-10-29,0.03199426921669614
2038-10-30,0.019712724266806505
2038-10-31,0.02746896505557506
2038-11-01,0.21855865054175222
2038-11-02,0.15960498329006095
2038-11-03,0.020421252280497054
2038-11-04,0.021243586824196217
2038-11-05,0.0298777969512036
2038-11-06,0.02536216805242613
2038-11-07,0.020343844174424548
2038-11-08,0.1599161713840492
2038-11-09,0.1231707714957697
2038-11-10,0.031198134608149394
2038-11-11,0.16544737740721277
2038-11-12,0.14551149127184784
2038-11-13,0.05641045001933296
2038-11-14,0.023140908372956976
2038-11-15,0.030217754547367318
2038-11-16,0.0671336795457062
2038-11-17,0.10597724495444162
2038-11-18,0.13255113796900964
2038-11-19,0.07943526322033628
2038-11-20,0.0851465781532076
2038-11-21,0.6964522247194114
2038-11-22,0.9653739987491453
2038-11-23,0.7030908723203598
2038-11-24,1.3913728955888602
2038-11-25,0.02650948840342089
2038-11-26,0.18051373265822498
2038-11-27,0.8659810935248948
2038-11-28,0.6730253151842146
2038-11-29,0.6164163587844461
2038-11-30,0.04502715836189815
2038-12-01,0.03222217785968175
2038-12-02,0.04908978700621868
2038-12-03,0.05507053632475402
2038-12-04,0.10206383296672167
2038-12-05,0.08286307287222473
2038-12-06,0.13385484077955234
2038-12-07,0.09961567799198114
2038-12-08,0.09926118537531206
2038-12-09,0.22966877226213242
2038-12-10,0.18645077417944467
2038-12-11,0.07526486637729315
2038-12-12,0.0441257423522176
2038-12-13,0.038525089585520415
2038-12-14,0.04432447040041
2038-12-15,0.037619033473740446
2038-12-16,0.05001467800923254
2038-12-17,0.14158942224982793
2038-12-18,0.13780447597357431
2038-12-19,1.3931239316724375
2038-12-20,0.3624040272502472
2038-12-21,0.06787738676426903
2038-12-22,0.054162797655573997
2038-12-23,0.4349758264263205
2038-12-24,0.04034330901044203
2038-12-25,0.03794090136489466
2038-12-26,0.03896030058491814
2038-12-27,0.04046824789377129
2038-12-28,0.059010192729265214
2038-12-29,0.06830637145495681
2038-12-30,0.0879010265450016
2038-12-31,0.15675506499642766
2039-01-01,0.1253887284596328
2039-01-02,0.18628254917605958
2039-01-03,0.08799582107758953
2039-01-04,0.06949702189267906
2039-01-05,0.06618075006468943
2039-01-06,0.06638768710335183
2039-01-07,0.07667650846837144
2039-01-08,0.08016992740723637
2039-01-09,0.10147659765373841
2039-01-10,0.1711003266550829
2039-01-11,0.1965501189038399
2039-01-12,0.7294290316668202
2039-01-13,0.5944708852511389
2039-01-14,0.4854202001315015
2039-01-15,0.7558410102628892
2039-01-16,4.863581267573115
2039-01-17,1.1701886611900234
2039-01-18,0.6210384136836765
2039-01-19,0.6453519247695931
2039-01-20,0.6001373454501027
2039-01-21,0.5919093718215903
2039-01-22,0.5850614616311658
2039-01-23,0.5888174355123584
2039-01-24,0.5759443623584353
2039-01-25,0.565617816070239
2039-01-26,0.5700975427652496
2039-01-27,0.5783948264792007
2039-01-28,0.6054060472868644
2039-01-29,0.6376784321857153
2039-01-30,0.61303118131602
2039-01-31,0.616008182623037
2039-02-01,0.5679008964932397
2039-02-02,0.5222224739700683
2039-02-03,0.5377646222600188
2039-02-04,0.49355369938243676
2039-02-05,0.45958295023250667
2039-02-06,0.4998370460387918
2039-02-07,0.5802614950051976
2039-02-08,1.0239971357172903
2039-02-09,0.5713872080174571
2039-02-10,0.5032416442085589
2039-02-11,0.49272080220996795
2039-02-12,0.4828558005375474
2039-02-13,0.47455181359220744
2039-02-14,0.4558818366924131
2039-02-15,0.46915434280610324
2039-02-16,0.432034767658715
2039-02-17,0.3979553427579629
2039-02-18,0.3912874668458715
2039-02-19,0.3663827052199243
2039-02-20,0.3401470553884891
2039-02-21,0.32141709728893697
2039-02-22,0.30342692850900393
2039-02-23,0.2966320233152136
2039-02-24,0.3393020229863924
2039-02-25,0.4424986385582063
2039-02-26,0.6133408129440365
2039-02-27,0.8307712565796536
2039-02-28,0.791510472439323
2039-03-01,0.6642982121864794
2039-03-02,0.8225064658528894
2039-03-03,0.6866871246887558
2039-03-04,1.1053483961943948
2039-03-05,0.8282017097007818
2039-03-06,0.7847807172690581
2039-03-07,0.779164037522929
2039-03-08,0.7665099580438542
2039-03-09,0.7613224420756178
2039-03-10,1.1918767749118186
2039-03-11,0.865316996837954
2039-03-12,0.7824276220233841
2039-03-13,0.7742801755788439
2039-03-14,0.7354729594961464
2039-03-15,0.7070074099843608
2039-03-16,0.6679347851302964
2039-03-17,0.6137295346752262
2039-03-18,0.5783551988193556
2039-03-19,0.554062167582717
2039-03-20,0.5722271093830588
2039-03-21,0.6067814649395179
2039-03-22,0.5395584920140605
2039-03-23,0.48067516705014
2039-03-24,0.4638597299720142
2039-03-25,0.44121456045552937
2039-03-26,0.46530919503927587
2039-03-27,0.42652233577204474
2039-03-28,0.45770051916147225
2039-03-29,0.5485133919377013
2039-03-30,0.4918888021466144
2039-03-31,0.8439560078604164
2039-04-01,0.7789538994285832
2039-04-02,0.8905175547164236
2039-04-03,0.9324888961337424
2039-04-04,1.067767412949288
2039-04-05,0.9833105048451725
2039-04-06,1.1677718480135069
2039-04-07,1.0074121810204322
2039-04-08,1.1129488466002158
2039-04-09,1.060483558453537
2039-04-10,1.1566504500008805
2039-04-11,1.8159008706742872
2039-04-12,2.1698881275753847
2039-04-13,2.724655810767025
2039-04-14,2.934507440745314
2039-04-15,2.951351812780906
2039-04-16,3.057126849168138
2039-04-17,2.1145748720032485
2039-04-18,3.5011733356988586
2039-04-19,4.3671093094004005
2039-04-20,4.065130994423709
2039-04-21,6.26901701704155
2039-04-22,7.768412801802799
2039-04-23,7.228481470181359
2039-04-24,4.452020008879454
2039-04-25,2.5553323570582167
2039-04-26,2.1689337652243315
2039-04-27,2.264436971756923
2039-04-28,2.642989778284905
2039-04-29,3.796432186773352
2039-04-30,5.199261454078748
2039-05-01,6.288305092367625
2039-05-02,5.9322798027296075
2039-05-03,2.189134045822778
2039-05-04,2.4028280975290843
2039-05-05,3.559374132459172
2039-05-06,7.195674173038102
2039-05-07,7.948840009468054
2039-05-08,7.1982991552646425
2039-05-09,7.753590260005241
2039-05-10,6.987893901913772
2039-05-11,5.612948239630234
2039-05-12,2.4792277743823306
2039-05-13,2.802742482478006
2039-05-14,2.5619887593342807
2039-05-15,2.7969676022180194
2039-05-16,2.493559598996316
2039-05-17,2.841183005632105
2039-05-18,4.825846408432173
2039-05-19,6.488323120296602
2039-05-20,6.101468363702417
2039-05-21,6.4296819623382895
2039-05-22,7.396323550734935
2039-05-23,7.629138246481133
2039-05-24,5.026630436524028
2039-05-25,5.004441615112468
2039-05-26,6.33129484197464
2039-05-27,5.0151032021942035
2039-05-28,4.069744970449741
2039-05-29,2.5045558359819577
2039-05-30,2.318016339982489
2039-05-31,2.2300225879852027
2039-06-01,2.616061483598106
2039-06-02,3.3229361582629147
2039-06-03,1.4601899660949276
2039-06-04,1.3212138653516134
2039-06-05,1.0876651106593853
2039-06-06,1.1449483397614542
2039-06-07,1.2584219945833126
2039-06-08,1.0959457454242933
2039-06-09,0.9526747284694657
2039-06-10,0.9257954705637754
2039-06-11,1.4941158926525655
2039-06-12,1.743368288359536
2039-06-13,1.5255557041614367
2039-06-14,1.532249458958111
2039-06-15,1.8460542182905124
2039-06-16,2.1001828374725875
2039-06-17,1.7044585843569264
2039-06-18,1.5214159083067142
2039-06-19,0.9719839897009719
2039-06-20,0.7779763879085576
2039-06-21,0.7114053794809083
2039-06-22,0.6787171832203684
2039-06-23,0.6518742565950709
2039-06-24,0.6185322007210539
2039-06-25,0.3945875778443053
2039-06-26,0.37406823498431774
2039-06-27,0.26187955664146995
2039-06-28,0.22494086786102485
2039-06-29,0.19234620905337507
2039-06-30,0.17262824270027416
2039-07-01,0.5076821270990939
2039-07-02,0.42256708359989525
2039-07-03,0.37408585948310397
2039-07-04,0.33633991014689923
2039-07-05,0.3023626049478922
2039-07-06,0.22489401245529658
2039-07-07,0.17711211808156782
2039-07-08,0.15591318629406423
2039-07-09,0.13668198644036736
2039-07-10,0.12086485567468101
2039-07-11,0.1128522715039348
2039-07-12,0.10356287844561352
2039-07-13,0.0954388279572601
2039-07-14,0.0873984230325841
2039-07-15,0.06904137012188857
2039-07-16,0.06184277508489506
2039-07-17,0.0586480157052435
2039-07-18,0.055905598785406206
2039-07-19,0.06518694898918506
2039-07-20,0.05127764369797083
2039-07-21,0.0835069104107437
2039-07-22,0.04753282545827718
2039-07-23,0.04574886845387587
2039-07-24,0.044183978584402844
2039-07-25,0.04273005060812624
2039-07-26,0.04133950334087821
2039-07-27,0.040102478313423874
2039-07-28,0.0390619140234131
2039-07-29,0.03816634737433277
2039-07-30,0.037354747804175324
2039-07-31,0.03660355719916353
2039-08-01,0.03282358381317213
2039-08-02,0.032265539411490206
2039-08-03,0.031772501109407415
2039-08-04,0.03132784692029564
2039-08-05,0.03092523949039712
2039-08-06,0.03055242896425305
2039-08-07,0.03020701827826055
2039-08-08,0.029892469691470608
2039-08-09,0.029602846897744693
2039-08-10,0.029337104915122293
2039-08-11,0.029447650998049656
2039-08-12,0.028960677114478507
2039-08-13,0.02878491408432564
2039-08-14,0.02861700742994469
2039-08-15,0.028466812648817452
2039-08-16,0.028325883478176262
2039-08-17,0.028191386240595504
2039-08-18,0.028063041969557407
2039-08-19,0.02794595043059995
2039-08-20,0.02782102820587946
2039-08-21,0.02767452475009873
2039-08-22,0.02753190166901947
2039-08-23,0.027407808441199007
2039-08-24,0.027285720041457708
2039-08-25,0.02715658115503101
2039-08-26,0.027036924150746305
2039-08-27,0.026940273975128652
2039-08-28,0.026861374144643766
2039-08-29,0.026785303628807575
2039-08-30,0.026714664494862393
2039-08-31,0.026657294149371402
2039-09-01,0.011983406829038269
2039-09-02,0.01181818057401216
2039-09-03,0.02030475457998524
2039-09-04,0.011775478474538812
2039-09-05,0.011751683970348375
2039-09-06,0.011760180757016283
2039-09-07,0.011704103834758992
2039-09-08,0.011679713162437105
2039-09-09,0.011655097583537867
2039-09-10,0.011632561032352204
2039-09-11,0.011613221801270005
2039-09-12,0.09960407669663165
2039-09-13,0.4728050466279699
2039-09-14,0.47283551353127057
2039-09-15,0.4332526245169448
2039-09-16,0.011786992922433917
2039-09-17,0.011940951332692887
2039-09-18,0.018455700670305553
2039-09-19,0.0121030885553131
2039-09-20,0.012133871082153937
2039-09-21,0.01926691963821233
2039-09-22,0.012115556139594617
2039-09-23,0.012073478072706836
2039-09-24,0.01202872234369588
2039-09-25,0.011987264294038165
2039-09-26,0.011944983683087685
2039-09-27,0.011904694460204835
2039-09-28,0.011871511071275579
2039-09-29,0.01184876835267672
2039-09-30,0.08608691938800367
2039-10-01,0.020961100480346235
2039-10-02,0.019167878369217368
2039-10-03,0.01911236018326707
2039-10-04,0.1027120433222736
2039-10-05,0.01903175013218239
2039-10-06,0.0234469112404517
2039-10-07,0.018971531248101005
2039-10-08,0.1289330559406345
2039-10-09,0.018929466568312184
2039-10-10,0.09889280976587214
2039-10-11,0.02103203936437033
2039-10-12,0.11616554251908234
2039-10-13,0.01888234040597547
2039-10-14,0.018869273903155365
2039-10-15,0.018852902814495545
2039-10-16,0.018836926969468926
2039-10-17,0.018825931288618473
2039-10-18,0.018817758658286266
2039-10-19,0.047733310561120075
2039-10-20,0.02452671050319893
2039-10-21,0.0187985021746464
2039-10-22,0.019016712690277222
2039-10-23,0.018784392823954603
2039-10-24,0.031154350320354907
2039-10-25,0.018769107440687417
2039-10-26,0.0187580714233462
2039-10-27,0.018749019243696537
2039-10-28,0.13804767625558867
2039-10-29,0.01875915515767628
2039-10-30,0.018725663144581663
2039-10-31,0.01870961620792778
2039-11-01,0.019902652775164082
2039-11-02,0.019644356816547092
2039-11-03,0.02211703909516328
2039-11-04,0.01962227740072588
2039-11-05,0.01961289720095239
2039-11-06,0.01960474149068201
2039-11-07,0.20056737000676922
2039-11-08,0.8028817654860655
2039-11-09,0.19162970369483615
2039-11-10,0.11242563202378654
2039-11-11,0.2296279221133565
2039-11-12,0.732798332420014
2039-11-13,0.10765060539803194
2039-11-14,0.05890653115462112
2039-11-15,0.18110171129385544
2039-11-16,0.2980969179933848
2039-11-17,0.26695016754181405
2039-11-18,0.5243540422360683
2039-11-19,0.8027244127240204
2039-11-20,0.15226915702313576
2039-11-21,0.07647068283841048
2039-11-22,0.1685645062196691
2039-11-23,0.11905819097890809
2039-11-24,0.32742964195995483
2039-11-25,0.1346303417653561
2039-11-26,0.13073999448316523
2039-11-27,0.263060548050577
2039-11-28,0.07298225081493495
2039-11-29,0.0819979389454807
2039-11-30,0.12620043547550927
2039-12-01,0.1219005409477441
2039-12-02,0.24935224299130654
2039-12-03,0.7237696149216427
2039-12-04,0.21996229367701958
2039-12-05,0.14438836837659888
2039-12-06,0.0768246828967875
2039-12-07,0.17356011769037982
2039-12-08,0.22614032168972614
2039-12-09,0.8412915360234778
2039-12-10,0.11077362192757162
2039-12-11,0.0606258161958554
2039-12-12,0.049586207182169016
2039-12-13,0.04862867196998958
2039-12-14,0.05365832319501643
2039-12-15,0.2531770073623633
2039-12-16,0.05611478759226087
2039-12-17,0.03779954568298593
2039-12-18,0.03518662737863221
2039-12-19,0.04414156329556262
2039-12-20,0.03540592124326941
2039-12-21,0.04004359021075277
2039-12-22,0.03586297714464676
2039-12-23,0.03562337666416972
2039-12-24,0.04691504959860851
2039-12-25,0.047622747043377135
2039-12-26,0.049495594940978486
2039-12-27,0.043390261028113664
2039-12-28,0.03883129307490568
2039-12-29,0.03595678913045857
2039-12-30,0.04933516211211935
2039-12-31,0.049965305582686546
2040-01-01,0.03157040041187821
2040-01-02,0.02559172533482684
2040-01-03,0.01362158858841817
2040-01-04,0.04075003676344119
2040-01-05,0.02582127364793383
2040-01-06,0.035511890127025686
2040-01-07,0.017850606074938515
2040-01-08,0.013669270873223846
2040-01-09,0.020623139216188704
2040-01-10,0.032960692099552436
2040-01-11,0.02671561055658646
2040-01-12,0.028006683877443914
2040-01-13,0.017646763684629835
2040-01-14,0.01728852172188486
2040-01-15,0.020060851859409225
2040-01-16,0.01495078233697872
2040-01-17,0.018450643224204775
2040-01-18,0.016879179952513035
2040-01-19,0.01871161389182422
2040-01-20,0.016046915499155667
2040-01-21,0.0160377219360434
2040-01-22,0.016811475305527904
2040-01-23,0.020823712104599195
2040-01-24,0.06952139159863333
2040-01-25,0.015227288014178827
2040-01-26,0.01696874561025322
2040-01-27,0.024266993747705513
2040-01-28,0.020738646993805978
2040-01-29,0.017345844034360302
2040-01-30,0.01956638728135123
2040-01-31,0.015133610242968455
2040-02-01,0.013806592497955556
2040-02-02,0.01952825194982526
2040-02-03,0.021603001473207935
2040-02-04,0.03595075506022072
2040-02-05,0.048885330769244555
2040-02-06,0.07533675805061411
2040-02-07,0.08995660529777742
2040-02-08,0.0682895818123281
2040-02-09,0.06272039515113796
2040-02-10,0.06141041280908395
2040-02-11,0.052546935931627396
2040-02-12,0.02357462467423075
2040-02-13,0.06609924138523496
2040-02-14,0.06273270949120739
2040-02-15,0.07557138981967286
2040-02-16,0.034246432530846284
2040-02-17,0.021340897537506655
2040-02-18,0.07476645522567102
2040-02-19,0.06748299493063123
2040-02-20,0.08158842229369176
2040-02-21,0.12155395446635847
2040-02-22,0.35040568337865247
2040-02-23,0.35336883853209167
2040-02-24,0.06188205977574679
2040-02-25,0.07351196396897657
2040-02-26,0.14170397627164982
2040-02-27,0.24410612374435786
2040-02-28,0.14990284256509295
2040-02-29,0.1487321362121337
2040-03-01,0.2329495867126204
2040-03-02,0.36338085336145604
2040-03-03,0.415497676727965
2040-03-04,0.3254850217460609
2040-03-05,0.3364994320062993
2040-03-06,0.36534601596665206
2040-03-07,0.599020867588343
2040-03-08,0.43481353513357274
2040-03-09,0.47190049511671933
2040-03-10,0.5552984577581923
2040-03-11,0.8536226682137862
2040-03-12,1.16318130727877
2040-03-13,1.075090962728045
2040-03-14,0.9381934930021172
2040-03-15,1.0328140692373364
2040-03-16,1.0951700520804684
2040-03-17,0.8714775938734196
2040-03-18,0.8399439817261043
2040-03-19,0.834758203947965
2040-03-20,0.8820896773673924
2040-03-21,0.8289376348779128
2040-03-22,0.8807589360184492
2040-03-23,0.7040069649269329
2040-03-24,0.6794375267361566
2040-03-25,0.6251890290297488
2040-03-26,0.580665320796294
2040-03-27,0.59114893893998
2040-03-28,0.5280998703196516
2040-03-29,0.5162887641102586
2040-03-30,0.4823757991159984
2040-03-31,0.47699620836000084
2040-04-01,0.5456203265117744
2040-04-02,0.5596007917269529
2040-04-03,0.6834765631939208
2040-04-04,0.6315516338306372
2040-04-05,0.6617386451994521
2040-04-06,0.6609218481178551
2040-04-07,0.6465847618554723
2040-04-08,0.6152651503210299
2040-04-09,0.6486915793452688
2040-04-10,0.7954765910660732
2040-04-11,1.1342887210494605
2040-04-12,0.7353172912917053
2040-04-13,0.6270335461830857
2040-04-14,0.6081841248529096
2040-04-15,0.7265555538428629
2040-04-16,1.0011225318505805
2040-04-17,1.2105251245329494
2040-04-18,1.3432375848694693
2040-04-19,1.0841905628236252
2040-04-20,0.7107827470157212
2040-04-21,0.8712763065267178
2040-04-22,0.7009863005456072
2040-04-23,0.6755383618010479
2040-04-24,0.8685416987817495
2040-04-25,1.0470906389979129
2040-04-26,1.1462749565356456
2040-04-27,1.3441705080818054
2040-04-28,0.8560008714436186
2040-04-29,0.9313105883859418
2040-04-30,1.3515298595835468
2040-05-01,1.5778926057179232
2040-05-02,2.0508882570865588
2040-05-03,4.379399329104769
2040-05-04,6.8056917095224545
2040-05-05,9.027844052357088
2040-05-06,7.9863289218643745
2040-05-07,6.055973919300856
2040-05-08,5.930343763422221
2040-05-09,3.5789384905610975
2040-05-10,3.760006420630515
2040-05-11,3.533415290352796
2040-05-12,3.2500239798158783
2040-05-13,2.70926199790558
2040-05-14,3.062204132757477
2040-05-15,3.596491816690891
2040-05-16,4.290738637700804
2040-05-17,3.8219596466210755
2040-05-18,2.8822313480571995
2040-05-19,2.0202980029357507
2040-05-20,2.385146747212404
2040-05-21,2.6553272866827613
2040-05-22,2.953472890637828
2040-05-23,2.08015085434786
2040-05-24,2.203180950249075
2040-05-25,2.279850279582194
2040-05-26,2.002270667542022
2040-05-27,1.6624675285789736
2040-05-28,1.590535762530535
2040-05-29,1.0651836808047284
2040-05-30,0.9811792951568179
2040-05-31,0.9244812561129735
2040-06-01,0.7444919632082226
2040-06-02,0.7001266259470407
2040-06-03,0.6541942540227742
2040-06-04,0.42350444109954205
2040-06-05,0.37176183255818196
2040-06-06,0.32184772875816564
2040-06-07,0.3069093478088359
2040-06-08,0.2730470017748916
2040-06-09,0.2844654366730804
2040-06-10,0.21409529646380776
2040-06-11,0.17662318951460576
2040-06-12,0.14110852754045694
2040-06-13,0.12649275049331
2040-06-14,0.16405322924645713
2040-06-15,0.1066128619268186
2040-06-16,0.09475152387599203
2040-06-17,0.08695212273187229
2040-06-18,0.0788245344855176
2040-06-19,0.07127814298318558
2040-06-20,0.06459773559839375
2040-06-21,0.05774081434983806
2040-06-22,0.05177461678604208
2040-06-23,0.045489122485257
2040-06-24,0.040975936480900546
2040-06-25,0.0364623715289063
2040-06-26,0.0334149730858135
2040-06-27,0.03084304867599316
2040-06-28,0.027453450645238756
2040-06-29,0.02523619937122278
2040-06-30,0.023602882664651645
2040-07-01,0.07337198703880199
2040-07-02,0.06989253408258643
2040-07-03,0.0665775326150517
2040-07-04,0.06359256719962379
2040-07-05,0.06078876101811124
2040-07-06,0.13220257144526956
2040-07-07,0.05658083984399752
2040-07-08,0.05476330688099607
2040-07-09,0.10348598308770633
2040-07-10,0.05171427349125858
2040-07-11,0.08766991552793357
2040-07-12,0.049271244403754307
2040-07-13,0.04797073812885342
2040-07-14,0.05487167877639932
2040-07-15,0.045669939557492246
2040-07-16,0.07895182864157932
2040-07-17,0.04853973474388379
2040-07-18,0.04274441510769657
2040-07-19,0.04153534629070893
2040-07-20,0.040612718502330676
2040-07-21,0.0396908845419767
2040-07-22,0.038844589388814604
2040-07-23,0.14245280783101097
2040-07-24,0.03748276944116035
2040-07-25,0.05045966509878579
2040-07-26,0.036324505974760994
2040-07-27,0.03571893380191842
2040-07-28,0.0600373948849333
2040-07-29,0.0345601100250394
2040-07-30,0.03404784099014355
2040-07-31,0.03354957471582507
2040-08-01,0.06687581120123753
2040-08-02,0.02983663876875754
2040-08-03,0.029450211298985035
2040-08-04,0.07682521874002353
2040-08-05,0.04213767269710285
2040-08-06,0.02859358048655262
2040-08-07,0.028334737017050925
2040-08-08,0.18175786580863615
2040-08-09,0.028612178935413957
2040-08-10,0.03768818335162621
2040-08-11,0.03639721138426645
2040-08-12,0.027516499229295475
2040-08-13,0.027275952122972784
2040-08-14,0.027117436003433717
2040-08-15,0.026976399627688673
2040-08-16,0.026850608925433173
2040-08-17,0.02942435981714276
2040-08-18,0.20841720085311868
2040-08-19,0.03448215361689794
2040-08-20,0.036920204932614144
2040-08-21,0.11251911888885369
2040-08-22,0.032996575263449776
2040-08-23,0.026333142613767187
2040-08-24,0.026272229260279046
2040-08-25,0.0262615745675567
2040-08-26,0.02992427727155407
2040-08-27,0.026141317541865994
2040-08-28,0.02610724514632376
2040-08-29,0.02606770960504647
2040-08-30,0.026027339577576566
2040-08-31,0.029007015189230358
2040-09-01,0.011661932006402689
2040-09-02,0.011542348184462467
2040-09-03,0.011527851343676055
2040-09-04,0.0115117534172755
2040-09-05,0.01149612179280169
2040-09-06,0.038852806414396555
2040-09-07,0.01147423897747391
2040-09-08,0.011462284616252573
2040-09-09,0.011448901641559853
2040-09-10,0.011436064477993845
2040-09-11,0.011424975515669808
2040-09-12,0.011415174842131863
2040-09-13,0.011405534263899004
2040-09-14,0.011396285140774778
2040-09-15,0.01138880054480377
2040-09-16,0.011382699000242533
2040-09-17,0.011376793207538554
2040-09-18,0.01137170330954015
2040-09-19,0.011367991389629059
2040-09-20,0.01136452266601177
2040-09-21,0.011360183485324263
2040-09-22,0.011354642954183234
2040-09-23,0.011348666289615917
2040-09-24,0.05331093141146438
2040-09-25,0.011338314989808154
2040-09-26,0.01133195057996426
2040-09-27,0.011325765783546517
2040-09-28,0.011319765214331003
2040-09-29,0.011313728921020293
2040-09-30,0.011308307382874656
2040-10-01,0.01837392056506774
2040-10-02,0.01836742618595915
2040-10-03,0.01836078283723173
2040-10-04,0.018353772766275065
2040-10-05,0.026614766446587508
2040-10-06,0.09627225001258867
2040-10-07,0.018335631486240633
2040-10-08,0.018352889757081447
2040-10-09,0.018323510418134095
2040-10-10,0.018317883238678858
2040-10-11,0.018312338716605103
2040-10-12,0.018306692949038486
2040-10-13,0.01830102959787264
2040-10-14,0.018295298932007924
2040-10-15,0.018289437293625553
2040-10-16,0.018283316726824823
2040-10-17,0.018277048573534828
2040-10-18,0.01827101209033947
2040-10-19,0.018265303078455655
2040-10-20,0.01825981945717669
2040-10-21,0.01825440335478233
2040-10-22,0.018248911026354054
2040-10-23,0.018243303375908536
2040-10-24,0.01823768768012259
2040-10-25,0.018232230475797064
2040-10-26,0.01822675424317946
2040-10-27,0.018533341971901585
2040-10-28,0.04590213590053777
2040-10-29,0.0640174869603188
2040-10-30,0.018523218233155392
2040-10-31,0.018200852128854
2040-11-01,0.01922715928665455
2040-11-02,0.01912676042450393
2040-11-03,0.01912148269130791
2040-11-04,0.3238811619190004
2040-11-05,0.788298299609797
2040-11-06,0.09328070821479091
2040-11-07,0.10290123929883689
2040-11-08,0.03843442235018151
2040-11-09,0.024524128824828743
2040-11-10,0.022127521681478825
2040-11-11,0.027196427111716055
2040-11-12,0.02972623940618881
2040-11-13,0.11509374673557016
2040-11-14,0.20701224504032026
2040-11-15,0.15317667627041173
2040-11-16,0.07432931686368867
2040-11-17,0.05342299374515519
2040-11-18,0.082070918440889
2040-11-19,0.07510812675853024
2040-11-20,0.05542063127282097
2040-11-21,0.04425217699978737
2040-11-22,0.02381259770228952
2040-11-23,0.030464171372855463
2040-11-24,0.02594728930853566
2040-11-25,0.032220588499037306
2040-11-26,0.08547664717133488
2040-11-27,0.0848370618657944
2040-11-28,0.2480188157994252
2040-11-29,0.5308346175124729
2040-11-30,0.4000156425646883
2040-12-01,0.0701100715113708
2040-12-02,0.14327483897583418
2040-12-03,1.6933337066593557
2040-12-04,0.6882936162895864
2040-12-05,0.20445634248651043
2040-12-06,1.2551576420466433
2040-12-07,3.6529756509862312
2040-12-08,1.0381033311810395
2040-12-09,0.039976512289542895
2040-12-10,0.03544683568960338
2040-12-11,0.03485868280951628
2040-12-12,0.03509537528874341
2040-12-13,0.034724805483548685
2040-12-14,0.17802094690580889
2040-12-15,1.9794620811377546
2040-12-16,1.9317306204641465
2040-12-17,0.5830326475712664
2040-12-18,0.11475674328981485
2040-12-19,0.13641867292138302
2040-12-20,0.15950750431627786
2040-12-21,0.26829280825631313
2040-12-22,0.42553466403214835
2040-12-23,1.6713367200558922
2040-12-24,3.184901452485752
2040-12-25,0.7123095542223206
2040-12-26,0.7600363523591824
2040-12-27,0.848482156577138
2040-12-28,0.74102170035843
2040-12-29,0.6322530507855619
2040-12-30,0.6318414100757808
2040-12-31,0.6222593526531509
2041-01-01,0.21441909898352676
2041-01-02,0.20650891152334377
2041-01-03,0.1991192174609639
2041-01-04,0.18845521230278767
2041-01-05,0.17967088761438157
2041-01-06,0.1907406883267396
2041-01-07,0.2708405034041938
2041-01-08,0.4334968789920784
2041-01-09,0.7262562089570771
2041-01-10,0.5961670634473667
2041-01-11,0.4511434446003669
2041-01-12,0.44873292382760244
2041-01-13,0.4332378959508246
2041-01-14,0.4130465087074632
2041-01-15,0.4125169148697116
2041-01-16,0.5792558962092402
2041-01-17,0.40732477511491066
2041-01-18,0.40528397390060017
2041-01-19,0.393360400267975
2041-01-20,0.37202152138368483
2041-01-21,0.34509157634681625
2041-01-22,0.3196353826395956
2041-01-23,0.2959771341230476
2041-01-24,0.27399565076022464
2041-01-25,0.25458522146402424
2041-01-26,0.23759178666615044
2041-01-27,0.22769845601001582
2041-01-28,0.2269987050688756
2041-01-29,0.20153821379293013
2041-01-30,0.19664159997023828
2041-01-31,0.19461033618581666
2041-02-01,0.1835866407864966
2041-02-02,0.20730020361831447
2041-02-03,0.22332055941810777
2041-02-04,0.22409416207273278
2041-02-05,0.29452554091140887
2041-02-06,0.33062506061937263
2041-02-07,0.3324617467649165
2041-02-08,0.25818557257312014
2041-02-09,0.25313298608165963
2041-02-10,0.2479273823284747
2041-02-11,0.23629625661414672
2041-02-12,0.27810856119095023
2041-02-13,0.32477910289997186
2041-02-14,0.3890335036528749
2041-02-15,0.46759464316558463
2041-02-16,0.387399446839631
2041-02-17,0.38824937870353055
2041-02-18,0.7119968412672171
2041-02-19,0.6759318402667984
2041-02-20,0.5348254801180793
2041-02-21,0.5429320706954992
2041-02-22,0.5718224427682476
2041-02-23,0.5478793184404563
2041-02-24,0.5692989198074092
2041-02-25,0.5968024935289051
2041-02-26,0.5998457612251364
2041-02-27,0.6004658657951252
2041-02-28,0.7461642394659179
2041-03-01,0.8661800103897744
2041-03-02,0.9792647970872717
2041-03-03,1.9361699019394472
2041-03-04,1.4084593701287187
2041-03-05,1.1481842516925687
2041-03-06,1.2299509182221944
2041-03-07,1.2371015841299398
2041-03-08,1.0771673534342037
2041-03-09,0.9778078319549098
2041-03-10,0.9406805782630867
2041-03-11,0.9134273853438222
2041-03-12,0.9481917681128506
2041-03-13,1.063200413240758
2041-03-14,1.2467927058454167
2041-03-15,1.3517698033129997
2041-03-16,1.6423506977999962
2041-03-17,1.9202422177643528
2041-03-18,1.8707275089451898
2041-03-19,2.85549410987985
2041-03-20,3.979270063592281
2041-03-21,4.557278600755708
2041-03-22,4.969265211716591
2041-03-23,4.552660221040406
2041-03-24,1.5722526869036555
2041-03-25,1.2977527617916274
2041-03-26,1.3749741554806685
2041-03-27,1.4412349269680027
2041-03-28,1.4850920693051195
2041-03-29,1.9290273234053186
2041-03-30,3.3848527418115153
2041-03-31,8.339314335553066
2041-04-01,7.403564535528061
2041-04-02,7.211900076250012
2041-04-03,7.015894366019746
2041-04-04,4.454268779727758
2041-04-05,3.871766245990418
2041-04-06,3.6182271557832255
2041-04-07,4.2506458700701195
2041-04-08,3.7233651112651147
2041-04-09,3.8471806698503435
2041-04-10,4.547668744765642
2041-04-11,6.843171288370259
2041-04-12,5.425140648265031
2041-04-13,4.636970536828165
2041-04-14,2.9411316036264763
2041-04-15,2.07184149407103
2041-04-16,2.0941039031989424
2041-04-17,2.126173938815566
2041-04-18,2.0716449994233246
2041-04-19,1.9000403189476218
2041-04-20,1.7958721488764142
2041-04-21,1.8791278623075718
2041-04-22,1.865351868183942
2041-04-23,1.6774724956641869
2041-04-24,1.5012750200017941
2041-04-25,1.391091566214574
2041-04-26,1.4141704317914796
2041-04-27,1.5305478400153558
2041-04-28,1.7636263610629768
2041-04-29,2.154651546273489
2041-04-30,2.5133869847814942
2041-05-01,2.51768079695861
2041-05-02,2.6779372193339164
2041-05-03,3.071962335007037
2041-05-04,3.654675738366705
2041-05-05,4.596086417680538
2041-05-06,5.5506468003192895
2041-05-07,5.432160902099798
2041-05-08,4.648931121888501
2041-05-09,2.0666959538506244
2041-05-10,1.875892383530943
2041-05-11,1.6510835401376922
2041-05-12,1.7456206300082382
2041-05-13,1.6909435671262618
2041-05-14,1.5698603950128402
2041-05-15,1.5740449517941635
2041-05-16,1.638709316782001
2041-05-17,1.639075041191091
2041-05-18,1.6079698796908088
2041-05-19,1.3989125601768873
2041-05-20,1.403510716564828
2041-05-21,1.3772315901681158
2041-05-22,1.3263045534632765
2041-05-23,1.2669732964986251
2041-05-24,1.2618454413484197
2041-05-25,1.4218623975167481
2041-05-26,1.8693318696391672
2041-05-27,2.8014745232944485
2041-05-28,5.10086157497037
2041-05-29,5.18601480002913
2041-05-30,5.023699634974962
2041-05-31,5.109882201494807
2041-06-01,3.5085940339467374
2041-06-02,3.3638061835245026
2041-06-03,2.5836989593459654
2041-06-04,2.633550791518161
2041-06-05,2.194818747199857
2041-06-06,1.7535518939791181
2041-06-07,1.2573970330500204
2041-06-08,0.9550657616999931
2041-06-09,0.8145902370094863
2041-06-10,0.7114386708482577
2041-06-11,0.729890200801455
2041-06-12,0.6680634325833747
2041-06-13,0.7111310768600205
2041-06-14,0.49305411390356957
2041-06-15,0.4004393854779029
2041-06-16,0.3763812771352841
2041-06-17,0.29917354701183585
2041-06-18,0.26151490697519264
2041-06-19,0.22957816504636136
2041-06-20,0.21115035487666947
2041-06-21,0.19216235469592918
2041-06-22,0.16614481219546953
2041-06-23,0.14076583549934113
2041-06-24,0.12194940852926728
2041-06-25,0.10181264430331555
2041-06-26,0.0943305760756921
2041-06-27,0.09468509373346061
2041-06-28,0.09266851013708967
2041-06-29,0.08121159948138444
2041-06-30,0.07426367588171902
2041-07-01,0.23188236556405709
2041-07-02,0.2232696902414443
2041-07-03,0.21134134726107465
2041-07-04,0.22978267217536377
2041-07-05,0.29059573606053324
2041-07-06,0.1427693504769369
2041-07-07,0.1830297702174221
2041-07-08,0.113501600489376
2041-07-09,0.1102856659686409
2041-07-10,0.10788749568600423
2041-07-11,0.10671585927201015
2041-07-12,0.09970603140001075
2041-07-13,0.0925905495615797
2041-07-14,0.08789018812577108
2041-07-15,0.08428995176155647
2041-07-16,0.07059224981252758
2041-07-17,0.06484976821010661
2041-07-18,0.06211848029656646
2041-07-19,0.059613276143001916
2041-07-20,0.05701871079599463
2041-07-21,0.0540900702746047
2041-07-22,0.15698462563425372
2041-07-23,0.049481404538676686
2041-07-24,0.11048503881519102
2041-07-25,0.045943996494203256
2041-07-26,0.04428967047103144
2041-07-27,0.04280035934688486
2041-07-28,0.0414992202057036
2041-07-29,0.040399064546796815
2041-07-30,0.03944477579985551
2041-07-31,0.06354000721157442
2041-08-01,0.03548455614051149
2041-08-02,0.03408277023140308
2041-08-03,0.14028042837279747
2041-08-04,0.04116352401385502
2041-08-05,0.060085783129296154
2041-08-06,0.04749020178691292
2041-08-07,0.08247802329876601
2041-08-08,2.097320927521329
2041-08-09,3.5205399011461447
2041-08-10,1.1763371558992897
2041-08-11,0.03821645431915828
2041-08-12,0.1962582948882743
2041-08-13,0.03904973933866258
2041-08-14,0.17030208636143168
2041-08-15,0.03864561266683876
2041-08-16,0.16066630447594704
2041-08-17,0.03813658879572418
2041-08-18,0.039828164162264965
2041-08-19,0.03745038009069406
2041-08-20,0.061808614330222285
2041-08-21,0.03655643179200239
2041-08-22,0.2972402354178256
2041-08-23,0.13310505113329987
2041-08-24,0.12006670243205464
2041-08-25,0.20462162876316778
2041-08-26,0.04536674087395128
2041-08-27,0.11519582621576514
2041-08-28,0.03523907279257686
2041-08-29,0.0775893647918928
2041-08-30,0.034496643134106636
2041-08-31,0.14949044925438473
2041-09-01,0.015677700890228095
2041-09-02,0.014875912165024312
2041-09-03,0.014731733729752675
2041-09-04,0.01459444972546872
2041-09-05,0.014445392216313024
2041-09-06,0.014287372040234505
2041-09-07,0.014136545121238943
2041-09-08,0.014001340359291955
2041-09-09,0.013886954893484238
2041-09-10,0.013857520728569817
2041-09-11,0.013721498630151726
2041-09-12,0.013641700478720516
2041-09-13,0.013561117416022466
2041-09-14,0.01378050081944691
2041-09-15,0.01341737412122736
2041-09-16,0.01333525249592153
2041-09-17,0.013249058422223002
2041-09-18,0.013165303659164813
2041-09-19,0.013089826007331756
2041-09-20,0.013015211699690553
2041-09-21,0.012941684078591404
2041-09-22,0.012870995858685015
2041-09-23,0.012804795453240201
2041-09-24,0.012749043475505636
2041-09-25,0.012714820946101645
2041-09-26,0.025225679369306968
2041-09-27,0.01931124067366899
2041-09-28,0.01266714166514835
2041-09-29,0.012629243159601754
2041-09-30,0.012586938915438519
2041-10-01,0.020397614676312296
2041-10-02,0.020340951392484003
2041-10-03,0.020283399858345208
2041-10-04,0.02022770827843171
2041-10-05,0.0201707249263181
2041-10-06,0.020121330606978675
2041-10-07,0.4006224969762194
2041-10-08,0.45046021702272837
2041-10-09,0.02008295184430849
2041-10-10,0.2054901424738444
2041-10-11,0.0786984838454493
2041-10-12,0.0221641398168834
2041-10-13,0.020034816798754483
2041-10-14,0.02002668326132734
2041-10-15,0.020819275168615
2041-10-16,0.019994476692716985
2041-10-17,0.020176944331474513
2041-10-18,0.02813861400848951
2041-10-19,0.0199357205050709
2041-10-20,0.019910031124893784
2041-10-21,0.0198824563616345
2041-10-22,0.01985358184855543
2041-10-23,0.019828417578435845
2041-10-24,0.019808795812129663
2041-10-25,0.019790904666149106
2041-10-26,0.019771105627371024
2041-10-27,0.06825158788624756
2041-10-28,0.043002575111797295
2041-10-29,0.07910150147112266
2041-10-30,0.02540717404663415
2041-10-31,0.020932378088943916
2041-11-01,0.02074025340933201
2041-11-02,0.020737350839695683
2041-11-03,0.02073537542637072
2041-11-04,0.020733641271527787
2041-11-05,0.02073204103961088
2041-11-06,0.020729005892384227
2041-11-07,0.020723971066164606
2041-11-08,0.022031609839350857
2041-11-09,0.024274939651069735
2041-11-10,0.020943715625260012
2041-11-11,0.020669701612461178
2041-11-12,1.5207792407368992
2041-11-13,5.859988839011135
2041-11-14,0.5164266308264684
2041-11-15,0.048798323569944464
2041-11-16,0.02949070179611592
2041-11-17,0.029550340125995472
2041-11-18,0.029858395702611115
2041-11-19,0.030142430617504372
2041-11-20,0.13347549920180019
2041-11-21,0.13806781292963693
2041-11-22,0.06407062173430937
2041-11-23,0.05831558370209325
2041-11-24,0.05904298992921337
2041-11-25,0.10747417693920133
2041-11-26,0.039693840614602134
2041-11-27,0.04762593750334401
2041-11-28,0.26345038162385753
2041-11-29,0.04802488696057196
2041-11-30,0.03851369237590272
2041-12-01,0.03705771460614759
2041-12-02,0.04577647020659332
2041-12-03,0.04471249967407371
2041-12-04,0.06886754293376873
2041-12-05,0.05309964152440509
2041-12-06,0.1483469196552337
2041-12-07,0.04365828839181535
2041-12-08,0.042010042798977874
2041-12-09,0.036739725707115395
2041-12-10,0.03744350793784063
2041-12-11,0.03895355331226089
2041-12-12,0.03908792652502188
2041-12-13,0.14889174023148827
2041-12-14,0.045944679118671214
2041-12-15,0.03899576400020044
2041-12-16,0.04527842236490624
2041-12-17,0.06335895099403516
2041-12-18,0.07735236384444988
2041-12-19,0.16542479946394947
2041-12-20,0.19843829870836202
2041-12-21,0.7107233575607921
2041-12-22,1.042989879276432
2041-12-23,0.0787450819366924
2041-12-24,0.04252320072409104
2041-12-25,0.11609854077115439
2041-12-26,0.0789075456737058
2041-12-27,0.05508328665004574
2041-12-28,0.04485624695027551
2041-12-29,0.04770722874460447
2041-12-30,0.0437663351635865
2041-12-31,0.1337130451527215
2042-01-01,0.1423352093305591
2042-01-02,0.06416866320504713
2042-01-03,0.0315698215435353
2042-01-04,0.0217895194754246
2042-01-05,0.024490900147547807
2042-01-06,0.024677299387014538
2042-01-07,0.0230050727762834
2042-01-08,0.014720057130666127
2042-01-09,0.016299449280928514
2042-01-10,0.016074771186450006
2042-01-11,0.019576960596055012
2042-01-12,0.030730944313255022
2042-01-13,0.02735706705563889
2042-01-14,0.016724441844723166
2042-01-15,0.0479850741577315
2042-01-16,0.01863391850282258
2042-01-17,0.07420679455129278
2042-01-18,0.24871016641539656
2042-01-19,0.10769204943544695
2042-01-20,0.03950450091375998
2042-01-21,0.030829377197178834
2042-01-22,0.025846893525093263
2042-01-23,0.07200391426485243
2042-01-24,0.1778389594556898
2042-01-25,0.30317328245563663
2042-01-26,0.2184625088995268
2042-01-27,0.23407211394089714
2042-01-28,0.25135107503803256
2042-01-29,0.3424444412933445
2042-01-30,0.39508098051414503
2042-01-31,1.0727501031686708
2042-02-01,1.4665999316114593
2042-02-02,0.871005779582665
2042-02-03,0.5240149504780821
2042-02-04,0.5660383896375459
2042-02-05,0.41430834488546064
2042-02-06,0.3837803183441257
2042-02-07,0.6213364959840021
2042-02-08,0.4883138999564475
2042-02-09,0.3934221012224798
2042-02-10,0.48115878559772285
2042-02-11,0.5220104133679129
2042-02-12,0.45544188206900565
2042-02-13,0.3898142815254713
2042-02-14,0.38740320503338116
2042-02-15,0.37895855727894223
2042-02-16,0.41692212826884295
2042-02-17,0.5738911148689042
2042-02-18,1.282031553177187
2042-02-19,0.5629544648041018
2042-02-20,0.4399146479743753
2042-02-21,0.5332861111640046
2042-02-22,0.5360947884933227
2042-02-23,0.4781509193249865
2042-02-24,0.458759785930759
2042-02-25,0.46396800890902024
2042-02-26,0.43729571553818863
2042-02-27,0.4187231317804994
2042-02-28,0.402206119879894
2042-03-01,0.4658921307712999
2042-03-02,0.4307649256742896
2042-03-03,0.3970308480634025
2042-03-04,0.37758230374508156
2042-03-05,0.4507011550769918
2042-03-06,0.5905807470437677
2042-03-07,0.5840704988160339
2042-03-08,0.599226909121313
2042-03-09,0.6187130132278458
2042-03-10,0.8504384594172847
2042-03-11,1.672658766234487
2042-03-12,1.982375901255828
2042-03-13,0.9555466632028244
2042-03-14,0.7902770482929252
2042-03-15,0.7407154133590318
2042-03-16,0.8979023909661207
2042-03-17,0.8842130268395502
2042-03-18,0.9321279231706646
2042-03-19,0.956463277525802
2042-03-20,1.0895222932361626
2042-03-21,1.1753870572267804
2042-03-22,1.181184093890767
2042-03-23,1.434623866863022
2042-03-24,1.261787469868731
2042-03-25,1.5867654435800758
2042-03-26,1.4328359231563932
2042-03-27,1.454022258536834
2042-03-28,2.12438287172287
2042-03-29,2.65173167209263
2042-03-30,3.447438980006725
2042-03-31,4.427578527025204
2042-04-01,2.702980211842005
2042-04-02,2.0845488817882685
2042-04-03,1.8232482271022092
2042-04-04,1.370922871239121
2042-04-05,1.3851533538553968
2042-04-06,1.8006079485005915
2042-04-07,1.76683005739044
2042-04-08,1.7850461362780867
2042-04-09,2.1425865885062065
2042-04-10,2.3160204718404453
2042-04-11,1.6011869879629554
2042-04-12,1.4489311746868794
2042-04-13,1.4247441560274972
2042-04-14,1.5525045574214025
2042-04-15,1.796181865190735
2042-04-16,1.403986558093995
2042-04-17,1.341596032771703
2042-04-18,1.4518568933386247
2042-04-19,1.4862828781019952
2042-04-20,1.5535431423212285
2042-04-21,1.52019303395419
2042-04-22,1.2925679386330802
2042-04-23,1.3219271942864428
2042-04-24,1.267386704237065
2042-04-25,1.2255487158911473
2042-04-26,1.1922368538444166
2042-04-27,1.216693052891107
2042-04-28,1.1146379780706712
2042-04-29,1.0618364863848586
2042-04-30,1.105181583602161
2042-05-01,1.4916719820837139
2042-05-02,2.110794646124532
2042-05-03,1.718704658486402
2042-05-04,1.8429171765869143
2042-05-05,1.831856849385022
2042-05-06,1.8484079658649488
2042-05-07,1.629800753387763
2042-05-08,1.6270539199090994
2042-05-09,1.7300761562343658
2042-05-10,1.9452069179347222
2042-05-11,1.6361390055182832
2042-05-12,1.5394370328537064
2042-05-13,1.681554156824549
2042-05-14,2.120812864416095
2042-05-15,2.099980037695061
2042-05-16,2.4906493350404064
2042-05-17,2.0406120348563483
2042-05-18,1.872768467009025
2042-05-19,1.9199253462394232
2042-05-20,1.787186663703334
2042-05-21,1.6594305831271703
2042-05-22,1.6042673240570504
2042-05-23,1.5439195920727122
2042-05-24,1.4359360663206202
2042-05-25,1.4363757622858206
2042-05-26,1.4068324395698428
2042-05-27,1.2999629155681702
2042-05-28,1.3089807946054397
2042-05-29,1.395056054606927
2042-05-30,1.894145737295071
2042-05-31,1.8423915515895226
2042-06-01,1.5259168405229158
2042-06-02,1.587821283789529
2042-06-03,2.498549858712475
2042-06-04,5.281730994213021
2042-06-05,10.28663239882467
2042-06-06,11.610746406057514
2042-06-07,9.560870870895792
2042-06-08,11.31460493366952
2042-06-09,12.485046611983364
2042-06-10,11.876237679247316
2042-06-11,10.659409402671706
2042-06-12,10.306645532758541
2042-06-13,10.013994150017242
2042-06-14,8.201013616125223
2042-06-15,8.345623475878948
2042-06-16,9.470405948446283
2042-06-17,8.296757890156822
2042-06-18,8.22232967600587
2042-06-19,7.182110679050523
2042-06-20,5.160049132444724
2042-06-21,3.7172951138105916
2042-06-22,3.198085824600781
2042-06-23,3.4467675166814025
2042-06-24,2.5391425931541276
2042-06-25,2.336084101593755
2042-06-26,1.5395026523628903
2042-06-27,1.318999846601742
2042-06-28,1.156408520305349
2042-06-29,1.0692916130213022
2042-06-30,0.9765721845014746
2042-07-01,2.977249192429867
2042-07-02,2.6905601056709036
2042-07-03,2.662983434031204
2042-07-04,2.4580482688893257
2042-07-05,2.021204535682107
2042-07-06,1.8198019491346655
2042-07-07,1.7225933742675734
2042-07-08,1.6510205282010797
2042-07-09,1.637059340213787
2042-07-10,1.5534793273725533
2042-07-11,1.4111460474215358
2042-07-12,1.1941024207603708
2042-07-13,1.1426544833741195
2042-07-14,0.8094726707759197
2042-07-15,0.8332835036183633
2042-07-16,0.6339757493404676
2042-07-17,0.5927832552486462
2042-07-18,0.6768210347625702
2042-07-19,0.5636166935484848
2042-07-20,0.48688865776233103
2042-07-21,0.44508799713802055
2042-07-22,0.39493152946405063
2042-07-23,0.29809114492812333
2042-07-24,0.34262906395843323
2042-07-25,0.23826628435724412
2042-07-26,0.21316382468107145
2042-07-27,0.18786641148997663
2042-07-28,0.16617479229903975
2042-07-29,0.1485202613103821
2042-07-30,0.1343561671447013
2042-07-31,0.11220322203885688
2042-08-01,0.09061376804455797
2042-08-02,0.08279204762037833
2042-08-03,0.07626082564846112
2042-08-04,0.07087368862849201
2042-08-05,0.06578480481245917
2042-08-06,0.06105754506920871
2042-08-07,0.05727512470061123
2042-08-08,0.05427521524902422
2042-08-09,0.05182891755660244
2042-08-10,0.04975761065448459
2042-08-11,0.04801289126469475
2042-08-12,0.04647565910859587
2042-08-13,0.04515479160469811
2042-08-14,0.05420549136298727
2042-08-15,0.04333465652687174
2042-08-16,0.04248748496974004
2042-08-17,0.041677343264968456
2042-08-18,0.040935372621575095
2042-08-19,0.04023777915339403
2042-08-20,0.03954909136883346
2042-08-21,0.03889471006720273
2042-08-22,0.03823940496804215
2042-08-23,0.03759020973687519
2042-08-24,0.03718155015814925
2042-08-25,0.0365692865182857
2042-08-26,0.038423797497542336
2042-08-27,0.03656504910111616
2042-08-28,0.03532888322840193
2042-08-29,0.03476709263822996
2042-08-30,0.03422152322541789
2042-08-31,0.03939719242935655
2042-09-01,0.014775048903383712
2042-09-02,0.014566093710759074
2042-09-03,0.014492968215979595
2042-09-04,0.01423912329979177
2042-09-05,0.014072908816792023
2042-09-06,0.01724268706993293
2042-09-07,0.013725444395081405
2042-09-08,0.015615386497244938
2042-09-09,0.013444254456144855
2042-09-10,0.013316153057455682
2042-09-11,0.013193351019912931
2042-09-12,0.01308051159318847
2042-09-13,0.012980956097423491
2042-09-14,0.01289147919758614
2042-09-15,0.06117909957652187
2042-09-16,0.012735904831455687
2042-09-17,0.0329679689466698
2042-09-18,0.012620304560189147
2042-09-19,0.012560740588617007
2042-09-20,0.012490904859892878
2042-09-21,0.012413326781112104
2042-09-22,0.012336705571274814
2042-09-23,0.012263306994498645
2042-09-24,0.012196129198939977
2042-09-25,0.012136861323324895
2042-09-26,0.012084694919754654
2042-09-27,0.012038819449013857
2042-09-28,0.011997833145778024
2042-09-29,0.011961436362070407
2042-09-30,0.0119280479268204
2042-10-01,0.01933723327907679
2042-10-02,0.01929546581823196
2042-10-03,0.019259828422429567
2042-10-04,0.019222903735234043
2042-10-05,0.01920489671111124
2042-10-06,0.019955312613098613
2042-10-07,0.019139960410269465
2042-10-08,0.019118435707037952
2042-10-09,0.019099496489512206
2042-10-10,0.019078169248544313
2042-10-11,0.01904984483317416
2042-10-12,0.019016833235968745
2042-10-13,0.01898701933680199
2042-10-14,0.018964674125825993
2042-10-15,0.018946165301687665
2042-10-16,0.01892945750614598
2042-10-17,0.018913541891896656
2042-10-18,0.018896030072272745
2042-10-19,0.01887683301497909
2042-10-20,0.018859130064910107
2042-10-21,0.01884675445992432
2042-10-22,0.01944509376390696
2042-10-23,0.018823708915461333
2042-10-24,0.018810332997942297
2042-10-25,0.01879548757710264
2042-10-26,0.020860013729855
2042-10-27,0.01876845907511234
2042-10-28,0.018753596599095246
2042-10-29,0.01873843614484949
2042-10-30,0.018724575474283505
2042-10-31,0.01871059344436083
2042-11-01,0.01965803589110569
2042-11-02,0.01964261384851519
2042-11-03,0.019627832777959816
2042-11-04,0.019613446492736882
2042-11-05,0.01959950615335825
2042-11-06,0.023744493792620874
2042-11-07,0.020364494368067972
2042-11-08,0.01956998774374678
2042-11-09,0.01956282436034675
2042-11-10,0.01955435089518657
2042-11-11,0.019544411536395728
2042-11-12,0.01953528904552671
2042-11-13,0.020762255167893706
2042-11-14,0.019520554917150604
2042-11-15,0.021202495061024135
2042-11-16,0.019505595730420513
2042-11-17,0.019498509072146075
2042-11-18,0.01949162033140174
2042-11-19,0.01997919104895182
2042-11-20,0.020005196806746058
2042-11-21,0.01956882802994064
2042-11-22,0.019461533842777306
2042-11-23,0.01945492376774907
2042-11-24,0.10425653574610406
2042-11-25,0.03370953508200893
2042-11-26,0.0202841886691296
2042-11-27,0.11259835698626093
2042-11-28,0.6011294327721391
2042-11-29,0.5045208621033557
2042-11-30,0.16315577685834798
2042-12-01,0.7357739886199952
2042-12-02,1.2372492178818892
2042-12-03,1.0089563977887122
2042-12-04,1.2919339113690385
2042-12-05,1.341996422880557
2042-12-06,0.27666332075840977
2042-12-07,1.4298847399465402
2042-12-08,9.87177975124801
2042-12-09,7.039832024927227
2042-12-10,0.7270855203483773
2042-12-11,0.07138074774799506
2042-12-12,0.12244872959536322
2042-12-13,0.10418420781217758
2042-12-14,0.04835275559026177
2042-12-15,0.05466160088830679
2042-12-16,0.05645638389209113
2042-12-17,0.05342615762152539
2042-12-18,0.4831896247005286
2042-12-19,0.09133100968489576
2042-12-20,0.13360315526035946
2042-12-21,0.11125121086404663
2042-12-22,0.09899002313905768
2042-12-23,0.09916138707627774
2042-12-24,0.11888938029466627
2042-12-25,0.16760417379006962
2042-12-26,0.11106388353067949
2042-12-27,0.1080770536951606
2042-12-28,0.10389311550437068
2042-12-29,0.18036486055091405
2042-12-30,0.23827975200808443
2042-12-31,0.12707250751129048
2043-01-01,0.06033113394228465
2043-01-02,0.042941590456598296
2043-01-03,0.042053229188608786
2043-01-04,0.07756156603668535
2043-01-05,0.09422450108593892
2043-01-06,0.05830305055510252
2043-01-07,0.06486424371419522
2043-01-08,0.059470575636829455
2043-01-09,0.13168464651213668
2043-01-10,0.22140950697129
2043-01-11,0.20841968165865496
2043-01-12,0.11096853699292991
2043-01-13,0.050212892993259796
2043-01-14,0.04490210062247118
2043-01-15,0.046060719953241264
2043-01-16,0.0499658649299855
2043-01-17,0.044151745894885096
2043-01-18,0.0430002130424434
2043-01-19,0.042232277118696086
2043-01-20,0.041972002491669554
2043-01-21,0.041731201951505134
2043-01-22,0.04187114906541054
2043-01-23,0.04107205679873383
2043-01-24,0.04077571990472614
2043-01-25,0.040272941878474605
2043-01-26,0.04029554241639375
2043-01-27,0.040348183848378086
2043-01-28,0.042929651360335594
2043-01-29,0.04302534542629642
2043-01-30,0.03758659453599889
2043-01-31,0.036850130837356214
2043-02-01,0.038483770129335224
2043-02-02,0.03323622456350871
2043-02-03,0.03248900710607042
2043-02-04,0.03323830633978988
2043-02-05,0.03220593014125636
2043-02-06,0.03132557052635394
2043-02-07,0.03905567386762968
2043-02-08,0.036723599443969454
2043-02-09,0.03831765921121835
2043-02-10,0.042018223703155604
2043-02-11,0.035017982131123004
2043-02-12,0.03730822038240693
2043-02-13,0.07189903400205336
2043-02-14,0.08137383730295222
2043-02-15,0.039192776579757345
2043-02-16,0.042031373591492754
2043-02-17,0.04925348135210645
2043-02-18,0.07745046250964663
2043-02-19,0.05268009863523091
2043-02-20,0.04961292775166276
2043-02-21,0.04907517503375794
2043-02-22,0.0498299861281833
2043-02-23,0.053987419998344124
2043-02-24,0.05345164135828043
2043-02-25,0.05868073788449665
2043-02-26,0.05526170130996465
2043-02-27,0.04890208200927596
2043-02-28,0.07041375274459015
2043-03-01,0.0949022585879184
2043-03-02,0.17400471027846828
2043-03-03,0.23369066154058546
2043-03-04,0.27879593724265284
2043-03-05,0.3083338801248544
2043-03-06,0.14163019876020094
2043-03-07,0.10938462429244926
2043-03-08,0.16546435318395936
2043-03-09,0.1726161744983976
2043-03-10,0.10980294036228029
2043-03-11,0.11127381728645376
2043-03-12,0.1213961070961846
2043-03-13,0.11988130626690162
2043-03-14,0.13149079284223006
2043-03-15,0.17047961969678785
2043-03-16,0.21571338813827617
2043-03-17,0.1329955468801304
2043-03-18,0.23869455385292093
2043-03-19,0.4952598021522809
2043-03-20,0.6092694812824618
2043-03-21,0.9061424449489556
2043-03-22,1.1471833364056905
2043-03-23,1.0068673955008263
2043-03-24,0.9412439600448749
2043-03-25,1.1248989763484707
2043-03-26,1.519934161154956
2043-03-27,1.6028700822814839
2043-03-28,1.4345657563443062
2043-03-29,1.1771566979071508
2043-03-30,1.3712793007963882
2043-03-31,1.7293600990688889
2043-04-01,1.828450791870961
2043-04-02,1.8164713116772684
2043-04-03,1.908904010767514
2043-04-04,2.0226097133267817
2043-04-05,1.3536290724733295
2043-04-06,1.2706535441460212
2043-04-07,1.2601068584359363
2043-04-08,1.2921620724698313
2043-04-09,1.1281343265505213
2043-04-10,1.0548547302552596
2043-04-11,0.9871868813239786
2043-04-12,0.9657041683717297
2043-04-13,1.0049215537115856
2043-04-14,1.0334611010164465
2043-04-15,1.133182032074159
2043-04-16,1.1542823898219676
2043-04-17,0.9609884113527244
2043-04-18,0.9923328291110429
2043-04-19,1.0348338128663637
2043-04-20,0.9822296452298774
2043-04-21,0.8440653938715046
2043-04-22,0.8168863751239337
2043-04-23,0.807271038501948
2043-04-24,0.7327186275991442
2043-04-25,0.6788997685673246
2043-04-26,0.6400359684956256
2043-04-27,0.6109488052752086
2043-04-28,0.5998799515385964
2043-04-29,0.585181894353997
2043-04-30,0.5769212760394249
2043-05-01,0.48348878467088224
2043-05-02,0.4682048939116448
2043-05-03,0.4647437498490495
2043-05-04,0.414480013886556
2043-05-05,0.37600235795978965
2043-05-06,0.3510645111799736
2043-05-07,0.3280090508059274
2043-05-08,0.3048850395325426
2043-05-09,0.2795016382478758
2043-05-10,0.25336537561343175
2043-05-11,0.23743521043183557
2043-05-12,0.20583447666458257
2043-05-13,0.1825337106219404
2043-05-14,0.16104808126698714
2043-05-15,0.14271849417914037
2043-05-16,0.12795839599776365
2043-05-17,0.17471696893174107
2043-05-18,0.11378700289632183
2043-05-19,0.09748378734098546
2043-05-20,0.08770755829338864
2043-05-21,0.07944162117595831
2043-05-22,0.07479716995151889
2043-05-23,0.06709684072399007
2043-05-24,0.06262854025664048
2043-05-25,0.060500368533418766
2043-05-26,0.05443977819267311
2043-05-27,0.05231442257544376
2043-05-28,0.04996757080927818
2043-05-29,0.04696780655552627
2043-05-30,0.04333025270806327
2043-05-31,0.04015322756279577
2043-06-01,0.03269358878103162
2043-06-02,0.030950595754012836
2043-06-03,0.02934427336281392
2043-06-04,0.02784927528088474
2043-06-05,0.02677078463070825
2043-06-06,0.025675635893615423
2043-06-07,0.024444980411219053
2043-06-08,0.02306515660207857
2043-06-09,0.022742672558359194
2043-06-10,0.02090276863066426
2043-06-11,0.02003415948588122
2043-06-12,0.019195038601736977
2043-06-13,0.018395538159997903
2043-06-14,0.0462665800233521
2043-06-15,0.017244841346435693
2043-06-16,0.041388295231577006
2043-06-17,0.01640061796337724
2043-06-18,0.015895592250994746
2043-06-19,0.015416299370734705
2043-06-20,0.01498413193955709
2043-06-21,0.014601880613043964
2043-06-22,0.014257856661424791
2043-06-23,0.013957543262971524
2043-06-24,0.013901419422038276
2043-06-25,0.01380336655098312
2043-06-26,0.013381103490827271
2043-06-27,0.013196948879619764
2043-06-28,0.012995341629412955
2043-06-29,0.012768467506348982
2043-06-30,0.01252921724466725
2043-07-01,0.040355977275759285
2043-07-02,0.039648353745780004
2043-07-03,0.03890927512900613
2043-07-04,0.0381099627089183
2043-07-05,0.03729649112084388
2043-07-06,0.03655988544117468
2043-07-07,0.03594153111918167
2043-07-08,0.03555232854746342
2043-07-09,0.03503985317511788
2043-07-10,0.03459077627432928
2043-07-11,0.034097761514487804
2043-07-12,0.03358643820104923
2043-07-13,0.033088169950702274
2043-07-14,0.032610773313800245
2043-07-15,0.034643294093647324
2043-07-16,0.03180154475460827
2043-07-17,0.03233239066389935
2043-07-18,0.031728232598073725
2043-07-19,0.05207263585330617
2043-07-20,0.030977958603409347
2043-07-21,0.044138885757505256
2043-07-22,0.030170250984072045
2043-07-23,0.04537107905939614
2043-07-24,0.02976302870510748
2043-07-25,0.08776367763697526
2043-07-26,0.029484242398946908
2043-07-27,0.06318933677502273
2043-07-28,0.029239647988702697
2043-07-29,0.03762241388207571
2043-07-30,0.030942905602908008
2043-07-31,0.028930125881076508
2043-08-01,0.026355207169434156
2043-08-02,0.026279749212841298
2043-08-03,0.036031800802430305
2043-08-04,0.026161158801510286
2043-08-05,0.026113850995938392
2043-08-06,0.02606611516589428
2043-08-07,0.02602164155418706
2043-08-08,0.025979157542698965
2043-08-09,0.025937869716336475
2043-08-10,0.025893667670744247
2043-08-11,0.025847226083996932
2043-08-12,0.025803604887717317
2043-08-13,0.02576333369307799
2043-08-14,0.02572521640007947
2043-08-15,0.025690889645493292
2043-08-16,0.04546863896787456
2043-08-17,0.025638990464732
2043-08-18,0.025612894614957322
2043-08-19,0.05736689138660524
2043-08-20,0.025571071130544146
2043-08-21,0.025551430577025556
2043-08-22,0.02553300137122828
2043-08-23,0.025515359649988183
2043-08-24,0.025499508611934184
2043-08-25,0.028693664019073962
2043-08-26,0.02547344745296513
2043-08-27,0.027066916682781984
2043-08-28,0.026222397843651435
2043-08-29,0.04117711468293458
2043-08-30,0.025428754985985964
2043-08-31,0.025418406957376724
2043-09-01,0.011304791519081014
2043-09-02,0.011300310590248514
2043-09-03,0.01129559274538675
2043-09-04,0.011290875678851012
2043-09-05,0.012267568287025575
2043-09-06,0.011281736326220641
2043-09-07,0.011277513308653515
2043-09-08,0.011273631922592783
2043-09-09,0.011269953054713292
2043-09-10,0.011266269446177684
2043-09-11,0.01126273850065872
2043-09-12,0.011259480134664893
2043-09-13,0.011256337032897083
2043-09-14,0.01125322436412216
2043-09-15,0.01125010924421959
2043-09-16,0.011246956241992416
2043-09-17,0.011243780828013139
2043-09-18,0.011240631260394452
2043-09-19,0.011237508851496365
2043-09-20,0.045866225509441604
2043-09-21,0.011231349581397543
2043-09-22,0.011642339684248215
2043-09-23,0.011225343272895014
2043-09-24,0.011222316357603495
2043-09-25,0.011219224101425165
2043-09-26,0.01121609567991047
2043-09-27,0.011213135556109574
2043-09-28,0.011210361038151382
2043-09-29,0.013206797276368872
2043-09-30,0.011204818971820331
2043-10-01,0.01820841344055167
2043-10-02,0.01820392060893843
2043-10-03,0.0447540822286582
2043-10-04,0.02299828405296462
2043-10-05,0.06226838090197319
2043-10-06,0.018189117704967755
2043-10-07,0.01835780274199843
2043-10-08,0.018176985926841544
2043-10-09,0.018172500956904186
2043-10-10,0.01816801702841834
2043-10-11,0.01816353370735975
2043-10-12,0.018159052314269467
2043-10-13,0.34430263137652145
2043-10-14,0.07378366333716793
2043-10-15,0.019069791411243167
2043-10-16,0.1822848853987979
2043-10-17,0.14135835714960443
2043-10-18,0.12960644509747413
2043-10-19,0.0672906181875355
2043-10-20,0.12909242446738964
2043-10-21,0.25654338150748535
2043-10-22,0.31087279922240046
2043-10-23,0.10221924248512705
2043-10-24,0.057858716592678106
2043-10-25,0.028782652482200796
2043-10-26,0.020576358635847353
2043-10-27,0.018901250300744354
2043-10-28,0.0183330876462781
2043-10-29,0.02271372762021866
2043-10-30,1.3952675358568079
2043-10-31,2.792291386129119
2043-11-01,1.5760198702877561
2043-11-02,1.778832642583305
2043-11-03,0.9894412595594823
2043-11-04,1.317724811282618
2043-11-05,0.05629460023572881
2043-11-06,0.17427879155427897
2043-11-07,5.730227052070234
2043-11-08,3.0210431532811457
2043-11-09,0.3028720385995125
2043-11-10,0.2875724302239936
2043-11-11,0.4883176053541463
2043-11-12,1.1499158972283956
2043-11-13,2.3007904739059453
2043-11-14,0.4275933078369226
2043-11-15,0.3195016725144232
2043-11-16,0.4285617130267396
2043-11-17,0.20065499935019052
2043-11-18,0.23397730392253827
2043-11-19,0.2837607016492472
2043-11-20,0.2814548338509261
2043-11-21,0.27219785927661994
2043-11-22,0.2756701345499925
2043-11-23,0.282056867498802
2043-11-24,0.4319519018234921
2043-11-25,0.27844490340903916
2043-11-26,0.27592143877471365
2043-11-27,0.2820296429424813
2043-11-28,0.34613965238093486
2043-11-29,0.28848829626774697
2043-11-30,0.30205506875141724
2043-12-01,0.32958708861761654
2043-12-02,0.31817594760335827
2043-12-03,0.3005408178334092
2043-12-04,0.29636589901638877
2043-12-05,0.29645134308992854
2043-12-06,0.30934057215492433
2043-12-07,0.30857997201095694
2043-12-08,0.3010724519955443
2043-12-09,0.34967155084473145
2043-12-10,0.32646338387437535
2043-12-11,0.32232011924746334
2043-12-12,0.3051428890833455
2043-12-13,0.28302347779127973
2043-12-14,0.2820121294997615
2043-12-15,0.290822024639704
2043-12-16,0.319064088367118
2043-12-17,0.28969469017549004
2043-12-18,0.27519497407471194
2043-12-19,0.2688714270131838
2043-12-20,0.2682829611640947
2043-12-21,0.2936398809816326
2043-12-22,0.2634890140270682
2043-12-23,0.3140642518622321
2043-12-24,0.25494195914746187
2043-12-25,0.25176785501639265
2043-12-26,0.24953611287827898
2043-12-27,0.24843235869208746
2043-12-28,0.25429373085831203
2043-12-29,0.26255075167847775
2043-12-30,0.24425653006112052
2043-12-31,0.23878354825765238
2044-01-01,0.09562762364274952
2044-01-02,0.15186333688078926
2044-01-03,0.14063975454860755
2044-01-04,0.1322782653070846
2044-01-05,0.13004003753013801
2044-01-06,0.11045093573933165
2044-01-07,0.1259080827040086
2044-01-08,0.11965742099818416
2044-01-09,0.12097009633905849
2044-01-10,0.12663348848686484
2044-01-11,0.12472945619603788
2044-01-12,0.11921936303533107
2044-01-13,0.1191175596937852
2044-01-14,0.11746626640458539
2044-01-15,0.11570390028057974
2044-01-16,0.11516946210116324
2044-01-17,0.11106555298749102
2044-01-18,0.10836428718080562
2044-01-19,0.10451938737522269
2044-01-20,0.10167587949401426
2044-01-21,0.1014939776149468
2044-01-22,0.11230901527366714
2044-01-23,0.11789166516853825
2044-01-24,0.0942899410867971
2044-01-25,0.09380869177341687
2044-01-26,0.1013905665070802
2044-01-27,0.10140625768614106
2044-01-28,0.10371996337987209
2044-01-29,0.17899620358574447
2044-01-30,0.12988584921219753
2044-01-31,0.11125560897896745
2044-02-01,0.11255792319244773
2044-02-02,0.17632138342053083
2044-02-03,0.12018413494614356
2044-02-04,0.18983175236223207
2044-02-05,0.2982285185726339
2044-02-06,0.315557947843264
2044-02-07,0.24228825755346053
2044-02-08,0.35860942519136463
2044-02-09,0.4206099329388648
2044-02-10,0.582914486253988
2044-02-11,1.0923738010365083
2044-02-12,0.8425603483619339
2044-02-13,0.7988668893144742
2044-02-14,0.7562429727992135
2044-02-15,0.8417981949445069
2044-02-16,0.8705547784437235
2044-02-17,0.7523161464314422
2044-02-18,0.7073843811587619
2044-02-19,0.6697473358374809
2044-02-20,0.6369413706939075
2044-02-21,0.597146223815079
2044-02-22,0.5602878644358136
2044-02-23,0.5314525087390929
2044-02-24,0.4919839293605705
2044-02-25,0.4572709804238686
2044-02-26,0.4447966829437014
2044-02-27,0.45659414124925257
2044-02-28,0.4268832336402843
2044-02-29,0.43301181033169495
2044-03-01,0.6151267767150187
2044-03-02,0.9055082320787231
2044-03-03,1.143573795548787
2044-03-04,1.4086158237670237
2044-03-05,1.6009321483521735
2044-03-06,1.5401249930141596
2044-03-07,1.0254507481899706
2044-03-08,1.042200374760121
2044-03-09,0.9914123487624106
2044-03-10,1.005456247905643
2044-03-11,1.0027213246270024
2044-03-12,0.8944963029031797
2044-03-13,0.8624898639585701
2044-03-14,0.8184677870967231
2044-03-15,0.8317475837477977
2044-03-16,0.823065938693691
2044-03-17,1.1306403869478598
2044-03-18,1.3194780693062689
2044-03-19,1.6680697053844553
2044-03-20,1.7783081108088539
2044-03-21,2.0074118947376545
2044-03-22,1.3107339278183032
2044-03-23,1.2229630820063224
2044-03-24,1.2007402267855452
2044-03-25,1.350362627541481
2044-03-26,1.2318815507409935
2044-03-27,1.1135469635585309
2044-03-28,1.0425810767821488
2044-03-29,0.99322859448413
2044-03-30,0.9112682424514523
2044-03-31,0.8674400419583963
2044-04-01,0.9880218464758043
2044-04-02,0.9529438216457894
2044-04-03,0.8689874420635517
2044-04-04,0.8855758932943826
2044-04-05,0.7838429466653919
2044-04-06,0.8427700513913768
2044-04-07,0.920037070773913
2044-04-08,1.0494388955512284
2044-04-09,0.8803272521327904
2044-04-10,0.9690183980788838
2044-04-11,1.3391718443827718
2044-04-12,1.547397165004586
2044-04-13,1.714030476771237
2044-04-14,1.8415249105954266
2044-04-15,2.161861954838554
2044-04-16,1.438582307501287
2044-04-17,1.527655187651337
2044-04-18,1.2772511227501575
2044-04-19,1.3039066722675372
2044-04-20,1.424363425041312
2044-04-21,1.2668448207837917
2044-04-22,1.190069442548614
2044-04-23,1.1717364224437317
2044-04-24,1.1548981085930756
2044-04-25,1.1623013160574234
2044-04-26,1.0395300891018298
2044-04-27,0.9961801309989275
2044-04-28,0.9295210315912262
2044-04-29,0.8806116441806064
2044-04-30,0.8466125844314394
2044-05-01,0.8119598303272406
2044-05-02,0.7923470714755014
2044-05-03,0.7529675875511789
2044-05-04,0.7603108360279716
2044-05-05,0.7074409812110407
2044-05-06,0.7538853916982368
2044-05-07,1.2656666088520359
2044-05-08,2.1976934887106983
2044-05-09,3.5775597154480674
2044-05-10,2.8017901151563565
2044-05-11,3.5800388389697386
2044-05-12,3.844050374037071
2044-05-13,3.7474749640655367
2044-05-14,5.2803392802002875
2044-05-15,5.943517546615051
2044-05-16,6.1909633590349715
2044-05-17,3.544210644341135
2044-05-18,4.3320047673868824
2044-05-19,5.298388921001459
2044-05-20,5.751416931959993
2044-05-21,3.7541839348641277
2044-05-22,5.751600397420099
2044-05-23,6.309242975010723
2044-05-24,5.562105719871712
2044-05-25,5.583089613533178
2044-05-26,5.074078053698263
2044-05-27,4.753872252494162
2044-05-28,3.5494936061426383
2044-05-29,2.659567293357189
2044-05-30,3.433599904632463
2044-05-31,2.976145200042379
2044-06-01,2.319413150927558
2044-06-02,2.148359160043204
2044-06-03,1.990381771048778
2044-06-04,1.5929406443573624
2044-06-05,1.56704231050776
2044-06-06,0.9531994147931349
2044-06-07,0.9372345086860445
2044-06-08,0.6711047149402336
2044-06-09,0.6059579074415775
2044-06-10,0.4764196302235036
2044-06-11,0.4049918209061119
2044-06-12,0.34040983174453243
2044-06-13,0.291634213060006
2044-06-14,0.2510633126129795
2044-06-15,0.21581169719076349
2044-06-16,0.2252867393001413
2044-06-17,0.21197082948527868
2044-06-18,0.15532471803351572
2044-06-19,0.13662496856446935
2044-06-20,0.1240590278832581
2044-06-21,0.1063909919378108
2044-06-22,0.09585824222291213
2044-06-23,0.08459281612129183
2044-06-24,0.07473281456586661
2044-06-25,0.06584572613604742
2044-06-26,0.05687330160580569
2044-06-27,0.050261492018637395
2044-06-28,0.04463999663359338
2044-06-29,0.040180570523253474
2044-06-30,0.03641467797744255
2044-07-01,0.10150951280088902
2044-07-02,0.09395706303696845
2044-07-03,0.08790917356622736
2044-07-04,0.08185806350703148
2044-07-05,0.07607104335921093
2044-07-06,0.10390979959037568
2044-07-07,0.384076664047064
2044-07-08,0.11334583380069735
2044-07-09,0.06979531459537514
2044-07-10,0.13821501179858198
2044-07-11,0.1248376822316614
2044-07-12,0.09635550001984226
2044-07-13,0.06509612015122913
2044-07-14,0.16695919519109367
2044-07-15,0.05821855349287033
2044-07-16,0.056875989922033215
2044-07-17,0.05555125350196883
2044-07-18,0.0543545549446771
2044-07-19,0.053240404489846564
2044-07-20,0.05215775574087772
2044-07-21,0.051076783429546725
2044-07-22,0.05000690512412568
2044-07-23,0.06578146063374074
2044-07-24,0.04787982516143488
2044-07-25,0.046691844447131835
2044-07-26,0.045486247494018035
2044-07-27,0.04433529448177531
2044-07-28,0.09448054269451374
2044-07-29,0.04260769010256145
2044-07-30,0.15823147609907626
2044-07-31,0.04118929743612949
2044-08-01,0.036904467575015656
2044-08-02,0.07079887888672395
2044-08-03,0.03564060118674509
2044-08-04,0.07566229993235142
2044-08-05,0.03453748646527651
2044-08-06,0.033929765727681895
2044-08-07,0.033352396502655944
2044-08-08,0.058556440743003105
2044-08-09,0.03238778096664987
2044-08-10,0.038066486413715975
2044-08-11,0.2799714464044168
2044-08-12,0.033250801399601355
2044-08-13,0.03427059942784098
2044-08-14,0.033202474713527184
2044-08-15,0.033297455644351576
2044-08-16,0.030119599713272747
2044-08-17,0.04106753529603736
2044-08-18,0.03010510542893377
2044-08-19,0.04095174987989623
2044-08-20,0.02898422086817448
2044-08-21,0.02869060506068192
2044-08-22,0.028419211301511222
2044-08-23,0.028183461090453308
2044-08-24,0.027982696860027908
2044-08-25,0.027802723145524906
2044-08-26,0.027691018471120665
2044-08-27,0.027515167484571938
2044-08-28,0.02842858034312155
2044-08-29,0.027267069819573476
2044-08-30,0.027155343397973184
2044-08-31,0.029963611044032404
2044-09-01,0.01211329011982222
2044-09-02,0.011947995688352543
2044-09-03,0.011902623921484964
2044-09-04,0.011860568700014909
2044-09-05,0.011822567668151877
2044-09-06,0.011788947135171821
2044-09-07,0.011758178754550107
2044-09-08,0.01172983182220561
2044-09-09,0.011704877238413808
2044-09-10,0.011684338306954704
2044-09-11,0.011669490334411748
2044-09-12,0.011656951077847104
2044-09-13,0.013260968312806631
2044-09-14,0.021065021790075557
2044-09-15,0.011673872040237324
2044-09-16,0.01161333487759824
2044-09-17,0.011600047007033848
2044-09-18,0.011585572333075757
2044-09-19,0.01156934671953094
2044-09-20,0.011552106274788327
2044-09-21,0.011533912461360374
2044-09-22,0.011516200472194331
2044-09-23,0.011500842187896567
2044-09-24,0.011488221070109944
2044-09-25,0.055176803226972576
2044-09-26,0.05578001367468362
2044-09-27,0.011468860801498223
2044-09-28,0.011459065228426166
2044-09-29,0.011450427300240627
2044-09-30,0.011441627274437685
2044-10-01,0.018581697864663987
2044-10-02,0.018566025284129848
2044-10-03,0.01855133940338456
2044-10-04,0.018537331332046034
2044-10-05,0.018522633349943165
2044-10-06,0.018507565538699877
2044-10-07,0.01849386775421169
2044-10-08,0.01848188997340108
2044-10-09,0.01847085363900789
2044-10-10,0.01846042203286227
2044-10-11,0.01845047351754562
2044-10-12,0.018441637938240486
2044-10-13,0.018433735262371846
2044-10-14,0.018542808328052735
2044-10-15,0.018417060164300517
2044-10-16,0.0500968347685321
2044-10-17,0.018401790389465492
2044-10-18,0.01839368645593537
2044-10-19,0.018386296853409447
2044-10-20,0.018379494133887512
2044-10-21,0.018373010365271062
2044-10-22,0.018366826416661177
2044-10-23,0.018360462548343892
2044-10-24,0.018353783631229373
2044-10-25,0.018347191352610998
2044-10-26,0.01834060762312894
2044-10-27,0.018334314272870873
2044-10-28,0.0183284821604052
2044-10-29,0.6791421121133352
2044-10-30,1.303527330164929
2044-10-31,0.23810506019795435
2044-11-01,0.0574769358552465
2044-11-02,0.08403410313769634
2044-11-03,0.15701873230637137
2044-11-04,0.11910995780416905
2044-11-05,0.030878491565435935
2044-11-06,0.03080910875946887
2044-11-07,0.05613415658081039
2044-11-08,0.045526242010502344
2044-11-09,0.02144528574857067
2044-11-10,0.021050565633747794
2044-11-11,0.02110228510146892
2044-11-12,0.02113979575822119
2044-11-13,0.02117256130197337
2044-11-14,0.021203307134502483
2044-11-15,0.04962114275811548
2044-11-16,0.025829000018295266
2044-11-17,1.8288456201699468
2044-11-18,1.1570651129282459
2044-11-19,0.04347597047388835
2044-11-20,0.49994956809196395
2044-11-21,0.21500928519769932
2044-11-22,0.04916700863382871
2044-11-23,0.26818988156476214
2044-11-24,0.46558111247111866
2044-11-25,0.2003385681111799
2044-11-26,0.19956404924136115
2044-11-27,0.20389700509090988
2044-11-28,0.0533244194957524
2044-11-29,0.03437420169696477
2044-11-30,0.05511164338295496
2044-12-01,0.5455967493613292
2044-12-02,0.050533554790269324
2044-12-03,0.04481295961135133
2044-12-04,0.04922355666754435
2044-12-05,0.03980720844371851
2044-12-06,0.04103628260424664
2044-12-07,0.2861947442976345
2044-12-08,0.7927783336137559
2044-12-09,0.1823608487617877
2044-12-10,0.5695634546605451
2044-12-11,1.3986945736964091
2044-12-12,1.226900764626342
2044-12-13,0.10609556128474465
2044-12-14,0.10204420144549278
2044-12-15,0.216944868809554
2044-12-16,0.07047683817918156
2044-12-17,0.04284516374473415
2044-12-18,0.04611505922736045
2044-12-19,0.07812645325072481
2044-12-20,0.14345764679487774
2044-12-21,0.13787192481018481
2044-12-22,0.09465521104809532
2044-12-23,0.07464973410502518
2044-12-24,0.08158681994138571
2044-12-25,0.07330025759000999
2044-12-26,0.08625447934145698
2044-12-27,0.0674330971308057
2044-12-28,0.05528490644979294
2044-12-29,0.060656620917924405
2044-12-30,0.061236317338318594
2044-12-31,0.06126398355776517
2045-01-01,0.04288125931631355
2045-01-02,0.027624174424351604
2045-01-03,0.03544064124576405
2045-01-04,0.03677407411092926
2045-01-05,0.0866509290222434
2045-01-06,0.041179883898553024
2045-01-07,0.03402482615257709
2045-01-08,0.11567566165397788
2045-01-09,0.06228037708518053
2045-01-10,0.05689823356084496
2045-01-11,0.06212678484924392
2045-01-12,0.06223470417063378
2045-01-13,0.07888381656058535
2045-01-14,0.12574785160325608
2045-01-15,0.14997009539946213
2045-01-16,0.10516024336729854
2045-01-17,0.1157037065057304
2045-01-18,0.1253372456213931
2045-01-19,0.23756724489320843
2045-01-20,0.2614566237915606
2045-01-21,0.19009277868532495
2045-01-22,0.19561732254428976
2045-01-23,0.18995485535542195
2045-01-24,0.183471096307212
2045-01-25,0.16972944695083841
2045-01-26,0.17310851300027347
2045-01-27,0.18232409778493136
2045-01-28,0.7003331035344325
2045-01-29,0.4269659402907915
2045-01-30,0.4026707621950435
2045-01-31,0.3333357023621576
2045-02-01,0.29443491297535823
2045-02-02,0.27179342445555676
2045-02-03,0.2556689301282816
2045-02-04,0.2503122459799481
2045-02-05,0.24514810917440835
2045-02-06,0.23762982097128127
2045-02-07,0.22339019506866192
2045-02-08,0.2099646611740138
2045-02-09,0.19830735222984117
2045-02-10,0.18250344478047714
2045-02-11,0.16918289311387794
2045-02-12,0.15721024517225626
2045-02-13,0.1449087349105086
2045-02-14,0.1347079967718048
2045-02-15,0.12582740957654073
2045-02-16,0.11746506456838311
2045-02-17,0.11090828412320515
2045-02-18,0.10429937208014142
2045-02-19,0.10258141195164268
2045-02-20,0.1530869083649568
2045-02-21,0.17257324845472014
2045-02-22,0.12357819354551994
2045-02-23,0.14088398909372785
2045-02-24,0.14264346824985283
2045-02-25,0.13074092196584775
2045-02-26,0.1343751042465478
2045-02-27,0.14270262465298003
2045-02-28,0.19200611537249845
2045-03-01,0.22407770110081046
2045-03-02,0.2972586296525055
2045-03-03,0.2895247801991632
2045-03-04,0.3323964118971024
2045-03-05,0.4711840086853213
2045-03-06,0.6108801237174241
2045-03-07,0.5824415523066909
2045-03-08,0.4258126953403848
2045-03-09,0.4255106267215385
2045-03-10,0.42178853331700533
2045-03-11,0.7581350342951013
2045-03-12,0.986160947322433
2045-03-13,1.3242913465302661
2045-03-14,1.627167206974519
2045-03-15,1.9951737934996137
2045-03-16,3.0361525240594127
2045-03-17,7.38601416557744
2045-03-18,4.619921807500649
2045-03-19,6.023898087332526
2045-03-20,3.2599744051653214
2045-03-21,3.3948607411766623
2045-03-22,3.3404352039955043
2045-03-23,3.7697560017717806
2045-03-24,7.726678513329304
2045-03-25,2.7600224073110904
2045-03-26,2.0766818813634953
2045-03-27,4.6601829820025475
2045-03-28,5.692552198112399
2045-03-29,2.1915282980784005
2045-03-30,2.0778411508919366
2045-03-31,2.1079304347892807
2045-04-01,2.6487742826330036
2045-04-02,2.8206956858280914
2045-04-03,2.9115710340762875
2045-04-04,3.868761670600271
2045-04-05,3.897600272318041
2045-04-06,2.613347360160192
2045-04-07,2.348234037143398
2045-04-08,2.2415372579973916
2045-04-09,2.2285987104211893
2045-04-10,2.18863628058706
2045-04-11,2.0244168260597517
2045-04-12,1.9013713216198533
2045-04-13,2.1213045688741863
2045-04-14,2.2675077607978285
2045-04-15,1.7919700808324517
2045-04-16,1.7137418412541565
2045-04-17,1.5838494837362902
2045-04-18,1.5941176751545403
2045-04-19,1.4820755350064916
2045-04-20,1.5216256944088649
2045-04-21,1.7563101515013602
2045-04-22,2.1294371025083927
2045-04-23,2.4472463832298716
2045-04-24,2.825704348272377
2045-04-25,3.3915848670483264
2045-04-26,3.3001032119326528
2045-04-27,4.066072839855596
2045-04-28,4.91717920684263
2045-04-29,2.611508126400475
2045-04-30,2.6002750220770783
2045-05-01,2.5677692387200026
2045-05-02,2.541575160255937
2045-05-03,2.8085444664171724
2045-05-04,2.5755965217433703
2045-05-05,2.3512503770727844
2045-05-06,2.2768737757050097
2045-05-07,2.5708691313212917
2045-05-08,2.8153501443046367
2045-05-09,2.935847820453921
2045-05-10,2.415756741478105
2045-05-11,2.4684597318529184
2045-05-12,2.720020082155275
2045-05-13,2.5175922811529876
2045-05-14,2.246722793931315
2045-05-15,2.5058286600130226
2045-05-16,2.283885920695735
2045-05-17,2.104945931304092
2045-05-18,1.9955642140761354
2045-05-19,2.0062968100854484
2045-05-20,2.10214360211379
2045-05-21,2.361886986917589
2045-05-22,4.5012879546284195
2045-05-23,4.367629650071348
2045-05-24,4.087885321140791
2045-05-25,5.8103499145127735
2045-05-26,7.157834227593194
2045-05-27,5.829291084235073
2045-05-28,7.012855099971216
2045-05-29,8.044004067489412
2045-05-30,6.045453379492195
2045-05-31,8.584891458360696
2045-06-01,8.390854626405588
2045-06-02,7.721443910176114
2045-06-03,5.064228992979595
2045-06-04,4.750248617312809
2045-06-05,4.9934793569029745
2045-06-06,3.3579738678018995
2045-06-07,6.086361795485668
2045-06-08,6.619712347984007
2045-06-09,9.137089050773271
2045-06-10,8.27285021537919
2045-06-11,10.615705072233986
2045-06-12,9.160399147666407
2045-06-13,7.965420805678661
2045-06-14,6.465331509853778
2045-06-15,5.772429804946962
2045-06-16,4.9998151279930925
2045-06-17,3.439249422467472
2045-06-18,3.1869311048453755
2045-06-19,1.9931568089563843
2045-06-20,3.02364096790036
2045-06-21,2.4517301781996004
2045-06-22,2.52774237161927
2045-06-23,2.7052362385156714
2045-06-24,2.5645314604295177
2045-06-25,2.25284645637142
2045-06-26,2.0762985235901037
2045-06-27,2.048907869739475
2045-06-28,1.2987380168827316
2045-06-29,1.0958674151310364
2045-06-30,0.9311681033368965
2045-07-01,2.8482437723912324
2045-07-02,2.8568284523506997
2045-07-03,2.770810407745854
2045-07-04,2.4209801338466335
2045-07-05,2.139937406403339
2045-07-06,1.8704417387051322
2045-07-07,1.6703673840609095
2045-07-08,1.4634172546143236
2045-07-09,1.5040056474158516
2045-07-10,1.7093422098268216
2045-07-11,1.1320997268955997
2045-07-12,0.9630040957719349
2045-07-13,0.9460025375067447
2045-07-14,0.7285406739526544
2045-07-15,0.6914612171873457
2045-07-16,0.5749494396517909
2045-07-17,0.506057391066327
2045-07-18,0.44995138877627255
2045-07-19,0.5524634872187578
2045-07-20,0.2799641346648446
2045-07-21,0.25134443347084817
2045-07-22,0.22302155427700004
2045-07-23,0.19707972250240338
2045-07-24,0.1771913912260654
2045-07-25,0.15064343654558862
2045-07-26,0.13585399806967116
2045-07-27,0.12247354635249832
2045-07-28,0.11039489353105919
2045-07-29,0.09039459023363894
2045-07-30,0.08015405881115288
2045-07-31,0.07333023407457753
2045-08-01,0.062156516303004776
2045-08-02,0.058256465030103684
2045-08-03,0.05477597857824566
2045-08-04,0.052013012192943665
2045-08-05,0.049712931305625714
2045-08-06,0.04783705817758563
2045-08-07,0.04629340912475137
2045-08-08,0.04496346060188965
2045-08-09,0.0437577096729551
2045-08-10,0.04264492741798718
2045-08-11,0.0417108240000269
2045-08-12,0.04086685746843354
2045-08-13,0.039986559628000455
2045-08-14,0.03907151207500358
2045-08-15,0.05731063949363729
2045-08-16,0.037436802125450606
2045-08-17,0.036645485630304134
2045-08-18,0.035888677142855104
2045-08-19,0.03519737586838472
2045-08-20,0.03455508668694403
2045-08-21,0.033960657595911325
2045-08-22,0.03343085144920091
2045-08-23,0.03792494736676089
2045-08-24,0.032536749267252175
2045-08-25,0.03208032490384005
2045-08-26,0.03161231554644432
2045-08-27,0.031181651226771155
2045-08-28,0.03081626193386279
2045-08-29,0.03049615065911276
2045-08-30,0.03017789665840267
2045-08-31,0.029865930440389786
2045-09-01,0.013161797931285734
2045-09-02,0.0523120252921592
2045-09-03,0.012993374311337638
2045-09-04,0.08900420275400488
2045-09-05,0.012886386491175092
2045-09-06,0.043581618851131154
2045-09-07,0.012777232726429201
2045-09-08,0.012715047521061524
2045-09-09,0.012657826879832301
2045-09-10,0.06624296724912962
2045-09-11,0.012568941432089108
2045-09-12,0.012502494072544059
2045-09-13,0.012430783579682076
2045-09-14,0.012365464422455195
2045-09-15,0.014775164848092675
2045-09-16,0.01227212341628063
2045-09-17,0.012220825567205607
2045-09-18,0.012175545998210717
2045-09-19,0.05390654208609076
2045-09-20,0.5113563938496625
2045-09-21,0.03466557905110338
2045-09-22,0.012090955412016088
2045-09-23,0.012051988341732838
2045-09-24,0.012012322728500209
2045-09-25,0.011973965263678426
2045-09-26,0.011939568443512847
2045-09-27,0.011907975460149448
2045-09-28,0.011877033263462785
2045-09-29,0.01184730620490147
2045-09-30,0.04476577604443592
2045-10-01,0.02154098771775291
2045-10-02,0.02233923495138694
2045-10-03,0.01914339949417063
2045-10-04,0.019121444634571688
2045-10-05,0.01910101922690288
2045-10-06,0.031591009800893376
2045-10-07,0.0190710700006176
2045-10-08,0.019057889494267746
2045-10-09,0.06742446826758373
2045-10-10,0.5660702663714393
2045-10-11,2.165255707345373
2045-10-12,2.5605472421371798
2045-10-13,0.8531187176112361
2045-10-14,0.8214136083933954
2045-10-15,1.299453053770636
2045-10-16,0.24504935230864483
2045-10-17,0.5482048891716228
2045-10-18,0.6124163721267606
2045-10-19,0.7076675953796329
2045-10-20,0.7037258982155805
2045-10-21,0.5077899023287231
2045-10-22,0.6186777105222605
2045-10-23,0.5310407780246685
2045-10-24,0.29363952837004537
2045-10-25,0.08451628204489878
2045-10-26,0.039663961528708366
2045-10-27,0.05228624883489138
2045-10-28,0.32686015165881926
2045-10-29,0.31691141418551505
2045-10-30,0.05871655452640147
2045-10-31,0.08674461869625101
2045-11-01,2.857075967836023
2045-11-02,2.2867719636740778
2045-11-03,1.0526843920498155
2045-11-04,0.1318454894002585
2045-11-05,0.06292051957561796
2045-11-06,0.31679405221171075
2045-11-07,0.06357650150017302
2045-11-08,0.05705105503099583
2045-11-09,0.0677111334656277
2045-11-10,0.14347868043271106
2045-11-11,1.7669793894170573
2045-11-12,2.496686756806993
2045-11-13,3.7672884920105663
2045-11-14,2.2838295192401
2045-11-15,1.1383722671478191
2045-11-16,1.6074584128560097
2045-11-17,1.6314653409987196
2045-11-18,1.7123833897367848
2045-11-19,1.5041381483063494
2045-11-20,5.096417783977671
2045-11-21,16.601342452318686
2045-11-22,10.53953611948201
2045-11-23,4.955827577633076
2045-11-24,3.863274740529247
2045-11-25,3.6311522478216625
2045-11-26,3.6159751277553345
2045-11-27,3.648085965271849
2045-11-28,3.492118623640893
2045-11-29,3.3940923305571107
2045-11-30,3.240285708510265
2045-12-01,3.211638221110144
2045-12-02,2.943379758412273
2045-12-03,2.6979342929654777
2045-12-04,2.505690432180423
2045-12-05,2.358163298382612
2045-12-06,2.3351376878193486
2045-12-07,2.014901443180227
2045-12-08,1.9551919020044601
2045-12-09,2.384228757569691
2045-12-10,2.3462870055313165
2045-12-11,1.9386995015324968
2045-12-12,1.9464209002244215
2045-12-13,1.9918283320262737
2045-12-14,1.8657738958353065
2045-12-15,1.9077553806073975
2045-12-16,3.3214311016158238
2045-12-17,2.5985082656284995
2045-12-18,2.7060669068580774
2045-12-19,3.0324732758434543
2045-12-20,2.7075403608316013
2045-12-21,2.642722413304493
2045-12-22,2.504876387381686
2045-12-23,2.464197670692492
2045-12-24,2.61562277710677
2045-12-25,2.4646629654263466
2045-12-26,4.58043291341975
2045-12-27,8.557502989788876
2045-12-28,8.045559499467382
2045-12-29,6.2098568133791705
2045-12-30,4.989706391427514
2045-12-31,4.6465151435320085
2046-01-01,1.629560978752709
2046-01-02,1.5232922636759827
2046-01-03,1.445543912164271
2046-01-04,1.5475755592187308
2046-01-05,1.6070790599851799
2046-01-06,1.3970205430729143
2046-01-07,1.3353388765449843
2046-01-08,1.25557308585504
2046-01-09,1.2145414633157492
2046-01-10,1.09774474448652
2046-01-11,1.0158074549735472
2046-01-12,0.9385503787036397
2046-01-13,0.8658200516581268
2046-01-14,0.8315423910735361
2046-01-15,1.3876864794169546
2046-01-16,2.025494809371458
2046-01-17,1.5557483619870824
2046-01-18,1.3703278653140833
2046-01-19,1.8377805576596977
2046-01-20,1.5212552191767243
2046-01-21,1.3807331687716935
2046-01-22,1.543490236078894
2046-01-23,1.8917285529836736
2046-01-24,1.5355330535905434
2046-01-25,1.4449870927805473
2046-01-26,1.3532291091315216
2046-01-27,1.4278204005590451
2046-01-28,1.7326898801415218
2046-01-29,1.4052160986192173
2046-01-30,2.0412704765414826
2046-01-31,1.180940921405358
2046-02-01,1.0487962953621504
2046-02-02,1.0155420498631393
2046-02-03,0.9886002290968552
2046-02-04,0.9939959006960449
2046-02-05,0.9591384805472822
2046-02-06,0.9500923784786486
2046-02-07,1.0752134787276768
2046-02-08,1.3674280993973713
2046-02-09,1.4343480136618274
2046-02-10,1.2530236730388222
2046-02-11,1.459054510735225
2046-02-12,1.5939892681213823
2046-02-13,1.447667706762438
2046-02-14,1.343695782914191
2046-02-15,1.2123873840019623
2046-02-16,1.166026266946296
2046-02-17,1.1104764286892919
2046-02-18,1.0691412099161244
2046-02-19,1.0106421542654143
2046-02-20,0.9605292468623999
2046-02-21,1.0185563282378516
2046-02-22,0.8620511819011799
2046-02-23,0.8302883443911772
2046-02-24,0.8077523725949664
2046-02-25,0.836975184793878
2046-02-26,0.8734471827361662
2046-02-27,0.8798591276862192
2046-02-28,1.00174319551279
2046-03-01,1.2512701449812331
2046-03-02,1.2638547181174782
2046-03-03,1.3402679624830367
2046-03-04,1.1686415863468695
2046-03-05,1.1739073268070603
2046-03-06,1.0920021418687105
2046-03-07,1.0782905264837452
2046-03-08,1.0652807082439009
2046-03-09,0.9720069903885168
2046-03-10,0.8959219056023588
2046-03-11,0.8570417746001783
2046-03-12,0.7930793828143773
2046-03-13,0.8785942031260944
2046-03-14,0.7796978575404309
2046-03-15,0.7381197491938692
2046-03-16,0.712831344638199
2046-03-17,0.717073656414917
2046-03-18,0.7562457323235939
2046-03-19,0.9627786608083431
2046-03-20,0.818897202128774
2046-03-21,1.0955876198494463
2046-03-22,0.9371353387175482
2046-03-23,0.9969917453083558
2046-03-24,0.8912335242974948
2046-03-25,1.0717173814372214
2046-03-26,1.3319126554775789
2046-03-27,1.1027908927816246
2046-03-28,1.2318812209910306
2046-03-29,1.1686902258972385
2046-03-30,1.2791149323697557
2046-03-31,1.7893599533478979
2046-04-01,2.1181787283754425
2046-04-02,1.9098130006532679
2046-04-03,1.7094123243315418
2046-04-04,1.6261288889937209
2046-04-05,1.6309159881291244
2046-04-06,2.1916731925928623
2046-04-07,1.7611463980829665
2046-04-08,1.6661331115447104
2046-04-09,1.7114972370501285
2046-04-10,2.143945055561132
2046-04-11,1.587621401386039
2046-04-12,1.585519335075767
2046-04-13,1.5527943921371068
2046-04-14,1.4967036010198802
2046-04-15,1.509170339933165
2046-04-16,1.4927344044722526
2046-04-17,1.259898991292785
2046-04-18,1.3062618302661417
2046-04-19,1.578389091623234
2046-04-20,2.0329797956868605
2046-04-21,2.3829104993343067
2046-04-22,2.5690654658701466
2046-04-23,3.1058399031192114
2046-04-24,3.5871958059380207
2046-04-25,4.961948684737833
2046-04-26,6.718566280201425
2046-04-27,8.903878783777296
2046-04-28,9.349634849985186
2046-04-29,9.408767320839946
2046-04-30,9.7079295426264
2046-05-01,7.297372611407053
2046-05-02,7.214672696582241
2046-05-03,6.62192991186506
2046-05-04,2.1029548669934774
2046-05-05,1.9553927898714394
2046-05-06,2.440987292782008
2046-05-07,3.9664464668310444
2046-05-08,4.376106911369025
2046-05-09,5.59013523041846
2046-05-10,4.390235321265657
2046-05-11,3.550777779980742
2046-05-12,3.634534230172249
2046-05-13,5.452414603413547
2046-05-14,3.8244379421122594
2046-05-15,4.981979432667537
2046-05-16,4.978151693938317
2046-05-17,2.652153479532487
2046-05-18,3.3675467918317517
2046-05-19,3.3359072063469064
2046-05-20,3.237824729999267
2046-05-21,2.9835773483809134
2046-05-22,1.4117631416873397
2046-05-23,1.3412684015261682
2046-05-24,1.3190543252036642
2046-05-25,1.167019734618847
2046-05-26,1.217557396445881
2046-05-27,1.6489934999010487
2046-05-28,3.1339119220453044
2046-05-29,2.95644654076121
2046-05-30,2.5268211591684713
2046-05-31,2.3908411863384798
2046-06-01,0.9345799306102205
2046-06-02,1.1298748224079238
2046-06-03,1.887645290862502
2046-06-04,1.7504975733749857
2046-06-05,1.9522021890690893
2046-06-06,2.210881416901569
2046-06-07,1.666475012835913
2046-06-08,1.2278183557386875
2046-06-09,1.3817767695718348
2046-06-10,1.49189594672931
2046-06-11,1.6990938083087597
2046-06-12,1.5305510064376686
2046-06-13,1.3375878139368231
2046-06-14,1.080633011227318
2046-06-15,1.033534369205329
2046-06-16,0.69095949834005
2046-06-17,0.3533981122227154
2046-06-18,0.3163929043324683
2046-06-19,0.28398022404766615
2046-06-20,0.25457831117408247
2046-06-21,0.21812509311361028
2046-06-22,0.18784698708177677
2046-06-23,0.16400464087022323
2046-06-24,0.1444448719825206
2046-06-25,0.13776246539246623
2046-06-26,0.11561930551776299
2046-06-27,0.11275420629486269
2046-06-28,0.07771354685770947
2046-06-29,0.06218523400257882
2046-06-30,0.054826421768535576
2046-07-01,0.16047022415627696
2046-07-02,0.1443154828074146
2046-07-03,0.13594120279484745
2046-07-04,0.11789345639198881
2046-07-05,0.10627361928165573
2046-07-06,0.09512288973553047
2046-07-07,0.08468505860936873
2046-07-08,0.07900066503708063
2046-07-09,0.07791517194297623
2046-07-10,0.07410094002017195
2046-07-11,0.0699041942478961
2046-07-12,0.06792895308200274
2046-07-13,0.11805152215828954
2046-07-14,0.051557927816843166
2046-07-15,0.1239013632308789
2046-07-16,0.049005169937065246
2046-07-17,0.051961563086736565
2046-07-18,0.046254242059636644
2046-07-19,0.049012596362222695
2046-07-20,0.04319042971343461
2046-07-21,0.04186812034718075
2046-07-22,0.04071829699160917
2046-07-23,0.03966772899787679
2046-07-24,0.03868802108441502
2046-07-25,0.037769296247733807
2046-07-26,0.04847243190807295
2046-07-27,0.03672161002415932
2046-07-28,0.07082306873964767
2046-07-29,0.03965674192725496
2046-07-30,0.03518770266947175
2046-07-31,0.034650499546635294
2046-08-01,0.031239354278243234
2046-08-02,0.030854737729261873
2046-08-03,0.030483590845114195
2046-08-04,0.03012870435790813
2046-08-05,0.029812649987823608
2046-08-06,0.029529465191061956
2046-08-07,0.02926187301415464
2046-08-08,0.029002801873026157
2046-08-09,0.028763660179199863
2046-08-10,0.028545288084091756
2046-08-11,0.028340206728939908
2046-08-12,0.02814995730007619
2046-08-13,0.027969317237207726
2046-08-14,0.02779303376977059
2046-08-15,0.027619909922374678
2046-08-16,0.02745683676517389
2046-08-17,0.027301486616175142
2046-08-18,0.027150031851245076
2046-08-19,0.027004311077420164
2046-08-20,0.026875825033907265
2046-08-21,0.026774239355867174
2046-08-22,0.0266898190492279
2046-08-23,0.03004433602292241
2046-08-24,0.026579118172182194
2046-08-25,0.02828640985710074
2046-08-26,0.026502600945005478
2046-08-27,0.026459632322070454
2046-08-28,0.027850803941305586
2046-08-29,0.026365623553870905
2046-08-30,0.026310224841057647
2046-08-31,0.026251926603410764
2046-09-01,0.011655185851273621
2046-09-02,0.0116319248369225
2046-09-03,0.011609953188893596
2046-09-04,0.011590023033439112
2046-09-05,0.011572902789265125
2046-09-06,0.011625482548386691
2046-09-07,0.011544810187128393
2046-09-08,0.01152775334086687
2046-09-09,0.011509256091986669
2046-09-10,0.011490799094497036
2046-09-11,0.011474732155954405
2046-09-12,0.011460167268129505
2046-09-13,0.011445064116984432
2046-09-14,0.01143005869973762
2046-09-15,0.011416207813441229
2046-09-16,0.01140282618961467
2046-09-17,0.011389691524938421
2046-09-18,0.03430955292666599
2046-09-19,0.011369140672401303
2046-09-20,0.01416205300336416
2046-09-21,0.011355206967283394
2046-09-22,0.011347108316830052
2046-09-23,0.011338824772579048
2046-09-24,0.011330674188899848
2046-09-25,0.01132295646942438
2046-09-26,0.011316122435406988
2046-09-27,0.011310437571800372
2046-09-28,0.011305167405142407
2046-09-29,0.011299470626139351
2046-09-30,0.011293531648842154
2046-10-01,0.018347806576432056
2046-10-02,0.018338993395001193
2046-10-03,0.01833110364236521
2046-10-04,0.018324633633219792
2046-10-05,0.01831908493200171
2046-10-06,0.018313661055147354
2046-10-07,0.018308168182906936
2046-10-08,0.01830268255465359
2046-10-09,0.01829738008538113
2046-10-10,0.021659238639076435
2046-10-11,0.029173480198291062
2046-10-12,0.02114535294620551
2046-10-13,0.01855542514139179
2046-10-14,0.018272570658789053
2046-10-15,0.018267226322144055
2046-10-16,0.018261916080463587
2046-10-17,0.018256711973454114
2046-10-18,0.04936284118230083
2046-10-19,0.029659795565614416
2046-10-20,0.018759908996114
2046-10-21,0.01824490958742524
2046-10-22,0.35094643212052457
2046-10-23,0.03235775985849294
2046-10-24,0.02043148771594613
2046-10-25,0.022594844990385474
2046-10-26,0.01821310575268968
2046-10-27,0.018207882009960798
2046-10-28,0.01820257287950373
2046-10-29,0.018197313234918393
2046-10-30,0.018192254382163327
2046-10-31,0.01955224101972148
2046-11-01,0.019118316964534993
2046-11-02,0.019113264615507698
2046-11-03,0.02206463764263002
2046-11-04,0.01910317543034942
2046-11-05,0.019098180010487405
2046-11-06,0.01909318654767318
2046-11-07,0.0190881711452082
2046-11-08,0.01908315886711513
2046-11-09,0.019078545371521854
2046-11-10,0.01929897984287641
2046-11-11,0.019068180810084434
2046-11-12,0.019063177362441935
2046-11-13,0.019173891563145678
2046-11-14,0.0825576660180369
2046-11-15,0.11161923832162628
2046-11-16,0.7149363527428001
2046-11-17,0.20015693492761585
2046-11-18,0.18489565747733472
2046-11-19,0.2826425886818092
2046-11-20,2.8931871587574043
2046-11-21,10.862044583713056
2046-11-22,10.067550825875012
2046-11-23,1.4979844317029674
2046-11-24,5.232087809806412
2046-11-25,1.0689862652134186
2046-11-26,0.13516196130881944
2046-11-27,0.05299821951930746
2046-11-28,0.08118518944427323
2046-11-29,0.1055444213526987
2046-11-30,0.10344651457253645
2046-12-01,0.14404926405501936
2046-12-02,0.10296063995563412
2046-12-03,0.06222931698402508
2046-12-04,0.14419533110038388
2046-12-05,0.06138041707821147
2046-12-06,0.053489860800262995
2046-12-07,0.04876384612545068
2046-12-08,0.3782799038482549
2046-12-09,0.06757340445115062
2046-12-10,0.050964961579244315
2046-12-11,0.05281450337060931
2046-12-12,0.055922383886321904
2046-12-13,0.06389778923301953
2046-12-14,0.059649254955626584
2046-12-15,0.051004592993770304
2046-12-16,0.054224021667463394
2046-12-17,0.08043512426863329
2046-12-18,0.1623765631964567
2046-12-19,0.20454836651964464
2046-12-20,0.06830572962684396
2046-12-21,0.40655875088393484
2046-12-22,0.31651931167744174
2046-12-23,0.08255230110915973
2046-12-24,0.05287075605932118
2046-12-25,0.06214746275621768
2046-12-26,0.09922012903781166
2046-12-27,0.20627538754202468
2046-12-28,0.2528732163504442
2046-12-29,0.4284297851528088
2046-12-30,0.6032195085382401
2046-12-31,0.7754581965708716
2047-01-01,0.394215487781027
2047-01-02,0.47302899535083714
2047-01-03,0.4910735795160848
2047-01-04,0.23645277561747138
2047-01-05,0.25833037459084907
2047-01-06,0.15963273241758377
2047-01-07,0.13260952644659627
2047-01-08,0.13677686213876122
2047-01-09,0.1359967401640967
2047-01-10,0.13684529535250523
2047-01-11,0.13952671240241665
2047-01-12,0.1332890530165374
2047-01-13,0.13071625763085187
2047-01-14,0.16605363310778046
2047-01-15,0.1563742955671036
2047-01-16,0.1464926468257506
2047-01-17,0.14349947096122243
2047-01-18,0.14006289409070488
2047-01-19,0.13888532027636322
2047-01-20,0.14182845514553033
2047-01-21,0.13745196593800446
2047-01-22,0.13649505365893683
2047-01-23,0.13165223640053905
2047-01-24,0.13130759838452227
2047-01-25,0.1292436654171984
2047-01-26,0.1246663150455577
2047-01-27,0.12658240895939712
2047-01-28,0.22691628770181146
2047-01-29,0.613983221651003
2047-01-30,0.23144191081367935
2047-01-31,0.23465215010751694
2047-02-01,0.22108593381044775
2047-02-02,0.21462427132210196
2047-02-03,0.20626765248847423
2047-02-04,0.20003470300034495
2047-02-05,0.19599766451014095
2047-02-06,0.2080621667529288
2047-02-07,0.2513972336873112
2047-02-08,0.28885403737629334
2047-02-09,0.2645270658924371
2047-02-10,0.2953975462717035
2047-02-11,0.3668985213629498
2047-02-12,0.4913202233753949
2047-02-13,0.596497537169845
2047-02-14,0.6603561888168554
2047-02-15,0.6807388441395287
2047-02-16,0.76465713301388
2047-02-17,0.8181537441533386
2047-02-18,1.3851867544228658
2047-02-19,1.6178882374476378
2047-02-20,1.5244692364741101
2047-02-21,2.137194334108682
2047-02-22,1.9272981371035536
2047-02-23,1.2444661006926625
2047-02-24,1.2964431975518105
2047-02-25,1.3485622157231156
2047-02-26,1.2745320753787228
2047-02-27,1.24113465091457
2047-02-28,1.1262569233928832
2047-03-01,1.2706858642810408
2047-03-02,1.2269415464909452
2047-03-03,1.1690942138898568
2047-03-04,1.0881231266981348
2047-03-05,1.02200519903455
2047-03-06,0.982394501596252
2047-03-07,0.9145100920393298
2047-03-08,0.8602680611255977
2047-03-09,0.8133818654561887
2047-03-10,0.8149878159220775
2047-03-11,0.7978469462647179
2047-03-12,0.9109782917376309
2047-03-13,1.2870440556191713
2047-03-14,2.126286435221876
2047-03-15,2.540421246017241
2047-03-16,3.8221764077215012
2047-03-17,7.287778166723108
2047-03-18,2.62430529772966
2047-03-19,2.072967154491977
2047-03-20,2.461238643935837
2047-03-21,3.361065460868169
2047-03-22,3.0515400801218218
2047-03-23,2.056731510011636
2047-03-24,2.1929113631460297
2047-03-25,2.4275816189488717
2047-03-26,3.0440055517945543
2047-03-27,3.1062514938643733
2047-03-28,2.5580192548195733
2047-03-29,1.7731775746368923
2047-03-30,1.7071647255393698
2047-03-31,1.9305789109684244
2047-04-01,2.095998739267162
2047-04-02,1.9423637763864827
2047-04-03,2.026751219581124
2047-04-04,1.9439467228343321
2047-04-05,1.753354608660622
2047-04-06,1.774875007091425
2047-04-07,1.6664825993969838
2047-04-08,1.8240368225929144
2047-04-09,1.602159394549718
2047-04-10,1.5624502624257235
2047-04-11,1.4756781561948809
2047-04-12,1.465561554354991
2047-04-13,1.538352840150386
2047-04-14,1.4447391727147056
2047-04-15,1.5927126047708688
2047-04-16,1.9448828234701978
2047-04-17,2.007846389071829
2047-04-18,1.771445293131799
2047-04-19,1.7924052512202049
2047-04-20,1.8716382723798404
2047-04-21,1.9715786410924225
2047-04-22,1.842638051164628
2047-04-23,2.2017189572130618
2047-04-24,2.080578887473585
2047-04-25,1.6756775997943365
2047-04-26,1.5445938692571897
2047-04-27,1.4726046801584187
2047-04-28,1.4399460960111479
2047-04-29,1.4618937042474567
2047-04-30,1.2606497842126925
2047-05-01,1.2172740160503082
2047-05-02,1.3299953166151892
2047-05-03,1.4303316860283515
2047-05-04,1.206742029655634
2047-05-05,1.4639482628735818
2047-05-06,1.1672293652176378
2047-05-07,1.1538369707738774
2047-05-08,1.0384197971511515
2047-05-09,1.1318890344390116
2047-05-10,1.2003315842544164
2047-05-11,1.428564271635219
2047-05-12,1.4212631772238582
2047-05-13,1.5056449000909489
2047-05-14,1.32185707347041
2047-05-15,0.9601782699203828
2047-05-16,0.9481403545882188
2047-05-17,0.98393820482067
2047-05-18,0.9672355916496921
2047-05-19,0.9276826289450084
2047-05-20,0.9165425618670539
2047-05-21,0.9459328764976186
2047-05-22,0.9629802897701645
2047-05-23,1.0057021420465382
2047-05-24,0.9595294630909862
2047-05-25,0.9001507426174282
2047-05-26,0.8254799686409708
2047-05-27,0.7887860759979236
2047-05-28,0.8953510191292886
2047-05-29,0.7551971215636564
2047-05-30,0.8991881865671644
2047-05-31,0.8730788286661114
2047-06-01,0.8520781839500695
2047-06-02,0.6637783861221729
2047-06-03,0.7079767231783346
2047-06-04,0.8222445048610516
2047-06-05,0.8251896052182797
2047-06-06,0.989582649905719
2047-06-07,0.9581302325884204
2047-06-08,1.2427145478117276
2047-06-09,1.534306030058716
2047-06-10,1.5180197999491614
2047-06-11,1.7282147479420897
2047-06-12,1.610704807160049
2047-06-13,1.5447953358666378
2047-06-14,1.4280150321652092
2047-06-15,1.276429676191975
2047-06-16,1.3048181026890364
2047-06-17,1.2275656604103544
2047-06-18,1.1107590408317982
2047-06-19,0.7354726367633667
2047-06-20,0.4897790671796801
2047-06-21,0.42691825008622597
2047-06-22,0.3683038687955306
2047-06-23,0.33090447889904084
2047-06-24,0.29053721372229996
2047-06-25,0.2520169586530177
2047-06-26,0.2162995169723378
2047-06-27,0.18643746217699209
2047-06-28,0.16008770604060263
2047-06-29,0.13533413143563536
2047-06-30,0.11651427975829362
2047-07-01,0.3282837610774015
2047-07-02,0.2979039293213403
2047-07-03,0.26798802310820335
2047-07-04,0.2371472030261532
2047-07-05,0.21160731769210164
2047-07-06,0.18925711448474622
2047-07-07,0.1670995512491665
2047-07-08,0.1481230776936194
2047-07-09,0.13264414320727927
2047-07-10,0.12132257237075665
2047-07-11,0.11278617895080403
2047-07-12,0.09011481516646935
2047-07-13,0.08344347252416576
2047-07-14,0.07783900986713645
2047-07-15,0.07333962248051096
2047-07-16,0.09145105786219938
2047-07-17,0.0693608100559257
2047-07-18,0.06535715748470834
2047-07-19,0.0629586829681533
2047-07-20,0.060589538804558966
2047-07-21,0.05849303557224428
2047-07-22,0.05657485048380236
2047-07-23,0.05484293322860036
2047-07-24,0.05320147691609185
2047-07-25,0.05176595878622847
2047-07-26,0.11179495142930247
2047-07-27,0.049380931022639414
2047-07-28,0.05158493363820327
2047-07-29,0.04714551734862326
2047-07-30,0.045933383350931584
2047-07-31,0.044807110358694856
2047-08-01,0.04005647688076666
2047-08-02,0.04313195074209329
2047-08-03,0.03844058687571413
2047-08-04,0.03765552431096059
2047-08-05,0.03693435174137897
2047-08-06,0.03627369840844757
2047-08-07,0.03565044059374371
2047-08-08,0.035014021175824944
2047-08-09,0.03436164732419664
2047-08-10,0.03371258028060144
2047-08-11,0.033756526003546165
2047-08-12,0.03254542773184037
2047-08-13,0.03200799019379821
2047-08-14,0.03153472613203047
2047-08-15,0.031126179531459276
2047-08-16,0.030738863525314002
2047-08-17,0.03535266869263906
2047-08-18,0.03003330211773883
2047-08-19,0.04023684294146056
2047-08-20,0.029435547239535377
2047-08-21,0.02915220453725166
2047-08-22,0.029119149949607716
2047-08-23,0.028638174574714466
2047-08-24,0.07852315332244014
2047-08-25,0.028227426157165367
2047-08-26,0.09694624385568876
2047-08-27,0.027867489305229826
2047-08-28,0.027672489402452066
2047-08-29,0.02748591721461753
2047-08-30,0.027317489380925094
2047-08-31,0.027169289343127328
2047-09-01,0.012029762496689021
2047-09-02,0.011977092988929046
2047-09-03,0.011927019886172065
2047-09-04,0.011878422466363343
2047-09-05,0.012854299332593836
2047-09-06,0.011794287476166654
2047-09-07,0.013736147295029703
2047-09-08,0.011724334188637277
2047-09-09,0.013645051664363942
2047-09-10,0.011866973134632022
2047-09-11,0.011919939607574615
2047-09-12,0.014795433796341113
2047-09-13,0.05586827909194135
2047-09-14,0.011622127375163289
2047-09-15,0.011600737417642925
2047-09-16,0.011577725008099895
2047-09-17,0.011555325884812983
2047-09-18,0.011534654144912254
2047-09-19,0.011517330816960597
2047-09-20,0.011502782299233879
2047-09-21,0.011490094240351748
2047-09-22,0.011480598781116942
2047-09-23,0.011474768763162578
2047-09-24,0.013483294343160104
2047-09-25,0.011466496122420844
2047-09-26,0.011458181790416737
2047-09-27,0.01177744301445859
2047-09-28,0.01144274243458591
2047-09-29,0.011434443286569207
2047-09-30,0.011424738166606082
2047-10-01,0.018554196152807737
2047-10-02,0.01853875136385988
2047-10-03,0.018524237486765786
2047-10-04,0.0185536739157192
2047-10-05,0.01850285106262881
2047-10-06,0.018494839232393184
2047-10-07,0.018486587147013938
2047-10-08,0.018477605818893628
2047-10-09,0.01846751515520809
2047-10-10,0.01845637797856277
2047-10-11,0.018445535909229024
2047-10-12,0.21686164562720653
2047-10-13,0.05036558176069128
2047-10-14,0.018423999631008693
2047-10-15,0.032607305073478976
2047-10-16,0.029189671657617454
2047-10-17,0.042241330027795024
2047-10-18,0.01869542438146756
2047-10-19,0.01863513596024024
2047-10-20,0.02246540829203561
2047-10-21,0.019761620583580275
2047-10-22,0.01949033746230345
2047-10-23,0.01836428798301189
2047-10-24,0.018358276616751514
2047-10-25,0.018486281197321864
2047-10-26,0.019335751361450614
2047-10-27,0.02097791707831661
2047-10-28,0.01833725770491053
2047-10-29,0.018450320603749775
2047-10-30,0.01832633621952051
2047-10-31,0.01832020815221767
2047-11-01,0.019256116136790385
2047-11-02,0.019249482518928895
2047-11-03,0.019367318352316983
2047-11-04,0.01930926490328722
2047-11-05,0.019230238399491558
2047-11-06,0.01922401708545338
2047-11-07,0.01921804658641927
2047-11-08,0.1600929533273809
2047-11-09,0.021602526216618186
2047-11-10,0.01978614627359429
2047-11-11,0.0191970871770454
2047-11-12,0.01919187973790381
2047-11-13,0.019225983441767788
2047-11-14,0.01918320891945624
2047-11-15,0.019176429697875936
2047-11-16,0.019171239573322084
2047-11-17,0.019166042701591862
2047-11-18,0.01916085967052743
2047-11-19,0.019348248824426855
2047-11-20,0.019150584723328895
2047-11-21,0.019145501580465504
2047-11-22,0.020879781320564526
2047-11-23,0.023333529949106372
2047-11-24,0.019775544161709166
2047-11-25,0.01912556409858193
2047-11-26,0.01912049472733759
2047-11-27,0.019115454026737557
2047-11-28,0.019110454159823913
2047-11-29,0.08341432694075873
2047-11-30,0.04132903508707193
2047-12-01,0.050926035503051484
2047-12-02,0.05562614163541023
2047-12-03,0.07319518288791808
2047-12-04,1.5653192115852919
2047-12-05,0.10903980159926728
2047-12-06,0.04548954545283494
2047-12-07,0.038203125407365104
2047-12-08,1.4622589689764918
2047-12-09,1.128685090261968
2047-12-10,0.38612294231204
2047-12-11,1.42858911536515
2047-12-12,0.7633376482524521
2047-12-13,0.5910390135549118
2047-12-14,0.059751183722586754
2047-12-15,0.030629548889891195
2047-12-16,0.03440361377374348
2047-12-17,0.06323552566100951
2047-12-18,0.25566388614427077
2047-12-19,0.09758913484543776
2047-12-20,0.2720492633834277
2047-12-21,0.9918371185793164
2047-12-22,0.5322881877586048
2047-12-23,0.1109941909931134
2047-12-24,0.11661904502044501
2047-12-25,0.38908713063041944
2047-12-26,0.16539204390299625
2047-12-27,0.19714365055952787
2047-12-28,0.20414501314374844
2047-12-29,0.1957211917115083
2047-12-30,0.20939432120832296
2047-12-31,0.27766821143278375
2048-01-01,0.08857909643323479
2048-01-02,0.09361894455461
2048-01-03,0.08724093693305819
2048-01-04,0.07687021443513176
2048-01-05,0.07997622224166584
2048-01-06,0.09461940118026768
2048-01-07,0.10118328293775314
2048-01-08,0.08114662410449225
2048-01-09,0.08204559025993716
2048-01-10,0.39988346504332295
2048-01-11,1.2965956993590046
2048-01-12,1.4368053413301205
2048-01-13,0.32743131373422263
2048-01-14,0.377196113574125
2048-01-15,0.4222193378744825
2048-01-16,0.4222503179477148
2048-01-17,0.43966494601421124
2048-01-18,0.433146005504202
2048-01-19,0.39843795233298557
2048-01-20,1.0029784027282704
2048-01-21,1.62804147556426
2048-01-22,0.6838698826471044
2048-01-23,0.5962496445711372
2048-01-24,0.6868863028726637
2048-01-25,0.4914998352689118
2048-01-26,0.4944168138415266
2048-01-27,0.537847689580033
2048-01-28,0.49794342775385164
2048-01-29,0.4850736774549062
2048-01-30,0.4895121509284294
2048-01-31,0.5431323285999317
2048-02-01,0.4477818542043739
2048-02-02,0.4145755564277686
2048-02-03,0.5525967849489467
2048-02-04,0.6310333402248897
2048-02-05,0.43968405369593727
2048-02-06,0.5091487734233707
2048-02-07,0.5667530139061445
2048-02-08,0.5331496106035901
2048-02-09,0.5761909797088844
2048-02-10,0.6165133834253843
2048-02-11,0.5253559452327672
2048-02-12,0.4900892693110136
2048-02-13,0.48788636563168425
2048-02-14,0.633063104061574
2048-02-15,1.089933205099251
2048-02-16,0.7172269108656893
2048-02-17,0.6269204445660144
2048-02-18,1.0119221283317357
2048-02-19,0.563128810275181
2048-02-20,0.5639011857995753
2048-02-21,0.9197054880471878
2048-02-22,0.6521173480861355
2048-02-23,0.6068795366532079
2048-02-24,0.6914442009228231
2048-02-25,0.827073261208002
2048-02-26,0.5965061448678383
2048-02-27,0.5680284646361211
2048-02-28,0.5912053878611799
2048-02-29,0.6023125947664774
2048-03-01,0.7047488478701504
2048-03-02,0.672765903730599
2048-03-03,0.6385291600228419
2048-03-04,0.741635276044783
2048-03-05,0.685796682779612
2048-03-06,0.6613513440286577
2048-03-07,0.7004338212583912
2048-03-08,0.6487045063478828
2048-03-09,0.8249710387815712
2048-03-10,0.6868409283995803
2048-03-11,0.7329236457964715
2048-03-12,0.7740863000762648
2048-03-13,0.8446976735284579
2048-03-14,0.7867361560412813
2048-03-15,0.7128700200939985
2048-03-16,0.7347621509859057
2048-03-17,0.7010801086572481
2048-03-18,0.6880640007592043
2048-03-19,0.660827640982339
2048-03-20,0.6659175921471283
2048-03-21,0.6672215164314117
2048-03-22,0.8820481097847744
2048-03-23,0.7727907002369585
2048-03-24,0.7107252029219218
2048-03-25,0.6608915649280444
2048-03-26,0.6219209644876558
2048-03-27,0.756612108026999
2048-03-28,0.8710431065891655
2048-03-29,1.0240933993397596
2048-03-30,1.6412197685076377
2048-03-31,1.6663887591220168
2048-04-01,1.3716164030359306
2048-04-02,1.3741289274853152
2048-04-03,1.5489820446773617
2048-04-04,1.0020061569023686
2048-04-05,1.1788164723173067
2048-04-06,1.766510635164434
2048-04-07,2.3427023795789874
2048-04-08,1.285843011354046
2048-04-09,1.3745718090372816
2048-04-10,1.4614568784438335
2048-04-11,2.4828027441466665
2048-04-12,2.9120762814758265
2048-04-13,1.6317026375940693
2048-04-14,2.1872653907186304
2048-04-15,2.210415362881776
2048-04-16,1.2979829344624043
2048-04-17,1.210964885535413
2048-04-18,1.2621143662674565
2048-04-19,1.4495718656233758
2048-04-20,1.8474211150717708
2048-04-21,3.250810311206031
2048-04-22,2.5422178393624293
2048-04-23,2.5171449275306537
2048-04-24,2.030490130074365
2048-04-25,2.199143604029625
2048-04-26,2.186677231294565
2048-04-27,3.032623520946732
2048-04-28,4.413931737476121
2048-04-29,6.584586370738866
2048-04-30,5.564281129799173
2048-05-01,4.109733397990328
2048-05-02,3.9425949366039075
2048-05-03,4.540444313662173
2048-05-04,2.213449024116531
2048-05-05,1.9658968847618745
2048-05-06,2.203101129811113
2048-05-07,1.838378865700953
2048-05-08,1.8121901150386974
2048-05-09,1.7519379832306856
2048-05-10,1.701631793668375
2048-05-11,1.6931335105123144
2048-05-12,1.6133218972273182
2048-05-13,1.5090796897615413
2048-05-14,1.4493784203909301
2048-05-15,1.386720572038926
2048-05-16,1.566798803998206
2048-05-17,1.377296878606946
2048-05-18,1.4054148853605044
2048-05-19,1.6928335271777355
2048-05-20,2.140725444787466
2048-05-21,2.567775812200543
2048-05-22,3.1565858940407265
2048-05-23,2.637274801938264
2048-05-24,2.5286745860808284
2048-05-25,2.9366157535822826
2048-05-26,3.2881452349125713
2048-05-27,3.1512194275986434
2048-05-28,3.4677322386439773
2048-05-29,6.045588178316664
2048-05-30,8.476561034931494
2048-05-31,9.252489115210205
2048-06-01,9.281442020653124
2048-06-02,11.130105848898298
2048-06-03,12.65713235427505
2048-06-04,12.320945252685823
2048-06-05,13.131828841328035
2048-06-06,12.228384007852272
2048-06-07,11.598631456059389
2048-06-08,12.172847449915702
2048-06-09,13.395576669672414
2048-06-10,11.147986380948941
2048-06-11,10.481632921941294
2048-06-12,9.291559111209795
2048-06-13,6.934420979610056
2048-06-14,3.5044100710746853
2048-06-15,4.750761527030693
2048-06-16,5.43944686160086
2048-06-17,4.656786402174901
2048-06-18,4.322039089147103
2048-06-19,4.493520506427973
2048-06-20,4.607180438352275
2048-06-21,4.312285684592291
2048-06-22,3.295508671981123
2048-06-23,3.134988812659398
2048-06-24,2.5205867927439267
2048-06-25,2.085263641181241
2048-06-26,1.730886082317775
2048-06-27,1.3454242996361474
2048-06-28,1.0939842482114448
2048-06-29,0.9689879078616068
2048-06-30,0.858592208526637
2048-07-01,2.5941625274756426
2048-07-02,2.2408826833825835
2048-07-03,2.0202114985063173
2048-07-04,2.0730995745224687
2048-07-05,2.024439660835131
2048-07-06,1.8920236537040025
2048-07-07,1.7963221811257728
2048-07-08,1.678185402501079
2048-07-09,1.6090155210611636
2048-07-10,1.7896445601263944
2048-07-11,1.9010476056384866
2048-07-12,1.2279371944473647
2048-07-13,0.9676203440734453
2048-07-14,0.9304496874905499
2048-07-15,0.6971003226986072
2048-07-16,0.5974032201730497
2048-07-17,0.549678884863796
2048-07-18,0.49862276273646006
2048-07-19,0.45662158783968027
2048-07-20,0.4135604822409214
2048-07-21,0.3641655107610343
2048-07-22,0.35625885351412784
2048-07-23,0.33179154595963173
2048-07-24,0.28801376908580045
2048-07-25,0.24941256752513377
2048-07-26,0.24043130063664564
2048-07-27,0.22193828427421816
2048-07-28,0.14548803736849603
2048-07-29,0.13501640481156202
2048-07-30,0.1252595300788302
2048-07-31,0.11615394063414008
2048-08-01,0.1704182218509531
2048-08-02,0.09077488399532735
2048-08-03,0.08539087195283279
2048-08-04,0.07285260331480643
2048-08-05,0.05896246595433959
2048-08-06,0.05597401416327576
2048-08-07,0.05341133078785708
2048-08-08,0.05863345743066995
2048-08-09,0.048352916570187345
2048-08-10,0.04578464573759325
2048-08-11,0.043458714392800406
2048-08-12,0.04140357962902416
2048-08-13,0.039665662313021134
2048-08-14,0.038871636190832594
2048-08-15,0.037031488385638085
2048-08-16,0.04578672459807548
2048-08-17,0.03532231872796968
2048-08-18,0.03467969343829034
2048-08-19,0.03828773567922095
2048-08-20,0.03370888463504308
2048-08-21,0.03532243366263413
2048-08-22,0.03274379515971885
2048-08-23,0.03221823118028288
2048-08-24,0.031704340003669784
2048-08-25,0.031224665963180014
2048-08-26,0.03079500641983008
2048-08-27,0.03041069309865464
2048-08-28,0.05563966195446976
2048-08-29,0.029757070949786784
2048-08-30,0.029435333391169174
2048-08-31,0.029119161067236922
2048-09-01,0.012824685570034225
2048-09-02,0.012705453312884928
2048-09-03,0.012596120940287234
2048-09-04,0.01249519304664841
2048-09-05,0.01240270352229407
2048-09-06,0.012315833677208303
2048-09-07,0.012235101215034325
2048-09-08,0.014408215983508813
2048-09-09,0.012100778747910804
2048-09-10,0.01372066200722716
2048-09-11,0.011993093712940033
2048-09-12,0.011946452708286261
2048-09-13,0.06705277567550248
2048-09-14,0.011877217395978128
2048-09-15,0.012638164527265305
2048-09-16,0.08419432995129372
2048-09-17,0.3022709335229359
2048-09-18,0.01274156055991112
2048-09-19,0.03380074057886622
2048-09-20,0.011773532442115583
2048-09-21,0.06359669836651635
2048-09-22,0.01369593273842862
2048-09-23,0.12520911546848593
2048-09-24,0.014861992877560888
2048-09-25,0.047903387569195946
2048-09-26,0.03166166037056812
2048-09-27,0.09705350350664699
2048-09-28,0.017212540513797905
2048-09-29,0.011676996667964389
2048-09-30,0.011667057931494347
2048-10-01,0.0629575863237288
2048-10-02,0.06669018795387614
2048-10-03,0.019111617417047762
2048-10-04,0.018936317246927563
2048-10-05,0.018928760059993194
2048-10-06,0.018913749064797713
2048-10-07,0.018892983986984593
2048-10-08,0.018870891420832387
2048-10-09,0.018849587795673178
2048-10-10,0.01883120417554078
2048-10-11,0.01881537688355296
2048-10-12,0.018797931825581433
2048-10-13,0.018778763567753282
2048-10-14,0.01876133469280761
2048-10-15,0.01874755563304159
2048-10-16,0.15499241406180145
2048-10-17,1.037403534094779
2048-10-18,0.04763122435075197
2048-10-19,0.08745373314636624
2048-10-20,0.039807549441019094
2048-10-21,0.01898618978741233
2048-10-22,0.01905162647538407
2048-10-23,0.0202209631537373
2048-10-24,0.01914164036680634
2048-10-25,0.019171130690613197
2048-10-26,0.01919467200698643
2048-10-27,0.019214722841010452
2048-10-28,0.019227951208978043
2048-10-29,0.019232719389055068
2048-10-30,0.019232739229987098
2048-10-31,0.02108662596537146
2048-11-01,0.060181428347644006
2048-11-02,0.020284839939941398
2048-11-03,0.020231662666786072
2048-11-04,2.253028984343211
2048-11-05,3.594500785611426
2048-11-06,0.10582842276042713
2048-11-07,3.0411541606708767
2048-11-08,38.154123917002835
2048-11-09,2.417140033827336
2048-11-10,0.042635979541943606
2048-11-11,0.04173438253100035
2048-11-12,0.061267092942555904
2048-11-13,0.06226817108208181
2048-11-14,0.45809187024257914
2048-11-15,4.950747242434503
2048-11-16,14.082746552734378
2048-11-17,1.7515800365637748
2048-11-18,0.30641616274265027
2048-11-19,0.16390330829830918
2048-11-20,0.12227686211972334
2048-11-21,0.18690056626769913
2048-11-22,0.17322111870005466
2048-11-23,0.12367880571602767
2048-11-24,0.469424143859197
2048-11-25,0.5166794693616592
2048-11-26,0.34310907233014176
2048-11-27,0.9367463510075866
2048-11-28,0.7087658244309825
2048-11-29,0.2844645357519006
2048-11-30,0.30253473759126304
2048-12-01,0.3160770590170846
2048-12-02,0.3155852801419814
2048-12-03,0.4473389137681334
2048-12-04,0.340788154749118
2048-12-05,0.3647242848950142
2048-12-06,0.44768750026298726
2048-12-07,0.492857687871075
2048-12-08,0.6260488398245961
2048-12-09,0.5655525513139131
2048-12-10,0.7613552651316186
2048-12-11,0.504553621378968
2048-12-12,0.5608268360101847
2048-12-13,0.6052818867563241
2048-12-14,0.6036879049101446
2048-12-15,0.5878658449142413
2048-12-16,0.6074017637446992
2048-12-17,0.6382899509613947
2048-12-18,0.776669217445328
2048-12-19,0.5773593766953088
2048-12-20,0.5766696044842252
2048-12-21,0.57502489166514
2048-12-22,0.5679586535041385
2048-12-23,0.5627216032090436
2048-12-24,0.5553184669863411
2048-12-25,0.5560247349831048
2048-12-26,0.5483730539367144
2048-12-27,0.5246212043481561
2048-12-28,0.5167001958597838
2048-12-29,0.5048869208918898
2048-12-30,0.49369951434141135
2048-12-31,0.4922465984588563
2049-01-01,0.18910244354154998
2049-01-02,0.1668183719995564
2049-01-03,0.21550035247670363
2049-01-04,0.173851094053616
2049-01-05,0.1794634915985735
2049-01-06,0.1613470218469658
2049-01-07,0.17657240463072923
2049-01-08,0.6117552774353711
2049-01-09,1.3932356965381039
2049-01-10,0.97183052091271
2049-01-11,1.9654862271794902
2049-01-12,1.9237326481604218
2049-01-13,2.010153723393157
2049-01-14,1.3500273169487318
2049-01-15,1.3718038183289567
2049-01-16,1.3851232896085401
2049-01-17,1.3177757618971488
2049-01-18,1.3845092144731201
2049-01-19,1.2144404048501811
2049-01-20,1.148961906725714
2049-01-21,1.0739899290406896
2049-01-22,0.9938988225548294
2049-01-23,0.9239682248249329
2049-01-24,0.8471013050059429
2049-01-25,0.8117395014199156
2049-01-26,0.7761204925559775
2049-01-27,0.7107051485969723
2049-01-28,0.6566177991245913
2049-01-29,0.6384847947856114
2049-01-30,0.626795111482505
2049-01-31,0.8846943328265733
2049-02-01,0.6638113637014356
2049-02-02,0.6233777000894416
2049-02-03,0.8038875869392568
2049-02-04,0.8157321700594982
2049-02-05,0.7301998608097825
2049-02-06,0.7700025200104316
2049-02-07,0.6994917682565815
2049-02-08,0.6689476384916334
2049-02-09,0.6287126558980081
2049-02-10,0.5891032516801433
2049-02-11,0.6927980501005951
2049-02-12,0.6798640598201584
2049-02-13,1.221968400199249
2049-02-14,3.0393050255978573
2049-02-15,1.299425350643211
2049-02-16,1.0982248143265987
2049-02-17,1.0752186281777338
2049-02-18,1.3230779977760057
2049-02-19,1.1680024392339812
2049-02-20,1.3659040578931083
2049-02-21,1.5528900108038024
2049-02-22,1.2932646463716855
2049-02-23,1.274367023577147
2049-02-24,1.0710132292551686
2049-02-25,1.1176049405286892
2049-02-26,1.8908861957292962
2049-02-27,1.3853575962288318
2049-02-28,1.382463983817674
2049-03-01,1.786368471566236
2049-03-02,1.4762197833389685
2049-03-03,1.419111339367896
2049-03-04,1.4083543810799077
2049-03-05,1.3356586657808065
2049-03-06,1.438919580271948
2049-03-07,1.2618480874507692
2049-03-08,1.2180564282812427
2049-03-09,1.174019637433585
2049-03-10,1.0900965703102214
2049-03-11,1.0085248479532234
2049-03-12,0.9319178947186396
2049-03-13,0.9522082087804656
2049-03-14,0.8253549967422218
2049-03-15,1.1677336492547665
2049-03-16,3.282641477764042
2049-03-17,2.113215950382768
2049-03-18,1.7534999847772974
2049-03-19,1.5024728259492566
2049-03-20,1.4913848913934493
2049-03-21,1.5504558327090892
2049-03-22,1.6573663464805326
2049-03-23,1.7165674975802083
2049-03-24,1.5151015615962673
2049-03-25,1.4520570311044858
2049-03-26,1.3858320280348801
2049-03-27,1.32416381539368
2049-03-28,1.226017775829917
2049-03-29,1.1445040696265223
2049-03-30,1.0514331210414212
2049-03-31,0.9684430316133092
2049-04-01,1.2229938001147105
2049-04-02,1.1742566259798952
2049-04-03,1.0735292481998486
2049-04-04,1.1373374925805708
2049-04-05,1.0871274655670373
2049-04-06,1.0253567435464426
2049-04-07,1.0337598526976843
2049-04-08,1.0499154001088544
2049-04-09,1.1499510265835993
2049-04-10,1.4799686894138304
2049-04-11,2.979038893448284
2049-04-12,2.1081492888212736
2049-04-13,1.8178324164642763
2049-04-14,1.7570347001538598
2049-04-15,1.6502081510203805
2049-04-16,1.5618920212031644
2049-04-17,1.5131064746770966
2049-04-18,1.5625380723455926
2049-04-19,1.345241757939414
2049-04-20,1.2766899661227908
2049-04-21,1.5094157181676675
2049-04-22,1.5887102337679337
2049-04-23,2.034259522926967
2049-04-24,2.561526661069593
2049-04-25,2.213728242303568
2049-04-26,1.8742607233044712
2049-04-27,2.1103747662053087
2049-04-28,1.920655948708449
2049-04-29,2.178525764649502
2049-04-30,2.2455679738260472
2049-05-01,2.812620200375068
2049-05-02,3.311739835167085
2049-05-03,2.1981943380600546
2049-05-04,2.2619306400357457
2049-05-05,2.402751291951281
2049-05-06,2.8519540184112135
2049-05-07,3.591036186788612
2049-05-08,4.130163678552509
2049-05-09,4.895634768902108
2049-05-10,4.6662598377106645
2049-05-11,3.542817596686463
2049-05-12,6.46019427789018
2049-05-13,8.828169329311145
2049-05-14,10.200646636757684
2049-05-15,8.801833991045186
2049-05-16,9.325769958604829
2049-05-17,5.341827786712359
2049-05-18,5.094494204316177
2049-05-19,4.872348014260341
2049-05-20,4.7829436543397925
2049-05-21,5.380355740009355
2049-05-22,6.731846598661067
2049-05-23,7.282413524354394
2049-05-24,7.55958942120873
2049-05-25,4.711380644409959
2049-05-26,6.790525370214941
2049-05-27,4.541915934843935
2049-05-28,5.043023194288133
2049-05-29,5.91338439611481
2049-05-30,5.311839465692143
2049-05-31,4.778045103371228
2049-06-01,2.904934684400398
2049-06-02,2.545517421292611
2049-06-03,2.304706533278014
2049-06-04,3.077935661953446
2049-06-05,4.276489459569362
2049-06-06,4.084658699804899
2049-06-07,4.015260394881923
2049-06-08,4.217038612048435
2049-06-09,3.0538239164513485
2049-06-10,1.6083664747310793
2049-06-11,1.7260908331353353
2049-06-12,1.8065688000153266
2049-06-13,1.7742167558565496
2049-06-14,1.780518563175511
2049-06-15,1.6206882600668373
2049-06-16,0.9204530096842732
2049-06-17,0.8726855440430246
2049-06-18,0.8250541434409325
2049-06-19,0.884575393374286
2049-06-20,0.8418143350663192
2049-06-21,1.1603788362835172
2049-06-22,0.7276279331044345
2049-06-23,0.624057129068911
2049-06-24,0.4174440155409981
2049-06-25,0.4199051838125704
2049-06-26,0.4083018954322001
2049-06-27,0.3160068076647712
2049-06-28,0.27559783629790213
2049-06-29,0.24275466217493025
2049-06-30,0.21135054835919437
2049-07-01,0.5918157241179137
2049-07-02,0.5143627652305182
2049-07-03,0.4569694640815594
2049-07-04,0.39921040889587706
2049-07-05,0.3562853136085051
2049-07-06,0.3347818302623403
2049-07-07,0.2950092384778915
2049-07-08,0.26702564222242253
2049-07-09,0.23710766248921333
2049-07-10,0.21710404669083064
2049-07-11,0.20397453320764372
2049-07-12,0.14561195240329894
2049-07-13,0.12591525063401568
2049-07-14,0.11678385928792867
2049-07-15,0.11020058766615225
2049-07-16,0.10629502697322521
2049-07-17,0.09942559578818755
2049-07-18,0.09087659272810339
2049-07-19,0.08800378304544634
2049-07-20,0.08325992084876194
2049-07-21,0.0807017329537626
2049-07-22,0.07760211646156609
2049-07-23,0.07378973433139885
2049-07-24,0.08453582487971521
2049-07-25,0.05280995881743794
2049-07-26,0.05435892850322054
2049-07-27,0.04938708622333634
2049-07-28,0.04726617932786973
2049-07-29,0.045087238807481916
2049-07-30,0.043156802387402035
2049-07-31,0.0812507548085126
2049-08-01,0.03787888654321119
2049-08-02,0.03617112845416421
2049-08-03,0.04133629838944109
2049-08-04,0.03456276029149973
2049-08-05,0.033802839636821055
2049-08-06,0.03306933861371928
2049-08-07,0.18718839331988835
2049-08-08,0.03181865001988071
2049-08-09,0.031237979243434907
2049-08-10,0.03590223678302282
2049-08-11,0.031171551874956484
2049-08-12,0.031076844217050065
2049-08-13,0.029637431402280364
2049-08-14,0.030337726943871702
2049-08-15,0.029059222756514
2049-08-16,0.036191002773005944
2049-08-17,0.02859156539779193
2049-08-18,0.028387632156362353
2049-08-19,0.02818810708333817
2049-08-20,0.02800200312277713
2049-08-21,0.027838402330776363
2049-08-22,0.07989927459426406
2049-08-23,1.2170437183650555
2049-08-24,0.07001229308899462
2049-08-25,0.03250461475423941
2049-08-26,0.038936823476858354
2049-08-27,0.027371269992026364
2049-08-28,0.02724251868607706
2049-08-29,0.027110516649724515
2049-08-30,0.026985469950403487
2049-08-31,0.026877948611775067
2049-09-01,0.011920208082107787
2049-09-02,0.012321522296096314
2049-09-03,0.011863961676026352
2049-09-04,0.011831643731443912
2049-09-05,0.01352869547558331
2049-09-06,0.012822171730723381
2049-09-07,0.011744020835331324
2049-09-08,0.011710682834098263
2049-09-09,0.011679965057298443
2049-09-10,0.011652626404451317
2049-09-11,0.014691276245137304
2049-09-12,0.011606632856021521
2049-09-13,0.011587430979613381
2049-09-14,0.011569496000332668
2049-09-15,0.011552886997738617
2049-09-16,0.01153726497577627
2049-09-17,0.0115220294826802
2049-09-18,0.011508362382344949
2049-09-19,0.011495282043316348
2049-09-20,0.014431726729441957
2049-09-21,0.018302430165241336
2049-09-22,0.04323946654110088
2049-09-23,0.016691956731612983
2049-09-24,0.08770322677035543
2049-09-25,0.011449561847687452
2049-09-26,0.011440137909867467
2049-09-27,0.011430468818260504
2049-09-28,0.011420374959439893
2049-09-29,0.01141002311549806
2049-09-30,0.011400140525188637
2049-10-01,0.018515676957340986
2049-10-02,0.02583824891691557
2049-10-03,0.028535944156209938
2049-10-04,0.19716741565757623
2049-10-05,0.2505254979899667
2049-10-06,0.222266056070228
2049-10-07,0.05039387938254352
2049-10-08,0.018468449357637574
2049-10-09,0.01846155147613517
2049-10-10,0.01845433791070439
2049-10-11,0.04432119263187186
2049-10-12,0.08091968072051205
2049-10-13,0.018802626847545113
2049-10-14,0.01843204972611865
2049-10-15,0.018426565117769446
2049-10-16,0.018421807271147284
2049-10-17,0.018417351644488166
2049-10-18,0.027044729510550192
2049-10-19,0.02468750004678528
2049-10-20,0.01844272289768636
2049-10-21,0.018398170816392875
2049-10-22,0.01839248186193936
2049-10-23,0.3166884195304669
2049-10-24,0.3837846491945168
2049-10-25,0.19292363074190827
2049-10-26,0.13033750747512501
2049-10-27,0.018813631834764633
2049-10-28,0.020473143778429258
2049-10-29,0.019152675265741374
2049-10-30,0.033794636248782636
2049-10-31,0.5424438864146601
2049-11-01,0.5944584822351671
2049-11-02,0.11271890139987543
2049-11-03,0.09168117461549685
2049-11-04,0.17627047215710198
2049-11-05,0.1549487790170758
2049-11-06,0.10317478409267329
2049-11-07,0.0431123735069824
2049-11-08,0.022875962915692112
2049-11-09,0.024178931603961066
2049-11-10,0.027602168457392176
2049-11-11,0.04947230917676063
2049-11-12,0.04271572117737752
2049-11-13,0.032345048209281066
2049-11-14,0.023137969069293694
2049-11-15,0.049543745653156356
2049-11-16,0.03732071380541819
2049-11-17,0.7602045802654354
2049-11-18,0.5602551321365122
2049-11-19,0.11849990827676835
2049-11-20,0.17187657345418322
2049-11-21,0.1787237324806049
2049-11-22,0.06533607008631423
2049-11-23,0.06314470117880876
2049-11-24,0.16517447159923757
2049-11-25,0.02806056237807991
2049-11-26,0.028013688715309838
2049-11-27,0.07110967772855838
2049-11-28,0.05656073083979135
2049-11-29,0.03399017524589468
2049-11-30,0.05082538453753413
2049-12-01,0.05257950651588773
2049-12-02,0.03306221821635077
2049-12-03,0.028704396083219053
2049-12-04,0.040850027186795604
2049-12-05,0.041160598809788396
2049-12-06,0.04280162657260781
2049-12-07,0.04139178458549521
2049-12-08,0.06674576775505885
2049-12-09,0.02921455491404772
2049-12-10,0.029089032164985547
2049-12-11,0.02914950521268763
2049-12-12,0.04475557402613663
2049-12-13,0.035815894877087855
2049-12-14,0.03641012452874301
2049-12-15,0.06526253423487324
2049-12-16,0.20793724348165146
2049-12-17,1.0139870530542183
2049-12-18,0.3199085702715413
2049-12-19,0.1382144981487175
2049-12-20,0.12403884937375702
2049-12-21,0.17182447986543206
2049-12-22,0.07531450455112416
2049-12-23,0.06827013914317437
2049-12-24,0.08386253846026319
2049-12-25,0.35893285186558876
2049-12-26,0.11102619926446533
2049-12-27,0.09773333878542538
2049-12-28,0.11091343273898718
2049-12-29,0.07925804081075384
2049-12-30,0.03509964950174381
2049-12-31,0.04314994760898907
2050-01-01,0.01540836257676742
2050-01-02,0.013251370439817476
2050-01-03,0.014472285601072521
2050-01-04,0.026745762016619337
2050-01-05,0.05123616983699467
2050-01-06,0.027553048724879712
2050-01-07,0.012464278899163172
2050-01-08,0.012246899677554959
2050-01-09,0.012276892191670675
2050-01-10,0.014658293295818267
2050-01-11,0.012325330069158326
2050-01-12,0.013228299225099216
2050-01-13,0.013889592970336137
2050-01-14,0.012398116250803563
2050-01-15,0.015951331423471275
2050-01-16,0.0171900602679539
2050-01-17,0.015304441360066616
2050-01-18,0.015580377231004396
2050-01-19,0.27159784016784855
2050-01-20,0.6948830966532216
2050-01-21,3.643133413367045
2050-01-22,1.571709100071436
2050-01-23,0.34884590281143985
2050-01-24,0.06565619658588696
2050-01-25,0.22725988318826842
2050-01-26,0.5072668419678118
2050-01-27,0.5845907244597999
2050-01-28,1.5064693130815718
2050-01-29,0.5839267704376027
2050-01-30,0.4555029516017498
2050-01-31,1.7230267703778364
2050-02-01,3.505961505336224
2050-02-02,1.8217162796286905
2050-02-03,2.3688768347254254
2050-02-04,2.263497661307376
2050-02-05,2.5995777157373356
2050-02-06,1.217252391817925
2050-02-07,0.9460043888755334
2050-02-08,0.875697174819648
2050-02-09,0.940008859771997
2050-02-10,0.9557066136985316
2050-02-11,0.9613026691458251
2050-02-12,1.9449458794362244
2050-02-13,1.4158228638115182
2050-02-14,0.9458554037974559
2050-02-15,1.268618784395645
2050-02-16,0.8018140947476096
2050-02-17,0.7467091678210714
2050-02-18,0.823223370777588
2050-02-19,0.7901832346366309
2050-02-20,0.8429644883807911
2050-02-21,0.7667660985172026
2050-02-22,0.7588769499093494
2050-02-23,0.7279517385054001
2050-02-24,0.6918042956027849
2050-02-25,0.6605009874234217
2050-02-26,0.6456643561141783
2050-02-27,0.6304755809218229
2050-02-28,0.6086123308021812
2050-03-01,0.6692793126633374
2050-03-02,0.6246563428007295
2050-03-03,0.747805783752618
2050-03-04,0.6251768515133499
2050-03-05,0.5862514438468942
2050-03-06,0.7967171662889
2050-03-07,0.6498145417558113
2050-03-08,0.6400016671955614
2050-03-09,0.6181933302822448
2050-03-10,0.6835323063127933
2050-03-11,0.6465615185016299
2050-03-12,0.7211580577141536
2050-03-13,0.7964208876756913
2050-03-14,0.7456127132260041
2050-03-15,0.8017174880657025
2050-03-16,1.0053223524207533
2050-03-17,1.4404943559368477
2050-03-18,1.5550280730903774
2050-03-19,2.764619860889998
2050-03-20,2.780688044658813
2050-03-21,1.9859127234035359
2050-03-22,1.6107972520885028
2050-03-23,1.3612845848436779
2050-03-24,1.4382444193593094
2050-03-25,1.3090855983026977
2050-03-26,1.4127491630718287
2050-03-27,1.2145541511518787
2050-03-28,1.1576220903769163
2050-03-29,1.2458169873978915
2050-03-30,1.5124130604635155
2050-03-31,2.7289832325009065
2050-04-01,3.5548171142124207
2050-04-02,4.452668117710793
2050-04-03,1.7660855280024346
2050-04-04,1.7736114289382696
2050-04-05,1.8028902263772528
2050-04-06,1.9824309345698814
2050-04-07,1.7546306563383525
2050-04-08,1.7508099837946063
2050-04-09,1.9326259155753993
2050-04-10,2.091249207825831
2050-04-11,2.5486016344175866
2050-04-12,1.9198205563133495
2050-04-13,2.204579577449523
2050-04-14,1.9234817054253561
2050-04-15,1.8346134308998725
2050-04-16,1.7156981456766347
2050-04-17,1.689156201570149
2050-04-18,1.7556681256327642
2050-04-19,1.9425213761431739
2050-04-20,2.1259121088771273
2050-04-21,2.146335371318854
2050-04-22,1.7630301948194103
2050-04-23,1.797991311660912
2050-04-24,1.8381299787036118
2050-04-25,2.0757161293020117
2050-04-26,2.4755470913180306
2050-04-27,3.6594482116583205
2050-04-28,5.742485858479433
2050-04-29,4.464256582166213
2050-04-30,6.156774959571417
2050-05-01,3.8842058317837913
2050-05-02,3.979596834374202
2050-05-03,2.4412979484104316
2050-05-04,2.3781232879712206
2050-05-05,2.322373575300869
2050-05-06,2.175367319946475
2050-05-07,2.1403557415890058
2050-05-08,2.1553978964036085
2050-05-09,2.3230842107315617
2050-05-10,2.148019627048871
2050-05-11,2.083675878718897
2050-05-12,1.887125654573378
2050-05-13,1.954343518207022
2050-05-14,1.7316837512116248
2050-05-15,1.660305944544615
2050-05-16,1.7562304493956025
2050-05-17,1.975053920569353
2050-05-18,2.0123002116978794
2050-05-19,2.7418351860965466
2050-05-20,5.434673551913016
2050-05-21,7.459218548371352
2050-05-22,8.150951654965642
2050-05-23,8.795307931150148
2050-05-24,7.1392065203137625
2050-05-25,8.771339396557094
2050-05-26,8.695735064182022
2050-05-27,8.47921029590416
2050-05-28,9.594650302993928
2050-05-29,10.802971465344692
2050-05-30,10.582949253708664
2050-05-31,10.069237608743952
2050-06-01,7.847802865678418
2050-06-02,7.302451704408046
2050-06-03,5.716010985798076
2050-06-04,5.520028420900481
2050-06-05,5.629174049078635
2050-06-06,4.344996955699582
2050-06-07,3.4964919255749534
2050-06-08,3.776214539923843
2050-06-09,3.8895744776037353
2050-06-10,2.8961043820233097
2050-06-11,2.526037048358352
2050-06-12,2.5408962976992253
2050-06-13,2.450397311737206
2050-06-14,1.9873837940280652
2050-06-15,1.8866459871325991
2050-06-16,1.082719826710442
2050-06-17,0.9675750725298519
2050-06-18,0.8576670365544664
2050-06-19,0.800750585368859
2050-06-20,0.764273060211173
2050-06-21,0.7004017427559786
2050-06-22,0.6850161088121397
2050-06-23,0.5749827301017374
2050-06-24,0.5612393629560797
2050-06-25,0.5081583904927744
2050-06-26,0.49065623428738
2050-06-27,0.45112699083029417
2050-06-28,0.30701432606431567
2050-06-29,0.23126674680905535
2050-06-30,0.22982047780589804
2050-07-01,0.7949624046939424
2050-07-02,0.6216245741200096
2050-07-03,0.5796018237290803
2050-07-04,0.5249181527032776
2050-07-05,0.48605252060300896
2050-07-06,0.3561820340773263
2050-07-07,0.3014662884137603
2050-07-08,0.26114703284432905
2050-07-09,0.23171056874035229
2050-07-10,0.25058524917917063
2050-07-11,0.19558394867457476
2050-07-12,0.16723487754105956
2050-07-13,0.15843255762839215
2050-07-14,0.1401831889581992
2050-07-15,0.11566698518094193
2050-07-16,0.0967292414705497
2050-07-17,0.086662034975306
2050-07-18,0.07859416490115652
2050-07-19,0.07165141486002637
2050-07-20,0.06530213669978892
2050-07-21,0.09688987861681651
2050-07-22,0.09641586438231034
2050-07-23,0.0768401719557704
2050-07-24,0.06863267608957624
2050-07-25,0.12450106438948541
2050-07-26,0.05107694121846965
2050-07-27,0.5834878142772926
2050-07-28,0.20372043865814038
2050-07-29,0.09624748077494297
2050-07-30,0.784181855911135
2050-07-31,0.04663020300352123
2050-08-01,0.17988285776296953
2050-08-02,0.04113553580481042
2050-08-03,0.2952189965182058
2050-08-04,0.03964789963719496
2050-08-05,0.270683805088019
2050-08-06,0.038524599361433494
2050-08-07,0.151009500349438
2050-08-08,0.03795743619249213
2050-08-09,0.06658846874593913
2050-08-10,0.17483430791021648
2050-08-11,0.11030819547952456
2050-08-12,0.03589777890025564
2050-08-13,0.4243950730273893
2050-08-14,0.03548010953427874
2050-08-15,0.03858413559733124
2050-08-16,0.03428857861510064
2050-08-17,0.03383917983437328
2050-08-18,0.03340743621365468
2050-08-19,0.03297332083768704
2050-08-20,0.03253891469229754
2050-08-21,0.032149235752931785
2050-08-22,0.04212586296271172
2050-08-23,0.03152612359960266
2050-08-24,0.08190090344006419
2050-08-25,0.030967473990841866
2050-08-26,0.0328161361819515
2050-08-27,0.03048694438237624
2050-08-28,0.286050268187551
2050-08-29,0.030095921045528096
2050-08-30,0.02988768090174581
2050-08-31,0.029667408039625306
2050-09-01,0.013103262980686396
2050-09-02,0.013017065740027488
2050-09-03,0.012942152857527091
2050-09-04,0.01287920939587949
2050-09-05,0.10045075695581118
2050-09-06,0.012761930587029497
2050-09-07,0.014975119326083445
2050-09-08,0.012619684669839207
2050-09-09,0.012554317134562955
2050-09-10,0.08430099009995186
2050-09-11,0.06042724745031962
2050-09-12,0.03557458130030997
2050-09-13,0.043282582547202124
2050-09-14,0.014010855036175152
2050-09-15,0.035389084681149985
2050-09-16,0.05888432661130671
2050-09-17,0.024330231684453342
2050-09-18,0.07435106563333124
2050-09-19,0.06210544882729137
2050-09-20,0.02820932352074892
2050-09-21,0.14787175236799913
2050-09-22,0.012305712837046982
2050-09-23,0.012294378787848021
2050-09-24,0.08719361920557044
2050-09-25,0.014763139604277118
2050-09-26,0.01227027826451615
2050-09-27,0.012264557382653616
2050-09-28,0.012257382759316619
2050-09-29,0.012247873999100756
2050-09-30,0.012237047939303053
2050-10-01,0.01987237392695384
2050-10-02,0.019848691154802672
2050-10-03,0.019817115256328455
2050-10-04,0.01978448569222666
2050-10-05,0.019757312900479242
2050-10-06,0.019731617148466284
2050-10-07,0.019704740219210762
2050-10-08,0.019679745846240663
2050-10-09,0.01965833504701094
2050-10-10,0.023208996834684404
2050-10-11,0.019621088331754234
2050-10-12,0.020500745060222123
2050-10-13,0.019557951043300905
2050-10-14,0.01952215807928455
2050-10-15,0.01949647701019732
2050-10-16,0.019482900871337454
2050-10-17,0.01947587960503443
2050-10-18,0.01946989064588302
2050-10-19,0.019457016568396015
2050-10-20,0.09207966993489101
2050-10-21,3.37096344019335
2050-10-22,10.11735667937255
2050-10-23,1.281522015912318
2050-10-24,0.12349456310880719
2050-10-25,0.051253495543748875
2050-10-26,0.06161430937171606
2050-10-27,0.08223087519464599
2050-10-28,0.058115182300462545
2050-10-29,0.057835508757251616
2050-10-30,0.03500695652618293
2050-10-31,0.03447705540184555
2050-11-01,0.040462693088416796
2050-11-02,0.03677814034966731
2050-11-03,0.8567812911195798
2050-11-04,1.0661820712972416
2050-11-05,0.2354493264448136
2050-11-06,0.30385114151174936
2050-11-07,0.2778394115668513
2050-11-08,0.21484687952995002
2050-11-09,0.10191597941132641
2050-11-10,0.06340351734967982
2050-11-11,0.10640102798298182
2050-11-12,0.09362182621522896
2050-11-13,0.044209815264628076
2050-11-14,0.046114606739109776
2050-11-15,0.043063287542858104
2050-11-16,0.040225506254418876
2050-11-17,1.033180177399707
2050-11-18,3.8911779461405986
2050-11-19,3.1519506705988123
2050-11-20,3.7868423654940138
2050-11-21,1.7478627486165965
2050-11-22,0.8357517746701915
2050-11-23,0.08941545110375251
2050-11-24,0.11894707503100255
2050-11-25,0.0892936597129226
2050-11-26,0.07833869760089805
2050-11-27,0.0791811058700302
2050-11-28,0.0744428375962705
2050-11-29,0.07575296935075514
2050-11-30,0.19153773435596919
2050-12-01,0.19282086413511038
2050-12-02,0.09097535127508043
2050-12-03,0.08400560017173175
2050-12-04,0.11065554179882064
2050-12-05,0.11294155320632468
2050-12-06,0.09597926111889514
2050-12-07,0.10709379182066546
2050-12-08,0.11998689260509153
2050-12-09,0.13458761813966255
2050-12-10,0.10498333977376821
2050-12-11,0.10331909448181287
2050-12-12,0.10246665492338804
2050-12-13,0.10930989233284158
2050-12-14,0.3323882708461737
2050-12-15,1.504183464447022
2050-12-16,0.5825424483570943
2050-12-17,0.3606718733586363
2050-12-18,0.3897661755341102
2050-12-19,0.4107436895422115
2050-12-20,0.4056349037254488
2050-12-21,0.4042957318773794
2050-12-22,0.39772764174567604
2050-12-23,0.3893769377397953
2050-12-24,0.38044282268245655
2050-12-25,0.3950995756291574
2050-12-26,0.36093894819915895
2050-12-27,0.348722902810176
2050-12-28,0.3411330428158145
2050-12-29,0.33334730055536
2050-12-30,0.324219407607881
2050-12-31,0.324667848284286
2051-01-01,0.11478654521313264
2051-01-02,0.10502721729692727
2051-01-03,0.10478024233572988
2051-01-04,0.11895667807214592
2051-01-05,0.12252636071999568
2051-01-06,0.10950751275855351
2051-01-07,0.09925038140775927
2051-01-08,0.09765000141368774
2051-01-09,0.0989740746773208
2051-01-10,0.09882188839260835
2051-01-11,0.09124900266574368
2051-01-12,0.08926402321142841
2051-01-13,0.0882696955466065
2051-01-14,0.08724357211885748
2051-01-15,0.08601102983027166
2051-01-16,0.08443971722295937
2051-01-17,0.08263010939831249
2051-01-18,0.1110320031945456
2051-01-19,0.086450430300065
2051-01-20,0.09829031740712613
2051-01-21,0.08605971525187175
2051-01-22,0.17802210137913216
2051-01-23,0.3198420330903584
2051-01-24,0.3746810437367921
2051-01-25,0.17620013463822232
2051-01-26,0.1696976912936111
2051-01-27,0.19166919606588068
2051-01-28,0.2547719211282299
2051-01-29,0.31030865568695293
2051-01-30,0.2148515475532056
2051-01-31,0.2042692132063919
2051-02-01,0.18293115889929198
2051-02-02,0.1967183364045488
2051-02-03,0.29489735733410566
2051-02-04,0.39988942318594406
2051-02-05,0.5097765590906705
2051-02-06,0.29694495860562126
2051-02-07,0.32308923577604604
2051-02-08,0.3225823348743755
2051-02-09,0.37347307814019315
2051-02-10,0.3240248192050459
2051-02-11,0.3256795238134991
2051-02-12,0.3059391993853346
2051-02-13,0.29760972862551466
2051-02-14,0.287632803608526
2051-02-15,0.276415725737476
2051-02-16,0.265791499206594
2051-02-17,0.25567262276478425
2051-02-18,0.24552631271571582
2051-02-19,0.23543098211525507
2051-02-20,0.2252194274883416
2051-02-21,0.21677017292985257
2051-02-22,0.20939947636220382
2051-02-23,0.2010141251606483
2051-02-24,0.19410994485347124
2051-02-25,0.18605384644524683
2051-02-26,0.1796241490873056
2051-02-27,0.17340978067406354
2051-02-28,0.19480227210329845
2051-03-01,0.22887459162846177
2051-03-02,0.258820306769876
2051-03-03,0.22707899510751564
2051-03-04,0.20737554939216377
2051-03-05,0.3869721412992648
2051-03-06,0.35419549513431453
2051-03-07,0.24227080340858068
2051-03-08,0.3640001013739907
2051-03-09,0.59890346327376
2051-03-10,0.47596283599987654
2051-03-11,1.1826847947683348
2051-03-12,0.739914655488248
2051-03-13,0.7323717867530395
2051-03-14,0.7981465788973773
2051-03-15,0.8300409459832186
2051-03-16,1.025408620891417
2051-03-17,1.7715019546491868
2051-03-18,1.7510746690081962
2051-03-19,1.353454504729943
2051-03-20,1.454881531098557
2051-03-21,1.430074327669995
2051-03-22,1.4090434806692103
2051-03-23,1.3393733221586854
2051-03-24,1.6591164163175207
2051-03-25,1.652133910796649
2051-03-26,1.487246186374678
2051-03-27,1.4093851029907536
2051-03-28,1.4789448929806244
2051-03-29,1.356953646443138
2051-03-30,1.2997992079737763
2051-03-31,1.324528984015537
2051-04-01,1.4501072116227054
2051-04-02,1.5070847263954157
2051-04-03,1.5948554245827067
2051-04-04,1.5802695375028102
2051-04-05,1.4493798760634697
2051-04-06,1.5674955379153288
2051-04-07,1.7403697794961845
2051-04-08,1.8442582962837955
2051-04-09,2.1843366518515337
2051-04-10,1.9895618797370613
2051-04-11,2.7603661665638075
2051-04-12,2.317185761605335
2051-04-13,2.4727111954221055
2051-04-14,2.119608132245413
2051-04-15,2.5848252948324903
2051-04-16,2.077547990387521
2051-04-17,1.9772493778874738
2051-04-18,2.3726504571853018
2051-04-19,2.704252209474626
2051-04-20,1.8589953565508428
2051-04-21,2.1568275440923825
2051-04-22,1.8326328025821093
2051-04-23,1.9298506124748298
2051-04-24,1.956419833233001
2051-04-25,1.7440056444835759
2051-04-26,1.5123022345115655
2051-04-27,1.5422038871670578
2051-04-28,1.4075320891213816
2051-04-29,1.3834722768926373
2051-04-30,1.2953834364008103
2051-05-01,1.2211075238912497
2051-05-02,1.1308188041097063
2051-05-03,1.043237212291702
2051-05-04,1.0177660199647354
2051-05-05,1.1391097758276902
2051-05-06,0.9079721201312352
2051-05-07,0.8608235331715577
2051-05-08,0.7774091130601609
2051-05-09,0.7458828988189427
2051-05-10,0.6947453414687961
2051-05-11,0.6505601952099819
2051-05-12,0.6288350651250092
2051-05-13,0.5937844463799424
2051-05-14,0.5902793071089478
2051-05-15,0.5532978120668682
2051-05-16,0.6044908662647206
2051-05-17,0.6293544460808487
2051-05-18,0.6021404185180885
2051-05-19,0.7815171965767213
2051-05-20,0.997846238301722
2051-05-21,1.1775008769881643
2051-05-22,1.058592861366198
2051-05-23,1.0953530604820945
2051-05-24,0.9907445203581052
2051-05-25,1.0592467209728642
2051-05-26,1.358817289447153
2051-05-27,2.0196152946445016
2051-05-28,1.8074845438181713
2051-05-29,1.7438235543363543
2051-05-30,1.5982404332130344
2051-05-31,1.2794728133226327
2051-06-01,0.72430899292205
2051-06-02,0.723242746570138
2051-06-03,0.6810016785304821
2051-06-04,0.6250871072237452
2051-06-05,0.5917995452887909
2051-06-06,0.5052525389297595
2051-06-07,0.4608585063920918
2051-06-08,0.4665775688995827
2051-06-09,0.584235876320147
2051-06-10,0.3552270762061504
2051-06-11,0.30281835628461345
2051-06-12,0.27444658271435657
2051-06-13,0.2587026191590284
2051-06-14,0.22985685305059536
2051-06-15,0.19424784585774216
2051-06-16,0.15533381995366896
2051-06-17,0.13274972276827135
2051-06-18,0.11509092713292367
2051-06-19,0.10025235517045333
2051-06-20,0.08583091937174397
2051-06-21,0.07352830668731483
2051-06-22,0.06323489610526653
2051-06-23,0.05484114252536204
2051-06-24,0.046456484329760295
2051-06-25,0.03971624705464591
2051-06-26,0.03558440190926466
2051-06-27,0.03217167095610934
2051-06-28,0.029792673440025376
2051-06-29,0.027067173675030778
2051-06-30,0.042196039328930984
2051-07-01,0.07636366137605648
2051-07-02,0.07100651981764794
2051-07-03,0.06650140446233126
2051-07-04,0.06290547229075857
2051-07-05,0.0598166902244545
2051-07-06,0.057162721866157874
2051-07-07,0.0551596247922721
2051-07-08,0.0534873964655948
2051-07-09,0.05197891434987145
2051-07-10,0.06629980336940153
2051-07-11,0.04939704701323791
2051-07-12,0.04816134954802048
2051-07-13,0.046894499902742574
2051-07-14,0.04564325918946351
2051-07-15,0.044485888082431736
2051-07-16,0.043414941361708106
2051-07-17,0.04240344150210474
2051-07-18,0.0414353212819721
2051-07-19,0.07047869432960512
2051-07-20,0.039823676177301794
2051-07-21,0.03911771685469354
2051-07-22,0.038374867079422524
2051-07-23,0.03766885711428667
2051-07-24,0.036974357108334174
2051-07-25,0.06672968244932923
2051-07-26,0.035767578930874795
2051-07-27,0.03521076705546993
2051-07-28,0.03471037089070706
2051-07-29,0.03421325150005651
2051-07-30,0.033712415262981826
2051-07-31,0.03322149880816904
2051-08-01,0.029949652434769405
2051-08-02,0.02957136896047919
2051-08-03,0.029381096565680286
2051-08-04,0.034844925881437026
2051-08-05,0.0353207992164743
2051-08-06,0.04636965346066354
2051-08-07,0.054010240204057744
2051-08-08,0.20466528499360284
2051-08-09,0.043113978235909844
2051-08-10,0.0316795118346275
2051-08-11,0.06256222169521868
2051-08-12,0.041959818565158326
2051-08-13,0.06383947052402518
2051-08-14,1.4772903421133206
2051-08-15,2.4429318482348727
2051-08-16,1.681429282900056
2051-08-17,0.03059929918697101
2051-08-18,0.07761813387251747
2051-08-19,1.3338896187096145
2051-08-20,0.03212377893132503
2051-08-21,0.061442982617377684
2051-08-22,0.03243998974841649
2051-08-23,0.03220099028817066
2051-08-24,0.05707939786292774
2051-08-25,0.03139704112705693
2051-08-26,0.0398288056506118
2051-08-27,0.030505699403098042
2051-08-28,0.030104016158059636
2051-08-29,0.02974562537592721
2051-08-30,0.13342469233777143
2051-08-31,0.029282661199007624
2051-09-01,0.012947495380107239
2051-09-02,0.012838019047478845
2051-09-03,0.012736053738559957
2051-09-04,0.012636277561146011
2051-09-05,0.012524508825825688
2051-09-06,0.01241431231303492
2051-09-07,0.012317027948239884
2051-09-08,0.01222775573680688
2051-09-09,0.012143515876477573
2051-09-10,0.012076810437755665
2051-09-11,0.012065737327908364
2051-09-12,0.011993098906830844
2051-09-13,0.01196112220427638
2051-09-14,0.011926746296022759
2051-09-15,0.011892419296064724
2051-09-16,0.01186303937789212
2051-09-17,0.011838853289818775
2051-09-18,0.011816623457826652
2051-09-19,0.011790346706916597
2051-09-20,0.011759185960929676
2051-09-21,0.011728571469835249
2051-09-22,0.011700400196162017
2051-09-23,0.011672337951899855
2051-09-24,0.01164638796223798
2051-09-25,0.011622376414268583
2051-09-26,0.011599532159777482
2051-09-27,0.011579515829798142
2051-09-28,0.011563799362728479
2051-09-29,0.01155175798553208
2051-09-30,0.011540976037193116
2051-10-01,0.018741780378692237
2051-10-02,0.06405809287656318
2051-10-03,0.018711660512390024
2051-10-04,0.10587030734071382
2051-10-05,0.02088190789797629
2051-10-06,0.018679871193332517
2051-10-07,0.01916308967100814
2051-10-08,0.01909477348687846
2051-10-09,0.01865415039313133
2051-10-10,0.018645698656900685
2051-10-11,0.01863595720367001
2051-10-12,0.01862493772847668
2051-10-13,0.018613786555340326
2051-10-14,0.019232409043719534
2051-10-15,0.0193553747099422
2051-10-16,0.0185818445707934
2051-10-17,0.018568622347902346
2051-10-18,0.018554548071036618
2051-10-19,0.018541031514483167
2051-10-20,0.018528983224847945
2051-10-21,0.01851759045140308
2051-10-22,0.018506105137562314
2051-10-23,0.018494620133591433
2051-10-24,0.018483792305977065
2051-10-25,0.018473788108409127
2051-10-26,0.018464095678296873
2051-10-27,0.01845474970777157
2051-10-28,0.01896119676268606
2051-10-29,0.12635784550020587
2051-10-30,1.3620001208624295
2051-10-31,0.23238607247380114
2051-11-01,0.045074089552599936
2051-11-02,0.028463256168586595
2051-11-03,0.02245003650646569
2051-11-04,0.028442327139846776
2051-11-05,0.019728371020978026
2051-11-06,0.024085124991951375
2051-11-07,0.05857907583981408
2051-11-08,0.18713607786003514
2051-11-09,0.019915282521403774
2051-11-10,0.01996656130918495
2051-11-11,0.02001305083602833
2051-11-12,0.11878802724321763
2051-11-13,0.02008637590359387
2051-11-14,0.36754708571219613
2051-11-15,3.5543554895275524
2051-11-16,0.3808018646212997
2051-11-17,0.04351404068236213
2051-11-18,0.259069540401909
2051-11-19,0.1524471541195346
2051-11-20,0.06966550015111304
2051-11-21,0.07447771382808287
2051-11-22,0.035302040122754445
2051-11-23,0.0334776916771702
2051-11-24,0.038140391423519826
2051-11-25,0.03280426128506841
2051-11-26,0.02868022460448775
2051-11-27,0.1153685855663934
2051-11-28,0.11865253920539329
2051-11-29,0.03091776963497917
2051-11-30,0.028250765298677868
2051-12-01,0.08875191624330414
2051-12-02,0.23079219639120258
2051-12-03,0.29184255339327997
2051-12-04,2.4444300984421568
2051-12-05,0.9097297700489135
2051-12-06,0.47377879626102914
2051-12-07,0.2824639050152805
2051-12-08,0.07825743341085621
2051-12-09,0.20119917474284144
2051-12-10,0.039756412275682496
2051-12-11,0.06466783515369075
2051-12-12,0.059994656179336116
2051-12-13,0.05617997822247811
2051-12-14,0.04973439385776182
2051-12-15,0.06774547936586757
2051-12-16,0.1594348992079157
2051-12-17,0.09231884255562106
2051-12-18,0.05976889789745238
2051-12-19,0.06276643595853745
2051-12-20,0.08635854781589616
2051-12-21,0.060447414452628155
2051-12-22,0.04946814960208122
2051-12-23,1.2469530109889753
2051-12-24,1.8517197621838408
2051-12-25,0.49071146134853755
2051-12-26,0.04352643482801827
2051-12-27,0.045992491653318944
2051-12-28,0.06607339866646864
2051-12-29,0.04667582614300474
2051-12-30,0.048201824110121
2051-12-31,0.04650457513288455
2052-01-01,0.019596880366929765
2052-01-02,0.031023388561000752
2052-01-03,0.01831027499276671
2052-01-04,0.018483886497856438
2052-01-05,0.02436847074179854
2052-01-06,0.017680504741567748
2052-01-07,0.019858210117475183
2052-01-08,0.04769728366334265
2052-01-09,0.06072783882829344
2052-01-10,0.05601169695560927
2052-01-11,0.036636137868047244
2052-01-12,0.04301747324240924
2052-01-13,0.05535574605027714
2052-01-14,0.047038392755700424
2052-01-15,0.04554601291706985
2052-01-16,0.05787095028769532
2052-01-17,0.04704997433214863
2052-01-18,0.04180208298775111
2052-01-19,0.040659849230125306
2052-01-20,0.19396485173923145
2052-01-21,0.09299656425658895
2052-01-22,0.06981324064815439
2052-01-23,0.07551969384831199
2052-01-24,0.08560599672524982
2052-01-25,0.08417398636990155
2052-01-26,0.09198759921480663
2052-01-27,0.11217512055767502
2052-01-28,0.10091349916097614
2052-01-29,0.10509058635889941
2052-01-30,0.1292669787656618
2052-01-31,0.2692049421454825
2052-02-01,0.15765785881697578
2052-02-02,0.16152391924824874
2052-02-03,0.8541141462540429
2052-02-04,0.935539501182054
2052-02-05,0.7770609999058132
2052-02-06,0.9806103109255478
2052-02-07,1.0404370411934198
2052-02-08,3.12220900411528
2052-02-09,1.7493827793832657
2052-02-10,0.7030695211832295
2052-02-11,0.649207193206805
2052-02-12,0.6341511913547051
2052-02-13,0.6030742884538012
2052-02-14,0.6033003830337065
2052-02-15,0.5986331447149029
2052-02-16,0.5860104001877302
2052-02-17,0.5459601038795951
2052-02-18,0.5332615801719233
2052-02-19,0.5597781713511163
2052-02-20,0.4892152458982009
2052-02-21,0.4697858852694605
2052-02-22,0.5313605204032151
2052-02-23,0.577491044545088
2052-02-24,0.48860249573776293
2052-02-25,0.4947479914861104
2052-02-26,0.5204508256302964
2052-02-27,0.5126383486917285
2052-02-28,0.6229417046116165
2052-02-29,0.6139899136121659
2052-03-01,0.7649812145048066
2052-03-02,0.8791369788673931
2052-03-03,0.852550008622121
2052-03-04,0.767152315254043
2052-03-05,0.6622442151306128
2052-03-06,0.7655564371709578
2052-03-07,0.7411957418133901
2052-03-08,0.7728727762993096
2052-03-09,0.6888362379368228
2052-03-10,0.9123402412064622
2052-03-11,1.393301237731874
2052-03-12,1.0734438802793589
2052-03-13,1.352390349930935
2052-03-14,1.1981618715595537
2052-03-15,1.1042353339201296
2052-03-16,1.1802708279450806
2052-03-17,0.9090508175052365
2052-03-18,0.877361606867543
2052-03-19,0.9731073566170022
2052-03-20,0.82760493766168
2052-03-21,1.5136402921525298
2052-03-22,1.7997778901638024
2052-03-23,1.175955825335881
2052-03-24,1.135764192357438
2052-03-25,1.1275481539281773
2052-03-26,1.0947833892290506
2052-03-27,1.2052342473337385
2052-03-28,1.238889952650007
2052-03-29,1.3546485180505903
2052-03-30,1.374755695111708
2052-03-31,1.4809655582577965
2052-04-01,1.970560029227607
2052-04-02,1.6181729819688242
2052-04-03,1.7060883109305323
2052-04-04,2.2540647388265915
2052-04-05,3.116814434004496
2052-04-06,4.685405243819302
2052-04-07,4.733938810053181
2052-04-08,4.210634366419859
2052-04-09,6.252717667051743
2052-04-10,7.527437496413634
2052-04-11,8.317240500400723
2052-04-12,6.0703916899240555
2052-04-13,5.366699757049678
2052-04-14,3.76262771449877
2052-04-15,3.962906533551251
2052-04-16,2.2996591500402523
2052-04-17,1.9982531078823114
2052-04-18,1.8776644726485978
2052-04-19,1.915958551269557
2052-04-20,1.828811318153141
2052-04-21,1.7990949651497226
2052-04-22,1.757032093831392
2052-04-23,1.921813843446216
2052-04-24,2.042705330377013
2052-04-25,2.277369179986294
2052-04-26,2.468302056818352
2052-04-27,2.150715493243083
2052-04-28,2.243757203929037
2052-04-29,2.328438360659616
2052-04-30,2.9139697761249748
2052-05-01,2.5288298803084786
2052-05-02,1.996986748678068
2052-05-03,2.0848556325296737
2052-05-04,2.1082538549333236
2052-05-05,1.8591174333273746
2052-05-06,1.8710395406516303
2052-05-07,2.2160510128901865
2052-05-08,2.8815864357744347
2052-05-09,3.0552632768040193
2052-05-10,2.104357875590388
2052-05-11,2.3167079358637164
2052-05-12,2.801663539235897
2052-05-13,3.0352150933241617
2052-05-14,3.286194352652074
2052-05-15,3.203300173886948
2052-05-16,1.8214562526061797
2052-05-17,2.0399039585274648
2052-05-18,2.1647434282783173
2052-05-19,2.0122640586583
2052-05-20,1.8820921160832103
2052-05-21,1.806590291088669
2052-05-22,1.6222190733039745
2052-05-23,1.5001834623173138
2052-05-24,1.6778008493127619
2052-05-25,2.062992404550934
2052-05-26,1.880030181816084
2052-05-27,2.7931228948824427
2052-05-28,4.164459884202753
2052-05-29,5.155329846618816
2052-05-30,6.443163996098702
2052-05-31,6.499828825242728
2052-06-01,5.026206571411752
2052-06-02,5.067285056443717
2052-06-03,4.485193724027938
2052-06-04,3.3900051408855094
2052-06-05,2.8150176398062237
2052-06-06,2.4633096383485205
2052-06-07,1.8976003128031853
2052-06-08,1.8650946301406697
2052-06-09,1.1394177746627492
2052-06-10,1.0357062855636587
2052-06-11,0.9505659535816089
2052-06-12,0.9100631071160697
2052-06-13,0.8766424482316705
2052-06-14,0.8027541792857492
2052-06-15,0.5112251073926523
2052-06-16,0.4278789378706784
2052-06-17,0.33101046478681634
2052-06-18,0.29096161365618867
2052-06-19,0.25287175035487064
2052-06-20,0.22169899609714455
2052-06-21,0.19205380657446827
2052-06-22,0.16316690023895503
2052-06-23,0.14304041631842632
2052-06-24,0.12174683832684893
2052-06-25,0.1042337561171236
2052-06-26,0.09068010473571754
2052-06-27,0.08595400618833574
2052-06-28,0.08303937723189224
2052-06-29,0.06386656144291636
2052-06-30,0.053041992260478246
2052-07-01,0.15272709279700492
2052-07-02,0.13631225304187067
2052-07-03,0.1216382682254976
2052-07-04,0.10692265086002074
2052-07-05,0.09617412623080607
2052-07-06,0.08842090110715843
2052-07-07,0.07358149378033906
2052-07-08,0.06724259376497282
2052-07-09,0.06409194430168311
2052-07-10,0.06139170520311622
2052-07-11,0.05861291378988164
2052-07-12,0.08290770104579538
2052-07-13,0.05334577933174644
2052-07-14,0.10724582004770708
2052-07-15,0.049357843408601804
2052-07-16,0.15317091644944175
2052-07-17,0.046697742082648944
2052-07-18,0.23709854289459142
2052-07-19,0.04479451650816288
2052-07-20,0.05551004052135723
2052-07-21,0.04292137702217022
2052-07-22,0.14160052140992296
2052-07-23,0.0412246937704606
2052-07-24,0.16027797683522824
2052-07-25,0.03980664375796861
2052-07-26,0.03913284532454032
2052-07-27,0.03840717120352283
2052-07-28,0.03772271579561637
2052-07-29,0.03708536071855461
2052-07-30,0.036485210948644604
2052-07-31,0.03589978374775302
2052-08-01,0.032284143470243144
2052-08-02,0.031773641500661996
2052-08-03,0.03126833854799173
2052-08-04,0.08938066708915027
2052-08-05,0.0308736474433681
2052-08-06,0.030023571008310795
2052-08-07,0.0304447758953375
2052-08-08,0.031179432958935403
2052-08-09,0.07468063044384878
2052-08-10,0.028771194606245856
2052-08-11,0.03922169600097668
2052-08-12,0.030492633998023027
2052-08-13,0.028122479906089022
2052-08-14,0.027926246597680053
2052-08-15,0.027747504948053576
2052-08-16,0.027585036346706955
2052-08-17,0.027436897763747855
2052-08-18,0.027298939234730608
2052-08-19,0.027160411290419753
2052-08-20,0.028493780981369527
2052-08-21,0.02688959111352514
2052-08-22,0.026764990136649305
2052-08-23,0.026646943941502563
2052-08-24,0.026535194002058574
2052-08-25,0.02643071151332819
2052-08-26,0.039959263247350635
2052-08-27,0.02626141579657284
2052-08-28,0.026187342254401513
2052-08-29,0.026107489823552526
2052-08-30,0.02603470229002878
2052-08-31,0.025967724455600236
2052-09-01,0.011528613759865941
2052-09-02,0.011508852171035493
2052-09-03,0.011491717571700049
2052-09-04,0.011475878934574715
2052-09-05,0.011460415741007387
2052-09-06,0.011444999185775752
2052-09-07,0.011430625295264573
2052-09-08,0.011418230399571589
2052-09-09,0.011407616809545832
2052-09-10,0.011397979657715272
2052-09-11,0.011388868616460471
2052-09-12,0.011380241238286293
2052-09-13,0.01137165505773984
2052-09-14,0.011363250157109138
2052-09-15,0.01135550880947117
2052-09-16,0.01134813873285631
2052-09-17,0.07795068346453862
2052-09-18,0.011334194336327473
2052-09-19,0.011327024968743427
2052-09-20,0.011320162681424745
2052-09-21,0.01990113043423942
2052-09-22,0.03381443870177733
2052-09-23,0.01130661637692336
2052-09-24,0.011301898405181128
2052-09-25,0.011297274931571098
2052-09-26,0.011292813217861606
2052-09-27,0.011288237751128536
2052-09-28,0.011283832389365452
2052-09-29,0.011279962497660395
2052-09-30,0.011276458288558533
2052-10-01,0.01832381445730176
2052-10-02,0.0183184849718566
2052-10-03,0.01831316404170367
2052-10-04,0.01830769439434226
2052-10-05,0.018302139448520455
2052-10-06,0.018296535924890066
2052-10-07,0.01829084583356168
2052-10-08,0.018285205959686215
2052-10-09,0.01827968190136321
2052-10-10,0.018454733084565533
2052-10-11,0.018268693508619992
2052-10-12,0.018263080620135333
2052-10-13,0.018257518234348877
2052-10-14,0.018252035764309383
2052-10-15,0.018284876396237205
2052-10-16,0.018241459717576007
2052-10-17,0.018701866038509225
2052-10-18,0.018508610878872022
2052-10-19,0.13799877064168062
2052-10-20,0.40921540773722087
2052-10-21,0.46297193746998533
2052-10-22,0.018214339698171936
2052-10-23,0.018211299019196516
2052-10-24,0.01820867112230633
2052-10-25,0.018206131486113594
2052-10-26,0.01820358158623822
2052-10-27,0.01820105145444413
2052-10-28,0.01819856665297656
2052-10-29,0.01819608774212249
2052-10-30,0.018193570869082062
2052-10-31,0.018190979563561114
2052-11-01,0.01912418928859418
2052-11-02,0.01912120420360294
2052-11-03,0.019118036990164844
2052-11-04,0.021942901180763308
2052-11-05,0.02009035540843946
2052-11-06,0.01910776026608689
2052-11-07,0.4071267579181602
2052-11-08,0.1477183642820211
2052-11-09,0.7113353886606023
2052-11-10,0.7459350496131296
2052-11-11,1.7516932507033347
2052-11-12,0.9848139592132483
2052-11-13,0.08773544788063892
2052-11-14,0.06340920310902885
2052-11-15,0.108359506281598
2052-11-16,0.16944978451483758
2052-11-17,0.23878040561671307
2052-11-18,0.11006850957173223
2052-11-19,0.0884236033009512
2052-11-20,0.5888424757069238
2052-11-21,0.30136916295230254
2052-11-22,0.9516003386115024
2052-11-23,0.35595886989598274
2052-11-24,0.03744614317681032
2052-11-25,0.041815284952624245
2052-11-26,0.0784446385174687
2052-11-27,0.1521296730483843
2052-11-28,0.10817938671925047
2052-11-29,0.09574948457744833
2052-11-30,0.4494219744405422
2052-12-01,0.07932095139709146
2052-12-02,0.10248616096067406
2052-12-03,1.4375832027638458
2052-12-04,2.904323925062264
2052-12-05,1.5509325934169944
2052-12-06,0.09174908769256197
2052-12-07,0.12323322659016549
2052-12-08,0.29101017530689893
2052-12-09,0.1864502549677486
2052-12-10,0.14363042730135034
2052-12-11,0.08960996360266445
2052-12-12,0.1103979843911929
2052-12-13,0.11801336061574948
2052-12-14,0.12751763839149113
2052-12-15,0.06655315439781123
2052-12-16,0.054114069559375935
2052-12-17,0.049760369714020036
2052-12-18,0.04954059943825018
2052-12-19,0.25572766792883644
2052-12-20,0.5081069735584199
2052-12-21,0.27541412883008987
2052-12-22,0.08718639128892029
2052-12-23,0.051001966871922925
2052-12-24,0.04939012173382359
2052-12-25,0.051147857395491235
2052-12-26,0.05191250302045826
2052-12-27,0.06729422655284911
2052-12-28,0.1392043601319696
2052-12-29,0.09698089332828787
2052-12-30,0.0789080447168327
2052-12-31,0.0803539502472111
2053-01-01,0.03884282511016162
2053-01-02,0.02615439598272409
2053-01-03,0.02175031432467035
2053-01-04,0.027670603436424343
2053-01-05,0.029110419791377833
2053-01-06,0.02241484064738902
2053-01-07,0.029904738415928323
2053-01-08,0.03982112727623487
2053-01-09,0.04625588582145493
2053-01-10,0.12883400465845482
2053-01-11,0.034034071719418135
2053-01-12,0.03489688985454173
2053-01-13,0.2233751585247124
2053-01-14,0.6449385953130385
2053-01-15,1.2091259373797523
2053-01-16,2.9083157824255146
2053-01-17,1.045131886322355
2053-01-18,0.5847424896492481
2053-01-19,0.550621382781623
2053-01-20,0.5508490285618087
2053-01-21,0.5521104310359793
2053-01-22,0.5334127462861449
2053-01-23,0.512394257866612
2053-01-24,0.5060780301871275
2053-01-25,0.4990623605675044
2053-01-26,1.0330726075316092
2053-01-27,1.4102498724441408
2053-01-28,0.671378864181965
2053-01-29,0.6244107248454006
2053-01-30,0.7011597326281767
2053-01-31,0.9257674056738739
2053-02-01,1.798839464343699
2053-02-02,0.741887451990945
2053-02-03,0.7533648499597104
2053-02-04,0.6682885401483122
2053-02-05,0.6632632584379768
2053-02-06,0.6268454404837928
2053-02-07,0.7536321874016949
2053-02-08,0.731386996335436
2053-02-09,0.6483865621714034
2053-02-10,0.601041101929049
2053-02-11,0.5593353839025238
2053-02-12,0.5437936240459643
2053-02-13,0.5335466403805477
2053-02-14,0.5656573094311086
2053-02-15,0.6155350094489852
2053-02-16,0.5450167597071185
2053-02-17,0.5751999749856165
2053-02-18,0.6118569455750926
2053-02-19,0.5959070943396175
2053-02-20,0.63158299230614
2053-02-21,0.5787956915037631
2053-02-22,0.5025216130957489
2053-02-23,0.5040024977150598
2053-02-24,0.5063383934746886
2053-02-25,0.5078404677058448
2053-02-26,0.4875112910086235
2053-02-27,0.47867271251118426
2053-02-28,0.42953930655704325
2053-03-01,0.5045711896795982
2053-03-02,0.47414098161022955
2053-03-03,0.44940775944846706
2053-03-04,0.4508164784410603
2053-03-05,0.531517591697624
2053-03-06,0.6442220107301545
2053-03-07,0.6932836369286836
2053-03-08,0.6866567749718652
2053-03-09,0.6479699678746961
2053-03-10,0.9072464393969454
2053-03-11,0.6863178526922111
2053-03-12,0.6879010171475411
2053-03-13,0.6947880850881709
2053-03-14,0.6996325177644613
2053-03-15,0.6896159404878307
2053-03-16,0.7414508856159648
2053-03-17,0.8240488145125034
2053-03-18,0.786236535573662
2053-03-19,0.7717625403310653
2053-03-20,0.867037472986487
2053-03-21,0.741101074162114
2053-03-22,0.7049503441894622
2053-03-23,0.6842469022645582
2053-03-24,0.6459224943882733
2053-03-25,0.6079587511269756
2053-03-26,0.7142023701011909
2053-03-27,0.5905554392873739
2053-03-28,0.5670827677386563
2053-03-29,0.5752402479884449
2053-03-30,0.5945834303552969
2053-03-31,0.5874138297849915
2053-04-01,0.7747596074938867
2053-04-02,0.9671372569954196
2053-04-03,1.2444731625107375
2053-04-04,1.4831259836214732
2053-04-05,0.9170600036633627
2053-04-06,0.9530140309366839
2053-04-07,0.8692416891531044
2053-04-08,1.010250255188203
2053-04-09,1.4579027281858838
2053-04-10,2.2175182940031215
2053-04-11,4.720777976380973
2053-04-12,4.3235021335761274
2053-04-13,4.27757264849662
2053-04-14,5.008840110719261
2053-04-15,5.175653749777654
2053-04-16,2.546977804780372
2053-04-17,2.427717069978532
2053-04-18,4.0099200704842906
2053-04-19,4.745936770285038
2053-04-20,4.837571469499718
2053-04-21,4.691426902420963
2053-04-22,3.3232834870366004
2053-04-23,4.2506824459456745
2053-04-24,3.6287107227608635
2053-04-25,3.0622591652028484
2053-04-26,2.415490940417328
2053-04-27,2.477479866287564
2053-04-28,2.8329246435886124
2053-04-29,2.5632915287165483
2053-04-30,3.2398026919613536
2053-05-01,3.9692558566562512
2053-05-02,4.161831667785861
2053-05-03,4.7694313249801406
2053-05-04,5.408196206433082
2053-05-05,6.435782013567963
2053-05-06,4.916196951518304
2053-05-07,4.930594516112319
2053-05-08,2.24266912169127
2053-05-09,2.3295894336079344
2053-05-10,2.420156730307887
2053-05-11,2.7167566160955228
2053-05-12,3.0833583184305104
2053-05-13,3.3401841876151344
2053-05-14,2.1365621467222207
2053-05-15,2.507656238662159
2053-05-16,4.494477842520414
2053-05-17,6.062630830014362
2053-05-18,6.021683684708751
2053-05-19,5.711711800070601
2053-05-20,6.2570796977080345
2053-05-21,6.119594747701197
2053-05-22,6.368171518883696
2053-05-23,6.272347851259215
2053-05-24,6.265507546953366
2053-05-25,6.4985725955217815
2053-05-26,6.451514500070713
2053-05-27,5.6364489512719524
2053-05-28,1.9602949678664632
2053-05-29,2.2932774837171075
2053-05-30,3.5677211683922674
2053-05-31,4.478617393918647
2053-06-01,3.9311773078632712
2053-06-02,4.067199456538593
2053-06-03,3.8401705238205603
2053-06-04,3.2892876431907787
2053-06-05,3.7286999047476383
2053-06-06,3.527801270919047
2053-06-07,2.932044957277169
2053-06-08,2.3825855073972386
2053-06-09,2.3331535213338808
2053-06-10,1.36274249714957
2053-06-11,1.354814378136409
2053-06-12,1.384846271452541
2053-06-13,1.481119653108502
2053-06-14,1.3958077280724692
2053-06-15,0.9395798588511782
2053-06-16,0.8498018499176587
2053-06-17,0.7606596258911991
2053-06-18,0.7131276627948827
2053-06-19,0.651151595396728
2053-06-20,0.6132339566612313
2053-06-21,0.537495828490817
2053-06-22,0.5547571023067116
2053-06-23,0.6219449073941464
2053-06-24,0.36173206233501126
2053-06-25,0.2829111032827276
2053-06-26,0.23404135783903776
2053-06-27,0.20270195153785442
2053-06-28,0.1702875346600686
2053-06-29,0.15413051239236375
2053-06-30,0.13820874998775753
2053-07-01,0.4291457288106182
2053-07-02,0.3818726638018088
2053-07-03,0.34237276172379444
2053-07-04,0.30825609667082093
2053-07-05,0.27660962513212445
2053-07-06,0.2502827080923744
2053-07-07,0.25037263942211435
2053-07-08,0.24447779501515318
2053-07-09,0.19481776744518087
2053-07-10,0.13408005260790837
2053-07-11,0.12283283759241573
2053-07-12,0.1105879409093592
2053-07-13,0.10529759855400422
2053-07-14,0.09756156743699214
2053-07-15,0.08865085897781455
2053-07-16,0.08087943512151252
2053-07-17,0.07682076568949214
2053-07-18,0.0733015176114986
2053-07-19,0.06904928710355421
2053-07-20,0.05491040601064315
2053-07-21,0.05237146366698755
2053-07-22,0.05015534940934005
2053-07-23,0.04808417969752068
2053-07-24,0.046048730919621465
2053-07-25,0.04426612183846803
2053-07-26,0.04269162476250407
2053-07-27,0.04121299035759776
2053-07-28,0.03977666597385746
2053-07-29,0.03971647829288664
2053-07-30,0.0374866978406318
2053-07-31,0.036593340306311346
2053-08-01,0.032720239676895926
2053-08-02,0.03206628705096369
2053-08-03,0.03146103720223215
2053-08-04,0.03546847444853711
2053-08-05,0.03054687953203748
2053-08-06,0.03020300956843356
2053-08-07,0.029816818643392185
2053-08-08,0.02946472684954992
2053-08-09,0.02912370913815388
2053-08-10,0.03359390502711609
2053-08-11,0.028588004061879863
2053-08-12,0.03238023629878624
2053-08-13,0.028172743820631098
2053-08-14,0.08160550371275274
2053-08-15,0.027803491826872466
2053-08-16,0.027630282998282057
2053-08-17,0.027446910704227872
2053-08-18,0.027283580344729788
2053-08-19,0.02713160322857022
2053-08-20,0.07215659307450775
2053-08-21,0.026904097036189498
2053-08-22,0.026814176147653083
2053-08-23,0.03515073111249463
2053-08-24,0.026602179368837305
2053-08-25,0.026513344697940814
2053-08-26,0.06443691353541625
2053-08-27,0.02634556166405001
2053-08-28,0.026261622409116326
2053-08-29,0.12025309190542446
2053-08-30,0.026139903212281504
2053-08-31,0.026081324724113394
2053-09-01,0.011578353200595071
2053-09-02,0.01155469970725471
2053-09-03,0.011532676211849495
2053-09-04,0.011512908162849575
2053-09-05,0.01149499486623145
2053-09-06,0.011479466566600503
2053-09-07,0.011467173868976102
2053-09-08,0.011457653195889015
2053-09-09,0.011448689744328049
2053-09-10,0.053483987404326624
2053-09-11,0.01368734102438147
2053-09-12,0.011672829711339493
2053-09-13,0.011417969568793969
2053-09-14,0.011408157218470723
2053-09-15,0.011397221292229804
2053-09-16,0.011387166460814075
2053-09-17,0.011379253102474321
2053-09-18,0.01137329050395825
2053-09-19,0.011368247789691994
2053-09-20,0.011490082765565242
2053-09-21,0.012098653604532982
2053-09-22,0.044454926498712154
2053-09-23,0.011345371719148598
2053-09-24,0.011337834770804507
2053-09-25,0.011330424537486136
2053-09-26,0.011323440150180279
2053-09-27,0.011317018704750492
2053-09-28,0.0486317508972514
2053-09-29,0.01130728995978097
2053-09-30,0.011302508721425675
2053-10-01,0.018363770248276425
2053-10-02,0.018355135372560893
2053-10-03,0.018346724770069846
2053-10-04,0.018338863755335996
2053-10-05,0.018331229925786816
2053-10-06,0.018323723424188594
2053-10-07,0.018316358711838347
2053-10-08,0.018309451150481094
2053-10-09,0.01830331187757156
2053-10-10,0.018297610218437215
2053-10-11,0.018291798250617372
2053-10-12,0.01828572104821156
2053-10-13,0.018279528716687476
2053-10-14,0.018273572932124157
2053-10-15,0.01847576440763372
2053-10-16,0.018263007263992662
2053-10-17,0.018257864689831562
2053-10-18,0.01825267198235429
2053-10-19,0.01824728380932698
2053-10-20,0.01824187047832201
2053-10-21,0.018236579709217625
2053-10-22,0.018231374102108025
2053-10-23,0.018226225984141902
2053-10-24,0.018221147933795166
2053-10-25,0.018216166523981645
2053-10-26,0.01821122916602409
2053-10-27,0.018348081029145303
2053-10-28,0.0184219746523958
2053-10-29,0.6991357920803404
2053-10-30,1.276809783540143
2053-10-31,0.12135378322641714
2053-11-01,0.03536881292804184
2053-11-02,0.027693980588345993
2053-11-03,0.07050669587909147
2053-11-04,0.04833228477920296
2053-11-05,0.021056245621208152
2053-11-06,0.020059537694856223
2053-11-07,0.020151408151016927
2053-11-08,0.40117256198656015
2053-11-09,1.3093178949353868
2053-11-10,0.5956237254199
2053-11-11,0.022225895884764812
2053-11-12,0.023578052271284393
2053-11-13,0.023285186679277353
2053-11-14,0.023547382082865508
2053-11-15,0.023699171392414793
2053-11-16,0.024361129049543136
2053-11-17,0.023929256121052924
2053-11-18,0.025116952468135938
2053-11-19,0.027706360453872682
2053-11-20,0.024118828174196843
2053-11-21,0.02607708360130463
2053-11-22,0.02426038917880369
2053-11-23,0.026218914140176075
2053-11-24,0.024351778565827348
2053-11-25,0.024399079572777038
2053-11-26,0.02878288754345378
2053-11-27,0.0244695630768743
2053-11-28,0.024500500669891873
2053-11-29,0.024527065529524123
2053-11-30,0.024911423343116124
2053-12-01,0.03613471567143414
2053-12-02,0.02742018299956431
2053-12-03,0.02594779964177357
2053-12-04,0.12810471081700983
2053-12-05,0.17168328783341455
2053-12-06,0.24397616123772506
2053-12-07,0.03423459518054534
2053-12-08,0.2010675620420957
2053-12-09,0.6615627351777639
2053-12-10,0.11913813360758563
2053-12-11,0.04823861438629564
2053-12-12,0.06548720277697666
2053-12-13,0.030164729228123445
2053-12-14,0.0600555346417874
2053-12-15,2.750220939465933
2053-12-16,4.937094727931857
2053-12-17,4.244032550794942
2053-12-18,1.086812150216881
2053-12-19,0.03825314205238959
2053-12-20,0.0389634781781304
2053-12-21,0.04013326774120983
2053-12-22,0.04056745755547435
2053-12-23,0.06827090757849627
2053-12-24,0.04939873861515679
2053-12-25,0.042559278385812714
2053-12-26,0.04513771049509144
2053-12-27,0.04614657141557851
2053-12-28,0.04171635084485498
2053-12-29,0.050339348118236545
2053-12-30,0.051809160934184834
2053-12-31,0.10438482371870275
2054-01-01,0.034886536980296055
2054-01-02,0.11420339219436212
2054-01-03,0.05701621956492557
2054-01-04,0.025524195531264778
2054-01-05,0.03077303865648239
2054-01-06,0.039820477990132254
2054-01-07,0.03807998903025021
2054-01-08,0.03579782416850595
2054-01-09,0.037088976326712826
2054-01-10,0.03781472226390219
2054-01-11,0.03813991285380985
2054-01-12,0.04013565973693794
2054-01-13,0.04168983370102076
2054-01-14,0.0449180285330077
2054-01-15,0.044241742390518236
2054-01-16,0.041717927135955
2054-01-17,0.0431049093326284
2054-01-18,0.04684307194064189
2054-01-19,0.04522271083661428
2054-01-20,0.05658687534088373
2054-01-21,0.05664685268432142
2054-01-22,0.06861224231130236
2054-01-23,0.08819022002956878
2054-01-24,0.12561632355993377
2054-01-25,0.08810259604772891
2054-01-26,0.10382578491134592
2054-01-27,0.14655936369905023
2054-01-28,0.144632781236429
2054-01-29,0.18085939726552014
2054-01-30,0.13767806305781483
2054-01-31,0.16678939813878155
2054-02-01,0.1561413940635433
2054-02-02,0.1465884850430906
2054-02-03,0.1437766921329097
2054-02-04,0.1327134460767025
2054-02-05,0.12913854381813888
2054-02-06,0.12590479879192915
2054-02-07,0.12152934755309461
2054-02-08,0.12130243889624899
2054-02-09,0.1105359719354473
2054-02-10,0.1456940154558292
2054-02-11,0.4316455874127782
2054-02-12,0.27145495580210266
2054-02-13,0.22839250549307677
2054-02-14,0.22703038213825183
2054-02-15,0.21754908621688726
2054-02-16,0.20626519913410576
2054-02-17,0.19693413876993066
2054-02-18,0.1827258239422388
2054-02-19,0.16706302218245375
2054-02-20,0.19065488111034162
2054-02-21,0.24950656247818895
2054-02-22,0.20589623449669905
2054-02-23,0.18619235604604426
2054-02-24,0.18330972806664808
2054-02-25,0.21725365860243043
2054-02-26,0.21728089123617916
2054-02-27,0.20232298483018443
2054-02-28,0.1933825806677013
2054-03-01,0.24278163082454593
2054-03-02,0.2933294354824631
2054-03-03,0.22560736773719547
2054-03-04,0.2187049680408084
2054-03-05,0.21583144423739264
2054-03-06,0.2134942041275323
2054-03-07,0.2149175158995376
2054-03-08,0.26153085490440736
2054-03-09,0.26634118760547437
2054-03-10,0.4172496485751766
2054-03-11,0.642460494423397
2054-03-12,0.9208690451480247
2054-03-13,1.836058124632277
2054-03-14,2.654685498553943
2054-03-15,1.8855767790623899
2054-03-16,2.4821727574626666
2054-03-17,4.44370920951229
2054-03-18,2.5732896027664984
2054-03-19,2.628656854134359
2054-03-20,2.4651499197654347
2054-03-21,2.505858601727261
2054-03-22,2.2233104928380305
2054-03-23,1.990125712228752
2054-03-24,2.224135099394721
2054-03-25,2.616450234896638
2054-03-26,3.697218784554474
2054-03-27,5.016782692059111
2054-03-28,5.116805912872852
2054-03-29,4.488917241482802
2054-03-30,4.985724432297149
2054-03-31,4.446944299500299
2054-04-01,2.948034413990932
2054-04-02,2.578378515402675
2054-04-03,2.6920849858269866
2054-04-04,2.944749428511777
2054-04-05,2.793941164483414
2054-04-06,2.51380374660468
2054-04-07,2.108427435755585
2054-04-08,2.1782021187158813
2054-04-09,2.1807288167413335
2054-04-10,2.0624359591106445
2054-04-11,2.2103351052101856
2054-04-12,2.5063439611237226
2054-04-13,2.125819623646106
2054-04-14,2.025176451519278
2054-04-15,2.4073486946008105
2054-04-16,1.8900321964389912
2054-04-17,1.712127515060785
2054-04-18,1.7042001629520818
2054-04-19,1.4449875854904317
2054-04-20,1.4468615574426749
2054-04-21,1.2842793804305983
2054-04-22,1.2394764431849692
2054-04-23,1.1970729836473852
2054-04-24,1.1930061046982918
2054-04-25,1.128506087141663
2054-04-26,1.0915251798271537
2054-04-27,1.0364833838058625
2054-04-28,0.9323041126759029
2054-04-29,0.892643785403665
2054-04-30,0.8441367769343604
2054-05-01,0.837459560522059
2054-05-02,0.83007508129779
2054-05-03,0.8245677719605523
2054-05-04,0.9102156883558041
2054-05-05,0.9516713002409809
2054-05-06,0.9077537809721002
2054-05-07,0.9733432851624672
2054-05-08,1.0129689933719848
2054-05-09,0.9277475519673591
2054-05-10,0.792763313099678
2054-05-11,0.7191236016106313
2054-05-12,0.7121795447547216
2054-05-13,0.843343125203389
2054-05-14,0.7307170925367557
2054-05-15,0.6378918048366128
2054-05-16,0.561582797183591
2054-05-17,0.638549982272734
2054-05-18,0.45768197493569096
2054-05-19,0.4128329830981139
2054-05-20,0.382273125454078
2054-05-21,0.3387299194621216
2054-05-22,0.3066535155594327
2054-05-23,0.2808970601885741
2054-05-24,0.262490350893834
2054-05-25,0.2453652917841845
2054-05-26,0.2271639109481401
2054-05-27,0.20505880020790254
2054-05-28,0.182151334370842
2054-05-29,0.15915850794291025
2054-05-30,0.1353172606165011
2054-05-31,0.12387001818312489
2054-06-01,0.09135235801931356
2054-06-02,0.08115646481701362
2054-06-03,0.07194270837231742
2054-06-04,0.06311655351171659
2054-06-05,0.05510071337468956
2054-06-06,0.0474918567860226
2054-06-07,0.04160559318634909
2054-06-08,0.03690187613377059
2054-06-09,0.03084144523329525
2054-06-10,0.027536578098299052
2054-06-11,0.025233315101888112
2054-06-12,0.023505159148597726
2054-06-13,0.022326710309962822
2054-06-14,0.021566546383234464
2054-06-15,0.02084957319285311
2054-06-16,0.020142524226264943
2054-06-17,0.019526549038349068
2054-06-18,0.018831664863290132
2054-06-19,0.018103231976690306
2054-06-20,0.02714862680982501
2054-06-21,0.01705854245315092
2054-06-22,0.016520861323948206
2054-06-23,0.016012483385191865
2054-06-24,0.015545890490467366
2054-06-25,0.015112988932330084
2054-06-26,0.014720786441884109
2054-06-27,0.014363600214836505
2054-06-28,0.01402370883522049
2054-06-29,0.02291308191780221
2054-06-30,0.01340433309749622
2054-07-01,0.04298408725207446
2054-07-02,0.041950105875965864
2054-07-03,0.040964438470922876
2054-07-04,0.04007956196038565
2054-07-05,0.03928571244638675
2054-07-06,0.038550552187504465
2054-07-07,0.03785534748127022
2054-07-08,0.03716611937098728
2054-07-09,0.03896005221601843
2054-07-10,0.03591034315328886
2054-07-11,0.03534604775744732
2054-07-12,0.04094591322474251
2054-07-13,0.034434573660979864
2054-07-14,0.03402085113689708
2054-07-15,0.03361658850659572
2054-07-16,0.03323115833673491
2054-07-17,0.03284425370948617
2054-07-18,0.032460012488023895
2054-07-19,0.03208998407449358
2054-07-20,0.03173583908865652
2054-07-21,0.03140435229150597
2054-07-22,0.031092108236107783
2054-07-23,0.030797337210988956
2054-07-24,0.03052349465243996
2054-07-25,0.03027122986053404
2054-07-26,0.030031121785278586
2054-07-27,0.02980424908224406
2054-07-28,0.044236110253865236
2054-07-29,0.029447420678866975
2054-07-30,0.02928571341446356
2054-07-31,0.02913278258315327
2054-08-01,0.026503126698491166
2054-08-02,0.02639328241946259
2054-08-03,0.04860728694608685
2054-08-04,0.026223275279420557
2054-08-05,0.030398007540239226
2054-08-06,0.026084226557316296
2054-08-07,0.028595969288549742
2054-08-08,0.02596150626875355
2054-08-09,0.06861061788230438
2054-08-10,0.03076672849977969
2054-08-11,0.0803873972016361
2054-08-12,0.025801500984194394
2054-08-13,0.025802126418946032
2054-08-14,0.025723744209449024
2054-08-15,0.02568653683964666
2054-08-16,0.12205379267764734
2054-08-17,0.025626946230084994
2054-08-18,0.10962043915679368
2054-08-19,0.025663236472082136
2054-08-20,0.03205151103346877
2054-08-21,0.02556914729828158
2054-08-22,0.15912731435535246
2054-08-23,0.025547571028724923
2054-08-24,0.027213151814380825
2054-08-25,0.02549440666146168
2054-08-26,0.025476672328780092
2054-08-27,0.02546393205335484
2054-08-28,0.02545237187682696
2054-08-29,0.02544120533049342
2054-08-30,0.025429926051455328
2054-08-31,0.025418850852421467
2054-09-01,0.01130469713962318
2054-09-02,0.014188814303624005
2054-09-03,0.011296440297701974
2054-09-04,0.011292341333196874
2054-09-05,0.011474701436376
2054-09-06,0.01128457616549743
2054-09-07,0.01128066569604749
2054-09-08,0.01127682799661687
2054-09-09,0.011273096929757127
2054-09-10,0.0116113959100783
2054-09-11,0.041643820146641336
2054-09-12,0.0769597530340483
2054-09-13,0.011260201002885332
2054-09-14,0.012002526507139141
2054-09-15,0.011462911247676873
2054-09-16,0.013176154230238083
2054-09-17,0.016793482232624345
2054-09-18,0.011560577787635357
2054-09-19,0.039221178480149735
2054-09-20,0.011239022965321872
2054-09-21,0.011235906536215565
2054-09-22,0.011232809243957836
2054-09-23,0.04082595742177924
2054-09-24,0.6531102043188532
2054-09-25,2.5614753622977604
2054-09-26,0.09286599553879968
2054-09-27,0.014006459321742413
2054-09-28,0.22223189266767854
2054-09-29,0.014552791681350355
2054-09-30,0.014638043431903622
2054-10-01,0.023770324789375564
2054-10-02,0.0236823247499665
2054-10-03,0.023563496554695074
2054-10-04,0.02345962547105211
2054-10-05,0.023375072391584515
2054-10-06,0.023308209399491308
2054-10-07,0.02323347195127196
2054-10-08,0.023114528110773764
2054-10-09,0.02297907772726631
2054-10-10,0.02334435868866652
2054-10-11,0.022766627767668253
2054-10-12,0.022667317344393815
2054-10-13,0.022561391921417626
2054-10-14,0.022421052497140444
2054-10-15,0.022250006069094552
2054-10-16,0.02289818827477826
2054-10-17,0.021962003941540027
2054-10-18,0.021810912398548935
2054-10-19,0.02164557968790002
2054-10-20,0.021500333971699048
2054-10-21,0.06714571019299105
2054-10-22,0.3336426739574759
2054-10-23,0.021334091788730997
2054-10-24,0.021274848731275463
2054-10-25,0.021200177350065196
2054-10-26,0.021130516580349545
2054-10-27,0.02105711821392662
2054-10-28,0.02099198496179929
2054-10-29,0.02095177135055193
2054-10-30,0.7368043569483045
2054-10-31,0.04328868713946901
2054-11-01,0.027711383654321027
2054-11-02,0.022081654008233913
2054-11-03,0.02211293411592676
2054-11-04,0.022141668507755213
2054-11-05,0.314042411427912
2054-11-06,0.5069592640086716
2054-11-07,0.024818816211608048
2054-11-08,0.32860535815506386
2054-11-09,0.0807218662646747
2054-11-10,0.04118790575933643
2054-11-11,0.030521513423095028
2054-11-12,0.032588096158005724
2054-11-13,0.042477020876438246
2054-11-14,0.025926400635548113
2054-11-15,0.0884160706310208
2054-11-16,0.05851719219661203
2054-11-17,0.12129305311353715
2054-11-18,0.4157399062975053
2054-11-19,0.05060333828940602
2054-11-20,0.0945994084472785
2054-11-21,1.1321822592634234
2054-11-22,3.6529329463476197
2054-11-23,1.1522989631342015
2054-11-24,0.11614672534385807
2054-11-25,0.15582841247936075
2054-11-26,0.1384040020153199
2054-11-27,0.18898010016969516
2054-11-28,0.13388171201909427
2054-11-29,0.09365244710632416
2054-11-30,0.07923608245995589
2054-12-01,0.06560741056891108
2054-12-02,0.05290061444987159
2054-12-03,0.049353580028316926
2054-12-04,0.03830860506188759
2054-12-05,0.05048465086975332
2054-12-06,0.053730703750525174
2054-12-07,0.07483029373689318
2054-12-08,0.24184100307324644
2054-12-09,0.2736392980401328
2054-12-10,0.29801937827336084
2054-12-11,0.1466217439292016
2054-12-12,0.2854912283723978
2054-12-13,0.17171051707249688
2054-12-14,0.0803958913466126
2054-12-15,0.09701179865805429
2054-12-16,0.07934980506452748
2054-12-17,0.08538449754671194
2054-12-18,0.08443709945668311
2054-12-19,0.09059366846654497
2054-12-20,0.06533317578084843
2054-12-21,0.04829676985200998
2054-12-22,0.20608132675994092
2054-12-23,0.18160736025348836
2054-12-24,0.5364758980325661
2054-12-25,1.6088631123451305
2054-12-26,0.9938151144036634
2054-12-27,0.23125165371203332
2054-12-28,0.3236034313765996
2054-12-29,0.12202862958576748
2054-12-30,0.05047798278053839
2054-12-31,0.05213939590429209
2055-01-01,0.02686542261338753
2055-01-02,0.03695650423837373
2055-01-03,0.03825901702894173
2055-01-04,0.03288207497297406
2055-01-05,0.03127786951608222
2055-01-06,0.024837199533161478
2055-01-07,0.02232596490248782
2055-01-08,0.01952708093034506
2055-01-09,0.024751632398316254
2055-01-10,0.026217226471115806
2055-01-11,0.07003554144031603
2055-01-12,0.24483750525009854
2055-01-13,0.09787924668756008
2055-01-14,0.050791978847030635
2055-01-15,0.18736329127582457
2055-01-16,5.976321470311796
2055-01-17,0.6580166396215315
2055-01-18,0.41359666689545443
2055-01-19,0.43499785109537376
2055-01-20,0.45505541072116634
2055-01-21,0.4929054253678884
2055-01-22,0.531964523655375
2055-01-23,0.5053128758622675
2055-01-24,0.5010646230049179
2055-01-25,0.4662366995888699
2055-01-26,0.5803125235169861
2055-01-27,0.6460550885241936
2055-01-28,0.6002869013764051
2055-01-29,0.7005808760599449
2055-01-30,1.1215264102954474
2055-01-31,5.782953837423232
2055-02-01,5.909457993123517
2055-02-02,1.4752419918706254
2055-02-03,0.8964693588502426
2055-02-04,0.8243428214176384
2055-02-05,0.8592246438869297
2055-02-06,0.8658050943204001
2055-02-07,0.9638339145789542
2055-02-08,1.2690848912819128
2055-02-09,0.9782031324616043
2055-02-10,0.9720282882475009
2055-02-11,0.8312719194218046
2055-02-12,0.7875285794633479
2055-02-13,0.7403018660305226
2055-02-14,0.7341713637785525
2055-02-15,1.0635818100835595
2055-02-16,0.735218446803361
2055-02-17,0.6805232573083376
2055-02-18,0.7430652197700449
2055-02-19,0.6937941013677306
2055-02-20,1.2286650226878695
2055-02-21,0.7098314592556426
2055-02-22,0.757532708147226
2055-02-23,0.7660997054811474
2055-02-24,1.1551089717942769
2055-02-25,0.9590646439177574
2055-02-26,1.6503361814930315
2055-02-27,1.1967569467466803
2055-02-28,1.4163911147426171
2055-03-01,1.4361550121832856
2055-03-02,3.030932876339088
2055-03-03,4.45403099825159
2055-03-04,1.9264722011609097
2055-03-05,1.4378543497762992
2055-03-06,2.0134001275301205
2055-03-07,4.329289546421691
2055-03-08,5.1208515324062445
2055-03-09,1.4520314336937985
2055-03-10,1.4201079811906177
2055-03-11,1.4718354299986378
2055-03-12,1.4128208894218581
2055-03-13,1.5036862357548546
2055-03-14,1.4027129543414478
2055-03-15,1.3832815645045036
2055-03-16,1.3777419479047948
2055-03-17,1.5408417109147894
2055-03-18,1.2797082550625731
2055-03-19,1.406126864177165
2055-03-20,1.145608704992978
2055-03-21,1.274852688980446
2055-03-22,1.147522913536323
2055-03-23,1.0413809857609144
2055-03-24,1.0905669534995597
2055-03-25,1.1145408480371923
2055-03-26,1.006660590240675
2055-03-27,1.1077872089556875
2055-03-28,1.2485211440448587
2055-03-29,0.9691955995970332
2055-03-30,0.909934485534
2055-03-31,0.9077905837802794
2055-04-01,1.0352043395473451
2055-04-02,0.9730635204055997
2055-04-03,0.9476156754995213
2055-04-04,1.058163033658464
2055-04-05,1.1912554133619897
2055-04-06,1.6035570509536745
2055-04-07,1.9956001002067962
2055-04-08,2.050835358313786
2055-04-09,2.5341507054237717
2055-04-10,3.7323966768695
2055-04-11,4.628659179686466
2055-04-12,4.101066174877119
2055-04-13,5.306720220889406
2055-04-14,6.330070163510309
2055-04-15,6.321804408726909
2055-04-16,2.5480329017678667
2055-04-17,2.0161324795340563
2055-04-18,2.0251567708786715
2055-04-19,1.9858553544285016
2055-04-20,1.959314620556511
2055-04-21,1.9193881104500374
2055-04-22,1.8715496681624282
2055-04-23,1.756657257335044
2055-04-24,1.6268886978257375
2055-04-25,1.5131956223648246
2055-04-26,1.5484104724679684
2055-04-27,2.0004292823314636
2055-04-28,1.8776253676108554
2055-04-29,2.151375937505102
2055-04-30,2.043344320631496
2055-05-01,2.1653715185950437
2055-05-02,2.6912980529510433
2055-05-03,4.1295034368424695
2055-05-04,5.088852356002025
2055-05-05,5.398919413152979
2055-05-06,5.716946972592006
2055-05-07,7.880572948802691
2055-05-08,7.146948542840759
2055-05-09,3.301477048335326
2055-05-10,3.24441993840461
2055-05-11,5.933684746701351
2055-05-12,4.094654243077742
2055-05-13,3.1140887332182827
2055-05-14,4.718569159170701
2055-05-15,4.058009733709936
2055-05-16,6.053915100296857
2055-05-17,6.099037854425392
2055-05-18,8.719973542492216
2055-05-19,7.50258934839998
2055-05-20,8.173070847306432
2055-05-21,8.071295442591248
2055-05-22,9.860382009228845
2055-05-23,11.298849217251956
2055-05-24,9.983881192608866
2055-05-25,8.068165693648934
2055-05-26,8.586495124562711
2055-05-27,6.908411151860758
2055-05-28,4.804030655030949
2055-05-29,3.7441186555371835
2055-05-30,2.4647629679804246
2055-05-31,2.94726539852183
2055-06-01,3.800359419484185
2055-06-02,6.505581083450443
2055-06-03,7.92338444032907
2055-06-04,7.360001549981952
2055-06-05,8.653326503214672
2055-06-06,7.9417600583950545
2055-06-07,5.316634081003297
2055-06-08,2.9301965889373616
2055-06-09,2.24014778334318
2055-06-10,3.433123449086135
2055-06-11,3.7617083274510548
2055-06-12,3.3553676145887574
2055-06-13,4.438490723714425
2055-06-14,2.3238548358491404
2055-06-15,3.5026868621630656
2055-06-16,3.934077931946739
2055-06-17,3.90195098571382
2055-06-18,3.888173971065652
2055-06-19,4.116604854531457
2055-06-20,4.101245674528885
2055-06-21,5.01354062095964
2055-06-22,5.0165333672691945
2055-06-23,3.9304708345730917
2055-06-24,2.902746826047692
2055-06-25,2.365318889498875
2055-06-26,2.3661375732772707
2055-06-27,2.590226484440628
2055-06-28,2.3693028391066697
2055-06-29,1.8568023816104235
2055-06-30,1.6985723534667765
2055-07-01,5.791089452723676
2055-07-02,3.1311964899948816
2055-07-03,2.685587077609217
2055-07-04,2.5331039730224787
2055-07-05,2.3498781491839305
2055-07-06,2.081055998517428
2055-07-07,1.9594774439821034
2055-07-08,1.5379431327453832
2055-07-09,1.1760049438765403
2055-07-10,1.1387357748022005
2055-07-11,0.8201302518177964
2055-07-12,0.736317236742596
2055-07-13,0.6640377572202517
2055-07-14,0.6436621529477168
2055-07-15,0.5723735007180448
2055-07-16,0.4869006597728462
2055-07-17,0.4390123305629417
2055-07-18,0.4308999708303242
2055-07-19,0.33201062621272
2055-07-20,0.38926338832924395
2055-07-21,0.2941202675706043
2055-07-22,0.8683819173335174
2055-07-23,0.18589367571121268
2055-07-24,0.171265100712137
2055-07-25,0.15436559767541932
2055-07-26,0.14064844040709581
2055-07-27,0.129050903611586
2055-07-28,0.1174728009702842
2055-07-29,0.10872581288156669
2055-07-30,0.10030408963430401
2055-07-31,0.09294642700461563
2055-08-01,0.0806819330270061
2055-08-02,0.07462378782537833
2055-08-03,0.06675654658712547
2055-08-04,0.05552724335687347
2055-08-05,0.05903512328986889
2055-08-06,0.051993935246195805
2055-08-07,0.08642723221682468
2055-08-08,0.059344910001359316
2055-08-09,0.08704046477312641
2055-08-10,0.04632452775090565
2055-08-11,0.07178540648413657
2055-08-12,0.12514517711508386
2055-08-13,0.04269082761052076
2055-08-14,0.044558896794131005
2055-08-15,0.042443167386497505
2055-08-16,0.08563146390849029
2055-08-17,0.03923844689875695
2055-08-18,0.038398145041980206
2055-08-19,0.03763640380597785
2055-08-20,0.037016224585703396
2055-08-21,0.03646754856731494
2055-08-22,0.03868945686834802
2055-08-23,0.03929363100273298
2055-08-24,0.10299474808921728
2055-08-25,0.09335001855943154
2055-08-26,0.11413280973857415
2055-08-27,0.035119227242606604
2055-08-28,0.034793502404966176
2055-08-29,0.03439153540357975
2055-08-30,0.0339650085502387
2055-08-31,0.03355136216994163
2055-09-01,0.014760657747667326
2055-09-02,0.014622076122890458
2055-09-03,0.014494089559180608
2055-09-04,0.014363267220154225
2055-09-05,0.01423407197722611
2055-09-06,0.014110429807662797
2055-09-07,0.01602332072892677
2055-09-08,0.013887591778865895
2055-09-09,0.01378070227271644
2055-09-10,0.013678316531348805
2055-09-11,0.01358453387970953
2055-09-12,0.013495133591022527
2055-09-13,0.01340462569820011
2055-09-14,0.013312832985288264
2055-09-15,0.01322024081215533
2055-09-16,0.013129362607172342
2055-09-17,0.018125127352426204
2055-09-18,0.012987248730828885
2055-09-19,0.11645837892600767
2055-09-20,0.05756529119889111
2055-09-21,0.013513952617465162
2055-09-22,0.012888463982436432
2055-09-23,0.012843540401371777
2055-09-24,0.012792996258556724
2055-09-25,0.01273837197056887
2055-09-26,0.01267637650065432
2055-09-27,0.012610957393856044
2055-09-28,0.012549173899447989
2055-09-29,0.012494229857671683
2055-09-30,0.012446849965253559
2055-10-01,0.020159684012616825
2055-10-02,0.038621609486776405
2055-10-03,0.020037840329180854
2055-10-04,0.026868913431056442
2055-10-05,0.020727228458451864
2055-10-06,0.02850107749498406
2055-10-07,0.021129123086564484
2055-10-08,0.040609686296587455
2055-10-09,0.03625288792691155
2055-10-10,0.021350958960196856
2055-10-11,0.019863124572336795
2055-10-12,0.019797499110781182
2055-10-13,0.019770995792725257
2055-10-14,0.019741083343526273
2055-10-15,0.01970742523278456
2055-10-16,0.019668717192936128
2055-10-17,0.019624809500206966
2055-10-18,0.019582274068992836
2055-10-19,0.019823631648538523
2055-10-20,0.019612346212195344
2055-10-21,0.0195195659221334
2055-10-22,0.019658869464463286
2055-10-23,0.019496867943350593
2055-10-24,0.01947927577703311
2055-10-25,0.01945767131504136
2055-10-26,0.01943358810533853
2055-10-27,0.01941010023132631
2055-10-28,0.01938774112646498
2055-10-29,0.019363578579712538
2055-10-30,0.01934070168265672
2055-10-31,0.024410159113594235
2055-11-01,0.020465001341473017
2055-11-02,0.0202837448054808
2055-11-03,0.02026862570398421
2055-11-04,0.021503192267965536
2055-11-05,0.0202501989239294
2055-11-06,0.020235235784264526
2055-11-07,0.020225280510164357
2055-11-08,0.02078924643957217
2055-11-09,0.02059146549170856
2055-11-10,0.02019899004073531
2055-11-11,0.020192112443512714
2055-11-12,0.020184546556632904
2055-11-13,0.020176759509311692
2055-11-14,0.020169198185999618
2055-11-15,0.020161588324879208
2055-11-16,0.02015493179423676
2055-11-17,0.02014886825990617
2055-11-18,0.02014258740478854
2055-11-19,0.020135934158189272
2055-11-20,0.02021628442258279
2055-11-21,0.020121801121873527
2055-11-22,0.020115155699150233
2055-11-23,0.020108554188094915
2055-11-24,0.2857424497677536
2055-11-25,0.521210388152663
2055-11-26,0.09287586606143405
2055-11-27,0.1610002075111805
2055-11-28,0.386966700207589
2055-11-29,0.06383392019209733
2055-11-30,0.0669559016570153
2055-12-01,0.07499894822050121
2055-12-02,0.07246525446966275
2055-12-03,0.05109001804712033
2055-12-04,0.042241529882944745
2055-12-05,0.03580550401884086
2055-12-06,0.05260092189512271
2055-12-07,0.09115873627847733
2055-12-08,0.21246037414418764
2055-12-09,0.33613763640113203
2055-12-10,0.38521880672692377
2055-12-11,0.09399224339343533
2055-12-12,0.131898713190082
2055-12-13,0.39505377013438814
2055-12-14,0.2898205016371595
2055-12-15,1.2890753706163995
2055-12-16,1.327307382010227
2055-12-17,0.30090968218437725
2055-12-18,0.03318256319520312
2055-12-19,0.03436264279308453
2055-12-20,0.10490384266145049
2055-12-21,0.0680754998411506
2055-12-22,0.037334429999388435
2055-12-23,0.05781971189890373
2055-12-24,0.053402149332147715
2055-12-25,0.031688360605042265
2055-12-26,0.03185782131321351
2055-12-27,0.040996187327439704
2055-12-28,0.03264668272137298
2055-12-29,0.03506912956883987
2055-12-30,0.035596454877070215
2055-12-31,0.03226628684183044
2056-01-01,0.014007225299023297
2056-01-02,0.016309832403673875
2056-01-03,0.01867831615783656
2056-01-04,0.019051672703701825
2056-01-05,0.016345101976234275
2056-01-06,0.018261650577058794
2056-01-07,0.017750755388724077
2056-01-08,0.01628372143412384
2056-01-09,0.016167481565560127
2056-01-10,0.016366147970554773
2056-01-11,0.013713586176011905
2056-01-12,0.02107242592298577
2056-01-13,0.019970425140034206
2056-01-14,0.020890091858293356
2056-01-15,0.03519734576910267
2056-01-16,0.02946467996352781
2056-01-17,0.01906611617383344
2056-01-18,0.022431112195962992
2056-01-19,0.026637177716877455
2056-01-20,0.02375623096032185
2056-01-21,0.013396204102639623
2056-01-22,0.014955872183944187
2056-01-23,0.023973634682826483
2056-01-24,0.020418093576772156
2056-01-25,0.023357930215738728
2056-01-26,0.03802716080782698
2056-01-27,0.11988810852463527
2056-01-28,0.04856125615185102
2056-01-29,0.037654827736617325
2056-01-30,0.02365486412168307
2056-01-31,0.021636505978280235
2056-02-01,0.011958024130004479
2056-02-02,0.025110122509912316
2056-02-03,0.013976797562312774
2056-02-04,0.013020089485421896
2056-02-05,0.015699298123301012
2056-02-06,0.03069651835951765
2056-02-07,0.06058175015767559
2056-02-08,0.032802848011917886
2056-02-09,0.016348963481866083
2056-02-10,0.01730167393197456
2056-02-11,0.012367424809762273
2056-02-12,0.013651368200567452
2056-02-13,0.010786023061491774
2056-02-14,0.012043532787030778
2056-02-15,0.01297026736716142
2056-02-16,0.014650051538568099
2056-02-17,0.025043808910144176
2056-02-18,0.08732215435174273
2056-02-19,0.15366159406918944
2056-02-20,0.10204980827588842
2056-02-21,0.08572426070085795
2056-02-22,0.036558824997468126
2056-02-23,0.03320816564328074
2056-02-24,0.05331645289629876
2056-02-25,0.06137183080405928
2056-02-26,0.16625837460549978
2056-02-27,0.3372448690949262
2056-02-28,1.0573662185070252
2056-02-29,1.3695882039096365
2056-03-01,1.8346207642597039
2056-03-02,2.0376187651818776
2056-03-03,0.6227927761998603
2056-03-04,0.21326688863411733
2056-03-05,0.2768137325273468
2056-03-06,0.17289729963658196
2056-03-07,0.18343776100279277
2056-03-08,0.09198864265406774
2056-03-09,0.08621976525579739
2056-03-10,0.09042499148061457
2056-03-11,0.20487459920769935
2056-03-12,0.37446886488277303
2056-03-13,0.473582726421267
2056-03-14,0.21623605507848961
2056-03-15,0.20409633597782362
2056-03-16,0.3246740302674523
2056-03-17,0.268466393956466
2056-03-18,0.2087878366421793
2056-03-19,0.2086109058815868
2056-03-20,0.302420182518131
2056-03-21,0.4944695232118413
2056-03-22,1.3010853870113501
2056-03-23,2.214592113515089
2056-03-24,1.1345862565176854
2056-03-25,0.949039711825634
2056-03-26,0.9484445229880119
2056-03-27,0.9502076664142933
2056-03-28,1.1096890374264943
2056-03-29,1.3770946709916998
2056-03-30,1.5289755631539554
2056-03-31,1.2741459804713982
2056-04-01,1.302420939335983
2056-04-02,1.2473481367329207
2056-04-03,1.2275773471860596
2056-04-04,1.1583838652492968
2056-04-05,1.0658479672410597
2056-04-06,0.9787623687718677
2056-04-07,0.9125362629546884
2056-04-08,0.8747208475967808
2056-04-09,0.9301813069083178
2056-04-10,1.152108360401328
2056-04-11,2.4096341862316226
2056-04-12,2.856590659488422
2056-04-13,2.083209590498832
2056-04-14,1.8385240853825655
2056-04-15,1.9788065585818735
2056-04-16,1.3483213167548045
2056-04-17,1.2495247498764661
2056-04-18,2.157797343619063
2056-04-19,2.2265038397092147
2056-04-20,1.62292648371228
2056-04-21,1.6422258250358812
2056-04-22,1.8762764695163399
2056-04-23,1.7033818179948885
2056-04-24,1.8948582899158697
2056-04-25,2.0993297299813185
2056-04-26,2.1140986116171194
2056-04-27,2.080353019334115
2056-04-28,1.8128654132680313
2056-04-29,1.7638095977851482
2056-04-30,1.6654968543240667
2056-05-01,1.6488733715604316
2056-05-02,1.6046299240314885
2056-05-03,1.6479790315637932
2056-05-04,1.880577478809982
2056-05-05,1.649930580022516
2056-05-06,1.617811244969993
2056-05-07,1.6593873982603893
2056-05-08,1.777003490528548
2056-05-09,1.6213405256713065
2056-05-10,1.6343126956816851
2056-05-11,1.6710625267329284
2056-05-12,1.6195478455102064
2056-05-13,1.8958742326699631
2056-05-14,2.3717060665215355
2056-05-15,3.047986369390669
2056-05-16,3.658988965813981
2056-05-17,2.8155405588146265
2056-05-18,2.539109755622307
2056-05-19,2.2113761228533755
2056-05-20,1.550217398186376
2056-05-21,1.3604186479560048
2056-05-22,1.4203046289844055
2056-05-23,1.570467951360484
2056-05-24,1.4430829523524098
2056-05-25,1.1366142420634473
2056-05-26,0.9077579823166907
2056-05-27,0.7736934670559876
2056-05-28,0.7148810629347123
2056-05-29,0.7593765529410842
2056-05-30,0.6645805475672656
2056-05-31,0.5343921720475128
2056-06-01,0.4253845697592146
2056-06-02,0.3882787489073667
2056-06-03,0.36797047929756954
2056-06-04,0.34245447847021815
2056-06-05,0.30078000907781044
2056-06-06,0.2622350884934474
2056-06-07,0.22977235960698414
2056-06-08,0.19981650230604084
2056-06-09,0.17990069066616068
2056-06-10,0.1636637003291903
2056-06-11,0.15092555539412564
2056-06-12,0.21336213512428445
2056-06-13,0.11562642729105495
2056-06-14,0.10669954277415804
2056-06-15,0.09364548464099741
2056-06-16,0.08849306934374862
2056-06-17,0.0754630241548151
2056-06-18,0.0685838006161366
2056-06-19,0.0628301154921455
2056-06-20,0.062046247556753885
2056-06-21,0.0524261203049893
2056-06-22,0.0473732123646349
2056-06-23,0.04172567774510315
2056-06-24,0.03701533738068922
2056-06-25,0.03375499743913922
2056-06-26,0.03130253416199704
2056-06-27,0.029478280595171734
2056-06-28,0.0277730213084418
2056-06-29,0.025916629891514144
2056-06-30,0.024056197323045404
2056-07-01,0.07377225118658408
2056-07-02,0.07652834584054212
2056-07-03,0.06760554235934262
2056-07-04,0.06544775590032863
2056-07-05,0.0630112440583083
2056-07-06,0.06924339879297983
2056-07-07,0.05956028210386242
2056-07-08,0.05805300392828079
2056-07-09,0.05661286001136919
2056-07-10,0.0551846259829207
2056-07-11,0.13972873280579196
2056-07-12,0.05269160834942536
2056-07-13,0.051495763574703854
2056-07-14,0.05028488363811841
2056-07-15,0.049014083815142453
2056-07-16,0.04778773620234274
2056-07-17,0.05194100830536274
2056-07-18,0.04567946504207732
2056-07-19,0.04463542807480858
2056-07-20,0.04354806795175495
2056-07-21,0.16156734045169135
2056-07-22,0.04171887204024168
2056-07-23,0.04482315116085681
2056-07-24,0.10891318045319108
2056-07-25,0.039559726745582065
2056-07-26,0.06924920427539605
2056-07-27,0.03805552593906062
2056-07-28,0.03735034494049
2056-07-29,0.036586431397338144
2056-07-30,0.11797466632250718
2056-07-31,0.05103496026274748
2056-08-01,0.032297804457334385
2056-08-02,0.03161048650488371
2056-08-03,0.031142697614504406
2056-08-04,0.03070581137231294
2056-08-05,0.030301096567113824
2056-08-06,0.029947068845834205
2056-08-07,0.029656223471834876
2056-08-08,0.02941283160450899
2056-08-09,0.02916532092224734
2056-08-10,0.028902475208337785
2056-08-11,0.028646696707216795
2056-08-12,0.028397702268357493
2056-08-13,0.028159163413651676
2056-08-14,0.027934307439367423
2056-08-15,0.027724639978407427
2056-08-16,0.027528763367700118
2056-08-17,0.027342772887544733
2056-08-18,0.027168651330812667
2056-08-19,0.027011473522152194
2056-08-20,0.026870987687553187
2056-08-21,0.02674833306905028
2056-08-22,0.026641623613889668
2056-08-23,0.02654672321777648
2056-08-24,0.02646456184004189
2056-08-25,0.026394342043324807
2056-08-26,0.0263273911559532
2056-08-27,0.0262608034941307
2056-08-28,0.02619554348524438
2056-08-29,0.02613064641673171
2056-08-30,0.026068815506963203
2056-08-31,0.026010097746226188
2056-09-01,0.011548193691927255
2056-09-02,0.08369238092100667
2056-09-03,0.013600522447819919
2056-09-04,0.03959922390410163
2056-09-05,0.023543289741894218
2056-09-06,0.04022333905361953
2056-09-07,0.011481859004081616
2056-09-08,0.07516853564059194
2056-09-09,0.01146224069858644
2056-09-10,0.011453377084866203
2056-09-11,0.011440842093629451
2056-09-12,0.011429125246858464
2056-09-13,0.011418238031964855
2056-09-14,0.011407899887320092
2056-09-15,0.011398946620279479
2056-09-16,0.011391961529765838
2056-09-17,0.011386493901836726
2056-09-18,0.011380481669092349
2056-09-19,0.011373545448999477
2056-09-20,0.18334880478413107
2056-09-21,0.7090411980382586
2056-09-22,0.5943890175095118
2056-09-23,0.15427547585889437
2056-09-24,0.011787686744926725
2056-09-25,0.013464150235845525
2056-09-26,0.012259958449356546
2056-09-27,0.012233674842485618
2056-09-28,0.012268581238373386
2056-09-29,0.012276505273604889
2056-09-30,0.012277891075352949
2056-10-01,0.019965321396130723
2056-10-02,0.019966097765830842
2056-10-03,0.019942252715029737
2056-10-04,0.019903386299665194
2056-10-05,0.019870680751679897
2056-10-06,0.01983376879686893
2056-10-07,0.019774714002019116
2056-10-08,0.01969626233485492
2056-10-09,0.0196194905657418
2056-10-10,0.019555211337624143
2056-10-11,0.019507817371446173
2056-10-12,0.019473178213483204
2056-10-13,0.019442261407019993
2056-10-14,0.01941722403493291
2056-10-15,0.019935417393461666
2056-10-16,0.01937673480126292
2056-10-17,0.019346481569669182
2056-10-18,0.019312706237672332
2056-10-19,0.01928598814565971
2056-10-20,0.019260728183086908
2056-10-21,0.01922921471321133
2056-10-22,0.019196833713290614
2056-10-23,0.019175032276413147
2056-10-24,0.019162476823543488
2056-10-25,0.019150697614169033
2056-10-26,0.019131258717494184
2056-10-27,0.019777789725064963
2056-10-28,0.04374375926533954
2056-10-29,0.01949260055467173
2056-10-30,0.01907463346459805
2056-10-31,0.019059062363498854
2056-11-01,0.020018408098301337
2056-11-02,0.01999372727598071
2056-11-03,0.019967333305255804
2056-11-04,0.02565936032030326
2056-11-05,0.028819435336940043
2056-11-06,0.019893623115687643
2056-11-07,0.022135794882593506
2056-11-08,0.019850699941884577
2056-11-09,0.019834527266763435
2056-11-10,0.019818815308128117
2056-11-11,0.035010216553042046
2056-11-12,0.024889505698776238
2056-11-13,0.020383662960990662
2056-11-14,0.019826230765558724
2056-11-15,0.021206379712698058
2056-11-16,0.021086492832663725
2056-11-17,0.019760493042274556
2056-11-18,0.20387751249651093
2056-11-19,0.8232149397315972
2056-11-20,0.885678024911809
2056-11-21,0.20194630495629923
2056-11-22,0.03459873802102669
2056-11-23,0.0236964176997516
2056-11-24,0.031815520551545184
2056-11-25,0.033512669583771026
2056-11-26,0.11457129252441774
2056-11-27,0.3812268528094528
2056-11-28,0.2488630882322307
2056-11-29,0.25893458694132854
2056-11-30,0.1548360300464516
2056-12-01,0.0681316682437755
2056-12-02,0.10904391960972452
2056-12-03,0.0533158656248535
2056-12-04,0.030072079365434472
2056-12-05,0.026598802386737407
2056-12-06,0.07532954432308672
2056-12-07,0.041718310730371674
2056-12-08,0.032794609871024984
2056-12-09,0.033413726544391044
2056-12-10,0.029729000244174596
2056-12-11,0.028206827186863452
2056-12-12,0.030108521271447652
2056-12-13,0.027534681342932743
2056-12-14,0.033388246016717936
2056-12-15,0.0338500988130465
2056-12-16,0.04056919575680434
2056-12-17,0.08366190042972313
2056-12-18,0.1171455947405208
2056-12-19,0.10327417679455315
2056-12-20,0.08670810492492338
2056-12-21,0.10631014040585492
2056-12-22,0.11042211740425402
2056-12-23,0.134346941247924
2056-12-24,0.04002060771258656
2056-12-25,0.028546425588191416
2056-12-26,0.030325572053838207
2056-12-27,0.027275871020511804
2056-12-28,0.027333234162084417
2056-12-29,0.0296617538946251
2056-12-30,0.029532152087569437
2056-12-31,0.02833354639287668
2057-01-01,0.010566091413589595
2057-01-02,0.011814673443824275
2057-01-03,0.06132431515268012
2057-01-04,0.1420064521382085
2057-01-05,0.19710986621735696
2057-01-06,0.02855398207614633
2057-01-07,0.05342258425711436
2057-01-08,0.047244890734040194
2057-01-09,0.08470765853426931
2057-01-10,0.20789547988364643
2057-01-11,0.2779916860770765
2057-01-12,0.2327787591100376
2057-01-13,0.10085268624422054
2057-01-14,0.07889111044291389
2057-01-15,0.06479869008511074
2057-01-16,0.07506456141969017
2057-01-17,0.09717874262896839
2057-01-18,0.11765681530135289
2057-01-19,0.29718646207482324
2057-01-20,0.16858199652367567
2057-01-21,0.06838745280472648
2057-01-22,0.07992068341502269
2057-01-23,0.120650615598871
2057-01-24,0.599544464160116
2057-01-25,0.641231135263372
2057-01-26,1.8277293162140786
2057-01-27,1.0024541352045908
2057-01-28,0.5932586389360908
2057-01-29,0.5253872466344761
2057-01-30,0.894631627739592
2057-01-31,1.0836676891279269
2057-02-01,0.671617707293368
2057-02-02,0.5665203429351869
2057-02-03,0.5964878338676785
2057-02-04,0.5882438681562846
2057-02-05,0.5728824924002665
2057-02-06,0.5855493284622144
2057-02-07,0.6617943133417454
2057-02-08,0.7439717301524651
2057-02-09,0.6020229028185357
2057-02-10,0.5716829411277425
2057-02-11,0.5609984367819681
2057-02-12,0.5530273993710639
2057-02-13,0.491906193760099
2057-02-14,0.4630856618469477
2057-02-15,0.4300923943975626
2057-02-16,0.4168616619785565
2057-02-17,0.5956549021141229
2057-02-18,0.5825131174156576
2057-02-19,0.5250578272745835
2057-02-20,0.4987155144833937
2057-02-21,0.5080856730319889
2057-02-22,0.6130812541313936
2057-02-23,0.952099110131138
2057-02-24,0.7949000182773999
2057-02-25,1.0286516347236059
2057-02-26,1.2876375699772733
2057-02-27,1.6381784914358546
2057-02-28,4.646931609307988
2057-03-01,3.7883696399219695
2057-03-02,4.233032163165681
2057-03-03,2.674997056819809
2057-03-04,2.8650434936311497
2057-03-05,3.385899179980278
2057-03-06,2.7390693470734138
2057-03-07,1.6212128778290216
2057-03-08,1.445724700447084
2057-03-09,1.5218644927126435
2057-03-10,2.6294720034787145
2057-03-11,1.1914365237355702
2057-03-12,1.0999261582814046
2057-03-13,1.5235083847611766
2057-03-14,1.2125056218937489
2057-03-15,1.1780912941830577
2057-03-16,1.2510467740416615
2057-03-17,1.4492567897268624
2057-03-18,1.5474284614591864
2057-03-19,2.1359851980945757
2057-03-20,2.8383045844516386
2057-03-21,4.016037508426172
2057-03-22,6.092168687661566
2057-03-23,5.166778441151454
2057-03-24,3.438083826012572
2057-03-25,1.9482918012514083
2057-03-26,1.7853607672571865
2057-03-27,1.8260844949735486
2057-03-28,2.9363742609229475
2057-03-29,2.6582174449086557
2057-03-30,1.9466350060550688
2057-03-31,1.8852684422315849
2057-04-01,2.441146225707841
2057-04-02,2.5991628530282957
2057-04-03,2.9375756690089334
2057-04-04,3.102136190483665
2057-04-05,4.1596823365870295
2057-04-06,5.118424600090948
2057-04-07,5.020746943866025
2057-04-08,5.472705582702798
2057-04-09,4.206990103763058
2057-04-10,5.555971376949619
2057-04-11,8.359855407011686
2057-04-12,5.095933215822369
2057-04-13,2.325688513007907
2057-04-14,2.515880595937798
2057-04-15,2.67843345640035
2057-04-16,2.662493909511805
2057-04-17,1.746545254617197
2057-04-18,1.6119032465994652
2057-04-19,1.5340855454348346
2057-04-20,1.7129408215395803
2057-04-21,1.5632591877983175
2057-04-22,2.1061268497382257
2057-04-23,2.345235473623078
2057-04-24,2.0424769672472123
2057-04-25,2.7300781148473123
2057-04-26,2.492106003010604
2057-04-27,1.8059220439984918
2057-04-28,1.7008618779743012
2057-04-29,1.729360869186053
2057-04-30,1.950692887686223
2057-05-01,1.596070103491777
2057-05-02,1.5410913792882248
2057-05-03,1.5838091605668931
2057-05-04,1.6031116444795488
2057-05-05,1.309077227350129
2057-05-06,1.2963208436990497
2057-05-07,1.2928069589917364
2057-05-08,1.3131003653847044
2057-05-09,1.3083928626314132
2057-05-10,1.2169799639278644
2057-05-11,1.068343668877582
2057-05-12,1.0936625695842588
2057-05-13,1.1756013556527996
2057-05-14,1.298073219093167
2057-05-15,1.3295363846610644
2057-05-16,1.498135981456457
2057-05-17,2.175342454754793
2057-05-18,1.9014568193761114
2057-05-19,2.0148416528745168
2057-05-20,2.2168296905881193
2057-05-21,2.0444768181284023
2057-05-22,2.2000525235436155
2057-05-23,1.7312109174747075
2057-05-24,1.0985096662743659
2057-05-25,1.4292318452214645
2057-05-26,1.106305564165465
2057-05-27,0.8858928506447521
2057-05-28,1.114082996207881
2057-05-29,0.8772164052224831
2057-05-30,0.710898434267485
2057-05-31,0.614845839567805
2057-06-01,0.5255362273352918
2057-06-02,0.6183838688399995
2057-06-03,0.7202083576507764
2057-06-04,0.7255891542674469
2057-06-05,0.46607144243300935
2057-06-06,0.31834529438359277
2057-06-07,0.2985681213726267
2057-06-08,0.2769528410435163
2057-06-09,0.2591811897768403
2057-06-10,0.23188797904650713
2057-06-11,0.20033660077233842
2057-06-12,0.17731237976458158
2057-06-13,0.1579974061394474
2057-06-14,0.11831715884625293
2057-06-15,0.10136219673480827
2057-06-16,0.08686336771773331
2057-06-17,0.07643303977748123
2057-06-18,0.06785426506609289
2057-06-19,0.05933979638037838
2057-06-20,0.05196483129295581
2057-06-21,0.04642758511831674
2057-06-22,0.0421789216997749
2057-06-23,0.05135305202545035
2057-06-24,0.03149508916090466
2057-06-25,0.02986395383679794
2057-06-26,0.025370750272036294
2057-06-27,0.023482101628003422
2057-06-28,0.021782369185135087
2057-06-29,0.020190350868369466
2057-06-30,0.018903946486712515
2057-07-01,0.0587341265704535
2057-07-02,0.05618592846470209
2057-07-03,0.05390469620397818
2057-07-04,0.05179995251735132
2057-07-05,0.07248163905213996
2057-07-06,0.04859297580213945
2057-07-07,0.04731575773535741
2057-07-08,0.060233038409535436
2057-07-09,0.04507039062760559
2057-07-10,0.049164427855632124
2057-07-11,0.07584379607066595
2057-07-12,0.06823423392566769
2057-07-13,0.29704543456254423
2057-07-14,0.10077067889191527
2057-07-15,0.042126231509619555
2057-07-16,0.040898594399137116
2057-07-17,0.039391977710429946
2057-07-18,0.049525126816563556
2057-07-19,0.060829832902818876
2057-07-20,0.03821437056027186
2057-07-21,0.05600869808662185
2057-07-22,0.14428599785542914
2057-07-23,0.10203286641636472
2057-07-24,0.07545144920879225
2057-07-25,0.03511133727843586
2057-07-26,0.1111160481747552
2057-07-27,0.03445381997448523
2057-07-28,0.12219688851956353
2057-07-29,0.041179140500925714
2057-07-30,0.03386792463018716
2057-07-31,0.03352067546155123
2057-08-01,0.10358841013050846
2057-08-02,0.03014467795519814
2057-08-03,0.06943055398867305
2057-08-04,0.042080463674996606
2057-08-05,0.08051251778438637
2057-08-06,0.03377897197930936
2057-08-07,0.05554749147407905
2057-08-08,0.05483157407565131
2057-08-09,0.14656564849756148
2057-08-10,0.02847637333474929
2057-08-11,0.09639957840721862
2057-08-12,0.028167340675476008
2057-08-13,1.3380026190765235
2057-08-14,0.9348205973477818
2057-08-15,0.02958459869819014
2057-08-16,0.028208235209316198
2057-08-17,0.028303959666362632
2057-08-18,0.02950972547981017
2057-08-19,0.02797926113658468
2057-08-20,0.28219966033508787
2057-08-21,0.0277494040352198
2057-08-22,0.040089507004234456
2057-08-23,0.027550509067600794
2057-08-24,0.027432887026470915
2057-08-25,0.02732570834804767
2057-08-26,0.027231475445262377
2057-08-27,0.028377694164821526
2057-08-28,0.02705190768880958
2057-08-29,0.027208897973311653
2057-08-30,0.02688395821679978
2057-08-31,0.026795604916837006
2057-09-01,0.011886987658617046
2057-09-02,0.011856949757564574
2057-09-03,0.011827167721910236
2057-09-04,0.011797386159689883
2057-09-05,0.011767523247556965
2057-09-06,0.011738808396736158
2057-09-07,0.013455164864272954
2057-09-08,0.011694072767223658
2057-09-09,0.011675974852031357
2057-09-10,0.0131046081283093
2057-09-11,0.011647000793997189
2057-09-12,0.012052419043919644
2057-09-13,0.011612169746136604
2057-09-14,0.011593965091061606
2057-09-15,0.011577558130689515
2057-09-16,0.01156332115298042
2057-09-17,0.011550617535782449
2057-09-18,0.011538420168903466
2057-09-19,0.011527188894732152
2057-09-20,0.011517546871577493
2057-09-21,0.011508855872029778
2057-09-22,0.011499867835968817
2057-09-23,0.011489835784952565
2057-09-24,0.011479941097447797
2057-09-25,0.041615168357279124
2057-09-26,0.011521519714427962
2057-09-27,0.011737825642926029
2057-09-28,0.011454412270585967
2057-09-29,0.01144785605669643
2057-09-30,0.011511405019444955
2057-10-01,0.01858606120026032
2057-10-02,0.01857725166544877
2057-10-03,0.149105549563359
2057-10-04,0.018559417254456933
2057-10-05,0.018548710732844757
2057-10-06,0.018537106647371272
2057-10-07,0.018525166177198408
2057-10-08,0.03175422761001364
2057-10-09,0.018505124465878313
2057-10-10,0.018496354794543274
2057-10-11,0.018488309877960744
2057-10-12,0.01847944020369142
2057-10-13,0.018470189356156082
2057-10-14,0.018460988589607718
2057-10-15,0.01845179508448973
2057-10-16,0.01844328944724973
2057-10-17,0.018435652699584356
2057-10-18,0.018428439971419002
2057-10-19,0.018421552368990693
2057-10-20,0.01841516871514874
2057-10-21,0.018408636024993305
2057-10-22,0.018401388213767703
2057-10-23,0.018394246208874008
2057-10-24,0.018387968372650658
2057-10-25,0.01838181601849591
2057-10-26,0.018375463365019662
2057-10-27,0.018369164853677376
2057-10-28,0.018362885722565732
2057-10-29,0.01835636537591839
2057-10-30,0.01902002443801874
2057-10-31,0.028080094894172958
2057-11-01,0.09163116147564174
2057-11-02,0.0200400609154335
2057-11-03,0.02221790511565921
2057-11-04,0.01926682728451137
2057-11-05,0.01926248193469262
2057-11-06,0.01925607020657993
2057-11-07,0.045709158167371866
2057-11-08,0.5622246032682731
2057-11-09,0.41636134436690214
2057-11-10,0.32490175652696734
2057-11-11,0.080669462489359
2057-11-12,0.05095113850701029
2057-11-13,0.1084029215893033
2057-11-14,0.10080767911996628
2057-11-15,0.2205598765692531
2057-11-16,0.25733090308422013
2057-11-17,0.19049959455331103
2057-11-18,0.10502046773967455
2057-11-19,0.0662217984064857
2057-11-20,0.06105680999815487
2057-11-21,0.03927756504955824
2057-11-22,0.04067835317412474
2057-11-23,0.03888011297350325
2057-11-24,0.02174432379638564
2057-11-25,0.020744226950252572
2057-11-26,0.02082751717749134
2057-11-27,0.021525911003012255
2057-11-28,0.020953564317925402
2057-11-29,0.032295038112882715
2057-11-30,0.021079273805018037
2057-12-01,0.027009887953982376
2057-12-02,0.04280259573588922
2057-12-03,0.02431087752891387
2057-12-04,0.02247381861124818
2057-12-05,0.022512955793059442
2057-12-06,0.038985021288981105
2057-12-07,0.044997284738619255
2057-12-08,0.026966041063936564
2057-12-09,0.043733132174974064
2057-12-10,0.033721752441285106
2057-12-11,0.03142186812115252
2057-12-12,0.03032352980000704
2057-12-13,0.02645315822725713
2057-12-14,0.030259979366113614
2057-12-15,0.4312356134720671
2057-12-16,0.22689111625553549
2057-12-17,0.69857232831672
2057-12-18,0.7462317562707483
2057-12-19,0.9793944370174292
2057-12-20,0.18815636459913007
2057-12-21,1.0187901443024006
2057-12-22,1.1907075673583338
2057-12-23,7.895838281229627
2057-12-24,5.9955187887313155
2057-12-25,1.953891068229936
2057-12-26,1.1189563628132968
2057-12-27,4.271128578081072
2057-12-28,0.41903129024392327
2057-12-29,0.2784463400404962
2057-12-30,0.28381524967096355
2057-12-31,0.2977527323174694
2058-01-01,0.12416430285500632
2058-01-02,0.22325872092919027
2058-01-03,0.1473974998346016
2058-01-04,0.1515127407288552
2058-01-05,0.15833163021453994
2058-01-06,0.15500128623906442
2058-01-07,0.15526785569895332
2058-01-08,0.15305872294844036
2058-01-09,0.15343236864852508
2058-01-10,0.1428539833195903
2058-01-11,0.13761635546583995
2058-01-12,0.13412038402659052
2058-01-13,0.13257987583008357
2058-01-14,0.1268528817510628
2058-01-15,0.12446542990887206
2058-01-16,0.14699790110929278
2058-01-17,0.6243100776243965
2058-01-18,0.7804861361305157
2058-01-19,1.9195642396173171
2058-01-20,4.695541815698136
2058-01-21,0.8346828070812823
2058-01-22,1.5186064883047776
2058-01-23,1.8100175939892837
2058-01-24,1.4296012164803003
2058-01-25,1.6971001420761593
2058-01-26,1.2713965010241668
2058-01-27,2.3974856559319884
2058-01-28,1.539028982235093
2058-01-29,0.7989033557463029
2058-01-30,1.3138332280253626
2058-01-31,0.9318338313379344
2058-02-01,0.5424393928758703
2058-02-02,0.5336396756278269
2058-02-03,0.5753633589956321
2058-02-04,0.5579465699710651
2058-02-05,0.6159444541753816
2058-02-06,1.225703254198942
2058-02-07,1.817521256552446
2058-02-08,1.1128164379877605
2058-02-09,1.5410797967089847
2058-02-10,1.3526507605841511
2058-02-11,1.7305458674258969
2058-02-12,1.2343472757235845
2058-02-13,1.292931158742291
2058-02-14,0.7139676692673295
2058-02-15,0.6844543889703526
2058-02-16,0.8439737803235986
2058-02-17,0.8619115869599234
2058-02-18,0.7422045189127449
2058-02-19,0.6770421255759193
2058-02-20,0.6906786297524035
2058-02-21,0.7032181944738433
2058-02-22,0.7093143226463758
2058-02-23,0.7174480198660862
2058-02-24,0.7394925016663801
2058-02-25,0.8435243260887123
2058-02-26,0.7591813904741417
2058-02-27,0.6815815600335169
2058-02-28,0.8926901179911505
2058-03-01,1.689617667992138
2058-03-02,3.890955707518888
2058-03-03,4.014246489657169
2058-03-04,2.3495721171135093
2058-03-05,1.2766247992009814
2058-03-06,1.4650028281385425
2058-03-07,1.0992609925920174
2058-03-08,2.8904558431634064
2058-03-09,2.6492003219526197
2058-03-10,1.9320612996676667
2058-03-11,2.3018546123051875
2058-03-12,3.9199042228333445
2058-03-13,1.5925291011445393
2058-03-14,1.1809535506636522
2058-03-15,1.1929646486915453
2058-03-16,1.328810951078925
2058-03-17,1.5179061664968796
2058-03-18,1.514802620991027
2058-03-19,2.0563241628571403
2058-03-20,1.737698082089714
2058-03-21,1.9032226171681161
2058-03-22,2.1151196429319072
2058-03-23,1.5427643844149226
2058-03-24,1.227497485864611
2058-03-25,1.2380381164432137
2058-03-26,1.141671558218976
2058-03-27,1.2170495527250547
2058-03-28,1.2902655944139612
2058-03-29,1.2339221663634825
2058-03-30,1.0884596573067409
2058-03-31,1.130743014441722
2058-04-01,1.5324100436169188
2058-04-02,1.8586539858832531
2058-04-03,2.7765366517005177
2058-04-04,4.232350978031601
2058-04-05,4.259579353820591
2058-04-06,3.0208067521013287
2058-04-07,4.117612163373796
2058-04-08,5.460179222133898
2058-04-09,6.536013335300826
2058-04-10,5.9951418823531295
2058-04-11,7.159886235498906
2058-04-12,5.321510725278619
2058-04-13,5.107408485162575
2058-04-14,2.2485997825247233
2058-04-15,2.1927504878453807
2058-04-16,2.082139850490417
2058-04-17,1.8790651156433327
2058-04-18,1.8084993910349962
2058-04-19,2.0583128395113577
2058-04-20,2.546066684814964
2058-04-21,3.688455342252951
2058-04-22,3.9749188671907985
2058-04-23,2.15849249736351
2058-04-24,2.191457901104683
2058-04-25,3.037936309262372
2058-04-26,5.409853140065377
2058-04-27,6.494632221517517
2058-04-28,10.31904066482663
2058-04-29,9.040109204842675
2058-04-30,7.3752709541451305
2058-05-01,7.620078436617379
2058-05-02,5.0933348004000445
2058-05-03,5.951153382377677
2058-05-04,2.56959911181293
2058-05-05,2.453682616973413
2058-05-06,2.4372544455550513
2058-05-07,2.4393448026573696
2058-05-08,2.4504411889329236
2058-05-09,2.469552976104261
2058-05-10,2.4945921243065494
2058-05-11,2.527621430094579
2058-05-12,2.335424465962642
2058-05-13,2.299460951811174
2058-05-14,2.1238603603365687
2058-05-15,1.952548145590179
2058-05-16,2.0237076127469233
2058-05-17,2.6679297186989714
2058-05-18,1.9129755442181473
2058-05-19,2.3719911736359
2058-05-20,3.4107386668699022
2058-05-21,4.0892360493825795
2058-05-22,6.649499141853215
2058-05-23,8.74813806718799
2058-05-24,12.2202125914049
2058-05-25,13.418216413534427
2058-05-26,8.803448355402491
2058-05-27,7.0239250868997525
2058-05-28,8.266582383993775
2058-05-29,4.428477615798692
2058-05-30,3.935790435745872
2058-05-31,3.993495168276213
2058-06-01,5.606200981915449
2058-06-02,7.298444232464145
2058-06-03,9.807715171036282
2058-06-04,9.327513110335401
2058-06-05,10.83925751523578
2058-06-06,10.04478917900832
2058-06-07,7.684207746902441
2058-06-08,9.226240993541923
2058-06-09,9.630920734743832
2058-06-10,8.463002637648716
2058-06-11,8.271826390003323
2058-06-12,8.04072119126283
2058-06-13,6.945823241340826
2058-06-14,3.7283310079993552
2058-06-15,3.5361985639808564
2058-06-16,4.540896583935293
2058-06-17,5.273808033840561
2058-06-18,6.032253813462812
2058-06-19,6.861706796453663
2058-06-20,6.10624381801868
2058-06-21,4.247922466463328
2058-06-22,5.864011759117608
2058-06-23,5.98923396069673
2058-06-24,5.8871573670602135
2058-06-25,5.024347086984604
2058-06-26,4.867580753772376
2058-06-27,5.636101606349449
2058-06-28,5.52893460627645
2058-06-29,5.005832507775637
2058-06-30,4.683765722034885
2058-07-01,13.654969520437643
2058-07-02,9.982697140516896
2058-07-03,9.32268057939841
2058-07-04,8.508454949603145
2058-07-05,7.546268297671543
2058-07-06,7.139060318403114
2058-07-07,6.491155150780797
2058-07-08,5.064561714372613
2058-07-09,4.589258730415713
2058-07-10,3.5075645834999416
2058-07-11,4.231689585608629
2058-07-12,4.490591264573703
2058-07-13,3.136282819431244
2058-07-14,2.71528111051861
2058-07-15,2.445115456767266
2058-07-16,2.004303077482113
2058-07-17,1.9667947225542537
2058-07-18,1.9367190661089286
2058-07-19,2.1408771334281096
2058-07-20,2.1532623397348583
2058-07-21,1.8261084477301863
2058-07-22,1.8324921403464884
2058-07-23,1.7987152027545303
2058-07-24,1.8210687950266102
2058-07-25,1.854300902024756
2058-07-26,1.0633661643279226
2058-07-27,0.9012033188526788
2058-07-28,0.9066136217840093
2058-07-29,0.9016890958554279
2058-07-30,0.6021374645628562
2058-07-31,0.5473468380879516
2058-08-01,0.46076551358019074
2058-08-02,0.4199733881280161
2058-08-03,0.3817281656731493
2058-08-04,0.3731457076528384
2058-08-05,0.2907842543647013
2058-08-06,0.28297904788921335
2058-08-07,0.2895903270501679
2058-08-08,0.23426258644876782
2058-08-09,0.22262076929134744
2058-08-10,0.14511328125112455
2058-08-11,0.13894708182796686
2058-08-12,0.12089422073466981
2058-08-13,0.11490335698260788
2058-08-14,0.10771578223244926
2058-08-15,0.0978390510920384
2058-08-16,0.08850900208363603
2058-08-17,0.08107590157368916
2058-08-18,0.0742203133083592
2058-08-19,0.0703842465134505
2058-08-20,0.06682160555930923
2058-08-21,0.0639595357862164
2058-08-22,0.060859001720026666
2058-08-23,0.0747576766267173
2058-08-24,0.05867457100564326
2058-08-25,0.047701613299727316
2058-08-26,0.046399916188265014
2058-08-27,0.04515773261633577
2058-08-28,0.3385826663489237
2058-08-29,0.0428765694238129
2058-08-30,0.057518751381746815
2058-08-31,0.040269570082571614
2058-09-01,0.1080381228918578
2058-09-02,0.01698745413569276
2058-09-03,0.01657911282367484
2058-09-04,0.046175448256384
2058-09-05,0.015973075915309873
2058-09-06,0.01570871762757818
2058-09-07,0.015438755751665706
2058-09-08,0.015182014867085031
2058-09-09,0.014939771140175558
2058-09-10,0.014722530926816017
2058-09-11,0.014526612986905352
2058-09-12,0.01433515699615913
2058-09-13,0.014144110658075464
2058-09-14,0.013957970847389195
2058-09-15,0.013777776803680274
2058-09-16,0.013603062756530825
2058-09-17,0.013439053275819004
2058-09-18,0.01328961997781358
2058-09-19,0.059172595783496526
2058-09-20,0.035999922003856905
2058-09-21,0.22494995208954002
2058-09-22,0.17076410861695518
2058-09-23,0.05352619407113984
2058-09-24,0.056224951783176505
2058-09-25,0.013040537707266885
2058-09-26,0.012998493825496588
2058-09-27,0.01506849021606675
2058-09-28,0.013777215070640083
2058-09-29,0.012925531327859513
2058-09-30,0.012906100181702967
2058-10-01,0.02092981433725155
2058-10-02,0.020867000661095758
2058-10-03,0.020790160377819267
2058-10-04,0.020709569546899724
2058-10-05,0.020637825492683493
2058-10-06,0.020575483128181932
2058-10-07,0.020514223116933065
2058-10-08,0.020450074111283783
2058-10-09,0.020384693553951592
2058-10-10,0.020321658693013018
2058-10-11,0.0202603523017775
2058-10-12,0.02020387177881841
2058-10-13,0.020153445469379947
2058-10-14,0.02011202404128075
2058-10-15,0.022852988902194768
2058-10-16,0.020643798015371754
2058-10-17,0.020008437022486166
2058-10-18,0.020015482459696705
2058-10-19,0.019940109328009988
2058-10-20,0.0200322936164681
2058-10-21,0.6102307919231214
2058-10-22,0.5625700554827449
2058-10-23,0.22707934129080548
2058-10-24,0.06124469529528003
2058-10-25,0.01995660636149068
2058-10-26,0.019986884369366745
2058-10-27,0.020013358332858076
2058-10-28,0.03834975656845527
2058-10-29,0.021940506538699972
2058-10-30,0.020064932554658514
2058-10-31,0.020060921884263293
2058-11-01,0.021087970773898897
2058-11-02,0.021083984574740526
2058-11-03,0.021080536560526296
2058-11-04,0.024590265758919448
2058-11-05,0.021091106840714236
2058-11-06,0.021643139101813546
2058-11-07,0.30792715700252576
2058-11-08,1.675360003470771
2058-11-09,1.526889027925561
2058-11-10,0.23264052793362203
2058-11-11,0.22046149382356886
2058-11-12,0.13706232555033906
2058-11-13,0.11775054841785072
2058-11-14,0.027022391098665378
2058-11-15,0.027064091142326073
2058-11-16,0.027302061766468495
2058-11-17,0.028190854701786474
2058-11-18,0.030194959201554128
2058-11-19,0.027705110274609323
2058-11-20,0.027755973510126507
2058-11-21,0.0776990927410615
2058-11-22,0.06427160329165293
2058-11-23,0.03402650442072828
2058-11-24,0.0333727060028148
2058-11-25,0.10138991633797968
2058-11-26,0.11053048883227774
2058-11-27,0.11281198097505313
2058-11-28,0.04593541434062351
2058-11-29,0.035260766914052416
2058-11-30,0.615417923793499
2058-12-01,0.9830946721127473
2058-12-02,0.28186266791321485
2058-12-03,0.3133677132030473
2058-12-04,2.600041398290182
2058-12-05,0.4231209722506376
2058-12-06,0.22674333968980992
2058-12-07,0.045800238739064365
2058-12-08,0.14442411067704836
2058-12-09,0.43402994253041793
2058-12-10,0.3814685667420693
2058-12-11,0.26887298270082277
2058-12-12,0.3514445247974622
2058-12-13,0.354405059143467
2058-12-14,0.16930670477527987
2058-12-15,0.2750632352324968
2058-12-16,0.29933329494339533
2058-12-17,0.31889752416612344
2058-12-18,1.2501873707928277
2058-12-19,0.8791349339480198
2058-12-20,0.07957878068545048
2058-12-21,0.07526505027565973
2058-12-22,0.08095553382678095
2058-12-23,0.09266133734997005
2058-12-24,0.10486993671003113
2058-12-25,0.2791458489155124
2058-12-26,0.1005496873566244
2058-12-27,0.15686446503727208
2058-12-28,0.14799276481760382
2058-12-29,0.12049629703686175
2058-12-30,0.16190321082414452
2058-12-31,0.15401960824419736
2059-01-01,0.7404621492908368
2059-01-02,0.4861985533871092
2059-01-03,0.23608667774971184
2059-01-04,0.582427167335205
2059-01-05,2.2161560891759193
2059-01-06,1.5950215600504418
2059-01-07,5.813725220318877
2059-01-08,1.6096822040623275
2059-01-09,0.7059169161601722
2059-01-10,0.6979247550926987
2059-01-11,0.7096398176922221
2059-01-12,0.7009299080126968
2059-01-13,0.6951487775935835
2059-01-14,0.680528964842368
2059-01-15,0.8304162176711215
2059-01-16,0.77541301926175
2059-01-17,0.6529352486876182
2059-01-18,0.6215607615044886
2059-01-19,0.6389627522471548
2059-01-20,0.730354287631472
2059-01-21,0.867132020391506
2059-01-22,2.307673910167975
2059-01-23,2.788819520641572
2059-01-24,2.0713529322425575
2059-01-25,1.0963536069574054
2059-01-26,0.9656522856606845
2059-01-27,0.955455861528144
2059-01-28,0.9327035333994712
2059-01-29,0.9583477444765498
2059-01-30,1.4309985781674461
2059-01-31,4.956758391500643
2059-02-01,2.1703387094470425
2059-02-02,1.0423811521649837
2059-02-03,1.0008750959878348
2059-02-04,0.9882560226291321
2059-02-05,0.9588988329175412
2059-02-06,0.9309566673537206
2059-02-07,0.9249760020719895
2059-02-08,0.8941856378720084
2059-02-09,0.8665911090424396
2059-02-10,0.8747429139317866
2059-02-11,0.8350539308688717
2059-02-12,0.7350615284666123
2059-02-13,0.7139637410780713
2059-02-14,0.7506989638039077
2059-02-15,0.7167576622465929
2059-02-16,0.7687177568634272
2059-02-17,0.9147269759059729
2059-02-18,1.5976877832979084
2059-02-19,1.4417698534362693
2059-02-20,1.4469162698652362
2059-02-21,1.372361821312104
2059-02-22,1.0206555068126997
2059-02-23,1.1029123750782124
2059-02-24,1.027119260301316
2059-02-25,0.9933499141820784
2059-02-26,0.8798036913440642
2059-02-27,0.8463106681662448
2059-02-28,0.8130457160391839
2059-03-01,0.957395418943228
2059-03-02,0.9228144175375393
2059-03-03,1.0241751640674643
2059-03-04,1.1512979422092837
2059-03-05,1.4811059463379144
2059-03-06,1.7857020508549777
2059-03-07,2.3091047425315154
2059-03-08,2.1010754988357583
2059-03-09,2.1973146642327372
2059-03-10,2.26043863642529
2059-03-11,1.5827108420817388
2059-03-12,2.75390052283582
2059-03-13,6.197017229309039
2059-03-14,5.694561299309789
2059-03-15,6.583212795445072
2059-03-16,22.822254322872887
2059-03-17,6.822523640125144
2059-03-18,2.2812915724793132
2059-03-19,2.3021304480686333
2059-03-20,2.6839528803720434
2059-03-21,10.467081910640074
2059-03-22,6.467779772114444
2059-03-23,2.814022045896417
2059-03-24,2.5348883410320426
2059-03-25,2.4301854766476576
2059-03-26,2.4034197859172757
2059-03-27,2.4015783558173993
2059-03-28,2.3793023811504908
2059-03-29,2.376670828783029
2059-03-30,2.144044385186599
2059-03-31,2.2083682153233917
2059-04-01,2.9404067936690215
2059-04-02,2.4578585508442927
2059-04-03,2.6900298157590954
2059-04-04,2.7415667098446916
2059-04-05,2.6430477171145084
2059-04-06,2.2528937950250345
2059-04-07,2.2269419490919997
2059-04-08,2.3429514534084235
2059-04-09,2.3009229618697065
2059-04-10,2.1785945789339194
2059-04-11,2.0931928366911237
2059-04-12,1.9140329480853404
2059-04-13,1.807122576430829
2059-04-14,1.7815120303968377
2059-04-15,1.8214899528001567
2059-04-16,1.7237637277185545
2059-04-17,1.6576163478077905
2059-04-18,1.5683721656182072
2059-04-19,1.4606614372322362
2059-04-20,1.3627695715453525
2059-04-21,1.4608277409071637
2059-04-22,1.6152332306047372
2059-04-23,1.5607052784495334
2059-04-24,1.9806402996078138
2059-04-25,2.5481025925023513
2059-04-26,3.719638838440924
2059-04-27,6.729047223472353
2059-04-28,8.313582297776616
2059-04-29,9.38674338461424
2059-04-30,8.24827648806695
2059-05-01,7.193981937505821
2059-05-02,3.6167860494767288
2059-05-03,5.051254838875886
2059-05-04,3.8261011076170846
2059-05-05,5.041619377575987
2059-05-06,5.493979453705512
2059-05-07,4.94201764572792
2059-05-08,4.4834179243053285
2059-05-09,2.2630118983063086
2059-05-10,2.3004201820123154
2059-05-11,2.731169061462721
2059-05-12,3.1795480335032016
2059-05-13,4.431864624741455
2059-05-14,2.3988172153580525
2059-05-15,2.974974755757748
2059-05-16,4.556465563295641
2059-05-17,3.101737257074673
2059-05-18,2.663217790255575
2059-05-19,2.031195938669482
2059-05-20,2.1058376386019244
2059-05-21,2.2007367673072906
2059-05-22,4.452063221366904
2059-05-23,7.053624762039467
2059-05-24,8.474154847307995
2059-05-25,9.282052436623921
2059-05-26,9.020148314002475
2059-05-27,7.707923653628592
2059-05-28,8.051466802952145
2059-05-29,6.4582789361595045
2059-05-30,2.8081466082687863
2059-05-31,3.495702463446163
2059-06-01,4.143948982110744
2059-06-02,5.254113108520236
2059-06-03,4.891098584434988
2059-06-04,4.32502398278502
2059-06-05,3.67637642737573
2059-06-06,3.4988734017410636
2059-06-07,3.2554990629175284
2059-06-08,3.5721590756678694
2059-06-09,2.6152137740042236
2059-06-10,2.5529654381462614
2059-06-11,2.4195546408878443
2059-06-12,2.023469035652857
2059-06-13,2.1249308359359995
2059-06-14,1.5613427937630933
2059-06-15,1.3328575317491933
2059-06-16,1.3959682696381794
2059-06-17,0.9240275238525707
2059-06-18,0.7702644135251502
2059-06-19,0.6787654112410222
2059-06-20,0.6855693189605638
2059-06-21,0.5684394173298742
2059-06-22,0.4339049938399581
2059-06-23,0.3342390555421048
2059-06-24,0.29376983252806504
2059-06-25,0.2539254780865817
2059-06-26,0.22082902708199936
2059-06-27,0.20543108738608137
2059-06-28,0.17615945325743138
2059-06-29,0.15618733803507714
2059-06-30,0.13714357150200412
2059-07-01,0.4059629572713713
2059-07-02,0.3580491714823449
2059-07-03,0.3138871270110138
2059-07-04,0.27546913335885864
2059-07-05,0.24171903275343815
2059-07-06,0.22795061271103587
2059-07-07,0.21807866416953053
2059-07-08,0.1419217845572255
2059-07-09,0.1296019310035634
2059-07-10,0.11904520883436691
2059-07-11,0.11004742646062475
2059-07-12,0.10233295591120214
2059-07-13,0.09699356824148707
2059-07-14,0.12329367681904187
2059-07-15,0.08509001894080388
2059-07-16,0.08325748818663305
2059-07-17,0.07938364989698345
2059-07-18,0.07618725409854496
2059-07-19,0.07465905758955416
2059-07-20,0.07251363360875139
2059-07-21,0.06133493006169295
2059-07-22,0.05142749116693908
2059-07-23,0.049643448008924826
2059-07-24,0.04939018456810608
2059-07-25,0.046421485914424375
2059-07-26,0.8862250535645788
2059-07-27,0.04327775066884312
2059-07-28,0.1866728010604706
2059-07-29,0.04132354609384099
2059-07-30,0.04049196943035459
2059-07-31,0.03945478257084451
2059-08-01,0.04568819225860336
2059-08-02,0.034465770924615044
2059-08-03,0.033714284797904406
2059-08-04,0.033032221002173984
2059-08-05,0.0324329680546309
2059-08-06,0.0319144290066574
2059-08-07,0.03143970610789882
2059-08-08,0.031009388348680705
2059-08-09,0.030587937560009798
2059-08-10,0.03022752676450063
2059-08-11,0.029970358358244947
2059-08-12,0.029693712963541768
2059-08-13,0.02942773466319455
2059-08-14,0.029176404856763212
2059-08-15,0.028947183005330814
2059-08-16,0.030573322248725946
2059-08-17,0.0285999171777379
2059-08-18,0.03390037096685311
2059-08-19,0.0283320894393197
2059-08-20,0.09109209667029496
2059-08-21,0.030049180196489052
2059-08-22,0.17152927897787482
2059-08-23,0.027807407579074492
2059-08-24,0.05453036378378096
2059-08-25,0.027473182683868138
2059-08-26,0.02732113312435011
2059-08-27,0.05579540971762248
2059-08-28,0.027053390435229478
2059-08-29,0.026942057592746954
2059-08-30,0.02683493455780282
2059-08-31,0.02672762986113598
2059-09-01,0.011848980843279622
2059-09-02,0.011835831728754865
2059-09-03,0.012108617746122787
2059-09-04,0.011767469615648785
2059-09-05,0.05128017984249851
2059-09-06,0.05141727782179401
2059-09-07,0.055601661144869335
2059-09-08,0.08431070726850351
2059-09-09,0.07489552622216968
2059-09-10,0.07718048162423252
2059-09-11,0.16472011113003082
2059-09-12,0.03778909533619931
2059-09-13,0.0713569667070029
2059-09-14,0.09415582344079834
2059-09-15,0.018894798224719605
2059-09-16,0.03899771653049879
2059-09-17,0.011752816590756117
2059-09-18,0.011756149755593501
2059-09-19,0.011753628897460119
2059-09-20,0.011741850896855617
2059-09-21,0.09253103435792354
2059-09-22,0.01170965646625147
2059-09-23,0.011692953060843342
2059-09-24,0.011675868206835801
2059-09-25,0.01165762307249041
2059-09-26,0.011638191685198035
2059-09-27,0.01161925889436936
2059-09-28,0.01160159534385218
2059-09-29,0.011586259108339951
2059-09-30,0.01157131850930885
2059-10-01,0.08732610467750766
2059-10-02,0.018766623383113912
2059-10-03,0.025166045477635055
2059-10-04,0.018730769800469272
2059-10-05,0.018712093017410208
2059-10-06,0.01869481263291336
2059-10-07,0.018680128437985517
2059-10-08,0.018666690304262025
2059-10-09,0.01865240742211534
2059-10-10,0.07401581209148596
2059-10-11,0.030237602112401275
2059-10-12,0.08840448835333431
2059-10-13,0.02061854722167555
2059-10-14,0.018606583420840365
2059-10-15,0.018599057176812248
2059-10-16,0.21629103753506346
2059-10-17,0.018583863594151075
2059-10-18,0.018572961720881433
2059-10-19,0.01856370998888234
2059-10-20,0.018557459734191463
2059-10-21,0.018855977711562406
2059-10-22,0.01900486805825909
2059-10-23,0.01854014180408905
2059-10-24,0.018532216776518985
2059-10-25,0.02051894688500765
2059-10-26,0.018515460993154126
2059-10-27,0.01850913212786441
2059-10-28,0.01876492879803268
2059-10-29,0.14685461512597642
2059-10-30,0.05178080743726001
2059-10-31,0.019016856048371646
2059-11-01,0.019437282598950403
2059-11-02,0.019564702795149897
2059-11-03,0.020844186010653142
2059-11-04,0.019417601593915947
2059-11-05,0.034369204736493734
2059-11-06,0.020254079720844774
2059-11-07,0.021633469872816415
2059-11-08,1.0514570058784916
2059-11-09,1.0181123538729293
2059-11-10,0.6848411983098918
2059-11-11,2.7028298780258777
2059-11-12,3.382824547955189
2059-11-13,2.1042359026853186
2059-11-14,0.22909042000316737
2059-11-15,0.09869110343926243
2059-11-16,0.08330101563496012
2059-11-17,0.04156113268805362
2059-11-18,0.045673936601830646
2059-11-19,0.034302660064305296
2059-11-20,0.03817904718310782
2059-11-21,0.25343563487405213
2059-11-22,2.226234720364249
2059-11-23,0.051568674333952874
2059-11-24,0.9934121149418534
2059-11-25,0.548107131891336
2059-11-26,0.05161828104328636
2059-11-27,0.2853717079522263
2059-11-28,0.07374779435008516
2059-11-29,0.28226992433100456
2059-11-30,0.512234521575956
2059-12-01,0.17522180777581922
2059-12-02,0.07559058590720064
2059-12-03,0.23330308653777054
2059-12-04,0.0852301236689798
2059-12-05,0.061900048322230554
2059-12-06,0.059869883048597146
2059-12-07,0.07501098534345166
2059-12-08,0.6387987023209725
2059-12-09,2.202967930683024
2059-12-10,0.06897663766756792
2059-12-11,0.059284552903098045
2059-12-12,0.05920610846048292
2059-12-13,0.057463808095302715
2059-12-14,0.05728779467702622
2059-12-15,0.07433823180775209
2059-12-16,0.25392191070677017
2059-12-17,0.18566289756897553
2059-12-18,0.7428826406158011
2059-12-19,0.5725139290039498
2059-12-20,1.249507412287609
2059-12-21,3.9463150833896226
2059-12-22,0.8364145118574428
2059-12-23,0.7094225660731477
2059-12-24,0.7922515324634802
2059-12-25,0.836541396450751
2059-12-26,0.846788736291597
2059-12-27,0.8421522759486472
2059-12-28,0.8408680699116634
2059-12-29,0.8550023892789143
2059-12-30,0.9492341304024722
2059-12-31,1.0669477785837236
2060-01-01,0.4989169830567601
2060-01-02,0.5235818194172278
2060-01-03,0.44688264022151075
2060-01-04,0.4191277631124736
2060-01-05,0.47083898292838966
2060-01-06,0.44537171872922987
2060-01-07,0.4349594423980374
2060-01-08,0.3907746429959658
2060-01-09,0.38543444478282074
2060-01-10,0.3562199572535588
2060-01-11,0.3330458904351151
2060-01-12,0.31324129330799694
2060-01-13,0.33533263930409685
2060-01-14,0.34965911872286665
2060-01-15,0.38667721969251734
2060-01-16,0.341056083431196
2060-01-17,0.3425862187030369
2060-01-18,0.3532557036723811
2060-01-19,0.3396921798805992
2060-01-20,0.3531418464978731
2060-01-21,0.3832235318775473
2060-01-22,0.9070644139381383
2060-01-23,1.2056179775493545
2060-01-24,0.7827106654550217
2060-01-25,0.6100897104548373
2060-01-26,0.6073114654121008
2060-01-27,0.6101708887434837
2060-01-28,0.6978310388857867
2060-01-29,0.6937824275402844
2060-01-30,0.8704137793472726
2060-01-31,1.6989531354982368
2060-02-01,1.02571671579048
2060-02-02,0.8735589822851165
2060-02-03,0.886166607804696
2060-02-04,0.8755709147917574
2060-02-05,0.8298550667502191
2060-02-06,0.7697696390821025
2060-02-07,0.7046360032570191
2060-02-08,0.6761437983809326
2060-02-09,0.6278550371899955
2060-02-10,0.5860979663355915
2060-02-11,0.5413813216619983
2060-02-12,0.5036364980232996
2060-02-13,0.5458959985424623
2060-02-14,0.6497679506304687
2060-02-15,0.7012594246572658
2060-02-16,0.6412107453502655
2060-02-17,0.6572346227744427
2060-02-18,0.6195629331704947
2060-02-19,0.5880311429999824
2060-02-20,0.5660910944853192
2060-02-21,0.5483835253042574
2060-02-22,0.5223160494226244
2060-02-23,0.5081246993855114
2060-02-24,0.48631398279166455
2060-02-25,0.46266605864446186
2060-02-26,0.5956940199910885
2060-02-27,0.7113893143666056
2060-02-28,0.5353831050802417
2060-02-29,0.512998937076726
2060-03-01,0.6070071100549392
2060-03-02,0.5904190032275455
2060-03-03,0.7054226817441764
2060-03-04,0.6191906515982805
2060-03-05,0.6928828388981085
2060-03-06,1.5718758120460485
2060-03-07,2.854926083263844
2060-03-08,1.3148662666699211
2060-03-09,1.3297961197167294
2060-03-10,1.145254677120072
2060-03-11,1.3135210020924222
2060-03-12,1.7679802036826189
2060-03-13,1.9845826071640618
2060-03-14,2.247103941923022
2060-03-15,2.2772704299854833
2060-03-16,3.308904303191096
2060-03-17,4.845013841901606
2060-03-18,3.431841158064364
2060-03-19,1.9492273415319352
2060-03-20,2.3162589698528766
2060-03-21,3.4552216962048763
2060-03-22,3.9502864522075023
2060-03-23,3.232532018818489
2060-03-24,2.591188395008337
2060-03-25,4.049627100257293
2060-03-26,4.341857953516176
2060-03-27,4.095594760390681
2060-03-28,3.1550383976200735
2060-03-29,3.4779350956271733
2060-03-30,3.917836728010852
2060-03-31,1.956538562497822
2060-04-01,2.159672599167765
2060-04-02,2.12690127381677
2060-04-03,2.218573291836473
2060-04-04,2.0998265707433608
2060-04-05,2.2649056436918076
2060-04-06,2.702348456497111
2060-04-07,2.6711064219818854
2060-04-08,2.0645756695549182
2060-04-09,2.2048032352992424
2060-04-10,2.0757148317668905
2060-04-11,2.01955621894507
2060-04-12,2.1290289945440257
2060-04-13,2.4330540910948186
2060-04-14,2.9575599217204664
2060-04-15,3.077884983014237
2060-04-16,2.182391584541404
2060-04-17,2.158320648435935
2060-04-18,2.2892446391736936
2060-04-19,2.2358066168102857
2060-04-20,2.2012987789169856
2060-04-21,2.3141193644403995
2060-04-22,1.8948671285314724
2060-04-23,2.080403715159962
2060-04-24,2.501022872607869
2060-04-25,4.049760015462203
2060-04-26,3.2009173951943555
2060-04-27,3.5754380310746274
2060-04-28,3.305909864490644
2060-04-29,2.6722464090674922
2060-04-30,2.3414245812246786
2060-05-01,2.5683291697940156
2060-05-02,2.6767841808004333
2060-05-03,2.732063524067379
2060-05-04,2.9993243228720092
2060-05-05,3.268245961082157
2060-05-06,2.572021285929216
2060-05-07,2.4408778251345065
2060-05-08,2.5802921311494678
2060-05-09,2.937013748915881
2060-05-10,3.586196471666029
2060-05-11,4.993995587774443
2060-05-12,7.06490478423176
2060-05-13,7.341526925507016
2060-05-14,8.969812002027936
2060-05-15,10.181661106983666
2060-05-16,10.898191523323728
2060-05-17,9.435682470659385
2060-05-18,8.879013357762298
2060-05-19,4.754273115670448
2060-05-20,5.524296983469971
2060-05-21,4.251272893050649
2060-05-22,5.053060262338528
2060-05-23,5.037492524552928
2060-05-24,6.141486322702783
2060-05-25,5.963380618026402
2060-05-26,6.185003520636821
2060-05-27,5.87732179014318
2060-05-28,4.516087250671848
2060-05-29,3.975306073128778
2060-05-30,1.62188309345686
2060-05-31,1.4597911411992894
2060-06-01,1.410350401047695
2060-06-02,1.5256935825753717
2060-06-03,1.5298768927790756
2060-06-04,1.42650100123251
2060-06-05,1.438236554918861
2060-06-06,0.9856518442665005
2060-06-07,0.8641829976482823
2060-06-08,0.8494425604822009
2060-06-09,0.9953951817940704
2060-06-10,1.161961046485543
2060-06-11,1.2542759030253199
2060-06-12,1.0661269544133063
2060-06-13,0.7764280315620847
2060-06-14,0.6437081605889536
2060-06-15,0.6757535546087696
2060-06-16,0.6802596379829425
2060-06-17,0.6517107448083822
2060-06-18,0.5644116293776099
2060-06-19,0.5709922769653172
2060-06-20,0.585473729985989
2060-06-21,0.5724606991081139
2060-06-22,0.3276553812332737
2060-06-23,0.3338798085238839
2060-06-24,0.2684731444220765
2060-06-25,0.2661481362411674
2060-06-26,0.22171683858160063
2060-06-27,0.1995373428183556
2060-06-28,0.1715632177425895
2060-06-29,0.15254328386258698
2060-06-30,0.13613583666220846
2060-07-01,0.4075667187493706
2060-07-02,0.3718542826825626
2060-07-03,0.3383997688109693
2060-07-04,0.2518637660246068
2060-07-05,0.21767370447142137
2060-07-06,0.1944222678628295
2060-07-07,0.17574716985377847
2060-07-08,0.15779189412195235
2060-07-09,0.1380177229995406
2060-07-10,0.12610056794775523
2060-07-11,0.1128284927641446
2060-07-12,0.8311936490226839
2060-07-13,0.2519131343024711
2060-07-14,0.229810945727048
2060-07-15,0.8877994029552759
2060-07-16,0.0986378483285594
2060-07-17,0.08349268378458023
2060-07-18,0.07934439225502332
2060-07-19,0.14558716352785941
2060-07-20,0.07313426967115691
2060-07-21,0.2181283722824308
2060-07-22,0.06643712387788593
2060-07-23,0.06093753975046015
2060-07-24,0.22473213034416453
2060-07-25,0.05613249054710577
2060-07-26,0.19668417676509944
2060-07-27,0.05321514047496014
2060-07-28,0.051756108644621955
2060-07-29,0.05022509823034122
2060-07-30,0.11353515923649773
2060-07-31,0.047863201846799375
2060-08-01,0.08350056498653248
2060-08-02,0.06900595893409317
2060-08-03,0.04138761349314475
2060-08-04,0.1766478936941859
2060-08-05,0.043176991622465556
2060-08-06,0.04067092520715237
2060-08-07,0.038765107998715194
2060-08-08,0.03812965360123784
2060-08-09,0.03749764777859279
2060-08-10,0.03693481813415851
2060-08-11,0.036448067525387096
2060-08-12,0.035972466410527086
2060-08-13,0.03552340834342717
2060-08-14,0.0351229653539331
2060-08-15,0.034732875751813004
2060-08-16,0.03431006927919455
2060-08-17,0.033855602029993215
2060-08-18,0.033400047281985104
2060-08-19,0.03296606703856051
2060-08-20,0.03256020280016563
2060-08-21,0.03219227769461763
2060-08-22,0.03184395622002714
2060-08-23,0.03148391200834014
2060-08-24,0.031126000549829332
2060-08-25,0.030766580850681537
2060-08-26,0.03040496038445915
2060-08-27,0.030057582842851652
2060-08-28,0.03469428148328931
2060-08-29,0.029484641776966473
2060-08-30,0.03557889820774682
2060-08-31,0.02898872575967192
2060-09-01,0.012798438018662622
2060-09-02,0.012704221313552476
2060-09-03,0.012621405601261413
2060-09-04,0.012898784796858086
2060-09-05,0.012492692949559018
2060-09-06,0.012429923745216934
2060-09-07,0.012369336544983543
2060-09-08,0.08733819662481888
2060-09-09,0.03258347039316672
2060-09-10,0.01227084395736122
2060-09-11,0.012369753917783222
2060-09-12,0.012199707071905104
2060-09-13,0.19081596157412284
2060-09-14,0.2321107707316231
2060-09-15,0.15184917181645316
2060-09-16,0.012138735135543754
2060-09-17,0.012103816356506706
2060-09-18,0.012066955567344518
2060-09-19,0.01203655338884143
2060-09-20,0.01201330527715518
2060-09-21,0.011991670822974703
2060-09-22,0.011970675143494446
2060-09-23,0.020628812362087873
2060-09-24,0.01192585241846981
2060-09-25,0.011897943010817013
2060-09-26,0.01187149970127551
2060-09-27,0.011847903987760013
2060-09-28,0.011826854195362042
2060-09-29,0.01180733852665132
2060-09-30,0.011790584872812404
2060-10-01,0.01914439506733063
2060-10-02,0.01912805834143723
2060-10-03,0.019111103932255548
2060-10-04,0.019091935271186068
2060-10-05,0.01906716206760771
2060-10-06,0.02204682839246169
2060-10-07,0.0190124659172054
2060-10-08,0.01898628842158174
2060-10-09,0.018996331118991672
2060-10-10,0.018935719061867255
2060-10-11,0.018915359679139536
2060-10-12,0.018897395837799112
2060-10-13,0.018879078031238852
2060-10-14,0.018860027938641992
2060-10-15,0.01883817012897455
2060-10-16,0.018815667206343926
2060-10-17,0.018795473048086243
2060-10-18,0.018776689734296158
2060-10-19,0.018756995678949256
2060-10-20,0.0187346314119778
2060-10-21,0.01871176729142756
2060-10-22,0.018692232359594923
2060-10-23,0.018676321752520916
2060-10-24,0.018662456935644854
2060-10-25,0.01865108825512606
2060-10-26,0.0186406449570214
2060-10-27,0.018627819092065206
2060-10-28,0.018614380780833262
2060-10-29,0.018602404499097388
2060-10-30,0.0185927811782635
2060-10-31,0.018585030539935384
2060-11-01,0.02132804716111411
2060-11-02,0.019525000616921896
2060-11-03,0.03514151125102199
2060-11-04,2.2868970304899485
2060-11-05,1.3464175786396444
2060-11-06,0.07276028802292514
2060-11-07,2.378497058841436
2060-11-08,8.21818745306896
2060-11-09,11.156103822933304
2060-11-10,4.256472446969308
2060-11-11,0.9439441215045813
2060-11-12,5.717631958421261
2060-11-13,0.6312786752898234
2060-11-14,0.29470176597635456
2060-11-15,1.1725119476524744
2060-11-16,0.6407816480593655
2060-11-17,0.24471685672070656
2060-11-18,0.06500551227982203
2060-11-19,0.5052111666341628
2060-11-20,0.7418071730577948
2060-11-21,0.09811828537102138
2060-11-22,0.06530085490113711
2060-11-23,0.12103635636947666
2060-11-24,2.0967891306409037
2060-11-25,0.5493138530951267
2060-11-26,0.19791207487379606
2060-11-27,1.6371386837006456
2060-11-28,12.214364155534629
2060-11-29,2.56530882653854
2060-11-30,2.0347691917943806
2060-12-01,2.581278742829048
2060-12-02,8.543055585791077
2060-12-03,28.370832775538748
2060-12-04,12.938178508583011
2060-12-05,52.04083232839367
2060-12-06,25.64344430790771
2060-12-07,7.090059014261119
2060-12-08,6.898359857191486
2060-12-09,7.069371492726439
2060-12-10,6.348252193295239
2060-12-11,6.222302613867485
2060-12-12,6.14270439978042
2060-12-13,5.881182550798513
2060-12-14,5.496351945347726
2060-12-15,5.090481806717209
2060-12-16,4.6725895477952495
2060-12-17,4.339661657973544
2060-12-18,3.9739759612406247
2060-12-19,4.111059081651906
2060-12-20,3.828467428059525
2060-12-21,3.868231218580031
2060-12-22,3.4678659541076065
2060-12-23,4.15111460937099
2060-12-24,9.402289477158616
2060-12-25,8.991530644197859
2060-12-26,7.715863589464709
2060-12-27,9.690766209412043
2060-12-28,9.841110831300615
2060-12-29,11.90434366039424
2060-12-30,6.733126062078584
2060-12-31,4.146618459987605
2061-01-01,1.4387986412324412
2061-01-02,1.4135069700572054
2061-01-03,1.3703153140197013
2061-01-04,1.329187436380774
2061-01-05,1.2979092287856095
2061-01-06,1.2436564505577639
2061-01-07,1.1587680873645638
2061-01-08,1.0706045435291547
2061-01-09,1.0068044883032188
2061-01-10,0.9846492455246977
2061-01-11,1.11359897250586
2061-01-12,1.0680931674824083
2061-01-13,1.1950460543714228
2061-01-14,1.0801339035045638
2061-01-15,1.0940068994845078
2061-01-16,1.2681709939873642
2061-01-17,1.1584009658387462
2061-01-18,1.0664914194590716
2061-01-19,1.031054388970729
2061-01-20,1.014204890200228
2061-01-21,0.966830324673433
2061-01-22,0.9997752873452572
2061-01-23,0.9178374121767015
2061-01-24,0.8606807345801645
2061-01-25,0.8257927778579551
2061-01-26,0.7822424465813979
2061-01-27,0.7284609646448544
2061-01-28,0.6904713811159936
2061-01-29,0.6579705682005291
2061-01-30,0.6103453221749261
2061-01-31,0.5758339230077694
2061-02-01,0.4933456831866728
2061-02-02,0.46280569145673495
2061-02-03,0.44651776252637754
2061-02-04,0.4234062569450379
2061-02-05,0.39187461481628344
2061-02-06,0.3741400617153866
2061-02-07,0.35675411530509654
2061-02-08,0.3570578829185625
2061-02-09,0.360103639935102
2061-02-10,0.3382597120272642
2061-02-11,0.4208295938657907
2061-02-12,0.3735515946334775
2061-02-13,0.4073173791580107
2061-02-14,0.4298430277378403
2061-02-15,0.3970638392507965
2061-02-16,0.4004229811673235
2061-02-17,0.39918945326859256
2061-02-18,0.5144209358500624
2061-02-19,0.5633393253430747
2061-02-20,0.9085334217794726
2061-02-21,0.6198609938217581
2061-02-22,0.6797326468514625
2061-02-23,1.1801456177345164
2061-02-24,1.040736229862737
2061-02-25,0.8237491248173027
2061-02-26,0.8915649263588822
2061-02-27,0.8219051282713951
2061-02-28,0.9769753163947853
2061-03-01,1.362504212275493
2061-03-02,1.7293412642033952
2061-03-03,1.7723560522622257
2061-03-04,2.166359419394937
2061-03-05,2.8261960444235497
2061-03-06,3.2597719707396906
2061-03-07,4.675903598805457
2061-03-08,5.72623003869787
2061-03-09,5.11585291746038
2061-03-10,4.639799841095826
2061-03-11,2.4597912878862136
2061-03-12,2.1591956199038886
2061-03-13,2.3214383735358965
2061-03-14,1.9655270747006284
2061-03-15,1.9101293234418615
2061-03-16,2.1577564374828335
2061-03-17,2.9434952227145015
2061-03-18,3.208019445830434
2061-03-19,3.8916781216209477
2061-03-20,3.3979962208907235
2061-03-21,3.3278279493231793
2061-03-22,3.1169616777761875
2061-03-23,3.5260633625574647
2061-03-24,3.857142995916806
2061-03-25,4.82509620185949
2061-03-26,3.376939505370428
2061-03-27,5.067782581671294
2061-03-28,6.296347707405256
2061-03-29,5.192514777774748
2061-03-30,2.500993842151718
2061-03-31,2.7566577285343974
2061-04-01,2.902021839560152
2061-04-02,2.992519160153021
2061-04-03,3.5294344475553907
2061-04-04,3.5788576191622883
2061-04-05,3.9823423636380735
2061-04-06,2.8212743708558383
2061-04-07,3.583923947312308
2061-04-08,4.194509032937972
2061-04-09,5.625459429035015
2061-04-10,7.886983135186628
2061-04-11,14.807282174215173
2061-04-12,9.860853022132437
2061-04-13,8.744319166154689
2061-04-14,6.748467690591162
2061-04-15,6.19641867500704
2061-04-16,7.290583835050326
2061-04-17,8.081648089345506
2061-04-18,9.518422786612618
2061-04-19,8.49393084911411
2061-04-20,8.006727045531687
2061-04-21,9.047572323525879
2061-04-22,7.587743256007431
2061-04-23,4.69047303969741
2061-04-24,4.067955912068088
2061-04-25,2.2474082296414397
2061-04-26,1.553020795728524
2061-04-27,1.4839437387606769
2061-04-28,1.4301400407329523
2061-04-29,1.3806247712992417
2061-04-30,1.360591085130126
2061-05-01,1.4076248906312667
2061-05-02,1.5328180018571962
2061-05-03,1.2633986714412153
2061-05-04,1.1233748239928092
2061-05-05,1.0268947519709675
2061-05-06,0.9773123599075478
2061-05-07,0.941115275706096
2061-05-08,0.9159251353442698
2061-05-09,0.8441168416477419
2061-05-10,0.8243013085196903
2061-05-11,0.735222566454487
2061-05-12,0.7805597062411346
2061-05-13,0.7395320536230742
2061-05-14,0.760774737735618
2061-05-15,0.7627203087122936
2061-05-16,1.056987687690628
2061-05-17,1.430115570664082
2061-05-18,2.4733774316521355
2061-05-19,3.619898320721717
2061-05-20,5.888996002810063
2061-05-21,6.732574846363998
2061-05-22,6.661302923570987
2061-05-23,4.85422825432524
2061-05-24,4.578236948686326
2061-05-25,5.167542041506777
2061-05-26,5.244534739315667
2061-05-27,4.8503241207995424
2061-05-28,4.92536030505389
2061-05-29,5.691605126082822
2061-05-30,5.091374397194261
2061-05-31,4.034099915618985
2061-06-01,3.451742827842465
2061-06-02,3.6078596418961406
2061-06-03,2.7047991824359863
2061-06-04,1.746557316574275
2061-06-05,1.8144587477186038
2061-06-06,1.884340794685977
2061-06-07,1.7874049683530306
2061-06-08,1.6658578630026055
2061-06-09,1.594120398306483
2061-06-10,1.3142307070740153
2061-06-11,1.0295185589373168
2061-06-12,0.5646066991663333
2061-06-13,0.4621886095603982
2061-06-14,0.4115243662913122
2061-06-15,0.3741184538020711
2061-06-16,0.3358956195067764
2061-06-17,0.30749551778861395
2061-06-18,0.2769206952354595
2061-06-19,0.24972022453522638
2061-06-20,0.22517532976824464
2061-06-21,0.3089724768116482
2061-06-22,0.1828648014611397
2061-06-23,0.3118024156468332
2061-06-24,0.15817481600344502
2061-06-25,0.13650177663697738
2061-06-26,0.11752339620537793
2061-06-27,0.11786544084427633
2061-06-28,0.10187960022142878
2061-06-29,0.10000815749874575
2061-06-30,0.08906202279409162
2061-07-01,0.2078642411409076
2061-07-02,0.19157573953785456
2061-07-03,0.1773091444987616
2061-07-04,0.16112902295600467
2061-07-05,0.14251204409682988
2061-07-06,0.12682848167305202
2061-07-07,0.11818614948706054
2061-07-08,0.11314940607519468
2061-07-09,0.10613494384922305
2061-07-10,0.09908525315977602
2061-07-11,0.09322673190361201
2061-07-12,0.09065424189907986
2061-07-13,0.0886314515861474
2061-07-14,0.08732358640790583
2061-07-15,0.08651994241328727
2061-07-16,0.08522559757451757
2061-07-17,0.06595663483671761
2061-07-18,0.12518475438816837
2061-07-19,0.06326469495952708
2061-07-20,0.2726041474678432
2061-07-21,0.061384726099330565
2061-07-22,0.05987098330458
2061-07-23,0.058215804355688704
2061-07-24,0.05650293262898221
2061-07-25,0.05491244729024665
2061-07-26,0.053363501060687456
2061-07-27,0.05177867400342012
2061-07-28,0.05829365585849015
2061-07-29,0.05826163688791243
2061-07-30,0.09026176673970059
2061-07-31,0.046936518153096386
2061-08-01,0.09324673925613176
2061-08-02,0.041153932551556915
2061-08-03,0.040358234488875586
2061-08-04,0.039395232450610794
2061-08-05,0.12415715079568389
2061-08-06,0.03777539703783227
2061-08-07,0.03696305473198382
2061-08-08,0.036131437856291845
2061-08-09,0.03531308537648481
2061-08-10,0.2249915919960341
2061-08-11,0.03385553962314724
2061-08-12,0.03316029885020578
2061-08-13,0.06876448381927293
2061-08-14,0.03212287284169705
2061-08-15,0.12332701922165223
2061-08-16,0.03129070653718915
2061-08-17,0.030857785432401426
2061-08-18,0.030444048669580843
2061-08-19,0.030060412496591412
2061-08-20,0.02970775106470581
2061-08-21,0.029386755067287485
2061-08-22,0.029098862951912236
2061-08-23,0.028848939037528495
2061-08-24,0.05715294405121911
2061-08-25,0.028433003659935865
2061-08-26,0.028242356406938264
2061-08-27,0.028057046399191786
2061-08-28,0.02787425804599134
2061-08-29,0.027703588250690234
2061-08-30,0.027565905816562347
2061-08-31,0.02745312114732552
2061-09-01,0.01216514607732386
2061-09-02,0.012114275402402844
2061-09-03,0.012066724072454488
2061-09-04,0.01202349244989093
2061-09-05,0.011981638297892795
2061-09-06,0.014743646278512828
2061-09-07,0.011908875136957833
2061-09-08,0.012316361909401037
2061-09-09,0.011845254618706405
2061-09-10,0.14202565621874033
2061-09-11,0.5465502253451601
2061-09-12,0.01178591436570695
2061-09-13,0.011767167693923932
2061-09-14,0.011747746778999991
2061-09-15,0.011722437648412331
2061-09-16,0.01169463714897145
2061-09-17,0.01166908100494628
2061-09-18,0.011645940608417463
2061-09-19,0.22001219789057339
2061-09-20,0.011609839184634202
2061-09-21,0.011593775332252311
2061-09-22,0.011576794103560226
2061-09-23,0.01155911145911911
2061-09-24,0.011541068412445527
2061-09-25,0.011524708805610875
2061-09-26,0.011510064925576389
2061-09-27,0.011496853504563151
2061-09-28,0.01148403444828388
2061-09-29,0.011471142572116677
2061-09-30,0.011458730372712682
2061-10-01,0.018606934276070516
2061-10-02,0.018589733580562016
2061-10-03,0.018573233654616335
2061-10-04,0.018557905618014223
2061-10-05,0.01854349164330028
2061-10-06,0.018529990991710966
2061-10-07,0.018518041104355152
2061-10-08,0.018507640169209708
2061-10-09,0.03493553360530248
2061-10-10,0.023459965559829734
2061-10-11,0.16682876948187847
2061-10-12,0.018479842896523796
2061-10-13,0.01847317523118866
2061-10-14,0.039813845786346905
2061-10-15,0.09419140944973384
2061-10-16,0.018457389591100586
2061-10-17,0.018449556960278304
2061-10-18,0.01844340649817901
2061-10-19,0.018436673249108956
2061-10-20,0.018429881432506012
2061-10-21,0.018423323587451867
2061-10-22,0.018416631302821472
2061-10-23,0.01873143872521828
2061-10-24,0.018403939185876402
2061-10-25,0.018397433215362646
2061-10-26,0.018390868480312246
2061-10-27,0.01838465525819687
2061-10-28,0.01837860349490853
2061-10-29,0.018372455298350642
2061-10-30,0.24269999898579642
2061-10-31,0.32476773653127156
2061-11-01,0.020761580738322058
2061-11-02,0.0192956375135658
2061-11-03,0.04232494933878474
2061-11-04,0.36236088781203435
2061-11-05,0.5061035141834725
2061-11-06,0.07232406260149953
2061-11-07,0.019353716755925992
2061-11-08,1.0280460440345156
2061-11-09,4.240543640251147
2061-11-10,2.6405154164209135
2061-11-11,0.5794566473437914
2061-11-12,0.8207557876365587
2061-11-13,0.4311519867051849
2061-11-14,0.04736724787385616
2061-11-15,0.03530189299461028
2061-11-16,0.04395564897706495
2061-11-17,0.049617422778971125
2061-11-18,0.049073227893906765
2061-11-19,0.04935279898961335
2061-11-20,5.483893012575236
2061-11-21,1.236081000401686
2061-11-22,0.46422050558724753
2061-11-23,0.10763983451503928
2061-11-24,0.9887442448086461
2061-11-25,4.29977938338904
2061-11-26,29.896811696148426
2061-11-27,1.758911495581172
2061-11-28,0.07017073661599932
2061-11-29,1.378056104767921
2061-11-30,0.3145698819553208
2061-12-01,0.12211097563309449
2061-12-02,0.16518624341817081
2061-12-03,0.14935168065282395
2061-12-04,0.17359408267836104
2061-12-05,0.32166545199264407
2061-12-06,0.40931986362400913
2061-12-07,0.4776290497840269
2061-12-08,0.46071899061843713
2061-12-09,0.5464449846837488
2061-12-10,0.4453756035203564
2061-12-11,0.42565893603875427
2061-12-12,0.4666246750974677
2061-12-13,0.6609539069901456
2061-12-14,0.6502419252889814
2061-12-15,0.5300258867054447
2061-12-16,0.5663292326988334
2061-12-17,0.5705194025395565
2061-12-18,0.5700378210982604
2061-12-19,0.5822023911493271
2061-12-20,0.6104382254779116
2061-12-21,0.6067777727486163
2061-12-22,0.5915736374838783
2061-12-23,0.7358771011078472
2061-12-24,0.6993490408197847
2061-12-25,0.6306575607166064
2061-12-26,0.6449449254728752
2061-12-27,0.6385216111528305
2061-12-28,0.6344067006867643
2061-12-29,0.6880196090269316
2061-12-30,0.7331504728813732
2061-12-31,0.7958840623229033
2062-01-01,0.32728829410855526
2062-01-02,0.4288056259533497
2062-01-03,0.33048927103442777
2062-01-04,0.3349531624295287
2062-01-05,0.3383584894141284
2062-01-06,0.39420146317545673
2062-01-07,0.33555581843632964
2062-01-08,0.3287250912036197
2062-01-09,0.3170516171339137
2062-01-10,0.30633015367172683
2062-01-11,0.30082365140181466
2062-01-12,0.2831849068303408
2062-01-13,0.2661639405157676
2062-01-14,0.25350379825723257
2062-01-15,0.24305045445048415
2062-01-16,0.3211373088604835
2062-01-17,0.36031755490489703
2062-01-18,0.5513548847344718
2062-01-19,0.4640238030781691
2062-01-20,0.46186431763504004
2062-01-21,0.4492221545447252
2062-01-22,0.6192524113102104
2062-01-23,1.0772611233179414
2062-01-24,4.440241961269816
2062-01-25,9.67838318646552
2062-01-26,3.7025278646810604
2062-01-27,2.5887948623636086
2062-01-28,2.4966818932759978
2062-01-29,2.0952357854371115
2062-01-30,1.2976014230251836
2062-01-31,1.2373174992128313
2062-02-01,1.0977399636579936
2062-02-02,1.0467664897297477
2062-02-03,1.1474058949821273
2062-02-04,1.01338849570966
2062-02-05,1.571064874948538
2062-02-06,3.892167059007911
2062-02-07,3.4041307414000266
2062-02-08,1.1440284425640144
2062-02-09,1.2438132531639579
2062-02-10,1.4323141555904133
2062-02-11,1.3257615210172533
2062-02-12,1.427480317515243
2062-02-13,1.6065801154929946
2062-02-14,1.0912185018507399
2062-02-15,3.0113534365111443
2062-02-16,3.314858529304437
2062-02-17,6.648765471817638
2062-02-18,2.2084723546162794
2062-02-19,1.6055556711484609
2062-02-20,1.544920422283273
2062-02-21,1.7676270261570006
2062-02-22,3.9515958642087994
2062-02-23,5.873634760703823
2062-02-24,3.751029367732259
2062-02-25,1.8130327250062321
2062-02-26,2.8232369205568104
2062-02-27,8.871288248751522
2062-02-28,2.2671048174466493
2062-03-01,2.225876064091183
2062-03-02,2.196980895235358
2062-03-03,2.535213014617234
2062-03-04,2.3901670487107296
2062-03-05,2.0776703322034744
2062-03-06,2.021319526312224
2062-03-07,1.9169418967822394
2062-03-08,1.8371634755078392
2062-03-09,1.8022034718453197
2062-03-10,1.8021576967246746
2062-03-11,1.774947962590275
2062-03-12,2.088111148335279
2062-03-13,1.681360671768754
2062-03-14,1.5636821634411178
2062-03-15,1.5021569164630293
2062-03-16,1.469898438110974
2062-03-17,2.1525604584865516
2062-03-18,1.7550332028887186
2062-03-19,2.111329152825457
2062-03-20,1.8007050344639357
2062-03-21,1.6558319680392473
2062-03-22,1.5241586665374316
2062-03-23,1.473086148996534
2062-03-24,1.573043243465817
2062-03-25,1.8811032477014855
2062-03-26,2.132676213371047
2062-03-27,2.6745767384857317
2062-03-28,4.652838963205131
2062-03-29,7.154377947839523
2062-03-30,7.834516148270348
2062-03-31,9.70978683455191
2062-04-01,7.448069952442684
2062-04-02,7.19687907953816
2062-04-03,7.523123428583004
2062-04-04,7.824454649280502
2062-04-05,11.341387551594213
2062-04-06,5.393852127506883
2062-04-07,4.693644400932035
2062-04-08,4.326842859394464
2062-04-09,4.266623973676493
2062-04-10,3.59231540988611
2062-04-11,8.853307537328382
2062-04-12,5.953483799502189
2062-04-13,4.955769672949693
2062-04-14,3.3343182663511968
2062-04-15,3.1574118530454136
2062-04-16,3.795736327483619
2062-04-17,3.9086316887751997
2062-04-18,3.4812142258388348
2062-04-19,2.819102350922761
2062-04-20,3.076760380518461
2062-04-21,2.7195072121787303
2062-04-22,2.9441757661632892
2062-04-23,4.773842585010769
2062-04-24,5.90737021079373
2062-04-25,6.5501053064068815
2062-04-26,8.284148997305378
2062-04-27,10.652828051261174
2062-04-28,12.541215242719037
2062-04-29,10.843926425764359
2062-04-30,9.702539900177012
2062-05-01,2.765462273267126
2062-05-02,3.0467580460307246
2062-05-03,4.324034275719247
2062-05-04,5.96325017157648
2062-05-05,8.350256647773808
2062-05-06,10.38794694350498
2062-05-07,12.243787548487145
2062-05-08,7.541185212466035
2062-05-09,7.07036821925445
2062-05-10,3.7852058116666774
2062-05-11,2.8368501126940138
2062-05-12,3.1690779280285737
2062-05-13,4.094983356211866
2062-05-14,4.105588587071565
2062-05-15,5.374108310832452
2062-05-16,4.996414208944279
2062-05-17,4.431574358253864
2062-05-18,5.64472819022593
2062-05-19,7.058918549201134
2062-05-20,6.9050010162769695
2062-05-21,6.361888395881607
2062-05-22,6.981130737934431
2062-05-23,6.596215344479831
2062-05-24,2.8474089076363276
2062-05-25,3.545942798582554
2062-05-26,3.926979436329017
2062-05-27,1.8242341049239315
2062-05-28,2.283694414408656
2062-05-29,3.5582295197378415
2062-05-30,3.0381414496886827
2062-05-31,3.9607564361660503
2062-06-01,5.444756326210858
2062-06-02,6.053820505248562
2062-06-03,4.954531336206531
2062-06-04,5.2649236938133335
2062-06-05,4.728266948085178
2062-06-06,3.360317427045023
2062-06-07,2.302403542530071
2062-06-08,2.7345749352681863
2062-06-09,3.502607682560789
2062-06-10,4.105546391455744
2062-06-11,5.042380227963529
2062-06-12,4.62234342565819
2062-06-13,4.42877792191503
2062-06-14,4.046165511514056
2062-06-15,2.956106795303972
2062-06-16,2.7322828330231848
2062-06-17,2.2318849511659242
2062-06-18,1.9017430965531534
2062-06-19,1.4262852536421438
2062-06-20,1.2277140646856257
2062-06-21,1.2822246179157917
2062-06-22,1.267961907625707
2062-06-23,1.2851408579434245
2062-06-24,0.7370500514663144
2062-06-25,0.6666668950383683
2062-06-26,0.44250931907418267
2062-06-27,0.4258000770242867
2062-06-28,0.4093695510989561
2062-06-29,0.3044696599521665
2062-06-30,0.26840488266916274
2062-07-01,0.7693516105416843
2062-07-02,0.6706809335659571
2062-07-03,0.5899199608599854
2062-07-04,0.5364788183780048
2062-07-05,0.4724939900618629
2062-07-06,0.40812529508339995
2062-07-07,0.38290048763951146
2062-07-08,0.3567323488354146
2062-07-09,0.32076986682725367
2062-07-10,0.28802697119771387
2062-07-11,0.27162078480773855
2062-07-12,0.449774372135287
2062-07-13,0.1535006925055299
2062-07-14,0.1697854044036692
2062-07-15,0.13377717331284728
2062-07-16,0.5966542010792779
2062-07-17,0.49802800711366696
2062-07-18,1.2787315122067777
2062-07-19,0.7730084549308734
2062-07-20,0.13252351538399298
2062-07-21,0.5286955815145146
2062-07-22,0.12617186451927265
2062-07-23,0.11557910663616845
2062-07-24,0.10491537297810181
2062-07-25,0.09591365392202306
2062-07-26,0.08996913968248425
2062-07-27,0.07810488518955407
2062-07-28,0.1993042341247009
2062-07-29,0.6478145064659315
2062-07-30,0.05873749967480252
2062-07-31,0.056369135786439546
2062-08-01,0.04967401696685447
2062-08-02,0.04947866350757337
2062-08-03,0.045887915831536605
2062-08-04,0.04416156829442405
2062-08-05,1.2461353137002475
2062-08-06,0.04201296957878023
2062-08-07,0.8077188613765709
2062-08-08,0.8880602585809767
2062-08-09,0.043382330571500316
2062-08-10,0.1816955428969489
2062-08-11,0.04192787331857552
2062-08-12,0.24122701667273014
2062-08-13,0.041305925118326176
2062-08-14,0.18464831728192568
2062-08-15,0.0404811519578731
2062-08-16,0.062199286548046996
2062-08-17,0.03970044857216673
2062-08-18,0.04378506477018238
2062-08-19,0.0388413849100203
2062-08-20,0.03834107162203625
2062-08-21,0.03814141740234051
2062-08-22,0.037271353379433464
2062-08-23,0.03668074102191087
2062-08-24,0.03615302262155636
2062-08-25,0.06185374200642042
2062-08-26,0.035262307301381975
2062-08-27,0.05073371973502024
2062-08-28,0.03433520369238935
2062-08-29,0.25186105104927925
2062-08-30,0.04047864810061484
2062-08-31,0.19551650199500417
2062-09-01,0.01585175574313685
2062-09-02,0.08815037919643008
2062-09-03,0.014601567994334095
2062-09-04,0.014471266960208853
2062-09-05,0.014354154570484803
2062-09-06,0.014242447839286312
2062-09-07,0.014125910543551671
2062-09-08,0.014006123467397769
2062-09-09,0.013890201475381113
2062-09-10,0.016260637901533488
2062-09-11,0.013687852413673098
2062-09-12,0.013597121198700636
2062-09-13,0.04479004426516695
2062-09-14,0.01345519840299532
2062-09-15,0.02420293535334118
2062-09-16,0.015164912028251954
2062-09-17,0.013325807758551238
2062-09-18,0.013707673740452736
2062-09-19,0.013232437910123386
2062-09-20,0.015476940316360684
2062-09-21,0.014999985851081558
2062-09-22,0.013071796355694616
2062-09-23,0.012994473699808417
2062-09-24,0.012923418540487364
2062-09-25,0.012862086611572196
2062-09-26,0.012811681158516405
2062-09-27,0.012768012393164697
2062-09-28,0.012731201907982964
2062-09-29,0.012702341570147626
2062-09-30,0.012675584414016778
2062-10-01,0.02055787032060602
2062-10-02,0.020512544279828633
2062-10-03,0.020464416372577565
2062-10-04,0.020413184791367
2062-10-05,0.020365979769099103
2062-10-06,0.020326153282267855
2062-10-07,0.09592224808314154
2062-10-08,0.020280218547518065
2062-10-09,0.020452139167819884
2062-10-10,0.020214403466904896
2062-10-11,0.020181913476786262
2062-10-12,0.020151653214626586
2062-10-13,0.02150310286777107
2062-10-14,0.020100509615025478
2062-10-15,0.020079895816493512
2062-10-16,0.02004952780977362
2062-10-17,0.02001189350939967
2062-10-18,0.01997712474973531
2062-10-19,0.019947247145550663
2062-10-20,0.019918970501504717
2062-10-21,0.019888733670462663
2062-10-22,0.019850486920735134
2062-10-23,0.019804809735378664
2062-10-24,0.019757570967006362
2062-10-25,0.019716437072865977
2062-10-26,0.020065692327829808
2062-10-27,0.019657219094381003
2062-10-28,0.025063298395039582
2062-10-29,0.01962118810177252
2062-10-30,0.019585798263586026
2062-10-31,0.019997906798588778
2062-11-01,0.020546165979469445
2062-11-02,0.02052164445696643
2062-11-03,0.02050187178786336
2062-11-04,0.020612519041129318
2062-11-05,0.020473071865136954
2062-11-06,0.020456552273601835
2062-11-07,0.020668272710704618
2062-11-08,0.020688327344670455
2062-11-09,0.020410317754203197
2062-11-10,0.020394217990445815
2062-11-11,0.020375623535400983
2062-11-12,0.020360670625465257
2062-11-13,0.020995782500275003
2062-11-14,0.6007440299521242
2062-11-15,0.8026560647713282
2062-11-16,0.6584538881508687
2062-11-17,0.16425104606838922
2062-11-18,0.02164309564002967
2062-11-19,0.02111993726274916
2062-11-20,0.057559614663600725
2062-11-21,0.06472304111635002
2062-11-22,0.03321322064867344
2062-11-23,0.028872855483627023
2062-11-24,0.02180034536036124
2062-11-25,0.023099587306125786
2062-11-26,0.02551305894859129
2062-11-27,0.07050414222714896
2062-11-28,0.531910805930268
2062-11-29,0.6966104187768636
2062-11-30,0.877136500710694
2062-12-01,0.46926487294931063
2062-12-02,0.0950260914342072
2062-12-03,0.05038096238360165
2062-12-04,0.027128520515266704
2062-12-05,0.028542416581391474
2062-12-06,0.027921000413597647
2062-12-07,0.035321112544767067
2062-12-08,0.029560973778437593
2062-12-09,0.09125924606641411
2062-12-10,0.06762300486541754
2062-12-11,0.20525720249551566
2062-12-12,0.029615376985948027
2062-12-13,0.043637664352721386
2062-12-14,0.07283359998906146
2062-12-15,0.17386004033212754
2062-12-16,0.5475422609369635
2062-12-17,0.4130995765854393
2062-12-18,0.1269068190061533
2062-12-19,0.040801936011268844
2062-12-20,0.42249802081719373
2062-12-21,0.22127475346121667
2062-12-22,0.14771608652526136
2062-12-23,0.4760596263002201
2062-12-24,1.5916204454823593
2062-12-25,0.2584394305102118
2062-12-26,0.044084440533030615
2062-12-27,0.041900786360456924
2062-12-28,0.25034935543181713
2062-12-29,0.23192841281395796
2062-12-30,0.056134866947533654
2062-12-31,0.04688446315782203
2063-01-01,0.021735928810723275
2063-01-02,0.015770697163678776
2063-01-03,0.0141617628641484
2063-01-04,0.014274370928145283
2063-01-05,0.02233168991896844
2063-01-06,0.2951677045168905
2063-01-07,0.3865892768642171
2063-01-08,0.560340480798367
2063-01-09,6.822874452257381
2063-01-10,0.688564573252005
2063-01-11,0.22732165209988886
2063-01-12,0.24113884502293523
2063-01-13,0.25508761240331806
2063-01-14,0.2521669264708778
2063-01-15,0.2953807621129936
2063-01-16,0.3123062779519875
2063-01-17,0.5448882691107293
2063-01-18,1.4591389382806639
2063-01-19,3.2724294440131207
2063-01-20,2.4581250147081457
2063-01-21,36.30484241086341
2063-01-22,28.03639078255611
2063-01-23,3.7927888402183347
2063-01-24,4.0266286589688995
2063-01-25,1.31928131198518
2063-01-26,0.9919078876309191
2063-01-27,1.6987361161461725
2063-01-28,0.9414645218412971
2063-01-29,1.1216704030494797
2063-01-30,1.1016061897941245
2063-01-31,1.62443338205599
2063-02-01,1.0341147239191324
2063-02-02,1.6519674472323609
2063-02-03,2.6726580380635148
2063-02-04,1.0676146382294804
2063-02-05,0.8461408259490741
2063-02-06,0.8365268077078711
2063-02-07,0.8132267429949086
2063-02-08,0.8107268421666917
2063-02-09,0.7848448186243744
2063-02-10,0.7381654882763636
2063-02-11,0.7028978598277541
2063-02-12,0.6616143748790987
2063-02-13,0.6079009067911311
2063-02-14,0.5665103430689169
2063-02-15,0.5291411349164616
2063-02-16,0.5004380804793708
2063-02-17,0.46810638713961417
2063-02-18,0.4386699049850669
2063-02-19,0.4203182125069088
2063-02-20,0.40494121946405515
2063-02-21,0.3846676504008589
2063-02-22,0.35505689814607716
2063-02-23,0.34332354559766654
2063-02-24,0.3225457871959908
2063-02-25,0.31369714994263426
2063-02-26,0.3056440864976617
2063-02-27,0.3254690897791849
2063-02-28,0.7630099647490756
2063-03-01,0.5070144986985353
2063-03-02,0.5031867291359507
2063-03-03,0.6006140628121817
2063-03-04,0.6320808760277353
2063-03-05,0.7852301848540032
2063-03-06,0.8638168164144631
2063-03-07,0.7557456292140616
2063-03-08,0.7363052650326738
2063-03-09,0.7207742592091932
2063-03-10,0.6889863411674209
2063-03-11,0.7143038805709607
2063-03-12,0.7965371836648726
2063-03-13,1.40536518740166
2063-03-14,1.0471041578433342
2063-03-15,0.9349205678710041
2063-03-16,0.9712987707284871
2063-03-17,0.9317885669457812
2063-03-18,0.8837288011827734
2063-03-19,0.8736865522569217
2063-03-20,0.8477315701334127
2063-03-21,0.9195855190314364
2063-03-22,1.0842196633308059
2063-03-23,1.1721812648428858
2063-03-24,1.3438604595270673
2063-03-25,1.239282916171969
2063-03-26,1.2040327415409466
2063-03-27,1.703818705015927
2063-03-28,3.1418262679042597
2063-03-29,3.943259278443936
2063-03-30,5.4145595227523104
2063-03-31,8.765162085569587
2063-04-01,8.81047715142482
2063-04-02,10.197115714169886
2063-04-03,13.175235959732209
2063-04-04,11.621625892739914
2063-04-05,12.666641207062204
2063-04-06,13.091339606496913
2063-04-07,8.991401520552337
2063-04-08,4.944673394098483
2063-04-09,3.122624542145487
2063-04-10,3.435283637085373
2063-04-11,3.5441493635103183
2063-04-12,3.1970139759932543
2063-04-13,3.096789128044655
2063-04-14,3.041533645171304
2063-04-15,2.8770604857442947
2063-04-16,2.7254268430625146
2063-04-17,2.5004529522366683
2063-04-18,2.283465994914312
2063-04-19,2.1186542205374486
2063-04-20,1.9178628019602855
2063-04-21,1.8428797521987497
2063-04-22,2.764331701502366
2063-04-23,2.165989059706121
2063-04-24,1.9840588940773123
2063-04-25,1.9387929113934912
2063-04-26,1.8317218351073183
2063-04-27,1.8045794430020883
2063-04-28,1.6902317919530017
2063-04-29,1.9591562829924978
2063-04-30,1.9382217044581387
2063-05-01,1.7721961590275568
2063-05-02,2.0008600731176025
2063-05-03,1.7229654677893482
2063-05-04,1.6592298780550552
2063-05-05,1.5780254895145325
2063-05-06,1.4925952270742517
2063-05-07,1.4081205046663328
2063-05-08,1.3205726512719207
2063-05-09,1.2615911079990683
2063-05-10,1.1676491290234945
2063-05-11,1.2515241039245655
2063-05-12,1.3669748330325264
2063-05-13,1.171271308376399
2063-05-14,1.1790184431125117
2063-05-15,1.129538261686559
2063-05-16,1.0726157733661095
2063-05-17,1.0883419646336268
2063-05-18,1.3896873636460416
2063-05-19,1.900812754910566
2063-05-20,2.9469713230256027
2063-05-21,3.999897535758644
2063-05-22,7.236520230013759
2063-05-23,9.377199700002059
2063-05-24,10.81114258145063
2063-05-25,12.009671080461533
2063-05-26,13.742604946140164
2063-05-27,12.132823823372767
2063-05-28,13.268926734926142
2063-05-29,13.776950759371775
2063-05-30,12.333915058995705
2063-05-31,8.138519940554776
2063-06-01,7.320970035840874
2063-06-02,7.08018143496737
2063-06-03,4.26733937529976
2063-06-04,6.241082347673913
2063-06-05,9.040906043924746
2063-06-06,10.97353328917542
2063-06-07,10.112704512287097
2063-06-08,10.671351688768839
2063-06-09,12.408318310542628
2063-06-10,11.785050952651957
2063-06-11,13.092406639115069
2063-06-12,12.670548958650933
2063-06-13,13.606880641998307
2063-06-14,13.38707371615612
2063-06-15,12.929574241219106
2063-06-16,12.038439514551206
2063-06-17,10.01571683015307
2063-06-18,9.297812830529088
2063-06-19,7.706782821044794
2063-06-20,6.624830599180816
2063-06-21,5.700645135304067
2063-06-22,6.1705930211682185
2063-06-23,5.659496606565471
2063-06-24,4.907852656991813
2063-06-25,3.5292697585720045
2063-06-26,2.920294678144012
2063-06-27,2.690205462994985
2063-06-28,2.5179356221517812
2063-06-29,2.1825655897693306
2063-06-30,1.7552320494445612
2063-07-01,5.216965168146518
2063-07-02,5.955105473374698
2063-07-03,4.560517996005136
2063-07-04,3.1428046999286727
2063-07-05,2.9776387713178063
2063-07-06,2.877657972174228
2063-07-07,2.889171010671224
2063-07-08,2.701635006650691
2063-07-09,2.304419968800046
2063-07-10,2.0976519027812746
2063-07-11,2.0587643259115795
2063-07-12,2.194821567788985
2063-07-13,2.0903921213678207
2063-07-14,1.9399532016487853
2063-07-15,1.8130093670175698
2063-07-16,1.8585970149357043
2063-07-17,1.7859500497638865
2063-07-18,1.9133773949006325
2063-07-19,2.4449831593115388
2063-07-20,1.0497393560966457
2063-07-21,1.0673644547643177
2063-07-22,0.8941605567610839
2063-07-23,0.795760415454359
2063-07-24,0.5783374107616369
2063-07-25,0.543404031271141
2063-07-26,0.4963872479124432
2063-07-27,0.45343514482457875
2063-07-28,0.41272944225784447
2063-07-29,0.3880513858903627
2063-07-30,0.34849751938787227
2063-07-31,0.309412203215705
2063-08-01,0.28002387655838734
2063-08-02,0.21501100103500545
2063-08-03,0.15340188887997322
2063-08-04,0.1401261136998725
2063-08-05,0.15940468848966022
2063-08-06,0.1179608889552146
2063-08-07,0.14113301764888425
2063-08-08,0.11370306555170208
2063-08-09,0.15552767484875174
2063-08-10,1.2224608099814853
2063-08-11,0.08657636368665746
2063-08-12,0.43498552529671497
2063-08-13,0.07972508042959571
2063-08-14,0.07643122841351399
2063-08-15,0.07223115460342357
2063-08-16,0.06739265296205654
2063-08-17,0.06503259623847002
2063-08-18,0.06109291963765807
2063-08-19,0.0506424972042025
2063-08-20,0.048969995515520365
2063-08-21,0.04752943920376755
2063-08-22,0.0462966394033148
2063-08-23,0.04486045387204345
2063-08-24,0.04334687851306032
2063-08-25,0.04189626354461352
2063-08-26,0.04048830025586277
2063-08-27,0.039156084817733694
2063-08-28,0.03796461926499623
2063-08-29,0.03691439502921179
2063-08-30,0.03599417022636188
2063-08-31,0.035183497258948065
2063-09-01,0.015345791413666158
2063-09-02,0.0150845607609173
2063-09-03,0.014855214172240713
2063-09-04,0.014644065510189708
2063-09-05,0.014441173282906216
2063-09-06,0.014244659509424258
2063-09-07,0.014053678819644729
2063-09-08,0.013878496129277926
2063-09-09,0.013724592149453475
2063-09-10,0.013586834469660022
2063-09-11,0.013460580351927333
2063-09-12,0.013349193655421403
2063-09-13,0.013252885628453972
2063-09-14,0.013166814373731621
2063-09-15,0.01309158478446647
2063-09-16,0.013307157100521879
2063-09-17,0.012968570065684318
2063-09-18,0.014424606433015259
2063-09-19,0.052422064045253756
2063-09-20,0.012837605520228598
2063-09-21,0.12485607421899947
2063-09-22,0.012741079735542674
2063-09-23,0.012697398068788657
2063-09-24,0.012642863786987502
2063-09-25,0.012582477872743478
2063-09-26,0.012524771841976139
2063-09-27,0.012470710950992331
2063-09-28,0.012415723432159482
2063-09-29,0.012361559946684624
2063-09-30,0.01231184034790566
2063-10-01,0.019940029190632858
2063-10-02,0.019875912809602755
2063-10-03,0.019812885571267806
2063-10-04,0.019753185994872684
2063-10-05,0.01969687583489428
2063-10-06,0.0208962008119163
2063-10-07,0.06164160620083888
2063-10-08,0.03136445519509077
2063-10-09,0.01997312151212188
2063-10-10,0.019557705658881572
2063-10-11,0.019530702867914987
2063-10-12,0.019507834718024804
2063-10-13,0.02037638390042229
2063-10-14,0.019475374870485763
2063-10-15,0.01945876620675295
2063-10-16,0.019438561892547994
2063-10-17,0.019414545467070846
2063-10-18,0.01956644030153713
2063-10-19,0.01937131087310528
2063-10-20,0.019346815844787976
2063-10-21,0.04356872660971201
2063-10-22,0.21660131593874363
2063-10-23,0.3485154897750876
2063-10-24,0.020360761947765017
2063-10-25,0.019272229430621447
2063-10-26,0.019451716648883975
2063-10-27,0.025409059358918174
2063-10-28,0.0192400325746994
2063-10-29,0.07120818849326273
2063-10-30,0.6797334643003633
2063-10-31,1.216201471224817
2063-11-01,0.9090437397645399
2063-11-02,0.16669921753971848
2063-11-03,0.12153853479269319
2063-11-04,0.060866989474365224
2063-11-05,0.07172863178627613
2063-11-06,1.170170919116784
2063-11-07,3.6472176028725873
2063-11-08,3.0533695306446442
2063-11-09,5.9340791592083555
2063-11-10,9.649425248292673
2063-11-11,0.5450008040307132
2063-11-12,0.131473115698049
2063-11-13,0.18479888285325494
2063-11-14,0.45662112194622506
2063-11-15,0.1653004240537225
2063-11-16,0.06176590384945257
2063-11-17,0.07096485266037598
2063-11-18,0.09848706656976028
2063-11-19,0.15846297316206395
2063-11-20,0.20247818415924299
2063-11-21,0.07152999780178516
2063-11-22,0.060146347143650976
2063-11-23,0.12974310978165848
2063-11-24,0.06203318201506726
2063-11-25,0.11911870442100096
2063-11-26,0.09741063894546874
2063-11-27,0.0997590829839146
2063-11-28,0.06266274312583937
2063-11-29,0.07594278288786177
2063-11-30,0.05745589338569435
2063-12-01,0.05961048505457927
2063-12-02,0.06017660752476013
2063-12-03,0.06111205066837559
2063-12-04,0.06478979387160277
2063-12-05,0.08556792938256003
2063-12-06,0.06738210491851107
2063-12-07,0.06671099492267983
2063-12-08,0.33808736794535976
2063-12-09,0.23885048460846559
2063-12-10,0.0780479703659091
2063-12-11,1.0171651131976551
2063-12-12,0.7511254320254718
2063-12-13,0.534609368373455
2063-12-14,0.7901437681993664
2063-12-15,0.2121905503884701
2063-12-16,0.20095309298013958
2063-12-17,0.3655829604137921
2063-12-18,0.22605606816457424
2063-12-19,0.4449192624902387
2063-12-20,1.4031744012269367
2063-12-21,0.5486617542746658
2063-12-22,0.38454490466374003
2063-12-23,0.2319006691165153
2063-12-24,0.2981132307595492
2063-12-25,0.49301334845977174
2063-12-26,0.4271940887401025
2063-12-27,0.3967389950637768
2063-12-28,0.4689520074721999
2063-12-29,0.6008820911088736
2063-12-30,0.9338803313609347
2063-12-31,2.1480303890752674
2064-01-01,2.369045779896286
2064-01-02,2.0544864037446215
2064-01-03,0.8810501795520509
2064-01-04,0.8404846084547777
2064-01-05,0.979047342128353
2064-01-06,1.6970677344891765
2064-01-07,1.3157262663515625
2064-01-08,1.621491681585793
2064-01-09,3.643613063836117
2064-01-10,1.9777227570740101
2064-01-11,0.9168847013145428
2064-01-12,1.4970772471963452
2064-01-13,0.9075633144391413
2064-01-14,0.9406152475429307
2064-01-15,2.287257474477502
2064-01-16,0.8477013040595568
2064-01-17,0.7962732705840343
2064-01-18,0.8219118488176099
2064-01-19,0.9413034787960934
2064-01-20,0.9923378270503452
2064-01-21,1.4854611335634837
2064-01-22,3.421645217227987
2064-01-23,1.8118247915554935
2064-01-24,1.5618577892469436
2064-01-25,4.874209076995756
2064-01-26,21.262900095931332
2064-01-27,20.381821174530806
2064-01-28,3.0232591444061514
2064-01-29,1.9213427116198856
2064-01-30,2.3199010949196173
2064-01-31,2.8301836633472335
2064-02-01,1.7329060576453192
2064-02-02,1.6034020429094957
2064-02-03,1.5845256079351515
2064-02-04,1.5195874917640206
2064-02-05,1.4849521181984968
2064-02-06,1.3812157899206037
2064-02-07,1.3780387557969696
2064-02-08,1.239304008732984
2064-02-09,1.1105188357141613
2064-02-10,1.044247744055647
2064-02-11,0.981497940670921
2064-02-12,0.9672692831253217
2064-02-13,0.8959349716452779
2064-02-14,0.8397869661392091
2064-02-15,0.8240364458267317
2064-02-16,0.7626023452708846
2064-02-17,0.7971770684036648
2064-02-18,1.7726322999366089
2064-02-19,2.8359867674907653
2064-02-20,1.5615453758835285
2064-02-21,1.6487747025883315
2064-02-22,1.9210244022402223
2064-02-23,2.031825883686391
2064-02-24,1.899864680962804
2064-02-25,1.7946397414056903
2064-02-26,2.40711658788505
2064-02-27,5.2186607095620134
2064-02-28,1.8905230924847598
2064-02-29,2.8694557224273862
2064-03-01,5.921540499067059
2064-03-02,3.409000946308363
2064-03-03,2.331317358826894
2064-03-04,1.9563163091019273
2064-03-05,1.9072461074347726
2064-03-06,1.8522042215066181
2064-03-07,1.8483761129123204
2064-03-08,1.874248398564748
2064-03-09,1.9464689551437302
2064-03-10,2.284108070063429
2064-03-11,2.8854909736104872
2064-03-12,3.3405013849713296
2064-03-13,5.465192313394665
2064-03-14,7.311198438726368
2064-03-15,6.558866366452076
2064-03-16,7.261787636959839
2064-03-17,9.666598507562217
2064-03-18,8.832418469088394
2064-03-19,7.636790803481341
2064-03-20,7.265532061466431
2064-03-21,8.63810439725826
2064-03-22,10.419977949016378
2064-03-23,11.216204651292971
2064-03-24,9.42116033713706
2064-03-25,8.265934152871528
2064-03-26,5.189427039035408
2064-03-27,4.804996773815764
2064-03-28,2.5476642280896105
2064-03-29,2.325804952341358
2064-03-30,2.8309260217379015
2064-03-31,3.5642539607779153
2064-04-01,4.994053069111709
2064-04-02,3.156746761431836
2064-04-03,3.486574263092757
2064-04-04,4.748587154563086
2064-04-05,5.969049798366329
2064-04-06,4.267056892088068
2064-04-07,2.568332063694295
2064-04-08,2.515359865235625
2064-04-09,2.563670184529847
2064-04-10,2.708840881198109
2064-04-11,2.7686338151830303
2064-04-12,2.550175404251806
2064-04-13,2.5258546614067057
2064-04-14,2.489061305084596
2064-04-15,2.4003266166276482
2064-04-16,2.2714098739326807
2064-04-17,2.0635949863796976
2064-04-18,2.1995551014569195
2064-04-19,2.073464353154745
2064-04-20,1.9279556115779781
2064-04-21,2.057899516989912
2064-04-22,2.2966107070200334
2064-04-23,3.1720164303208644
2064-04-24,6.344687630134389
2064-04-25,9.66222390006481
2064-04-26,7.9505277263733865
2064-04-27,2.886242061749967
2064-04-28,2.3931995620801856
2064-04-29,2.584127260599135
2064-04-30,2.903214590415567
2064-05-01,2.4976382333857514
2064-05-02,2.944667632817949
2064-05-03,3.4962435475765314
2064-05-04,5.25503251083459
2064-05-05,7.568300805684458
2064-05-06,9.072182051011643
2064-05-07,9.470010945046724
2064-05-08,9.08224306801825
2064-05-09,10.232762380269179
2064-05-10,4.637869611440337
2064-05-11,4.442281583582739
2064-05-12,5.019082249741555
2064-05-13,3.254272743322435
2064-05-14,3.135415275163509
2064-05-15,2.8302718298675416
2064-05-16,2.253187644586281
2064-05-17,2.5855218874679182
2064-05-18,3.7295540580854794
2064-05-19,4.113753505368622
2064-05-20,4.535988537200933
2064-05-21,5.631350878157276
2064-05-22,6.021567551625275
2064-05-23,3.338371272480722
2064-05-24,3.8787604057195004
2064-05-25,4.600646597162604
2064-05-26,4.94514136049076
2064-05-27,4.702042987831555
2064-05-28,2.734243985377207
2064-05-29,3.3097228702034256
2064-05-30,3.6021911941132676
2064-05-31,4.372102598548476
2064-06-01,4.966041967005192
2064-06-02,7.149253040142019
2064-06-03,8.04881593229836
2064-06-04,6.320584487838366
2064-06-05,7.721033694884722
2064-06-06,6.67346990661513
2064-06-07,6.339603346623519
2064-06-08,7.254406419558676
2064-06-09,7.256871562879118
2064-06-10,6.5886137452979945
2064-06-11,5.04413232279802
2064-06-12,4.633966583186415
2064-06-13,4.5596811206156485
2064-06-14,3.7177259422221853
2064-06-15,3.2469495031398385
2064-06-16,3.53547170151073
2064-06-17,3.0593891964201174
2064-06-18,2.577333629505125
2064-06-19,1.4848547105182723
2064-06-20,1.4739598911495542
2064-06-21,1.4776103144467874
2064-06-22,1.59774111741869
2064-06-23,1.5275612167538257
2064-06-24,1.3976566018589116
2064-06-25,1.2210934239081102
2064-06-26,0.7540359279108788
2064-06-27,0.7356907787449964
2064-06-28,0.7471539791920434
2064-06-29,0.7063302466618308
2064-06-30,0.6494482364703547
2064-07-01,2.011875564450675
2064-07-02,1.854312500011156
2064-07-03,1.854083189553031
2064-07-04,1.6596773502038036
2064-07-05,1.6142411828329921
2064-07-06,0.9458882901871373
2064-07-07,0.8770113173768976
2064-07-08,0.8226978692862641
2064-07-09,0.7531775200233792
2064-07-10,0.6632420188183739
2064-07-11,0.5490781503585889
2064-07-12,0.4987440324757114
2064-07-13,0.4545125941296825
2064-07-14,0.4143741791474969
2064-07-15,0.3797558797420662
2064-07-16,0.38324423341784647
2064-07-17,0.32047628441213405
2064-07-18,0.3058642834092608
2064-07-19,0.2891243712558214
2064-07-20,0.1792748788460113
2064-07-21,0.16076127724218434
2064-07-22,0.6741799808278444
2064-07-23,0.1394652797639784
2064-07-24,0.2532349979244536
2064-07-25,0.12556341379100275
2064-07-26,0.11196396887311182
2064-07-27,0.10120202026105535
2064-07-28,0.09392828512917573
2064-07-29,0.10566950715189993
2064-07-30,0.1034240327735714
2064-07-31,0.08013915195455805
2064-08-01,0.058496523999288945
2064-08-02,0.05393799536010146
2064-08-03,0.05167832589767431
2064-08-04,0.049791937498454335
2064-08-05,0.04784960731803612
2064-08-06,0.04569304230737381
2064-08-07,0.04369281037836294
2064-08-08,0.04191345513097442
2064-08-09,0.040399070063526665
2064-08-10,0.15875600011513202
2064-08-11,0.03823252673509033
2064-08-12,0.04353649146757518
2064-08-13,0.036470792901818566
2064-08-14,0.035674111822777806
2064-08-15,0.03849626534105362
2064-08-16,0.03574704909953362
2064-08-17,0.06703681077443391
2064-08-18,0.03347981508066164
2064-08-19,0.03289555203728769
2064-08-20,0.08131029199624286
2064-08-21,0.031912138945268696
2064-08-22,0.03148594857898304
2064-08-23,0.03106346350885615
2064-08-24,0.03066850923734759
2064-08-25,0.03420025443152211
2064-08-26,0.03000527126132012
2064-08-27,0.029707471659782856
2064-08-28,0.03332326617569164
2064-08-29,0.02920215826482664
2064-08-30,0.02896083820092603
2064-08-31,0.02873078114113682
2064-09-01,0.012687720373932192
2064-09-02,0.012600954917338347
2064-09-03,0.012520933405881753
2064-09-04,0.012452013191924006
2064-09-05,0.013017954016536278
2064-09-06,0.01235204039405857
2064-09-07,0.01230413910647135
2064-09-08,0.012262573577742221
2064-09-09,0.012228251630907114
2064-09-10,0.012196379034677638
2064-09-11,0.01215920691759669
2064-09-12,0.012118770488185606
2064-09-13,0.012081047848359148
2064-09-14,0.012046424262597102
2064-09-15,0.015588323547327103
2064-09-16,0.02557127189967964
2064-09-17,0.011971888792510522
2064-09-18,0.011932385622186242
2064-09-19,0.011895037480311526
2064-09-20,0.011859663115376699
2064-09-21,0.011825570481845963
2064-09-22,0.011794585386955277
2064-09-23,0.01176724667161495
2064-09-24,0.011742823657412612
2064-09-25,0.015440203780365687
2064-09-26,0.09155689268043457
2064-09-27,0.011704349078183116
2064-09-28,0.011691225323959593
2064-09-29,0.011672904127016766
2064-09-30,0.011652699642855409
2064-10-01,0.018909490277583416
2064-10-02,0.018877677083124364
2064-10-03,0.018845329616913167
2064-10-04,0.01881484149647264
2064-10-05,0.018788208468979536
2064-10-06,0.01876473559699762
2064-10-07,0.018746748839621807
2064-10-08,0.018733264982590554
2064-10-09,0.01871797876103212
2064-10-10,0.018700747896266644
2064-10-11,0.0186872244774211
2064-10-12,0.018729250549631885
2064-10-13,0.018670023388931534
2064-10-14,0.018661788826613623
2064-10-15,0.018718335952185604
2064-10-16,0.019960670504002378
2064-10-17,0.01933711755792238
2064-10-18,0.018610688197400024
2064-10-19,0.018593386414411568
2064-10-20,0.018577156544510115
2064-10-21,0.018562952854738482
2064-10-22,0.018548478097226928
2064-10-23,0.018533743148216535
2064-10-24,0.01852041811508931
2064-10-25,0.01949453861980389
2064-10-26,0.01849860704145151
2064-10-27,0.019305911776911957
2064-10-28,0.018479853688628044
2064-10-29,0.01846999428974338
2064-10-30,0.01850587385942206
2064-10-31,0.9543063954798923
2064-11-01,9.222497597671488
2064-11-02,12.830145796025654
2064-11-03,0.7186362318359341
2064-11-04,0.033317747121258755
2064-11-05,1.7292400394789202
2064-11-06,4.443075861444749
2064-11-07,6.3571767514987565
2064-11-08,5.189208015707548
2064-11-09,1.4708730040916576
2064-11-10,0.5727214621901976
2064-11-11,0.6233908728192544
2064-11-12,0.9933275609018294
2064-11-13,0.3707400943845141
2064-11-14,0.07828381403224448
2064-11-15,0.09269154195422545
2064-11-16,0.16779664124267904
2064-11-17,0.3809601481451898
2064-11-18,0.12861663134919235
2064-11-19,0.13321541650157684
2064-11-20,0.14360955773250242
2064-11-21,0.22858294704677454
2064-11-22,0.165130248003766
2064-11-23,0.16622411846180718
2064-11-24,0.18719759094905578
2064-11-25,0.18190128639505246
2064-11-26,0.31639496398532496
2064-11-27,0.30043234187394535
2064-11-28,0.2745672800444194
2064-11-29,1.2588749261013887
2064-11-30,1.146974227425075
2064-12-01,1.2684848937156923
2064-12-02,2.545711791580912
2064-12-03,1.8747254427725923
2064-12-04,1.3930175598120693
2064-12-05,1.5753056395610476
2064-12-06,1.5221594279603492
2064-12-07,1.6434288600173397
2064-12-08,1.5944527433152569
2064-12-09,1.5106757598260037
2064-12-10,1.528936698464234
2064-12-11,1.5142078372343013
2064-12-12,1.687248670599939
2064-12-13,4.708713412072492
2064-12-14,4.1979111245046665
2064-12-15,3.754609321524131
2064-12-16,3.4600035587133227
2064-12-17,3.29089768966802
2064-12-18,3.165180926830134
2064-12-19,2.98762149041659
2064-12-20,2.779777265904838
2064-12-21,2.5864624311915745
2064-12-22,2.3807616003081447
2064-12-23,2.19826451821559
2064-12-24,2.0422254125428214
2064-12-25,1.902852503886433
2064-12-26,1.76591516115384
2064-12-27,1.6685677878681258
2064-12-28,1.6201443663476498
2064-12-29,1.4634993559231297
2064-12-30,1.3792881451431371
2064-12-31,1.3025622327713398
2065-01-01,0.44299395190730967
2065-01-02,0.4281836545295003
2065-01-03,0.398020612698013
2065-01-04,0.41237082087565563
2065-01-05,0.3719198598326882
2065-01-06,0.34349611305543004
2065-01-07,0.33208906932420856
2065-01-08,0.3182074268075148
2065-01-09,0.32029754239166486
2065-01-10,0.2943553983276024
2065-01-11,0.28410245853894867
2065-01-12,0.27421470255838526
2065-01-13,0.2656380229585969
2065-01-14,0.2551925248118243
2065-01-15,0.2492049479253947
2065-01-16,0.2514534208380654
2065-01-17,0.23122854776181137
2065-01-18,0.22276654679406876
2065-01-19,0.21578270502711114
2065-01-20,0.20824488431083243
2065-01-21,0.20281732727238866
2065-01-22,0.1956491850558505
2065-01-23,0.3535323978820712
2065-01-24,0.5754802658910961
2065-01-25,0.39257275180529233
2065-01-26,0.41652563817206023
2065-01-27,0.8886605796115518
2065-01-28,0.9320848673023672
2065-01-29,0.7457356496714177
2065-01-30,0.7163918894282312
2065-01-31,0.6667143120702715
2065-02-01,0.6157270222279503
2065-02-02,0.6362976956494565
2065-02-03,0.6058790492394779
2065-02-04,0.5780659488414046
2065-02-05,0.5660282608287731
2065-02-06,0.616908551879156
2065-02-07,0.7049140086402601
2065-02-08,1.7864687023897365
2065-02-09,2.6850988387175416
2065-02-10,1.174776767958646
2065-02-11,0.8205894076979992
2065-02-12,0.9126817167820033
2065-02-13,1.103007681225533
2065-02-14,1.0208843158517942
2065-02-15,0.8658389601576058
2065-02-16,1.4030080503105025
2065-02-17,2.2331484843905005
2065-02-18,1.2890306342218436
2065-02-19,0.9286181408218033
2065-02-20,0.9231003009086688
2065-02-21,0.9166312289411915
2065-02-22,0.9033491061830996
2065-02-23,0.897524270863606
2065-02-24,0.9236618727529132
2065-02-25,0.9089150322043009
2065-02-26,0.9556179168304773
2065-02-27,1.2302668341457228
2065-02-28,1.7223735392007322
2065-03-01,2.572140754565502
2065-03-02,3.5565967723823766
2065-03-03,2.6266689252680284
2065-03-04,1.772765025572765
2065-03-05,1.6573312376861271
2065-03-06,1.630780077180643
2065-03-07,1.8133454598966199
2065-03-08,1.9254146366079479
2065-03-09,1.6372527607172478
2065-03-10,1.7483067993101644
2065-03-11,2.1197867181265697
2065-03-12,3.122166747523948
2065-03-13,6.006427462563834
2065-03-14,5.9954096710908
2065-03-15,3.4553603096707426
2065-03-16,2.432752247444835
2065-03-17,4.895138818165498
2065-03-18,2.0844107355283463
2065-03-19,2.0399274995450227
2065-03-20,2.0061089256860325
2065-03-21,1.9030042344098306
2065-03-22,1.8219234801255122
2065-03-23,1.783154240966811
2065-03-24,1.744048690365675
2065-03-25,1.671688616510039
2065-03-26,1.5783196057255067
2065-03-27,1.5691928766392276
2065-03-28,1.6925182463858
2065-03-29,1.6482186521715978
2065-03-30,1.669603719450269
2065-03-31,2.3199165378216375
2065-04-01,2.8871066271502976
2065-04-02,2.310643876663921
2065-04-03,2.3236310569845835
2065-04-04,2.87465645746813
2065-04-05,3.8626698540022737
2065-04-06,3.4952776952807234
2065-04-07,3.5142786614665553
2065-04-08,3.5188695576046167
2065-04-09,4.546591046528334
2065-04-10,5.747989455529238
2065-04-11,6.286253764506048
2065-04-12,2.5119741334871404
2065-04-13,2.2017583960547067
2065-04-14,1.8888237188708346
2065-04-15,1.9116032368226832
2065-04-16,1.9566242537221874
2065-04-17,1.8827186484072902
2065-04-18,1.9134022800488315
2065-04-19,1.9753721972036584
2065-04-20,2.0129214470230457
2065-04-21,2.2443181286624236
2065-04-22,1.8228162755561157
2065-04-23,1.6156533788171281
2065-04-24,1.5733488134621432
2065-04-25,1.5253548365670508
2065-04-26,1.4521833665566302
2065-04-27,1.3544959594178043
2065-04-28,1.3372115095816648
2065-04-29,1.2268545526623458
2065-04-30,1.2526038494852227
2065-05-01,1.4059802023009893
2065-05-02,1.4130834186274215
2065-05-03,1.8595493637976226
2065-05-04,2.270852303089666
2065-05-05,2.4658793825260896
2065-05-06,3.3766183963110934
2065-05-07,2.798892389142746
2065-05-08,1.973613395456571
2065-05-09,2.079614349523443
2065-05-10,2.4938508392235104
2065-05-11,2.353063688559758
2065-05-12,1.3888691412230996
2065-05-13,1.6001199025570945
2065-05-14,1.3416588929852582
2065-05-15,1.2922826749626672
2065-05-16,1.4051040910357335
2065-05-17,1.3332007877404521
2065-05-18,1.431355313110663
2065-05-19,1.5169646674500825
2065-05-20,1.9475551224835834
2065-05-21,2.4190704366764284
2065-05-22,2.707570102213581
2065-05-23,1.7429960701399076
2065-05-24,2.574605478433452
2065-05-25,2.540496680520866
2065-05-26,2.3665962495007786
2065-05-27,2.1266622692631274
2065-05-28,1.7591377604222853
2065-05-29,1.6350220775345012
2065-05-30,1.256077407837243
2065-05-31,0.7376211412565599
2065-06-01,0.6105129424097625
2065-06-02,0.5982649991949891
2065-06-03,0.6180658271223881
2065-06-04,0.6286569396666843
2065-06-05,0.48220247271029093
2065-06-06,0.43089775053147045
2065-06-07,0.3919520103255006
2065-06-08,0.35121311446145437
2065-06-09,0.3276731405941923
2065-06-10,0.30801102315408374
2065-06-11,0.2731350883533647
2065-06-12,0.23265625617366484
2065-06-13,0.2042675117283554
2065-06-14,0.18089788624626182
2065-06-15,0.15347776942534552
2065-06-16,0.13707164653682227
2065-06-17,0.12153428119463473
2065-06-18,0.1153644434276544
2065-06-19,0.10090865889227117
2065-06-20,0.08317182090746442
2065-06-21,0.06989472466252523
2065-06-22,0.062262200023252244
2065-06-23,0.05467136801623767
2065-06-24,0.04851316640534976
2065-06-25,0.042804979669496486
2065-06-26,0.03806690835558992
2065-06-27,0.03410179867686917
2065-06-28,0.030694868450231963
2065-06-29,0.028857460210412283
2065-06-30,0.027688157068296384
2065-07-01,0.0853189484227699
2065-07-02,0.08092298397610072
2065-07-03,0.06724662979358982
2065-07-04,0.06429357236204884
2065-07-05,0.06173197999460292
2065-07-06,0.059447102109865375
2065-07-07,0.05695748157867959
2065-07-08,0.08188984717651646
2065-07-09,0.052836547789869376
2065-07-10,0.05190144612058567
2065-07-11,0.0570880817143059
2065-07-12,0.06522721406120227
2065-07-13,0.04705499144999955
2065-07-14,0.0711223243410454
2065-07-15,0.129971007598358
2065-07-16,0.04423048531807623
2065-07-17,0.07499943398430893
2065-07-18,0.5696338978866808
2065-07-19,0.04597750567917484
2065-07-20,0.041481557492186856
2065-07-21,0.04063735922373507
2065-07-22,0.06687546184169162
2065-07-23,0.039153223526868605
2065-07-24,0.038456387407890064
2065-07-25,0.03780278254771638
2065-07-26,0.037173002287343354
2065-07-27,0.03655662390250987
2065-07-28,0.03917111890263408
2065-07-29,0.03562959291826171
2065-07-30,0.03513622495376102
2065-07-31,0.034641901559958686
2065-08-01,0.031252072480152084
2065-08-02,0.03088783477416114
2065-08-03,0.030572270171402082
2065-08-04,0.03030544671414993
2065-08-05,0.033684539477053625
2065-08-06,0.0298256332081369
2065-08-07,0.03705346657537232
2065-08-08,0.0293739860557129
2065-08-09,0.02914346707091061
2065-08-10,0.028893546842540523
2065-08-11,0.028641188443996598
2065-08-12,0.02840652834089887
2065-08-13,0.028183998516314864
2065-08-14,0.027968435144973852
2065-08-15,0.027765557204356656
2065-08-16,0.08979261105337115
2065-08-17,0.02741322111777746
2065-08-18,0.027349961425222603
2065-08-19,0.027115937427586955
2065-08-20,0.02978132008698504
2065-08-21,0.027924938043060125
2065-08-22,0.03149337036980192
2065-08-23,0.026736419604170107
2065-08-24,0.02663890133550797
2065-08-25,0.02654806718252834
2065-08-26,0.026557992492934494
2065-08-27,0.026381839701624915
2065-08-28,0.026309182309344464
2065-08-29,0.026242507994993853
2065-08-30,0.02618415291924711
2065-08-31,0.026133886521825644
2065-09-01,0.01160700700300056
2065-09-02,0.011586166312046604
2065-09-03,0.011565072072998582
2065-09-04,0.011544886517374196
2065-09-05,0.011525504941690445
2065-09-06,0.011506930389183254
2065-09-07,0.011489299742986415
2065-09-08,0.011473663901790327
2065-09-09,0.011459911014515437
2065-09-10,0.011447124271710277
2065-09-11,0.01143464275393923
2065-09-12,0.01142280595215412
2065-09-13,0.011412061162101274
2065-09-14,0.011402598748585336
2065-09-15,0.011394061068550322
2065-09-16,0.011386448275388199
2065-09-17,0.011379637834815026
2065-09-18,0.011373882392243146
2065-09-19,0.011368651683499662
2065-09-20,0.01136242817530013
2065-09-21,0.011354803820870805
2065-09-22,0.0113460863677039
2065-09-23,0.01133757263650447
2065-09-24,0.011329889771898891
2065-09-25,0.01132313157764928
2065-09-26,0.011316999386103003
2065-09-27,0.011311235050540006
2065-09-28,0.011305668938792689
2065-09-29,0.011300026399587734
2065-09-30,0.011294535570849792
2065-10-01,0.01835076909422324
2065-10-02,0.018343918219630464
2065-10-03,0.01833741665194225
2065-10-04,0.018330719093360297
2065-10-05,0.01832405267981929
2065-10-06,0.01831775707325451
2065-10-07,0.018317755561867436
2065-10-08,0.18622430337466453
2065-10-09,0.01944769295367674
2065-10-10,0.018293910036000335
2065-10-11,0.018287084171631978
2065-10-12,0.018280203008759047
2065-10-13,0.01827350376025582
2065-10-14,0.018267241621732155
2065-10-15,0.018261222589773907
2065-10-16,0.018255239006153674
2065-10-17,0.018249300615367933
2065-10-18,0.019451717122923793
2065-10-19,0.018237549117834866
2065-10-20,0.018231812348962637
2065-10-21,0.018226197167233015
2065-10-22,0.14245284772814026
2065-10-23,0.034903556988136276
2065-10-24,0.01823125012732233
2065-10-25,0.022307611771018858
2065-10-26,0.019424872496104275
2065-10-27,0.018197466748959053
2065-10-28,0.018192727436067847
2065-10-29,0.02606549376900361
2065-10-30,0.018280514324747952
2065-10-31,0.0181785831705894
2065-11-01,0.019108876414538623
2065-11-02,0.019103776643241133
2065-11-03,0.019098676119979816
2065-11-04,0.019093561877963374
2065-11-05,0.025755318378539713
2065-11-06,0.020038347114320856
2065-11-07,0.01907839627338295
2065-11-08,0.019706395243467772
2065-11-09,0.01906853584274516
2065-11-10,0.019063635791748853
2065-11-11,0.023205788469074305
2065-11-12,0.025751417378934386
2065-11-13,0.11611069401791088
2065-11-14,0.033508418190593296
2065-11-15,0.027439692322968924
2065-11-16,0.019808633711252396
2065-11-17,0.026902936585972224
2065-11-18,0.045308806586715114
2065-11-19,0.06065831200836575
2065-11-20,0.04644215350437059
2065-11-21,0.03528530413717147
2065-11-22,0.022172649672600117
2065-11-23,0.026737406717761644
2065-11-24,0.02021056477523352
2065-11-25,0.02265784553298606
2065-11-26,0.020809398383269548
2065-11-27,0.022688902266421195
2065-11-28,0.02193142090673313
2065-11-29,0.09317933269833487
2065-11-30,0.3271745767950954
2065-12-01,0.023467624246364373
2065-12-02,0.12391124622431993
2065-12-03,0.023793677839625993
2065-12-04,0.687163499158534
2065-12-05,2.0127590300448777
2065-12-06,0.20312978152229022
2065-12-07,0.026907829248825996
2065-12-08,0.037399027485508274
2065-12-09,0.03534451848245869
2065-12-10,0.02966457475367767
2065-12-11,0.03440043099227307
2065-12-12,0.04122707128576298
2065-12-13,0.1145337655481067
2065-12-14,0.135692653353135
2065-12-15,0.055005785929408385
2065-12-16,0.05066895251230295
2065-12-17,0.02980723988584722
2065-12-18,0.029386622990993934
2065-12-19,0.03194016076933923
2065-12-20,0.02814673451100422
2065-12-21,0.02546952657889568
2065-12-22,0.03482291065346499
2065-12-23,0.031443918068362525
2065-12-24,0.03390650763009998
2065-12-25,0.03664519547567841
2065-12-26,0.2020183866030747
2065-12-27,0.10440529264655857
2065-12-28,0.11008246396514688
2065-12-29,0.054666346353859765
2065-12-30,0.05173264165513755
2065-12-31,0.11383232767968789
2066-01-01,0.11064730089199307
2066-01-02,0.03391539879228906
2066-01-03,0.02395950879279695
2066-01-04,0.03841839005704062
2066-01-05,0.029309372914632165
2066-01-06,0.017478436126040407
2066-01-07,0.01798081725064395
2066-01-08,0.0416396251757842
2066-01-09,0.06475042837448836
2066-01-10,0.035233758547198755
2066-01-11,0.024835387614566547
2066-01-12,0.016839481181508
2066-01-13,0.014406974164435595
2066-01-14,0.013219544031642059
2066-01-15,0.09308982297943642
2066-01-16,0.30120836453845806
2066-01-17,0.054751022376151544
2066-01-18,0.047781404869601904
2066-01-19,0.029310611835966453
2066-01-20,0.018995591133154775
2066-01-21,0.03278777771235225
2066-01-22,0.054105527403966236
2066-01-23,0.0874961042439989
2066-01-24,0.05000761561614736
2066-01-25,0.025851482720031196
2066-01-26,0.03693199373009649
2066-01-27,0.035141700180021836
2066-01-28,0.02488145965579673
2066-01-29,0.04894019957940705
2066-01-30,0.04076132385951063
2066-01-31,0.036089960307529964
2066-02-01,0.01691017897947025
2066-02-02,0.015601027931290512
2066-02-03,0.01704144337846206
2066-02-04,0.02194010942908441
2066-02-05,0.028138597818377645
2066-02-06,0.04489828503566343
2066-02-07,0.025488338007435496
2066-02-08,0.018508647830844008
2066-02-09,0.013595956411859829
2066-02-10,0.0156463809850025
2066-02-11,0.03253091582673616
2066-02-12,0.01190224949705306
2066-02-13,0.01197537999479283
2066-02-14,0.012126641982231083
2066-02-15,0.012539162787652313
2066-02-16,0.012825270070320097
2066-02-17,0.011442292007958892
2066-02-18,0.014914027638294625
2066-02-19,0.018490534176130533
2066-02-20,0.013089951250347542
2066-02-21,0.011044318377418474
2066-02-22,0.015302437317905789
2066-02-23,0.10566231044517276
2066-02-24,0.19253657538131705
2066-02-25,0.02402195936168454
2066-02-26,0.015809994679440297
2066-02-27,0.03511743445217022
2066-02-28,0.01812458515637382
2066-03-01,0.027809003563824358
2066-03-02,0.04870094384848271
2066-03-03,0.022310244983239292
2066-03-04,0.021143708793549047
2066-03-05,0.03330214704691471
2066-03-06,0.028695603389159923
2066-03-07,0.025014011662891494
2066-03-08,0.026254553198067965
2066-03-09,0.03822126121236546
2066-03-10,0.022293917330954403
2066-03-11,0.03064066602162014
2066-03-12,0.06539534158429414
2066-03-13,0.0359461062461596
2066-03-14,0.02476932169315934
2066-03-15,0.08799052576649358
2066-03-16,0.18261970949311054
2066-03-17,0.5233885161661859
2066-03-18,0.6431946294996562
2066-03-19,1.0452698515530836
2066-03-20,1.083188534406866
2066-03-21,1.108318246832356
2066-03-22,1.1375305984373847
2066-03-23,0.36177722099577453
2066-03-24,0.7118551227832792
2066-03-25,0.6192813378317548
2066-03-26,0.2631350405807467
2066-03-27,0.2116797230170276
2066-03-28,0.5374465447055405
2066-03-29,0.8222596193218327
2066-03-30,1.4885601548268905
2066-03-31,3.342372045218873
2066-04-01,1.188035460809614
2066-04-02,0.7943425265423206
2066-04-03,0.678099052728666
2066-04-04,0.5507955067911915
2066-04-05,0.5135722802453223
2066-04-06,0.5699782231915038
2066-04-07,0.7424034078543532
2066-04-08,0.6915578897115778
2066-04-09,0.7565243562518643
2066-04-10,0.8037239592679969
2066-04-11,0.7791812111522903
2066-04-12,0.7649796659906642
2066-04-13,0.6851370899098826
2066-04-14,0.6397084203991645
2066-04-15,0.6119881791006064
2066-04-16,0.5814208391959875
2066-04-17,0.5624394776379015
2066-04-18,0.5426106265008985
2066-04-19,0.45478785742677735
2066-04-20,0.4179138047180147
2066-04-21,0.3845810739663962
2066-04-22,0.3502190060009295
2066-04-23,0.3245730110041637
2066-04-24,0.3069001674785598
2066-04-25,0.2801971461033804
2066-04-26,0.24712712766709521
2066-04-27,0.21600792396289012
2066-04-28,0.1886389811442654
2066-04-29,0.16968619763620418
2066-04-30,0.15156330434127935
2066-05-01,0.13774482920932588
2066-05-02,0.12194734641754608
2066-05-03,0.1072543960586264
2066-05-04,0.11054715473047105
2066-05-05,0.08607380411511216
2066-05-06,0.07741993351414041
2066-05-07,0.07174043658744315
2066-05-08,0.08106764487078529
2066-05-09,0.09494343269823341
2066-05-10,0.07669628706681844
2066-05-11,0.05804367374339327
2066-05-12,0.053246763162318925
2066-05-13,0.04911807071021072
2066-05-14,0.0457742556127935
2066-05-15,0.04273686271511082
2066-05-16,0.0403340619997768
2066-05-17,0.03859644523655655
2066-05-18,0.03629482649159919
2066-05-19,0.0337365403491113
2066-05-20,0.031557242333165016
2066-05-21,0.029681067044772528
2066-05-22,0.028110840356239255
2066-05-23,0.026887604926182224
2066-05-24,0.026971102658136934
2066-05-25,0.028301610461846486
2066-05-26,0.025145291089891584
2066-05-27,0.04537639987724255
2066-05-28,0.025489146129776444
2066-05-29,0.043785855267438445
2066-05-30,0.024774386430137067
2066-05-31,0.02403966802305177
2066-06-01,0.019708161933794977
2066-06-02,0.02719515601630221
2066-06-03,0.02751179145696455
2066-06-04,0.024907521010887217
2066-06-05,0.01875474003702257
2066-06-06,0.018402309906522626
2066-06-07,0.018056293277919237
2066-06-08,0.017741319785888023
2066-06-09,0.01744997715649391
2066-06-10,0.01818813283056164
2066-06-11,0.018446154691239502
2066-06-12,0.01668249431110426
2066-06-13,0.0162994521459094
2066-06-14,0.0865096062235148
2066-06-15,0.016995297714254985
2066-06-16,0.01544748013318061
2066-06-17,0.015139007827856125
2066-06-18,0.014832922318409493
2066-06-19,0.014534941471506028
2066-06-20,0.014226887962331453
2066-06-21,0.013905755112853697
2066-06-22,0.013593690798435448
2066-06-23,0.013294280908445848
2066-06-24,0.01300706767639204
2066-06-25,0.012727398434613495
2066-06-26,0.012456153875279435
2066-06-27,0.012188709487522943
2066-06-28,0.011926476968346604
2066-06-29,0.0116891423107164
2066-06-30,0.013882749031180742
2066-07-01,0.03714932769342471
2066-07-02,0.04657015183772915
2066-07-03,0.036424424436275894
2066-07-04,0.06665122009131527
2066-07-05,0.03961369316782184
2066-07-06,0.05413125231088609
2066-07-07,0.22049440786719793
2066-07-08,0.049014679242431664
2066-07-09,0.229759093944286
2066-07-10,0.07720435804396418
2066-07-11,0.08272431958206347
2066-07-12,0.03241528458691286
2066-07-13,0.03206829908073902
2066-07-14,0.36183966548051466
2066-07-15,0.03147620487373584
2066-07-16,0.053033977920755676
2066-07-17,0.030919485736634805
2066-07-18,0.30417965214622134
2066-07-19,0.03041757176292873
2066-07-20,0.03019393082773823
2066-07-21,0.029995399403100375
2066-07-22,0.029800028708616384
2066-07-23,0.02961462706051404
2066-07-24,0.029978371480669203
2066-07-25,0.4429717297795296
2066-07-26,0.02931535474126277
2066-07-27,0.06807157578630033
2066-07-28,0.029186008407515923
2066-07-29,0.06760070286781428
2066-07-30,0.028936259311306927
2066-07-31,0.04314191692717979
2066-08-01,0.06051062215596562
2066-08-02,0.77612672464517
2066-08-03,0.026290652044637545
2066-08-04,0.04802839882390228
2066-08-05,0.026081222257764693
2066-08-06,0.027615880406008656
2066-08-07,0.02599720341161515
2066-08-08,0.02595232399083077
2066-08-09,0.02590733249565912
2066-08-10,0.02586354993910627
2066-08-11,0.03180525232878375
2066-08-12,0.025790970741953415
2066-08-13,0.025756403492727304
2066-08-14,0.025719520070724308
2066-08-15,0.026683429110897914
2066-08-16,0.025670895082877492
2066-08-17,0.025643245645137598
2066-08-18,0.025620531233106845
2066-08-19,0.02559777716592847
2066-08-20,0.025575595124614676
2066-08-21,0.07912830333951479
2066-08-22,0.025726569371303246
2066-08-23,0.046865134965364444
2066-08-24,0.028181756940617322
2066-08-25,0.028197389577410987
2066-08-26,0.025481475861140017
2066-08-27,0.09287573744598193
2066-08-28,0.02545503953893258
2066-08-29,0.025442727837051288
2066-08-30,0.025429084928167738
2066-08-31,0.025416492524589857
2066-09-01,0.011303018715032526
2066-09-02,0.011298068051558429
2066-09-03,0.0112933051540505
2066-09-04,0.011288793535939212
2066-09-05,0.011284567761090356
2066-09-06,0.011280531199654342
2066-09-07,0.011276571235481078
2066-09-08,0.011272581799071523
2066-09-09,0.011268665268399447
2066-09-10,0.01126484372318089
2066-09-11,0.011261092669184247
2066-09-12,0.011257437262187262
2066-09-13,0.045094613395879814
2066-09-14,0.011730406664959201
2066-09-15,0.08090413119963122
2066-09-16,0.011594308279851449
2066-09-17,0.1582089621276318
2066-09-18,0.011238158517080918
2066-09-19,0.011235013266552107
2066-09-20,0.011231884659451333
2066-09-21,0.011228815732225046
2066-09-22,0.011225805029851623
2066-09-23,0.011222822161000859
2066-09-24,0.011219867189428006
2066-09-25,0.09939548857661366
2066-09-26,0.026156280926820298
2066-09-27,0.011211258580086357
2066-09-28,0.011208304515614055
2066-09-29,0.011205333312186212
2066-09-30,0.01120236860743399
2066-10-01,0.01820408642749711
2066-10-02,0.01819919558291371
2066-10-03,0.018194284403863344
2066-10-04,0.01818939370087607
2066-10-05,0.01818453512384303
2066-10-06,0.018179653117744797
2066-10-07,0.018174740196443356
2066-10-08,0.01817003204808797
2066-10-09,0.018165549495548907
2066-10-10,0.018161067007651913
2066-10-11,0.018156584926074328
2066-10-12,0.018152103843880274
2066-10-13,0.053956477327856724
2066-10-14,0.018508714104662382
2066-10-15,0.0807776026469879
2066-10-16,0.01813420250604072
2066-10-17,0.01812973251863863
2066-10-18,0.018125263496759383
2066-10-19,0.022039263541881106
2066-10-20,0.018496958944093315
2066-10-21,0.018223929312918538
2066-10-22,0.018393490377826793
2066-10-23,0.018243160263042627
2066-10-24,0.018098466093348455
2066-10-25,0.018094002993890353
2066-10-26,0.018089541146226212
2066-10-27,0.018085080373873144
2066-10-28,0.01808062057935622
2066-10-29,0.01807616191145348
2066-10-30,0.018250324531396647
2066-10-31,0.01806724712335617
2066-11-01,0.018992235160401758
2066-11-02,0.01898755149698004
2066-11-03,0.01898286859091687
2066-11-04,0.01897818677773638
2066-11-05,0.019826549558309346
2066-11-06,0.019843130228296063
2066-11-07,0.018964147813498887
2066-11-08,0.019935150894897957
2066-11-09,0.0258620928324624
2066-11-10,0.02570015402852832
2066-11-11,0.02143478707864344
2066-11-12,0.021438029987977506
2066-11-13,0.021436827052972868
2066-11-14,0.022192784554162348
2066-11-15,0.018927837784073864
2066-11-16,0.018923666416247462
2066-11-17,0.018917425327826073
2066-11-18,0.02197607854177469
2066-11-19,0.018909752950135757
2066-11-20,0.15220027875685568
2066-11-21,0.019853785224708712
2066-11-22,0.02337069733814189
2066-11-23,0.047792226596107996
2066-11-24,0.04084408284139253
2066-11-25,0.019228873355324066
2066-11-26,0.01889119585809216
2066-11-27,0.018870850449310955
2066-11-28,0.01886620888723366
2066-11-29,0.019099132333313274
2066-11-30,0.018970606762135515
2066-12-01,0.025137149034924953
2066-12-02,0.019966882586667723
2066-12-03,0.019937673802622333
2066-12-04,0.019932778144688024
2066-12-05,0.019927884735570157
2066-12-06,0.21295200365338235
2066-12-07,0.4488270856417939
2066-12-08,0.07472735230062075
2066-12-09,0.03928501265774541
2066-12-10,0.026762626665516844
2066-12-11,0.0346027079246404
2066-12-12,0.06748329414800938
2066-12-13,0.0632825243239763
2066-12-14,0.07549045086678147
2066-12-15,0.05280928377470321
2066-12-16,0.03224394007828471
2066-12-17,0.023176740857004406
2066-12-18,0.02238106796506676
2066-12-19,0.09458428547435732
2066-12-20,0.12464366524756415
2066-12-21,0.05307566165686676
2066-12-22,0.04903438116231309
2066-12-23,0.18157181292540173
2066-12-24,0.30809708646404144
2066-12-25,0.04502696046251291
2066-12-26,0.03967828832133167
2066-12-27,0.031980617268805384
2066-12-28,0.03258272001441102
2066-12-29,0.06793290150224539
2066-12-30,0.12727573467693035
2066-12-31,0.22032497216372315
2067-01-01,0.02673329591202241
2067-01-02,0.021297575057409847
2067-01-03,0.019677223575770543
2067-01-04,0.0444964630624124
2067-01-05,0.031042289338464066
2067-01-06,0.0218604693456718
2067-01-07,0.020316079672612702
2067-01-08,0.05466494720285715
2067-01-09,0.20887100346045948
2067-01-10,0.03613818023881814
2067-01-11,0.017767720622900593
2067-01-12,0.02937198704706003
2067-01-13,0.012075818278773832
2067-01-14,0.016591533912970535
2067-01-15,0.03924228645167035
2067-01-16,0.17862800036756343
2067-01-17,0.21002146203043323
2067-01-18,0.09931723168603106
2067-01-19,0.12418563259399105
2067-01-20,0.2346706079421785
2067-01-21,0.3998244562895211
2067-01-22,0.1505921548842772
2067-01-23,0.04304516509445751
2067-01-24,0.06606618622156506
2067-01-25,0.09543668572709714
2067-01-26,0.3511881164404233
2067-01-27,0.24662963758761247
2067-01-28,0.04448349540014721
2067-01-29,0.03349850705745618
2067-01-30,0.027828066394573577
2067-01-31,0.06259018625530759
2067-02-01,0.039613385134369475
2067-02-02,0.03767993106387665
2067-02-03,0.05176624963350546
2067-02-04,0.1060899807982084
2067-02-05,0.10608488628961248
2067-02-06,0.06342215363667536
2067-02-07,0.09801257165052595
2067-02-08,0.13332796092264096
2067-02-09,0.17591368372747374
2067-02-10,0.24596676947623106
2067-02-11,0.26813164293186625
2067-02-12,0.5154446260808437
2067-02-13,0.5459880485721953
2067-02-14,0.4400195284589602
2067-02-15,0.471206448021001
2067-02-16,0.5353424734903216
2067-02-17,0.43038939339022586
2067-02-18,0.7542639130885251
2067-02-19,0.4299970303709487
2067-02-20,0.3573933582135719
2067-02-21,0.21383804283621438
2067-02-22,0.1539587090341129
2067-02-23,0.1706524173764113
2067-02-24,0.14614835450885108
2067-02-25,0.143129302791552
2067-02-26,0.1621371648892127
2067-02-27,0.5953364137205756
2067-02-28,0.3197695254716368
2067-03-01,0.26864327914041486
2067-03-02,0.4124209176601275
2067-03-03,0.35474633046575255
2067-03-04,0.37175030174202195
2067-03-05,0.40346112703722403
2067-03-06,0.4462490154378119
2067-03-07,0.4870118354455146
2067-03-08,1.5017439743570333
2067-03-09,1.1188131215228496
2067-03-10,0.7706420548906147
2067-03-11,0.7801821778622254
2067-03-12,0.7803145981191453
2067-03-13,0.9369941342232846
2067-03-14,1.1674999431823418
2067-03-15,0.8028961336355162
2067-03-16,0.9908906646573878
2067-03-17,1.0405076389054848
2067-03-18,0.8163985639597796
2067-03-19,0.8974903168325375
2067-03-20,1.073706874541813
2067-03-21,0.9655382766441398
2067-03-22,1.46365625544207
2067-03-23,1.4881849556702056
2067-03-24,1.2029360444731498
2067-03-25,1.3111049323600847
2067-03-26,1.5657828604923976
2067-03-27,1.6873017332468923
2067-03-28,1.2826100437874641
2067-03-29,1.4550731598099083
2067-03-30,1.4574970634934556
2067-03-31,2.8522991926395047
2067-04-01,2.6168521728571723
2067-04-02,2.5847058208190745
2067-04-03,3.0918444401495346
2067-04-04,2.486365725475452
2067-04-05,2.1303983619375786
2067-04-06,1.9203728927758763
2067-04-07,1.5001554248688558
2067-04-08,1.3844637105331308
2067-04-09,1.519505230273589
2067-04-10,1.4771144035620836
2067-04-11,2.1019476231738343
2067-04-12,1.9042856650161306
2067-04-13,1.6514542430260215
2067-04-14,1.3789128446557717
2067-04-15,1.48464639644813
2067-04-16,1.5799619183076317
2067-04-17,1.381603342211836
2067-04-18,1.3267183826267541
2067-04-19,1.4667679117264607
2067-04-20,1.8904704724175643
2067-04-21,1.9811511514560873
2067-04-22,1.399855804422581
2067-04-23,0.9157272244574949
2067-04-24,0.8925203743991078
2067-04-25,0.8868172845363467
2067-04-26,0.8778594378301516
2067-04-27,0.8721328973035046
2067-04-28,0.8036979535870541
2067-04-29,0.6867897212455681
2067-04-30,0.6461827649934994
2067-05-01,0.6143644952462269
2067-05-02,0.5739522499716521
2067-05-03,0.545137034760049
2067-05-04,0.5243103488950793
2067-05-05,0.5034192525791373
2067-05-06,0.48014713360166317
2067-05-07,0.3610039853198826
2067-05-08,0.3331402296835268
2067-05-09,0.3159248883147496
2067-05-10,0.2883003224847924
2067-05-11,0.26424127782646645
2067-05-12,0.28197473240042387
2067-05-13,0.27079923163731096
2067-05-14,0.2519653097863996
2067-05-15,0.28444257528982536
2067-05-16,0.20205938087312372
2067-05-17,0.17124680163567574
2067-05-18,0.16683655722142926
2067-05-19,0.15415913772812362
2067-05-20,0.12689033192957866
2067-05-21,0.12697145945921431
2067-05-22,0.11099678702664557
2067-05-23,0.19702193830059517
2067-05-24,0.0998944398404643
2067-05-25,0.09393635095575609
2067-05-26,0.09010017402412608
2067-05-27,0.09363321859490496
2067-05-28,0.06898848115347019
2067-05-29,0.09042441387069457
2067-05-30,0.05795796023186717
2067-05-31,0.37011089718257534
2067-06-01,0.15854504850951553
2067-06-02,0.048057115752772335
2067-06-03,0.04924728131606626
2067-06-04,0.04720168607233079
2067-06-05,0.04521740015848127
2067-06-06,0.04210934927289042
2067-06-07,0.03847440025107913
2067-06-08,0.03496878929101839
2067-06-09,0.03184999563210673
2067-06-10,0.02902301976534699
2067-06-11,0.02666749986266821
2067-06-12,0.024767508423505655
2067-06-13,0.02308299759435375
2067-06-14,0.021604579704101838
2067-06-15,0.02040534287087875
2067-06-16,0.019492370988359563
2067-06-17,0.01886805626251225
2067-06-18,0.10666269416658904
2067-06-19,0.018218573586813256
2067-06-20,0.017859500470181033
2067-06-21,0.017481154375492906
2067-06-22,0.017103614990910683
2067-06-23,0.01672242237915647
2067-06-24,0.016341487281085854
2067-06-25,0.016029293413319542
2067-06-26,0.015639721914565096
2067-06-27,0.015278475497462526
2067-06-28,0.014914629185316481
2067-06-29,0.014572559126859926
2067-06-30,0.014270813651259075
2067-07-01,0.045872003721039174
2067-07-02,0.044928776202454695
2067-07-03,0.04396369954157704
2067-07-04,0.042943466502644835
2067-07-05,0.041873846639429266
2067-07-06,0.05312320212713233
2067-07-07,0.03993020898601294
2067-07-08,0.06490027246389685
2067-07-09,0.6546248083142249
2067-07-10,0.037868024304830356
2067-07-11,0.40442028360589466
2067-07-12,0.036685638755494514
2067-07-13,0.07674497676642329
2067-07-14,0.035761231451560356
2067-07-15,0.03735030230918395
2067-07-16,0.03590310741257543
2067-07-17,1.002853843675566
2067-07-18,1.4360442709960686
2067-07-19,0.034270795923594194
2067-07-20,0.19625399151247844
2067-07-21,0.03405370412975642
2067-07-22,0.2611856184052303
2067-07-23,0.033650170604388546
2067-07-24,0.1178802756329809
2067-07-25,0.03307179227677442
2067-07-26,0.032689036732444846
2067-07-27,0.05004501156092186
2067-07-28,0.03198498451662136
2067-07-29,0.04076370411107743
2067-07-30,0.0313523979648023
2067-07-31,0.031066998588956653
2067-08-01,0.02817150971127958
2067-08-02,0.027974952053554034
2067-08-03,0.027791668910514995
2067-08-04,0.02762008844999294
2067-08-05,0.14321297348492168
2067-08-06,0.027364066083190166
2067-08-07,0.0919712738761082
2067-08-08,0.027175467876244818
2067-08-09,0.04755663949694343
2067-08-10,0.027030669824510377
2067-08-11,0.07144744936841499
2067-08-12,0.026937514113030525
2067-08-13,0.032754142219295054
2067-08-14,0.10910428513116395
2067-08-15,0.029257402057249162
2067-08-16,0.02706210298763787
2067-08-17,0.02911339493914556
2067-08-18,0.06768903550567859
2067-08-19,0.04359985419683235
2067-08-20,0.04350674274872732
2067-08-21,0.060557577775583994
2067-08-22,0.04302946920389147
2067-08-23,0.026290810180003822
2067-08-24,0.02623908713478261
2067-08-25,0.026224375616847508
2067-08-26,0.026142321208696594
2067-08-27,0.02608902376613479
2067-08-28,0.02603284594103788
2067-08-29,0.025981784444420206
2067-08-30,0.13954761948880398
2067-08-31,0.025899447837750677
2067-09-01,0.01239240732709078
2067-09-02,0.011492498333787467
2067-09-03,0.01448839842667131
2067-09-04,0.01146980215820618
2067-09-05,0.011460009361985022
2067-09-06,0.011449829400601593
2067-09-07,0.13935318272462333
2067-09-08,0.011431529628142263
2067-09-09,0.014054106812524532
2067-09-10,0.011414859416164947
2067-09-11,0.011406651121467073
2067-09-12,0.011397293331266678
2067-09-13,0.01356495397226686
2067-09-14,0.057644951413640316
2067-09-15,0.011370629350176452
2067-09-16,0.01136192797420966
2067-09-17,0.011353459188344486
2067-09-18,0.01134545720372142
2067-09-19,0.01133780004975888
2067-09-20,0.011330546367300165
2067-09-21,0.011323718661522124
2067-09-22,0.011317206882920343
2067-09-23,0.07077332599483764
2067-09-24,0.011308292927976154
2067-09-25,0.01462251866346193
2067-09-26,0.013829325031364028
2067-09-27,0.04666393921581899
2067-09-28,0.022687262255149748
2067-09-29,0.017580301683823556
2067-09-30,0.018903078199275815
2067-10-01,0.018508544911391072
2067-10-02,0.018329482775626505
2067-10-03,0.018324089092654074
2067-10-04,0.018318652553187216
2067-10-05,0.018313150417672494
2067-10-06,0.01830763017321604
2067-10-07,0.018302131296469386
2067-10-08,0.018296554729500574
2067-10-09,0.018290767799608792
2067-10-10,0.018284800406197194
2067-10-11,0.018278953801652766
2067-10-12,0.01827328155351673
2067-10-13,0.018267787693180253
2067-10-14,0.01826260482049272
2067-10-15,0.018257550338755642
2067-10-16,0.018252387965730848
2067-10-17,0.018247199388147478
2067-10-18,0.01836281197446774
2067-10-19,0.018236961272386026
2067-10-20,0.019179361437012026
2067-10-21,0.05289537036835936
2067-10-22,0.019413235874252536
2067-10-23,0.018216434919860067
2067-10-24,0.018210785013165285
2067-10-25,0.018403596978284018
2067-10-26,0.018597790028012432
2067-10-27,0.05555397954762492
2067-10-28,0.01819739923725652
2067-10-29,0.018185775003033207
2067-10-30,0.018181086558116948
2067-10-31,0.01817638400999935
2067-11-01,0.019106716434547994
2067-11-02,0.019101727351896424
2067-11-03,0.01909673244664958
2067-11-04,0.019091773215991325
2067-11-05,0.019086842872827647
2067-11-06,0.019081897877697526
2067-11-07,0.01907695105713965
2067-11-08,0.019072021470255218
2067-11-09,0.019067095623770642
2067-11-10,0.01906216764654214
2067-11-11,0.020315403592238247
2067-11-12,0.019360622655902653
2067-11-13,0.4747264044328955
2067-11-14,0.2780968925153347
2067-11-15,0.9763917833641365
2067-11-16,1.3469370079354677
2067-11-17,0.7453287198113452
2067-11-18,0.09676694221667481
2067-11-19,1.1288764692763347
2067-11-20,3.165383790934776
2067-11-21,1.5973390598661275
2067-11-22,0.04860324250347922
2067-11-23,0.04566461444891885
2067-11-24,0.03626183470517496
2067-11-25,0.03712104434082649
2067-11-26,0.03299432346220165
2067-11-27,0.034210362745136676
2067-11-28,0.05594216617419535
2067-11-29,0.06405625095658612
2067-11-30,0.10222746243696951
2067-12-01,0.3078914685659617
2067-12-02,0.6190775592157665
2067-12-03,0.1510780846457091
2067-12-04,0.33935158792896397
2067-12-05,3.0375968396471658
2067-12-06,3.1613422380234226
2067-12-07,1.3658168460996434
2067-12-08,2.586211731244034
2067-12-09,3.4080595955949695
2067-12-10,0.19583006640150039
2067-12-11,0.09480241503098207
2067-12-12,0.06392629926764791
2067-12-13,0.07107234356712003
2067-12-14,0.07555167994250152
2067-12-15,0.08406456576832913
2067-12-16,0.06803933592876779
2067-12-17,0.07124515685607824
2067-12-18,0.07136100528478793
2067-12-19,0.07509178383083802
2067-12-20,0.0747689939558809
2067-12-21,0.08735111023694833
2067-12-22,0.10041040083899952
2067-12-23,0.46041953021571574
2067-12-24,0.5092431729723634
2067-12-25,2.0710610909403004
2067-12-26,0.583115477628899
2067-12-27,0.532545908915436
2067-12-28,0.6171162647976637
2067-12-29,1.3915058097984856
2067-12-30,1.6247953215390096
2067-12-31,1.9853486209083198
2068-01-01,1.0919201551101907
2068-01-02,1.055275161630595
2068-01-03,2.0120215673640294
2068-01-04,0.6922151915576098
2068-01-05,0.5807034758278147
2068-01-06,0.5489898259569679
2068-01-07,0.8793045223827524
2068-01-08,0.8251158678796184
2068-01-09,0.5196745013013717
2068-01-10,0.5326341322515935
2068-01-11,0.527455504445428
2068-01-12,0.5167906248851193
2068-01-13,0.49868990876579045
2068-01-14,0.47936742018418854
2068-01-15,0.44753868768917465
2068-01-16,0.4274822177955965
2068-01-17,0.8175750550994072
2068-01-18,3.4126030068906417
2068-01-19,1.325258777996692
2068-01-20,2.146237812662164
2068-01-21,2.5787723214261224
2068-01-22,1.2721777334923738
2068-01-23,0.6942717496891211
2068-01-24,1.0869230916416277
2068-01-25,1.2365262859273978
2068-01-26,0.838026134667945
2068-01-27,0.8533836500925801
2068-01-28,0.6899174276128712
2068-01-29,0.6448048730931707
2068-01-30,0.6658165166037627
2068-01-31,0.8626267552327195
2068-02-01,2.130475446067176
2068-02-02,1.5873140534420276
2068-02-03,0.6959541458918572
2068-02-04,0.7431655446971672
2068-02-05,0.8093679719174466
2068-02-06,1.2849209277248852
2068-02-07,1.8474681252631016
2068-02-08,2.8267045019172925
2068-02-09,2.102353116547902
2068-02-10,1.4673676898430406
2068-02-11,3.7274824480727613
2068-02-12,3.3233664112849555
2068-02-13,1.376692031987191
2068-02-14,2.853376730118959
2068-02-15,10.005617972073802
2068-02-16,4.27467284560978
2068-02-17,1.2191374553154335
2068-02-18,0.9967637254051815
2068-02-19,1.1987840894954256
2068-02-20,1.9086859843646717
2068-02-21,2.6057919656524122
2068-02-22,1.1483411486999817
2068-02-23,1.0129833312240095
2068-02-24,0.9074463033078892
2068-02-25,0.8727210842495644
2068-02-26,0.8403099408758438
2068-02-27,0.8193174279196834
2068-02-28,0.7765034950341015
2068-02-29,0.7355475606702347
2068-03-01,0.8680764143465424
2068-03-02,0.9059110686387677
2068-03-03,0.820828176740778
2068-03-04,0.7847173405605443
2068-03-05,0.7734373580208236
2068-03-06,1.1328803257062152
2068-03-07,1.1377976018268845
2068-03-08,1.121586796553789
2068-03-09,3.8917758601259336
2068-03-10,7.183187229023338
2068-03-11,2.92844639807369
2068-03-12,2.0874603319428413
2068-03-13,4.029247939596013
2068-03-14,4.668864677518208
2068-03-15,2.524520150993834
2068-03-16,1.6540523703323395
2068-03-17,1.6848637708301308
2068-03-18,1.5731095166187525
2068-03-19,2.3308948606060427
2068-03-20,8.142993222140495
2068-03-21,2.7581915617757082
2068-03-22,2.3173688909490857
2068-03-23,2.71987042081034
2068-03-24,3.7669898811451197
2068-03-25,5.290443615441001
2068-03-26,5.205029685547392
2068-03-27,4.7072901882919735
2068-03-28,4.232875205743163
2068-03-29,3.786140239657071
2068-03-30,3.6022330226917094
2068-03-31,2.0108642187148535
2068-04-01,2.374424258924889
2068-04-02,2.4810962312489275
2068-04-03,2.192254707511518
2068-04-04,2.1156805351072254
2068-04-05,2.159377031901044
2068-04-06,2.2842124360437976
2068-04-07,2.6075459476139558
2068-04-08,3.1004102105355544
2068-04-09,3.472086437936401
2068-04-10,3.633902879539962
2068-04-11,2.8211894292772026
2068-04-12,2.603253497916422
2068-04-13,2.957469356232006
2068-04-14,3.6845775147966853
2068-04-15,5.187341696414423
2068-04-16,5.663409115851603
2068-04-17,4.280343526674153
2068-04-18,2.8011637756981846
2068-04-19,3.7875585343449427
2068-04-20,6.419012782357956
2068-04-21,9.44988196499018
2068-04-22,9.850186804305254
2068-04-23,10.27610154517392
2068-04-24,8.959279136843234
2068-04-25,8.283878515383336
2068-04-26,3.2940385655728868
2068-04-27,4.773595001299168
2068-04-28,7.2471229019382015
2068-04-29,6.419714257913325
2068-04-30,6.8342342560494105
2068-05-01,6.4353416265633205
2068-05-02,9.037632767834966
2068-05-03,3.0587567811035874
2068-05-04,2.5950503051695497
2068-05-05,2.601892497503042
2068-05-06,2.6250921683054496
2068-05-07,2.685726849824977
2068-05-08,2.6503621803599735
2068-05-09,2.709615913277772
2068-05-10,2.4186154461079825
2068-05-11,2.281897950910857
2068-05-12,2.133060525466894
2068-05-13,2.021745528211412
2068-05-14,1.8422164435060135
2068-05-15,1.7492365989769738
2068-05-16,1.6119916244011587
2068-05-17,1.5301924307190549
2068-05-18,1.5469430602478542
2068-05-19,1.8022458493516897
2068-05-20,2.6516992526214826
2068-05-21,4.045402579129531
2068-05-22,4.750307885444965
2068-05-23,5.865962227819235
2068-05-24,6.741141244544801
2068-05-25,3.283588191851853
2068-05-26,4.435926226809918
2068-05-27,6.505240751313012
2068-05-28,4.588243689907314
2068-05-29,8.414474691738432
2068-05-30,11.830876849079395
2068-05-31,14.964530108747644
2068-06-01,14.785359901482414
2068-06-02,15.550228860338825
2068-06-03,16.593234241316633
2068-06-04,15.859587033463912
2068-06-05,17.115875859441484
2068-06-06,15.560877245650877
2068-06-07,13.778173095033658
2068-06-08,13.587084310786791
2068-06-09,16.10933578948872
2068-06-10,15.330277021482576
2068-06-11,13.532606358894173
2068-06-12,11.506385157862754
2068-06-13,11.768199591220213
2068-06-14,12.94917003693317
2068-06-15,10.760362724265553
2068-06-16,12.663614914319924
2068-06-17,10.857764890315211
2068-06-18,10.40696852806872
2068-06-19,11.254172083981459
2068-06-20,10.140280762337714
2068-06-21,9.141300085751281
2068-06-22,8.59857012965451
2068-06-23,7.242510897549793
2068-06-24,5.516292137414421
2068-06-25,5.0160611784075355
2068-06-26,4.377793917371374
2068-06-27,4.214814689325634
2068-06-28,3.3116769042031957
2068-06-29,3.1462647352086357
2068-06-30,2.8324952465349917
2068-07-01,8.39347975120696
2068-07-02,7.18445697072197
2068-07-03,6.674035718093171
2068-07-04,6.139808600079157
2068-07-05,3.749345776675463
2068-07-06,3.730745053917161
2068-07-07,3.4945086014923197
2068-07-08,3.359986839626245
2068-07-09,3.1609849761934186
2068-07-10,2.8753432804055956
2068-07-11,2.526555815024789
2068-07-12,2.2669530479228968
2068-07-13,2.4251703411275543
2068-07-14,2.453745123462836
2068-07-15,2.298297222768972
2068-07-16,2.3211005738424966
2068-07-17,2.391699523083192
2068-07-18,2.323882357123064
2068-07-19,2.211984583367213
2068-07-20,1.8348841873165365
2068-07-21,1.991196369463058
2068-07-22,2.0214316356035935
2068-07-23,1.9318801151459173
2068-07-24,1.809357161878198
2068-07-25,1.666322813865574
2068-07-26,1.5729520064853775
2068-07-27,1.498871133985536
2068-07-28,1.604364844409355
2068-07-29,0.9717586876052785
2068-07-30,0.8248787160891802
2068-07-31,0.8351920412750068
2068-08-01,0.7654686982329632
2068-08-02,0.74411360109884
2068-08-03,0.6616097246312961
2068-08-04,0.4940912301730358
2068-08-05,0.3911433644542067
2068-08-06,0.3606800039914461
2068-08-07,0.33765204223250245
2068-08-08,0.31114962995378204
2068-08-09,0.29507094265112555
2068-08-10,0.2642157191214688
2068-08-11,0.23520779287828134
2068-08-12,0.20100018479327136
2068-08-13,0.132597328931426
2068-08-14,0.12127262362132579
2068-08-15,0.11236884350775121
2068-08-16,0.10275339384953368
2068-08-17,1.1729799678428092
2068-08-18,0.08559546089178018
2068-08-19,0.37121446458644225
2068-08-20,0.08062745983555382
2068-08-21,0.13663131555328675
2068-08-22,0.07455320489249623
2068-08-23,0.08254538523479892
2068-08-24,0.06712696743020564
2068-08-25,0.0763084202905723
2068-08-26,0.06055051021944875
2068-08-27,0.05144451460628048
2068-08-28,0.08321114577339885
2068-08-29,0.04276786261900859
2068-08-30,0.04110784828677813
2068-08-31,0.03962552278624218
2068-09-01,0.020374144050100174
2068-09-02,0.01635322808119205
2068-09-03,0.022783920223975084
2068-09-04,0.01688362951553419
2068-09-05,0.05923349927955364
2068-09-06,0.015447212192887833
2068-09-07,0.014677235948479278
2068-09-08,0.01439088778360198
2068-09-09,0.014147479950374565
2068-09-10,0.013935284004777207
2068-09-11,0.019447992963177268
2068-09-12,0.013624879743649614
2068-09-13,0.7646816208984042
2068-09-14,1.1065141618030945
2068-09-15,0.6100880189816866
2068-09-16,0.015362965843351228
2068-09-17,0.024724821064271818
2068-09-18,0.016050298197427978
2068-09-19,0.01602664640087613
2068-09-20,0.015822609239473057
2068-09-21,0.015600883634372911
2068-09-22,0.015392971196737115
2068-09-23,0.015184148070209357
2068-09-24,0.014950063679202836
2068-09-25,0.014708836884909024
2068-09-26,0.01449464494756873
2068-09-27,0.01431030553331734
2068-09-28,0.014158428908685437
2068-09-29,0.014024032104159073
2068-09-30,0.013887775682870083
2068-10-01,0.02237536276614196
2068-10-02,0.022205452063937703
2068-10-03,0.022051444941318648
2068-10-04,0.021926316696640562
2068-10-05,0.02435718483224741
2068-10-06,0.021787871275380614
2068-10-07,0.021731518908403198
2068-10-08,0.05933862186206426
2068-10-09,0.021611477175992985
2068-10-10,0.021540823018626157
2068-10-11,0.02146810187675604
2068-10-12,0.021394560156343372
2068-10-13,0.021318112847053643
2068-10-14,0.021248559257565545
2068-10-15,0.022198014143197
2068-10-16,0.02112776590095625
2068-10-17,0.021081312589075835
2068-10-18,0.021040269158585
2068-10-19,0.02121930787759655
2068-10-20,0.3667904021471152
2068-10-21,0.5970935334156866
2068-10-22,1.142863851548177
2068-10-23,0.7226123918712796
2068-10-24,0.24822631073170745
2068-10-25,0.13986659459584772
2068-10-26,0.23723716387117338
2068-10-27,0.4263923434101374
2068-10-28,0.5390449511064664
2068-10-29,0.31462420125537244
2068-10-30,0.15781091730676966
2068-10-31,0.10395132771329281
2068-11-01,0.05637668754522384
2068-11-02,0.08482201420409831
2068-11-03,0.08590085808348491
2068-11-04,0.0735340304258935
2068-11-05,0.0679403183837614
2068-11-06,0.06016469837992981
2068-11-07,0.04197777402794576
2068-11-08,0.03269360375460375
2068-11-09,0.035428841957618674
2068-11-10,0.03179998908580922
2068-11-11,0.030142150350763022
2068-11-12,0.034117448545903935
2068-11-13,0.030092114467508282
2068-11-14,0.03695042660867024
2068-11-15,0.03007009698998844
2068-11-16,0.19921617169231048
2068-11-17,0.060046430464017704
2068-11-18,1.3635074196682992
2068-11-19,2.2326442711951677
2068-11-20,0.45191672873940997
2068-11-21,0.0575426342056179
2068-11-22,0.06847845258915349
2068-11-23,0.12025689530415581
2068-11-24,1.4589460912964802
2068-11-25,0.4517226267945975
2068-11-26,0.05025675032274321
2068-11-27,0.16745973254810154
2068-11-28,0.31636759424495847
2068-11-29,0.06863961130450526
2068-11-30,0.16147792177476164
2068-12-01,3.1324263638670033
2068-12-02,2.0066435705107675
2068-12-03,0.514401246643064
2068-12-04,0.4687978589829253
2068-12-05,0.16859770174775895
2068-12-06,0.10207802629798157
2068-12-07,0.09995095764576115
2068-12-08,0.11123806940113161
2068-12-09,0.4023326135712053
2068-12-10,0.5577724689744173
2068-12-11,0.1875457306338264
2068-12-12,0.1401447268062844
2068-12-13,0.13805550573226819
2068-12-14,0.1430032119732049
2068-12-15,0.11053467587086244
2068-12-16,0.25643118367598805
2068-12-17,0.3917628907153286
2068-12-18,0.11015281664554868
2068-12-19,0.2065083782929229
2068-12-20,0.19192471176174136
2068-12-21,0.21168339548288517
2068-12-22,0.12522952330208784
2068-12-23,0.1408785671087329
2068-12-24,0.1397775260199234
2068-12-25,0.1665485820565998
2068-12-26,0.16099268316860046
2068-12-27,0.4662074589868325
2068-12-28,0.5191963710844375
2068-12-29,0.2194504083718079
2068-12-30,0.2300624219392289
2068-12-31,0.18817936566544224
2069-01-01,0.07314995334986021
2069-01-02,0.10826175867927841
2069-01-03,0.12791891008219533
2069-01-04,0.1375367767267464
2069-01-05,0.12919318504370927
2069-01-06,0.14495220690900798
2069-01-07,0.11025178178313888
2069-01-08,0.15219010267927433
2069-01-09,0.39332243203537537
2069-01-10,0.44645389337660024
2069-01-11,0.2874392711421564
2069-01-12,0.3047613463014143
2069-01-13,0.2928117264795156
2069-01-14,0.29182760623007337
2069-01-15,0.2980090851782875
2069-01-16,0.29353956642859363
2069-01-17,0.28833630926826415
2069-01-18,0.26746498187283485
2069-01-19,0.26452159453743584
2069-01-20,0.2526624771031239
2069-01-21,0.24044714666157227
2069-01-22,0.239694126886315
2069-01-23,0.2870505975308887
2069-01-24,0.237755912037408
2069-01-25,0.23585896133032117
2069-01-26,0.30300443965759827
2069-01-27,0.4468748787639052
2069-01-28,0.28490740771618683
2069-01-29,0.30308091473281334
2069-01-30,0.46370851904288596
2069-01-31,1.346508448203816
2069-02-01,0.6364423994463314
2069-02-02,0.6214622010807217
2069-02-03,0.6086095403285534
2069-02-04,0.5981424476429062
2069-02-05,0.5621556551573544
2069-02-06,0.5675722128650184
2069-02-07,0.5307680774298208
2069-02-08,0.510669840531509
2069-02-09,0.4900450930397131
2069-02-10,0.4742980857231428
2069-02-11,0.4798987864329303
2069-02-12,0.5278027306348154
2069-02-13,0.6097860317813144
2069-02-14,0.6436140877787859
2069-02-15,0.6790648482102611
2069-02-16,0.6667313781335346
2069-02-17,0.5624066735037694
2069-02-18,0.552190269799226
2069-02-19,0.5154011394186445
2069-02-20,0.4851476278862153
2069-02-21,0.4603803557837691
2069-02-22,0.44282583102051765
2069-02-23,0.40286849463765917
2069-02-24,0.7758910036434831
2069-02-25,0.5901120565961437
2069-02-26,0.6285714203847983
2069-02-27,0.7380634404826041
2069-02-28,0.7786082158980508
2069-03-01,1.065010678287889
2069-03-02,1.0032638093102275
2069-03-03,0.8791164104945473
2069-03-04,0.9146641558938969
2069-03-05,0.9121957493315962
2069-03-06,0.9076952132539777
2069-03-07,0.8169226417546331
2069-03-08,0.8042997451943942
2069-03-09,0.7847427443236028
2069-03-10,0.7740336616926775
2069-03-11,0.8348552587613506
2069-03-12,0.9239052159337652
2069-03-13,0.9513831939455692
2069-03-14,0.8157366823094695
2069-03-15,0.8181738251371299
2069-03-16,1.011115769564402
2069-03-17,1.9154755256963991
2069-03-18,2.6151751161708336
2069-03-19,7.234362348858294
2069-03-20,6.065546201543958
2069-03-21,6.690395116456477
2069-03-22,10.93703164807634
2069-03-23,8.574986383267104
2069-03-24,7.727627643111357
2069-03-25,8.170062051197446
2069-03-26,8.810406191304923
2069-03-27,4.583221615950857
2069-03-28,5.215667711631907
2069-03-29,6.404353232257818
2069-03-30,6.8845167625780865
2069-03-31,5.720512545127733
2069-04-01,2.65797375234783
2069-04-02,2.4756390405693476
2069-04-03,2.6224287152600048
2069-04-04,2.3841383844364876
2069-04-05,2.4178509265097086
2069-04-06,2.4576656203841187
2069-04-07,2.51873452178905
2069-04-08,2.506407686669169
2069-04-09,2.28447104271503
2069-04-10,2.2381661650843183
2069-04-11,1.9652447484654425
2069-04-12,1.8754718737802571
2069-04-13,2.0511977446686216
2069-04-14,1.848780083045523
2069-04-15,1.6825598711446843
2069-04-16,1.6039415954079883
2069-04-17,1.5387966369759225
2069-04-18,1.4555888061395847
2069-04-19,1.3787465327504411
2069-04-20,1.2741057687084596
2069-04-21,1.2863963972457044
2069-04-22,1.1841713061581953
2069-04-23,1.0760510205477618
2069-04-24,1.003057287145439
2069-04-25,0.966713457712271
2069-04-26,0.9529380094945997
2069-04-27,0.9535677733983169
2069-04-28,1.1025911305878107
2069-04-29,1.2893455241655467
2069-04-30,1.452143035736401
2069-05-01,1.4019390798634657
2069-05-02,1.2783174060658091
2069-05-03,1.2611555803468917
2069-05-04,1.2054889659883996
2069-05-05,1.1635948711275295
2069-05-06,1.228986038055459
2069-05-07,1.5141878699768239
2069-05-08,1.8177664008552772
2069-05-09,1.7866157273639685
2069-05-10,2.157512437647441
2069-05-11,4.190322578772275
2069-05-12,4.7407863087603594
2069-05-13,2.9588706452588087
2069-05-14,2.553108157582963
2069-05-15,1.599952655016046
2069-05-16,1.9316287887772867
2069-05-17,2.8932137119893975
2069-05-18,2.3398501280710726
2069-05-19,1.5494266534791947
2069-05-20,1.6383329929652257
2069-05-21,2.379287146871457
2069-05-22,3.712961133041386
2069-05-23,4.275114047188448
2069-05-24,3.6055500449900206
2069-05-25,2.9599951087629646
2069-05-26,2.660133086254737
2069-05-27,2.0808429155503227
2069-05-28,2.0424274362587433
2069-05-29,1.3670750041741038
2069-05-30,1.0869411524673802
2069-05-31,0.9553731281272887
2069-06-01,0.8018541754366979
2069-06-02,0.7083564909778467
2069-06-03,0.5497840133419449
2069-06-04,0.4415273372416654
2069-06-05,0.3888039574058864
2069-06-06,0.35664492374068
2069-06-07,0.3105068858702148
2069-06-08,0.2720970397145054
2069-06-09,0.23810624536251282
2069-06-10,0.16945365613565866
2069-06-11,0.13650385995093542
2069-06-12,0.11428441339424113
2069-06-13,0.09956620837366562
2069-06-14,0.09604226887614835
2069-06-15,0.0773881088242004
2069-06-16,0.06915757652135389
2069-06-17,0.058885962815053615
2069-06-18,0.050208096457256955
2069-06-19,0.040312305547757714
2069-06-20,0.0350761278969466
2069-06-21,0.03104105098553568
2069-06-22,0.0278906885489126
2069-06-23,0.025391835906709452
2069-06-24,0.023443536945827518
2069-06-25,0.021951287303462182
2069-06-26,0.02087918235107672
2069-06-27,0.020061121991182707
2069-06-28,0.019355979810978027
2069-06-29,0.021748522551831736
2069-06-30,0.018285443580242762
2069-07-01,0.09333934734635224
2069-07-02,0.05971634658767924
2069-07-03,0.07468049979565712
2069-07-04,0.05442526207908116
2069-07-05,0.05298808478669583
2069-07-06,0.051619401693837504
2069-07-07,0.0502641233404405
2069-07-08,0.048929412320004015
2069-07-09,0.04765236203715472
2069-07-10,0.046429181785770886
2069-07-11,0.04528550613968237
2069-07-12,0.04427915102381011
2069-07-13,0.04333553412976844
2069-07-14,0.042375827453510394
2069-07-15,0.04142270198522049
2069-07-16,0.07159056039896951
2069-07-17,0.039810531820374896
2069-07-18,0.03905880311929631
2069-07-19,0.038368474829785414
2069-07-20,0.03772839592361117
2069-07-21,0.037124972131750075
2069-07-22,0.036548015122959264
2069-07-23,0.03597285491570791
2069-07-24,0.03539596947392727
2069-07-25,0.0348143693082859
2069-07-26,0.034241323561998875
2069-07-27,0.10418122720275091
2069-07-28,0.033271389355241
2069-07-29,0.032818375276943645
2069-07-30,0.03238862076133451
2069-07-31,0.032004193234356465
2069-08-01,0.02894658647272624
2069-08-02,0.02867088771663648
2069-08-03,0.028404973088693657
2069-08-04,0.028147727450668035
2069-08-05,0.027902918004730326
2069-08-06,0.03002531559646703
2069-08-07,0.06125462277121311
2069-08-08,0.042419441938447267
2069-08-09,0.027238409422428535
2069-08-10,0.02708887432135951
2069-08-11,0.026952450904838967
2069-08-12,0.02683028920904775
2069-08-13,0.02671437601110874
2069-08-14,0.026601781204194024
2069-08-15,0.026491913090931345
2069-08-16,0.026384537857759145
2069-08-17,0.026283003415021787
2069-08-18,0.026190698729975308
2069-08-19,0.026107942042631522
2069-08-20,0.02603612277573716
2069-08-21,0.02597830858485965
2069-08-22,0.02592959185812727
2069-08-23,0.02675070022742318
2069-08-24,0.025863379377987314
2069-08-25,0.02583399268581089
2069-08-26,0.02648815298979691
2069-08-27,0.025839478861325628
2069-08-28,0.02575414319894833
2069-08-29,0.027542087941513194
2069-08-30,0.025696240294041994
2069-08-31,0.025669904646253395
2069-09-01,0.011409332249129416
2069-09-02,0.011398014636309448
2069-09-03,0.011387192234581383
2069-09-04,0.011376741305875133
2069-09-05,0.01136642799759751
2069-09-06,0.011356981432771047
2069-09-07,0.02856390648844185
2069-09-08,0.011342616168865277
2069-09-09,0.011942409340757723
2069-09-10,0.01133084963484118
2069-09-11,0.01156881195520635
2069-09-12,0.027502197335066907
2069-09-13,0.011316394518141542
2069-09-14,0.011311263287428493
2069-09-15,0.011306353383497662
2069-09-16,0.011301658182686334
2069-09-17,0.011297313491854031
2069-09-18,0.011293291118930716
2069-09-19,0.011289354659196105
2069-09-20,0.011285474499646102
2069-09-21,0.011281666541362877
2069-09-22,0.011277924148690274
2069-09-23,0.01127423637014472
2069-09-24,0.011270562395051606
2069-09-25,0.011266947692048479
2069-09-26,0.01126345498613954
2069-09-27,0.011260091479208631
2069-09-28,0.011256902997178379
2069-09-29,0.011253886962671378
2069-09-30,0.011260626050372197
2069-10-01,0.018283210957430983
2069-10-02,0.018278364468416314
2069-10-03,0.01827343141170417
2069-10-04,0.018268433655721374
2069-10-05,0.01826340478548005
2069-10-06,0.01825839257538309
2069-10-07,0.018253454425306532
2069-10-08,0.018248556081247203
2069-10-09,0.018243662353433426
2069-10-10,0.018238749511138994
2069-10-11,0.018233813163850445
2069-10-12,0.01822908185730916
2069-10-13,0.01822457557096485
2069-10-14,0.018220070733418338
2069-10-15,0.018215567888480815
2069-10-16,0.019382237506240824
2069-10-17,0.018339471931147287
2069-10-18,0.01820207549873045
2069-10-19,0.018460244239151616
2069-10-20,0.018193082015897543
2069-10-21,0.018188584495188075
2069-10-22,0.018184088416093976
2069-10-23,0.018179593647278346
2069-10-24,0.0181751000697193
2069-10-25,0.01819136848973985
2069-10-26,0.2074140439985399
2069-10-27,0.018161640485175514
2069-10-28,0.018157159015130216
2069-10-29,0.018152679012351496
2069-10-30,0.01814820035268609
2069-10-31,0.018143722409210927
2069-11-01,0.019072623321830594
2069-11-02,0.01906791740157413
2069-11-03,0.02195210437126972
2069-11-04,0.01932215191825813
2069-11-05,0.019053806938197984
2069-11-06,0.01904910516938592
2069-11-07,0.03681685691475556
2069-11-08,0.029394248761188867
2069-11-09,0.01904133745195897
2069-11-10,0.01903031177836951
2069-11-11,0.019025616326269482
2069-11-12,0.01902092183003753
2069-11-13,0.022777289287310275
2069-11-14,0.3324115692075393
2069-11-15,1.7877511993223376
2069-11-16,1.931093343061013
2069-11-17,0.07195308021795646
2069-11-18,0.0504176624565277
2069-11-19,0.05584508253181725
2069-11-20,0.6130255734602793
2069-11-21,0.041378657126973126
2069-11-22,0.04599410430277
2069-11-23,0.030287081264600047
2069-11-24,0.3122191968941699
2069-11-25,0.5181967224862963
2069-11-26,0.2268308451282051
2069-11-27,1.2483350765975607
2069-11-28,1.3830921177483686
2069-11-29,1.4320035189370541
2069-11-30,0.2680452491158391
2069-12-01,0.16191779589803895
2069-12-02,0.3147841776797775
2069-12-03,0.9399673592105156
2069-12-04,0.5690817053023136
2069-12-05,0.050109990086697295
2069-12-06,0.0929731397089487
2069-12-07,0.09009086530560914
2069-12-08,0.36543133066937905
2069-12-09,0.7244079102263538
2069-12-10,0.43029929485634166
2069-12-11,0.057671444928015764
2069-12-12,0.05656781445182626
2069-12-13,0.05140534190951155
2069-12-14,0.04155956788228894
2069-12-15,0.04157694792531032
2069-12-16,0.05604612246345673
2069-12-17,0.08741490379298181
2069-12-18,0.04642977554638353
2069-12-19,0.04500280551835834
2069-12-20,0.04369097080916762
2069-12-21,0.04437638397894013
2069-12-22,0.043379398972107165
2069-12-23,0.04690982822876334
2069-12-24,0.04634659182074671
2069-12-25,0.0456799970619218
2069-12-26,0.04330382232715926
2069-12-27,0.04622581821068444
2069-12-28,0.04710045436310711
2069-12-29,0.051482368750931706
2069-12-30,0.05988060218720045
2069-12-31,0.06884406239588141
2070-01-01,0.0333084447714299
2070-01-02,0.023345025311945034
2070-01-03,0.027195928470734144
2070-01-04,0.02922627757243167
2070-01-05,0.02242423557257527
2070-01-06,0.03152115092635669
2070-01-07,0.029354335306826688
2070-01-08,0.03741443442289642
2070-01-09,0.07102265092462454
2070-01-10,0.06968641092610334
2070-01-11,0.03896346347564726
2070-01-12,0.05525713370768175
2070-01-13,0.020704390893362304
2070-01-14,0.02600658473732528
2070-01-15,0.016615681003227457
2070-01-16,0.01662376791519121
2070-01-17,0.020244182305629632
2070-01-18,0.03002508737295023
2070-01-19,0.03358485521783678
2070-01-20,0.020113684217338123
2070-01-21,0.019879991589686744
2070-01-22,0.01710128722447541
2070-01-23,0.025739988521140025
2070-01-24,0.018605035322772363
2070-01-25,0.023214816134965614
2070-01-26,0.0340456297621475
2070-01-27,0.04462449303892277
2070-01-28,0.05405603180303639
2070-01-29,0.0481281022997447
2070-01-30,0.03466829585537781
2070-01-31,0.04006908984067704
2070-02-01,0.031940860497000054
2070-02-02,0.04511054832255149
2070-02-03,0.0527670943550369
2070-02-04,0.03786227916909169
2070-02-05,0.053628478984697185
2070-02-06,0.08436730154584861
2070-02-07,0.1252217180714593
2070-02-08,0.1357608532820034
2070-02-09,0.17612064779039738
2070-02-10,0.07333157921603457
2070-02-11,0.12077891502261899
2070-02-12,0.030188974818522993
2070-02-13,0.03060382291857095
2070-02-14,0.043580406324606434
2070-02-15,0.1479576043152746
2070-02-16,0.07549469804738228
2070-02-17,0.10604186083929111
2070-02-18,0.14178292832965653
2070-02-19,0.14248046852750476
2070-02-20,0.10546933582800287
2070-02-21,0.5344598016334546
2070-02-22,0.14151494052193742
2070-02-23,0.09284951157386487
2070-02-24,0.11720241328951843
2070-02-25,0.128920544321741
2070-02-26,0.12881803532417224
2070-02-27,0.19529721600207842
2070-02-28,0.3562835400316489
2070-03-01,0.40086097145065996
2070-03-02,0.5297004880955821
2070-03-03,0.3672474671870522
2070-03-04,0.41295265946490445
2070-03-05,0.40727884663348424
2070-03-06,0.3741298256954535
2070-03-07,0.37033814668373255
2070-03-08,0.3785062199810726
2070-03-09,0.3693434830907279
2070-03-10,0.3378366225362034
2070-03-11,0.3372589618155599
2070-03-12,0.3167540949224166
2070-03-13,0.33600630034169343
2070-03-14,0.378130649534439
2070-03-15,0.3531475495541261
2070-03-16,0.38770730397517517
2070-03-17,0.4185603102693358
2070-03-18,0.4222820749774139
2070-03-19,0.3428566845983946
2070-03-20,0.32074841201487636
2070-03-21,0.41021490819100087
2070-03-22,0.3995567091643329
2070-03-23,0.3377761268565871
2070-03-24,0.3171398291329363
2070-03-25,0.2754740251405293
2070-03-26,0.32091518969440963
2070-03-27,0.35308104910593874
2070-03-28,0.2535096972401666
2070-03-29,0.2678816559932936
2070-03-30,0.4530101398613369
2070-03-31,0.9835860570482677
2070-04-01,1.0164760166655908
2070-04-02,0.9051545409226619
2070-04-03,0.8738836504726752
2070-04-04,1.0051343351524715
2070-04-05,1.177083548199383
2070-04-06,1.260855589983293
2070-04-07,1.0169939564485777
2070-04-08,0.8076292677364996
2070-04-09,0.8821551369072528
2070-04-10,0.7655162699716386
2070-04-11,0.6992913678381433
2070-04-12,0.6917533415069379
2070-04-13,0.6365649976064269
2070-04-14,0.6062960296631016
2070-04-15,0.5467365719418283
2070-04-16,0.5469011934341935
2070-04-17,0.4987970977185499
2070-04-18,0.49948657265071605
2070-04-19,0.45145242475336345
2070-04-20,0.4038821347753846
2070-04-21,0.42177194031722837
2070-04-22,0.6200962443034567
2070-04-23,0.43917488256650056
2070-04-24,0.8066072041561889
2070-04-25,1.0669063919515893
2070-04-26,0.7485891113509276
2070-04-27,0.48673519282541844
2070-04-28,0.5105399080335057
2070-04-29,0.5028820875609776
2070-04-30,0.636283448605125
2070-05-01,0.7277963038321841
2070-05-02,1.0503253688817287
2070-05-03,1.2816379959737043
2070-05-04,1.2877637824206405
2070-05-05,1.3936905841170588
2070-05-06,1.2729349466324238
2070-05-07,1.4212504645782797
2070-05-08,1.491630872247674
2070-05-09,1.6726012726197026
2070-05-10,1.434793319482087
2070-05-11,1.3210849457636833
2070-05-12,1.1903110328190327
2070-05-13,0.9434313159569309
2070-05-14,0.9623810167539293
2070-05-15,1.0410714095684546
2070-05-16,1.0921138727860369
2070-05-17,0.9844390770487718
2070-05-18,0.9520563969803896
2070-05-19,0.5270985499847585
2070-05-20,0.4746240495391833
2070-05-21,0.42528490616999975
2070-05-22,0.3785216495833766
2070-05-23,0.33310787918176543
2070-05-24,0.28970735066982345
2070-05-25,0.25285286384885985
2070-05-26,0.23555495502269685
2070-05-27,0.18264033720989312
2070-05-28,0.15711600818227422
2070-05-29,0.13856768777098083
2070-05-30,0.12219553664408996
2070-05-31,0.11009704403276094
2070-06-01,0.10810431558930873
2070-06-02,0.08242448036107519
2070-06-03,0.0745115377219659
2070-06-04,0.06690497885018375
2070-06-05,0.07079134841624786
2070-06-06,0.056172521690611314
2070-06-07,0.051414479131280146
2070-06-08,0.0438215247699016
2070-06-09,0.039296448343335025
2070-06-10,0.036387730946376234
2070-06-11,0.03372604097013548
2070-06-12,0.031132585742290882
2070-06-13,0.02877767353817925
2070-06-14,0.02658300602754185
2070-06-15,0.0246768933070116
2070-06-16,0.023004165271119814
2070-06-17,0.02165758300518353
2070-06-18,0.020628467327254377
2070-06-19,0.01982857277324975
2070-06-20,0.01922476380749703
2070-06-21,0.018731207606941358
2070-06-22,0.01826885060185798
2070-06-23,0.017799825487436614
2070-06-24,0.01733828171931334
2070-06-25,0.016911623406240462
2070-06-26,0.016523905921835474
2070-06-27,0.016139164777686434
2070-06-28,0.015744447834007507
2070-06-29,0.015368627443056022
2070-06-30,0.015032023410883999
2070-07-01,0.04826353364989488
2070-07-02,0.04718932358367205
2070-07-03,0.046072205531049404
2070-07-04,0.04499199258288342
2070-07-05,0.0439606025938432
2070-07-06,0.07430609679753852
2070-07-07,0.04207634443806077
2070-07-08,0.0978980940682874
2070-07-09,0.04048058664018538
2070-07-10,0.11913812513325332
2070-07-11,0.2416540876210587
2070-07-12,0.6450740754130555
2070-07-13,2.4885829566098527
2070-07-14,1.0678136920524952
2070-07-15,1.952168147971523
2070-07-16,0.042816949070582935
2070-07-17,0.15963064495358054
2070-07-18,0.04374100404222858
2070-07-19,0.04345733546887251
2070-07-20,0.0430575698996854
2070-07-21,0.04265451891805202
2070-07-22,0.042243405836941327
2070-07-23,0.04175096588725205
2070-07-24,0.04116026377309438
2070-07-25,0.040460034595447766
2070-07-26,0.039680810904223325
2070-07-27,0.10307821133614982
2070-07-28,0.17658705519812795
2070-07-29,0.0964885118651758
2070-07-30,0.037129736692517096
2070-07-31,0.03640708758744083
2070-08-01,0.03265360852635807
2070-08-02,3.5956322150192213
2070-08-03,1.6237624076240662
2070-08-04,1.037963850798171
2070-08-05,0.0392825523007097
2070-08-06,0.184676971234932
2070-08-07,0.03858014634477457
2070-08-08,0.27700631146581955
2070-08-09,0.03786561302167645
2070-08-10,0.03996072536599959
2070-08-11,0.03707009189473424
2070-08-12,0.04155903854805134
2070-08-13,0.03617828608636423
2070-08-14,0.0356439620350248
2070-08-15,0.035090137307140744
2070-08-16,0.03978940802695986
2070-08-17,0.03416960684468002
2070-08-18,0.04517775012786095
2070-08-19,0.033422478647061514
2070-08-20,0.03300947781710541
2070-08-21,0.03253351483731355
2070-08-22,0.03206452948798389
2070-08-23,0.03516719691600818
2070-08-24,0.03128141363771999
2070-08-25,0.030933899429858414
2070-08-26,0.034053950379418614
2070-08-27,0.03029807153480066
2070-08-28,0.03002536920114677
2070-08-29,0.029760986882174895
2070-08-30,0.029512633923150393
2070-08-31,0.029295046537448063
2070-09-01,0.012943687050020017
2070-09-02,0.012856575647985754
2070-09-03,0.012768726379543141
2070-09-04,0.012683516704049953
2070-09-05,0.012603868549252504
2070-09-06,0.01252679532447531
2070-09-07,0.01245288731274484
2070-09-08,0.01782531832785146
2070-09-09,0.012327179442961104
2070-09-10,0.012272618582554176
2070-09-11,0.01460331668289825
2070-09-12,0.012184890083432725
2070-09-13,0.01214376182121594
2070-09-14,0.012100259820912796
2070-09-15,0.012057998856857828
2070-09-16,0.012020005584899513
2070-09-17,0.06865401630307914
2070-09-18,0.0119507094804617
2070-09-19,0.011914601602821004
2070-09-20,0.01273075599971523
2070-09-21,0.011849392360011975
2070-09-22,0.03739456060459503
2070-09-23,0.0547310434598676
2070-09-24,0.011787937890499702
2070-09-25,0.012109144873003947
2070-09-26,0.09984643570607273
2070-09-27,0.01909875489470496
2070-09-28,0.03358898145033385
2070-09-29,0.011719971530655062
2070-09-30,0.011708777285995075
2070-10-01,0.01901296300555132
2070-10-02,0.018994248687147552
2070-10-03,0.018974390760705142
2070-10-04,0.018954517132459298
2070-10-05,0.018936363317043802
2070-10-06,0.018919952967205673
2070-10-07,0.018905203060285564
2070-10-08,0.018891919355849163
2070-10-09,0.01887917513144798
2070-10-10,0.018866281906645892
2070-10-11,0.01906067995300071
2070-10-12,0.018832336055707447
2070-10-13,0.018813747671864122
2070-10-14,0.01879712809084771
2070-10-15,0.018780647590279354
2070-10-16,0.01876402809339987
2070-10-17,0.01874731860691065
2070-10-18,0.01872942196535001
2070-10-19,0.018709840584784917
2070-10-20,0.0186894733137042
2070-10-21,0.018671805500050917
2070-10-22,0.019356917633021636
2070-10-23,0.01985850863706361
2070-10-24,0.01864125573697423
2070-10-25,0.018633292880606264
2070-10-26,0.018622928407546972
2070-10-27,0.01861198525894136
2070-10-28,0.018600730897979235
2070-10-29,0.018589104139646536
2070-10-30,0.01857807141493389
2070-10-31,0.01874590627157692
2070-11-01,0.019512532820174143
2070-11-02,0.019501488972147082
2070-11-03,0.019489933856676498
2070-11-04,0.019478807536449257
2070-11-05,0.019468552514673918
2070-11-06,0.01945797243845743
2070-11-07,0.019446906510528224
2070-11-08,0.019435811109284707
2070-11-09,0.024750975799994655
2070-11-10,0.021088797586731163
2070-11-11,0.3628842804427717
2070-11-12,0.01949649093173938
2070-11-13,0.024219622776468157
2070-11-14,0.3347013739923121
2070-11-15,0.021553600767105167
2070-11-16,0.029717838281676505
2070-11-17,0.021035529067025292
2070-11-18,0.22401097727449595
2070-11-19,1.3192820150992994
2070-11-20,0.029427624236082386
2070-11-21,0.09003871018790238
2070-11-22,0.05417929177592127
2070-11-23,0.27699791102811305
2070-11-24,0.7085402189923496
2070-11-25,0.9848814450744502
2070-11-26,2.228979228832529
2070-11-27,0.6046009504090387
2070-11-28,0.1553118663423767
2070-11-29,0.04289155859047277
2070-11-30,0.041407482865686976
2070-12-01,0.038834647576890424
2070-12-02,0.24189776349213574
2070-12-03,2.830245369439663
2070-12-04,12.816932742797619
2070-12-05,1.7107983022698579
2070-12-06,0.337936626807531
2070-12-07,0.4546541722301847
2070-12-08,2.143662836232442
2070-12-09,1.3015415740339153
2070-12-10,1.2953768236048395
2070-12-11,4.9186873723872075
2070-12-12,3.597741923386795
2070-12-13,0.6875847883569506
2070-12-14,0.5016813297890268
2070-12-15,0.5627023372288934
2070-12-16,0.9203030583012087
2070-12-17,0.9644346270644026
2070-12-18,0.7581825630997624
2070-12-19,0.8237673436627169
2070-12-20,0.9362436489995846
2070-12-21,0.8936071027745961
2070-12-22,0.9798312353693875
2070-12-23,0.980532189030024
2070-12-24,0.9847915753270694
2070-12-25,0.9170257192096897
2070-12-26,0.9618212991319114
2070-12-27,1.1713909128314375
2070-12-28,1.0226702029475319
2070-12-29,0.9539075411966764
2070-12-30,0.964889789255951
2070-12-31,0.9257304890206396
2071-01-01,0.319529701109658
2071-01-02,0.3264504486194892
2071-01-03,0.7558314766146711
2071-01-04,0.5074544920084232
2071-01-05,0.7148187002382442
2071-01-06,0.9579489291094924
2071-01-07,0.8972509513279393
2071-01-08,0.7968822106053925
2071-01-09,1.5274813466486679
2071-01-10,5.778882443558928
2071-01-11,2.6581582109511825
2071-01-12,1.158575630117639
2071-01-13,1.3530916722884774
2071-01-14,1.6185050339658569
2071-01-15,2.201309754931178
2071-01-16,1.5720307066067816
2071-01-17,1.1856562817658767
2071-01-18,1.2972831639319526
2071-01-19,2.1628587490965447
2071-01-20,5.81268774295093
2071-01-21,4.807904851346855
2071-01-22,2.3112603377791805
2071-01-23,1.5649237110376455
2071-01-24,1.5590604901138994
2071-01-25,1.640416978644748
2071-01-26,1.8422519538964495
2071-01-27,2.47247341151739
2071-01-28,1.6682237286051802
2071-01-29,1.3333388410710059
2071-01-30,1.2853880452709452
2071-01-31,1.237962360658346
2071-02-01,1.0757973893966986
2071-02-02,1.0348756012819038
2071-02-03,0.9972447444902822
2071-02-04,0.9704680807487819
2071-02-05,0.929187100870992
2071-02-06,1.1754357848524282
2071-02-07,1.1486989407173127
2071-02-08,0.9639543523302921
2071-02-09,0.9019254032524513
2071-02-10,0.8854922376854583
2071-02-11,0.9025007256072405
2071-02-12,0.8161331920875949
2071-02-13,0.7847937996989018
2071-02-14,0.8455006817691281
2071-02-15,0.8593593812469127
2071-02-16,0.7902727323169302
2071-02-17,0.762018257849195
2071-02-18,0.7401687010855373
2071-02-19,0.6878184059894423
2071-02-20,0.6978506683704069
2071-02-21,0.6684465483045928
2071-02-22,0.6175882076588102
2071-02-23,0.832574438834578
2071-02-24,0.8384073649090199
2071-02-25,1.1153103390054806
2071-02-26,2.5058105741063437
2071-02-27,1.4165369070483689
2071-02-28,1.8347714542978473
2071-03-01,3.6803875775630868
2071-03-02,2.286999673860537
2071-03-03,1.5488443853612988
2071-03-04,1.4245461707602838
2071-03-05,1.5521226620564503
2071-03-06,1.4500564168274122
2071-03-07,1.4540997019217616
2071-03-08,1.3846820305956367
2071-03-09,1.3566952022864258
2071-03-10,1.2612808536591773
2071-03-11,1.547914222848073
2071-03-12,1.881386176130182
2071-03-13,2.657398611657171
2071-03-14,3.151447288293937
2071-03-15,4.105792572086036
2071-03-16,7.57933640931422
2071-03-17,3.549890106554466
2071-03-18,1.9202534007988465
2071-03-19,1.9275054616359992
2071-03-20,1.9250129802657772
2071-03-21,1.9263012735066427
2071-03-22,2.106856004994196
2071-03-23,2.1118170783524284
2071-03-24,1.937142117913873
2071-03-25,1.9010861676603332
2071-03-26,1.8702559839165034
2071-03-27,1.965652373604266
2071-03-28,2.3748756556469646
2071-03-29,2.81374585759639
2071-03-30,2.828529656147367
2071-03-31,2.682998444566129
2071-04-01,2.2103565887628145
2071-04-02,2.1154106778046016
2071-04-03,3.227903186092776
2071-04-04,5.866667286328379
2071-04-05,6.889398701894119
2071-04-06,7.724997860663829
2071-04-07,8.340674158811044
2071-04-08,7.29310954017592
2071-04-09,7.683643709468274
2071-04-10,3.069473673861596
2071-04-11,2.901185362750738
2071-04-12,2.479007225185344
2071-04-13,2.436245005810841
2071-04-14,2.351028606606648
2071-04-15,2.347923723645885
2071-04-16,2.557736770525756
2071-04-17,2.6056310214205296
2071-04-18,3.15027666944888
2071-04-19,3.212834356514497
2071-04-20,4.317967425680211
2071-04-21,5.1999411623759855
2071-04-22,2.7362400229798043
2071-04-23,2.43218709688477
2071-04-24,2.4196799675159886
2071-04-25,2.389886417626514
2071-04-26,2.4051920653724115
2071-04-27,2.4261581339526677
2071-04-28,2.1502012636642234
2071-04-29,2.114040550886758
2071-04-30,2.351980735304751
2071-05-01,2.693366076682092
2071-05-02,3.3988818125630598
2071-05-03,3.409317219350307
2071-05-04,3.3878257577274558
2071-05-05,2.65622167387387
2071-05-06,3.7388842368300055
2071-05-07,4.021464088909737
2071-05-08,2.7127309876259447
2071-05-09,2.1388592544740495
2071-05-10,2.1309576646247974
2071-05-11,2.260352785985424
2071-05-12,2.651619713560171
2071-05-13,4.1716516140103534
2071-05-14,5.6188242965905255
2071-05-15,7.671038027136517
2071-05-16,7.7770877286733455
2071-05-17,4.799083812110939
2071-05-18,5.151207127830469
2071-05-19,4.0246562877817444
2071-05-20,4.475079591638123
2071-05-21,5.598659903739276
2071-05-22,6.7456713227644265
2071-05-23,5.583229044708777
2071-05-24,5.543833615829271
2071-05-25,6.25794293171838
2071-05-26,5.979196307201991
2071-05-27,5.821256013967057
2071-05-28,5.912382134660585
2071-05-29,5.879864340733618
2071-05-30,4.092183290099779
2071-05-31,3.232976136954376
2071-06-01,4.066844990077973
2071-06-02,3.1487879855315035
2071-06-03,3.338632486146373
2071-06-04,3.031699361688492
2071-06-05,3.8845320196158575
2071-06-06,5.426247523468473
2071-06-07,4.872726074128559
2071-06-08,4.76698181176389
2071-06-09,4.010816389962988
2071-06-10,3.7414359318147605
2071-06-11,3.1194624668826565
2071-06-12,2.3182333352196913
2071-06-13,4.18390178729396
2071-06-14,4.137583729620652
2071-06-15,3.9550794815721546
2071-06-16,4.772599733362228
2071-06-17,4.003532012762142
2071-06-18,3.2895172434408972
2071-06-19,2.572044342942355
2071-06-20,2.0695345533915925
2071-06-21,1.9705424808417409
2071-06-22,2.0614284485966046
2071-06-23,1.6692532019894648
2071-06-24,1.5661981945467274
2071-06-25,1.4437227974531068
2071-06-26,1.41170758684863
2071-06-27,0.8624415921641324
2071-06-28,0.6628460595331749
2071-06-29,0.6305130049207758
2071-06-30,0.48784269657316987
2071-07-01,1.4445002032638021
2071-07-02,1.3158478550054709
2071-07-03,0.9907383886180416
2071-07-04,0.9586468844822764
2071-07-05,0.8003497874582978
2071-07-06,0.7125470672203389
2071-07-07,0.6130357515257017
2071-07-08,0.5346222833947907
2071-07-09,0.4698457289899358
2071-07-10,0.4129439923990667
2071-07-11,0.3709085597501245
2071-07-12,0.33860478542068545
2071-07-13,0.31575695122992187
2071-07-14,0.2326412908081408
2071-07-15,0.2308306258706515
2071-07-16,0.1744204072048416
2071-07-17,0.16007017453101996
2071-07-18,0.14460286294329783
2071-07-19,0.12535843984209014
2071-07-20,0.10787457255271228
2071-07-21,0.09469958963762594
2071-07-22,0.08707792730002617
2071-07-23,0.08354051599890666
2071-07-24,0.08091083054403292
2071-07-25,0.07745430304176638
2071-07-26,0.10864194274447173
2071-07-27,0.0815366588866239
2071-07-28,0.6703364206320939
2071-07-29,0.834789619590999
2071-07-30,1.426075735156848
2071-07-31,0.0557642578640536
2071-08-01,0.09934778550803848
2071-08-02,0.05003328572815101
2071-08-03,0.11425750648653628
2071-08-04,0.9543809413306599
2071-08-05,0.890330886904582
2071-08-06,1.1941318804644405
2071-08-07,0.13474418900788945
2071-08-08,0.059740148250547465
2071-08-09,0.05753299177665971
2071-08-10,0.3578651846509335
2071-08-11,0.05310696282536227
2071-08-12,0.10655601714974794
2071-08-13,0.04938260797047705
2071-08-14,0.04847256686501896
2071-08-15,0.04550422067665758
2071-08-16,0.3449848447004069
2071-08-17,0.04340657822464561
2071-08-18,0.0443494860587545
2071-08-19,0.04190616697162058
2071-08-20,0.15243590846484664
2071-08-21,0.04045192542851308
2071-08-22,0.039713110283579676
2071-08-23,0.03897397092269682
2071-08-24,0.03827150385952482
2071-08-25,0.05427353587407754
2071-08-26,0.03720343381540157
2071-08-27,0.03670281027234994
2071-08-28,0.03622931625044941
2071-08-29,0.03578251994557543
2071-08-30,0.03534240498265028
2071-08-31,0.04902604136913532
2071-09-01,0.04785456876516256
2071-09-02,0.026144885403745724
2071-09-03,0.03538761493948909
2071-09-04,0.026378525850290754
2071-09-05,0.3295020948049492
2071-09-06,0.014951902360066358
2071-09-07,0.014849609884007992
2071-09-08,0.014744862133101791
2071-09-09,0.014643989577628587
2071-09-10,0.10963300564172276
2071-09-11,0.01448385193033439
2071-09-12,0.014613336113416303
2071-09-13,0.09876041826679469
2071-09-14,0.014246388331419167
2071-09-15,0.10494104388411801
2071-09-16,0.014118527313036637
2071-09-17,0.3832080638558936
2071-09-18,0.01403071833385872
2071-09-19,0.013997557266413618
2071-09-20,0.01395557449492104
2071-09-21,0.013895841298335179
2071-09-22,0.013826229747099409
2071-09-23,0.02642020551584073
2071-09-24,0.02260997583466798
2071-09-25,0.013654353291991606
2071-09-26,0.013580624054130366
2071-09-27,0.8754894561597005
2071-09-28,1.0871451729036403
2071-09-29,0.2667981576458103
2071-09-30,0.08829960711544943
2071-10-01,0.02835552559001815
2071-10-02,0.026086804145641303
2071-10-03,0.37251009427820664
2071-10-04,0.02635360391507745
2071-10-05,0.02645506868985504
2071-10-06,0.026471128584626177
2071-10-07,0.02639275095285665
2071-10-08,0.02624262944643239
2071-10-09,0.026050860289168164
2071-10-10,0.025839590354547005
2071-10-11,0.025609427573151804
2071-10-12,0.025365431644238164
2071-10-13,0.025135130885409793
2071-10-14,0.024933360039296835
2071-10-15,0.024772386611304924
2071-10-16,0.024647048103231477
2071-10-17,0.024533426153279574
2071-10-18,0.045857055061541266
2071-10-19,0.02426773360675015
2071-10-20,0.024130910426123954
2071-10-21,0.024031445238040378
2071-10-22,0.5941818420482832
2071-10-23,0.6544760547711318
2071-10-24,1.0403753245013867
2071-10-25,0.40847242240937925
2071-10-26,0.20449816342724417
2071-10-27,0.12069314124902843
2071-10-28,0.08039577433615178
2071-10-29,0.0405909303816914
2071-10-30,0.027439419363491577
2071-10-31,0.037752000780972426
2071-11-01,0.029872523585224058
2071-11-02,0.08781099333236007
2071-11-03,0.0401176367286095
2071-11-04,0.04004467731721696
2071-11-05,0.03310311234526162
2071-11-06,0.029501127289280626
2071-11-07,1.1333808476621685
2071-11-08,1.6234134536916955
2071-11-09,0.08079473976878095
2071-11-10,0.08886541672534724
2071-11-11,0.08191568907262267
2071-11-12,0.04308202764909069
2071-11-13,0.4357795792729579
2071-11-14,0.0432542539322352
2071-11-15,0.055894907046343534
2071-11-16,0.035964484919753154
2071-11-17,0.03773002603533659
2071-11-18,0.03643842422775692
2071-11-19,0.07825853240376048
2071-11-20,2.154407504189498
2071-11-21,2.525431129809014
2071-11-22,0.16504766396874834
2071-11-23,0.2496203423035661
2071-11-24,0.2082651046513151
2071-11-25,0.12392910253576023
2071-11-26,0.4377214905394381
2071-11-27,0.22739089812260144
2071-11-28,0.07693257357544205
2071-11-29,0.0688553602578823
2071-11-30,0.9490220307772245
2071-12-01,4.748030240066917
2071-12-02,5.1104996826897136
2071-12-03,0.4505851899917384
2071-12-04,0.17927760043582128
2071-12-05,0.17719095411475894
2071-12-06,1.1018589641524685
2071-12-07,1.4052581755609133
2071-12-08,1.4052713931297074
2071-12-09,2.48357892417122
2071-12-10,0.9518490395723549
2071-12-11,0.8539037707267355
2071-12-12,1.01377170250128
2071-12-13,1.1748103385933693
2071-12-14,0.988468737516124
2071-12-15,0.9857010595867114
2071-12-16,1.0275142117869676
2071-12-17,1.0220624010967854
2071-12-18,1.0045133663538874
2071-12-19,0.9333075489954452
2071-12-20,0.9190302350501722
2071-12-21,0.8899704194727339
2071-12-22,0.8621642130738782
2071-12-23,0.851437980234327
2071-12-24,0.7968938360230233
2071-12-25,0.7620389630916252
2071-12-26,0.7492997642303492
2071-12-27,0.8062470396375173
2071-12-28,0.6999362751965944
2071-12-29,0.6774600053734509
2071-12-30,0.6584721085887302
2071-12-31,0.7094183275752302
2072-01-01,0.34594170011889586
2072-01-02,0.33918713399252737
2072-01-03,0.2973574275535411
2072-01-04,0.3067296327641284
2072-01-05,0.3008993577814942
2072-01-06,0.3063736978539503
2072-01-07,0.2971032944019632
2072-01-08,0.3609226589738728
2072-01-09,0.5355564609047887
2072-01-10,0.6508184203864947
2072-01-11,1.0561517888003165
2072-01-12,0.5367840880736443
2072-01-13,0.489135842394777
2072-01-14,0.6947551223066492
2072-01-15,0.5190594071280152
2072-01-16,1.7819235614797577
2072-01-17,4.221391183687927
2072-01-18,1.0854904123545956
2072-01-19,0.7397220318627724
2072-01-20,0.6728702862771957
2072-01-21,0.7020614028451228
2072-01-22,0.779700153210582
2072-01-23,0.943496007534556
2072-01-24,2.1156250171498154
2072-01-25,0.849467407527535
2072-01-26,0.8313560265245472
2072-01-27,1.0954471613923125
2072-01-28,2.0445611550275578
2072-01-29,2.964373788572456
2072-01-30,1.7871828679561221
2072-01-31,1.5857489109586582
2072-02-01,1.313742966111026
2072-02-02,1.383335950799215
2072-02-03,1.2520784292521414
2072-02-04,1.288164445537415
2072-02-05,1.448307966948408
2072-02-06,1.5757712470990082
2072-02-07,1.3976346702758862
2072-02-08,1.0249588292595093
2072-02-09,0.9464251677810365
2072-02-10,0.9466020951844293
2072-02-11,0.9142871614514064
2072-02-12,0.8981182385997034
2072-02-13,0.8986646073771563
2072-02-14,0.8312435249991978
2072-02-15,0.7823397184344337
2072-02-16,0.7534090103207303
2072-02-17,0.760859030750264
2072-02-18,0.9241122075490052
2072-02-19,1.0412258832886465
2072-02-20,1.108872876423502
2072-02-21,0.9146143095796166
2072-02-22,0.9549769056932476
2072-02-23,1.0280579650355666
2072-02-24,1.0413722058516837
2072-02-25,0.9870146270836965
2072-02-26,1.0295432932984474
2072-02-27,1.0627999988388768
2072-02-28,1.0944595500894951
2072-02-29,0.933709573116055
2072-03-01,1.1977860768800517
2072-03-02,1.196917119582895
2072-03-03,1.1696982882174405
2072-03-04,1.2566979991105345
2072-03-05,1.4505691277369692
2072-03-06,1.5538529284917553
2072-03-07,1.1442669368160328
2072-03-08,1.1276095558272796
2072-03-09,1.0913759599325472
2072-03-10,1.1060983135964564
2072-03-11,1.01033288040005
2072-03-12,0.9547298199110593
2072-03-13,0.9232191471322109
2072-03-14,1.052551921458701
2072-03-15,1.4418411663971349
2072-03-16,1.2829839291253755
2072-03-17,1.300742316213869
2072-03-18,1.231361965569617
2072-03-19,1.2629998932626103
2072-03-20,1.2895289379961488
2072-03-21,1.5025464313644934
2072-03-22,1.73381732927155
2072-03-23,1.7902782047375452
2072-03-24,1.9817794915464098
2072-03-25,2.1136371572292165
2072-03-26,1.738414504110407
2072-03-27,2.2305021643915373
2072-03-28,1.5444192377223764
2072-03-29,1.6281530019932111
2072-03-30,1.63390930146898
2072-03-31,1.612806909530622
2072-04-01,2.032958645100962
2072-04-02,1.9832354372992929
2072-04-03,2.2819315614212967
2072-04-04,2.882137180158798
2072-04-05,3.5021655629835555
2072-04-06,3.6878331817471937
2072-04-07,4.167006128699064
2072-04-08,4.326048039410549
2072-04-09,6.312687279610986
2072-04-10,8.13942325487547
2072-04-11,15.271470663636673
2072-04-12,9.241621007039742
2072-04-13,4.363147815716286
2072-04-14,8.242250685279783
2072-04-15,4.256502144180082
2072-04-16,2.5945064467062626
2072-04-17,2.517264772861617
2072-04-18,2.4290716576918783
2072-04-19,2.4319338474539176
2072-04-20,2.401316339720397
2072-04-21,2.3698470107339458
2072-04-22,2.3913953686735807
2072-04-23,2.4052202352767518
2072-04-24,2.4606340473561006
2072-04-25,2.432871510416721
2072-04-26,2.8705897667887057
2072-04-27,3.7620208284965684
2072-04-28,4.703594734860955
2072-04-29,2.6332289328561322
2072-04-30,2.4213317090188378
2072-05-01,2.5090806555242584
2072-05-02,2.0206861918567176
2072-05-03,1.9704973733199247
2072-05-04,1.955129197947483
2072-05-05,1.9039580537595895
2072-05-06,1.9921870266225437
2072-05-07,2.230398015450276
2072-05-08,2.3218392824459655
2072-05-09,1.879227900536616
2072-05-10,1.8496043470002501
2072-05-11,2.0222572248489916
2072-05-12,1.7690057052872863
2072-05-13,1.7908502984937391
2072-05-14,1.750137091164435
2072-05-15,1.8079224363449398
2072-05-16,2.034499371374206
2072-05-17,2.5430005256850174
2072-05-18,2.897448242773885
2072-05-19,3.9420917131343822
2072-05-20,3.9219030937290067
2072-05-21,5.019581786668854
2072-05-22,6.9959502361443135
2072-05-23,8.318015159634156
2072-05-24,8.144848870629492
2072-05-25,7.259278738682003
2072-05-26,6.953584167400666
2072-05-27,5.796670035321472
2072-05-28,5.692661169373369
2072-05-29,6.346467358096328
2072-05-30,5.431702830538352
2072-05-31,4.73353184890489
2072-06-01,3.5236651043666707
2072-06-02,2.706877920261027
2072-06-03,2.4669646643018077
2072-06-04,1.6269532015585049
2072-06-05,1.2947149354926095
2072-06-06,1.5481932825370324
2072-06-07,1.53905838404813
2072-06-08,1.5269618239986555
2072-06-09,1.4606437869388484
2072-06-10,0.8629700390740774
2072-06-11,0.6159926875970987
2072-06-12,0.6022611322673403
2072-06-13,0.5326487046465921
2072-06-14,0.4957539485141374
2072-06-15,0.424485550553853
2072-06-16,0.384793598877703
2072-06-17,0.3311882457787325
2072-06-18,0.2893905776171719
2072-06-19,0.2554357823458733
2072-06-20,0.22306806347708075
2072-06-21,0.188462703563498
2072-06-22,0.16691727444842736
2072-06-23,0.15793381065136608
2072-06-24,0.13827893957139514
2072-06-25,0.11943218660825407
2072-06-26,0.10815264694136073
2072-06-27,0.09579061918330993
2072-06-28,0.0816162387126239
2072-06-29,0.07018835167767866
2072-06-30,0.05937717364279171
2072-07-01,0.17516119734346494
2072-07-02,0.15927049221946443
2072-07-03,0.1464526521245065
2072-07-04,0.13528427843923088
2072-07-05,0.24106759746261006
2072-07-06,0.1145002336900612
2072-07-07,0.11555253566221134
2072-07-08,0.09752524411855046
2072-07-09,0.09221827625831809
2072-07-10,0.08800398790514093
2072-07-11,0.08477764138471724
2072-07-12,0.08318797823071718
2072-07-13,0.07727630292054764
2072-07-14,0.06485831491782741
2072-07-15,0.06263724151879237
2072-07-16,0.06057147753861889
2072-07-17,0.05855827736971613
2072-07-18,0.06593139514265998
2072-07-19,0.05424191630494322
2072-07-20,0.052244837902604487
2072-07-21,0.05045957544792955
2072-07-22,0.04890119530944525
2072-07-23,0.04757580880852058
2072-07-24,0.04646575882133569
2072-07-25,0.4303658885429612
2072-07-26,0.04479767499064302
2072-07-27,0.04392084457576876
2072-07-28,0.04310064696615836
2072-07-29,0.11182326255657388
2072-07-30,0.04162110065425636
2072-07-31,0.040831609784672825
2072-08-01,0.03659773815626058
2072-08-02,0.035893246797806984
2072-08-03,0.03523736513265656
2072-08-04,0.034623483121510944
2072-08-05,0.034029484015717065
2072-08-06,0.04564752319442808
2072-08-07,0.05007579811541578
2072-08-08,0.06244686241372325
2072-08-09,0.032439339964410445
2072-08-10,0.06999364744837958
2072-08-11,0.037810042971667894
2072-08-12,0.03144699284562758
2072-08-13,0.03106488629584106
2072-08-14,0.030755108725608618
2072-08-15,0.04450479390088958
2072-08-16,0.030161955469087554
2072-08-17,0.030603867008847353
2072-08-18,0.0347987870330144
2072-08-19,0.04859150066865009
2072-08-20,0.029264432636909202
2072-08-21,0.028979413011346034
2072-08-22,0.03184431646186345
2072-08-23,0.028422814172467132
2072-08-24,0.028167882386079722
2072-08-25,0.027934673871379077
2072-08-26,0.02824924236661486
2072-08-27,0.02758251923370409
2072-08-28,0.02802180507345778
2072-08-29,0.027282515255692936
2072-08-30,0.027786710138537576
2072-08-31,0.027013203634406253
2072-09-01,0.011967456960084987
2072-09-02,0.011921493452012955
2072-09-03,0.011877703835909385
2072-09-04,0.0143347214396914
2072-09-05,0.011800765839139029
2072-09-06,0.011767730544900636
2072-09-07,0.05229850815500217
2072-09-08,0.011713899355437398
2072-09-09,0.01169015460793707
2072-09-10,0.011665547725080503
2072-09-11,0.011638713037442574
2072-09-12,0.011611995065265286
2072-09-13,0.01158647664701595
2072-09-14,0.011561963658189005
2072-09-15,0.01153933440602838
2072-09-16,0.011519825287124535
2072-09-17,0.011503576051098191
2072-09-18,0.011489086538444333
2072-09-19,0.011475799249888312
2072-09-20,0.03650092251405858
2072-09-21,0.014556676075928898
2072-09-22,0.039155024843078146
2072-09-23,0.011668455994561374
2072-09-24,0.011473097842191256
2072-09-25,0.0114271297998804
2072-09-26,0.01141605610423704
2072-09-27,0.02253019260967546
2072-09-28,0.011393921100518439
2072-09-29,0.011383092165395951
2072-09-30,0.020323810002941884
2072-10-01,0.020616124273186667
2072-10-02,0.02783303744186477
2072-10-03,0.018451500927310918
2072-10-04,0.04956450584038802
2072-10-05,0.03420770882610589
2072-10-06,0.018426065649989474
2072-10-07,0.018418021085345328
2072-10-08,0.01841031554237626
2072-10-09,0.0184272367020677
2072-10-10,0.01839507323210254
2072-10-11,0.05369218064839161
2072-10-12,0.01837948668776669
2072-10-13,0.019061912441477
2072-10-14,0.018365482761712414
2072-10-15,0.9675870480593686
2072-10-16,1.2560249524374492
2072-10-17,0.912976976178818
2072-10-18,0.44087631772058183
2072-10-19,0.22187362052247436
2072-10-20,0.19968746594150305
2072-10-21,0.13319014236083368
2072-10-22,0.08259241910212362
2072-10-23,0.028056173019144596
2072-10-24,0.022334939313210636
2072-10-25,0.024867614983207505
2072-10-26,0.02367182183261648
2072-10-27,0.02261452236301515
2072-10-28,0.022660337965984535
2072-10-29,0.02342061191963935
2072-10-30,0.022677522434346332
2072-10-31,0.022650457744227772
2072-11-01,0.023783527275405895
2072-11-02,0.023738661613936854
2072-11-03,0.02366342926399161
2072-11-04,0.029576162777897923
2072-11-05,0.023490679630196735
2072-11-06,0.023389313797568794
2072-11-07,0.023299281915655307
2072-11-08,0.026559025760543243
2072-11-09,3.219006588661838
2072-11-10,25.279005849678434
2072-11-11,3.2223706105561516
2072-11-12,0.5313573162327017
2072-11-13,0.22479257413720857
2072-11-14,0.34364209131499684
2072-11-15,0.6143740905111872
2072-11-16,0.3304604023860476
2072-11-17,0.10681012138710787
2072-11-18,0.09709610859768962
2072-11-19,0.2529838117083448
2072-11-20,0.10789476166054454
2072-11-21,0.08614853903894608
2072-11-22,0.09663615203572283
2072-11-23,0.09327173904470995
2072-11-24,0.09413842361953564
2072-11-25,0.10032728537510727
2072-11-26,0.1375397695438736
2072-11-27,0.1277280409068383
2072-11-28,0.06510778451909062
2072-11-29,0.06721747981588717
2072-11-30,0.21139331154610957
2072-12-01,0.11999645909185334
2072-12-02,0.1057601474006158
2072-12-03,0.17610548463265738
2072-12-04,0.09804398904392632
2072-12-05,0.06355871370313705
2072-12-06,0.05506221414906509
2072-12-07,0.06479199145584763
2072-12-08,0.11999808010931616
2072-12-09,0.1388857279870457
2072-12-10,0.09166549070985668
2072-12-11,0.06052350106972167
2072-12-12,0.04775017883416348
2072-12-13,0.14952289479148917
2072-12-14,0.18108302527600847
2072-12-15,0.056475989801929416
2072-12-16,0.0815689768819577
2072-12-17,0.14840987511515616
2072-12-18,0.05885286541164014
2072-12-19,0.04943952139615828
2072-12-20,0.10770981002147867
2072-12-21,0.0756062677492811
2072-12-22,0.10989350648549598
2072-12-23,0.08023864618725876
2072-12-24,0.06613221766536642
2072-12-25,0.048479744901926226
2072-12-26,0.04840318563390461
2072-12-27,0.6097890659870976
2072-12-28,3.1056183311672103
2072-12-29,3.0004239971512687
2072-12-30,0.9507606773615482
2072-12-31,0.1785860437377439
2073-01-01,0.10036604697693986
2073-01-02,0.20465590303247963
2073-01-03,0.1651374244656124
2073-01-04,0.1460538352001186
2073-01-05,3.7737056332039054
2073-01-06,0.3941380797633017
2073-01-07,0.22733746395393173
2073-01-08,0.2360072623701715
2073-01-09,0.2433842457890167
2073-01-10,0.4689304196870561
2073-01-11,1.2378466708294205
2073-01-12,0.5450947138129032
2073-01-13,0.444069967684606
2073-01-14,0.5306373997967428
2073-01-15,1.8091301831102393
2073-01-16,0.9849478503388176
2073-01-17,0.5215727368256089
2073-01-18,0.5542880906456293
2073-01-19,0.5263986852984044
2073-01-20,0.47489530690296866
2073-01-21,0.4832750940798292
2073-01-22,0.5113619334097101
2073-01-23,0.4671879064767885
2073-01-24,0.44011157684432145
2073-01-25,0.42469650682581433
2073-01-26,0.40021083592395235
2073-01-27,0.38226019654997023
2073-01-28,0.41766367136943233
2073-01-29,0.5371345444556123
2073-01-30,0.5645449909748964
2073-01-31,0.6324498057792854
2073-02-01,0.4875770535843024
2073-02-02,0.5762128456772669
2073-02-03,0.5584128616260934
2073-02-04,0.6284145703915166
2073-02-05,0.6988338822327753
2073-02-06,1.3829537116624437
2073-02-07,2.345902805563721
2073-02-08,2.4203188823925026
2073-02-09,5.931865660134059
2073-02-10,5.39279248667521
2073-02-11,3.0426323457939213
2073-02-12,1.5966834350316714
2073-02-13,1.182382637189014
2073-02-14,1.179529855581191
2073-02-15,1.199311113217778
2073-02-16,1.2345170595790378
2073-02-17,1.373972226509713
2073-02-18,2.2630010825477953
2073-02-19,2.7478348164459274
2073-02-20,1.7741305242450092
2073-02-21,1.5753691707807715
2073-02-22,1.4404207329105005
2073-02-23,1.376930102396069
2073-02-24,1.2887945883112923
2073-02-25,1.2625139730610198
2073-02-26,1.4380253507179068
2073-02-27,1.3184483805793066
2073-02-28,1.4849708829437032
2073-03-01,1.381040296188552
2073-03-02,1.3385003251870715
2073-03-03,1.2935259136823702
2073-03-04,1.236238409760503
2073-03-05,1.2161241368519788
2073-03-06,1.275625555538311
2073-03-07,1.1880731583175275
2073-03-08,1.2193552004056214
2073-03-09,1.3256041889810277
2073-03-10,1.5600117906237572
2073-03-11,1.741785063297814
2073-03-12,2.064014644125148
2073-03-13,3.5171326177888407
2073-03-14,5.377528008569713
2073-03-15,5.388877357437961
2073-03-16,6.271620387546575
2073-03-17,8.86713828656063
2073-03-18,6.513047451552239
2073-03-19,6.995660724123755
2073-03-20,4.842117643515275
2073-03-21,5.221408386680232
2073-03-22,2.3942355700890645
2073-03-23,2.015269365198485
2073-03-24,1.9438118534445294
2073-03-25,1.9746299386229447
2073-03-26,2.022460477560962
2073-03-27,2.280467349412652
2073-03-28,4.373902312222208
2073-03-29,8.282241067734677
2073-03-30,10.565395791765207
2073-03-31,16.44462090986043
2073-04-01,12.067019352692986
2073-04-02,10.159056439621892
2073-04-03,6.835114866764312
2073-04-04,2.4052402495113956
2073-04-05,2.4152537159122724
2073-04-06,2.3566182503000492
2073-04-07,2.411057897666519
2073-04-08,3.1706013820523733
2073-04-09,2.846039177319152
2073-04-10,2.894324395869916
2073-04-11,2.9565904316676135
2073-04-12,2.213501924366631
2073-04-13,2.160470505253513
2073-04-14,2.11778728185287
2073-04-15,2.0941378114642415
2073-04-16,2.017382348030501
2073-04-17,1.920917410554427
2073-04-18,1.8387501378549236
2073-04-19,1.8369433773095816
2073-04-20,1.98067905448037
2073-04-21,1.9039435291505864
2073-04-22,1.8155094490689898
2073-04-23,1.703917630771497
2073-04-24,1.6442422144584943
2073-04-25,1.6585492082852074
2073-04-26,1.6233995688378942
2073-04-27,1.3997659700468592
2073-04-28,1.363554696352827
2073-04-29,1.5090447666476736
2073-04-30,1.4545399991510677
2073-05-01,1.2980743041388323
2073-05-02,1.237106068893003
2073-05-03,1.1592281222757734
2073-05-04,1.074715739668584
2073-05-05,1.1490140275139116
2073-05-06,1.0584695481907709
2073-05-07,1.1108367024824621
2073-05-08,1.1804822064666662
2073-05-09,1.552614210010826
2073-05-10,2.1830708586876626
2073-05-11,3.3535643539477826
2073-05-12,5.203903778887223
2073-05-13,2.435599616998977
2073-05-14,2.6795433479960824
2073-05-15,3.521700777810042
2073-05-16,4.514621055808657
2073-05-17,4.293687414606783
2073-05-18,4.220661175818959
2073-05-19,4.510893064283845
2073-05-20,3.224821838533036
2073-05-21,3.1015246085780457
2073-05-22,3.2329772700286004
2073-05-23,1.5264021818696312
2073-05-24,1.4988530113031893
2073-05-25,1.6527314479992654
2073-05-26,1.4067664480089102
2073-05-27,2.03641666090611
2073-05-28,1.8485474091688856
2073-05-29,2.0073270722063303
2073-05-30,1.2094641716308157
2073-05-31,1.362752369270352
2073-06-01,1.8336904202727127
2073-06-02,2.478000509778044
2073-06-03,2.18004795676961
2073-06-04,1.7550203341170096
2073-06-05,1.96233045432158
2073-06-06,2.1280053357150797
2073-06-07,1.9228713146777865
2073-06-08,1.6174926472450437
2073-06-09,1.3573696266062065
2073-06-10,1.1718639500604682
2073-06-11,1.0940470134829172
2073-06-12,0.944793228616632
2073-06-13,0.5623470261076502
2073-06-14,0.39139762730413447
2073-06-15,0.3423901999380886
2073-06-16,0.3600782361137477
2073-06-17,0.31453105935026365
2073-06-18,0.31472230955491093
2073-06-19,0.24920880466243336
2073-06-20,0.2153881535695557
2073-06-21,0.1926137989468515
2073-06-22,0.1682695413573578
2073-06-23,0.14820325521744213
2073-06-24,0.13083215609299365
2073-06-25,0.11179529098808573
2073-06-26,0.08825728502729233
2073-06-27,0.05580972540100974
2073-06-28,0.047917629115191755
2073-06-29,0.042149768216060306
2073-06-30,0.03773266220315846
2073-07-01,0.11047014293929228
2073-07-02,0.09990937155812082
2073-07-03,0.09463543128289556
2073-07-04,0.08840827110600806
2073-07-05,0.07450624938378773
2073-07-06,0.0614955209040059
2073-07-07,0.07368953289729012
2073-07-08,0.08374043207019463
2073-07-09,0.054056602587789694
2073-07-10,0.05132961550934713
2073-07-11,0.04892673629898896
2073-07-12,0.046901204153812805
2073-07-13,0.04510729686986957
2073-07-14,0.0435163940116287
2073-07-15,0.04214402715879994
2073-07-16,0.04100927250169863
2073-07-17,0.04005763124831041
2073-07-18,0.039171957820747
2073-07-19,0.038334669434535486
2073-07-20,0.03754375990825778
2073-07-21,0.036817071524127505
2073-07-22,0.03616634097549436
2073-07-23,0.035576081081978204
2073-07-24,0.03502170639354712
2073-07-25,0.03449236153498554
2073-07-26,0.03398670416497824
2073-07-27,0.03350697858649829
2073-07-28,0.033047193919686864
2073-07-29,0.0326107027402361
2073-07-30,0.03219807721479716
2073-07-31,0.04620291624201536
2073-08-01,0.029062170057643028
2073-08-02,0.0285580010506695
2073-08-03,0.02828553070885356
2073-08-04,0.028027752409258592
2073-08-05,0.02779266268413147
2073-08-06,0.027598626049590694
2073-08-07,0.7583580814184511
2073-08-08,0.02734150309849207
2073-08-09,0.027248549076358246
2073-08-10,0.02715740256850306
2073-08-11,0.027046865626832648
2073-08-12,0.02691408428524149
2073-08-13,0.026779938182290856
2073-08-14,0.026650574112792817
2073-08-15,0.026527045740278456
2073-08-16,0.02641505043691181
2073-08-17,0.026316279450064248
2073-08-18,0.02622706501621637
2073-08-19,0.03240364851798691
2073-08-20,0.02607519071117105
2073-08-21,0.04021506708236487
2073-08-22,0.02596977935841318
2073-08-23,0.025929789197466326
2073-08-24,0.02588245412277364
2073-08-25,0.025839994141312075
2073-08-26,0.025801070722290924
2073-08-27,0.12727979689872962
2073-08-28,0.02574150548776808
2073-08-29,0.025717916254796733
2073-08-30,0.025690676608674093
2073-08-31,0.29961015687662573
2073-09-01,0.011836163606881653
2073-09-02,0.011397462555017753
2073-09-03,0.011386459392258644
2073-09-04,0.011376112109699233
2073-09-05,0.011366177677694295
2073-09-06,0.011356658210918044
2073-09-07,0.01134767697337466
2073-09-08,0.011339439083978258
2073-09-09,0.011332134420844004
2073-09-10,0.01132581587353465
2073-09-11,0.011320272099052271
2073-09-12,0.7877840560200476
2073-09-13,0.011312368027601414
2073-09-14,0.011313163901714112
2073-09-15,0.011314008261188006
2073-09-16,0.011314326274000214
2073-09-17,0.011313740800435625
2073-09-18,0.011312390856606942
2073-09-19,0.011310473197421424
2073-09-20,0.011308193151997737
2073-09-21,0.011305675614848631
2073-09-22,0.011302836846795937
2073-09-23,0.28643012827519454
2073-09-24,0.011435932671970636
2073-09-25,0.012678723631097339
2073-09-26,0.01758058734086859
2073-09-27,0.13946485107670648
2073-09-28,0.011297256932858745
2073-09-29,0.011297833772242982
2073-09-30,0.160531934434236
2073-10-01,0.020329574754866315
2073-10-02,0.018376913619444903
2073-10-03,0.01838557932314864
2073-10-04,0.018393496124791825
2073-10-05,0.01875721080894938
2073-10-06,0.01863014739775969
2073-10-07,0.019387647121880246
2073-10-08,0.01842046231002388
2073-10-09,0.018423500881470968
2073-10-10,0.018424879444023694
2073-10-11,0.018424902989033973
2073-10-12,0.018423890638758954
2073-10-13,0.0184224519131489
2073-10-14,0.018420615362337408
2073-10-15,0.018417192765176504
2073-10-16,0.01841246474715902
2073-10-17,0.018407216302023688
2073-10-18,0.018402173846741695
2073-10-19,0.018398109788366746
2073-10-20,0.018394858718764964
2073-10-21,0.02057629278636314
2073-10-22,0.01838950545231553
2073-10-23,0.018384816961226423
2073-10-24,0.018379739165342458
2073-10-25,0.01837440319724672
2073-10-26,0.01836946365891094
2073-10-27,0.018364844501807503
2073-10-28,0.01836059385125324
2073-10-29,0.018356585718305493
2073-10-30,0.018352600348510224
2073-10-31,0.018348593131834644
2073-11-01,0.019288490737023017
2073-11-02,0.022923585420089296
2073-11-03,0.020196856600644988
2073-11-04,0.019638302939071317
2073-11-05,0.020366257106167494
2073-11-06,0.02173020278933307
2073-11-07,0.019261062163308675
2073-11-08,0.019256854186602952
2073-11-09,0.01925254777923222
2073-11-10,0.019248057149352425
2073-11-11,0.019243421430368456
2073-11-12,0.019238713281191668
2073-11-13,0.019233991928954045
2073-11-14,0.019229303304944757
2073-11-15,0.019224593651840403
2073-11-16,0.01921988796785355
2073-11-17,0.01921514424981636
2073-11-18,0.019210341803079255
2073-11-19,0.0193128107429266
2073-11-20,0.3873549983440669
2073-11-21,0.2675253782867127
2073-11-22,0.12231551436655075
2073-11-23,1.065798521405692
2073-11-24,4.180023652174656
2073-11-25,0.24124658573952118
2073-11-26,0.03653803506848348
2073-11-27,0.0842047646423472
2073-11-28,0.05224542549007778
2073-11-29,0.0608964169772669
2073-11-30,0.371703767351521
2073-12-01,0.10593640244334443
2073-12-02,0.12268605902494176
2073-12-03,0.14183495633789855
2073-12-04,0.04483475326315291
2073-12-05,0.029010744307325323
2073-12-06,0.03438239233949127
2073-12-07,0.03501314879967205
2073-12-08,0.04097196768244738
2073-12-09,0.05716309314083147
2073-12-10,0.14082477277904526
2073-12-11,0.0630573816218411
2073-12-12,0.09255863750390181
2073-12-13,0.15885287864857872
2073-12-14,0.27169876009927324
2073-12-15,0.5830834332223809
2073-12-16,0.6416572663014701
2073-12-17,0.06253862371413949
2073-12-18,0.08652574736339301
2073-12-19,0.1270137303689112
2073-12-20,0.45599929699370106
2073-12-21,0.5961877118083121
2073-12-22,0.20375281848837226
2073-12-23,0.06358696696405564
2073-12-24,0.036004701793361016
2073-12-25,0.12913600857811602
2073-12-26,0.10678883907031919
2073-12-27,0.04473951536009221
2073-12-28,0.09918050087322547
2073-12-29,0.12971937063733807
2073-12-30,0.1826847548851585
2073-12-31,0.4320886045007252
2074-01-01,0.33942395762656735
2074-01-02,0.31280362414258034
2074-01-03,0.5250042136008825
2074-01-04,2.049434606867377
2074-01-05,0.3458522077533251
2074-01-06,0.5094300254103181
2074-01-07,0.7110927257219745
2074-01-08,0.7348403318934944
2074-01-09,0.694049477607443
2074-01-10,0.5925479279438857
2074-01-11,0.5272365472825291
2074-01-12,0.5842912774361142
2074-01-13,0.4987391300140867
2074-01-14,0.4791565279205459
2074-01-15,0.46749200030747795
2074-01-16,0.45173455405559976
2074-01-17,0.49402051124243185
2074-01-18,0.4906962812043501
2074-01-19,0.44175440635778046
2074-01-20,0.42576605625061015
2074-01-21,0.4708762235869108
2074-01-22,0.80400085349358
2074-01-23,0.6196821904926697
2074-01-24,0.6729745918785054
2074-01-25,0.9567627465811767
2074-01-26,1.4676244211356417
2074-01-27,1.1928689269885728
2074-01-28,2.13819261824067
2074-01-29,7.390847127016246
2074-01-30,3.5333814115812325
2074-01-31,0.9600554142530872
2074-02-01,1.1903953241597531
2074-02-02,0.6065131999993241
2074-02-03,0.6243122209063741
2074-02-04,0.6760010359642334
2074-02-05,0.5660057050926771
2074-02-06,0.5867613619691775
2074-02-07,0.5461336660670542
2074-02-08,0.520232806693947
2074-02-09,0.5041492276833449
2074-02-10,0.49820642253601455
2074-02-11,0.5152618972389164
2074-02-12,0.5061507638081458
2074-02-13,0.5576739178508113
2074-02-14,0.6647460239771807
2074-02-15,0.6791912343004597
2074-02-16,0.5963097417911963
2074-02-17,0.5683551619005985
2074-02-18,0.6753126656244932
2074-02-19,1.031987176533959
2074-02-20,0.7978002073560889
2074-02-21,0.555171386593556
2074-02-22,0.5594038655482718
2074-02-23,0.536819060743743
2074-02-24,0.5173724065370006
2074-02-25,0.48580128840989684
2074-02-26,0.4652488460795121
2074-02-27,0.5383101017299404
2074-02-28,0.6098668339923279
2074-03-01,0.6843492604275022
2074-03-02,0.54150049755828
2074-03-03,0.5224934969841335
2074-03-04,0.4992434647435426
2074-03-05,0.4781954250116421
2074-03-06,0.4534365253671541
2074-03-07,0.46909610295171955
2074-03-08,0.5844725050658827
2074-03-09,0.7190697305113511
2074-03-10,0.7594552162868864
2074-03-11,1.0762826952204172
2074-03-12,1.5495626215025657
2074-03-13,2.865185192567601
2074-03-14,3.9277096661766424
2074-03-15,3.2591522819741963
2074-03-16,1.3564089176006793
2074-03-17,1.6871235393532809
2074-03-18,2.200855528116026
2074-03-19,3.1790394221643306
2074-03-20,3.30786451933562
2074-03-21,4.055983056278923
2074-03-22,4.848320042397567
2074-03-23,4.124240294192774
2074-03-24,2.8676443141257355
2074-03-25,2.425611181769444
2074-03-26,1.2988452700163606
2074-03-27,1.3886537269829502
2074-03-28,1.6295975530943096
2074-03-29,1.5382645764777447
2074-03-30,1.252557734338613
2074-03-31,1.2456408325028516
2074-04-01,1.4792944842005875
2074-04-02,1.5081297406292016
2074-04-03,1.5211477485977445
2074-04-04,1.5074797704175498
2074-04-05,1.3463905545768384
2074-04-06,1.2542292376597153
2074-04-07,1.3709070065617288
2074-04-08,1.5638022122922834
2074-04-09,1.2998523425859418
2074-04-10,1.3583257516718295
2074-04-11,1.3756259754465523
2074-04-12,1.436038467491039
2074-04-13,1.905897455590686
2074-04-14,2.0400857774403494
2074-04-15,1.529155172806848
2074-04-16,1.7316625851000693
2074-04-17,2.2428678934141892
2074-04-18,1.6971758915197421
2074-04-19,1.5837888882587672
2074-04-20,1.5450124943868797
2074-04-21,2.013376472442867
2074-04-22,2.390882042109272
2074-04-23,2.502837334701648
2074-04-24,2.7954472163938675
2074-04-25,3.6721250118834514
2074-04-26,5.701184055082253
2074-04-27,5.964705058169665
2074-04-28,4.712998784128984
2074-04-29,4.215102761718853
2074-04-30,3.252541914587981
2074-05-01,3.1983257294134364
2074-05-02,2.899758143773532
2074-05-03,3.546572037973575
2074-05-04,4.79668529308621
2074-05-05,2.8537876489593135
2074-05-06,4.262778595436613
2074-05-07,5.042492443834535
2074-05-08,3.2405604487056054
2074-05-09,2.9104062700725213
2074-05-10,2.7167316237253383
2074-05-11,3.389829338272655
2074-05-12,3.8992414223047915
2074-05-13,5.182357747177825
2074-05-14,7.209202954710222
2074-05-15,7.115509588065571
2074-05-16,9.092816220407963
2074-05-17,7.761345626184541
2074-05-18,7.605098048047939
2074-05-19,7.784488703063254
2074-05-20,4.139384886211
2074-05-21,5.244804709308731
2074-05-22,3.11695239608159
2074-05-23,2.8435107109650395
2074-05-24,2.5874793075814675
2074-05-25,2.384652884308926
2074-05-26,2.56601061829218
2074-05-27,2.6860484367117623
2074-05-28,4.3980771895304365
2074-05-29,5.256263218555011
2074-05-30,6.019322962783789
2074-05-31,6.573232714121603
2074-06-01,6.2023034485063535
2074-06-02,6.53227896352433
2074-06-03,6.9849740819853325
2074-06-04,6.445367411712184
2074-06-05,7.565647928761224
2074-06-06,7.334332080188786
2074-06-07,6.834654015245577
2074-06-08,6.614511982598301
2074-06-09,6.470856001650839
2074-06-10,5.249249039434018
2074-06-11,4.7878354813642385
2074-06-12,4.822712553995519
2074-06-13,4.353497013507469
2074-06-14,4.100371203003074
2074-06-15,3.285363191212089
2074-06-16,2.455197881722805
2074-06-17,1.612752968330047
2074-06-18,1.3084960276470212
2074-06-19,1.5354200872428307
2074-06-20,1.627824943699416
2074-06-21,1.4499159671492958
2074-06-22,1.4565133058582678
2074-06-23,1.6101212790811739
2074-06-24,1.2899481156482573
2074-06-25,0.8774395904973025
2074-06-26,0.836800042362253
2074-06-27,0.7621318916732877
2074-06-28,0.7222045148517843
2074-06-29,0.679455678249669
2074-06-30,0.6258702359397376
2074-07-01,1.6896707258989103
2074-07-02,1.1756776989596114
2074-07-03,1.105668483467155
2074-07-04,0.9946537061927155
2074-07-05,0.766228394128675
2074-07-06,0.6586429576578483
2074-07-07,0.5617271893778949
2074-07-08,0.49451840433621364
2074-07-09,0.44009056792631174
2074-07-10,0.3925014999587297
2074-07-11,0.3411921613185173
2074-07-12,0.3028259943149011
2074-07-13,0.26685423606875847
2074-07-14,0.2381160563405352
2074-07-15,0.2167319522080878
2074-07-16,0.2018299156281804
2074-07-17,0.18309350109488057
2074-07-18,0.15352630514745552
2074-07-19,0.11658354499484812
2074-07-20,0.11040099295745204
2074-07-21,0.1040032491748684
2074-07-22,0.09521037559077034
2074-07-23,0.08911323617260522
2074-07-24,0.0832384320204904
2074-07-25,0.08059573831252025
2074-07-26,0.07847719773863769
2074-07-27,0.07591173830932992
2074-07-28,0.07271570850618514
2074-07-29,0.06903792802262587
2074-07-30,0.053953961852527835
2074-07-31,0.04972024978875636
2074-08-01,0.10124913375722276
2074-08-02,0.04448552355477907
2074-08-03,0.042029193349687195
2074-08-04,0.05967419108287925
2074-08-05,0.0392312185186509
2074-08-06,0.07499904706755443
2074-08-07,0.03683467950155471
2074-08-08,0.13727045483906689
2074-08-09,0.03484086837804277
2074-08-10,0.144172440690247
2074-08-11,0.0334141421162585
2074-08-12,0.03277095394338985
2074-08-13,0.03210329722756127
2074-08-14,0.031531343129362135
2074-08-15,0.031009620927896876
2074-08-16,0.03052811634476737
2074-08-17,0.03009107259998862
2074-08-18,0.029676055505095673
2074-08-19,0.02930720050973601
2074-08-20,0.028992921118264427
2074-08-21,0.02870433127233351
2074-08-22,0.028430594442986457
2074-08-23,0.02819287594191767
2074-08-24,0.029266321017895378
2074-08-25,0.0287765784175653
2074-08-26,0.02907251521746106
2074-08-27,0.027599705736546045
2074-08-28,0.028916312636009238
2074-08-29,0.02736649625423201
2074-08-30,0.027260879883649922
2074-08-31,0.027166247590388347
2074-09-01,0.038231352067056426
2074-09-02,0.012018910204208593
2074-09-03,0.01198340216034411
2074-09-04,0.011945659332644697
2074-09-05,0.011909041586383564
2074-09-06,0.012017287438456637
2074-09-07,0.011842944500100212
2074-09-08,0.011803424339163312
2074-09-09,0.01176445497114533
2074-09-10,0.03735286472233876
2074-09-11,0.02719492941190801
2074-09-12,0.018282019253592845
2074-09-13,0.03225748641554102
2074-09-14,0.05538665953817001
2074-09-15,0.011629522759054751
2074-09-16,0.011601867340737102
2074-09-17,0.01157569132529932
2074-09-18,0.011732206981857092
2074-09-19,0.011536227655814421
2074-09-20,0.011525006805405148
2074-09-21,0.011548441478009638
2074-09-22,0.01150880590008478
2074-09-23,0.011481152052306844
2074-09-24,0.011470730307357917
2074-09-25,0.011460885022414541
2074-09-26,0.011449842110736509
2074-09-27,0.011436220835061324
2074-09-28,0.011422098940411008
2074-09-29,0.01140895768742182
2074-09-30,0.011396904466159787
2074-10-01,0.018508334595666424
2074-10-02,0.01849374424217955
2074-10-03,0.0427840598028437
2074-10-04,0.018468547961025258
2074-10-05,0.03958043828769167
2074-10-06,0.018446002331704504
2074-10-07,0.019071596245498618
2074-10-08,0.019062895224792906
2074-10-09,0.018434104872962168
2074-10-10,0.025644591582606055
2074-10-11,0.019826965460684885
2074-10-12,0.019279220217797093
2074-10-13,0.050548382200118064
2074-10-14,0.05852325251273719
2074-10-15,0.018381974588962992
2074-10-16,0.01837591828740916
2074-10-17,0.018369716746992653
2074-10-18,0.018362992540593946
2074-10-19,0.01835572414351608
2074-10-20,0.018348108152028572
2074-10-21,0.018339968988711475
2074-10-22,0.018331660604419257
2074-10-23,0.01832412678703854
2074-10-24,0.01831783152933398
2074-10-25,0.018312339344554254
2074-10-26,0.018307034338860318
2074-10-27,0.01830173249138049
2074-10-28,0.018456954068436428
2074-10-29,0.018502177863311854
2074-10-30,0.01828444157232077
2074-10-31,0.018843598355299605
2074-11-01,0.019255376953098174
2074-11-02,0.019207243664586232
2074-11-03,0.019298634426074476
2074-11-04,0.019196296257809838
2074-11-05,0.019190866051807632
2074-11-06,0.019185471356407774
2074-11-07,0.01918013139253987
2074-11-08,0.019174729483897174
2074-11-09,0.019169296148128755
2074-11-10,0.019411480753898546
2074-11-11,0.020240528489848482
2074-11-12,0.019864024426113982
2074-11-13,0.019148176515435496
2074-11-14,0.02862073296689366
2074-11-15,0.14246627589447522
2074-11-16,0.06601907016444516
2074-11-17,0.048646602519725204
2074-11-18,0.02281668074695881
2074-11-19,0.022161428054711135
2074-11-20,0.025815067097142614
2074-11-21,0.021951437494780974
2074-11-22,0.019166308964759377
2074-11-23,0.019098430538515083
2074-11-24,0.019093347463619896
2074-11-25,0.01908837341161396
2074-11-26,0.01908344468565801
2074-11-27,0.020386998462210537
2074-11-28,0.019073729961230516
2074-11-29,0.019068872546691935
2074-11-30,0.019063997649263698
2074-12-01,0.02019607622403869
2074-12-02,0.020161208523581338
2074-12-03,0.02015609959796832
2074-12-04,0.020150994954237868
2074-12-05,0.020145895146033238
2074-12-06,0.020140791062794615
2074-12-07,0.020135683899705402
2074-12-08,0.03516031383922665
2074-12-09,0.02503883773646534
2074-12-10,0.028400102049935205
2074-12-11,0.02998138921589169
2074-12-12,0.03681991066836934
2074-12-13,0.18517734613155662
2074-12-14,0.1452742351249021
2074-12-15,0.08060984662557284
2074-12-16,0.06743376642529711
2074-12-17,0.14036578187295973
2074-12-18,0.11103566165273233
2074-12-19,0.23370384438371003
2074-12-20,0.5311378151351709
2074-12-21,0.12678557724964484
2074-12-22,0.025527583959696204
2074-12-23,0.048030884564463874
2074-12-24,0.039913327974335416
2074-12-25,0.10492987542074785
2074-12-26,0.22857585493264732
2074-12-27,1.36098176414599
2074-12-28,1.3533343521414682
2074-12-29,0.6403431315659012
2074-12-30,0.03681345133664462
2074-12-31,0.03392801744020779
2075-01-01,0.014027934057546442
2075-01-02,0.03784846956357058
2075-01-03,0.04885280069254344
2075-01-04,0.04981135065081313
2075-01-05,0.021987261871249133
2075-01-06,0.03250589291656163
2075-01-07,0.022257307555276957
2075-01-08,0.05049691653322423
2075-01-09,0.03885878981637366
2075-01-10,0.05331372059193258
2075-01-11,0.030127609438227305
2075-01-12,0.01805111918292704
2075-01-13,0.014410142830038154
2075-01-14,0.010454941925578743
2075-01-15,0.010357449087193719
2075-01-16,0.015135992116404512
2075-01-17,0.013638833487216088
2075-01-18,0.015982633509872946
2075-01-19,0.02126218368318074
2075-01-20,0.022202982585524396
2075-01-21,0.0638645667950822
2075-01-22,0.02902211655063503
2075-01-23,0.015681881778534953
2075-01-24,0.0268613856754319
2075-01-25,0.019774559269400284
2075-01-26,0.021161543994743705
2075-01-27,0.06366538854203423
2075-01-28,0.07737245190931856
2075-01-29,0.048328881883270565
2075-01-30,0.07052777161305678
2075-01-31,0.08121332439933364
2075-02-01,0.04228532353237173
2075-02-02,0.29016735897615326
2075-02-03,0.296687084111255
2075-02-04,0.33121696440814014
2075-02-05,0.21642939573994885
2075-02-06,0.21916614626147118
2075-02-07,0.22788477031820226
2075-02-08,0.2849715926222602
2075-02-09,0.3231583799688055
2075-02-10,0.2914471482953645
2075-02-11,0.23832473767056747
2075-02-12,0.264902461771458
2075-02-13,0.3396397533629342
2075-02-14,0.35240572714984564
2075-02-15,0.2023021558983004
2075-02-16,0.20582112698511523
2075-02-17,0.24645614885938683
2075-02-18,0.3024514643994827
2075-02-19,0.2222412629880796
2075-02-20,0.18629800944994282
2075-02-21,0.2053553108067311
2075-02-22,0.17769599791105564
2075-02-23,0.2510782051762348
2075-02-24,0.38318198363315453
2075-02-25,0.41855362761033815
2075-02-26,0.3883528200684093
2075-02-27,0.3848548256075558
2075-02-28,0.5111374378398659
2075-03-01,0.7901137830458215
2075-03-02,0.4562307059841939
2075-03-03,0.4493630376098303
2075-03-04,0.4951559403705033
2075-03-05,0.5162654326841107
2075-03-06,0.44509708454815444
2075-03-07,0.5606032046721747
2075-03-08,0.5406858343558842
2075-03-09,0.4896495482832945
2075-03-10,0.4759701414714147
2075-03-11,0.5742219153580272
2075-03-12,0.8232096547011974
2075-03-13,1.8442449266305592
2075-03-14,2.2643780117827133
2075-03-15,1.4322908760688655
2075-03-16,1.2761981634629866
2075-03-17,1.6869706076736
2075-03-18,1.1509627044077138
2075-03-19,1.2820193217307414
2075-03-20,1.1321226878686246
2075-03-21,1.0735793652517085
2075-03-22,1.0579974234292022
2075-03-23,0.8457181189169798
2075-03-24,0.8702535522702789
2075-03-25,0.9726938786639262
2075-03-26,0.888964604687137
2075-03-27,0.9056838777139585
2075-03-28,0.8589592084451597
2075-03-29,0.9530466914062801
2075-03-30,1.0499232978465927
2075-03-31,1.276666968234908
2075-04-01,1.462512043645226
2075-04-02,1.4979059371840031
2075-04-03,2.1525491566350112
2075-04-04,3.235746043593043
2075-04-05,3.62607480016249
2075-04-06,2.8931249087654836
2075-04-07,2.8509758677109547
2075-04-08,1.591866091423443
2075-04-09,2.180044559182473
2075-04-10,2.252466146471023
2075-04-11,2.6299399240239123
2075-04-12,2.7663488623958137
2075-04-13,3.2613032212115276
2075-04-14,3.257067653622824
2075-04-15,3.0805239926532733
2075-04-16,3.252220539221822
2075-04-17,2.595392856559642
2075-04-18,3.792785423082662
2075-04-19,5.009580381989788
2075-04-20,4.735093235204341
2075-04-21,4.0656533951466
2075-04-22,1.7526169567426926
2075-04-23,1.6184754305233606
2075-04-24,1.605174756644857
2075-04-25,1.5586231037874425
2075-04-26,1.6489654107627112
2075-04-27,1.7055214847780202
2075-04-28,1.6526991044602226
2075-04-29,1.6902466734912136
2075-04-30,1.4707029441330892
2075-05-01,1.327616479716869
2075-05-02,1.305020800115119
2075-05-03,1.1920568422327862
2075-05-04,1.1347195525091858
2075-05-05,1.1773419073346678
2075-05-06,1.3585284898438492
2075-05-07,1.8631337159792392
2075-05-08,2.0334875159839996
2075-05-09,1.8966230206049144
2075-05-10,1.5620954758533272
2075-05-11,1.3816660730761585
2075-05-12,1.0910986145294028
2075-05-13,1.0978527021156403
2075-05-14,1.1068224471021053
2075-05-15,0.70655101482765
2075-05-16,0.6250415079115245
2075-05-17,0.5701812780822578
2075-05-18,0.5245776135442152
2075-05-19,0.48228817288713294
2075-05-20,0.4312620857303107
2075-05-21,0.38312825219919533
2075-05-22,0.33604617333719494
2075-05-23,0.28679424535343234
2075-05-24,0.24965825003056283
2075-05-25,0.2308730614278405
2075-05-26,0.20187779248561044
2075-05-27,0.17358907571055016
2075-05-28,0.15029408482402437
2075-05-29,0.1329865716822169
2075-05-30,0.10575980748741368
2075-05-31,0.08906962892934153
2075-06-01,0.06720486423289664
2075-06-02,0.059589265971321456
2075-06-03,0.053349882358277985
2075-06-04,0.0470188288115373
2075-06-05,0.04339426728478381
2075-06-06,0.03651286002454095
2075-06-07,0.03059538065212167
2075-06-08,0.027543906082220283
2075-06-09,0.025246117260365387
2075-06-10,0.023489635610467845
2075-06-11,0.021957094246280316
2075-06-12,0.020717686034934162
2075-06-13,0.020279733000206024
2075-06-14,0.01884161270675036
2075-06-15,0.018072345662623442
2075-06-16,0.017389787057381752
2075-06-17,0.01675919920837052
2075-06-18,0.04729485886264414
2075-06-19,0.01575839073011299
2075-06-20,0.01536891413609088
2075-06-21,0.014954027613365463
2075-06-22,0.014578300689884036
2075-06-23,0.01421792777437946
2075-06-24,0.01384670342505148
2075-06-25,0.013562010386756182
2075-06-26,0.01324432276245072
2075-06-27,0.013016342163128082
2075-06-28,0.012768239614652068
2075-06-29,0.012530755156554461
2075-06-30,0.012341079486985223
2075-07-01,0.03973212305263063
2075-07-02,0.03901743339443508
2075-07-03,0.03834692833655365
2075-07-04,0.037703852263559066
2075-07-05,0.03707746449062319
2075-07-06,0.03645057271393777
2075-07-07,0.03582353692154592
2075-07-08,0.03520180627426235
2075-07-09,0.03460309657759746
2075-07-10,0.035603547501200455
2075-07-11,0.03355137157169284
2075-07-12,0.033093291191642206
2075-07-13,0.039656000629308276
2075-07-14,0.034858932758169155
2075-07-15,0.03190402711574635
2075-07-16,0.031524694695835666
2075-07-17,0.03144416253541465
2075-07-18,0.030884839414645537
2075-07-19,0.030605847294147868
2075-07-20,0.030318571384857475
2075-07-21,0.030058201907181222
2075-07-22,0.07453406840694589
2075-07-23,0.03011078569295137
2075-07-24,0.24212600771370135
2075-07-25,0.039223566505408085
2075-07-26,0.18100945452113423
2075-07-27,0.03460930578767785
2075-07-28,0.07044118752051536
2075-07-29,0.03710333924741111
2075-07-30,0.8350991020135016
2075-07-31,0.02909601751595734
2075-08-01,0.06053595684397319
2075-08-02,0.03169034690932578
2075-08-03,0.02898716681010346
2075-08-04,0.03682143788148625
2075-08-05,1.1939228775599127
2075-08-06,0.33072418026220696
2075-08-07,0.02644190494145427
2075-08-08,0.5460118819906418
2075-08-09,1.8929793716260677
2075-08-10,0.027628573319425385
2075-08-11,0.04172061289388709
2075-08-12,0.02860403168522975
2075-08-13,0.040390283209146595
2075-08-14,0.03031608652803421
2075-08-15,0.028552566653853438
2075-08-16,0.028369088675637377
2075-08-17,0.028141848167073123
2075-08-18,0.046375040793417234
2075-08-19,0.02764086453683306
2075-08-20,0.05799054282866614
2075-08-21,0.027185834048325898
2075-08-22,0.02698026787458363
2075-08-23,0.026820057386338823
2075-08-24,0.026687441441474842
2075-08-25,0.026613049781307598
2075-08-26,0.026705851958985293
2075-08-27,0.39332902824080845
2075-08-28,0.0386609998134378
2075-08-29,0.026261641020788293
2075-08-30,0.03858280591127035
2075-08-31,0.02612951858743327
2075-09-01,0.011601845974328142
2075-09-02,0.011582080065882693
2075-09-03,0.011565018031411585
2075-09-04,0.01154871612612677
2075-09-05,0.011532483634527649
2075-09-06,0.011515647222466703
2075-09-07,0.011499116362425505
2075-09-08,0.011483408937952107
2075-09-09,0.01146828511098118
2075-09-10,0.057762306017438696
2075-09-11,0.011442919547647383
2075-09-12,0.017351642660731227
2075-09-13,0.015080741984973833
2075-09-14,0.011415155955256715
2075-09-15,0.01173387923160123
2075-09-16,0.011400866435169445
2075-09-17,0.06031559786201868
2075-09-18,0.8276136096024604
2075-09-19,3.6979884751038163
2075-09-20,3.9674994920996314
2075-09-21,1.9200540718290269
2075-09-22,1.045842150455139
2075-09-23,0.023533477676262345
2075-09-24,0.02255602832237923
2075-09-25,0.02182773835897753
2075-09-26,0.021770264388065244
2075-09-27,0.021632351696389066
2075-09-28,0.021455909766538852
2075-09-29,0.021268753648170626
2075-09-30,0.0210541316891256
2075-10-01,0.03383208901135152
2075-10-02,0.033439064114967845
2075-10-03,0.03303267416704501
2075-10-04,0.03259843799822093
2075-10-05,0.032145072854294396
2075-10-06,0.03171411234050755
2075-10-07,0.031348244720810735
2075-10-08,0.031046236539152665
2075-10-09,0.030754166225381456
2075-10-10,0.030449959627027307
2075-10-11,0.030173297862772598
2075-10-12,0.06790401927157817
2075-10-13,0.26907013456389933
2075-10-14,0.05366852315939615
2075-10-15,0.09207247064914453
2075-10-16,1.5616170956701472
2075-10-17,2.782446735263463
2075-10-18,1.0564165486824453
2075-10-19,0.38990363353494534
2075-10-20,0.11931766771402742
2075-10-21,0.22143547141859665
2075-10-22,0.4408390801547013
2075-10-23,0.08413677234143367
2075-10-24,0.14083591382798227
2075-10-25,0.11408300659339028
2075-10-26,0.3087188602701103
2075-10-27,0.947486729707154
2075-10-28,0.2341105484640143
2075-10-29,0.08407596981875105
2075-10-30,0.32033881148326765
2075-10-31,0.26053658907339056
2075-11-01,0.10736142232830913
2075-11-02,0.056495430636472194
2075-11-03,0.05852443911704551
2075-11-04,0.046841649956494855
2075-11-05,0.06527945524660322
2075-11-06,0.08336944394743888
2075-11-07,0.07478632484812948
2075-11-08,0.08701584646207479
2075-11-09,0.0526175905336507
2075-11-10,0.04684521265975898
2075-11-11,0.05141092147968646
2075-11-12,0.04810521133885329
2075-11-13,0.044920526187733435
2075-11-14,0.04472273130426392
2075-11-15,0.0728535152915685
2075-11-16,0.04438384929905334
2075-11-17,0.9788984721965579
2075-11-18,0.4718197461156279
2075-11-19,0.0610381355900419
2075-11-20,0.05315549335426749
2075-11-21,0.06184143688675768
2075-11-22,0.06618014104567306
2075-11-23,0.05655631788658739
2075-11-24,0.18397292142288585
2075-11-25,0.23998129943950228
2075-11-26,0.36879966759176036
2075-11-27,0.47958061662815016
2075-11-28,0.11875465970548128
2075-11-29,0.2292737803354685
2075-11-30,0.07254717542888237
2075-12-01,0.07020299891336067
2075-12-02,0.17878597524275935
2075-12-03,0.3359293740345191
2075-12-04,0.38279359680584885
2075-12-05,0.1057719818972402
2075-12-06,0.0640139732170624
2075-12-07,0.053077086877782016
2075-12-08,0.053387599193670796
2075-12-09,0.053664820635613106
2075-12-10,0.05391283812675402
2075-12-11,0.054135305525318346
2075-12-12,0.05433578760217033
2075-12-13,0.05451345925410395
2075-12-14,0.08058940320294544
2075-12-15,0.05817950997858384
2075-12-16,0.06264361085280858
2075-12-17,0.06324764827207767
2075-12-18,0.05555341161501175
2075-12-19,0.055154771602532904
2075-12-20,0.055276858002975084
2075-12-21,0.055401503236575125
2075-12-22,0.05734017268974355
2075-12-23,0.058079767607721614
2075-12-24,0.1347610810419786
2075-12-25,0.0715886871035583
2075-12-26,0.07223932935644221
2075-12-27,0.0872062860061129
2075-12-28,0.09858097637251287
2075-12-29,0.06658129733432136
2075-12-30,0.059449656779958865
2075-12-31,0.07611610288071678
2076-01-01,0.020855017837857082
2076-01-02,0.033921771400994775
2076-01-03,0.029568898583192938
2076-01-04,0.038697018989397265
2076-01-05,0.041574410988908926
2076-01-06,0.03747788014333533
2076-01-07,0.049012129596843416
2076-01-08,0.04133462125373332
2076-01-09,0.03867544779681001
2076-01-10,0.0423781667900312
2076-01-11,0.02530708405398204
2076-01-12,0.022592616551045625
2076-01-13,0.023179462251937975
2076-01-14,0.023552782088765153
2076-01-15,0.034723883264394156
2076-01-16,0.045095266412865424
2076-01-17,0.02452413112803968
2076-01-18,0.03692585047494624
2076-01-19,0.025039124129862148
2076-01-20,0.027186510627195782
2076-01-21,0.02576820452087883
2076-01-22,0.027366816336359998
2076-01-23,0.08729413171187154
2076-01-24,0.11066975415328781
2076-01-25,0.09247193228900967
2076-01-26,0.057664481215385095
2076-01-27,0.16814680797169354
2076-01-28,0.2948157929260417
2076-01-29,2.2514681040854314
2076-01-30,7.977338729257503
2076-01-31,0.9318059839597047
2076-02-01,0.21536609933509976
2076-02-02,0.26063543510676895
2076-02-03,0.28269983188286957
2076-02-04,0.30907617907308427
2076-02-05,0.3074005787980859
2076-02-06,0.35620943281119904
2076-02-07,0.3818088595015742
2076-02-08,0.4791235984657453
2076-02-09,0.6489881041405141
2076-02-10,0.6414342140899958
2076-02-11,0.5884231347708622
2076-02-12,0.5731923136382047
2076-02-13,0.5454098665735192
2076-02-14,0.5345479358846623
2076-02-15,0.5331035123491056
2076-02-16,0.5037036402981456
2076-02-17,0.4883491725721693
2076-02-18,0.6364590190890829
2076-02-19,0.6614463528553622
2076-02-20,0.662173878244792
2076-02-21,0.534850444709962
2076-02-22,0.5401844153656032
2076-02-23,0.542322115826639
2076-02-24,0.5209970105847378
2076-02-25,0.4983012008491488
2076-02-26,0.48301832947196593
2076-02-27,0.49964493926811376
2076-02-28,0.5714213963977939
2076-02-29,0.5565828887002449
2076-03-01,0.6255343259897979
2076-03-02,0.7728336234354011
2076-03-03,0.8800917996607862
2076-03-04,0.872352865431478
2076-03-05,1.0552562442745979
2076-03-06,1.1923802846872273
2076-03-07,1.1520051629432544
2076-03-08,1.3224542478436485
2076-03-09,1.4314334892833405
2076-03-10,1.770845891265697
2076-03-11,2.6094445193752875
2076-03-12,3.524848615088491
2076-03-13,5.323638793244608
2076-03-14,4.378374603973118
2076-03-15,1.6510801449947932
2076-03-16,1.6685379139933612
2076-03-17,2.04444755977371
2076-03-18,2.2212365700331844
2076-03-19,3.8656529500887538
2076-03-20,1.932436833447499
2076-03-21,1.9923803312991755
2076-03-22,2.0771139676215653
2076-03-23,2.087511576520689
2076-03-24,1.8546274609323035
2076-03-25,1.563890058240382
2076-03-26,1.5390395002672244
2076-03-27,1.4889534276030336
2076-03-28,1.565372374122819
2076-03-29,1.4943008240421614
2076-03-30,1.5240653250589182
2076-03-31,1.8111147921369992
2076-04-01,2.359554275953083
2076-04-02,2.0200037824475974
2076-04-03,2.2197989987160143
2076-04-04,1.7711147121650441
2076-04-05,1.5959887093900829
2076-04-06,1.5805173001655897
2076-04-07,1.5919257183568793
2076-04-08,1.5154436983466593
2076-04-09,1.5420057433784038
2076-04-10,1.531893586564964
2076-04-11,1.7048583164631486
2076-04-12,2.020420074404713
2076-04-13,1.734529544704918
2076-04-14,1.5087134804750644
2076-04-15,1.7987612220911002
2076-04-16,2.0353762459549842
2076-04-17,2.2087771998208043
2076-04-18,1.9116765532467073
2076-04-19,1.5935617164936817
2076-04-20,1.4875000842471553
2076-04-21,1.6661198067955605
2076-04-22,1.8540552061135673
2076-04-23,1.8255559862870265
2076-04-24,1.7965685921418721
2076-04-25,1.729944240279644
2076-04-26,1.4060754642311912
2076-04-27,1.1546822157145604
2076-04-28,0.9785881090550219
2076-04-29,0.6703941819181424
2076-04-30,0.631477878905744
2076-05-01,0.5976367261587427
2076-05-02,0.5508376816557816
2076-05-03,0.5016669177221752
2076-05-04,0.4499470782378562
2076-05-05,0.4011462806932106
2076-05-06,0.3606747576656268
2076-05-07,0.32512807269248656
2076-05-08,0.2934769744298806
2076-05-09,0.26256331633719
2076-05-10,0.2319766527099113
2076-05-11,0.20174851160372279
2076-05-12,0.17418954381914104
2076-05-13,0.14748175583454934
2076-05-14,0.1267364631200063
2076-05-15,0.11241117794756506
2076-05-16,0.103496177578752
2076-05-17,0.0913027582430139
2076-05-18,0.083011651038507
2076-05-19,0.07537862328644161
2076-05-20,0.0682644022583395
2076-05-21,0.0631846904558677
2076-05-22,0.05867909514365282
2076-05-23,0.05365736186890662
2076-05-24,0.06320512008597183
2076-05-25,0.05009384251803359
2076-05-26,0.04623073502394845
2076-05-27,0.04377395748821406
2076-05-28,0.06865336690083954
2076-05-29,0.03781302993496134
2076-05-30,0.038927057106706624
2076-05-31,0.031846260481043734
2076-06-01,0.036670621017737035
2076-06-02,0.0252996771733075
2076-06-03,0.02338745093243427
2076-06-04,0.0220356894137275
2076-06-05,0.02085932836842123
2076-06-06,0.01995502054298887
2076-06-07,0.01923411903701207
2076-06-08,0.018574302519299923
2076-06-09,0.017957968147990604
2076-06-10,0.017389012370853687
2076-06-11,0.01684186241968512
2076-06-12,0.016320057537699245
2076-06-13,0.015823521862937742
2076-06-14,0.015342358300161119
2076-06-15,0.014879102503635734
2076-06-16,0.01443388580671752
2076-06-17,0.01401537044908633
2076-06-18,0.013633913633942764
2076-06-19,0.013290115684654945
2076-06-20,0.012975524561096295
2076-06-21,0.012681336441454994
2076-06-22,0.01240394319809519
2076-06-23,0.012140275276090538
2076-06-24,0.011882950255936196
2076-06-25,0.01162954399992866
2076-06-26,0.011383599615226272
2076-06-27,0.011150542171356423
2076-06-28,0.010932473559691786
2076-06-29,0.010718966601408326
2076-06-30,0.010506940889210151
2076-07-01,0.03379131178850653
2076-07-02,0.03317816988418277
2076-07-03,0.032612804351581974
2076-07-04,0.03209512869404222
2076-07-05,0.031630150503687456
2076-07-06,0.031211391793274264
2076-07-07,0.030867431823050167
2076-07-08,0.15223125290281891
2076-07-09,0.03971099967014999
2076-07-10,0.03008733683819668
2076-07-11,0.029856946805551555
2076-07-12,0.029661201770816912
2076-07-13,0.029497843238692666
2076-07-14,0.02935467484156397
2076-07-15,0.02921907935339508
2076-07-16,0.029082931086321016
2076-07-17,0.028947522049580652
2076-07-18,0.03326029642194506
2076-07-19,0.02872044239129669
2076-07-20,0.0286252919551959
2076-07-21,0.3109355378433487
2076-07-22,0.02846883996484652
2076-07-23,0.2435734199983018
2076-07-24,0.028343717380895993
2076-07-25,0.02828369479223604
2076-07-26,0.028232330799850876
2076-07-27,0.02818713315495108
2076-07-28,0.05201564078904262
2076-07-29,0.02811022149674543
2076-07-30,0.028075660320950206
2076-07-31,0.02804394710861047
2076-08-01,0.027460689152847034
2076-08-02,0.031320744979813235
2076-08-03,0.02556848348387277
2076-08-04,0.025550547060327753
2076-08-05,0.025533987185438988
2076-08-06,0.025518658675963795
2076-08-07,0.025504560083318834
2076-08-08,0.025491093579545095
2076-08-09,0.08095271029263326
2076-08-10,0.025467598663399094
2076-08-11,0.02545697070917107
2076-08-12,0.025458975964306425
2076-08-13,0.028827329515818137
2076-08-14,0.025497039557565337
2076-08-15,0.036162454162234466
2076-08-16,0.02747220793195392
2076-08-17,0.026229773315271692
2076-08-18,0.025402360106600557
2076-08-19,0.025870516356878693
2076-08-20,0.025918539931487235
2076-08-21,0.02536612717374087
2076-08-22,0.04071226917357115
2076-08-23,0.0516753570550754
2076-08-24,0.04340114924050832
2076-08-25,0.025338510002096526
2076-08-26,0.05045982726453675
2076-08-27,0.025324537981022355
2076-08-28,0.025317593967344405
2076-08-29,0.02531055055190112
2076-08-30,0.02530389697848625
2076-08-31,0.025297649669579616
2076-09-01,0.011252622613883703
2076-09-02,0.011249846128963414
2076-09-03,0.014606087319956796
2076-09-04,0.03656642068124165
2076-09-05,0.017708261273137096
2076-09-06,0.011238746386854643
2076-09-07,0.011235973187569017
2076-09-08,0.011233200724947419
2076-09-09,0.011230428820347301
2076-09-10,0.041387725099769936
2076-09-11,0.011224887163694727
2076-09-12,0.01122211751958559
2076-09-13,0.011219348480209923
2076-09-14,0.01121658000327458
2076-09-15,0.011213812286990322
2076-09-16,0.05175993668135263
2076-09-17,0.011208985662690664
2076-09-18,0.011786828475320064
2076-09-19,0.011202748325157484
2076-09-20,0.01119998409019396
2076-09-21,0.06679096699220828
2076-09-22,0.011195564169377347
2076-09-23,0.011972675997724318
2076-09-24,0.013652734854692422
2076-09-25,0.03823815183326203
2076-09-26,0.03460708820501865
2076-09-27,0.13783345466923005
2076-09-28,0.5200321218588487
2076-09-29,1.220823775601954
2076-09-30,10.705114196362628
2076-10-01,19.187157489335917
2076-10-02,0.15598395843428448
2076-10-03,0.07219056215045902
2076-10-04,0.12209924717165808
2076-10-05,0.0978369375402628
2076-10-06,0.146912752452416
2076-10-07,0.06768507844815459
2076-10-08,0.034534563541834463
2076-10-09,0.037035004678967864
2076-10-10,0.034291254292620046
2076-10-11,0.03409620137033636
2076-10-12,0.033833440211948645
2076-10-13,0.033545096917227256
2076-10-14,0.03397967140487415
2076-10-15,0.03302893958798214
2076-10-16,0.032791102772910086
2076-10-17,0.03252697473982475
2076-10-18,0.03226476860218434
2076-10-19,0.032067145480444564
2076-10-20,0.04383715507575425
2076-10-21,0.03985706676038608
2076-10-22,0.04120146823366054
2076-10-23,0.033447200446357836
2076-10-24,0.03145739286641616
2076-10-25,0.03339809706134149
2076-10-26,0.03103643548617201
2076-10-27,0.03249576266085421
2076-10-28,0.03060532637420012
2076-10-29,0.03035035206689363
2076-10-30,0.03414537547964968
2076-10-31,0.029951073641660057
2076-11-01,0.031293622331882695
2076-11-02,0.03148944703988098
2076-11-03,0.9171670149885515
2076-11-04,0.836623978914221
2076-11-05,0.595867593684579
2076-11-06,1.3096774985870017
2076-11-07,0.88549454427607
2076-11-08,0.5882265508993983
2076-11-09,1.0146828013831009
2076-11-10,0.8179114851644698
2076-11-11,0.18648469030723921
2076-11-12,0.16050282125857862
2076-11-13,0.17127078745171967
2076-11-14,0.24045447401969416
2076-11-15,0.5772644511681669
2076-11-16,0.07046050203478728
2076-11-17,0.0633592368660382
2076-11-18,0.06296459034441833
2076-11-19,0.3051149019821902
2076-11-20,1.270138040535528
2076-11-21,0.07674165749535936
2076-11-22,0.28646195474291036
2076-11-23,0.5383411539060124
2076-11-24,0.1918298435284535
2076-11-25,0.22919951327513963
2076-11-26,0.17115448708210088
2076-11-27,0.28287562018519496
2076-11-28,0.16905457877270255
2076-11-29,0.09789743952473932
2076-11-30,0.13767990575393407
2076-12-01,0.08896597094619305
2076-12-02,0.0619980544335067
2076-12-03,0.05903866047016841
2076-12-04,0.05290364593395873
2076-12-05,0.05489947830757934
2076-12-06,0.053210140163310354
2076-12-07,0.05327769923528887
2076-12-08,0.05352791586315426
2076-12-09,0.054305733210739116
2076-12-10,0.05660759977898331
2076-12-11,0.06315394860493095
2076-12-12,0.10416179029425353
2076-12-13,0.25493436332911845
2076-12-14,0.2592922814741443
2076-12-15,0.08563448766742209
2076-12-16,0.05782747974711705
2076-12-17,0.05414613772800589
2076-12-18,0.05426682411368012
2076-12-19,0.054373016347267614
2076-12-20,0.0667124694063683
2076-12-21,0.08570135027304558
2076-12-22,0.09698509598213376
2076-12-23,0.12130675128667268
2076-12-24,0.15006726556570107
2076-12-25,0.08580828039001955
2076-12-26,0.07084362506921521
2076-12-27,0.05583710729821686
2076-12-28,0.05515861201661315
2076-12-29,0.05959487479334449
2076-12-30,0.05538535455852582
2076-12-31,0.05752331285299522
2077-01-01,0.06499025054797797
2077-01-02,0.06313465263271871
2077-01-03,0.021448323739202663
2077-01-04,0.019673505352701334
2077-01-05,0.01970683274249444
2077-01-06,0.026561609877643024
2077-01-07,0.04118253332725158
2077-01-08,0.14173991265476163
2077-01-09,0.0731385461447836
2077-01-10,0.100756913046588
2077-01-11,0.3414426760293783
2077-01-12,0.3712775308419759
2077-01-13,0.09163596512670048
2077-01-14,0.04833946119374907
2077-01-15,0.24405659063971286
2077-01-16,0.1572539611103254
2077-01-17,0.07190557584453702
2077-01-18,0.10494254183536311
2077-01-19,0.1705340301963699
2077-01-20,0.11834438765329813
2077-01-21,0.1071978150186124
2077-01-22,0.08854980609272976
2077-01-23,0.09944380169671653
2077-01-24,0.09633309668669089
2077-01-25,0.11636823615223738
2077-01-26,0.12432515644427274
2077-01-27,0.13372479679909768
2077-01-28,0.22390825749668386
2077-01-29,0.14336300250741515
2077-01-30,0.1607643282300235
2077-01-31,0.23871372245191472
2077-02-01,0.13425491020208977
2077-02-02,0.14527392781448942
2077-02-03,0.1501316463706338
2077-02-04,0.15870200726872802
2077-02-05,0.16125521475793914
2077-02-06,0.1791669619049492
2077-02-07,0.20366921153816037
2077-02-08,0.20535504070299496
2077-02-09,0.18725922310912188
2077-02-10,0.20768292141664896
2077-02-11,0.22139634604902395
2077-02-12,0.23180007546845857
2077-02-13,0.2402019408509228
2077-02-14,0.514159185674513
2077-02-15,1.8707137761482524
2077-02-16,3.411293750201396
2077-02-17,1.0510934594169976
2077-02-18,1.0583078901503846
2077-02-19,1.8693032327212782
2077-02-20,1.4939786751710689
2077-02-21,2.03552947769694
2077-02-22,2.7266880400639057
2077-02-23,2.926880113794932
2077-02-24,1.4922529430191258
2077-02-25,1.6671655359068258
2077-02-26,1.7838204550449437
2077-02-27,1.6877493747656902
2077-02-28,1.6030960033848796
2077-03-01,1.5825538277928317
2077-03-02,1.8663675437711178
2077-03-03,1.9124093689952344
2077-03-04,1.8183999302184355
2077-03-05,1.8029558613871413
2077-03-06,1.4652483070756839
2077-03-07,1.4690535174358414
2077-03-08,1.4373183701395786
2077-03-09,1.4604464680436968
2077-03-10,1.2588348353003942
2077-03-11,1.2757968719591328
2077-03-12,1.605606051591792
2077-03-13,2.340127824404734
2077-03-14,3.219822020756664
2077-03-15,4.181843041019822
2077-03-16,5.363578499855763
2077-03-17,5.741221849306918
2077-03-18,3.8928639547507395
2077-03-19,2.322021636394471
2077-03-20,1.6146553293503225
2077-03-21,1.6163203503683288
2077-03-22,1.651017748069417
2077-03-23,1.5672919602236517
2077-03-24,1.5611231998584114
2077-03-25,1.5746065365272661
2077-03-26,1.628383464617489
2077-03-27,1.5332256864960798
2077-03-28,1.462126926665935
2077-03-29,1.3080629372403745
2077-03-30,1.2470869984954895
2077-03-31,1.1782833049914452
2077-04-01,1.4029188177485203
2077-04-02,1.2397613119514728
2077-04-03,1.153439598633889
2077-04-04,1.3836835427479228
2077-04-05,1.705961267581899
2077-04-06,1.7292018828544702
2077-04-07,2.2687004793156595
2077-04-08,2.2291238451903723
2077-04-09,2.1142156336436884
2077-04-10,1.8332474680241282
2077-04-11,2.1490066986186216
2077-04-12,2.8751936899337944
2077-04-13,3.1271606118173145
2077-04-14,4.471688950568122
2077-04-15,5.009804520910344
2077-04-16,4.521265979413758
2077-04-17,4.530474137425338
2077-04-18,2.1268174277725778
2077-04-19,2.512247316159367
2077-04-20,1.7037602002690877
2077-04-21,1.8308476543794394
2077-04-22,2.24746827674936
2077-04-23,3.218509280887854
2077-04-24,3.2553302893020835
2077-04-25,1.5492894082369375
2077-04-26,1.4365118597371778
2077-04-27,1.5040650946495044
2077-04-28,1.5043747187984746
2077-04-29,1.5296535037300207
2077-04-30,1.5498180253590712
2077-05-01,1.541519841318463
2077-05-02,1.3562772770553928
2077-05-03,1.586383283743851
2077-05-04,1.845536575902434
2077-05-05,2.395493543787653
2077-05-06,2.8157220644313137
2077-05-07,2.9308482385050096
2077-05-08,1.096708066624541
2077-05-09,1.0550714508913248
2077-05-10,0.976360260732938
2077-05-11,0.9891947495098454
2077-05-12,1.0755998144524426
2077-05-13,1.2558841992856224
2077-05-14,1.2599974726435872
2077-05-15,1.2951945552722892
2077-05-16,1.0148883867456941
2077-05-17,0.63729607570112
2077-05-18,0.6056159232934075
2077-05-19,0.6412792093414424
2077-05-20,0.778431173192182
2077-05-21,0.6244422103036859
2077-05-22,0.41772452216012135
2077-05-23,0.3634235456037371
2077-05-24,0.3256419407712232
2077-05-25,0.28862647484174125
2077-05-26,0.3592907604112718
2077-05-27,0.24641429161748749
2077-05-28,0.275694989786261
2077-05-29,0.19564362537537683
2077-05-30,0.19555169164194733
2077-05-31,0.15431681925776045
2077-06-01,0.11163175665161647
2077-06-02,0.09143059089592684
2077-06-03,0.07705662832344252
2077-06-04,0.06688088295284388
2077-06-05,0.05774399974068792
2077-06-06,0.04978725379294588
2077-06-07,0.043546591174933265
2077-06-08,0.040204427557702434
2077-06-09,0.03704732951629413
2077-06-10,0.03367601870124082
2077-06-11,0.02952594112985102
2077-06-12,0.02424411745579495
2077-06-13,0.022127382506940393
2077-06-14,0.02050504366163806
2077-06-15,0.019216287053660828
2077-06-16,0.018100767041768995
2077-06-17,0.017236436739264838
2077-06-18,0.016496987364746238
2077-06-19,0.015819832978320816
2077-06-20,0.05880445953136917
2077-06-21,0.014811017013182276
2077-06-22,0.017590066282805444
2077-06-23,0.014105483550262197
2077-06-24,0.016747317574951303
2077-06-25,0.01345398989332029
2077-06-26,0.01321243536801623
2077-06-27,0.014847420840743204
2077-06-28,0.017449558343774554
2077-06-29,0.012458153674189643
2077-06-30,0.012200290514493322
2077-07-01,0.03916617371607465
2077-07-02,0.03832537239781062
2077-07-03,0.03750880280956862
2077-07-04,0.036750154890949745
2077-07-05,0.03604199795428597
2077-07-06,0.03538053243004036
2077-07-07,0.4523511239137999
2077-07-08,0.16056450463990668
2077-07-09,0.03586231405167967
2077-07-10,0.03381705172052704
2077-07-11,0.03335487338283872
2077-07-12,0.032918740299223745
2077-07-13,0.03250387322917926
2077-07-14,0.032118624883455696
2077-07-15,0.0317535163468615
2077-07-16,0.031395111182758485
2077-07-17,0.031108179810300108
2077-07-18,0.03075854628280234
2077-07-19,0.03047678406028046
2077-07-20,0.03021633758423057
2077-07-21,0.02997749650507555
2077-07-22,0.02976053268587587
2077-07-23,0.0392993903124466
2077-07-24,0.029405143214832584
2077-07-25,0.945522701585758
2077-07-26,1.0473842345315472
2077-07-27,0.031447732727285946
2077-07-28,0.21078006176525416
2077-07-29,0.5580741265442382
2077-07-30,1.4837188447915317
2077-07-31,0.03424590929604546
2077-08-01,0.06789009941410093
2077-08-02,0.6976843408274657
2077-08-03,0.028744622192394462
2077-08-04,0.02885957725385647
2077-08-05,0.02888877007988804
2077-08-06,0.08749842117593731
2077-08-07,0.02859480893919298
2077-08-08,0.08669192946009983
2077-08-09,0.0282312638930065
2077-08-10,0.1725383624121248
2077-08-11,0.02791731863198131
2077-08-12,0.14619660963000594
2077-08-13,0.027427824548123095
2077-08-14,2.72480866884227
2077-08-15,1.1702395088356177
2077-08-16,0.5727495562581583
2077-08-17,0.03129027546799587
2077-08-18,0.03850401255237429
2077-08-19,0.03156756282917838
2077-08-20,0.061191206031504825
2077-08-21,0.03115321745560373
2077-08-22,0.03083993522297942
2077-08-23,0.030537386903988117
2077-08-24,0.030257860604635495
2077-08-25,0.029975175255595454
2077-08-26,0.03065130977670746
2077-08-27,0.04847539023636166
2077-08-28,0.029187860059942186
2077-08-29,0.029625708429665398
2077-08-30,0.02855938391719269
2077-08-31,0.028237460937061597
2077-09-01,0.012424109665588417
2077-09-02,0.01229823706778646
2077-09-03,0.012186884594273445
2077-09-04,0.012088693540791276
2077-09-05,0.012001113253772323
2077-09-06,0.030574644057986978
2077-09-07,0.01186792590237097
2077-09-08,0.10773130239637518
2077-09-09,0.011774176918228253
2077-09-10,0.015452854665180826
2077-09-11,0.01170686457451446
2077-09-12,0.011671657801560346
2077-09-13,0.0947155540796545
2077-09-14,0.03076494338354121
2077-09-15,0.11634791445062354
2077-09-16,0.0904533248471354
2077-09-17,0.012676763678441012
2077-09-18,0.014903679391497305
2077-09-19,0.011568672786962766
2077-09-20,0.01224319601741302
2077-09-21,0.01153966901050604
2077-09-22,0.21604665154495764
2077-09-23,0.012553425721393575
2077-09-24,0.011513901383977452
2077-09-25,0.07410042183671574
2077-09-26,0.02779085133996624
2077-09-27,0.09872634894706626
2077-09-28,0.06230348798233612
2077-09-29,0.0858716322978535
2077-09-30,0.056618087641193374
2077-10-01,0.02057688276909561
2077-10-02,0.022298039319186516
2077-10-03,0.05556157620505448
2077-10-04,0.03250393570161069
2077-10-05,0.06141788213990019
2077-10-06,0.018838386903749445
2077-10-07,0.10316846115213814
2077-10-08,0.018841052501180355
2077-10-09,0.023034872333914505
2077-10-10,0.018834507180220582
2077-10-11,0.5797827254454397
2077-10-12,0.019136540765084836
2077-10-13,0.018891660964060773
2077-10-14,0.018923014493678482
2077-10-15,0.018946151058941596
2077-10-16,0.018960465010200656
2077-10-17,0.018971277381239417
2077-10-18,0.018983374406696393
2077-10-19,0.018999849956523065
2077-10-20,0.01901866440817037
2077-10-21,0.02154878600940807
2077-10-22,0.01905262300893684
2077-10-23,0.019058650380715046
2077-10-24,0.01907012317559161
2077-10-25,0.019080831558477604
2077-10-26,0.01908821514315876
2077-10-27,0.019086943238568403
2077-10-28,0.01907888664028709
2077-10-29,0.028210920132488458
2077-10-30,0.020701385736612624
2077-10-31,0.019050862506651504
2077-11-01,0.025198336728122057
2077-11-02,0.020014284520635812
2077-11-03,0.29723757320490884
2077-11-04,0.24141052143575803
2077-11-05,0.040998255615233514
2077-11-06,0.021719506362625613
2077-11-07,0.021552928352839527
2077-11-08,0.02007954812478459
2077-11-09,0.9396368355471612
2077-11-10,0.22891761975259872
2077-11-11,0.13048380864081247
2077-11-12,0.07481211295068901
2077-11-13,0.02710910912556079
2077-11-14,0.02124226062645938
2077-11-15,0.021409371433374076
2077-11-16,0.021547778424367194
2077-11-17,0.0216587720859048
2077-11-18,0.41207857193871594
2077-11-19,0.9299448506807712
2077-11-20,0.7347695104557693
2077-11-21,0.10924950929288459
2077-11-22,0.110693525461344
2077-11-23,0.11584041068328654
2077-11-24,0.04679251231077078
2077-11-25,0.032884587690523805
2077-11-26,0.02747300819097289
2077-11-27,0.03641802117344911
2077-11-28,0.036804060383583886
2077-11-29,0.0350279375529982
2077-11-30,0.027741339935606072
2077-12-01,0.02798471626789591
2077-12-02,0.02813877898709633
2077-12-03,0.03211144056316478
2077-12-04,0.027772878216243455
2077-12-05,0.32417385484809
2077-12-06,1.334161804788124
2077-12-07,1.5235108419617973
2077-12-08,0.3095695536022192
2077-12-09,0.08169560700288865
2077-12-10,0.11149270680659214
2077-12-11,0.17570291079917663
2077-12-12,0.1495960933236238
2077-12-13,0.1805829880630565
2077-12-14,0.20621195254774338
2077-12-15,0.2787223078279363
2077-12-16,0.14956564096251015
2077-12-17,0.17530602231083875
2077-12-18,0.11924198018437163
2077-12-19,0.04020676326776088
2077-12-20,0.035786747817909394
2077-12-21,0.035986434905144395
2077-12-22,0.03897513743375675
2077-12-23,0.03735121474652671
2077-12-24,0.045675867306251144
2077-12-25,0.04248840370038682
2077-12-26,0.040829023949352915
2077-12-27,0.037078116434808246
2077-12-28,0.048574623914476416
2077-12-29,0.037135879266353415
2077-12-30,0.9365010695284955
2077-12-31,0.43401977345681714
2078-01-01,0.02140493996115213
2078-01-02,0.025488721804000344
2078-01-03,0.020878626541167532
2078-01-04,0.03922479678398207
2078-01-05,0.36836841791296143
2078-01-06,0.3304540909260283
2078-01-07,0.4558462745464501
2078-01-08,0.28102495245124987
2078-01-09,1.284027474055225
2078-01-10,1.1395682344587428
2078-01-11,0.08027951272521167
2078-01-12,0.07596320414662192
2078-01-13,0.03957988440337368
2078-01-14,0.5410187528518124
2078-01-15,0.20685958854212244
2078-01-16,0.08307809510139749
2078-01-17,0.09756336173964279
2078-01-18,0.11125711145041776
2078-01-19,0.11277004236680133
2078-01-20,0.11363520149438026
2078-01-21,0.11670303461084496
2078-01-22,0.1305658539688372
2078-01-23,0.11911852455357083
2078-01-24,0.23538793369910252
2078-01-25,0.1451591358794882
2078-01-26,0.1807569752790698
2078-01-27,0.2065462750057703
2078-01-28,0.2286952291804038
2078-01-29,0.28173613355913546
2078-01-30,0.20596225937602064
2078-01-31,0.320467325407306
2078-02-01,0.6494082467974713
2078-02-02,0.6954618185431838
2078-02-03,0.49029283207495844
2078-02-04,0.47261062070260357
2078-02-05,0.5474761253903512
2078-02-06,0.5585708542803529
2078-02-07,0.6204472247451577
2078-02-08,1.5008864938179696
2078-02-09,3.418628238887066
2078-02-10,1.2438710519710783
2078-02-11,0.9176470036056922
2078-02-12,0.9003105170946492
2078-02-13,0.9228932891446292
2078-02-14,1.0290808629225014
2078-02-15,1.2917085597288376
2078-02-16,1.0019145824987559
2078-02-17,1.0749431439247221
2078-02-18,1.5684702558467156
2078-02-19,1.760430475149057
2078-02-20,1.3487916259799368
2078-02-21,1.091880185945717
2078-02-22,1.0273676295743224
2078-02-23,1.0002916856308781
2078-02-24,0.9728067595849343
2078-02-25,0.9846357317540325
2078-02-26,1.0300689684717925
2078-02-27,1.1372522325468108
2078-02-28,1.097961836867718
2078-03-01,1.4302270501613308
2078-03-02,1.6436264116182338
2078-03-03,1.3052211104270766
2078-03-04,1.291379286153119
2078-03-05,1.2067190603161173
2078-03-06,1.4642470554174316
2078-03-07,1.2564016262095707
2078-03-08,1.1491430734635784
2078-03-09,1.1339861715912327
2078-03-10,1.084080420388322
2078-03-11,1.1032096596403105
2078-03-12,1.1410562928691412
2078-03-13,1.3555698676439099
2078-03-14,1.0201706142950882
2078-03-15,1.0204492087127204
2078-03-16,1.3342329055137052
2078-03-17,2.33354667711568
2078-03-18,2.7801730692356257
2078-03-19,3.8533850247073826
2078-03-20,2.410893870689549
2078-03-21,2.1029079006675047
2078-03-22,2.33422579052045
2078-03-23,2.5412608380746105
2078-03-24,3.0529244526997537
2078-03-25,3.1300534653136998
2078-03-26,3.4608429531131186
2078-03-27,4.227195393984315
2078-03-28,4.905434667668357
2078-03-29,5.036768824858345
2078-03-30,5.712430662463553
2078-03-31,10.17046436413153
2078-04-01,7.240309943281782
2078-04-02,5.8781265526544875
2078-04-03,6.5106895376190534
2078-04-04,5.070019833715058
2078-04-05,1.9439001337037851
2078-04-06,1.8913683989573369
2078-04-07,2.344260413725952
2078-04-08,3.0539321617552306
2078-04-09,3.118027287838009
2078-04-10,2.9634796660604894
2078-04-11,3.7761659439543163
2078-04-12,2.401284760487686
2078-04-13,1.350457639585534
2078-04-14,1.1993512342493722
2078-04-15,1.3553056382495472
2078-04-16,1.4766814694554213
2078-04-17,1.568156681259602
2078-04-18,1.281759417804004
2078-04-19,1.0014950190162932
2078-04-20,0.978066395301191
2078-04-21,0.9590658508211444
2078-04-22,0.8435860588022173
2078-04-23,0.795697277557181
2078-04-24,0.7226719355587088
2078-04-25,0.48626527171896955
2078-04-26,0.4267562398555925
2078-04-27,0.3922055280995602
2078-04-28,0.35955588928192883
2078-04-29,0.3325285971591725
2078-04-30,0.30877127253664133
2078-05-01,0.28406372081701764
2078-05-02,0.2538326123352101
2078-05-03,0.22632303872435933
2078-05-04,0.20256039204615908
2078-05-05,0.18341836474785755
2078-05-06,0.16984677374761967
2078-05-07,0.1589440597128147
2078-05-08,0.14597786222259293
2078-05-09,0.13170301592646733
2078-05-10,0.11535935403264941
2078-05-11,0.10075670094076648
2078-05-12,0.112364942481936
2078-05-13,0.08090901558752836
2078-05-14,0.0728384426546655
2078-05-15,0.07352967623320779
2078-05-16,0.06308646158860422
2078-05-17,0.05716692931805738
2078-05-18,0.05286645368952994
2078-05-19,0.0544150358618684
2078-05-20,0.04624939245910024
2078-05-21,0.04319667821652567
2078-05-22,0.040524541637343266
2078-05-23,0.038213815108240026
2078-05-24,0.03611988115357853
2078-05-25,0.0340852270092946
2078-05-26,0.033662146995768354
2078-05-27,0.03132024223956664
2078-05-28,0.03219878627312611
2078-05-29,0.02883698075974055
2078-05-30,0.028725986714323595
2078-05-31,0.026370968464724778
2078-06-01,0.021958936273979424
2078-06-02,0.021080701113101712
2078-06-03,0.022490302620726866
2078-06-04,0.019904425956028975
2078-06-05,0.01937723798619605
2078-06-06,0.02572662094997918
2078-06-07,0.01848154625136582
2078-06-08,0.01802452101308626
2078-06-09,0.01755749108801673
2078-06-10,0.01713274106581244
2078-06-11,0.01677864457879511
2078-06-12,0.017150114749141326
2078-06-13,0.016485189095356647
2078-06-14,0.02333425631124793
2078-06-15,0.015521998572592446
2078-06-16,0.015106936264595052
2078-06-17,0.01470305652211673
2078-06-18,0.014344072197119539
2078-06-19,0.014002556530246877
2078-06-20,0.013680665194681786
2078-06-21,0.013373685630224121
2078-06-22,0.013074709569879196
2078-06-23,0.012793482010503102
2078-06-24,0.01252801338018575
2078-06-25,0.012260482740146735
2078-06-26,0.01198933591888181
2078-06-27,0.011720192328723717
2078-06-28,0.011452933474624973
2078-06-29,0.011198476164994992
2078-06-30,0.010966277186861531
2078-07-01,0.03526388869360003
2078-07-02,0.03464300773712336
2078-07-03,0.03409260149495365
2078-07-04,0.03358238096233213
2078-07-05,0.03311330238194562
2078-07-06,0.03266161309354531
2078-07-07,0.03221921717232466
2078-07-08,0.23359304582831777
2078-07-09,0.03153332278396504
2078-07-10,0.031233870369796066
2078-07-11,0.03728255053920068
2078-07-12,0.030733936210798816
2078-07-13,0.030498928408537053
2078-07-14,0.030265941326175595
2078-07-15,0.030037020744875274
2078-07-16,0.029821289265988156
2078-07-17,0.02962474466296634
2078-07-18,0.029440332468181528
2078-07-19,0.02926906410100179
2078-07-20,0.04796577410560255
2078-07-21,0.05469659915581204
2078-07-22,0.07084848401930637
2078-07-23,0.7050951047519002
2078-07-24,2.0344128835149533
2078-07-25,0.028871302409679687
2078-07-26,0.030884442549529795
2078-07-27,1.7991718293688388
2078-07-28,0.16218187760771513
2078-07-29,0.29796647636665524
2078-07-30,0.030813895228196678
2078-07-31,0.031027542119388612
2078-08-01,0.028165933360383262
2078-08-02,0.027853081271901125
2078-08-03,0.02811903378150542
2078-08-04,0.027490404484757206
2078-08-05,0.027295503928412058
2078-08-06,0.05563325125500385
2078-08-07,0.026879449732929796
2078-08-08,0.026688331625061196
2078-08-09,0.026665871994873563
2078-08-10,0.02886641414046421
2078-08-11,0.026283290374995147
2078-08-12,0.02618692879521511
2078-08-13,0.03092692765048292
2078-08-14,0.026050838673474287
2078-08-15,0.02599386970050858
2078-08-16,0.025941247778781703
2078-08-17,0.025898214727227316
2078-08-18,0.028005432639018592
2078-08-19,0.02621911601055914
2078-08-20,0.050044554447143674
2078-08-21,0.02609054851863551
2078-08-22,0.6745153413690453
2078-08-23,0.025830415917732157
2078-08-24,0.12431960965420819
2078-08-25,0.02584210925184837
2078-08-26,0.08038818754221456
2078-08-27,0.025665639213679255
2078-08-28,0.027938996171847332
2078-08-29,0.025628252816845384
2078-08-30,0.02560930073061031
2078-08-31,0.025591213889910286
2078-09-01,0.011378606213109169
2078-09-02,0.07364775329545681
2078-09-03,0.013408598240577734
2078-09-04,0.042414243181167856
2078-09-05,0.014070247639022822
2078-09-06,0.011351932198997702
2078-09-07,0.011346347159975548
2078-09-08,0.012581832317831769
2078-09-09,0.04940501093928504
2078-09-10,0.01133224167708559
2078-09-11,0.011327600478723781
2078-09-12,0.03927028600971472
2078-09-13,0.09381170424892782
2078-09-14,0.34979497686031474
2078-09-15,0.01131827089953093
2078-09-16,0.01132238940993193
2078-09-17,0.011326750319363386
2078-09-18,0.011330477512267277
2078-09-19,0.01133303298413472
2078-09-20,0.011334404764019004
2078-09-21,0.011334868686148898
2078-09-22,0.06500033185990746
2078-09-23,0.011913664806232646
2078-09-24,0.21146505939659202
2078-09-25,0.011334354484026124
2078-09-26,0.011336003627016124
2078-09-27,0.011336675867214277
2078-09-28,0.013212645880725621
2078-09-29,0.028128644876700862
2078-09-30,0.1199965293547396
2078-10-01,0.02014545026542862
2078-10-02,0.17711316841893757
2078-10-03,0.08315602513890186
2078-10-04,0.018906444995700874
2078-10-05,0.020290633647428304
2078-10-06,0.018543877241964886
2078-10-07,0.018563686226347194
2078-10-08,0.01857931909218389
2078-10-09,0.018590530941407897
2078-10-10,0.01859766452747531
2078-10-11,0.018599998873587754
2078-10-12,0.018597304368954345
2078-10-13,0.018590734874009574
2078-10-14,0.04058057960243455
2078-10-15,0.019922411998700353
2078-10-16,0.018578369635312637
2078-10-17,1.0408507530631173
2078-10-18,0.5836424313547673
2078-10-19,0.018975300299718768
2078-10-20,0.019225219362924987
2078-10-21,0.019372322123443413
2078-10-22,0.01947350992550236
2078-10-23,0.020368950306579075
2078-10-24,0.020107690717954412
2078-10-25,0.01965981070771992
2078-10-26,0.019694043591899708
2078-10-27,0.01972250544704714
2078-10-28,0.01974785394735441
2078-10-29,0.022375225709085657
2078-10-30,0.022295010460427915
2078-10-31,0.01984163981979663
2078-11-01,0.0210724241005834
2078-11-02,0.27429431827069817
2078-11-03,0.022877575804768378
2078-11-04,0.020790273823925502
2078-11-05,0.02078321985504017
2078-11-06,0.020776913497883756
2078-11-07,0.02078276216043505
2078-11-08,0.02513155842389742
2078-11-09,0.024112251155369694
2078-11-10,0.020830265990480996
2078-11-11,0.02081854992346154
2078-11-12,0.02082133349508989
2078-11-13,0.02186981283076779
2078-11-14,0.02198742059363118
2078-11-15,0.02190676379770492
2078-11-16,0.02249792120457916
2078-11-17,0.02081413449428086
2078-11-18,0.020818481562720204
2078-11-19,0.020813958909105753
2078-11-20,0.020804152431064437
2078-11-21,0.024088763472024727
2078-11-22,0.020796849338824485
2078-11-23,0.020798063072115895
2078-11-24,0.020802295586362006
2078-11-25,0.02080392071831568
2078-11-26,0.026163876263578422
2078-11-27,0.023843035550064333
2078-11-28,0.028061834471101586
2078-11-29,0.027176304539920548
2078-11-30,0.1497695033712937
2078-12-01,0.1841994054880442
2078-12-02,0.10555607222238356
2078-12-03,0.20874411637871962
2078-12-04,0.23191262233807453
2078-12-05,0.15210620611723097
2078-12-06,0.5159892182986073
2078-12-07,0.5999163723622305
2078-12-08,0.08302742504861058
2078-12-09,0.13059043489346317
2078-12-10,0.05324293756708336
2078-12-11,0.03697598465796653
2078-12-12,0.23493932720682772
2078-12-13,0.7495962620289695
2078-12-14,0.5038092162203912
2078-12-15,0.18215160589991375
2078-12-16,0.32305330495720314
2078-12-17,0.2574156256744087
2078-12-18,0.250538774640228
2078-12-19,0.3695942718052629
2078-12-20,1.3647627077909013
2078-12-21,0.5951243430293218
2078-12-22,3.4725300823228755
2078-12-23,10.680924262164078
2078-12-24,5.7679790703763585
2078-12-25,4.863513600683125
2078-12-26,16.66120807887745
2078-12-27,26.349411546857638
2078-12-28,7.780809465120281
2078-12-29,1.8053204501924442
2078-12-30,2.136492993891931
2078-12-31,2.661483467197599
2079-01-01,1.0138740125570842
2079-01-02,0.8280076613278279
2079-01-03,0.7875518412970737
2079-01-04,0.9322103062614069
2079-01-05,0.8497590749407108
2079-01-06,0.7326771626489548
2079-01-07,1.238126580693222
2079-01-08,1.5109550622842833
2079-01-09,0.9345517918584365
2079-01-10,0.7748755477677974
2079-01-11,1.0833101882781293
2079-01-12,1.2712637900967207
2079-01-13,0.8171384067297702
2079-01-14,0.7837871606181662
2079-01-15,0.9161575346848636
2079-01-16,3.306414830321474
2079-01-17,1.9456994736311013
2079-01-18,0.9122752226286663
2079-01-19,1.0147363483420657
2079-01-20,2.170864892753009
2079-01-21,5.957006705349296
2079-01-22,3.2008910751501642
2079-01-23,1.67658611219443
2079-01-24,4.270090358727326
2079-01-25,2.1502578407442745
2079-01-26,1.2610333832228757
2079-01-27,4.2562144133097
2079-01-28,8.55155345366705
2079-01-29,3.5452750642749677
2079-01-30,1.5544450938746908
2079-01-31,1.6140447649561624
2079-02-01,2.44520859797585
2079-02-02,2.408709044821366
2079-02-03,1.7589502080190167
2079-02-04,1.715803782182741
2079-02-05,1.3226157783758565
2079-02-06,1.3504016991336105
2079-02-07,1.486201703963901
2079-02-08,1.706945971283513
2079-02-09,1.8546798960939774
2079-02-10,3.3602173441359295
2079-02-11,1.9376444101872243
2079-02-12,1.5796615308108914
2079-02-13,1.5577642780966026
2079-02-14,2.7001228544015095
2079-02-15,1.5448569168788586
2079-02-16,1.3662715076159184
2079-02-17,1.9175631878780874
2079-02-18,1.3944914414719174
2079-02-19,1.2481902065292454
2079-02-20,1.9006255720770682
2079-02-21,1.5232148472935
2079-02-22,1.2239065724549931
2079-02-23,1.0779738458127004
2079-02-24,1.0320069439181174
2079-02-25,1.148302089644734
2079-02-26,1.179852116561761
2079-02-27,1.091736587333105
2079-02-28,1.2445789605873239
2079-03-01,1.1028558813881675
2079-03-02,1.135357238516763
2079-03-03,1.1645647106199293
2079-03-04,1.2372456588847345
2079-03-05,1.6225930494457461
2079-03-06,2.8853573839634796
2079-03-07,8.25361657988868
2079-03-08,3.6719297896597864
2079-03-09,1.8833389491920312
2079-03-10,3.270902343927302
2079-03-11,5.15947563531475
2079-03-12,2.939055708678376
2079-03-13,2.436536537364805
2079-03-14,6.58666373053382
2079-03-15,4.381929320326822
2079-03-16,4.8326687141135904
2079-03-17,2.2724338522650167
2079-03-18,2.122222630389198
2079-03-19,2.156523576079954
2079-03-20,2.174831802214393
2079-03-21,2.1042868880693177
2079-03-22,2.128786668548413
2079-03-23,2.0134184494791283
2079-03-24,1.9970857647558433
2079-03-25,1.950517610678506
2079-03-26,1.7261671615529905
2079-03-27,1.583350412063184
2079-03-28,1.5395556115048898
2079-03-29,1.4939124249006028
2079-03-30,1.5410530252089214
2079-03-31,2.1292729408394813
2079-04-01,2.4897859908916606
2079-04-02,2.9880943034519465
2079-04-03,2.7750128953281354
2079-04-04,2.6316651881650266
2079-04-05,2.245483207687951
2079-04-06,2.7915304483327112
2079-04-07,4.376202629374622
2079-04-08,2.608084332099922
2079-04-09,2.285340210088431
2079-04-10,3.0498383227296584
2079-04-11,2.512545616665429
2079-04-12,2.3446211559128067
2079-04-13,2.281515924212643
2079-04-14,2.585718430569409
2079-04-15,5.038962112257279
2079-04-16,3.6185925625503352
2079-04-17,2.3385169137585717
2079-04-18,2.590377727849517
2079-04-19,4.30654563002243
2079-04-20,2.949657526118863
2079-04-21,2.4770898816896936
2079-04-22,2.4664746207769603
2079-04-23,2.440245907671002
2079-04-24,2.324610578446814
2079-04-25,2.253707880679481
2079-04-26,2.290000851435131
2079-04-27,2.2933220575199273
2079-04-28,2.2847578905501447
2079-04-29,2.486523440012193
2079-04-30,2.426858832067125
2079-05-01,2.7227252295555435
2079-05-02,3.459518344373017
2079-05-03,4.71458052464758
2079-05-04,5.470974771540048
2079-05-05,3.37289814913174
2079-05-06,4.035062225877587
2079-05-07,8.488322132981835
2079-05-08,9.135672359949188
2079-05-09,8.857899034567373
2079-05-10,2.6414865499147173
2079-05-11,3.203764783453008
2079-05-12,2.8090991956532316
2079-05-13,3.1631527301656432
2079-05-14,4.7666865513247805
2079-05-15,6.9140015168838165
2079-05-16,8.797051442061157
2079-05-17,8.035719244530124
2079-05-18,4.115901385665576
2079-05-19,3.224259597213709
2079-05-20,4.925734278429394
2079-05-21,9.30671685728548
2079-05-22,12.164090499055497
2079-05-23,10.556924462451475
2079-05-24,13.24803043633153
2079-05-25,16.257271743152984
2079-05-26,21.199427632108804
2079-05-27,17.579587882871177
2079-05-28,17.407291951862323
2079-05-29,18.45526269781319
2079-05-30,17.58309169352259
2079-05-31,17.16087047653509
2079-06-01,13.04274034027276
2079-06-02,11.393855682632209
2079-06-03,12.33201605645647
2079-06-04,11.941207009038058
2079-06-05,11.798985307487156
2079-06-06,10.06791987911397
2079-06-07,9.187666165080865
2079-06-08,9.990536803651008
2079-06-09,10.611785662721772
2079-06-10,8.811512692987133
2079-06-11,10.018205526357246
2079-06-12,6.6827310736333105
2079-06-13,8.650866767278753
2079-06-14,7.875669296021711
2079-06-15,6.661687221227348
2079-06-16,7.64132515304123
2079-06-17,5.536521898369405
2079-06-18,5.088309033582749
2079-06-19,4.475762594364389
2079-06-20,3.947705153452103
2079-06-21,3.8755246149383527
2079-06-22,4.109971407856471
2079-06-23,3.8179748949364116
2079-06-24,2.833214571782249
2079-06-25,2.6008246430232798
2079-06-26,2.4772061093091122
2079-06-27,2.1589403657078825
2079-06-28,2.0481201914836293
2079-06-29,1.9843108466064165
2079-06-30,1.4727255263166732
2079-07-01,3.0869283139760073
2079-07-02,2.699303010194511
2079-07-03,2.463873315637974
2079-07-04,2.4038004324084077
2079-07-05,2.4466812440518657
2079-07-06,2.4219901642579544
2079-07-07,2.4200715244221045
2079-07-08,2.5325115410744785
2079-07-09,2.443022185805801
2079-07-10,2.3672840806732984
2079-07-11,2.2530556413406626
2079-07-12,2.1649022614993796
2079-07-13,1.9840072663786927
2079-07-14,2.3921490771553016
2079-07-15,1.3384845239410081
2079-07-16,0.8669050188194333
2079-07-17,2.1813796125574902
2079-07-18,0.743715946610165
2079-07-19,0.6679648548677736
2079-07-20,0.621447500936317
2079-07-21,0.5928830586518936
2079-07-22,0.5489470203429914
2079-07-23,0.48819893065630965
2079-07-24,0.42416603268264264
2079-07-25,0.3948130977615562
2079-07-26,0.35418428047544
2079-07-27,0.3209563926370276
2079-07-28,0.2273103492332256
2079-07-29,0.20558435955869464
2079-07-30,0.18538737945369985
2079-07-31,0.16904266688949465
2079-08-01,0.1385659442641343
2079-08-02,0.9529501420638057
2079-08-03,0.11477843855456718
2079-08-04,0.1618030544187145
2079-08-05,0.13235255205662305
2079-08-06,1.0949521433832317
2079-08-07,4.922252972592207
2079-08-08,10.163692917162173
2079-08-09,0.32956325509263695
2079-08-10,0.3311982592237924
2079-08-11,0.31293716631926227
2079-08-12,0.26320556620987917
2079-08-13,0.240385062687421
2079-08-14,1.56900946637844
2079-08-15,0.20426608429135748
2079-08-16,0.19529910586204133
2079-08-17,0.3049164891760968
2079-08-18,0.18416778437619305
2079-08-19,0.14607253693631578
2079-08-20,0.1592490389109552
2079-08-21,0.19503564014165936
2079-08-22,0.1271662365194666
2079-08-23,0.2111461376874656
2079-08-24,0.12060007025802423
2079-08-25,0.192652489966676
2079-08-26,0.07736952452842026
2079-08-27,0.0699516084556155
2079-08-28,0.0638196480647514
2079-08-29,0.05909794714468158
2079-08-30,0.3078937177544051
2079-08-31,0.053236152329917394
2079-09-01,0.022828658358270762
2079-09-02,0.02224580615294904
2079-09-03,0.02185829332043429
2079-09-04,0.021542503766664788
2079-09-05,0.02407018636745119
2079-09-06,0.020988467952474357
2079-09-07,0.02071359765858396
2079-09-08,0.023466119707993397
2079-09-09,0.020208745416356325
2079-09-10,0.01994152560479162
2079-09-11,0.019673269600669722
2079-09-12,0.01940906273429405
2079-09-13,0.019160824573879055
2079-09-14,0.018953145300778473
2079-09-15,0.018776695607235678
2079-09-16,0.01859901057822548
2079-09-17,0.018419567657086917
2079-09-18,0.01825322888178285
2079-09-19,0.018087732420716162
2079-09-20,0.01790271234481654
2079-09-21,0.01769576803123726
2079-09-22,0.01747825714408412
2079-09-23,0.01726331207239258
2079-09-24,0.017051705872000535
2079-09-25,0.016839297886510368
2079-09-26,0.016630018628688552
2079-09-27,0.038824632997012574
2079-09-28,0.016286801449866335
2079-09-29,0.01892928266370052
2079-09-30,0.016168188923361936
2079-10-01,0.06634159997580727
2079-10-02,0.029126979789207582
2079-10-03,0.06220548953251629
2079-10-04,0.02541001723051136
2079-10-05,0.02526907107306424
2079-10-06,0.025182444775776254
2079-10-07,0.025141099409541217
2079-10-08,0.025642007665747348
2079-10-09,0.03224198030853035
2079-10-10,0.02490852141204915
2079-10-11,0.024782523048575256
2079-10-12,0.024653825227674345
2079-10-13,0.024525341764150037
2079-10-14,0.02441704175399451
2079-10-15,0.025015119864016434
2079-10-16,0.024203654906766334
2079-10-17,0.024072246487473095
2079-10-18,0.023941467280283155
2079-10-19,0.02382106291962457
2079-10-20,0.023730839101355504
2079-10-21,0.023677514078671875
2079-10-22,0.023619926547252403
2079-10-23,0.02352088226765333
2079-10-24,0.03165258873123931
2079-10-25,0.02327485801209155
2079-10-26,0.023583719663249417
2079-10-27,0.023040599316221752
2079-10-28,0.052607083782975995
2079-10-29,0.027082462886299466
2079-10-30,0.037675345773439554
2079-10-31,0.03260413280942735
2079-11-01,0.3194444274556435
2079-11-02,0.12848755605468767
2079-11-03,0.025396042542175964
2079-11-04,0.02392128681258534
2079-11-05,0.023606658199207698
2079-11-06,0.11788559530427435
2079-11-07,0.02575207957102223
2079-11-08,0.02352977675264151
2079-11-09,0.02342822741278609
2079-11-10,0.3727123674953933
2079-11-11,0.6214756428826503
2079-11-12,0.045752427808784635
2079-11-13,0.02349971596456592
2079-11-14,0.023361332665288986
2079-11-15,0.023334761651852075
2079-11-16,0.75916104027707
2079-11-17,0.15099781763212908
2079-11-18,0.02354618663836986
2079-11-19,0.023693870365601215
2079-11-20,0.058833096154689866
2079-11-21,1.119042078941304
2079-11-22,3.25743855026057
2079-11-23,5.38383247195043
2079-11-24,1.404316227870815
2079-11-25,1.105703740193023
2079-11-26,0.36575775588606685
2079-11-27,0.28994570282677656
2079-11-28,0.1711818852827328
2079-11-29,0.08084217512696479
2079-11-30,0.13890949125872948
2079-12-01,0.1190959855782843
2079-12-02,0.11887005955754479
2079-12-03,0.2101606018322207
2079-12-04,0.5226476588864724
2079-12-05,0.05582668010161153
2079-12-06,0.22003104343665109
2079-12-07,0.05981148057611261
2079-12-08,0.1778488422724757
2079-12-09,0.17718564020555494
2079-12-10,0.16791100836004916
2079-12-11,0.749850175934336
2079-12-12,0.48698983174915583
2079-12-13,0.09505404642676205
2079-12-14,0.07601102899596057
2079-12-15,0.07866639487991771
2079-12-16,0.10173053072781159
2079-12-17,0.09969755213722206
2079-12-18,0.08140989029604553
2079-12-19,0.10250565948212256
2079-12-20,0.09513556965622828
2079-12-21,0.07986593935604304
2079-12-22,0.08114381861702724
2079-12-23,0.08674169723384083
2079-12-24,0.07973406951401293
2079-12-25,0.08069705196850345
2079-12-26,0.08980572300348817
2079-12-27,0.3329286138856267
2079-12-28,0.7469647952549331
2079-12-29,0.34755503851682323
2079-12-30,0.2327768469294451
2079-12-31,0.6718388796846873
2080-01-01,0.04514075641378129
2080-01-02,0.038685524811990626
2080-01-03,0.03494054011703579
2080-01-04,0.16152600826064878
2080-01-05,0.2486108636267783
2080-01-06,0.06864572517019127
2080-01-07,0.16409871713876548
2080-01-08,0.10238166650358836
2080-01-09,0.10500815684887171
2080-01-10,0.27198030398504197
2080-01-11,0.1316517902639058
2080-01-12,0.060651855790379766
2080-01-13,0.06236747455381381
2080-01-14,0.0790076253985018
2080-01-15,0.15481063999780073
2080-01-16,0.07180714625444413
2080-01-17,0.10899824634887474
2080-01-18,0.26019904109778436
2080-01-19,0.45516273875636293
2080-01-20,0.9414680994555698
2080-01-21,0.39214122851033023
2080-01-22,0.29173675343177347
2080-01-23,0.30183971110711
2080-01-24,0.3032633522503224
2080-01-25,0.3607634607665236
2080-01-26,0.3733378093090477
2080-01-27,0.35696522634012806
2080-01-28,0.46730112598590023
2080-01-29,0.5651574594727002
2080-01-30,0.44646889978801757
2080-01-31,0.6194234543987857
2080-02-01,2.3663331608938702
2080-02-02,0.8944230484709136
2080-02-03,2.1317671352380265
2080-02-04,14.986330524703353
2080-02-05,21.810258293641404
2080-02-06,5.450465252670912
2080-02-07,1.781099737452965
2080-02-08,1.6169013125867204
2080-02-09,1.5762404160851529
2080-02-10,1.5063606277686175
2080-02-11,1.6261468111785602
2080-02-12,1.4439165983208864
2080-02-13,1.5178052026203293
2080-02-14,3.559051754460283
2080-02-15,3.5641913686225024
2080-02-16,1.6136319988341103
2080-02-17,1.555274503908847
2080-02-18,1.578050709980812
2080-02-19,2.1436356131319165
2080-02-20,2.3163917464937693
2080-02-21,3.000793121966442
2080-02-22,1.7188684438240167
2080-02-23,1.7404461684134351
2080-02-24,1.650620293170722
2080-02-25,1.580231155959072
2080-02-26,1.6016818679803584
2080-02-27,1.5083280624748119
2080-02-28,1.3279857693691335
2080-02-29,1.259912085557953
2080-03-01,1.5063512917472295
2080-03-02,1.9326609384929654
2080-03-03,3.5450829362124754
2080-03-04,1.7295604895867096
2080-03-05,1.8030075076906966
2080-03-06,1.761253968069363
2080-03-07,2.2279701002235925
2080-03-08,3.3711412127787534
2080-03-09,2.161475625823517
2080-03-10,5.206065746848768
2080-03-11,11.745207469240876
2080-03-12,5.866090371413876
2080-03-13,2.8128130866835632
2080-03-14,3.3145625994506642
2080-03-15,3.783814718952033
2080-03-16,6.798868104843856
2080-03-17,2.790632299918456
2080-03-18,2.589520854225465
2080-03-19,2.760113500928631
2080-03-20,2.763115601266388
2080-03-21,2.4867786165873293
2080-03-22,2.5141945009301283
2080-03-23,2.71773969676467
2080-03-24,3.0085484837629224
2080-03-25,3.4249732566310693
2080-03-26,4.243100318247618
2080-03-27,5.226472204616526
2080-03-28,5.523211104410587
2080-03-29,4.388088803232577
2080-03-30,6.07283110188782
2080-03-31,11.988075351852547
2080-04-01,8.958796801979876
2080-04-02,7.676454879318382
2080-04-03,7.9527190651360025
2080-04-04,7.263375440836424
2080-04-05,4.781814656205534
2080-04-06,4.915594068023639
2080-04-07,4.717152902303517
2080-04-08,4.210451557505516
2080-04-09,4.599654632157143
2080-04-10,2.5878013516391563
2080-04-11,3.8680222737594767
2080-04-12,1.8796142352283403
2080-04-13,1.7139142884680443
2080-04-14,1.8103909008812948
2080-04-15,1.832746307424241
2080-04-16,1.8464384325472074
2080-04-17,1.6008230914106663
2080-04-18,1.5117974207167768
2080-04-19,1.50110690004936
2080-04-20,1.4448011152524942
2080-04-21,1.4265397478842443
2080-04-22,1.3250758162018006
2080-04-23,1.301871120224279
2080-04-24,1.1338110742376795
2080-04-25,1.09892241281213
2080-04-26,1.0917380869346793
2080-04-27,1.1671274780899978
2080-04-28,1.230113219519359
2080-04-29,1.1268918164239776
2080-04-30,0.9578007576685872
2080-05-01,1.0401506214405754
2080-05-02,1.2307253544796033
2080-05-03,1.5485522904224407
2080-05-04,1.3093418451407703
2080-05-05,1.536971899081916
2080-05-06,1.7206156737962959
2080-05-07,2.157330712960097
2080-05-08,2.4708904363448325
2080-05-09,3.914381763399681
2080-05-10,4.4535320133112375
2080-05-11,5.949154948872373
2080-05-12,5.543755990483256
2080-05-13,4.951054047688511
2080-05-14,2.7792365505394923
2080-05-15,3.1797311138953024
2080-05-16,4.381476657582238
2080-05-17,2.832517667971587
2080-05-18,2.403197740715504
2080-05-19,2.286675706756058
2080-05-20,2.08461316260107
2080-05-21,2.230558558559911
2080-05-22,2.282295026044737
2080-05-23,2.2900397972495097
2080-05-24,3.1104140034181365
2080-05-25,3.8090722688432095
2080-05-26,4.097886181338194
2080-05-27,3.180682135874362
2080-05-28,3.7386249454957023
2080-05-29,2.381867272319452
2080-05-30,2.7702483431998557
2080-05-31,3.3142914524270997
2080-06-01,2.999105393958518
2080-06-02,1.4981927912321327
2080-06-03,1.3377313981327825
2080-06-04,1.5248580362638215
2080-06-05,1.5564746693969975
2080-06-06,1.4236481346028704
2080-06-07,1.1879591078402756
2080-06-08,2.3515260864313277
2080-06-09,1.608048718849584
2080-06-10,1.5482885423135155
2080-06-11,1.9181433475905123
2080-06-12,1.671492765030241
2080-06-13,1.6273835447331833
2080-06-14,1.4026709933495196
2080-06-15,1.0884258240670714
2080-06-16,1.150346869282201
2080-06-17,1.0092130558105106
2080-06-18,0.9354909936101041
2080-06-19,0.6597654165492884
2080-06-20,0.40226330142452676
2080-06-21,0.3669042792031324
2080-06-22,0.3488702415033678
2080-06-23,0.3465523451868872
2080-06-24,0.3005158581719035
2080-06-25,0.39576927757429387
2080-06-26,0.2593104536008884
2080-06-27,0.26007630323341363
2080-06-28,0.2128860640772231
2080-06-29,0.21889682773048627
2080-06-30,0.17815007903953853
2080-07-01,0.7338274222237264
2080-07-02,1.1869097389001195
2080-07-03,0.9315509666001724
2080-07-04,0.6538338858141387
2080-07-05,0.45245091534911114
2080-07-06,0.752005553732115
2080-07-07,0.3958952002821634
2080-07-08,0.3538695682142312
2080-07-09,0.3086634929148248
2080-07-10,0.28146329917327095
2080-07-11,0.23091245610500105
2080-07-12,0.2321835281775501
2080-07-13,0.17648889008724836
2080-07-14,0.15526598093725047
2080-07-15,0.24460015494637585
2080-07-16,0.12811473158356773
2080-07-17,0.13126863978214043
2080-07-18,0.09163523190593868
2080-07-19,0.0855916774510931
2080-07-20,0.0802460869278092
2080-07-21,0.28503202927728355
2080-07-22,0.3981610126809723
2080-07-23,0.07486128998253253
2080-07-24,0.6284337155970131
2080-07-25,1.300578206718479
2080-07-26,0.071047653331788
2080-07-27,0.0711094768634227
2080-07-28,0.06911817207712621
2080-07-29,0.06699137538351153
2080-07-30,0.06469212877860377
2080-07-31,0.06260134937975574
2080-08-01,0.05553359928115866
2080-08-02,0.05411582479802483
2080-08-03,0.05287520417381168
2080-08-04,0.051607708842921755
2080-08-05,0.050465578749308154
2080-08-06,0.04940415713407153
2080-08-07,0.048417629628882096
2080-08-08,0.047478267189173695
2080-08-09,0.046563221128742525
2080-08-10,0.045658092247638046
2080-08-11,0.04479186995162557
2080-08-12,0.043950810037391805
2080-08-13,0.04312238918502551
2080-08-14,0.05366455602949149
2080-08-15,0.04173337608558921
2080-08-16,0.04109444355565224
2080-08-17,0.04038209776942445
2080-08-18,0.03970644187105181
2080-08-19,0.03908673096885268
2080-08-20,0.04228723368822978
2080-08-21,0.03789002991221096
2080-08-22,0.0372550396757589
2080-08-23,0.061527683300811445
2080-08-24,0.04099142297842672
2080-08-25,0.03580719960715206
2080-08-26,0.03533930234684485
2080-08-27,0.034880104225716
2080-08-28,0.03441088686184661
2080-08-29,0.6182364526746691
2080-08-30,0.08541502082705975
2080-08-31,0.3133978162501283
2080-09-01,0.015460437006412473
2080-09-02,0.014766975057735159
2080-09-03,0.014638030676950346
2080-09-04,0.2521331835118877
2080-09-05,8.06528871138322
2080-09-06,0.6306779540486475
2080-09-07,0.23262254094588736
2080-09-08,0.02091434987223141
2080-09-09,0.021009805421272676
2080-09-10,0.020921658538726684
2080-09-11,0.020735875002556425
2080-09-12,0.02048600854856958
2080-09-13,0.02019951685164649
2080-09-14,0.01989562229295313
2080-09-15,0.019588307384272842
2080-09-16,0.019283799693978837
2080-09-17,0.018985769026522794
2080-09-18,0.018699788162763388
2080-09-19,0.01840444054258778
2080-09-20,0.01809738218736343
2080-09-21,0.017807055754708916
2080-09-22,0.017529203209325817
2080-09-23,0.017257029204360154
2080-09-24,0.017003085647805102
2080-09-25,0.016799038074633257
2080-09-26,0.08985339565691501
2080-09-27,0.016622516480295835
2080-09-28,0.01652571166854007
2080-09-29,0.016392461627483857
2080-09-30,0.01623698804164447
2080-10-01,0.02611021314022678
2080-10-02,0.025811515896748186
2080-10-03,0.02554938819732851
2080-10-04,0.025345453564060504
2080-10-05,0.025175866818909053
2080-10-06,0.025000342311948393
2080-10-07,0.024804089300074633
2080-10-08,0.024599602884305665
2080-10-09,0.02608342223588338
2080-10-10,0.02422021021637855
2080-10-11,0.024038365457906125
2080-10-12,0.02386470674961072
2080-10-13,0.023709018882440563
2080-10-14,0.023565768604570828
2080-10-15,0.023435960878640562
2080-10-16,0.023319411258989807
2080-10-17,0.02321791305721422
2080-10-18,0.023143392885513314
2080-10-19,0.023083939487708097
2080-10-20,0.025881856411021347
2080-10-21,0.6363911723325376
2080-10-22,0.06076182843622235
2080-10-23,0.03358624658602113
2080-10-24,0.02794180047207967
2080-10-25,0.07718750722539325
2080-10-26,0.05838011575512252
2080-10-27,0.028793424972320177
2080-10-28,0.022840116112413704
2080-10-29,0.23221351975714244
2080-10-30,0.20779263549688753
2080-10-31,0.022793678466424907
2080-11-01,0.030758290254472638
2080-11-02,0.029786361759117745
2080-11-03,0.02392097638745569
2080-11-04,0.3224319768428049
2080-11-05,0.024156472191790263
2080-11-06,0.023923501051567656
2080-11-07,0.02392715332915318
2080-11-08,0.030106244914565764
2080-11-09,0.02620656996757793
2080-11-10,0.023893673541663142
2080-11-11,0.02386691183904403
2080-11-12,0.02681716728714817
2080-11-13,0.026852242412856442
2080-11-14,0.02382684839235677
2080-11-15,0.08649151356798059
2080-11-16,0.06224197290353825
2080-11-17,0.028572973629891293
2080-11-18,0.046732410767927356
2080-11-19,0.029602699904413207
2080-11-20,0.23613791752838045
2080-11-21,0.040879584085698056
2080-11-22,0.02697218796333298
2080-11-23,0.051046484017875295
2080-11-24,0.028783853669184824
2080-11-25,0.046534247617450064
2080-11-26,0.03126571592992027
2080-11-27,0.029537436744753124
2080-11-28,0.03192105496962517
2080-11-29,0.02689580904006868
2080-11-30,0.024240999432992173
2080-12-01,0.02568013555548804
2080-12-02,0.028986836584549223
2080-12-03,0.02578615116454316
2080-12-04,0.5399543379449987
2080-12-05,0.4208158783229936
2080-12-06,0.5126558446421479
2080-12-07,0.17125829481652013
2080-12-08,0.11126909727425664
2080-12-09,0.0992935794670364
2080-12-10,0.09194591555046144
2080-12-11,0.037850865149400996
2080-12-12,0.03929730473594618
2080-12-13,0.04338341344912352
2080-12-14,0.1688769793108506
2080-12-15,0.11519573786531974
2080-12-16,0.03649931956370702
2080-12-17,0.03388562969052966
2080-12-18,0.033415855650470824
2080-12-19,0.03455793774830468
2080-12-20,0.034464052968199724
2080-12-21,0.04150358518393363
2080-12-22,0.034456798499601225
2080-12-23,0.04587781156793465
2080-12-24,0.038133568321590504
2080-12-25,0.04773389433446676
2080-12-26,0.03361884357974204
2080-12-27,0.030147611417613244
2080-12-28,0.030155365182758492
2080-12-29,0.03066629703557887
2080-12-30,0.03898410167842142
2080-12-31,0.032327670388390704
2081-01-01,0.014437031434939959
2081-01-02,0.016345432712628002
2081-01-03,0.0193105195542377
2081-01-04,0.032263269500230014
2081-01-05,0.06937039513427434
2081-01-06,0.024483568178488006
2081-01-07,0.019868874447306763
2081-01-08,0.016035921816290266
2081-01-09,0.01873032187254823
2081-01-10,0.03295063745739703
2081-01-11,0.017283686760110564
2081-01-12,0.014917742990912275
2081-01-13,0.01337958990061462
2081-01-14,0.013570211989554421
2081-01-15,0.013973298514772662
2081-01-16,0.01409848380761734
2081-01-17,0.016967530170817032
2081-01-18,0.02093116946269853
2081-01-19,0.024689875196470954
2081-01-20,0.02256163393578319
2081-01-21,0.022604813634026565
2081-01-22,0.029413877420193208
2081-01-23,0.14337849619675672
2081-01-24,0.41317386635199316
2081-01-25,0.35664721350601764
2081-01-26,0.035458823229864225
2081-01-27,0.04089402156102987
2081-01-28,0.046566143497375166
2081-01-29,0.055484279631359316
2081-01-30,0.051060722896189736
2081-01-31,0.05675081868593536
2081-02-01,0.10152238808167921
2081-02-02,0.11700924797063234
2081-02-03,0.030323728197469528
2081-02-04,0.0764924009174964
2081-02-05,0.04086764211631775
2081-02-06,0.02842219787469365
2081-02-07,0.06568455804750793
2081-02-08,0.16140966143040636
2081-02-09,0.18955064837237529
2081-02-10,0.12027032963929526
2081-02-11,0.1267096335236833
2081-02-12,0.10952263839301805
2081-02-13,0.16726065128607975
2081-02-14,0.053493087456895995
2081-02-15,0.14491224565880514
2081-02-16,0.365614303950316
2081-02-17,0.4155595681638152
2081-02-18,0.39875602400700805
2081-02-19,0.16328645925011254
2081-02-20,0.1576800962911152
2081-02-21,0.40540425619984854
2081-02-22,0.2615555676053612
2081-02-23,0.2556946189448649
2081-02-24,0.15776453655402914
2081-02-25,0.23329337495424163
2081-02-26,0.5217833421189074
2081-02-27,0.7129988225354134
2081-02-28,1.4269511667206132
2081-03-01,1.285074002747376
2081-03-02,1.267506884043173
2081-03-03,0.7156816377201931
2081-03-04,0.4387630545226576
2081-03-05,0.46672881657805926
2081-03-06,0.38456665677705626
2081-03-07,0.38911493373662565
2081-03-08,0.3875249966412696
2081-03-09,0.3791918555136086
2081-03-10,0.4887964061293758
2081-03-11,0.6839604102688143
2081-03-12,0.7101114827673289
2081-03-13,0.580987562051552
2081-03-14,0.5656897389182051
2081-03-15,0.4745324931049667
2081-03-16,0.5510437425569419
2081-03-17,0.6231274120287804
2081-03-18,0.5966096361019649
2081-03-19,0.8926118702117425
2081-03-20,0.9401628363171782
2081-03-21,0.581630690615191
2081-03-22,0.7228036455578589
2081-03-23,0.5383404945323087
2081-03-24,0.4852361729985155
2081-03-25,0.4396034734303246
2081-03-26,0.40540840514946924
2081-03-27,0.37510230848586706
2081-03-28,0.35759178732327096
2081-03-29,0.3264834061485208
2081-03-30,0.30188736695852064
2081-03-31,0.27446905212943423
2081-04-01,0.2909579180173085
2081-04-02,0.24999679396854638
2081-04-03,0.21207032263400746
2081-04-04,0.17766069763421755
2081-04-05,0.14621559573474951
2081-04-06,0.12040081396300656
2081-04-07,0.09978352679844434
2081-04-08,0.08466236288918223
2081-04-09,0.08114748567622541
2081-04-10,0.06698090703423872
2081-04-11,0.05931061280405925
2081-04-12,0.05292246905490643
2081-04-13,0.04845502460300081
2081-04-14,0.04446393848876524
2081-04-15,0.1421505930488311
2081-04-16,0.03996526283978037
2081-04-17,0.0376303787562914
2081-04-18,0.034980709953241644
2081-04-19,0.032606075126235166
2081-04-20,0.03067099989051125
2081-04-21,0.029228238615247946
2081-04-22,0.028711128210076743
2081-04-23,0.028120760450478344
2081-04-24,0.02719087958153385
2081-04-25,0.027398677511442152
2081-04-26,0.025709600726638103
2081-04-27,0.025121197765975968
2081-04-28,0.03960968516785346
2081-04-29,0.02659415620687327
2081-04-30,0.025142097645814983
2081-05-01,0.02787718124941344
2081-05-02,0.024519192188168795
2081-05-03,0.02432798039178481
2081-05-04,0.023560591013811305
2081-05-05,0.02342880100538888
2081-05-06,0.02327807879946291
2081-05-07,0.023276510206075757
2081-05-08,0.02571957842599806
2081-05-09,0.022676139651025037
2081-05-10,0.02248107178992483
2081-05-11,0.02215855551608401
2081-05-12,0.023316207964272084
2081-05-13,0.09096903572766711
2081-05-14,0.021338974343791242
2081-05-15,0.042503549282290484
2081-05-16,0.023325237539969814
2081-05-17,0.020947182291672826
2081-05-18,0.02084395176398558
2081-05-19,0.020809622881708418
2081-05-20,0.020693000469228912
2081-05-21,0.020553165437253752
2081-05-22,0.020350866932696332
2081-05-23,0.020207523754381337
2081-05-24,0.028592289849238797
2081-05-25,0.019693282450990664
2081-05-26,0.01940573079861054
2081-05-27,0.018751430309631178
2081-05-28,0.029398844195087905
2081-05-29,0.018166377460613385
2081-05-30,0.017883026216249907
2081-05-31,0.017617224775380164
2081-06-01,0.01507224165529559
2081-06-02,0.014826985193086013
2081-06-03,0.014540693127555054
2081-06-04,0.014214927045171515
2081-06-05,0.01387434553414776
2081-06-06,0.013534003978636841
2081-06-07,0.013212929435313832
2081-06-08,0.012914950501445905
2081-06-09,0.012643818449514396
2081-06-10,0.012387494089342341
2081-06-11,0.012129165926662237
2081-06-12,0.011864423202128207
2081-06-13,0.011596481428021749
2081-06-14,0.0113355323472651
2081-06-15,0.011094298027910236
2081-06-16,0.01692799384762803
2081-06-17,0.010685876347060648
2081-06-18,0.01798376789942401
2081-06-19,0.010329210316031788
2081-06-20,0.01017493892133866
2081-06-21,0.010038828608411963
2081-06-22,0.009907510011605452
2081-06-23,0.009778397707435623
2081-06-24,0.00966405591179113
2081-06-25,0.009582209050557457
2081-06-26,0.009489390808042023
2081-06-27,0.009411736133935412
2081-06-28,0.00933698836461796
2081-06-29,0.009267042348109872
2081-06-30,0.009202729439581978
2081-07-01,0.029987554468093657
2081-07-02,0.029811272993606707
2081-07-03,0.029622802329160793
2081-07-04,0.029434003204654596
2081-07-05,0.029253611722324036
2081-07-06,0.02909055266022744
2081-07-07,0.02894923053831249
2081-07-08,0.028826947703250345
2081-07-09,0.02872052107076955
2081-07-10,0.02863467797530556
2081-07-11,0.028564637419194478
2081-07-12,0.02849826877464427
2081-07-13,0.028432196265863897
2081-07-14,0.02836652362582562
2081-07-15,0.028304398873214294
2081-07-16,0.02825164631627329
2081-07-17,0.028207443343394194
2081-07-18,0.028165603427694093
2081-07-19,0.028124995062205928
2081-07-20,0.0280886786249383
2081-07-21,0.02805704386544163
2081-07-22,0.028028999412019643
2081-07-23,0.02800269935579209
2081-07-24,0.044555400504890326
2081-07-25,0.03619840028313661
2081-07-26,0.05858512874572461
2081-07-27,0.45933909155880914
2081-07-28,0.027969190316733863
2081-07-29,0.0322022567391144
2081-07-30,0.07006601177097822
2081-07-31,0.07436243801826145
2081-08-01,0.06433146056674502
2081-08-02,0.311751034724442
2081-08-03,0.025860789950736096
2081-08-04,0.11159574899436088
2081-08-05,0.025416876901443466
2081-08-06,0.09623493663424014
2081-08-07,0.025405751694359775
2081-08-08,0.0854283061912262
2081-08-09,0.02555193663062798
2081-08-10,0.025459432194300913
2081-08-11,0.12793626890914464
2081-08-12,0.025368181158597264
2081-08-13,0.02535031366974567
2081-08-14,0.03173212737464208
2081-08-15,0.025336119142855874
2081-08-16,0.02532900339472078
2081-08-17,0.025321730776778708
2081-08-18,0.02536022642387104
2081-08-19,0.02530707717522194
2081-08-20,0.025299720444383687
2081-08-21,0.25502650193210175
2081-08-22,0.02528664253977842
2081-08-23,0.0267059093191988
2081-08-24,0.07719116103567632
2081-08-25,0.039699206802774896
2081-08-26,0.07465220422205648
2081-08-27,0.056749951264084886
2081-08-28,0.08368188783585552
2081-08-29,0.03844989573939553
2081-08-30,0.02523686269328793
2081-08-31,0.02523064672684564
2081-09-01,0.011222823294718244
2081-09-02,0.011220057669751517
2081-09-03,0.0112172921476776
2081-09-04,0.011214526984151763
2081-09-05,0.011211761792219329
2081-09-06,0.01120899708571536
2081-09-07,0.014242675728499748
2081-09-08,0.011203468743299846
2081-09-09,0.13582370914480107
2081-09-10,0.06041917684738118
2081-09-11,0.05701735846003274
2081-09-12,0.011192745482517112
2081-09-13,0.10479760150547375
2081-09-14,0.011188185390407264
2081-09-15,0.011186161314536997
2081-09-16,0.011184137347872183
2081-09-17,0.011182032502203917
2081-09-18,0.011179828221429773
2081-09-19,0.05516307814986374
2081-09-20,0.011175172991735876
2081-09-21,0.09527760501785021
2081-09-22,0.013233580314841672
2081-09-23,0.014316652775168378
2081-09-24,0.016070063653270225
2081-09-25,0.02672402909472769
2081-09-26,0.011264046620663664
2081-09-27,0.014727531939089183
2081-09-28,0.01135314351682315
2081-09-29,0.012220028857323505
2081-09-30,0.012489692987833461
2081-10-01,0.018219946083485157
2081-10-02,0.018122033969297253
2081-10-03,0.018118122784701984
2081-10-04,0.01811408996884291
2081-10-05,0.01810997612088218
2081-10-06,0.018105834292252328
2081-10-07,0.01810168812441213
2081-10-08,0.02616351073836552
2081-10-09,0.01809359469876793
2081-10-10,0.01885287655760734
2081-10-11,0.01808511149428793
2081-10-12,0.018080985484432512
2081-10-13,0.018076816722740457
2081-10-14,0.024498486512474202
2081-10-15,0.018246443450390035
2081-10-16,0.03429934909728989
2081-10-17,0.018079487776761032
2081-10-18,0.0180558765990072
2081-10-19,0.018051671501434514
2081-10-20,0.018047445885730394
2081-10-21,0.16080622156722763
2081-10-22,0.018039012693491407
2081-10-23,0.01803478807614413
2081-10-24,0.018276640450789913
2081-10-25,0.018026328160159547
2081-10-26,0.018022085366150475
2081-10-27,0.01801782936058651
2081-10-28,0.018013561358323365
2081-10-29,0.036774393745267475
2081-10-30,0.020696093321706435
2081-10-31,0.018000772928157834
2081-11-01,0.01892254674748277
2081-11-02,0.018918063963056304
2081-11-03,0.01891358420806172
2081-11-04,0.01963596771914063
2081-11-05,0.05126707335170512
2081-11-06,0.09551947761287452
2081-11-07,0.8864324238552076
2081-11-08,0.0573835516527213
2081-11-09,0.018916787015174737
2081-11-10,0.01893919019835937
2081-11-11,0.01895984051930775
2081-11-12,0.018978381583840742
2081-11-13,0.018995037254938254
2081-11-14,0.019009876910704906
2081-11-15,0.021017530828682355
2081-11-16,0.01903776178190371
2081-11-17,0.02580025730631555
2081-11-18,0.019053010964513954
2081-11-19,0.019060882705403803
2081-11-20,0.019068547145937812
2081-11-21,0.01907552673297622
2081-11-22,0.01908178044619058
2081-11-23,0.019087625116968137
2081-11-24,0.019093147494102056
2081-11-25,0.019098301154343498
2081-11-26,0.5806183953574369
2081-11-27,0.4080879725945386
2081-11-28,1.2141099444734698
2081-11-29,0.2478094785320875
2081-11-30,0.6398822356155875
2081-12-01,2.6711723026715646
2081-12-02,40.365363254329125
2081-12-03,7.693442107624981
2081-12-04,0.3452099519051902
2081-12-05,0.44819971400722963
2081-12-06,0.07144205675143703
2081-12-07,0.056266087361137376
2081-12-08,0.06661008130900338
2081-12-09,0.0813087439150567
2081-12-10,0.18933873968238568
2081-12-11,1.8648517270014202
2081-12-12,1.7105550157034612
2081-12-13,0.07320045894395022
2081-12-14,0.06828506159542805
2081-12-15,0.08425760295550556
2081-12-16,0.09624615889881427
2081-12-17,0.09435243873505306
2081-12-18,0.5264632449267053
2081-12-19,0.44702056067275237
2081-12-20,0.07219626233072639
2081-12-21,0.11652715684092127
2081-12-22,0.1200081505980148
2081-12-23,0.27480774394811813
2081-12-24,0.3652832413287199
2081-12-25,0.21589419242428964
2081-12-26,0.18553105198676278
2081-12-27,0.22839354039199938
2081-12-28,0.22112964973107105
2081-12-29,0.2179376973169255
2081-12-30,0.22042198179488107
2081-12-31,0.21775633424582833
2082-01-01,0.07761073404080593
2082-01-02,0.07720581295515011
2082-01-03,0.07578292684714595
2082-01-04,0.08825821682542244
2082-01-05,0.0841514039901503
2082-01-06,0.10313461364617067
2082-01-07,0.08794061873615722
2082-01-08,0.07669252398320489
2082-01-09,0.2122293823304927
2082-01-10,1.076944046329898
2082-01-11,0.7883134096645973
2082-01-12,0.948578876754408
2082-01-13,0.8703827466177082
2082-01-14,1.4635895636478182
2082-01-15,3.413996652007293
2082-01-16,2.423951724961005
2082-01-17,7.924196740941986
2082-01-18,4.728357613344324
2082-01-19,1.4731244177898357
2082-01-20,1.0798153484645836
2082-01-21,1.0885944272624553
2082-01-22,1.0973826413219232
2082-01-23,1.022522191273679
2082-01-24,1.022544076837542
2082-01-25,0.9650484173196002
2082-01-26,0.9244881446570582
2082-01-27,0.9170251888440845
2082-01-28,1.6047721414296288
2082-01-29,1.9152172905534603
2082-01-30,2.331772150038097
2082-01-31,4.48196832283618
2082-02-01,9.882614806497909
2082-02-02,17.8146457042729
2082-02-03,15.599444401753141
2082-02-04,6.958115730308932
2082-02-05,2.3784371440700545
2082-02-06,1.57232238837302
2082-02-07,2.040743088823628
2082-02-08,1.6728311189916087
2082-02-09,1.6374941426790117
2082-02-10,4.26460325369644
2082-02-11,3.587556296458455
2082-02-12,2.0591084363373993
2082-02-13,2.887810775458459
2082-02-14,2.754400292377278
2082-02-15,5.919513200274245
2082-02-16,2.4165785999039815
2082-02-17,1.687255688240113
2082-02-18,1.8708957745097818
2082-02-19,1.9294872545505342
2082-02-20,2.175022261675253
2082-02-21,5.4549509722490255
2082-02-22,5.622209915161585
2082-02-23,2.3927454437831743
2082-02-24,1.937296422056474
2082-02-25,1.885971710600709
2082-02-26,1.8884709179171544
2082-02-27,2.0665598644824192
2082-02-28,2.019229893928474
2082-03-01,2.2372798186276994
2082-03-02,2.1103123219454765
2082-03-03,1.9880792170653976
2082-03-04,1.913336416267572
2082-03-05,1.9445705931743766
2082-03-06,1.9109212555785524
2082-03-07,1.9893008576946094
2082-03-08,1.9668990563511928
2082-03-09,1.9936972436143336
2082-03-10,1.950737835160748
2082-03-11,2.455020491182537
2082-03-12,3.5090908278232495
2082-03-13,6.405828334063392
2082-03-14,3.8608165094674702
2082-03-15,4.912435256659531
2082-03-16,7.017888220802461
2082-03-17,7.145303129915757
2082-03-18,3.694526247460677
2082-03-19,2.339030464750276
2082-03-20,2.105022761604435
2082-03-21,2.071147506428736
2082-03-22,2.041802859518977
2082-03-23,2.1700271172296937
2082-03-24,1.9882874456612205
2082-03-25,1.9726920454258425
2082-03-26,1.9554372910313687
2082-03-27,1.7715787864060697
2082-03-28,1.6252846076824852
2082-03-29,1.5603279709747278
2082-03-30,1.492918026289851
2082-03-31,1.4632719203660776
2082-04-01,1.5624757253522708
2082-04-02,1.4749059291350832
2082-04-03,1.5681520142783514
2082-04-04,2.0796178811903943
2082-04-05,3.2498275380237707
2082-04-06,3.598110457669624
2082-04-07,5.131092463405045
2082-04-08,5.1783232979242575
2082-04-09,7.701916428594967
2082-04-10,6.716937269326807
2082-04-11,12.344320750077879
2082-04-12,10.163850797406011
2082-04-13,5.343698144061668
2082-04-14,4.5748001224248975
2082-04-15,4.804035506950458
2082-04-16,5.793464780443201
2082-04-17,7.627868384075281
2082-04-18,9.732327860514873
2082-04-19,6.47940709691
2082-04-20,5.046453274513827
2082-04-21,3.3026700833516593
2082-04-22,3.1987933053610034
2082-04-23,5.082119580668743
2082-04-24,7.012936990531397
2082-04-25,7.480562796951544
2082-04-26,4.908944933807616
2082-04-27,6.994128346236323
2082-04-28,7.643219676123359
2082-04-29,9.610895060117972
2082-04-30,7.033524197363039
2082-05-01,5.559206481091924
2082-05-02,2.8922213668646997
2082-05-03,2.2385122666789825
2082-05-04,2.0469251384516305
2082-05-05,2.4095020967353817
2082-05-06,2.861201731140386
2082-05-07,5.166845817868046
2082-05-08,7.105885447754042
2082-05-09,6.952117047132607
2082-05-10,5.478479827357591
2082-05-11,2.1436317224571626
2082-05-12,1.915399364571962
2082-05-13,2.271202374454733
2082-05-14,3.131585772983306
2082-05-15,4.485128030786799
2082-05-16,7.542006198774215
2082-05-17,7.1893505806433
2082-05-18,5.728128898788902
2082-05-19,4.998895072680388
2082-05-20,2.930897451109841
2082-05-21,2.032663840091908
2082-05-22,2.148925594136302
2082-05-23,3.5934014528021345
2082-05-24,6.025641417865239
2082-05-25,7.743880399585956
2082-05-26,7.678656439862493
2082-05-27,5.2302001294836264
2082-05-28,5.76659880133497
2082-05-29,6.525933841899024
2082-05-30,5.185440045664373
2082-05-31,3.410233901143943
2082-06-01,3.7492530847689634
2082-06-02,4.4766605792277385
2082-06-03,4.557876728560531
2082-06-04,3.3777138486977947
2082-06-05,3.1188730028397327
2082-06-06,3.55933614102861
2082-06-07,3.7217287321680934
2082-06-08,3.7707877399984473
2082-06-09,2.8210486336307974
2082-06-10,2.431836616743003
2082-06-11,2.5157870867430434
2082-06-12,2.164718742211028
2082-06-13,2.2146833323792197
2082-06-14,1.86908012842371
2082-06-15,1.6231115280906983
2082-06-16,1.671847248414367
2082-06-17,1.3773123523555462
2082-06-18,1.1565121631087836
2082-06-19,0.7515894243585067
2082-06-20,0.9269814968289303
2082-06-21,0.7775607465549034
2082-06-22,0.5240585845770482
2082-06-23,0.495486490571814
2082-06-24,0.4790003759474936
2082-06-25,0.46532870009929234
2082-06-26,0.36954238917477544
2082-06-27,0.31315478963320426
2082-06-28,0.2737722761388214
2082-06-29,0.24147704323129537
2082-06-30,0.21469116505087155
2082-07-01,0.6193565338908019
2082-07-02,0.5561420449847888
2082-07-03,0.49088778785724907
2082-07-04,0.4451179674526558
2082-07-05,0.35714655180613936
2082-07-06,0.2578516008400743
2082-07-07,0.22366383233707066
2082-07-08,0.21277899612115694
2082-07-09,0.17417529722339656
2082-07-10,0.15189304693736133
2082-07-11,0.1354633791587833
2082-07-12,0.12167335488212785
2082-07-13,0.10947790095444146
2082-07-14,0.1349733404456948
2082-07-15,0.0926896589161612
2082-07-16,0.12359101577966321
2082-07-17,0.0828403894552301
2082-07-18,0.08091212507259624
2082-07-19,0.0801610833449736
2082-07-20,0.07885738961152823
2082-07-21,0.0927408011400671
2082-07-22,0.05815795400781984
2082-07-23,0.15165913202025494
2082-07-24,0.4717364200987545
2082-07-25,0.405341764959204
2082-07-26,1.4207403186824603
2082-07-27,2.478538360110206
2082-07-28,2.8032599740766315
2082-07-29,0.0708555984321634
2082-07-30,0.07465562809465497
2082-07-31,0.0728075094912966
2082-08-01,0.06364407694565379
2082-08-02,0.06012939139899123
2082-08-03,0.05856621335200422
2082-08-04,0.9281263510306742
2082-08-05,0.053926525750539404
2082-08-06,0.05218446192484326
2082-08-07,0.05059413047423222
2082-08-08,0.049238878891003174
2082-08-09,0.04794063804279026
2082-08-10,0.2871317395151364
2082-08-11,0.045952122660698654
2082-08-12,5.706036380934573
2082-08-13,0.05220868906514005
2082-08-14,0.05654403187434885
2082-08-15,0.05640742512760997
2082-08-16,0.05454094327643898
2082-08-17,0.05243643690279719
2082-08-18,0.05097375416625282
2082-08-19,0.10388630674740873
2082-08-20,0.07521568738474997
2082-08-21,0.13185483551825702
2082-08-22,0.04708749172324849
2082-08-23,0.044953114072940836
2082-08-24,0.04419330975752821
2082-08-25,0.0442070035257352
2082-08-26,0.09932379489970619
2082-08-27,0.04255058842952426
2082-08-28,0.04206244138067664
2082-08-29,0.041494533181597154
2082-08-30,0.04090729498201317
2082-08-31,0.04028686201703108
2082-09-01,0.10746266785243662
2082-09-02,0.01745636272772043
2082-09-03,0.10316450926112226
2082-09-04,0.04813183408338032
2082-09-05,0.11323324031373246
2082-09-06,0.017037172416430917
2082-09-07,0.018532081047864673
2082-09-08,0.03314173615537231
2082-09-09,0.01671059573179445
2082-09-10,0.016535861422916284
2082-09-11,0.016370735168592318
2082-09-12,0.016209882500307842
2082-09-13,0.016055926193360017
2082-09-14,0.015912912401597375
2082-09-15,0.015766058754699237
2082-09-16,0.015631080204114748
2082-09-17,0.019558848151324026
2082-09-18,0.015408472473996598
2082-09-19,0.0178788263541679
2082-09-20,0.015196104756309196
2082-09-21,0.016606145617085233
2082-09-22,0.13822453072854607
2082-09-23,0.014878228633963634
2082-09-24,0.014760642730960687
2082-09-25,0.01463738214192725
2082-09-26,0.014513219837792439
2082-09-27,0.01439040393430344
2082-09-28,0.014271476188880734
2082-09-29,0.014152532282933589
2082-09-30,0.014030305148744007
2082-10-01,0.022623561645084406
2082-10-02,0.022472969644775694
2082-10-03,0.022339241337587905
2082-10-04,0.0785272656928401
2082-10-05,0.022169660840119905
2082-10-06,0.6501096549562315
2082-10-07,0.05925459666301776
2082-10-08,0.025699990278681563
2082-10-09,0.02196210199495922
2082-10-10,0.021875013217319127
2082-10-11,0.021774774618694225
2082-10-12,0.021690303681525355
2082-10-13,0.0216253270780541
2082-10-14,0.021577316028832828
2082-10-15,0.033838204578159024
2082-10-16,0.7782859776142944
2082-10-17,0.682499875401019
2082-10-18,0.02175392882378002
2082-10-19,0.02195744322781647
2082-10-20,0.023053122275807233
2082-10-21,0.02218828995446046
2082-10-22,0.022245449611469903
2082-10-23,0.02227071756602863
2082-10-24,0.022278632422260646
2082-10-25,0.030366321648846284
2082-10-26,0.02231636018751153
2082-10-27,0.022349257277391992
2082-10-28,0.022384005832898728
2082-10-29,0.022413404136522527
2082-10-30,0.02242546270523228
2082-10-31,0.022422783930106206
2082-11-01,0.02410917259706585
2082-11-02,0.023553683904504297
2082-11-03,0.023838180300793734
2082-11-04,0.02350924360643172
2082-11-05,0.02348357993824228
2082-11-06,0.02343417897355174
2082-11-07,0.024153150037119403
2082-11-08,0.02333419576076307
2082-11-09,0.030649768992862998
2082-11-10,0.023258135926935677
2082-11-11,0.02320402590143361
2082-11-12,0.023143254520638007
2082-11-13,0.023153585146605822
2082-11-14,0.023055841933764365
2082-11-15,0.09590438514116391
2082-11-16,0.023119867233636942
2082-11-17,0.02303295460885607
2082-11-18,0.023032574925374968
2082-11-19,0.02303275502125414
2082-11-20,0.023033274066183055
2082-11-21,0.02606386545576608
2082-11-22,0.02303994477840961
2082-11-23,0.02611963555202906
2082-11-24,0.02508991347210644
2082-11-25,0.040013817193735805
2082-11-26,0.05969559667539865
2082-11-27,0.10587665743243863
2082-11-28,0.1579951938522954
2082-11-29,0.04012137477862103
2082-11-30,0.03978328678896807
2082-12-01,0.09284022558518774
2082-12-02,0.05668682391013242
2082-12-03,0.18822918640204972
2082-12-04,0.12755084101938
2082-12-05,0.9909376434385259
2082-12-06,0.6469338507389433
2082-12-07,0.0705408795844355
2082-12-08,0.05691967537597606
2082-12-09,0.08150894836470937
2082-12-10,0.1871917664318764
2082-12-11,0.18943980979540065
2082-12-12,0.16941993596097146
2082-12-13,0.16967262511996706
2082-12-14,0.18229261446734688
2082-12-15,0.18176271809901812
2082-12-16,0.11702237865584547
2082-12-17,0.14512297663949442
2082-12-18,0.1898771472148542
2082-12-19,0.292971966768172
2082-12-20,0.34637202262712796
2082-12-21,0.15270332766427297
2082-12-22,0.11732922737168054
2082-12-23,0.1130081330204643
2082-12-24,0.3997767002210848
2082-12-25,0.27839426412711743
2082-12-26,0.18687069208630225
2082-12-27,0.9193251891335271
2082-12-28,1.967443357483221
2082-12-29,1.0335242922388388
2082-12-30,0.28878287223142485
2082-12-31,0.10501784213634721
2083-01-01,0.053543099248912665
2083-01-02,0.04441902992963899
2083-01-03,0.02217562760855529
2083-01-04,0.017089552608819173
2083-01-05,0.1376694681495048
2083-01-06,1.4628359210261734
2083-01-07,2.6291245107370953
2083-01-08,2.7235077539515804
2083-01-09,1.8820176349409024
2083-01-10,0.2884106155265087
2083-01-11,0.2573824772133668
2083-01-12,0.33718939125170083
2083-01-13,0.2863314380786838
2083-01-14,0.29423904561783826
2083-01-15,0.3076427735931831
2083-01-16,0.29461030108885644
2083-01-17,0.2815037399150153
2083-01-18,0.27648230348472286
2083-01-19,0.8497230680154189
2083-01-20,1.044176072383339
2083-01-21,0.8849362287230901
2083-01-22,1.9948072171650886
2083-01-23,3.236412895104016
2083-01-24,2.652451395312318
2083-01-25,1.1891835653572225
2083-01-26,3.0405238849431937
2083-01-27,4.897371642040282
2083-01-28,3.7293587110232838
2083-01-29,5.139802937549886
2083-01-30,5.304112388014099
2083-01-31,5.274300647226264
2083-02-01,2.296558560846073
2083-02-02,1.2595150123485812
2083-02-03,1.3922223940858953
2083-02-04,1.6644852019757865
2083-02-05,1.5280805027466173
2083-02-06,1.500500594614248
2083-02-07,2.6051826632856683
2083-02-08,1.6373904451230759
2083-02-09,1.0717235481465621
2083-02-10,1.480998610017691
2083-02-11,1.3792422852893638
2083-02-12,1.1176864362206438
2083-02-13,1.2159533121673305
2083-02-14,1.054479448338071
2083-02-15,1.109921852419517
2083-02-16,1.5136160185863763
2083-02-17,2.156406138608489
2083-02-18,4.206975405692015
2083-02-19,4.281157490118356
2083-02-20,3.9812071065926724
2083-02-21,2.1289187796291102
2083-02-22,4.630887601831196
2083-02-23,8.38046355404048
2083-02-24,3.170928819986557
2083-02-25,2.3971846399787897
2083-02-26,2.338453504872867
2083-02-27,2.297851933500697
2083-02-28,3.79537523068763
2083-03-01,2.5105328414215258
2083-03-02,3.1926967410972185
2083-03-03,2.5470748989768586
2083-03-04,5.763321023773361
2083-03-05,5.161226709257183
2083-03-06,2.233387829234076
2083-03-07,2.077334156965049
2083-03-08,2.132516443119382
2083-03-09,1.9791184982050514
2083-03-10,1.888930211312857
2083-03-11,1.9702913461132348
2083-03-12,1.8134571658653937
2083-03-13,1.8638335984372794
2083-03-14,1.7126372863204418
2083-03-15,1.7434038927490418
2083-03-16,3.350360587878654
2083-03-17,4.876475917758662
2083-03-18,2.3964103438114983
2083-03-19,2.1961378494231436
2083-03-20,3.534205299037609
2083-03-21,3.157594577980096
2083-03-22,2.2568065447733914
2083-03-23,2.2028973583180234
2083-03-24,2.1801280909857006
2083-03-25,2.139071384043922
2083-03-26,2.2278177943710453
2083-03-27,2.1705637027415587
2083-03-28,2.0406433658459355
2083-03-29,1.9792604127832274
2083-03-30,2.138784980552343
2083-03-31,2.278390708404087
2083-04-01,2.476748942379495
2083-04-02,3.1636285151126864
2083-04-03,3.425477840654899
2083-04-04,3.4286229807581345
2083-04-05,2.296206422703046
2083-04-06,2.196476007991255
2083-04-07,2.3149351346772558
2083-04-08,2.4148057254065685
2083-04-09,2.345390290297287
2083-04-10,1.9171632356914436
2083-04-11,1.8544141426131793
2083-04-12,1.8151348005783505
2083-04-13,1.792750059480681
2083-04-14,1.6629504588792405
2083-04-15,1.6034218056147138
2083-04-16,1.606951937957907
2083-04-17,1.9037117312029903
2083-04-18,2.4956700271280585
2083-04-19,4.61463212975762
2083-04-20,4.891118908599184
2083-04-21,6.542629542618112
2083-04-22,5.600555028762774
2083-04-23,2.3601662107103927
2083-04-24,2.6405561922749623
2083-04-25,3.6150226853956995
2083-04-26,3.2583676703195725
2083-04-27,4.87126868586997
2083-04-28,3.306950280242629
2083-04-29,4.724454586676352
2083-04-30,6.561781345442455
2083-05-01,2.141888568279794
2083-05-02,2.08949971209787
2083-05-03,2.0474909074651593
2083-05-04,2.073596666819233
2083-05-05,2.1654061746430378
2083-05-06,2.114208426128377
2083-05-07,1.9997803711680455
2083-05-08,1.8789257796821253
2083-05-09,1.8275866999228803
2083-05-10,1.7426270664023762
2083-05-11,1.8846028951170506
2083-05-12,2.1146095098994584
2083-05-13,2.573084462505523
2083-05-14,3.0106461992398073
2083-05-15,4.540350445642912
2083-05-16,7.6656033884095365
2083-05-17,7.606635151027931
2083-05-18,7.788628812216299
2083-05-19,6.82235820391311
2083-05-20,7.045063226292234
2083-05-21,4.549825369099317
2083-05-22,7.303822401996473
2083-05-23,8.18655381755376
2083-05-24,9.099663176906668
2083-05-25,10.278108242186084
2083-05-26,8.84927919200714
2083-05-27,6.819283325939251
2083-05-28,6.989710875226255
2083-05-29,7.726386055693615
2083-05-30,5.924936821132697
2083-05-31,5.970128421051496
2083-06-01,4.705011180231366
2083-06-02,4.310380578879076
2083-06-03,4.513075901615481
2083-06-04,3.682276500912901
2083-06-05,2.6283554199424515
2083-06-06,2.361745568604511
2083-06-07,1.9673572691111902
2083-06-08,1.6638194007855245
2083-06-09,1.1668294548699525
2083-06-10,1.3735425816302715
2083-06-11,1.4223120032476686
2083-06-12,1.376538284492669
2083-06-13,0.8473721313336707
2083-06-14,0.7679583436670111
2083-06-15,0.6832898075908708
2083-06-16,0.5142150314993346
2083-06-17,0.46933284895260424
2083-06-18,0.4197998353418965
2083-06-19,0.3847590289087318
2083-06-20,0.3005929705901988
2083-06-21,0.2478687853821532
2083-06-22,0.21620494910110638
2083-06-23,0.18924222135970514
2083-06-24,0.16733985547815877
2083-06-25,0.14637959313217433
2083-06-26,0.125393784743679
2083-06-27,0.11199816123028934
2083-06-28,0.07465522956487802
2083-06-29,0.06447090602353289
2083-06-30,0.05713630933841212
2083-07-01,0.1689039145269858
2083-07-02,0.15117393143580396
2083-07-03,0.13284931077286186
2083-07-04,0.1153347465242572
2083-07-05,0.1079321219015766
2083-07-06,0.10250074152694656
2083-07-07,0.1225996376189573
2083-07-08,0.1012080913447058
2083-07-09,0.0889547178212159
2083-07-10,0.08572220530877131
2083-07-11,0.0831078918642433
2083-07-12,0.06175778438738108
2083-07-13,0.06396462137169538
2083-07-14,0.05757036431278655
2083-07-15,0.18777327449677256
2083-07-16,0.05446538913488066
2083-07-17,0.052492579356714475
2083-07-18,0.05181265324573584
2083-07-19,0.04879988059502272
2083-07-20,0.4129883699532256
2083-07-21,0.046028812028333706
2083-07-22,0.044810087769883905
2083-07-23,0.08363273650128585
2083-07-24,0.5197450004757246
2083-07-25,0.7789260521523634
2083-07-26,0.724216069863028
2083-07-27,0.04666984745038992
2083-07-28,0.0430029824797563
2083-07-29,0.04224523993621657
2083-07-30,0.04144256833711796
2083-07-31,0.04063322022585857
2083-08-01,0.03643318053590498
2083-08-02,0.035766019384572044
2083-08-03,0.03511446762885422
2083-08-04,0.0344746369431572
2083-08-05,0.03384967174519525
2083-08-06,0.033262533256673034
2083-08-07,0.03271861012130122
2083-08-08,0.03221272368604627
2083-08-09,0.031744536470701835
2083-08-10,0.031297257486770924
2083-08-11,0.03434677098698062
2083-08-12,0.030515193783351848
2083-08-13,0.030168404951147313
2083-08-14,0.03342573963956515
2083-08-15,0.029609100077599496
2083-08-16,0.03697365070245534
2083-08-17,0.0291868545373361
2083-08-18,0.03145826266418198
2083-08-19,0.028849915372810665
2083-08-20,0.06329538241188636
2083-08-21,0.07833401737891967
2083-08-22,0.03476557393686297
2083-08-23,3.3786907162274598
2083-08-24,0.028851195764472252
2083-08-25,1.0253639607785134
2083-08-26,0.9074818994218301
2083-08-27,0.8952283933872452
2083-08-28,0.03259142927555397
2083-08-29,0.7591976153812918
2083-08-30,0.03396046589058295
2083-08-31,0.033858509244662195
2083-09-01,0.12075894915667056
2083-09-02,0.037312513901856095
2083-09-03,0.14049534342315229
2083-09-04,0.04485331282094286
2083-09-05,0.015230418847290057
2083-09-06,0.017385886377270236
2083-09-07,0.015075992250204192
2083-09-08,0.08445784543494178
2083-09-09,0.06725320416482623
2083-09-10,0.04586916440192045
2083-09-11,0.06667263896883042
2083-09-12,0.03646417046898502
2083-09-13,0.014756711428504455
2083-09-14,0.014616769996051372
2083-09-15,0.05748116989094778
2083-09-16,0.07315001084888162
2083-09-17,0.06997611609711983
2083-09-18,0.04504164375155843
2083-09-19,0.5220585391171966
2083-09-20,0.05284644274341081
2083-09-21,0.31587048103997234
2083-09-22,0.03665519015271232
2083-09-23,0.01521453440570455
2083-09-24,0.015256709747575344
2083-09-25,0.015238030283273205
2083-09-26,0.015177904882921239
2083-09-27,0.015088861676744902
2083-09-28,0.014977016629484604
2083-09-29,0.014845978312853702
2083-09-30,0.014707301053701688
2083-10-01,0.02367330901495952
2083-10-02,0.11457550563536881
2083-10-03,0.026404080195714167
2083-10-04,0.08869299710134032
2083-10-05,0.03755111665326045
2083-10-06,0.023127733907462967
2083-10-07,0.02305469083705972
2083-10-08,0.022987889013563544
2083-10-09,0.05116381583715213
2083-10-10,1.5880222979224878
2083-10-11,1.082292866985295
2083-10-12,0.02492805617458212
2083-10-13,0.025740371448686333
2083-10-14,0.026139800894634028
2083-10-15,0.026937796815271493
2083-10-16,0.02646124013694255
2083-10-17,0.026446582600092403
2083-10-18,0.026351227633872158
2083-10-19,0.02621971610678589
2083-10-20,0.026068871470888166
2083-10-21,0.02590548256720645
2083-10-22,0.02574864791428928
2083-10-23,0.02595590678758545
2083-10-24,0.06649896383892169
2083-10-25,0.031946974683988494
2083-10-26,0.025488082248325262
2083-10-27,0.025383663004176122
2083-10-28,0.025246606489184194
2083-10-29,1.2262859314390944
2083-10-30,0.9578349715400956
2083-10-31,0.21628217234775138
2083-11-01,0.032201517733697615
2083-11-02,0.9416938949696448
2083-11-03,3.827612365293661
2083-11-04,4.940413662450917
2083-11-05,1.6547592064076697
2083-11-06,0.514847591628349
2083-11-07,0.15474885178963624
2083-11-08,0.1805769181935792
2083-11-09,0.11643541845789428
2083-11-10,0.09315393074053603
2083-11-11,0.1024820900786235
2083-11-12,0.23683275057639977
2083-11-13,0.1376532942218392
2083-11-14,0.11067229402446815
2083-11-15,0.09708507806061054
2083-11-16,0.09986286314479767
2083-11-17,0.09936948689311277
2083-11-18,0.1023714014975542
2083-11-19,0.09737103148879132
2083-11-20,0.09858946251948854
2083-11-21,0.09396101220155367
2083-11-22,0.7452339163358649
2083-11-23,0.24539572950774455
2083-11-24,0.2979966878311389
2083-11-25,1.8251391164932684
2083-11-26,0.20496967723084636
2083-11-27,0.24198739265167116
2083-11-28,0.2435613180080144
2083-11-29,0.45064523760382663
2083-11-30,0.13854567343346322
2083-12-01,0.11591719044182641
2083-12-02,0.12168872514224816
2083-12-03,0.20772640612921334
2083-12-04,0.6794240646116995
2083-12-05,0.5522340683281283
2083-12-06,1.4419618317933698
2083-12-07,0.784893378004459
2083-12-08,5.51506219542682
2083-12-09,5.031757808005487
2083-12-10,5.590990248104236
2083-12-11,2.0391731070253516
2083-12-12,3.5035731161481567
2083-12-13,8.928311857611378
2083-12-14,5.207660877252897
2083-12-15,4.605998284538707
2083-12-16,4.464363349160729
2083-12-17,4.268494846534522
2083-12-18,4.000159837239667
2083-12-19,3.7217433898790357
2083-12-20,3.4339350428279913
2083-12-21,3.1945398713667736
2083-12-22,2.947927753030781
2083-12-23,2.7287397509685816
2083-12-24,2.5400772717330935
2083-12-25,2.3660409645673175
2083-12-26,2.2194831607074086
2083-12-27,2.093781584177539
2083-12-28,2.0101197641343957
2083-12-29,1.859600547209471
2083-12-30,1.7759303058452804
2083-12-31,1.6579941061688757
2084-01-01,0.5592886640559503
2084-01-02,0.5315512960229355
2084-01-03,0.5057707641710966
2084-01-04,0.6074082690898456
2084-01-05,0.825012044194458
2084-01-06,2.3335310161099243
2084-01-07,1.1980204742566396
2084-01-08,1.1413244799528366
2084-01-09,1.4925547715219714
2084-01-10,2.156429236663702
2084-01-11,2.9788940848611802
2084-01-12,29.778910697804665
2084-01-13,42.98241239622743
2084-01-14,5.286518591052254
2084-01-15,2.290302711696404
2084-01-16,2.2968987033233117
2084-01-17,2.4431385059878035
2084-01-18,2.201109742718513
2084-01-19,2.234622747289839
2084-01-20,2.474424609162123
2084-01-21,2.2992174556389995
2084-01-22,1.8454071350231627
2084-01-23,1.7288071413262447
2084-01-24,1.7936973839371881
2084-01-25,2.079386763422841
2084-01-26,2.15368669862233
2084-01-27,3.2306444200984723
2084-01-28,12.716169085787474
2084-01-29,6.002804833060476
2084-01-30,4.807202402168384
2084-01-31,3.3516670397669106
2084-02-01,4.1801108509781315
2084-02-02,4.128859782243611
2084-02-03,2.050533668399391
2084-02-04,3.6446366423599525
2084-02-05,3.632019522798404
2084-02-06,2.959980870148779
2084-02-07,4.793119435456912
2084-02-08,5.032906347762424
2084-02-09,2.4507084301087794
2084-02-10,5.643905959362537
2084-02-11,18.995236587166236
2084-02-12,3.339789253170025
2084-02-13,4.924569347014239
2084-02-14,5.694066620998595
2084-02-15,3.918270860608816
2084-02-16,5.580432067184456
2084-02-17,8.966679315341558
2084-02-18,2.8943432978007917
2084-02-19,2.185690789294027
2084-02-20,2.3143604782749607
2084-02-21,3.4969629603343133
2084-02-22,3.146617038822428
2084-02-23,3.382865338855142
2084-02-24,2.6346888875369174
2084-02-25,3.8984450209268746
2084-02-26,5.351135987825908
2084-02-27,2.192811801680506
2084-02-28,1.9881075228566516
2084-02-29,2.099508731698599
2084-03-01,2.702729826334521
2084-03-02,2.41086584293035
2084-03-03,2.2914190625815123
2084-03-04,2.606564811480739
2084-03-05,2.3725775560641065
2084-03-06,2.26185368468146
2084-03-07,2.2736431874726297
2084-03-08,6.290751267202252
2084-03-09,7.487008746232542
2084-03-10,3.0282308574148913
2084-03-11,2.5972967635470665
2084-03-12,4.266524365469761
2084-03-13,4.960535063878956
2084-03-14,2.402172300511377
2084-03-15,2.4203664841732215
2084-03-16,2.2746794430672748
2084-03-17,2.3070188047796756
2084-03-18,2.4807614419750896
2084-03-19,3.7386299862137347
2084-03-20,5.293335569803508
2084-03-21,5.026806437101315
2084-03-22,8.816615693643428
2084-03-23,8.30999531096099
2084-03-24,6.775567954418477
2084-03-25,3.0537302094652206
2084-03-26,3.1280129172800124
2084-03-27,3.4761949972796335
2084-03-28,4.506740456771684
2084-03-29,3.027945931076422
2084-03-30,2.6574962708118357
2084-03-31,3.825964619725709
2084-04-01,5.417629334314195
2084-04-02,6.437320804275912
2084-04-03,8.200204880006082
2084-04-04,6.260498455216122
2084-04-05,6.44247569038011
2084-04-06,3.773619694699189
2084-04-07,2.4915917158059946
2084-04-08,2.7651501368231157
2084-04-09,3.61516846030075
2084-04-10,3.6945280446328197
2084-04-11,9.205817353486388
2084-04-12,9.36288017470757
2084-04-13,5.112291726680089
2084-04-14,5.1911308247343495
2084-04-15,4.340105372170267
2084-04-16,4.890123138867659
2084-04-17,4.003003566826566
2084-04-18,2.6332443657512012
2084-04-19,2.5214105688289576
2084-04-20,2.683572639652342
2084-04-21,3.640986741627078
2084-04-22,3.8062656430201245
2084-04-23,4.003252630597936
2084-04-24,5.340022002853672
2084-04-25,5.95448028289718
2084-04-26,5.526264012562881
2084-04-27,5.132820841601044
2084-04-28,3.9547120589777096
2084-04-29,2.1291980307985354
2084-04-30,2.8827698081057624
2084-05-01,1.872202105710475
2084-05-02,2.4854653406127576
2084-05-03,4.466844641094858
2084-05-04,4.809765604051958
2084-05-05,2.788808215575148
2084-05-06,2.23105454363086
2084-05-07,4.453357731978286
2084-05-08,5.2085420556952355
2084-05-09,2.9707345358413373
2084-05-10,1.8985528976122454
2084-05-11,1.5318885751005111
2084-05-12,1.3644550951307683
2084-05-13,1.5089326174914568
2084-05-14,1.5092310700745657
2084-05-15,1.5771904164006452
2084-05-16,1.4085906389761595
2084-05-17,1.3636948433548521
2084-05-18,1.3973898728026657
2084-05-19,1.3177708811475237
2084-05-20,1.228879715760991
2084-05-21,1.2177116909674275
2084-05-22,1.384873721865936
2084-05-23,1.361741691493967
2084-05-24,1.4406987438530354
2084-05-25,1.5921297672374188
2084-05-26,2.098426725673206
2084-05-27,2.936034205344927
2084-05-28,3.533141462994121
2084-05-29,4.12597260242155
2084-05-30,5.365499716784305
2084-05-31,5.016110675545305
2084-06-01,4.597352987367295
2084-06-02,4.261655775713729
2084-06-03,5.61413397246428
2084-06-04,5.214090940013736
2084-06-05,5.713219410597803
2084-06-06,5.168418800207203
2084-06-07,3.5436755957380277
2084-06-08,2.5967856434633134
2084-06-09,2.1120524364077657
2084-06-10,1.7698870982887662
2084-06-11,1.5866073204925968
2084-06-12,1.0031209236788918
2084-06-13,1.2383068865045157
2084-06-14,1.6508170390529953
2084-06-15,1.747231562119228
2084-06-16,1.4021246151781837
2084-06-17,1.3899889377654193
2084-06-18,1.4182384492759421
2084-06-19,1.176761179086958
2084-06-20,0.9105867998032005
2084-06-21,0.9412777419346742
2084-06-22,0.7677323835450132
2084-06-23,0.4076178950800213
2084-06-24,0.34966720234453624
2084-06-25,0.3180314561182575
2084-06-26,0.2920864621132115
2084-06-27,0.25973079660838544
2084-06-28,0.23123013149711436
2084-06-29,0.20033752115301176
2084-06-30,0.17380386843936627
2084-07-01,0.48840176533446406
2084-07-02,0.40977250338118215
2084-07-03,0.6038949720996583
2084-07-04,0.3115608994224942
2084-07-05,0.26824447510656824
2084-07-06,0.1832736787050862
2084-07-07,0.16287552135989855
2084-07-08,0.14604341654700234
2084-07-09,0.13295648140112132
2084-07-10,0.12001910074573624
2084-07-11,0.11941857106140327
2084-07-12,0.12428917172595966
2084-07-13,0.0988709196428352
2084-07-14,0.09135822718449993
2084-07-15,0.08476725493680196
2084-07-16,0.08194349997831198
2084-07-17,0.07996206819222262
2084-07-18,0.07771386173451351
2084-07-19,0.07618295465737934
2084-07-20,0.07476154864801222
2084-07-21,0.6757767219817435
2084-07-22,0.05045451986143748
2084-07-23,0.11557716126924529
2084-07-24,0.04865082513482903
2084-07-25,0.04764381314384898
2084-07-26,0.046266196794482684
2084-07-27,0.04476598933715171
2084-07-28,0.0433535677902923
2084-07-29,0.04208145011757991
2084-07-30,0.040876974927888395
2084-07-31,0.03979677780502679
2084-08-01,0.04533857704722398
2084-08-02,0.036454692402379266
2084-08-03,0.034417166739051375
2084-08-04,0.03367705594621974
2084-08-05,0.189539707619884
2084-08-06,0.03261503927959422
2084-08-07,0.10128351543738162
2084-08-08,0.0323214223697028
2084-08-09,0.06515398965017534
2084-08-10,0.03118513660640444
2084-08-11,0.13945544759955456
2084-08-12,0.03068049513707211
2084-08-13,0.11372931402626821
2084-08-14,0.030101765856810285
2084-08-15,0.03345316229525973
2084-08-16,0.029526804089436046
2084-08-17,0.029252148605667126
2084-08-18,0.03419263767499699
2084-08-19,0.02873688942434388
2084-08-20,0.028488653880027928
2084-08-21,0.02826432559587612
2084-08-22,0.02805741788492918
2084-08-23,0.02785994203814444
2084-08-24,0.027677126535000766
2084-08-25,0.06760984721556042
2084-08-26,0.04098387393643651
2084-08-27,0.10302712857906998
2084-08-28,0.02720775528645676
2084-08-29,0.027087559629058976
2084-08-30,0.029493315907154902
2084-08-31,0.026899478030086646
2084-09-01,0.011934724445434369
2084-09-02,0.011902330820158217
2084-09-03,0.011870120386841213
2084-09-04,0.011837182396622545
2084-09-05,0.011803137846980373
2084-09-06,0.05061839706749154
2084-09-07,0.011752490225298732
2084-09-08,0.011731321200663333
2084-09-09,0.011707430570988997
2084-09-10,0.011681860138714511
2084-09-11,0.011658114171647251
2084-09-12,0.01163763141222963
2084-09-13,0.011619744020046893
2084-09-14,0.011603385176388021
2084-09-15,0.011588162933142172
2084-09-16,0.011571401427867589
2084-09-17,0.09921682079189888
2084-09-18,0.011539276000007849
2084-09-19,0.01152609844533359
2084-09-20,0.01151247077955674
2084-09-21,0.01149873364439038
2084-09-22,0.011484930157712266
2084-09-23,0.011471163540840431
2084-09-24,0.011457639430942117
2084-09-25,0.011445308984186237
2084-09-26,0.011434554184467973
2084-09-27,0.011423697141231362
2084-09-28,0.14808180072122726
2084-09-29,0.0114020516844358
2084-09-30,0.011391686492169602
2084-10-01,0.01850055637888443
2084-10-02,0.018485710028434254
2084-10-03,0.018471450198788295
2084-10-04,0.018458197794327225
2084-10-05,0.0184462063474172
2084-10-06,0.018435345126664122
2084-10-07,0.018425280050875122
2084-10-08,0.01841565809778002
2084-10-09,0.018407119444991425
2084-10-10,0.020943912305854195
2084-10-11,0.018597553173233857
2084-10-12,0.01838595155019267
2084-10-13,0.01837801485426269
2084-10-14,0.0183699275388086
2084-10-15,0.018362361142981037
2084-10-16,0.018355287603000127
2084-10-17,0.072176468435904
2084-10-18,0.46419545258760075
2084-10-19,0.632878459873522
2084-10-20,0.03133718001379224
2084-10-21,0.026544979726920378
2084-10-22,0.020576679746609577
2084-10-23,0.019588695258179925
2084-10-24,0.01837361492319312
2084-10-25,0.04900388365320005
2084-10-26,0.023906776559702116
2084-10-27,0.01976517698108167
2084-10-28,0.018401098978600677
2084-10-29,0.018622033244666842
2084-10-30,0.020614073864690566
2084-10-31,0.01893261779812371
2084-11-01,0.05992150245292056
2084-11-02,0.06595402407096262
2084-11-03,0.01944273738996236
2084-11-04,0.01938349680687893
2084-11-05,0.021739334723443613
2084-11-06,0.019389854906052394
2084-11-07,0.019392773202197625
2084-11-08,0.01939574284549825
2084-11-09,0.019398578173168868
2084-11-10,0.07223287155923315
2084-11-11,0.08115444342510182
2084-11-12,0.053269556475023135
2084-11-13,0.05148420466060121
2084-11-14,0.036708849271420846
2084-11-15,0.08312056967283418
2084-11-16,0.07989289324501649
2084-11-17,0.03297926471955869
2084-11-18,0.09295869379530845
2084-11-19,0.024352138253759037
2084-11-20,0.22320455670662026
2084-11-21,0.07498598843186671
2084-11-22,0.13955442685712094
2084-11-23,0.10681972617377491
2084-11-24,0.12477437772906962
2084-11-25,0.05169869180246846
2084-11-26,0.10028661574307733
2084-11-27,0.20117373954396625
2084-11-28,0.11296728033421535
2084-11-29,0.04200418460660645
2084-11-30,0.08605496303277776
2084-12-01,0.06226405319951255
2084-12-02,0.5317663561940894
2084-12-03,4.259568874922226
2084-12-04,1.1558086747296539
2084-12-05,0.3552783447390924
2084-12-06,1.6919103820342436
2084-12-07,18.61896070455457
2084-12-08,11.624087639152773
2084-12-09,1.2749434810048252
2084-12-10,0.20659482132256107
2084-12-11,0.05608403755637876
2084-12-12,0.05077350368885155
2084-12-13,0.07547846905443645
2084-12-14,0.2826766109147688
2084-12-15,0.7417087256074667
2084-12-16,0.2895228454231106
2084-12-17,0.13823363010171455
2084-12-18,0.3811538530554169
2084-12-19,1.3197064537617063
2084-12-20,0.840065530864593
2084-12-21,0.34064967304056126
2084-12-22,0.43238053642287344
2084-12-23,0.3815115145302966
2084-12-24,0.5814797340840603
2084-12-25,0.9245046357013681
2084-12-26,2.2856250601907195
2084-12-27,0.7479468164952213
2084-12-28,0.6983952235970515
2084-12-29,0.733725491334939
2084-12-30,1.3091658757093267
2084-12-31,1.2284444965248027
2085-01-01,0.4681469362812187
2085-01-02,0.43084655583511655
2085-01-03,0.42022081488744345
2085-01-04,0.4240404931522922
2085-01-05,0.4176348652713189
2085-01-06,0.39631551973732193
2085-01-07,0.3808246016582934
2085-01-08,0.3684716616913468
2085-01-09,0.3471062093373922
2085-01-10,0.37276499543779906
2085-01-11,0.3888256109205257
2085-01-12,0.4251876565523011
2085-01-13,0.42300344104785764
2085-01-14,0.374374801030646
2085-01-15,0.38629289012309864
2085-01-16,0.5712039631457183
2085-01-17,1.3098003046379567
2085-01-18,1.1864650049685879
2085-01-19,1.3916764567931357
2085-01-20,7.39163288043526
2085-01-21,7.751490612256783
2085-01-22,1.497518173506125
2085-01-23,4.160215609658456
2085-01-24,12.013308119394114
2085-01-25,8.327487297127087
2085-01-26,1.6927187736442006
2085-01-27,1.4218117035266509
2085-01-28,1.4198083546030649
2085-01-29,1.476909244853188
2085-01-30,3.0304367189953347
2085-01-31,1.8908375251595384
2085-02-01,1.2192018024312576
2085-02-02,1.2025831719401974
2085-02-03,1.2306236924358605
2085-02-04,1.4487507892773217
2085-02-05,1.5715489692689857
2085-02-06,1.0690711644284236
2085-02-07,1.069935116662832
2085-02-08,1.7669345890580326
2085-02-09,2.881483910813898
2085-02-10,1.3658242086730081
2085-02-11,1.2977645248455207
2085-02-12,4.555300076244853
2085-02-13,4.259172645876761
2085-02-14,8.44460467325478
2085-02-15,7.640740723364132
2085-02-16,3.613122851863317
2085-02-17,3.2691964496916563
2085-02-18,16.750590343640585
2085-02-19,19.391960675451227
2085-02-20,7.62695497158461
2085-02-21,4.891953854799645
2085-02-22,4.047635705377244
2085-02-23,7.5966218230746305
2085-02-24,2.84847993757758
2085-02-25,2.2094196465831812
2085-02-26,3.84340269320115
2085-02-27,11.804614859424959
2085-02-28,3.1418763993723746
2085-03-01,2.698677786141055
2085-03-02,2.866502538769484
2085-03-03,2.694255534640863
2085-03-04,2.9187477701507842
2085-03-05,3.693207846545991
2085-03-06,3.7235913372162575
2085-03-07,3.01375111941362
2085-03-08,4.097041801761837
2085-03-09,7.248767104245463
2085-03-10,3.611641984347021
2085-03-11,2.721125620404538
2085-03-12,2.906009881009238
2085-03-13,11.39015124246001
2085-03-14,15.584013286793454
2085-03-15,3.347125179931017
2085-03-16,2.725225450686314
2085-03-17,3.1735104367350044
2085-03-18,2.7304820564661734
2085-03-19,2.554930822223114
2085-03-20,2.5231477872885786
2085-03-21,2.4493899918887427
2085-03-22,2.4640681751882205
2085-03-23,2.2960202096699165
2085-03-24,2.0875274936630728
2085-03-25,1.9623923990574539
2085-03-26,1.9103112799771078
2085-03-27,1.6766466583691493
2085-03-28,1.7154527275520555
2085-03-29,1.8140150482282313
2085-03-30,2.2956098839963635
2085-03-31,2.198820642363268
2085-04-01,2.5944675721672867
2085-04-02,3.0290797206440034
2085-04-03,5.715211236948168
2085-04-04,8.741957264050898
2085-04-05,10.83133310423711
2085-04-06,10.706297930765855
2085-04-07,8.292186923837686
2085-04-08,8.18728972341511
2085-04-09,3.013080231336984
2085-04-10,2.6468159764948935
2085-04-11,4.352009244734883
2085-04-12,3.7814265156237936
2085-04-13,3.016006476745303
2085-04-14,2.5144584571432773
2085-04-15,3.0008682968617757
2085-04-16,2.7547650888882536
2085-04-17,3.414320815224177
2085-04-18,3.9749693497141827
2085-04-19,3.029407632135939
2085-04-20,2.2470044532970697
2085-04-21,2.2203874557387966
2085-04-22,2.340027303388871
2085-04-23,2.693862567565779
2085-04-24,2.8778483901884977
2085-04-25,5.070255531663476
2085-04-26,6.571136259716947
2085-04-27,6.4440653153450755
2085-04-28,5.816503193684058
2085-04-29,3.3265784856410177
2085-04-30,3.3230641191141777
2085-05-01,2.2368837421019
2085-05-02,2.3233209160188237
2085-05-03,2.193303984659355
2085-05-04,2.1514869936480703
2085-05-05,2.6816291233676326
2085-05-06,4.415312300963337
2085-05-07,2.6592762738099283
2085-05-08,2.6028569300742146
2085-05-09,3.706744475636257
2085-05-10,4.8024016173613155
2085-05-11,7.41155821832308
2085-05-12,6.604362599775321
2085-05-13,3.2768401999116383
2085-05-14,1.8032984461936081
2085-05-15,1.9773933893179203
2085-05-16,3.2541988783273057
2085-05-17,5.578394531831842
2085-05-18,6.605255978601275
2085-05-19,6.694921840408207
2085-05-20,7.292189491803079
2085-05-21,7.196264529272897
2085-05-22,7.709181572160512
2085-05-23,6.624377217979036
2085-05-24,8.06196419604091
2085-05-25,6.73981777643971
2085-05-26,5.976510756654071
2085-05-27,4.635698622295815
2085-05-28,5.707665631268882
2085-05-29,5.493232096132073
2085-05-30,5.847273028763016
2085-05-31,5.54550059224883
2085-06-01,4.99790585889771
2085-06-02,4.784588080123004
2085-06-03,3.6119559307813742
2085-06-04,2.5138139463567417
2085-06-05,2.6470432522825345
2085-06-06,2.5895584084694256
2085-06-07,2.3530441802079225
2085-06-08,2.220444575417794
2085-06-09,2.193334405529616
2085-06-10,2.242640441047706
2085-06-11,2.4318662845761536
2085-06-12,2.0694960130916913
2085-06-13,1.6865452818808588
2085-06-14,1.4719716903217364
2085-06-15,1.4390992640533968
2085-06-16,1.1447473408053468
2085-06-17,0.7320827935753145
2085-06-18,0.7008204518106825
2085-06-19,0.477922854863029
2085-06-20,0.37063749128797185
2085-06-21,0.3368068051492351
2085-06-22,0.31187952244294476
2085-06-23,0.29147933667226233
2085-06-24,0.23038378732098866
2085-06-25,0.21093009585184164
2085-06-26,0.19012786697190673
2085-06-27,0.16719446597804496
2085-06-28,0.15105773250495882
2085-06-29,0.13521507539824773
2085-06-30,0.12005448096994502
2085-07-01,0.33669667291911615
2085-07-02,0.29516680808557233
2085-07-03,0.2831277500526058
2085-07-04,0.27246188676487976
2085-07-05,0.254015233288064
2085-07-06,0.18299638426492454
2085-07-07,0.12441510875041374
2085-07-08,0.1129544883041979
2085-07-09,0.10521428254317966
2085-07-10,0.09811803229194817
2085-07-11,0.09136239357823661
2085-07-12,0.08459254366318461
2085-07-13,0.07974764451994172
2085-07-14,0.07661036177347046
2085-07-15,0.0758495982747058
2085-07-16,0.0742630685527917
2085-07-17,0.10526766700089485
2085-07-18,0.2720061917821463
2085-07-19,0.24564767570510315
2085-07-20,0.2848863566711952
2085-07-21,0.051703198444670695
2085-07-22,0.04882325235205968
2085-07-23,0.04733176777790837
2085-07-24,0.045961377920882264
2085-07-25,0.044233475460912754
2085-07-26,0.04245727934587712
2085-07-27,0.04084787276045399
2085-07-28,0.09917828595277517
2085-07-29,0.03861345731003318
2085-07-30,0.08432570596975167
2085-07-31,0.047269835027612984
2085-08-01,0.05884959581868197
2085-08-02,0.03279928789850636
2085-08-03,0.04863679354010813
2085-08-04,0.0317634130631823
2085-08-05,0.031222884814254833
2085-08-06,0.030709876144162065
2085-08-07,0.030233401811591905
2085-08-08,0.029798115912132595
2085-08-09,0.029400487002333338
2085-08-10,0.029044980451909674
2085-08-11,0.02873117036457268
2085-08-12,0.028449258627171688
2085-08-13,0.03743045455357454
2085-08-14,0.028007159549065488
2085-08-15,1.2167921027890312
2085-08-16,0.02767257916212773
2085-08-17,0.02753641689497513
2085-08-18,0.03014498583095737
2085-08-19,0.02727884799016843
2085-08-20,0.11187128792814509
2085-08-21,0.02704409423849396
2085-08-22,0.19156825470080707
2085-08-23,1.2345468954089445
2085-08-24,0.09620200405108656
2085-08-25,0.02703373985512964
2085-08-26,0.04939578097507889
2085-08-27,0.027001777415663952
2085-08-28,0.2724884679841341
2085-08-29,0.026878035084117433
2085-08-30,0.026797159187239537
2085-08-31,0.02670873747611679
2085-09-01,0.011844398307855573
2085-09-02,0.011809300309920518
2085-09-03,0.011778199512087688
2085-09-04,0.01174872513997008
2085-09-05,0.011721473546654248
2085-09-06,0.01169698304532914
2085-09-07,0.1253884294873325
2085-09-08,0.011657151913758395
2085-09-09,0.01163380869920621
2085-09-10,0.021604899072738874
2085-09-11,0.011590325887513967
2085-09-12,0.011570108058184175
2085-09-13,0.011551196825031772
2085-09-14,0.011534840760748491
2085-09-15,0.011520330599412203
2085-09-16,0.11719849747300562
2085-09-17,0.011494641045368046
2085-09-18,0.01148330223278813
2085-09-19,0.011472309534822249
2085-09-20,0.05965841206975836
2085-09-21,0.011454533658528191
2085-09-22,0.011448852935262972
2085-09-23,0.03976514258593611
2085-09-24,0.01143746945130894
2085-09-25,0.01143010288378964
2085-09-26,0.011422255528514247
2085-09-27,0.011413858269745383
2085-09-28,0.011404922134085366
2085-09-29,0.011396057685858116
2085-09-30,0.011387159486809977
2085-10-01,0.018495842744183127
2085-10-02,0.11225713348273278
2085-10-03,0.02112492151248394
2085-10-04,0.03630836159620137
2085-10-05,0.0533801282733268
2085-10-06,0.01845265086408986
2085-10-07,0.01844176384714971
2085-10-08,0.018431582188315074
2085-10-09,0.032108522300563304
2085-10-10,0.018415125611373113
2085-10-11,0.018408093572460957
2085-10-12,0.018401254480120408
2085-10-13,0.01839451974223709
2085-10-14,0.018387841792697514
2085-10-15,0.018381063221509626
2085-10-16,0.018374294399948296
2085-10-17,0.01836763526015001
2085-10-18,0.01902700384515792
2085-10-19,0.01835524544217431
2085-10-20,0.018349384749819668
2085-10-21,0.018343540369774567
2085-10-22,0.018337666157020715
2085-10-23,0.0183319410452218
2085-10-24,0.018326454343709043
2085-10-25,0.018321195838050575
2085-10-26,0.01831598520221863
2085-10-27,0.01831070969986801
2085-10-28,0.018448798768265978
2085-10-29,0.01830040571615305
2085-10-30,0.018295180173713982
2085-10-31,0.018550599406503065
2085-11-01,0.019224751831803593
2085-11-02,0.019218844724292056
2085-11-03,0.01925978031201879
2085-11-04,0.019207758233334617
2085-11-05,0.019202391911893223
2085-11-06,0.019196874109116316
2085-11-07,0.05695791633009969
2085-11-08,0.3327476602682111
2085-11-09,0.019313047153021737
2085-11-10,0.23163411517273585
2085-11-11,1.792054290611857
2085-11-12,0.1971558982835732
2085-11-13,0.030665819117297575
2085-11-14,0.03310777723871612
2085-11-15,0.04454276315204474
2085-11-16,0.032431155537967465
2085-11-17,0.2646792896308134
2085-11-18,2.427807454374312
2085-11-19,0.8096188338656599
2085-11-20,0.08225093430774792
2085-11-21,0.08127442405032102
2085-11-22,0.04080145080921673
2085-11-23,0.07464087276077702
2085-11-24,0.28996045266763526
2085-11-25,0.14757057218245076
2085-11-26,0.05357591264572284
2085-11-27,0.16752983953732128
2085-11-28,0.10292979397130785
2085-11-29,0.08282866076439512
2085-11-30,0.07039414073173259
2085-12-01,0.048899106691386626
2085-12-02,0.0556220747484199
2085-12-03,0.045267795943737345
2085-12-04,0.10252359923836234
2085-12-05,0.04085184438778173
2085-12-06,0.03595764638945177
2085-12-07,0.03339063998311367
2085-12-08,0.03503231081374916
2085-12-09,0.03234416392296913
2085-12-10,0.04970307199244916
2085-12-11,0.045126722238262425
2085-12-12,0.039737223629686576
2085-12-13,0.04539198278641505
2085-12-14,0.05488609882174514
2085-12-15,0.06330789743357872
2085-12-16,0.190807581226642
2085-12-17,0.058180124909942614
2085-12-18,0.042915977333136006
2085-12-19,0.05408257884564148
2085-12-20,0.03759602650571502
2085-12-21,0.0399772566362762
2085-12-22,0.04129270733911067
2085-12-23,0.03802794300428176
2085-12-24,0.042189737269035285
2085-12-25,0.21225239176888802
2085-12-26,0.2722720849385746
2085-12-27,0.42074198080856473
2085-12-28,0.36733570645468033
2085-12-29,0.25423504286152093
2085-12-30,0.37140603005374623
2085-12-31,0.5509509057258596
2086-01-01,0.26508822021072576
2086-01-02,0.7302898328687486
2086-01-03,1.7229035808228645
2086-01-04,2.5726220027721705
2086-01-05,0.16022311430967015
2086-01-06,0.17474067624589892
2086-01-07,0.19261639793109658
2086-01-08,0.20192211411267083
2086-01-09,0.18959304726876383
2086-01-10,0.2192681839986648
2086-01-11,0.19513491027170318
2086-01-12,0.2162250186425162
2086-01-13,0.2148474609904
2086-01-14,0.20600759923400078
2086-01-15,0.1867615256451776
2086-01-16,0.17576594818703598
2086-01-17,0.1795668977381662
2086-01-18,0.2788865710574095
2086-01-19,0.6330006091275913
2086-01-20,4.306853742399858
2086-01-21,1.7863361719314652
2086-01-22,7.02255745776968
2086-01-23,5.148389845135291
2086-01-24,8.134633071815825
2086-01-25,21.249107141080838
2086-01-26,8.795718899858795
2086-01-27,1.9186073011519833
2086-01-28,1.1318045695949348
2086-01-29,1.0750619398479035
2086-01-30,1.4403857982823125
2086-01-31,1.6584757339990783
2086-02-01,1.1583024002826252
2086-02-02,1.7098343658571393
2086-02-03,5.780021860081267
2086-02-04,5.448919892865555
2086-02-05,3.815409257767964
2086-02-06,1.7783614667076884
2086-02-07,3.9477342260470123
2086-02-08,4.858547360456102
2086-02-09,1.7251568040332046
2086-02-10,1.3215335844228684
2086-02-11,1.590715798985742
2086-02-12,4.715077959511972
2086-02-13,3.4225423510410034
2086-02-14,1.5150215555664481
2086-02-15,1.3595098618322785
2086-02-16,1.3368021114189372
2086-02-17,1.3187849729413623
2086-02-18,1.3338274317576826
2086-02-19,1.2605907972644728
2086-02-20,1.2385671382560444
2086-02-21,1.248867733781258
2086-02-22,1.0920072845459838
2086-02-23,1.035668911325207
2086-02-24,1.3193752498047013
2086-02-25,1.7064431298478395
2086-02-26,2.203034547321838
2086-02-27,2.2826669100540626
2086-02-28,1.6646056085299594
2086-03-01,1.700451901533168
2086-03-02,1.6753809476484605
2086-03-03,2.8326191105991
2086-03-04,2.7708725756980024
2086-03-05,2.1978841635410977
2086-03-06,2.456032653103294
2086-03-07,1.8992899163955195
2086-03-08,1.9010746034445571
2086-03-09,1.8304176022070717
2086-03-10,3.202188149636055
2086-03-11,3.6233681205978345
2086-03-12,3.01953016288364
2086-03-13,3.535217464344011
2086-03-14,2.0276327675876775
2086-03-15,2.0463565315576986
2086-03-16,2.2536413883574964
2086-03-17,3.1600008920304434
2086-03-18,3.5606701902790627
2086-03-19,5.148512349393887
2086-03-20,2.1216354531397434
2086-03-21,2.1857709539054477
2086-03-22,2.173208102177438
2086-03-23,2.346760034598934
2086-03-24,2.8614057391435908
2086-03-25,3.4592970203826225
2086-03-26,2.1137907874050574
2086-03-27,2.3534030497509995
2086-03-28,2.559210023064151
2086-03-29,2.5315768101247578
2086-03-30,2.3568373772188473
2086-03-31,5.045622739101977
2086-04-01,5.304964309899892
2086-04-02,5.467987892067275
2086-04-03,7.32139049260255
2086-04-04,7.31449112874493
2086-04-05,8.70606284459832
2086-04-06,9.407945314065918
2086-04-07,7.838729132859198
2086-04-08,7.432796672784663
2086-04-09,8.820006470273318
2086-04-10,8.862183596864504
2086-04-11,10.943409195435255
2086-04-12,8.255877822309536
2086-04-13,6.727007857225418
2086-04-14,5.034880046154978
2086-04-15,5.51690845458875
2086-04-16,3.5888647836869683
2086-04-17,6.40869077143341
2086-04-18,9.373380089824598
2086-04-19,8.683366350173904
2086-04-20,7.0418501103788325
2086-04-21,4.9597430988721625
2086-04-22,2.560802262238469
2086-04-23,2.2225869660435666
2086-04-24,2.2873576140825955
2086-04-25,2.948571854669451
2086-04-26,2.47558128403932
2086-04-27,2.763212269184326
2086-04-28,5.033608788414848
2086-04-29,8.484673783802588
2086-04-30,8.860913149714012
2086-05-01,5.730054889522824
2086-05-02,5.270096217237959
2086-05-03,2.3079044750058717
2086-05-04,2.4992402588080473
2086-05-05,2.1129436080414172
2086-05-06,1.9646397528706425
2086-05-07,2.2701511868444033
2086-05-08,2.6509629450221226
2086-05-09,4.6277123426253794
2086-05-10,6.04229745845267
2086-05-11,6.476276930640005
2086-05-12,4.905397559993424
2086-05-13,3.176835352969245
2086-05-14,3.6798816216716586
2086-05-15,4.705464838322811
2086-05-16,7.454576143792003
2086-05-17,7.155446351520194
2086-05-18,8.384688535332465
2086-05-19,6.464453070377693
2086-05-20,3.0145407977860676
2086-05-21,2.6860295076232235
2086-05-22,3.466517613677856
2086-05-23,4.352684704436062
2086-05-24,5.470374807445188
2086-05-25,6.083002322903252
2086-05-26,5.614769691316855
2086-05-27,4.931667940026015
2086-05-28,4.867498406319379
2086-05-29,4.549149194611801
2086-05-30,3.8356380024792447
2086-05-31,3.21659313532067
2086-06-01,3.561844310590384
2086-06-02,4.6437937906404585
2086-06-03,5.33165155906765
2086-06-04,5.091096936395975
2086-06-05,5.30314423433053
2086-06-06,4.8374421056401715
2086-06-07,4.724145302943208
2086-06-08,5.125385986022077
2086-06-09,3.53587454373947
2086-06-10,3.2679944839216026
2086-06-11,3.2247549236738045
2086-06-12,2.4052910310100053
2086-06-13,2.0824485930334857
2086-06-14,1.666758110024468
2086-06-15,1.3078857399449557
2086-06-16,1.2021072308664107
2086-06-17,1.148903133684653
2086-06-18,1.0890707438314973
2086-06-19,1.0481527469210892
2086-06-20,0.49705399194261984
2086-06-21,0.577542160847437
2086-06-22,0.4321481410479514
2086-06-23,0.3572307692330429
2086-06-24,0.31124074213911374
2086-06-25,0.2728772650615945
2086-06-26,0.23752018055232949
2086-06-27,0.202403385706896
2086-06-28,0.17241819489146967
2086-06-29,0.15691694853955854
2086-06-30,0.14280353362427875
2086-07-01,0.6443099510169356
2086-07-02,0.33952570847525493
2086-07-03,0.3041832551839428
2086-07-04,0.27504183073323546
2086-07-05,0.2411616623604163
2086-07-06,0.1446217576509721
2086-07-07,0.13156036531699017
2086-07-08,0.11994730415047067
2086-07-09,0.10856381940344736
2086-07-10,0.09707324413261652
2086-07-11,0.0886785451491315
2086-07-12,0.08363831443770435
2086-07-13,0.08014415952029584
2086-07-14,0.07657000811389833
2086-07-15,0.07230763342102557
2086-07-16,0.06988360005926039
2086-07-17,0.06906285899983582
2086-07-18,0.06758588397632134
2086-07-19,0.04843409786784533
2086-07-20,0.04784525977901184
2086-07-21,0.04571660094607103
2086-07-22,0.04419061959168878
2086-07-23,0.12132182087755602
2086-07-24,0.04138439573047158
2086-07-25,0.04031275226946374
2086-07-26,0.0391338448287506
2086-07-27,0.05765604322866746
2086-07-28,0.037279388152782755
2086-07-29,0.03641296345870084
2086-07-30,0.09494243084780064
2086-07-31,0.03501464425309123
2086-08-01,0.031456478115838335
2086-08-02,0.08524502764080717
2086-08-03,0.030574149503352598
2086-08-04,0.030182588570388847
2086-08-05,0.029807842596358092
2086-08-06,0.06293274783796743
2086-08-07,0.029159155866204635
2086-08-08,0.03387077559921421
2086-08-09,0.0286091549813804
2086-08-10,0.07062768685227773
2086-08-11,0.028266244819911742
2086-08-12,0.06025508630178529
2086-08-13,0.027858997228350158
2086-08-14,0.02768363262531677
2086-08-15,0.02750305727198794
2086-08-16,0.028615110487986876
2086-08-17,0.027178600770560685
2086-08-18,0.14526465678520847
2086-08-19,0.9771576811536759
2086-08-20,0.027099616876837318
2086-08-21,0.21197606250849524
2086-08-22,0.0267724721039779
2086-08-23,0.19417174557446218
2086-08-24,0.026618523220355902
2086-08-25,0.39444435656484483
2086-08-26,0.02649115261585812
2086-08-27,0.026425036833272096
2086-08-28,0.09868664342079533
2086-08-29,0.02632089479852912
2086-08-30,1.0593708453438078
2086-08-31,0.026262619451621255
2086-09-01,0.011694601945022746
2086-09-02,0.011702001367625184
2086-09-03,0.011702489190615851
2086-09-04,0.011698996720793099
2086-09-05,0.15054673717266107
2086-09-06,0.04694383837507396
2086-09-07,0.0117014929224641
2086-09-08,0.011692801675468165
2086-09-09,0.011676263150208699
2086-09-10,0.011656115933931217
2086-09-11,0.01163609382047783
2086-09-12,0.08209930970275199
2086-09-13,0.013066956234728094
2086-09-14,0.011600274036490475
2086-09-15,0.011584670642592854
2086-09-16,0.011570091465887567
2086-09-17,0.011556528694076074
2086-09-18,0.011543366967890718
2086-09-19,0.011528815875943652
2086-09-20,0.011513698141126062
2086-09-21,0.011499513912843581
2086-09-22,0.011486282000959669
2086-09-23,0.011473624878804463
2086-09-24,0.011462315096588776
2086-09-25,0.012781636142692378
2086-09-26,0.011445051270500469
2086-09-27,0.012540917058158015
2086-09-28,0.01142663488294896
2086-09-29,0.011416555547832441
2086-09-30,0.011407335367960686
2086-10-01,0.01853036326595376
2086-10-02,0.018520883109289153
2086-10-03,0.018534576566879946
2086-10-04,0.0185065602230954
2086-10-05,0.018498974448063456
2086-10-06,0.01848988500805299
2086-10-07,0.018480194989182602
2086-10-08,0.01847039124484532
2086-10-09,0.018460065802101293
2086-10-10,0.018449891225136232
2086-10-11,0.018440415324570525
2086-10-12,0.01843150433084473
2086-10-13,0.01842349695576359
2086-10-14,0.01841662486121357
2086-10-15,0.018410073700943403
2086-10-16,0.018531494410434796
2086-10-17,0.01839699918869504
2086-10-18,0.018390395898395192
2086-10-19,0.01838332140417795
2086-10-20,0.01860293250880217
2086-10-21,0.01836929828874053
2086-10-22,0.01966868404297315
2086-10-23,0.018356997444574436
2086-10-24,0.018350769632905127
2086-10-25,0.018344489061204634
2086-10-26,0.01833832500893381
2086-10-27,0.018332385251435452
2086-10-28,0.018326842412101058
2086-10-29,0.019269793536326955
2086-10-30,0.018316374836379178
2086-10-31,0.01831132673878994
2086-11-01,0.01924830764932931
2086-11-02,0.019242945281901746
2086-11-03,0.01923742185611832
2086-11-04,0.01923190155578569
2086-11-05,0.032895823276383095
2086-11-06,0.020288931339596167
2086-11-07,0.33534646740277113
2086-11-08,0.19768533182283976
2086-11-09,0.18007912319738373
2086-11-10,0.22091584770686304
2086-11-11,0.02005746163705184
2086-11-12,0.043481472034462385
2086-11-13,0.019263662282731308
2086-11-14,0.021587427584289016
2086-11-15,0.019196504016680275
2086-11-16,0.1285887298010095
2086-11-17,0.050196731270441726
2086-11-18,0.05377398004110361
2086-11-19,0.02972069453702846
2086-11-20,0.22776736630568747
2086-11-21,0.07157662541918246
2086-11-22,0.058082208929906114
2086-11-23,0.06300496549360247
2086-11-24,0.06445682141805857
2086-11-25,0.02690210719359098
2086-11-26,0.027849516783751763
2086-11-27,0.07853402905837648
2086-11-28,0.03228495838607025
2086-11-29,0.07309064388451086
2086-11-30,0.2067721787630857
2086-12-01,0.13907247740776196
2086-12-02,0.20061292283728308
2086-12-03,0.22357395818682654
2086-12-04,0.16898583146701768
2086-12-05,0.1554407323307836
2086-12-06,0.11125405812899405
2086-12-07,0.08091326278153008
2086-12-08,0.3341279473451744
2086-12-09,0.025588413812331245
2086-12-10,0.655648736976087
2086-12-11,0.7189265330328165
2086-12-12,1.7341819254863227
2086-12-13,0.3354460984903735
2086-12-14,0.08320600016072342
2086-12-15,0.2577260851077277
2086-12-16,0.06718668274764589
2086-12-17,0.07163727250266788
2086-12-18,0.06837584060631184
2086-12-19,0.038406171905168866
2086-12-20,0.04190840688039031
2086-12-21,0.062061027856560876
2086-12-22,0.08874925901815996
2086-12-23,0.3947007498233671
2086-12-24,0.04263618862554446
2086-12-25,0.04977376573835587
2086-12-26,0.0332013970328036
2086-12-27,0.030694315208452456
2086-12-28,0.07425006892689305
2086-12-29,0.0473338785670387
2086-12-30,0.04664898555871645
2086-12-31,0.04316521070551934
2087-01-01,0.03670787039171691
2087-01-02,0.09543418782064819
2087-01-03,0.14780044594129163
2087-01-04,0.13902466768488922
2087-01-05,0.09288307977311117
2087-01-06,0.039816933419428505
2087-01-07,0.18185933605544757
2087-01-08,0.11428985145348865
2087-01-09,0.04577223988648895
2087-01-10,0.056148078339112145
2087-01-11,0.032194724522172626
2087-01-12,0.060306091776822154
2087-01-13,0.0625435714147105
2087-01-14,0.04286790915399965
2087-01-15,0.04447808727431429
2087-01-16,0.047628717716673395
2087-01-17,0.030365229041491765
2087-01-18,0.0314071503261254
2087-01-19,0.22322257650997346
2087-01-20,0.6296976976000815
2087-01-21,0.12156362114244626
2087-01-22,0.0637846364947043
2087-01-23,0.031273208890863234
2087-01-24,0.032167814920319754
2087-01-25,0.023881934911545392
2087-01-26,0.01752462708805313
2087-01-27,0.022352247073463418
2087-01-28,0.019880490710990274
2087-01-29,0.015681711885977723
2087-01-30,0.016049435960809558
2087-01-31,0.016190691133280692
2087-02-01,0.0382508366496186
2087-02-02,0.2539806645488199
2087-02-03,0.416248008047185
2087-02-04,1.3338459225695205
2087-02-05,0.3155421695521288
2087-02-06,0.41259178045159256
2087-02-07,0.5213346843713784
2087-02-08,0.8051726092393704
2087-02-09,1.2662892932454635
2087-02-10,1.6877120282759723
2087-02-11,0.7870409931179202
2087-02-12,0.763362429438034
2087-02-13,1.3558112405382097
2087-02-14,2.4285776492130307
2087-02-15,2.5072382738560206
2087-02-16,1.0382290389464284
2087-02-17,0.9237697651621124
2087-02-18,1.0817980969791459
2087-02-19,0.9819331171499608
2087-02-20,1.1993082736849574
2087-02-21,1.1076305393382049
2087-02-22,1.2008990248104097
2087-02-23,1.3351791356112759
2087-02-24,1.244067386453116
2087-02-25,1.0664253607338028
2087-02-26,1.055999959546896
2087-02-27,0.9481112093542463
2087-02-28,1.0070904046971025
2087-03-01,1.0518855412149994
2087-03-02,1.0885114887217777
2087-03-03,1.069377440388627
2087-03-04,1.1850630443359316
2087-03-05,1.6927629670456534
2087-03-06,2.0966908881876223
2087-03-07,1.1103314300068523
2087-03-08,1.0649376478474328
2087-03-09,1.0689450888376455
2087-03-10,0.9484544338049089
2087-03-11,0.9092816456314262
2087-03-12,0.9247251357150941
2087-03-13,0.9326129430691872
2087-03-14,0.9779973008327366
2087-03-15,0.8538105568471841
2087-03-16,0.8905906193832288
2087-03-17,1.1861927825871659
2087-03-18,1.4153796351350842
2087-03-19,2.1379621844591226
2087-03-20,2.384609450992854
2087-03-21,2.2907749950268905
2087-03-22,1.8001091153293114
2087-03-23,1.1384647676014754
2087-03-24,1.309650195234459
2087-03-25,2.163466923616135
2087-03-26,2.2025374883148214
2087-03-27,1.5102389132020972
2087-03-28,1.2580964102184913
2087-03-29,1.1520796936592046
2087-03-30,1.2386245286548918
2087-03-31,1.8099066194257047
2087-04-01,1.4694704195247101
2087-04-02,1.3126176758186756
2087-04-03,1.7210039503640056
2087-04-04,2.6317747695566593
2087-04-05,2.10076690451779
2087-04-06,1.335065720431513
2087-04-07,1.3065737653581149
2087-04-08,1.2696045713987156
2087-04-09,1.3509750775217242
2087-04-10,1.2569744690558036
2087-04-11,1.2251393567327835
2087-04-12,1.2211420803934494
2087-04-13,1.1820077601938757
2087-04-14,1.103433196938192
2087-04-15,1.8421274382704844
2087-04-16,1.3440719145500468
2087-04-17,1.328304155504544
2087-04-18,1.2764939130766226
2087-04-19,1.3551794020955665
2087-04-20,1.7235680086384617
2087-04-21,1.6510363000570252
2087-04-22,1.4643945739598025
2087-04-23,1.4127261722836417
2087-04-24,1.35873835370765
2087-04-25,1.5893708162899016
2087-04-26,1.916204425698836
2087-04-27,2.11689155741796
2087-04-28,1.8659245661088626
2087-04-29,2.118983088867048
2087-04-30,2.273127947906904
2087-05-01,2.18804876751043
2087-05-02,2.292249092010365
2087-05-03,2.1940082054850154
2087-05-04,1.4914653757760565
2087-05-05,1.5452360515368981
2087-05-06,1.6699585203344016
2087-05-07,1.7545166134904107
2087-05-08,2.112669442905201
2087-05-09,2.5848700629611274
2087-05-10,2.5955502702095323
2087-05-11,1.6506854366534207
2087-05-12,1.5205874939493813
2087-05-13,1.8693641554875389
2087-05-14,2.4535368621496136
2087-05-15,3.1719940254844476
2087-05-16,3.6872063420592704
2087-05-17,3.5128942604123847
2087-05-18,3.1498469280303296
2087-05-19,1.6152038365132253
2087-05-20,1.3900356880695677
2087-05-21,1.220003000725873
2087-05-22,0.8701696649763764
2087-05-23,0.9170984504567088
2087-05-24,1.2658170926225865
2087-05-25,1.1280718980610474
2087-05-26,1.1966217390805738
2087-05-27,1.1597434923243428
2087-05-28,0.5083388531190357
2087-05-29,0.5018826374753194
2087-05-30,0.4043196649378893
2087-05-31,0.3625033560431201
2087-06-01,0.2797736323969682
2087-06-02,0.24592246211290872
2087-06-03,0.2141266683943956
2087-06-04,0.17630400823102685
2087-06-05,0.152170105276404
2087-06-06,0.13258234451510295
2087-06-07,0.11798583162976312
2087-06-08,0.19174781281071374
2087-06-09,0.09685193448945832
2087-06-10,0.09190202892737358
2087-06-11,0.07739071755774149
2087-06-12,0.0686876924142949
2087-06-13,0.061247668113477136
2087-06-14,0.05567689292905356
2087-06-15,0.05282527660081226
2087-06-16,0.04367336232481166
2087-06-17,0.04335769459078556
2087-06-18,0.03508487464772062
2087-06-19,0.03967570791737271
2087-06-20,0.02906236060965919
2087-06-21,0.026398717844238466
2087-06-22,0.024304873424229965
2087-06-23,0.02235300467973878
2087-06-24,0.02069290478664481
2087-06-25,0.01941743826483417
2087-06-26,0.018475734529509926
2087-06-27,0.0177802265922569
2087-06-28,0.0172253153904033
2087-06-29,0.016752207385142236
2087-06-30,0.01634467671340655
2087-07-01,0.052340130030676876
2087-07-02,0.05118109972542058
2087-07-03,0.05007751201348883
2087-07-04,0.049010572573502754
2087-07-05,0.048033508679633914
2087-07-06,0.04710189746565916
2087-07-07,0.04609774840503905
2087-07-08,0.04498620356530455
2087-07-09,0.04605761732422435
2087-07-10,0.04292948105599052
2087-07-11,0.041991648893735904
2087-07-12,0.04109350592073255
2087-07-13,0.0402226921718835
2087-07-14,0.03935065674365219
2087-07-15,0.03848297451294914
2087-07-16,0.03764663741615815
2087-07-17,0.054613626277022265
2087-07-18,0.036278931152075825
2087-07-19,0.0749861713031534
2087-07-20,0.03527996105944593
2087-07-21,0.0648515978854354
2087-07-22,0.03425819570413468
2087-07-23,0.05106635027719233
2087-07-24,0.03317730797397404
2087-07-25,0.09863207113921431
2087-07-26,0.585428710222639
2087-07-27,0.03273212943639749
2087-07-28,0.03550274667532858
2087-07-29,0.03173339058569761
2087-07-30,0.0314227398660728
2087-07-31,0.09199958556540298
2087-08-01,0.04471327904396579
2087-08-02,0.02796524954265301
2087-08-03,0.04053407389526869
2087-08-04,0.08833868461333182
2087-08-05,0.027421575922580602
2087-08-06,0.02724040376565869
2087-08-07,0.027079877391172822
2087-08-08,0.026937381044825227
2087-08-09,1.1564609649689923
2087-08-10,0.026706635531940675
2087-08-11,0.026599595743013186
2087-08-12,0.026499859335626024
2087-08-13,0.0755587193932222
2087-08-14,1.2161559969631586
2087-08-15,0.0263614575514375
2087-08-16,0.0879143980729657
2087-08-17,0.026380655447095155
2087-08-18,0.02748507378721698
2087-08-19,0.026337070286633114
2087-08-20,0.03436566826682186
2087-08-21,0.02625716519034238
2087-08-22,0.02621000557159036
2087-08-23,0.026160010140135914
2087-08-24,0.026110784498103244
2087-08-25,0.02606475003423175
2087-08-26,0.02602128861343803
2087-08-27,0.02597679099298624
2087-08-28,0.25815520214899546
2087-08-29,0.025913187848542754
2087-08-30,0.03027740863751588
2087-08-31,0.025857633989751726
2087-09-01,0.01149261537560207
2087-09-02,0.013211350116095377
2087-09-03,0.012241231178914022
2087-09-04,0.013213140391134777
2087-09-05,0.011449755298022458
2087-09-06,0.011672521563005798
2087-09-07,0.011428860527606853
2087-09-08,0.011418466797979056
2087-09-09,0.011408039584547416
2087-09-10,0.011397916332396
2087-09-11,0.011388355354893805
2087-09-12,0.011379486943073808
2087-09-13,0.02193752341816065
2087-09-14,0.02413150476939927
2087-09-15,0.011358944655911798
2087-09-16,0.014217344187422888
2087-09-17,0.07473536758342533
2087-09-18,0.014736224650575919
2087-09-19,0.014450772319482181
2087-09-20,0.011343888291445257
2087-09-21,0.011327601113125892
2087-09-22,0.11775848506300195
2087-09-23,0.05736521089530119
2087-09-24,0.01131387702581088
2087-09-25,0.5915735094619622
2087-09-26,0.7999051835877389
2087-09-27,0.07890155547771627
2087-09-28,0.3780247324148176
2087-09-29,0.0560079455208843
2087-09-30,0.012540813467561107
2087-10-01,0.021696769836787276
2087-10-02,0.027270439167846564
2087-10-03,0.07863753806933152
2087-10-04,0.045699548922827536
2087-10-05,0.05785666120368355
2087-10-06,0.26819688476956033
2087-10-07,0.021001709078711857
2087-10-08,0.047388705690384
2087-10-09,0.020975390957393165
2087-10-10,0.020947970660358792
2087-10-11,0.026522861695998535
2087-10-12,0.020891079751165893
2087-10-13,0.020836470115106125
2087-10-14,0.020787113703572207
2087-10-15,0.020735368107095982
2087-10-16,0.02067629037774235
2087-10-17,0.020624171536369702
2087-10-18,0.020573080216602913
2087-10-19,2.4328812391213135
2087-10-20,5.841473272214812
2087-10-21,1.381911649369727
2087-10-22,0.45179068936770955
2087-10-23,0.28038890325600574
2087-10-24,0.07364927385096036
2087-10-25,0.032190388208652276
2087-10-26,0.0322075083748284
2087-10-27,0.03217301374159089
2087-10-28,0.03256388694191615
2087-10-29,0.03204220856993969
2087-10-30,0.031952088424823506
2087-10-31,0.07434096317433102
2087-11-01,0.034833915738183806
2087-11-02,0.033425543040921796
2087-11-03,0.03338543130887811
2087-11-04,0.033316800201353206
2087-11-05,0.033187831748286656
2087-11-06,0.033023969954882264
2087-11-07,0.03284786002771757
2087-11-08,0.03267293308747756
2087-11-09,0.03250308376742806
2087-11-10,0.03233913373640765
2087-11-11,0.03985544374166218
2087-11-12,0.03509414773937047
2087-11-13,0.03207240285805962
2087-11-14,0.03203980640367989
2087-11-15,0.032007166497225764
2087-11-16,0.032732520691624384
2087-11-17,0.031875167493945915
2087-11-18,0.032964538662117536
2087-11-19,0.032526126653911
2087-11-20,0.031606127342195096
2087-11-21,0.2247751272534287
2087-11-22,0.1080880440791331
2087-11-23,0.052539006199697084
2087-11-24,0.056128729816364686
2087-11-25,0.03137529661580019
2087-11-26,0.15259197904746596
2087-11-27,0.9365593336863264
2087-11-28,0.5633419528338264
2087-11-29,0.20083692510594894
2087-11-30,0.7947055343122184
2087-12-01,0.04359105720864717
2087-12-02,0.03708303258436638
2087-12-03,1.8651233518065908
2087-12-04,1.3639472492333704
2087-12-05,0.16555901768875844
2087-12-06,0.07487424661581502
2087-12-07,0.05097084427455242
2087-12-08,0.1648662356940889
2087-12-09,0.31204180955751815
2087-12-10,0.04805614852315056
2087-12-11,0.044988001652918455
2087-12-12,0.04928355770357414
2087-12-13,0.1146460811425681
2087-12-14,0.047786114836448845
2087-12-15,0.05733960904280927
2087-12-16,0.14163037583583804
2087-12-17,0.24986120495879605
2087-12-18,0.367915218766666
2087-12-19,0.21630238254027676
2087-12-20,0.05107130239451247
2087-12-21,0.049633014882972615
2087-12-22,0.051262994844421005
2087-12-23,0.057330420142552935
2087-12-24,0.05129779736802099
2087-12-25,0.05674760545659832
2087-12-26,0.05691780899554928
2087-12-27,0.14042253628967905
2087-12-28,0.24738278387058257
2087-12-29,0.06451254972689043
2087-12-30,0.07068985470524627
2087-12-31,0.0556690434267901
2088-01-01,0.052169264430254395
2088-01-02,0.03970597171413489
2088-01-03,0.03501790715378405
2088-01-04,0.06986847200047103
2088-01-05,0.061524519081128576
2088-01-06,0.04172831465452215
2088-01-07,0.06403488790820225
2088-01-08,0.08569505133288921
2088-01-09,0.06339073965052736
2088-01-10,0.04405779729725353
2088-01-11,0.04453179694360122
2088-01-12,0.06921713712491259
2088-01-13,0.06751893392447106
2088-01-14,0.060161315219197604
2088-01-15,0.20243206219130386
2088-01-16,0.1744691882461341
2088-01-17,0.06484987818022525
2088-01-18,0.07157983186448258
2088-01-19,0.07687454653806096
2088-01-20,0.08367212994317451
2088-01-21,0.0910597161495361
2088-01-22,0.08627736892934855
2088-01-23,0.14293735333546578
2088-01-24,0.21879938879387828
2088-01-25,0.1564515321364463
2088-01-26,0.13695719107558002
2088-01-27,0.1716236786814846
2088-01-28,0.15411488267686754
2088-01-29,0.1575103586242335
2088-01-30,0.14875123594920336
2088-01-31,0.1469724008035032
2088-02-01,0.14040731601626513
2088-02-02,0.14664655308347108
2088-02-03,0.14177754811946852
2088-02-04,0.1293020121281619
2088-02-05,0.12591487408521343
2088-02-06,0.13220293714913348
2088-02-07,0.15515261070789804
2088-02-08,0.17963901684481334
2088-02-09,0.14969844269327434
2088-02-10,0.1221103640760719
2088-02-11,0.11985739337913119
2088-02-12,0.1335840460833338
2088-02-13,0.12033959601334637
2088-02-14,0.10110048425750649
2088-02-15,0.09998213034800507
2088-02-16,0.09813144943431014
2088-02-17,0.15894849015259863
2088-02-18,0.6603575235930225
2088-02-19,0.43066177839047487
2088-02-20,0.26358203999404484
2088-02-21,0.26034360705347387
2088-02-22,0.39526400829982555
2088-02-23,0.26765439777789124
2088-02-24,0.3187057525258044
2088-02-25,0.4210570124852832
2088-02-26,0.5196349376974343
2088-02-27,0.5833576976918136
2088-02-28,0.9968710696224166
2088-02-29,0.5313240543395897
2088-03-01,0.8014111174824383
2088-03-02,1.1794689911045866
2088-03-03,1.1267401579342475
2088-03-04,1.244618073719398
2088-03-05,1.2479333561172836
2088-03-06,1.1391280818862524
2088-03-07,1.2332015998040133
2088-03-08,1.2120614885961216
2088-03-09,1.364442098283458
2088-03-10,1.563060658582616
2088-03-11,1.585127523894149
2088-03-12,1.9587264587799553
2088-03-13,2.9554863398829565
2088-03-14,3.6234754593843284
2088-03-15,2.557805649346221
2088-03-16,2.262017547452621
2088-03-17,1.7040239867179097
2088-03-18,1.7005069855277426
2088-03-19,1.766378851735536
2088-03-20,1.808152986965337
2088-03-21,1.4825017846306974
2088-03-22,1.4607332851773573
2088-03-23,1.4273740315874248
2088-03-24,1.3217226914876745
2088-03-25,1.5469513177451961
2088-03-26,1.7839282939591852
2088-03-27,1.998779954299975
2088-03-28,1.8741195038186929
2088-03-29,1.2664055126134397
2088-03-30,1.1090028759462949
2088-03-31,0.756453926286679
2088-04-01,0.8086120680779681
2088-04-02,0.7645350200603052
2088-04-03,0.9604372291903872
2088-04-04,1.10106966734136
2088-04-05,0.6707397486257756
2088-04-06,0.6513129085311672
2088-04-07,0.605135315512265
2088-04-08,0.5695566966410872
2088-04-09,0.5553567341660779
2088-04-10,0.4888900510986514
2088-04-11,0.43715189321896064
2088-04-12,0.39408329232201605
2088-04-13,0.38797062312410435
2088-04-14,0.3210006334073236
2088-04-15,0.2830598710036952
2088-04-16,0.2500851309098971
2088-04-17,0.22221387720361496
2088-04-18,0.19675385304979826
2088-04-19,0.1809520739201998
2088-04-20,0.15596153992644626
2088-04-21,0.13760416406666823
2088-04-22,0.12108391635965617
2088-04-23,0.11087663102622777
2088-04-24,0.09541406824540878
2088-04-25,0.08631325461120248
2088-04-26,0.07874970746484578
2088-04-27,0.07088761665115383
2088-04-28,0.062187546847986795
2088-04-29,0.05383444670052846
2088-04-30,0.04682625857466483
2088-05-01,0.05832597696085478
2088-05-02,0.03847079552764009
2088-05-03,0.035970388153126184
2088-05-04,0.03365433329560607
2088-05-05,0.04349196837473881
2088-05-06,0.03042484793154826
2088-05-07,0.029506196922342458
2088-05-08,0.028680624607170933
2088-05-09,0.02810868896400169
2088-05-10,0.02753721123791325
2088-05-11,0.037051141489901476
2088-05-12,0.029974201724869975
2088-05-13,0.32625385860366946
2088-05-14,0.7032357569584127
2088-05-15,0.8079415468086404
2088-05-16,0.32197844117948576
2088-05-17,0.2185790977950941
2088-05-18,0.22819586094714903
2088-05-19,0.11808081533598655
2088-05-20,0.3474344320219912
2088-05-21,0.48932576208456563
2088-05-22,0.525643876984752
2088-05-23,0.4543688514375706
2088-05-24,0.24227182784072132
2088-05-25,0.291346395647489
2088-05-26,0.35070848002506844
2088-05-27,0.34842721233760965
2088-05-28,0.3599767668559787
2088-05-29,0.27623543354210417
2088-05-30,0.26012406386562775
2088-05-31,0.2346063471242971
2088-06-01,0.17475836903480277
2088-06-02,0.146797319412197
2088-06-03,0.12299929146610963
2088-06-04,0.102850051267226
2088-06-05,0.08524865993824304
2088-06-06,0.0701520369286367
2088-06-07,0.05768455385209167
2088-06-08,0.047128328983609725
2088-06-09,0.03871616441305611
2088-06-10,0.03283051525325629
2088-06-11,0.028779398153510834
2088-06-12,0.02605228354429886
2088-06-13,0.033751562136092206
2088-06-14,0.023122431758433055
2088-06-15,0.18241930865039818
2088-06-16,0.021738882236970097
2088-06-17,0.02117286519315624
2088-06-18,0.020592124637765875
2088-06-19,0.02012192699978857
2088-06-20,0.019759258280907504
2088-06-21,0.019445549099309452
2088-06-22,0.019161096711487635
2088-06-23,0.018882920449173227
2088-06-24,0.018590746079256166
2088-06-25,0.018313259238712944
2088-06-26,0.02601077774519825
2088-06-27,0.01782708356119628
2088-06-28,0.017505308641950837
2088-06-29,0.017148360599876424
2088-06-30,0.0168352809976908
2088-07-01,0.09924248202900596
2088-07-02,0.05341638291944971
2088-07-03,0.05245693427870629
2088-07-04,0.06339287873487161
2088-07-05,0.050408863495357996
2088-07-06,0.0492770344365133
2088-07-07,0.048093094657525225
2088-07-08,0.04692244751833729
2088-07-09,0.0458146538781226
2088-07-10,0.05397732784136092
2088-07-11,0.06574550966865456
2088-07-12,0.0766992537928057
2088-07-13,0.05212597995222463
2088-07-14,0.10025004531492893
2088-07-15,0.04844855038529385
2088-07-16,0.04753424913653797
2088-07-17,0.04700012172494918
2088-07-18,0.09739599290583005
2088-07-19,0.6761891138716625
2088-07-20,0.038467055089865726
2088-07-21,0.05121483428787864
2088-07-22,0.0916685237479274
2088-07-23,0.08160903828618704
2088-07-24,0.036012577414936416
2088-07-25,0.03540562099592939
2088-07-26,0.034821076235455044
2088-07-27,0.03428737602327239
2088-07-28,0.03382107056871691
2088-07-29,0.03338976495126134
2088-07-30,0.03295927846213848
2088-07-31,0.03254520916907131
2088-08-01,0.029496031314342284
2088-08-02,0.029134820971734254
2088-08-03,1.6548584623455485
2088-08-04,1.3793431465279067
2088-08-05,1.4672130912821146
2088-08-06,0.030725213111037326
2088-08-07,1.1664504053799611
2088-08-08,0.03187966196784249
2088-08-09,0.032100515134461216
2088-08-10,0.031975440526145406
2088-08-11,0.03170117752760667
2088-08-12,0.03814457690887814
2088-08-13,0.031063107303474658
2088-08-14,0.09307090135507248
2088-08-15,1.1380171547003615
2088-08-16,3.310015939461156
2088-08-17,1.9079222611989286
2088-08-18,0.036698805930972876
2088-08-19,0.7214773448219152
2088-08-20,0.03746342442108029
2088-08-21,0.04108154825200801
2088-08-22,0.03739857740459936
2088-08-23,0.15990208817842627
2088-08-24,0.03666941385874984
2088-08-25,0.036175147238811114
2088-08-26,0.03558903386069247
2088-08-27,0.05807220115211684
2088-08-28,0.035069872207031054
2088-08-29,0.03408037047493736
2088-08-30,0.7451334173216243
2088-08-31,0.03320956639900334
2088-09-01,0.01461410936683482
2088-09-02,0.014450196643484056
2088-09-03,0.015480978353649446
2088-09-04,0.01615819950984505
2088-09-05,0.018466631027695385
2088-09-06,0.015125052416131844
2088-09-07,0.014840356856628212
2088-09-08,0.013714797746080165
2088-09-09,0.01357764816433326
2088-09-10,0.01344136863060942
2088-09-11,0.013312024414927893
2088-09-12,0.013187744711062247
2088-09-13,0.013062600868266001
2088-09-14,0.01294199294212685
2088-09-15,0.01283043725543091
2088-09-16,0.020378045741445933
2088-09-17,0.012654332750464447
2088-09-18,0.012581725478212196
2088-09-19,0.012495023630367036
2088-09-20,0.016007956720492062
2088-09-21,0.05100717609645079
2088-09-22,0.10569768026981875
2088-09-23,0.015129370932355874
2088-09-24,0.07652311541307626
2088-09-25,0.03627564399040384
2088-09-26,0.012221510567406939
2088-09-27,0.01218874505248679
2088-09-28,0.012161198835910285
2088-09-29,0.012136508677841213
2088-09-30,0.013216784609299452
2088-10-01,0.03964535383132915
2088-10-02,0.03504799519370113
2088-10-03,0.17287725280960078
2088-10-04,1.7139688977276404
2088-10-05,0.03744964171330315
2088-10-06,0.05873143185156588
2088-10-07,0.020483281585490457
2088-10-08,0.021146096583549708
2088-10-09,0.020720391621392883
2088-10-10,0.020753920355140423
2088-10-11,0.02075318761968913
2088-10-12,0.02073981475264772
2088-10-13,0.020707146329583367
2088-10-14,0.02065882585027257
2088-10-15,0.020612687399420057
2088-10-16,0.020573787035818226
2088-10-17,0.02052929471741796
2088-10-18,0.02047598650160525
2088-10-19,0.020438300853060105
2088-10-20,0.06208141863291719
2088-10-21,1.1860708998775276
2088-10-22,2.678254632325633
2088-10-23,0.19287312536629986
2088-10-24,0.0334478240294931
2088-10-25,0.025093038578942593
2088-10-26,0.02535145194347303
2088-10-27,0.025483195785020115
2088-10-28,0.025566061445413575
2088-10-29,0.0390124376389425
2088-10-30,0.02556508757651099
2088-10-31,0.0283807374293281
2088-11-01,0.026805702768756223
2088-11-02,0.05214288944743647
2088-11-03,0.11455625590267278
2088-11-04,0.026631398954086675
2088-11-05,0.031985020192225766
2088-11-06,0.026348599865333142
2088-11-07,0.06205921449185196
2088-11-08,0.05684175527122373
2088-11-09,0.02612129774814003
2088-11-10,0.026115176804552352
2088-11-11,0.047217713414730765
2088-11-12,0.37126819983265286
2088-11-13,0.03784015278829501
2088-11-14,0.02616214328684796
2088-11-15,0.03268199227205336
2088-11-16,0.027946915331755105
2088-11-17,0.02614962304358983
2088-11-18,0.026158033429016344
2088-11-19,0.0456697277124108
2088-11-20,0.10914752854047745
2088-11-21,0.038200127941321
2088-11-22,0.02698265408304266
2088-11-23,0.02627848898359396
2088-11-24,0.026323544560704366
2088-11-25,0.02761878630265911
2088-11-26,0.02957091018748059
2088-11-27,0.028890109563665126
2088-11-28,0.026348894773252536
2088-11-29,0.4484344375407091
2088-11-30,0.2217738902924739
2088-12-01,0.04067869814161306
2088-12-02,0.26925728903993235
2088-12-03,0.8073011763207176
2088-12-04,0.6667184067224067
2088-12-05,0.4219425501330022
2088-12-06,0.26695915405905113
2088-12-07,0.04116229845590774
2088-12-08,0.03976118234351217
2088-12-09,0.05815211709646403
2088-12-10,0.12855660061804935
2088-12-11,0.13814033575571597
2088-12-12,0.2231328336376744
2088-12-13,0.5072113547115431
2088-12-14,0.3066164045990654
2088-12-15,0.30807650796290387
2088-12-16,0.17304920616708608
2088-12-17,0.13981055909278034
2088-12-18,0.4469235634648708
2088-12-19,0.3128426734306044
2088-12-20,0.0462670229517876
2088-12-21,0.23691698072254194
2088-12-22,0.4214427112564998
2088-12-23,0.11591333013086035
2088-12-24,0.050854364620270626
2088-12-25,0.06824319896486909
2088-12-26,0.05370091840882962
2088-12-27,0.04763926562542944
2088-12-28,0.05297302958349678
2088-12-29,0.04082676210147779
2088-12-30,0.039890784858317395
2088-12-31,0.04154096648552354
2089-01-01,0.01862991945160338
2089-01-02,0.030126415166587296
2089-01-03,0.08763864140212071
2089-01-04,0.9441903363243812
2089-01-05,6.477567808707423
2089-01-06,13.200796296981878
2089-01-07,1.3116065267730586
2089-01-08,0.39307849541042983
2089-01-09,3.6879115906708098
2089-01-10,13.365946356856014
2089-01-11,16.634637176413392
2089-01-12,25.842860745657752
2089-01-13,47.04582136104732
2089-01-14,13.097633995913442
2089-01-15,5.77994386141237
2089-01-16,4.776568801559035
2089-01-17,7.10795822585812
2089-01-18,4.968871215902324
2089-01-19,4.9096426091776735
2089-01-20,5.856457200988551
2089-01-21,4.172111290127964
2089-01-22,2.271258008601584
2089-01-23,2.07951219780389
2089-01-24,2.496145569060741
2089-01-25,3.8522342868468975
2089-01-26,2.6162245244502667
2089-01-27,2.474816762072347
2089-01-28,4.156394203349041
2089-01-29,4.19622937935243
2089-01-30,5.515294297851205
2089-01-31,3.6752000729534355
2089-02-01,2.112622672070079
2089-02-02,1.7690831475276556
2089-02-03,1.732302114613292
2089-02-04,1.9236581944941944
2089-02-05,1.5504199171603432
2089-02-06,1.5171629080438283
2089-02-07,1.8720580696099862
2089-02-08,1.706532889677123
2089-02-09,1.5314774065709043
2089-02-10,1.4102114091172993
2089-02-11,1.6403203149629502
2089-02-12,2.0137196936855144
2089-02-13,1.3140426247403731
2089-02-14,1.3301298213587942
2089-02-15,1.6168343506713272
2089-02-16,1.7368789244815612
2089-02-17,2.4345216498726523
2089-02-18,1.5431936759495455
2089-02-19,1.7793491673456865
2089-02-20,3.1412744775374084
2089-02-21,2.165351954761371
2089-02-22,2.053030745775476
2089-02-23,3.3807122432774643
2089-02-24,4.184826027997669
2089-02-25,2.315163913808792
2089-02-26,2.044887199295337
2089-02-27,2.8502766303466696
2089-02-28,6.570584413442115
2089-03-01,11.688919375637838
2089-03-02,12.205032606626025
2089-03-03,4.344907949862656
2089-03-04,3.37295083243761
2089-03-05,6.225470550162194
2089-03-06,2.8051474104708767
2089-03-07,2.594782204644779
2089-03-08,2.664219208749826
2089-03-09,2.7617382831354798
2089-03-10,3.043280462154244
2089-03-11,2.537217981284251
2089-03-12,2.525392339026768
2089-03-13,3.1615531133877903
2089-03-14,3.2520775913372737
2089-03-15,2.3300183141358572
2089-03-16,2.3077268890208638
2089-03-17,2.6377126912098863
2089-03-18,3.4504191621613534
2089-03-19,2.263154900483589
2089-03-20,2.1140343805993433
2089-03-21,2.0607298069866884
2089-03-22,2.238207668357438
2089-03-23,2.5109519503212403
2089-03-24,3.042134008776715
2089-03-25,4.601463943652971
2089-03-26,5.197490936132332
2089-03-27,5.6683968949246
2089-03-28,6.323230008834763
2089-03-29,3.663500884622689
2089-03-30,2.7737346853871743
2089-03-31,4.703475983349102
2089-04-01,3.71732919429969
2089-04-02,4.721110448444991
2089-04-03,7.599073848992355
2089-04-04,8.145798601736667
2089-04-05,5.737354038643698
2089-04-06,3.1463409763649435
2089-04-07,2.4149135741744447
2089-04-08,2.3495905979899083
2089-04-09,2.260835170722343
2089-04-10,2.283354623283955
2089-04-11,3.7515342629080712
2089-04-12,3.251087297450476
2089-04-13,3.4801665969592803
2089-04-14,4.188813992048193
2089-04-15,5.167114693356433
2089-04-16,6.520897134450971
2089-04-17,6.847363462629286
2089-04-18,8.218546460744365
2089-04-19,6.238025569488517
2089-04-20,2.535591380982402
2089-04-21,2.8459113592540155
2089-04-22,2.3685071797941784
2089-04-23,2.163694510388281
2089-04-24,2.398947262476497
2089-04-25,4.103973645821675
2089-04-26,3.586175704035429
2089-04-27,3.569244469538472
2089-04-28,3.3867292767036283
2089-04-29,2.9844452684993708
2089-04-30,5.165850347169512
2089-05-01,5.468723374707781
2089-05-02,5.066889107054602
2089-05-03,4.710688646030353
2089-05-04,2.065100425505384
2089-05-05,1.851499966898324
2089-05-06,1.9790132296067944
2089-05-07,4.27006521515271
2089-05-08,4.560610715821161
2089-05-09,5.611168987311628
2089-05-10,4.3312114732552445
2089-05-11,7.283441375585688
2089-05-12,8.037053797522557
2089-05-13,7.607362800885423
2089-05-14,6.336361882067815
2089-05-15,6.2893206168382285
2089-05-16,2.696213354730737
2089-05-17,2.002809289408393
2089-05-18,2.6635476566108074
2089-05-19,4.2849317013700325
2089-05-20,5.34926046819843
2089-05-21,4.937467194170263
2089-05-22,4.41420840065041
2089-05-23,3.9896791100881694
2089-05-24,1.8193916046553142
2089-05-25,1.667300890636057
2089-05-26,2.388849216621339
2089-05-27,3.385101884471795
2089-05-28,5.136461367172292
2089-05-29,5.943169394301093
2089-05-30,5.170688389354124
2089-05-31,5.760002801253753
2089-06-01,4.3238690074828545
2089-06-02,3.4633367587048034
2089-06-03,1.7231659848396748
2089-06-04,1.1983983128970193
2089-06-05,1.5201608847485502
2089-06-06,2.0343502454164186
2089-06-07,2.5478147173249788
2089-06-08,2.6022940088581588
2089-06-09,3.573254752650784
2089-06-10,3.3824386938079964
2089-06-11,3.2497931880036344
2089-06-12,2.7620082085894304
2089-06-13,2.029912025628128
2089-06-14,1.162558974770234
2089-06-15,1.7111240909204803
2089-06-16,1.0352093228970913
2089-06-17,0.983089719677327
2089-06-18,1.0583038584928972
2089-06-19,1.275202592404779
2089-06-20,1.3045035683060697
2089-06-21,1.4028652041489853
2089-06-22,1.6015766824657065
2089-06-23,1.155716129128274
2089-06-24,0.9919929698596309
2089-06-25,0.8123153967191837
2089-06-26,0.7770987866322573
2089-06-27,0.9726685974695926
2089-06-28,0.3172733478325256
2089-06-29,0.26713546999102883
2089-06-30,0.23635462241431932
2089-07-01,0.7444227665468464
2089-07-02,0.6906979548504139
2089-07-03,0.5961997505662333
2089-07-04,0.5182951874962554
2089-07-05,0.45204524307608956
2089-07-06,0.40767923080373675
2089-07-07,0.3746649297529654
2089-07-08,0.3193464905868404
2089-07-09,0.20393161236541468
2089-07-10,0.1797090255752374
2089-07-11,0.16045789174847683
2089-07-12,0.1459068207226131
2089-07-13,0.13073777311756177
2089-07-14,0.11691837470020494
2089-07-15,0.10417672577822862
2089-07-16,0.24795758482606137
2089-07-17,0.08896098983268529
2089-07-18,0.10572969213969695
2089-07-19,0.07869104399917765
2089-07-20,0.07680883666009312
2089-07-21,0.0750457488879668
2089-07-22,0.07397894176274096
2089-07-23,0.6937062826487734
2089-07-24,0.6244943674405692
2089-07-25,0.41859305335890007
2089-07-26,0.0507100856008202
2089-07-27,0.04966748144686912
2089-07-28,0.0486475699200764
2089-07-29,0.10449885903789313
2089-07-30,0.04632081737847671
2089-07-31,0.04493726672607472
2089-08-01,0.03983107164224786
2089-08-02,0.11966501526548427
2089-08-03,0.037855171819787245
2089-08-04,0.14850302565351542
2089-08-05,0.9098835734046123
2089-08-06,1.0830405785170953
2089-08-07,1.1703950928449798
2089-08-08,0.039054241733091154
2089-08-09,0.03919492052439138
2089-08-10,0.03869207975063941
2089-08-11,0.037965968439540136
2089-08-12,0.03744359796933553
2089-08-13,0.03641729989907774
2089-08-14,0.24161681675679436
2089-08-15,0.03527808427582134
2089-08-16,0.034862867611252304
2089-08-17,0.0347469058822223
2089-08-18,0.03962442042846018
2089-08-19,0.03634160858009721
2089-08-20,0.04465624277216952
2089-08-21,0.032883623103352466
2089-08-22,0.032479585578287624
2089-08-23,0.032143720926395725
2089-08-24,0.0319213492158956
2089-08-25,0.031485954869892835
2089-08-26,0.031129679954510985
2089-08-27,0.030809690599123495
2089-08-28,0.030522914311511176
2089-08-29,0.2614924422515106
2089-08-30,0.24553711383569138
2089-08-31,0.03001756269580252
2089-09-01,0.013246690032051351
2089-09-02,0.013142829360811766
2089-09-03,0.21527749454843376
2089-09-04,0.012971026753891605
2089-09-05,0.049279915492844516
2089-09-06,0.012831703836934983
2089-09-07,0.013186648096916718
2089-09-08,0.03707552529333567
2089-09-09,0.02981992492179389
2089-09-10,0.0703692449546218
2089-09-11,0.07119268674376461
2089-09-12,0.08930662191570442
2089-09-13,0.04639366538200492
2089-09-14,0.012659512137027925
2089-09-15,0.05871551963955218
2089-09-16,0.012590753720845277
2089-09-17,0.028708419877901112
2089-09-18,0.0125289074989078
2089-09-19,0.012500026372884788
2089-09-20,0.01246377165042004
2089-09-21,0.012420035846129924
2089-09-22,0.012376398556589212
2089-09-23,0.012333622810296126
2089-09-24,0.012289852664338722
2089-09-25,0.012245466833391372
2089-09-26,0.012205207591529358
2089-09-27,0.012167708963173403
2089-09-28,0.012131013506763256
2089-09-29,0.012094793393613553
2089-09-30,0.012060863180266581
2089-10-01,0.019552745377706113
2089-10-02,0.019502318235106224
2089-10-03,0.019454147382093383
2089-10-04,0.019410993865375977
2089-10-05,0.0193748056802998
2089-10-06,0.01937411884053412
2089-10-07,0.01931373990332856
2089-10-08,0.019288746321451115
2089-10-09,0.01926383464793091
2089-10-10,0.07120929700387559
2089-10-11,0.019217596470154707
2089-10-12,0.01918936447410528
2089-10-13,0.019162079075296715
2089-10-14,0.019133107805738736
2089-10-15,0.02518513280494125
2089-10-16,0.117173253422755
2089-10-17,0.019064844146671374
2089-10-18,0.1243829942459306
2089-10-19,0.09083099836470701
2089-10-20,0.019022501905205446
2089-10-21,0.02235289629841488
2089-10-22,0.06829553705028935
2089-10-23,0.01906360117288307
2089-10-24,0.018974972241501006
2089-10-25,0.018955885747355714
2089-10-26,0.018935682934277404
2089-10-27,0.01891769305665165
2089-10-28,0.019605007102106595
2089-10-29,0.01944651194983803
2089-10-30,0.018880623872434225
2089-10-31,0.01887332951397404
2089-11-01,0.021847045608618307
2089-11-02,0.019825562079825384
2089-11-03,0.019812846298996604
2089-11-04,0.019799488550346165
2089-11-05,0.11789258263427521
2089-11-06,0.032894963998563946
2089-11-07,0.028148155025231006
2089-11-08,0.020507714674210656
2089-11-09,0.019782622174017432
2089-11-10,0.01975817781681388
2089-11-11,0.07411060935767028
2089-11-12,1.065708535021361
2089-11-13,0.2682616306617625
2089-11-14,1.0412861311053647
2089-11-15,2.087631299378935
2089-11-16,0.7410054753385217
2089-11-17,0.046664699532266304
2089-11-18,0.0941648627480069
2089-11-19,0.21421985971387972
2089-11-20,0.1899138666554928
2089-11-21,0.10465738052333876
2089-11-22,0.043476156116175085
2089-11-23,0.04299080518077783
2089-11-24,0.10631380740581521
2089-11-25,0.10931042671757164
2089-11-26,0.6278039481137312
2089-11-27,1.2815539675034804
2089-11-28,0.04849290731089156
2089-11-29,0.032322180507715736
2089-11-30,0.030168301677752543
2089-12-01,0.03227698830040096
2089-12-02,0.03258722671961406
2089-12-03,0.03592273861440573
2089-12-04,0.03356138579040522
2089-12-05,0.033582600215656386
2089-12-06,0.03382515150365612
2089-12-07,0.03347969417141161
2089-12-08,0.03359716100347713
2089-12-09,0.03546688141993819
2089-12-10,0.0355078699299477
2089-12-11,0.03607080696688101
2089-12-12,0.03447660893070712
2089-12-13,0.03758148148015562
2089-12-14,0.09862690527819966
2089-12-15,0.2787372148923464
2089-12-16,0.17217744391267287
2089-12-17,0.055497668599364024
2089-12-18,0.07354581317082698
2089-12-19,0.08566904264773346
2089-12-20,0.13254378960014526
2089-12-21,0.1398721711007998
2089-12-22,0.11443811546444084
2089-12-23,0.19853542131342192
2089-12-24,0.08388484092213114
2089-12-25,0.04051013183443043
2089-12-26,0.037101421327596376
2089-12-27,0.05548411539076946
2089-12-28,0.03858547869758569
2089-12-29,0.09686783635393247
2089-12-30,0.442378907080431
2089-12-31,1.5602696953571205
2090-01-01,0.258461693626576
2090-01-02,0.3161455982388196
2090-01-03,0.20600462120042334
2090-01-04,0.12095447864689815
2090-01-05,0.13492626978671915
2090-01-06,0.04210991813192112
2090-01-07,0.037146012354518775
2090-01-08,0.035171568013605985
2090-01-09,0.021789282871070643
2090-01-10,0.025996081809208347
2090-01-11,0.026035120294435703
2090-01-12,0.018624021205416598
2090-01-13,0.01838577890311903
2090-01-14,0.01735505407269518
2090-01-15,0.01722582871202756
2090-01-16,0.11928556308015849
2090-01-17,2.9348217234771004
2090-01-18,18.196320299442828
2090-01-19,10.552070886329407
2090-01-20,0.6999964749776033
2090-01-21,0.68474667863574
2090-01-22,5.797662667491672
2090-01-23,5.479061755149308
2090-01-24,9.366542958230784
2090-01-25,35.14655636090131
2090-01-26,10.88891446929843
2090-01-27,2.3302368192709904
2090-01-28,2.684598012948076
2090-01-29,1.9879631693942919
2090-01-30,1.8186253169750093
2090-01-31,1.6871755524562515
2090-02-01,1.546559349696127
2090-02-02,1.5442653928025059
2090-02-03,1.5517743118852407
2090-02-04,1.3542429923738957
2090-02-05,1.2780070602648135
2090-02-06,1.2441083836551612
2090-02-07,1.2325180140936691
2090-02-08,1.177354415038012
2090-02-09,1.1704252567461408
2090-02-10,1.3671255836919256
2090-02-11,1.1267086038654932
2090-02-12,1.065581364538826
2090-02-13,1.1092095839038725
2090-02-14,1.0205035756583933
2090-02-15,0.9794244862137169
2090-02-16,0.9357661623850071
2090-02-17,0.9410221251508725
2090-02-18,0.9882635567119403
2090-02-19,0.996904316586963
2090-02-20,1.142985497323104
2090-02-21,2.013663992718433
2090-02-22,1.5114871456805694
2090-02-23,1.148997126691103
2090-02-24,1.4943088449772617
2090-02-25,1.7571375000916933
2090-02-26,1.2849805144988236
2090-02-27,3.422955587810181
2090-02-28,3.387162247271773
2090-03-01,2.257555187499673
2090-03-02,2.603281754893032
2090-03-03,1.8552553404203205
2090-03-04,2.0006764977127194
2090-03-05,2.084119818284543
2090-03-06,2.455848434735833
2090-03-07,1.9077552087503762
2090-03-08,2.603865102868351
2090-03-09,1.7778487268103353
2090-03-10,1.7857686315899606
2090-03-11,3.4964152597612546
2090-03-12,2.959511151108007
2090-03-13,3.7603051003497807
2090-03-14,3.241026342382533
2090-03-15,3.2607284032451718
2090-03-16,5.539745544260516
2090-03-17,3.9136927362251046
2090-03-18,3.1175254630750926
2090-03-19,3.0658243655114097
2090-03-20,3.4853885981373427
2090-03-21,3.8329282590206173
2090-03-22,5.321016355285014
2090-03-23,3.5003784803073237
2090-03-24,4.807490435604611
2090-03-25,3.6696676722400916
2090-03-26,2.840436888775998
2090-03-27,2.853454559446734
2090-03-28,2.7461947051423614
2090-03-29,3.2979837895114295
2090-03-30,3.413424743222181
2090-03-31,7.533517916086612
2090-04-01,6.458047335788205
2090-04-02,4.697575256660098
2090-04-03,8.380039828817797
2090-04-04,5.183690827685257
2090-04-05,3.0269537770430794
2090-04-06,2.8358929817156047
2090-04-07,2.8796232815293794
2090-04-08,3.3192654231228946
2090-04-09,2.918716147468688
2090-04-10,2.8067031774880276
2090-04-11,3.523429386763039
2090-04-12,3.9772607524232435
2090-04-13,4.790293807758826
2090-04-14,3.4448712633556564
2090-04-15,2.825974743360881
2090-04-16,2.915587176795956
2090-04-17,3.934494997069453
2090-04-18,5.4674312084649275
2090-04-19,4.615910346324485
2090-04-20,3.211488165099289
2090-04-21,2.2663041011852547
2090-04-22,2.4758863709641146
2090-04-23,2.64046661601804
2090-04-24,2.3625650373818057
2090-04-25,2.73461254768817
2090-04-26,3.95264170870222
2090-04-27,6.8892066085510075
2090-04-28,10.192352835384575
2090-04-29,9.331254794222842
2090-04-30,6.860754440849243
2090-05-01,2.305832246454361
2090-05-02,2.6904522089937943
2090-05-03,3.132098162088676
2090-05-04,2.2136244292660665
2090-05-05,2.631343598468004
2090-05-06,4.348932084355896
2090-05-07,3.031829395488654
2090-05-08,2.5925410753828704
2090-05-09,3.9735142806611674
2090-05-10,4.102739392985493
2090-05-11,3.574804336129005
2090-05-12,4.470142542435415
2090-05-13,5.490933190925349
2090-05-14,4.879500644453406
2090-05-15,5.080028640070367
2090-05-16,6.155020521079352
2090-05-17,2.398138277995875
2090-05-18,2.18064695692369
2090-05-19,4.4306320218387265
2090-05-20,8.014213969302912
2090-05-21,8.747663397083771
2090-05-22,9.619515827271648
2090-05-23,8.662283823689856
2090-05-24,7.507435185719238
2090-05-25,6.232494126407407
2090-05-26,7.072922618263155
2090-05-27,6.146862342227393
2090-05-28,5.877071272675792
2090-05-29,6.392116040720711
2090-05-30,5.475005084234701
2090-05-31,4.469941065393462
2090-06-01,1.9548609393798753
2090-06-02,1.5444655986812283
2090-06-03,1.9676996614226563
2090-06-04,1.6233712691779123
2090-06-05,2.336555695632463
2090-06-06,2.561451512829437
2090-06-07,2.1014856623777503
2090-06-08,1.760083239711718
2090-06-09,1.6796525230399855
2090-06-10,1.0766017467458755
2090-06-11,1.187481916295133
2090-06-12,1.2944945684667226
2090-06-13,1.6978605781183833
2090-06-14,1.8848612020423707
2090-06-15,1.7555987988789552
2090-06-16,1.5666375264301988
2090-06-17,1.2484841316323099
2090-06-18,1.0302133709860588
2090-06-19,1.2615589548964512
2090-06-20,1.0997221386206621
2090-06-21,0.623857595589735
2090-06-22,0.4362551783225589
2090-06-23,0.40620074397746514
2090-06-24,0.32972537516889283
2090-06-25,0.28926821241825523
2090-06-26,0.25261840354261655
2090-06-27,0.22456807990946212
2090-06-28,0.19640107567447318
2090-06-29,0.17036516974177093
2090-06-30,0.1484129219336113
2090-07-01,0.443233842934153
2090-07-02,0.40428633450047624
2090-07-03,0.30074957322365603
2090-07-04,0.20819377837226624
2090-07-05,0.6746550556418313
2090-07-06,0.22618581114144387
2090-07-07,0.2965229092973892
2090-07-08,0.37095381852618187
2090-07-09,0.14024276498298932
2090-07-10,0.354973838860626
2090-07-11,0.5568247839594718
2090-07-12,0.42402358519140415
2090-07-13,0.33162804133022133
2090-07-14,0.1273601960989779
2090-07-15,0.16018056775636244
2090-07-16,0.10227149310183381
2090-07-17,0.11769805835752349
2090-07-18,0.07116453024427735
2090-07-19,0.06503458131054222
2090-07-20,0.05922304171794652
2090-07-21,0.8782659565367444
2090-07-22,0.9079180211475333
2090-07-23,0.06296284427202527
2090-07-24,0.2815279307736938
2090-07-25,0.7276742811947938
2090-07-26,0.3143260121966424
2090-07-27,0.05835642548257216
2090-07-28,0.0564520238325902
2090-07-29,0.05313604621616966
2090-07-30,0.049785103589183255
2090-07-31,0.04707525936105176
2090-08-01,0.0412018390604787
2090-08-02,0.03999527716461412
2090-08-03,0.039070891157675584
2090-08-04,0.038287121418849566
2090-08-05,0.18619148594279145
2090-08-06,0.03717737583877564
2090-08-07,0.11782976064307861
2090-08-08,0.03625703595654448
2090-08-09,0.03578467405435981
2090-08-10,0.03529629251660641
2090-08-11,0.7759246628727542
2090-08-12,0.03444691668089607
2090-08-13,0.045880690938812675
2090-08-14,4.281331080460076
2090-08-15,12.68479428125884
2090-08-16,15.389050443119883
2090-08-17,10.698829243982209
2090-08-18,0.26614061250058196
2090-08-19,0.28036613691173723
2090-08-20,0.2505479004953551
2090-08-21,0.24936176130291535
2090-08-22,0.21203764443501294
2090-08-23,0.19052104940647605
2090-08-24,0.16994363420959488
2090-08-25,0.15030256676307122
2090-08-26,0.13236242775056525
2090-08-27,0.11672445046505961
2090-08-28,0.10336433297907832
2090-08-29,0.0920115140673744
2090-08-30,0.08242913588889669
2090-08-31,0.07439647107536086
2090-09-01,0.03023497243613143
2090-09-02,0.027998161822208597
2090-09-03,0.02611423732658596
2090-09-04,0.12330532319459703
2090-09-05,0.06501206655704753
2090-09-06,0.023581005970156305
2090-09-07,0.02262241881677474
2090-09-08,0.2033830498887547
2090-09-09,0.05721374668250668
2090-09-10,0.08830144559999376
2090-09-11,0.02143692776694122
2090-09-12,0.02450739780982109
2090-09-13,0.02040514688299916
2090-09-14,0.11835293024951339
2090-09-15,0.019740364915123036
2090-09-16,0.019441265980877885
2090-09-17,0.019193512198113334
2090-09-18,0.018947972328303628
2090-09-19,0.018719052086849066
2090-09-20,0.018501946892554376
2090-09-21,0.01827448377857663
2090-09-22,0.0180335871700395
2090-09-23,0.017784122800078916
2090-09-24,0.017539192163926774
2090-09-25,0.01730609435649825
2090-09-26,0.01885745093060834
2090-09-27,0.016915842425860125
2090-09-28,0.016750554760083365
2090-09-29,0.02227253571164376
2090-09-30,0.04917389841135983
2090-10-01,0.06908984916133666
2090-10-02,0.04045255271428337
2090-10-03,0.02646920067030965
2090-10-04,0.026227807486465658
2090-10-05,0.026150634807813215
2090-10-06,0.02620389023691763
2090-10-07,0.037909854944014755
2090-10-08,0.05824750430555025
2090-10-09,0.03817556272856874
2090-10-10,0.025231856245715955
2090-10-11,0.06665766551048985
2090-10-12,0.024911299184569292
2090-10-13,0.024755956068595944
2090-10-14,0.024611859485768908
2090-10-15,0.024480309851821817
2090-10-16,0.024343146483916035
2090-10-17,0.02591607082200745
2090-10-18,0.026506088713808298
2090-10-19,0.08079029974135091
2090-10-20,0.023852779933225106
2090-10-21,0.023759844275030688
2090-10-22,0.02366740135571193
2090-10-23,0.023576124904032356
2090-10-24,0.023487480432963937
2090-10-25,0.023401570532139707
2090-10-26,0.023313043529606763
2090-10-27,0.023255837344857772
2090-10-28,0.04669910757988543
2090-10-29,0.03323850600463929
2090-10-30,0.02299441927195478
2090-10-31,0.022933656977000637
2090-11-01,0.024071595962767978
2090-11-02,0.024034534782961303
2090-11-03,0.023979969456839396
2090-11-04,0.02390852830251681
2090-11-05,0.026822485131196606
2090-11-06,0.023808453554043877
2090-11-07,0.023761907484266275
2090-11-08,0.5555109506650832
2090-11-09,2.5388933235095634
2090-11-10,12.309427095157988
2090-11-11,2.8957664391625357
2090-11-12,0.5283859357468227
2090-11-13,1.224582857397072
2090-11-14,2.831177640485506
2090-11-15,0.4254233688415987
2090-11-16,0.13634633453349457
2090-11-17,0.1810904113401094
2090-11-18,0.4960114405170281
2090-11-19,0.11168857711235752
2090-11-20,0.10487375285581758
2090-11-21,0.10708622824689534
2090-11-22,0.1621707810806048
2090-11-23,0.13986960940137314
2090-11-24,0.1259963834922919
2090-11-25,0.1302470689674534
2090-11-26,0.15890795276419442
2090-11-27,0.10507291585819575
2090-11-28,0.10372262216594802
2090-11-29,0.21522618797647655
2090-11-30,0.1572156283147056
2090-12-01,0.1091413281192264
2090-12-02,0.11226671402263433
2090-12-03,0.10858574150570593
2090-12-04,0.10695891145534214
2090-12-05,0.17965004042274307
2090-12-06,0.16168920523449062
2090-12-07,0.10885292437387392
2090-12-08,0.09884824610662656
2090-12-09,0.09685461576693948
2090-12-10,0.1209203752330636
2090-12-11,0.9372120377473729
2090-12-12,1.2041818950434948
2090-12-13,0.21945586236285256
2090-12-14,0.1750276755635714
2090-12-15,0.13521830515822858
2090-12-16,0.7463214168517517
2090-12-17,0.8412835710294421
2090-12-18,0.3429080882798141
2090-12-19,0.1486492491569688
2090-12-20,0.1389208385299634
2090-12-21,0.22095070120132304
2090-12-22,0.13082512389552634
2090-12-23,0.13983407442910253
2090-12-24,0.25649887891891854
2090-12-25,0.913325263682449
2090-12-26,0.2845592756220485
2090-12-27,0.16175199964492804
2090-12-28,0.5237708515130507
2090-12-29,4.6414835598296245
2090-12-30,0.6189136057830171
2090-12-31,0.41522936336463284
2091-01-01,0.30404737387023206
2091-01-02,0.2758145745787828
2091-01-03,0.20785683248121514
2091-01-04,0.2095903189894372
2091-01-05,0.21747222430486504
2091-01-06,0.2148080404079474
2091-01-07,0.21124225981498956
2091-01-08,0.2081121713283813
2091-01-09,0.20356639546708857
2091-01-10,0.19785058873242736
2091-01-11,0.1904364190328089
2091-01-12,0.3632418348964624
2091-01-13,0.25692747146319056
2091-01-14,0.4791714460167517
2091-01-15,0.5016828055332895
2091-01-16,0.40211893024956485
2091-01-17,0.3322484659418959
2091-01-18,0.3504912595333134
2091-01-19,0.3668955828271195
2091-01-20,0.3634159127813113
2091-01-21,0.4508563594029806
2091-01-22,0.4734283984956784
2091-01-23,0.4452992712590475
2091-01-24,0.5542513231784052
2091-01-25,0.5816178105868149
2091-01-26,0.5764328059097223
2091-01-27,0.6691245085521996
2091-01-28,0.6864706978346811
2091-01-29,0.6587532047698094
2091-01-30,0.6599208146020827
2091-01-31,0.7758437516699179
2091-02-01,0.825395841519349
2091-02-02,1.1755819705155983
2091-02-03,1.0383837687101434
2091-02-04,2.853544251740265
2091-02-05,18.402995559948913
2091-02-06,31.88509775954378
2091-02-07,16.33001035777174
2091-02-08,3.492385372039698
2091-02-09,2.0837927622013894
2091-02-10,2.015374858580667
2091-02-11,2.0436576310173025
2091-02-12,1.9380244122160732
2091-02-13,1.870867403360055
2091-02-14,1.920283603325836
2091-02-15,1.7017318113128008
2091-02-16,1.5987070686027547
2091-02-17,1.5023392055031024
2091-02-18,2.074583658373503
2091-02-19,3.2985896294438786
2091-02-20,2.101093707859111
2091-02-21,1.7114318442151892
2091-02-22,1.5961199664002057
2091-02-23,1.5813556232825232
2091-02-24,1.5402614480995593
2091-02-25,1.527128506502038
2091-02-26,2.224700773602921
2091-02-27,1.752822188255287
2091-02-28,2.0413793721893017
2091-03-01,2.5846621470157825
2091-03-02,2.1330182676298377
2091-03-03,1.9132791777300295
2091-03-04,1.9068158142472293
2091-03-05,2.0727780354281897
2091-03-06,1.806769398290311
2091-03-07,1.9154799444775537
2091-03-08,1.8225550486136277
2091-03-09,1.9316801210465635
2091-03-10,2.592548083483335
2091-03-11,3.0418148118522814
2091-03-12,2.881036558668131
2091-03-13,14.552455622923125
2091-03-14,6.910523374437297
2091-03-15,4.673717896685624
2091-03-16,6.067342551403232
2091-03-17,5.140044442839788
2091-03-18,3.5884044829053074
2091-03-19,4.7544686508452285
2091-03-20,4.997789113633488
2091-03-21,5.906796938351102
2091-03-22,7.510223897582738
2091-03-23,3.4790969300685064
2091-03-24,1.9558428684925337
2091-03-25,1.8395369482075288
2091-03-26,1.7571985616437948
2091-03-27,1.7385065992832889
2091-03-28,1.83883533269546
2091-03-29,1.767759573924199
2091-03-30,1.665483642907229
2091-03-31,1.5265350554079256
2091-04-01,1.7525889326192314
2091-04-02,1.6740806359246823
2091-04-03,1.6265614896967624
2091-04-04,1.4009044303466092
2091-04-05,1.293558004621034
2091-04-06,1.4050021879969374
2091-04-07,1.3624439951771627
2091-04-08,1.2302910008159818
2091-04-09,1.2107985563689776
2091-04-10,1.2207873897510855
2091-04-11,1.2981003621850369
2091-04-12,1.1053978661452724
2091-04-13,1.0860163144468964
2091-04-14,1.0443562041443473
2091-04-15,0.9932116674800909
2091-04-16,1.041298954512987
2091-04-17,1.1672910884835621
2091-04-18,1.1078758273965956
2091-04-19,1.0547126626125973
2091-04-20,1.0812051056748757
2091-04-21,1.4087185924514545
2091-04-22,1.6170293896864185
2091-04-23,1.3386754833762904
2091-04-24,1.3990061552167556
2091-04-25,1.6024432396836241
2091-04-26,1.9757066255507927
2091-04-27,2.289263816591755
2091-04-28,2.715997111363763
2091-04-29,4.738594597085684
2091-04-30,5.852325793157291
2091-05-01,2.6124373746658454
2091-05-02,2.6416697379254064
2091-05-03,2.215012129114185
2091-05-04,1.668278147232836
2091-05-05,1.5463441202870825
2091-05-06,1.5577844565616876
2091-05-07,1.8273925711312444
2091-05-08,2.099352690289633
2091-05-09,1.4541765860272724
2091-05-10,1.3435055025957043
2091-05-11,1.1945971558423008
2091-05-12,1.1995828298198898
2091-05-13,1.1287552802784826
2091-05-14,1.2084351126061132
2091-05-15,1.2180908320044652
2091-05-16,0.9683417959072301
2091-05-17,0.9347147472318711
2091-05-18,0.9515761774587995
2091-05-19,0.9515154563937532
2091-05-20,0.902619549442607
2091-05-21,0.9414684667783612
2091-05-22,0.9289322612596657
2091-05-23,1.0006610170528512
2091-05-24,1.5982859494606092
2091-05-25,1.2461134142281276
2091-05-26,1.5133328220512476
2091-05-27,1.1670311418255708
2091-05-28,1.311431722234471
2091-05-29,1.9863482716366159
2091-05-30,2.2040149720313207
2091-05-31,1.9873857319112647
2091-06-01,1.6105295123708487
2091-06-02,1.6980190691894927
2091-06-03,1.216046317282229
2091-06-04,1.1025926141910336
2091-06-05,1.0805576620254624
2091-06-06,0.45634623260119256
2091-06-07,0.4091526458688995
2091-06-08,0.3612906743442316
2091-06-09,0.3287997912204588
2091-06-10,0.2956275808679304
2091-06-11,0.23392337072210384
2091-06-12,0.19564313686775253
2091-06-13,0.16565382372199594
2091-06-14,0.13987540849365043
2091-06-15,0.11726795381320483
2091-06-16,0.09904262443650172
2091-06-17,0.08599341158965984
2091-06-18,0.07560504844538345
2091-06-19,0.06654241738578949
2091-06-20,0.05859333900491371
2091-06-21,0.05114812354420753
2091-06-22,0.044682400483728
2091-06-23,0.03933003418177446
2091-06-24,0.03283135540005739
2091-06-25,0.029913056607454216
2091-06-26,0.027780020871391586
2091-06-27,0.025979427251400587
2091-06-28,0.024180788123906023
2091-06-29,0.02235284999040367
2091-06-30,0.02078786958358732
2091-07-01,0.06404920993727059
2091-07-02,0.06093240773372025
2091-07-03,0.0586871178012997
2091-07-04,0.05685497981737918
2091-07-05,0.055203132701310366
2091-07-06,0.05360194819918556
2091-07-07,0.05201465066204371
2091-07-08,0.10934295583274842
2091-07-09,0.0789603875050611
2091-07-10,0.0485397844178008
2091-07-11,0.047262761454751355
2091-07-12,0.08252940230468286
2091-07-13,0.04518530089011438
2091-07-14,0.04425019916805375
2091-07-15,0.04330614270463336
2091-07-16,0.04229796185927917
2091-07-17,0.04125738350578133
2091-07-18,0.04023870412371592
2091-07-19,0.039262333370438544
2091-07-20,0.11215299759260142
2091-07-21,0.03777267983605511
2091-07-22,0.18340181669493216
2091-07-23,0.08674582352399023
2091-07-24,0.03647574830736098
2091-07-25,0.03587975722265939
2091-07-26,0.035291159562038925
2091-07-27,0.034699657091044694
2091-07-28,0.03413159872178202
2091-07-29,0.03359735252338893
2091-07-30,0.03310364548601548
2091-07-31,0.03264381889107226
2091-08-01,0.029460758666007197
2091-08-02,0.02913592758871994
2091-08-03,0.028838834217702343
2091-08-04,0.028552768134637654
2091-08-05,0.028284722864677408
2091-08-06,0.028041755733071425
2091-08-07,0.02782315917421854
2091-08-08,0.027616650730313903
2091-08-09,0.02742705899378568
2091-08-10,0.02725580035145955
2091-08-11,0.02709255334296836
2091-08-12,0.026939897929403774
2091-08-13,0.026797724722145144
2091-08-14,0.026664205738049254
2091-08-15,0.026543397331290294
2091-08-16,0.02643894764212018
2091-08-17,0.02635000502976919
2091-08-18,0.026274686788406994
2091-08-19,0.02620932222045943
2091-08-20,0.026150802081401112
2091-08-21,0.0260918931502186
2091-08-22,0.0260306157780773
2091-08-23,0.02597060814675051
2091-08-24,0.025915947785836797
2091-08-25,0.028923955631615088
2091-08-26,0.025828726109013045
2091-08-27,0.02579079667642583
2091-08-28,0.025754252379006182
2091-08-29,0.025718551545874352
2091-08-30,0.02568635087189967
2091-08-31,0.025658623463200272
2091-09-01,0.011404745341696627
2091-09-02,0.011394188741175669
2091-09-03,0.011384620713288923
2091-09-04,0.011375495989149427
2091-09-05,0.011366709089472345
2091-09-06,0.011358434869984628
2091-09-07,0.01135059763042391
2091-09-08,0.011343304081003392
2091-09-09,0.011336657989700998
2091-09-10,0.011330556011474055
2091-09-11,0.011324861188701957
2091-09-12,0.011319376696409374
2091-09-13,0.013735149369857626
2091-09-14,0.011309636679914362
2091-09-15,0.012928025677455362
2091-09-16,0.020850546381694732
2091-09-17,0.02149111445953781
2091-09-18,0.011294082561066336
2091-09-19,0.011289903813400523
2091-09-20,0.011285888061614804
2091-09-21,0.011281869217986766
2091-09-22,0.011277930370880361
2091-09-23,0.011274156931644491
2091-09-24,0.011270545269983567
2091-09-25,0.011267083452195849
2091-09-26,0.011263828393929861
2091-09-27,0.011260692762956727
2091-09-28,0.011257594103420381
2091-09-29,0.011254533428470898
2091-09-30,0.011251498065216508
2091-10-01,0.0182838528372774
2091-10-02,0.0182788935503546
2091-10-03,0.018273912004075223
2091-10-04,0.018268950752246826
2091-10-05,0.018263970083249283
2091-10-06,0.018258927110832438
2091-10-07,0.018253848043659832
2091-10-08,0.018248782946300696
2091-10-09,0.018243997716175804
2091-10-10,0.01823948733687627
2091-10-11,0.018234976765703417
2091-10-12,0.018230467169288188
2091-10-13,0.01822596023242152
2091-10-14,0.018221456230087824
2091-10-15,0.019384557617816236
2091-10-16,0.018212456112747785
2091-10-17,0.04230079979331698
2091-10-18,0.01820346301160908
2091-10-19,0.018230919393138794
2091-10-20,0.018194468570435576
2091-10-21,0.018189971963945856
2091-10-22,0.01818547640095974
2091-10-23,0.018180981046264064
2091-10-24,0.018176490280110907
2091-10-25,0.018172005005433485
2091-10-26,0.018167521281133223
2091-10-27,0.018249186288629263
2091-10-28,0.05758631199856605
2091-10-29,0.02146818049864157
2091-10-30,0.018149596294651515
2091-10-31,0.018145118274222126
2091-11-01,0.019281654090003254
2091-11-02,0.01906938375911352
2091-11-03,0.20854343568852318
2091-11-04,0.895508433976968
2091-11-05,0.5610247710587716
2091-11-06,0.05155025170858022
2091-11-07,0.11678655464494213
2091-11-08,0.040367532575761776
2091-11-09,0.2744763481060255
2091-11-10,0.01974433862466314
2091-11-11,0.01943582895790704
2091-11-12,0.019510904875638415
2091-11-13,0.01957657573132022
2091-11-14,0.01963486159867155
2091-11-15,0.019687261376817734
2091-11-16,0.019734776092538354
2091-11-17,0.028887421210942236
2091-11-18,0.358540252776892
2091-11-19,0.08969270116434942
2091-11-20,0.09285610797201399
2091-11-21,0.08484137309026372
2091-11-22,0.050556626729325094
2091-11-23,0.05336226022363535
2091-11-24,0.16886851817600362
2091-11-25,0.5514405557145472
2091-11-26,1.6530758542246178
2091-11-27,0.5279799808628433
2091-11-28,0.06132298062568108
2091-11-29,0.02503587129704709
2091-11-30,0.02484717229442068
2091-12-01,0.03146860155508851
2091-12-02,0.02791729125504006
2091-12-03,0.027303536587003147
2091-12-04,0.02732569704012566
2091-12-05,0.027483883809624746
2091-12-06,0.08979842289647838
2091-12-07,0.06342420278520267
2091-12-08,0.03232186816188894
2091-12-09,0.037530213661171784
2091-12-10,0.03866059437403367
2091-12-11,0.03852296225908753
2091-12-12,0.03716433868549544
2091-12-13,0.045204194781346754
2091-12-14,0.04967256078084278
2091-12-15,0.036228906454917116
2091-12-16,0.05147754511561603
2091-12-17,0.04135836841253565
2091-12-18,0.08544507960149597
2091-12-19,0.06411470682042612
2091-12-20,0.032920082348201714
2091-12-21,0.031017095424915406
2091-12-22,0.030272062358064157
2091-12-23,0.03226063646863717
2091-12-24,0.03729706459590145
2091-12-25,0.07695146580822504
2091-12-26,0.09510961546851295
2091-12-27,0.052464173488445294
2091-12-28,0.03433774432980741
2091-12-29,0.044358524401557776
2091-12-30,0.040037899820046824
2091-12-31,0.43720919399391894
2092-01-01,0.07195769193493973
2092-01-02,0.026018760369926737
2092-01-03,0.01600650875390089
2092-01-04,0.02622908745065486
2092-01-05,0.011418256160663932
2092-01-06,0.03084504482227899
2092-01-07,0.03426891651306884
2092-01-08,0.019836364771844698
2092-01-09,0.013331514228632067
2092-01-10,0.010975991828824107
2092-01-11,0.011037168385456061
2092-01-12,0.0111056289530491
2092-01-13,0.1251362563517494
2092-01-14,0.09428193851971335
2092-01-15,0.03696496316607978
2092-01-16,0.09157809322639354
2092-01-17,0.024934805520839192
2092-01-18,0.01451188684297201
2092-01-19,0.024213865150340443
2092-01-20,0.028968185142548036
2092-01-21,0.016448863440159417
2092-01-22,0.03178131282796452
2092-01-23,0.2074385580843462
2092-01-24,0.20109013519137375
2092-01-25,0.0577902857045324
2092-01-26,0.07503505750694506
2092-01-27,0.2083281353674624
2092-01-28,0.09491705517508503
2092-01-29,0.07607702752455268
2092-01-30,0.0385557031183128
2092-01-31,0.021586369761841223
2092-02-01,0.014319246782017727
2092-02-02,0.017655683920972304
2092-02-03,0.02012294324574343
2092-02-04,0.019666256332128457
2092-02-05,0.019691418484226248
2092-02-06,0.023133716296994504
2092-02-07,0.03436805948524053
2092-02-08,0.03433535810746494
2092-02-09,0.04590208784029526
2092-02-10,0.02513837242446552
2092-02-11,0.02954427985978212
2092-02-12,0.0909604067741041
2092-02-13,0.27734654933199504
2092-02-14,0.03512918034268275
2092-02-15,0.0446404164386354
2092-02-16,0.0698485990345007
2092-02-17,0.034564448825783335
2092-02-18,0.03245325294049989
2092-02-19,0.11894303411920945
2092-02-20,0.09397346253181661
2092-02-21,0.08996028636759582
2092-02-22,0.03405566619981072
2092-02-23,0.04338200284853771
2092-02-24,0.06249022213812981
2092-02-25,0.015891405647345595
2092-02-26,0.015580426146169828
2092-02-27,0.014967604537756156
2092-02-28,0.014355512144556423
2092-02-29,0.026445709006913863
2092-03-01,0.03140775883353842
2092-03-02,0.15156985344901316
2092-03-03,0.4474198965068597
2092-03-04,1.6004796514917177
2092-03-05,1.9359089220228625
2092-03-06,0.2813150290603888
2092-03-07,0.11826399432465734
2092-03-08,1.8082752761983536
2092-03-09,15.351623579162249
2092-03-10,7.900313487284667
2092-03-11,1.372732471589374
2092-03-12,1.4010879311967774
2092-03-13,2.0903633233173533
2092-03-14,1.4550844826466174
2092-03-15,1.4030608572127816
2092-03-16,2.2723364966520934
2092-03-17,3.7264046641581112
2092-03-18,1.7394465564531476
2092-03-19,1.7944469775442342
2092-03-20,1.6725571580418166
2092-03-21,1.613769018363962
2092-03-22,1.8544189159652456
2092-03-23,2.0010646993410774
2092-03-24,2.8616289043750274
2092-03-25,2.8080415089457205
2092-03-26,3.131703144544962
2092-03-27,3.19540078675955
2092-03-28,4.665862644201924
2092-03-29,4.490868333533705
2092-03-30,4.917590388403163
2092-03-31,5.146308467500179
2092-04-01,2.8151142635870063
2092-04-02,2.9500708539527256
2092-04-03,2.7611160276986118
2092-04-04,2.3846780998030925
2092-04-05,2.2615697993383064
2092-04-06,2.005727256686808
2092-04-07,1.5654500501191662
2092-04-08,1.3468759425413739
2092-04-09,1.3610007250046294
2092-04-10,1.3659165303530025
2092-04-11,1.4091272872207317
2092-04-12,1.0730262788109073
2092-04-13,0.981177191728177
2092-04-14,0.8009176349861404
2092-04-15,0.8092817610956016
2092-04-16,0.7156640121835424
2092-04-17,0.6592459833316933
2092-04-18,0.6301166109491616
2092-04-19,0.5714951437844417
2092-04-20,0.5833299788530117
2092-04-21,0.5414074685750362
2092-04-22,0.49290945189116203
2092-04-23,0.46978412036289013
2092-04-24,0.44860984346179844
2092-04-25,0.4418210994431712
2092-04-26,0.3813313375118264
2092-04-27,0.40502345819042135
2092-04-28,0.3138229085774472
2092-04-29,0.31726422109702057
2092-04-30,0.28816461834053536
2092-05-01,0.263696301244955
2092-05-02,0.2393912899510632
2092-05-03,0.21590044589821483
2092-05-04,0.19428194755503161
2092-05-05,0.2090533437032844
2092-05-06,0.21810025135203348
2092-05-07,0.161092742999582
2092-05-08,0.13824684498283862
2092-05-09,0.13104943657124835
2092-05-10,0.11725762921720302
2092-05-11,0.10336236551207541
2092-05-12,0.09404243065642783
2092-05-13,0.08569987990207639
2092-05-14,0.07845329379906936
2092-05-15,0.07176425190202426
2092-05-16,0.06655087681989622
2092-05-17,0.05884056473198578
2092-05-18,0.05230879654651839
2092-05-19,0.046722038171454004
2092-05-20,0.04225413903817919
2092-05-21,0.038883042433276706
2092-05-22,0.03669020435063272
2092-05-23,0.05857619346563757
2092-05-24,0.03371394722995573
2092-05-25,0.056345405433683875
2092-05-26,0.030805388014673085
2092-05-27,0.02932250669810625
2092-05-28,0.02799947883965219
2092-05-29,0.0268461709096807
2092-05-30,0.026573286108309783
2092-05-31,0.03852588442755376
2092-06-01,0.022738738363057124
2092-06-02,0.05946801114999993
2092-06-03,0.020877060589890483
2092-06-04,0.020479143563192213
2092-06-05,0.02011507490435887
2092-06-06,0.01973755987085572
2092-06-07,0.019328237303741256
2092-06-08,0.018886731637392407
2092-06-09,0.018425521919042037
2092-06-10,0.017977707982416647
2092-06-11,0.017555428985980986
2092-06-12,0.017170929532852507
2092-06-13,0.016831581989750984
2092-06-14,0.016510382614362384
2092-06-15,0.01616475989682694
2092-06-16,0.015787925466480432
2092-06-17,0.015448546121829382
2092-06-18,0.015113951626537643
2092-06-19,0.014757437615778636
2092-06-20,0.04070690674498725
2092-06-21,0.014185278775529485
2092-06-22,0.013888745166614543
2092-06-23,0.013573195879820631
2092-06-24,0.013254837143683825
2092-06-25,0.012954479658784447
2092-06-26,0.012644217976129605
2092-06-27,0.012317402670786088
2092-06-28,0.011998178955787565
2092-06-29,0.011695705894756629
2092-06-30,0.011408375026887784
2092-07-01,0.036511568455618336
2092-07-02,0.03566583429437814
2092-07-03,0.034872955836294815
2092-07-04,0.03415351054128282
2092-07-05,0.03350788593450218
2092-07-06,0.032903876786425146
2092-07-07,0.03234906818971148
2092-07-08,0.03185072523212803
2092-07-09,0.031407573983621935
2092-07-10,0.031023770914324546
2092-07-11,0.030684624574953714
2092-07-12,0.030377049993446578
2092-07-13,0.030104672633046527
2092-07-14,0.10054332013548009
2092-07-15,0.0296836008886309
2092-07-16,0.02949569601414615
2092-07-17,0.029318067192299995
2092-07-18,0.02915317861941252
2092-07-19,0.5359842506784432
2092-07-20,0.2688730582117366
2092-07-21,0.033814412191625676
2092-07-22,0.12910534288213565
2092-07-23,0.040085153165533884
2092-07-24,0.18953343977050657
2092-07-25,0.044145458918550984
2092-07-26,0.09523505846228053
2092-07-27,0.24458320269358363
2092-07-28,0.19724548559917043
2092-07-29,0.028648690923374152
2092-07-30,0.8472380104878956
2092-07-31,1.7840056318553896
2092-08-01,0.5056041266551711
2092-08-02,0.07486941843933918
2092-08-03,0.11502477342976607
2092-08-04,0.09923729699104906
2092-08-05,0.108900727823374
2092-08-06,0.12370199813101584
2092-08-07,0.027888785707337885
2092-08-08,0.2238619975232299
2092-08-09,0.027637994927162134
2092-08-10,0.07074157739505599
2092-08-11,0.02742666689872115
2092-08-12,0.027259772988581253
2092-08-13,0.027059624065592845
2092-08-14,0.026846051464971165
2092-08-15,0.05697356336491291
2092-08-16,0.06771325484121818
2092-08-17,0.050344176097032456
2092-08-18,0.026296652819120633
2092-08-19,0.026194363864479243
2092-08-20,0.14576511147820073
2092-08-21,0.026045801851084446
2092-08-22,0.03795253820994119
2092-08-23,0.025938222238542644
2092-08-24,0.028894743195083138
2092-08-25,0.025857311382707904
2092-08-26,0.08953922526300806
2092-08-27,0.10930819993684993
2092-08-28,0.07702529044826878
2092-08-29,0.11975389093086336
2092-08-30,0.025760200925034345
2092-08-31,0.03647924388489808
2092-09-01,0.020444345469003224
2092-09-02,0.028361312645381657
2092-09-03,0.016067686002091058
2092-09-04,0.011419923619301877
2092-09-05,0.011409917707544372
2092-09-06,0.011400725339101414
2092-09-07,0.011392620077610287
2092-09-08,0.011429471466259545
2092-09-09,0.011921092760515279
2092-09-10,0.01137394063603342
2092-09-11,0.013310146038170077
2092-09-12,0.011364388536372453
2092-09-13,0.23861259916711977
2092-09-14,0.1759678646380301
2092-09-15,0.02584851874448729
2092-09-16,0.011354541007350038
2092-09-17,0.013162280304731447
2092-09-18,0.012703092856211061
2092-09-19,0.011353900563004725
2092-09-20,0.013028065615258476
2092-09-21,0.06784545689695379
2092-09-22,0.011352088985312305
2092-09-23,0.011349152885465136
2092-09-24,0.011345687970153869
2092-09-25,0.011341660440583238
2092-09-26,0.011337205142225205
2092-09-27,0.011332625397538867
2092-09-28,0.01132826708442145
2092-09-29,0.012790401559811164
2092-09-30,0.01132158243725496
2092-10-01,0.02014502206678479
2092-10-02,0.018431089396084312
2092-10-03,0.023858229173268963
2092-10-04,0.28278867275287
2092-10-05,0.025223844833086605
2092-10-06,0.018377506971760695
2092-10-07,0.01837274167799136
2092-10-08,0.01836792514583931
2092-10-09,0.018363131174705647
2092-10-10,0.018358510698088703
2092-10-11,0.018354119552148843
2092-10-12,0.01835003639776228
2092-10-13,0.018346228345585067
2092-10-14,0.01834249222948349
2092-10-15,0.018338677606414774
2092-10-16,0.018334722849134486
2092-10-17,0.01833073506809666
2092-10-18,0.45679320829876985
2092-10-19,1.312232400879198
2092-10-20,0.1229341289389949
2092-10-21,0.03708795982736466
2092-10-22,1.504655522134102
2092-10-23,6.577450645745815
2092-10-24,3.764549115969961
2092-10-25,0.2942415528749539
2092-10-26,0.03191419304746053
2092-10-27,0.03244217988972203
2092-10-28,0.0326828434316872
2092-10-29,0.03277377519270812
2092-10-30,0.032792974857222
2092-10-31,0.04607810699109544
2092-11-01,0.06575656835878742
2092-11-02,0.039915195187616895
2092-11-03,0.03427170219199941
2092-11-04,0.03414221560240189
2092-11-05,0.03396420534933169
2092-11-06,0.03377075805323203
2092-11-07,0.046607384481520436
2092-11-08,0.0333526147481014
2092-11-09,0.2822061449006531
2092-11-10,0.040847957407904804
2092-11-11,0.03294021298358013
2092-11-12,0.4444349930735262
2092-11-13,0.5271631435869382
2092-11-14,0.053671092018970815
2092-11-15,0.16801737817827486
2092-11-16,0.23694340926448
2092-11-17,2.515883584679539
2092-11-18,0.10199950209572545
2092-11-19,0.038313466318895796
2092-11-20,0.043209460544525055
2092-11-21,0.04525308153384279
2092-11-22,0.039141670364362544
2092-11-23,0.09998504265253709
2092-11-24,0.7709751984225015
2092-11-25,1.6142413068334254
2092-11-26,0.07992305626457138
2092-11-27,0.9599433620972861
2092-11-28,0.2944618860286342
2092-11-29,0.04834899317192098
2092-11-30,0.3041030401396085
2092-12-01,0.05012315993948693
2092-12-02,0.047506393624163444
2092-12-03,0.04813360386107898
2092-12-04,0.048459164138274426
2092-12-05,0.04868814593488012
2092-12-06,0.048094613466461766
2092-12-07,0.05343336923704909
2092-12-08,0.14707942470809654
2092-12-09,0.5385555444236296
2092-12-10,3.813357134244718
2092-12-11,6.875095868455831
2092-12-12,0.8987832731574865
2092-12-13,0.11988801565630793
2092-12-14,0.4359903189292613
2092-12-15,0.24954656191008712
2092-12-16,0.12727094249650237
2092-12-17,0.09631184965433166
2092-12-18,0.10902815024760174
2092-12-19,0.08606458436916169
2092-12-20,0.08822570796543573
2092-12-21,0.09234407516101575
2092-12-22,0.08932444675964525
2092-12-23,0.24793890141703825
2092-12-24,0.2573905549746436
2092-12-25,0.22491109038603602
2092-12-26,0.10360348363599609
2092-12-27,0.1346146836078534
2092-12-28,0.11940641422908223
2092-12-29,0.11492292835182327
2092-12-30,0.17362798433306006
2092-12-31,0.29361099930787354
2093-01-01,0.22977712474208414
2093-01-02,0.3702540714076766
2093-01-03,0.4930279641428827
2093-01-04,3.076637826329666
2093-01-05,5.618024982779279
2093-01-06,26.23746933233024
2093-01-07,23.043455805918505
2093-01-08,13.545640269039515
2093-01-09,3.900106751488042
2093-01-10,2.206543063761755
2093-01-11,2.177131680014538
2093-01-12,2.131491249729876
2093-01-13,1.9830237220878282
2093-01-14,1.9016488409094952
2093-01-15,1.8158398358121821
2093-01-16,1.7054463970465747
2093-01-17,1.5772489718553937
2093-01-18,1.4456579381386474
2093-01-19,1.323716665585991
2093-01-20,1.2151795841788204
2093-01-21,1.1130696335937802
2093-01-22,1.3298430228256195
2093-01-23,1.3125422163172666
2093-01-24,1.2246950456688155
2093-01-25,1.276277614447991
2093-01-26,1.3865935324307905
2093-01-27,2.1099512402161604
2093-01-28,1.116707994708863
2093-01-29,1.1099211812345176
2093-01-30,1.0774814971256756
2093-01-31,1.0226700476173267
2093-02-01,0.9185172851201734
2093-02-02,1.0243906977209156
2093-02-03,2.220956714497306
2093-02-04,3.1621471679442497
2093-02-05,2.077446349220317
2093-02-06,1.9179212085401185
2093-02-07,1.6006993936270129
2093-02-08,1.1486108813379985
2093-02-09,1.4817799154572042
2093-02-10,3.72651807757153
2093-02-11,1.321351545176116
2093-02-12,1.9753410187401124
2093-02-13,2.301589572544783
2093-02-14,4.0929024168764645
2093-02-15,5.426844366544263
2093-02-16,1.6662906503454846
2093-02-17,2.111224189849289
2093-02-18,4.764566439735442
2093-02-19,4.318399844671974
2093-02-20,1.7531649716920361
2093-02-21,2.5409181536757273
2093-02-22,2.1528840474995588
2093-02-23,1.7515731237435102
2093-02-24,1.6797608302930562
2093-02-25,1.6253495805105476
2093-02-26,1.675517345801271
2093-02-27,1.779468016528705
2093-02-28,1.9561220770041796
2093-03-01,2.068297501917793
2093-03-02,1.98068171264727
2093-03-03,2.7895762803524087
2093-03-04,2.608981469636803
2093-03-05,2.246285159700293
2093-03-06,2.546008566625881
2093-03-07,11.114888087494252
2093-03-08,27.30790260847394
2093-03-09,6.678422229537237
2093-03-10,2.788005876570095
2093-03-11,3.0874396249366707
2093-03-12,3.8927663678185
2093-03-13,7.173988898105923
2093-03-14,9.154349939470581
2093-03-15,9.705299201399521
2093-03-16,12.411588286077928
2093-03-17,14.006819454100246
2093-03-18,9.947321366328433
2093-03-19,12.40887713854058
2093-03-20,10.22182641468144
2093-03-21,10.316616915012911
2093-03-22,12.0155283682488
2093-03-23,10.048021203073365
2093-03-24,8.6530638556639
2093-03-25,7.3566842426699735
2093-03-26,5.34686940619393
2093-03-27,4.104551307377649
2093-03-28,7.687515878144065
2093-03-29,9.668068294526785
2093-03-30,9.841282691930697
2093-03-31,10.552814656190295
2093-04-01,9.055087722082801
2093-04-02,7.3249056790740665
2093-04-03,3.9188438457466894
2093-04-04,4.078099473601505
2093-04-05,3.7665407850421455
2093-04-06,2.9499758916349132
2093-04-07,2.942153641661121
2093-04-08,2.381945534775516
2093-04-09,2.6882343114754867
2093-04-10,2.1835401321870407
2093-04-11,3.521725757057958
2093-04-12,4.451715506380199
2093-04-13,2.9615982206750067
2093-04-14,2.837760620282332
2093-04-15,2.2474723986335636
2093-04-16,1.8902051710019654
2093-04-17,1.897566416555823
2093-04-18,2.3962744696634726
2093-04-19,3.46300894831299
2093-04-20,3.8577077029117905
2093-04-21,4.956845908950896
2093-04-22,3.3912623873917065
2093-04-23,1.9764438419432044
2093-04-24,1.7521436447478547
2093-04-25,1.739660722889403
2093-04-26,1.95572117324698
2093-04-27,1.4860100289307452
2093-04-28,1.5762212018870085
2093-04-29,1.9125589837305401
2093-04-30,2.2849329414085835
2093-05-01,3.2334049832739984
2093-05-02,3.3383749738620874
2093-05-03,4.395496213623439
2093-05-04,4.86559631731669
2093-05-05,5.084503112312315
2093-05-06,4.630698021412393
2093-05-07,2.7311183365454497
2093-05-08,1.6501924348916746
2093-05-09,1.4955694195274267
2093-05-10,1.3377098549914301
2093-05-11,1.1601067444343687
2093-05-12,1.1857538475479317
2093-05-13,1.2220824297774904
2093-05-14,1.8479205141244128
2093-05-15,3.3346923977784098
2093-05-16,4.16902638314198
2093-05-17,1.9705009104179367
2093-05-18,1.4263469787302439
2093-05-19,1.7199276822963245
2093-05-20,1.2391547339312725
2093-05-21,0.956963073668334
2093-05-22,0.9509106638136644
2093-05-23,1.0816387365134708
2093-05-24,1.34936403476654
2093-05-25,1.7134631491634238
2093-05-26,1.3600696522251974
2093-05-27,1.32801684276418
2093-05-28,0.7728252249792473
2093-05-29,0.8288442749275821
2093-05-30,1.0220969431835685
2093-05-31,1.3416943307949851
2093-06-01,0.7454784334202724
2093-06-02,0.9161257277929737
2093-06-03,1.1375149969285518
2093-06-04,1.1399093109223488
2093-06-05,1.0211677479279593
2093-06-06,0.7418890814298132
2093-06-07,0.6325494584734827
2093-06-08,0.5868563225816995
2093-06-09,0.9131092953269243
2093-06-10,1.214657537417012
2093-06-11,1.4124076643688395
2093-06-12,1.0482831572512061
2093-06-13,1.0150827277724757
2093-06-14,0.9740318095108426
2093-06-15,0.7657009582710307
2093-06-16,0.33827989937880903
2093-06-17,0.28626718155121034
2093-06-18,0.25818107767799964
2093-06-19,0.22952335711574332
2093-06-20,0.19458250153986414
2093-06-21,0.1690618007733149
2093-06-22,0.1491264758916726
2093-06-23,0.1340583793635888
2093-06-24,0.11612812135083006
2093-06-25,0.10210164413143594
2093-06-26,0.0800875309444018
2093-06-27,0.1499305214899996
2093-06-28,0.09221109783698621
2093-06-29,0.05379989848215956
2093-06-30,0.04969251975843707
2093-07-01,0.14914004935532285
2093-07-02,0.13418252600473815
2093-07-03,0.12104323303887848
2093-07-04,0.10981256617907799
2093-07-05,0.10044908505395049
2093-07-06,0.09235689099888239
2093-07-07,0.08775328475493821
2093-07-08,0.08454942211355793
2093-07-09,0.07927883244265622
2093-07-10,0.07709577886888805
2093-07-11,0.10637231645806128
2093-07-12,0.27347037210337566
2093-07-13,0.22487022836020457
2093-07-14,0.05148533694650246
2093-07-15,0.08895395685921897
2093-07-16,0.04875699173558697
2093-07-17,0.04724471217226965
2093-07-18,0.7176212372173344
2093-07-19,0.3515837139555244
2093-07-20,0.043949441791022406
2093-07-21,0.7356539249089816
2093-07-22,0.04182621312387436
2093-07-23,0.04089525378827645
2093-07-24,0.03989065026588184
2093-07-25,0.03894473392323074
2093-07-26,0.03805226070445998
2093-07-27,0.03721514939246701
2093-07-28,0.03645035083990435
2093-07-29,0.07135777020078378
2093-07-30,0.4469832869593418
2093-07-31,0.03512130395606499
2093-08-01,0.031626115915350965
2093-08-02,0.031180306302917685
2093-08-03,0.030760750298227307
2093-08-04,0.06676755162705074
2093-08-05,0.03716045133231885
2093-08-06,2.546622931674194
2093-08-07,1.6718039555970152
2093-08-08,0.8284695867986339
2093-08-09,0.033880616664776694
2093-08-10,0.6060929381539246
2093-08-11,0.03453297075693331
2093-08-12,2.563173823870132
2093-08-13,0.03645265143774825
2093-08-14,0.037699606546930366
2093-08-15,0.03747673398410816
2093-08-16,0.04725803810236419
2093-08-17,0.03698808414487275
2093-08-18,0.04495934527291869
2093-08-19,0.03614693494625672
2093-08-20,0.2418741426429386
2093-08-21,0.09901778969035874
2093-08-22,0.04306750891184108
2093-08-23,0.03962331823525791
2093-08-24,0.034834492939734285
2093-08-25,0.03415510618997875
2093-08-26,0.03364808775702428
2093-08-27,0.03409430061762135
2093-08-28,0.07720308072761936
2093-08-29,0.159656276674565
2093-08-30,0.11251831930628402
2093-08-31,0.0319061627867722
2093-09-01,0.014012153998696713
2093-09-02,0.013845511044964082
2093-09-03,0.013686969241418314
2093-09-04,0.013537696974855672
2093-09-05,0.013396395590171396
2093-09-06,0.013330255311523298
2093-09-07,0.013291843020476111
2093-09-08,0.013081496005280966
2093-09-09,0.014253932379385268
2093-09-10,0.09367387058796538
2093-09-11,0.01290641289205032
2093-09-12,0.012840475469300412
2093-09-13,0.012771187083105064
2093-09-14,0.04785181211209167
2093-09-15,0.012656769777888627
2093-09-16,0.012599200051402639
2093-09-17,0.039712435797428294
2093-09-18,0.01248981688371531
2093-09-19,0.012439051650835463
2093-09-20,0.012391760170077265
2093-09-21,0.012346311918308745
2093-09-22,0.012304256694313563
2093-09-23,0.012263461231211283
2093-09-24,0.012221035515150424
2093-09-25,0.01218082019221702
2093-09-26,0.012143129304055507
2093-09-27,0.012107851408633737
2093-09-28,0.012074385159710065
2093-09-29,0.015160452047943581
2093-09-30,0.012018435783197818
2093-10-01,0.16127964363484454
2093-10-02,0.01946667136363543
2093-10-03,0.01943677259182273
2093-10-04,0.01940948022298516
2093-10-05,0.019383724477215244
2093-10-06,0.019628614262834118
2093-10-07,0.019334185255560934
2093-10-08,0.019728416091105243
2093-10-09,0.01928817081335342
2093-10-10,0.019585231952068568
2093-10-11,0.019234018483222752
2093-10-12,0.019198636183502444
2093-10-13,0.019160843397824333
2093-10-14,0.05728766668913869
2093-10-15,0.019460256466250825
2093-10-16,0.019070095460671874
2093-10-17,0.019040808713423354
2093-10-18,0.019009914231984625
2093-10-19,0.01979835473955024
2093-10-20,0.018958514340941108
2093-10-21,0.021874479142570305
2093-10-22,0.14419668357347762
2093-10-23,0.03048844199923431
2093-10-24,0.01889078334476285
2093-10-25,0.018871768390633432
2093-10-26,0.01885212891965353
2093-10-27,0.018831702515680223
2093-10-28,0.018810237695391273
2093-10-29,0.018788979555494266
2093-10-30,0.018769001643589685
2093-10-31,0.01874976158615262
2093-11-01,0.019695431772499827
2093-11-02,0.019677289079421047
2093-11-03,0.019659382272113734
2093-11-04,0.019642849064314963
2093-11-05,0.39711081236322104
2093-11-06,0.040534742669953244
2093-11-07,0.023160096606484395
2093-11-08,0.01960216925649529
2093-11-09,0.09142187196070196
2093-11-10,0.02047479232388092
2093-11-11,0.35978387340519014
2093-11-12,2.1576852863738787
2093-11-13,4.717402990597049
2093-11-14,0.7733989467264734
2093-11-15,0.08987141227145501
2093-11-16,0.28513742631596006
2093-11-17,0.14346483035056848
2093-11-18,0.05040703105797146
2093-11-19,0.07040926099839608
2093-11-20,0.034558194326214334
2093-11-21,0.4058036238954133
2093-11-22,0.052593228842841885
2093-11-23,0.06265982860461643
2093-11-24,0.07369777388802307
2093-11-25,0.0671100106671263
2093-11-26,0.07818905736624719
2093-11-27,0.04555969667139503
2093-11-28,0.03794218393522548
2093-11-29,0.036878560155682936
2093-11-30,0.035532332335155487
2093-12-01,0.08973573313932318
2093-12-02,0.09014893099447191
2093-12-03,0.10304908571701758
2093-12-04,0.03596482826809045
2093-12-05,0.4513576645174206
2093-12-06,0.39718036913334165
2093-12-07,0.16532311457253973
2093-12-08,0.04066825007097198
2093-12-09,0.037590131429359776
2093-12-10,0.04117507760599952
2093-12-11,0.03691255220815591
2093-12-12,0.11558070347056934
2093-12-13,0.03761630186415132
2093-12-14,0.04030192879546977
2093-12-15,0.14397793755845673
2093-12-16,0.14980047022449217
2093-12-17,0.3176414769694596
2093-12-18,0.04034662617865403
2093-12-19,0.043666326829689205
2093-12-20,0.04713853660128668
2093-12-21,0.07286275953887253
2093-12-22,0.0504382740455497
2093-12-23,0.04210800081298537
2093-12-24,0.0882575201297474
2093-12-25,0.5900272463523205
2093-12-26,2.3901453830507644
2093-12-27,0.679710872103978
2093-12-28,0.43489387515353617
2093-12-29,0.46404946073817877
2093-12-30,1.0383740802093198
2093-12-31,3.746179730960586
2094-01-01,0.2157916866891883
2094-01-02,0.034060678559355316
2094-01-03,0.15257626403836408
2094-01-04,0.7229846296547666
2094-01-05,0.3435813924457263
2094-01-06,0.2990637162514135
2094-01-07,0.1433572673187646
2094-01-08,0.167567402077164
2094-01-09,0.18766486343639405
2094-01-10,0.1971031300780821
2094-01-11,0.19544678859048598
2094-01-12,0.1938988646954064
2094-01-13,0.19039293935961005
2094-01-14,0.18508818043425718
2094-01-15,0.17953524720901065
2094-01-16,0.17477306157523334
2094-01-17,0.1695331219111638
2094-01-18,0.16267384416469652
2094-01-19,0.1558419628583497
2094-01-20,0.1822834536377763
2094-01-21,0.22848335387410842
2094-01-22,1.6487140367357973
2094-01-23,5.104195017042986
2094-01-24,7.648835977942889
2094-01-25,9.490038535296835
2094-01-26,2.6153582188148237
2094-01-27,1.257471476677535
2094-01-28,1.133642950144586
2094-01-29,1.129099594250762
2094-01-30,1.0946370854902407
2094-01-31,1.0688239121287766
2094-02-01,0.9542777611254395
2094-02-02,0.9237797600830157
2094-02-03,0.9016305670105402
2094-02-04,0.8807593136770052
2094-02-05,0.9675652326483574
2094-02-06,0.9666608485485313
2094-02-07,0.8836143660490148
2094-02-08,0.9578042959587034
2094-02-09,0.8812882552500088
2094-02-10,0.7999391425023263
2094-02-11,0.8835841506377291
2094-02-12,0.7668961493513373
2094-02-13,1.0897693196438045
2094-02-14,1.4924175687153074
2094-02-15,1.9817533491556178
2094-02-16,3.49797129437905
2094-02-17,2.8294892599966444
2094-02-18,3.2230975478291084
2094-02-19,3.326871679611549
2094-02-20,1.933224800711648
2094-02-21,2.007819293362022
2094-02-22,1.8759737956405564
2094-02-23,1.881286679070311
2094-02-24,1.6203499197469433
2094-02-25,1.6421428561684408
2094-02-26,1.9820275506412128
2094-02-27,2.096575421702256
2094-02-28,1.7125830698896947
2094-03-01,1.7717272607369665
2094-03-02,1.560569853852501
2094-03-03,1.5756850317998135
2094-03-04,1.6354723736129644
2094-03-05,2.007245329956268
2094-03-06,2.4694237991237764
2094-03-07,2.7118085038449036
2094-03-08,2.9350543982994894
2094-03-09,4.435940556206493
2094-03-10,2.004765282957813
2094-03-11,1.7058528456080664
2094-03-12,1.7856145226251672
2094-03-13,1.9473641642127144
2094-03-14,2.1080475926963254
2094-03-15,1.767762021477404
2094-03-16,1.4804188944202397
2094-03-17,1.547763415355713
2094-03-18,1.4037519779935719
2094-03-19,1.320692281294585
2094-03-20,1.2849519881286118
2094-03-21,1.3446203845613387
2094-03-22,1.46871501160409
2094-03-23,1.2563395909169848
2094-03-24,1.4815875452899883
2094-03-25,1.173061098315527
2094-03-26,1.1217467197379378
2094-03-27,1.1093907731468284
2094-03-28,1.1110642216488806
2094-03-29,1.0687939397401796
2094-03-30,1.0921232157694503
2094-03-31,1.5896621981562364
2094-04-01,1.811410538078791
2094-04-02,1.9006907661710553
2094-04-03,2.1513766866727195
2094-04-04,2.9986613111487483
2094-04-05,2.402794172138786
2094-04-06,1.7800889839869916
2094-04-07,1.7554441840473023
2094-04-08,1.8680080485416573
2094-04-09,2.2343147450303587
2094-04-10,2.040645788919377
2094-04-11,2.5221840591050184
2094-04-12,1.3044717489688389
2094-04-13,1.3591487598963092
2094-04-14,1.636459142957977
2094-04-15,2.0232824636301037
2094-04-16,1.988603961619219
2094-04-17,2.1446662795491744
2094-04-18,1.132713510598757
2094-04-19,0.9371304391542796
2094-04-20,0.8625892498222778
2094-04-21,1.0173337540843133
2094-04-22,1.380246955644338
2094-04-23,1.3434746051373239
2094-04-24,1.0853269628950541
2094-04-25,1.0685840948555212
2094-04-26,1.016133069453408
2094-04-27,0.998982488089129
2094-04-28,1.134625709656967
2094-04-29,1.0028563605360348
2094-04-30,0.7080732495024682
2094-05-01,0.42452944021823386
2094-05-02,0.4243954139566865
2094-05-03,0.3911690595251926
2094-05-04,0.38421981025912855
2094-05-05,0.36092632980969164
2094-05-06,0.447543624002284
2094-05-07,0.36759917353296445
2094-05-08,0.25728104598624174
2094-05-09,0.23574516432613576
2094-05-10,0.22431361186398643
2094-05-11,0.2176804867120808
2094-05-12,0.2224149675766387
2094-05-13,0.46063125118119924
2094-05-14,0.3230860838230607
2094-05-15,0.18518812764916062
2094-05-16,0.17215911008105733
2094-05-17,0.15721370630079265
2094-05-18,0.1419290399792275
2094-05-19,0.1261680634540299
2094-05-20,0.11559320017129153
2094-05-21,0.1075636141808256
2094-05-22,0.11264935636532335
2094-05-23,0.0901669640828524
2094-05-24,0.08121772113400844
2094-05-25,0.07286897070980784
2094-05-26,0.0662887215637171
2094-05-27,0.06069752309686824
2094-05-28,0.056156944264574106
2094-05-29,0.05064473520782329
2094-05-30,0.04545656718574219
2094-05-31,0.05165201893932125
2094-06-01,0.03505813164062096
2094-06-02,0.03155665389544944
2094-06-03,0.026409835388806133
2094-06-04,0.047212183890020944
2094-06-05,0.024218949560385547
2094-06-06,0.0232557381031163
2094-06-07,0.02212862266843877
2094-06-08,0.12457389780096653
2094-06-09,0.020043684806062806
2094-06-10,0.023386420470570823
2094-06-11,0.01846383297088767
2094-06-12,0.017936532078474357
2094-06-13,0.017456449233440075
2094-06-14,0.017031602154398688
2094-06-15,0.016635685275984934
2094-06-16,0.05119268439969006
2094-06-17,0.015911620145437937
2094-06-18,0.015500174679067969
2094-06-19,0.015080249762812166
2094-06-20,0.014691317634935223
2094-06-21,0.014322297992806083
2094-06-22,0.013951502780717951
2094-06-23,0.01358877524534974
2094-06-24,0.017091472416345017
2094-06-25,0.012964474572571901
2094-06-26,0.012664998196437743
2094-06-27,0.012380007323961073
2094-06-28,0.012126733477836193
2094-06-29,0.013722785007118274
2094-06-30,0.011721188964751803
2094-07-01,0.03780959317836333
2094-07-02,0.03708601371456083
2094-07-03,0.03639889122200894
2094-07-04,0.03573623678972342
2094-07-05,0.035087517877156534
2094-07-06,0.03446125844053556
2094-07-07,0.03386720953441286
2094-07-08,0.03330341862352142
2094-07-09,0.08014735588881805
2094-07-10,0.15541419050191124
2094-07-11,0.14615737483088823
2094-07-12,0.032309941033947694
2094-07-13,0.031893936542821064
2094-07-14,0.03151689314653504
2094-07-15,0.031181669873064637
2094-07-16,0.0380756011989526
2094-07-17,0.030716220583796982
2094-07-18,0.030519943573563333
2094-07-19,0.0302764654798547
2094-07-20,0.06830118875689396
2094-07-21,0.03467341576617965
2094-07-22,0.0860599056049
2094-07-23,0.2919603849735197
2094-07-24,0.7057685649180726
2094-07-25,0.7008971425623945
2094-07-26,0.029555659433707086
2094-07-27,0.14482226893533293
2094-07-28,0.5268889435280204
2094-07-29,0.5987919001505774
2094-07-30,0.029761178626853714
2094-07-31,0.04642069045807936
2094-08-01,0.02871270717736415
2094-08-02,0.027169932329716005
2094-08-03,0.027017686663786313
2094-08-04,0.026862851650057376
2094-08-05,3.536260916643573
2094-08-06,1.841918485223422
2094-08-07,0.030960909872063135
2094-08-08,0.19244033624569454
2094-08-09,0.03189612546298746
2094-08-10,0.09854910087357112
2094-08-11,0.03180556503126326
2094-08-12,2.2278827169050714
2094-08-13,2.138611808891019
2094-08-14,0.09503911675045586
2094-08-15,0.03682270795145979
2094-08-16,0.03678941391198719
2094-08-17,0.03654468755457993
2094-08-18,0.03616158632031522
2094-08-19,0.035683324701138754
2094-08-20,0.035125782694003786
2094-08-21,0.03450761286321467
2094-08-22,0.058318889413566506
2094-08-23,0.1419815909154741
2094-08-24,0.13156305992386935
2094-08-25,0.09806784159193949
2094-08-26,0.061927745710131245
2094-08-27,0.03175443497025547
2094-08-28,0.03127463546485043
2094-08-29,0.05223160559782841
2094-08-30,0.030428337823471246
2094-08-31,0.6083663253393963
2094-09-01,0.017778349989409106
2094-09-02,0.08942396813971489
2094-09-03,0.01305242314906798
2094-09-04,0.10797753979535502
2094-09-05,0.018231467823676253
2094-09-06,0.22268910604320666
2094-09-07,0.127693710784224
2094-09-08,0.012849288484248317
2094-09-09,0.012842366620579545
2094-09-10,0.014117808628295135
2094-09-11,0.012766293945694712
2094-09-12,0.48668604335555604
2094-09-13,0.47046869419233767
2094-09-14,0.5480701908903847
2094-09-15,0.044106607857467894
2094-09-16,0.014835829673888266
2094-09-17,0.8601699420518245
2094-09-18,0.016165928704107456
2094-09-19,0.018751019801725444
2094-09-20,0.016820311559722273
2094-09-21,0.02053576211784307
2094-09-22,0.6318694853976667
2094-09-23,0.4083700403697685
2094-09-24,0.01638986465057247
2094-09-25,0.016667269264545093
2094-09-26,0.016716081836288737
2094-09-27,0.016667760942553768
2094-09-28,0.03238256264685975
2094-09-29,0.016540746110470055
2094-09-30,0.01646718603765428
2094-10-01,0.02664406927630826
2094-10-02,0.02653450970917378
2094-10-03,0.05089928626863105
2094-10-04,0.5271420200846074
2094-10-05,0.0720762653718062
2094-10-06,0.3703942865576535
2094-10-07,0.026582642983746636
2094-10-08,0.026576018686911375
2094-10-09,0.026536659689658758
2094-10-10,0.02647573889606142
2094-10-11,0.026423221837532776
2094-10-12,0.026396577335604816
2094-10-13,0.026354809194481386
2094-10-14,0.02628173950396537
2094-10-15,0.026181896736906407
2094-10-16,0.026028618293721315
2094-10-17,0.02580043216862065
2094-10-18,0.025530990286225536
2094-10-19,0.025258088632498506
2094-10-20,0.025020675846160013
2094-10-21,0.0248060410148903
2094-10-22,0.02458548943450212
2094-10-23,0.02435758603011026
2094-10-24,0.024130922462839297
2094-10-25,0.023926406841284116
2094-10-26,0.02374499621618934
2094-10-27,0.02358325900312958
2094-10-28,0.023428968568790804
2094-10-29,0.14443223475876393
2094-10-30,0.023124945031941055
2094-10-31,0.022947983153770005
2094-11-01,0.11461423794642461
2094-11-02,0.023857399520193858
2094-11-03,0.023800271586533656
2094-11-04,0.023737090975087596
2094-11-05,0.023665631524416055
2094-11-06,0.023586922005205825
2094-11-07,0.02349799928398181
2094-11-08,0.4425613033370282
2094-11-09,0.6262062935361403
2094-11-10,4.949905622236442
2094-11-11,17.347340821731898
2094-11-12,21.64135013590556
2094-11-13,2.951901723386952
2094-11-14,0.41255815620258834
2094-11-15,0.421489105976736
2094-11-16,1.5493400085727873
2094-11-17,0.19858152457430614
2094-11-18,0.1934341366176055
2094-11-19,0.10777193369241668
2094-11-20,0.06499946967964741
2094-11-21,0.06019453878434148
2094-11-22,0.07578079554935607
2094-11-23,0.35277424696690163
2094-11-24,0.2349200768119586
2094-11-25,0.13278961307134568
2094-11-26,0.26578850048457375
2094-11-27,0.1818466176269713
2094-11-28,0.07320318615893867
2094-11-29,0.059766014595734475
2094-11-30,0.05641231515181949
2094-12-01,0.0598857517045174
2094-12-02,0.06094791623675195
2094-12-03,0.1326056465578974
2094-12-04,0.13530432642411283
2094-12-05,0.13049646651903946
2094-12-06,0.22801062618881254
2094-12-07,0.286295283233426
2094-12-08,0.25824902577809444
2094-12-09,0.3236059138390494
2094-12-10,0.9485425833001229
2094-12-11,1.7103649944732595
2094-12-12,0.7823203617065758
2094-12-13,0.3445380997041404
2094-12-14,0.31286209553111377
2094-12-15,0.5250009792154007
2094-12-16,0.8487181340629584
2094-12-17,0.6301121257409507
2094-12-18,0.5458389378433667
2094-12-19,0.5499209113717398
2094-12-20,0.6981351989755475
2094-12-21,0.6309127806932987
2094-12-22,0.4517139334066258
2094-12-23,0.4490472039212946
2094-12-24,0.4571382381939824
2094-12-25,0.5471960315827142
2094-12-26,0.5575297181833228
2094-12-27,0.5660202403178358
2094-12-28,0.6157048768829992
2094-12-29,0.5723747413474763
2094-12-30,0.997163417551058
2094-12-31,1.0861590676856892
2095-01-01,0.32392657010930204
2095-01-02,0.3070235761562958
2095-01-03,0.41894259244485443
2095-01-04,0.3806828485823005
2095-01-05,0.4140659046871838
2095-01-06,0.4048636926738845
2095-01-07,0.44989753310509567
2095-01-08,0.4884971351150008
2095-01-09,1.1450252408087
2095-01-10,1.0938178780989525
2095-01-11,1.0307141426664028
2095-01-12,1.3820813348174728
2095-01-13,3.124541696811664
2095-01-14,10.768503741169969
2095-01-15,2.9510287410856697
2095-01-16,1.3599351878563641
2095-01-17,1.3111753849729229
2095-01-18,1.2939261498042365
2095-01-19,1.2945743068488769
2095-01-20,1.2207618651728334
2095-01-21,1.1716332606269106
2095-01-22,1.3581312620518828
2095-01-23,7.082894371454777
2095-01-24,3.713497908778541
2095-01-25,1.6716933171582165
2095-01-26,2.38643077938569
2095-01-27,1.9302869294554523
2095-01-28,4.046820663879841
2095-01-29,3.141741328998736
2095-01-30,6.1873963090771795
2095-01-31,14.218509090764336
2095-02-01,4.769001281140759
2095-02-02,5.389963408086413
2095-02-03,5.92572835779459
2095-02-04,6.331792414404604
2095-02-05,3.7045491800154946
2095-02-06,4.549808052913735
2095-02-07,3.5649223790642064
2095-02-08,2.3225661913675393
2095-02-09,2.0255054350751136
2095-02-10,1.836458932566934
2095-02-11,1.7645571391856283
2095-02-12,1.6888573509777416
2095-02-13,1.6121947078675816
2095-02-14,1.5311020554746266
2095-02-15,1.453285768866477
2095-02-16,1.4319329860747643
2095-02-17,1.2794735957816477
2095-02-18,1.169787779089658
2095-02-19,1.1123806328099972
2095-02-20,1.0736781663021755
2095-02-21,1.0911146780544423
2095-02-22,1.1082441498371567
2095-02-23,1.2360761961805067
2095-02-24,1.5587712166163328
2095-02-25,1.974039489737689
2095-02-26,2.943106872504633
2095-02-27,5.225873876315966
2095-02-28,6.528154329686316
2095-03-01,5.224536878003603
2095-03-02,3.662923714181534
2095-03-03,4.226229417208441
2095-03-04,5.760686529662683
2095-03-05,7.740909183377239
2095-03-06,7.063282206231617
2095-03-07,4.636036130873651
2095-03-08,4.54181497264809
2095-03-09,4.373215365259651
2095-03-10,3.7203831058459254
2095-03-11,3.593429644985226
2095-03-12,4.841988673432983
2095-03-13,8.895526790618247
2095-03-14,7.936350903646517
2095-03-15,2.814763714869499
2095-03-16,3.332526679316995
2095-03-17,4.126325548262371
2095-03-18,3.286626494487212
2095-03-19,3.9569143914583167
2095-03-20,3.2449246279485444
2095-03-21,2.6721558613596845
2095-03-22,2.1453006578886606
2095-03-23,2.7499560322144174
2095-03-24,4.310852251821201
2095-03-25,5.904161945598514
2095-03-26,4.695371800571466
2095-03-27,2.639692308583161
2095-03-28,5.154295933566392
2095-03-29,4.568219866408763
2095-03-30,3.2658194778420158
2095-03-31,5.156281276438655
2095-04-01,4.433688361428071
2095-04-02,2.3340852001904255
2095-04-03,3.3120350091939343
2095-04-04,4.860948231985934
2095-04-05,5.178293671409894
2095-04-06,5.967424303347999
2095-04-07,7.26732203820414
2095-04-08,7.348749790092242
2095-04-09,7.08388795177855
2095-04-10,3.361342360650699
2095-04-11,2.657928508536338
2095-04-12,1.5347641715781897
2095-04-13,1.540407682695914
2095-04-14,1.4791488237856885
2095-04-15,1.451872895853047
2095-04-16,1.4375165242153798
2095-04-17,1.4382788335988805
2095-04-18,1.464383730855482
2095-04-19,1.442148812402095
2095-04-20,1.3345418195562815
2095-04-21,1.3581034658440272
2095-04-22,1.6691036885612351
2095-04-23,1.718505313545387
2095-04-24,2.9437292611920043
2095-04-25,4.661840420287411
2095-04-26,3.3674090943956636
2095-04-27,1.3509708743414535
2095-04-28,1.549553848644482
2095-04-29,1.335493370305008
2095-04-30,1.6119893008721118
2095-05-01,1.4761966618420617
2095-05-02,1.3923684599904662
2095-05-03,1.369757331410694
2095-05-04,1.6744101070179545
2095-05-05,1.7646355664291205
2095-05-06,1.013065738684468
2095-05-07,0.9772668799700744
2095-05-08,1.005529071046061
2095-05-09,0.9683360891757649
2095-05-10,0.9760492560533446
2095-05-11,0.8853104221145857
2095-05-12,0.8553825664776906
2095-05-13,0.8272538495284011
2095-05-14,0.8626621830336344
2095-05-15,0.8310877513068488
2095-05-16,0.8801927498153059
2095-05-17,0.9099249635162044
2095-05-18,1.2944104463854167
2095-05-19,0.9027902383920088
2095-05-20,0.8758987671698151
2095-05-21,0.8567479967313728
2095-05-22,1.0376979118595482
2095-05-23,1.1826901101373661
2095-05-24,1.2883878732411045
2095-05-25,1.7231542460902225
2095-05-26,1.880931187516916
2095-05-27,2.056464985222469
2095-05-28,2.3327786575844844
2095-05-29,1.1906802602163218
2095-05-30,0.8722745138088086
2095-05-31,0.8671855850275738
2095-06-01,1.5847554606762846
2095-06-02,1.14542509844931
2095-06-03,1.1021550820065678
2095-06-04,0.8287556572770644
2095-06-05,1.2811968082113725
2095-06-06,1.5850487148128645
2095-06-07,1.6479318833454473
2095-06-08,1.983628698489049
2095-06-09,1.839954312483624
2095-06-10,1.4800875764816765
2095-06-11,1.116121698225268
2095-06-12,0.9732550757245317
2095-06-13,0.6428013984603564
2095-06-14,0.29960015488866115
2095-06-15,0.2653894677371512
2095-06-16,0.23589430409943618
2095-06-17,0.21485784380392367
2095-06-18,0.19099451683710664
2095-06-19,0.1652352832042347
2095-06-20,0.14668712571297254
2095-06-21,0.13042643459739264
2095-06-22,0.10392356213963454
2095-06-23,0.07957453874308387
2095-06-24,0.06910704050092215
2095-06-25,0.060352075168153066
2095-06-26,0.05248498287970662
2095-06-27,0.04601976679489828
2095-06-28,0.04064245120336574
2095-06-29,0.03607375198040122
2095-06-30,0.03300311411881762
2095-07-01,0.09874940342154882
2095-07-02,0.0886082660756407
2095-07-03,0.0798299311424195
2095-07-04,0.07502604602800012
2095-07-05,0.05713996114284505
2095-07-06,0.05360796966635528
2095-07-07,0.05111339764798336
2095-07-08,0.09484061340869164
2095-07-09,0.04730423031168143
2095-07-10,0.04545547048932607
2095-07-11,0.043823851478118916
2095-07-12,0.042411809154923284
2095-07-13,0.04120882457700352
2095-07-14,0.04016517986773832
2095-07-15,0.03923522808172221
2095-07-16,0.038411501320477354
2095-07-17,0.037666696900417546
2095-07-18,0.037000079051197045
2095-07-19,0.036353770460615956
2095-07-20,0.035694247051307235
2095-07-21,0.03504597567432409
2095-07-22,0.034446641872342865
2095-07-23,0.033930328411094945
2095-07-24,0.1836944684175842
2095-07-25,0.033124595078863873
2095-07-26,0.03274637305516465
2095-07-27,0.03240041257393079
2095-07-28,0.03207006996727404
2095-07-29,0.031743956353952794
2095-07-30,0.06261199484266246
2095-07-31,0.06505041545238745
2095-08-01,0.029026403446623644
2095-08-02,0.02818208797526618
2095-08-03,0.028006778309155256
2095-08-04,0.027837749543194165
2095-08-05,0.027684235772314388
2095-08-06,0.027839067623562877
2095-08-07,0.027520802037023874
2095-08-08,0.0706136460993985
2095-08-09,0.03574534543350325
2095-08-10,0.027150144452002745
2095-08-11,0.027025592274367977
2095-08-12,0.031030009974817314
2095-08-13,0.03154975816429668
2095-08-14,0.02672147748339092
2095-08-15,0.03229290236171396
2095-08-16,0.026547010983622513
2095-08-17,0.04947727242200672
2095-08-18,0.0263936513712435
2095-08-19,0.030984857025733246
2095-08-20,0.02626084047344311
2095-08-21,0.029966506623214675
2095-08-22,0.026152739099886968
2095-08-23,0.11006175548200466
2095-08-24,0.02606420542504231
2095-08-25,0.026028899472057925
2095-08-26,0.05301570584209455
2095-08-27,0.02594337456736898
2095-08-28,0.02590137957408586
2095-08-29,0.025856117852136335
2095-08-30,0.02580991602935288
2095-08-31,0.025766526345360283
2095-09-01,0.01144676232103205
2095-09-02,0.011431040692896317
2095-09-03,0.011416127149692834
2095-09-04,0.011402051276650869
2095-09-05,0.011389032002449957
2095-09-06,0.011377077805352938
2095-09-07,0.012818580820006724
2095-09-08,0.011357344983657541
2095-09-09,0.011348092771216213
2095-09-10,0.01133940776029753
2095-09-11,0.011331496499587862
2095-09-12,0.011324244085933449
2095-09-13,0.01131733034576738
2095-09-14,0.028337751175058178
2095-09-15,0.011303558236425773
2095-09-16,0.011297110234483813
2095-09-17,0.012866687460700273
2095-09-18,0.011285299542288902
2095-09-19,0.011279257429522694
2095-09-20,0.011273196703842001
2095-09-21,0.011267313184647016
2095-09-22,0.011261622264236756
2095-09-23,0.01125618070297346
2095-09-24,0.011251057015648023
2095-09-25,0.01124632596827978
2095-09-26,0.011242001987360641
2095-09-27,0.05485827170354227
2095-09-28,0.011234159780526203
2095-09-29,0.05703258926802263
2095-09-30,0.01122698658822359
2095-10-01,0.030494232913319194
2095-10-02,0.018238305444469465
2095-10-03,0.018232834918800213
2095-10-04,0.018227368683090377
2095-10-05,0.018222079148336564
2095-10-06,0.018216926502365546
2095-10-07,0.01842824110140009
2095-10-08,0.01820681742397179
2095-10-09,0.01820175587883435
2095-10-10,0.018196780751589745
2095-10-11,0.018191865380056012
2095-10-12,0.018186889814683315
2095-10-13,0.018181880342115757
2095-10-14,0.018176948264265063
2095-10-15,0.027862038244521704
2095-10-16,0.01849781589032396
2095-10-17,0.01816265626044028
2095-10-18,0.01815784598828333
2095-10-19,0.01815304899847977
2095-10-20,0.018148255799969287
2095-10-21,0.018143445596558488
2095-10-22,0.018138616621370552
2095-10-23,0.018133766297968205
2095-10-24,0.018128938615616652
2095-10-25,0.018166133073612242
2095-10-26,0.018875228603172308
2095-10-27,0.018114539677819345
2095-10-28,0.026758803767238694
2095-10-29,0.018498486793317788
2095-10-30,0.018100351693955578
2095-10-31,0.018095760705291352
2095-11-01,0.01902219848770625
2095-11-02,0.019203132836861397
2095-11-03,0.019012791779319367
2095-11-04,0.01900809317803352
2095-11-05,0.01900339489824742
2095-11-06,0.018998696882781736
2095-11-07,0.018994000979718893
2095-11-08,0.018989307020758264
2095-11-09,0.11008619930854917
2095-11-10,0.026862057774212605
2095-11-11,0.01897523831672865
2095-11-12,0.01897055018899361
2095-11-13,0.018965862748491265
2095-11-14,0.018961176620958742
2095-11-15,0.09224793925938002
2095-11-16,0.019393442155487835
2095-11-17,0.060312493401045726
2095-11-18,0.019503349874433272
2095-11-19,0.021111348323130164
2095-11-20,0.03016591983714234
2095-11-21,0.43594549938450805
2095-11-22,0.04384301039084903
2095-11-23,0.04488164033260389
2095-11-24,0.028936019607969255
2095-11-25,0.018911467540972483
2095-11-26,0.028015133950972135
2095-11-27,0.020459511624599653
2095-11-28,0.021357444271513912
2095-11-29,0.0790801089948802
2095-11-30,0.7878674936953396
2095-12-01,1.453918644271993
2095-12-02,0.19887885404675334
2095-12-03,0.03753523570371523
2095-12-04,0.03378147249401487
2095-12-05,0.023608674426026852
2095-12-06,0.034548573096786356
2095-12-07,0.20998131980075713
2095-12-08,0.09260379028263081
2095-12-09,0.26041753627084485
2095-12-10,0.2723236460728218
2095-12-11,0.25443717578746616
2095-12-12,0.09242312345300478
2095-12-13,0.043034277241999645
2095-12-14,0.05873874612050414
2095-12-15,0.0672117916441811
2095-12-16,0.05997213886420213
2095-12-17,0.05455303486602449
2095-12-18,0.05953707130503076
2095-12-19,0.06209422251884695
2095-12-20,0.17693414630490414
2095-12-21,1.0772163287037735
2095-12-22,0.6140722433162046
2095-12-23,0.20972570398789506
2095-12-24,0.054900579670429134
2095-12-25,0.03040471727893754
2095-12-26,0.043445548287492045
2095-12-27,0.030578652809349644
2095-12-28,0.03325368682115346
2095-12-29,0.14942831214094762
2095-12-30,0.3129968023197944
2095-12-31,0.19384773654336396
2096-01-01,0.02012873193036737
2096-01-02,0.013744650011144718
2096-01-03,0.016143381343960303
2096-01-04,0.028157888650230892
2096-01-05,0.028317229742430314
2096-01-06,0.020151127046009035
2096-01-07,0.013938387754700882
2096-01-08,0.17975801583757123
2096-01-09,0.08884752797339829
2096-01-10,0.10234588309072619
2096-01-11,0.05037086319393034
2096-01-12,0.0607119182114697
2096-01-13,0.029716225715752907
2096-01-14,0.028313521616229267
2096-01-15,0.07947717050261863
2096-01-16,0.0443325973393614
2096-01-17,0.04716123607150232
2096-01-18,0.1773351193571361
2096-01-19,0.08166109203597992
2096-01-20,0.0440083385381514
2096-01-21,0.07113787351146778
2096-01-22,0.03352271638595769
2096-01-23,0.03919543383023658
2096-01-24,0.03482717919509439
2096-01-25,0.03249789434328677
2096-01-26,0.04229949881839349
2096-01-27,0.14233283994865653
2096-01-28,0.09275749556086513
2096-01-29,0.1819032943882052
2096-01-30,1.1655562897145375
2096-01-31,0.09844129897192483
2096-02-01,0.03179272461112936
2096-02-02,0.0602495090198996
2096-02-03,0.03743816716525214
2096-02-04,0.03524486973260798
2096-02-05,0.060721017450004626
2096-02-06,0.12317285165294821
2096-02-07,0.08467460598762087
2096-02-08,0.03748885030784831
2096-02-09,0.09381041757293329
2096-02-10,0.2437293579254283
2096-02-11,0.10336590247416308
2096-02-12,0.10226239464708606
2096-02-13,0.11470522007776233
2096-02-14,0.07225309561761847
2096-02-15,0.06415264953241062
2096-02-16,0.06299399212873127
2096-02-17,0.0822665507234154
2096-02-18,0.0826007519712693
2096-02-19,0.0788985620907308
2096-02-20,0.0868015659565322
2096-02-21,0.09705361739849971
2096-02-22,0.08253794718277825
2096-02-23,0.0879906303837072
2096-02-24,0.09281647812864989
2096-02-25,0.10291471322256174
2096-02-26,0.12290953684424949
2096-02-27,0.23302847938769802
2096-02-28,0.539983677396075
2096-02-29,0.38940292753870404
2096-03-01,0.35647176401721165
2096-03-02,0.5655269710869814
2096-03-03,0.4973164862044637
2096-03-04,0.395575660294764
2096-03-05,0.4293005390528133
2096-03-06,0.4190658182169785
2096-03-07,0.37680114470964804
2096-03-08,0.40228824986158035
2096-03-09,0.4359656775990724
2096-03-10,0.45283644092063263
2096-03-11,0.4350929432352475
2096-03-12,0.5205085187425191
2096-03-13,0.6034395916232868
2096-03-14,0.591994283493407
2096-03-15,1.1096425660319742
2096-03-16,1.8045997750246234
2096-03-17,1.1870353236490157
2096-03-18,1.055834755457717
2096-03-19,1.5380151601894243
2096-03-20,1.1154873799169511
2096-03-21,1.1821670177786554
2096-03-22,1.367244704454958
2096-03-23,1.300885355563583
2096-03-24,1.172534942623968
2096-03-25,1.2757628824669125
2096-03-26,1.45404746478665
2096-03-27,1.678518305801925
2096-03-28,2.4100852525864678
2096-03-29,1.9738793987857268
2096-03-30,2.075569405568905
2096-03-31,3.062664249266411
2096-04-01,2.8407814385990147
2096-04-02,3.152299851495896
2096-04-03,3.4755693809506507
2096-04-04,2.698767630668457
2096-04-05,1.9331968736325456
2096-04-06,1.5124132863264732
2096-04-07,1.4594468400009217
2096-04-08,1.4306940671639532
2096-04-09,1.4133317998781376
2096-04-10,1.3079263794299627
2096-04-11,1.4568495779445263
2096-04-12,1.6039362874375351
2096-04-13,1.193598359695273
2096-04-14,1.1406290812335793
2096-04-15,1.2561003374096564
2096-04-16,1.3098230898427008
2096-04-17,1.3234135719720097
2096-04-18,1.4507731133175599
2096-04-19,0.8606122459762453
2096-04-20,0.9002163882881348
2096-04-21,1.0760650469180584
2096-04-22,0.7464603291680459
2096-04-23,0.5385584194018574
2096-04-24,0.48813080654987195
2096-04-25,0.4529336260488961
2096-04-26,0.4299628897873184
2096-04-27,0.4059420577948835
2096-04-28,0.3752097120111335
2096-04-29,0.33706715800570247
2096-04-30,0.29701937703039266
2096-05-01,0.25886630664369936
2096-05-02,0.2216487730729536
2096-05-03,0.1873289443532141
2096-05-04,0.15911207444493708
2096-05-05,0.1348310864294614
2096-05-06,0.11392850644879679
2096-05-07,0.10151720807229735
2096-05-08,0.12244692469304047
2096-05-09,0.09399215044846598
2096-05-10,0.095146198646864
2096-05-11,0.06992799921450572
2096-05-12,0.0627258860988786
2096-05-13,0.05671970946165707
2096-05-14,0.051182943703252264
2096-05-15,0.04645807756665285
2096-05-16,0.04270308603747949
2096-05-17,0.0449202982203693
2096-05-18,0.0369743880663447
2096-05-19,0.034743239472960666
2096-05-20,0.03242075893738586
2096-05-21,0.030215219671416098
2096-05-22,0.028366993789015877
2096-05-23,0.026852960046075555
2096-05-24,0.026764317963606506
2096-05-25,0.02588755635305012
2096-05-26,0.03555226679172759
2096-05-27,0.025604461201383218
2096-05-28,0.02421044875832135
2096-05-29,0.02372628788373629
2096-05-30,0.023431495986766856
2096-05-31,0.02227826542735282
2096-06-01,0.019125856072855153
2096-06-02,0.018735833119061837
2096-06-03,0.01832853588971348
2096-06-04,0.017896398843653568
2096-06-05,0.017445914312522716
2096-06-06,0.016997164820186022
2096-06-07,0.01656144048442058
2096-06-08,0.01613174169493682
2096-06-09,0.015709042253476455
2096-06-10,0.015298350866726691
2096-06-11,0.014888183337320775
2096-06-12,0.014474077830094495
2096-06-13,0.014060563439429003
2096-06-14,0.013658533293471407
2096-06-15,0.013271732700256254
2096-06-16,0.012891464527683744
2096-06-17,0.01252483843504804
2096-06-18,0.012180580172814072
2096-06-19,0.011852558916213571
2096-06-20,0.011544498762306423
2096-06-21,0.01126086076892382
2096-06-22,0.011000417433454484
2096-06-23,0.010769630893676727
2096-06-24,0.010558123093784507
2096-06-25,0.010356161193524161
2096-06-26,0.010168695310331205
2096-06-27,0.009992306917735028
2096-06-28,0.009829146209711733
2096-06-29,0.00968516483095947
2096-06-30,0.009558865466084967
2096-07-01,0.030980044018459527
2096-07-02,0.19678007462902677
2096-07-03,0.030415937535933812
2096-07-04,0.03019768930425917
2096-07-05,0.1044693424352955
2096-07-06,0.21168344955783283
2096-07-07,0.03430703483471914
2096-07-08,0.07637475242646011
2096-07-09,0.18475650726126713
2096-07-10,0.030765630983825953
2096-07-11,0.04123605087691272
2096-07-12,0.06662217653416516
2096-07-13,0.39342710232696043
2096-07-14,0.030123355789226623
2096-07-15,0.030253231888052894
2096-07-16,0.028680453132844154
2096-07-17,0.10001606914092932
2096-07-18,0.15727384506483247
2096-07-19,0.03369106074101979
2096-07-20,0.10012268762049947
2096-07-21,0.33430945317773125
2096-07-22,0.02838042507340651
2096-07-23,0.02831759747081064
2096-07-24,0.02826123004636315
2096-07-25,0.02821327031376412
2096-07-26,0.028171541575681403
2096-07-27,0.028133759291420278
2096-07-28,0.028099810554145635
2096-07-29,0.028068811062277023
2096-07-30,0.02803919051715342
2096-07-31,0.02801095149242313
2096-08-01,0.025579007552963086
2096-08-02,0.025558212380575682
2096-08-03,0.02553895784686778
2096-08-04,0.025521822018906716
2096-08-05,0.025506791511839228
2096-08-06,0.025492776464574464
2096-08-07,0.04669581996443157
2096-08-08,0.02546788466852796
2096-08-09,0.025456569078426944
2096-08-10,7.273676323091468
2096-08-11,0.02930822740639659
2096-08-12,0.03047715627168739
2096-08-13,0.03052027110648776
2096-08-14,0.030315581179569825
2096-08-15,0.030008133710364152
2096-08-16,0.029669117343921737
2096-08-17,0.029336107678243288
2096-08-18,0.02900516822127144
2096-08-19,0.028686767028313822
2096-08-20,0.028386093824633613
2096-08-21,0.028095887217745207
2096-08-22,0.02784313585725696
2096-08-23,0.027640904847461973
2096-08-24,0.027468445668585435
2096-08-25,0.027305142805214812
2096-08-26,0.027154217325136034
2096-08-27,0.027016781950382984
2096-08-28,0.026880490306713654
2096-08-29,0.02710034869095686
2096-08-30,0.026640880344468723
2096-08-31,0.02671167397742476
2096-09-01,0.011766812782267702
2096-09-02,0.014883227611731074
2096-09-03,0.011683864584733049
2096-09-04,0.011644006005331317
2096-09-05,0.01477566550241758
2096-09-06,0.01158322287964778
2096-09-07,0.011554416365619774
2096-09-08,0.011527229393570851
2096-09-09,0.011504897850200228
2096-09-10,0.045313514398715296
2096-09-11,0.011763088469738494
2096-09-12,0.1680349386447916
2096-09-13,0.011456459372410561
2096-09-14,0.01144470319586787
2096-09-15,0.01143307985554198
2096-09-16,0.011422388714440923
2096-09-17,0.011412300927573938
2096-09-18,0.012374718677608263
2096-09-19,0.011395171768315046
2096-09-20,0.011387474467117317
2096-09-21,0.011379882170507703
2096-09-22,0.011372529707544932
2096-09-23,0.011365527447776132
2096-09-24,0.01135900644288503
2096-09-25,0.07166326534145713
2096-09-26,0.011348309854763712
2096-09-27,0.011812844210497574
2096-09-28,0.011851777815914477
2096-09-29,0.011334852405056536
2096-09-30,0.011330692898394933
2096-10-01,0.01841095503663192
2096-10-02,0.018404302379483952
2096-10-03,0.019577399401279297
2096-10-04,0.01839222911656195
2096-10-05,0.018386069099787416
2096-10-06,0.019029303529921007
2096-10-07,0.018373782661510806
2096-10-08,0.018367736111636227
2096-10-09,0.018361937544166082
2096-10-10,0.018356312816995738
2096-10-11,0.018350857876159615
2096-10-12,0.018345345988966155
2096-10-13,0.0183397101136484
2096-10-14,0.018334441615186776
2096-10-15,0.018329603649657033
2096-10-16,0.018324853449237795
2096-10-17,0.01832014547633834
2096-10-18,0.018315455039838665
2096-10-19,0.018310772148987773
2096-10-20,0.018306081594491447
2096-10-21,0.018301463629670854
2096-10-22,0.018296939046615755
2096-10-23,0.018292426960977475
2096-10-24,0.01828791565309325
2096-10-25,0.01828340563599271
2096-10-26,0.01827889654952955
2096-10-27,0.018274388301357553
2096-10-28,0.01826988119211269
2096-10-29,0.018265375055573366
2096-10-30,0.018260869836331965
2096-10-31,0.01847089865228158
2096-11-01,0.019345393099872266
2096-11-02,0.019186301120995296
2096-11-03,0.021323895101604606
2096-11-04,0.01917683667430022
2096-11-05,0.019172105889609225
2096-11-06,0.019167376181618706
2096-11-07,0.01950651480069343
2096-11-08,0.01999234061905634
2096-11-09,0.019153194363671158
2096-11-10,0.019148469504066748
2096-11-11,0.019143745375928372
2096-11-12,0.019179959565026564
2096-11-13,0.019453563652882845
2096-11-14,0.019129580260856125
2096-11-15,0.01912486082898508
2096-11-16,0.020735651520090055
2096-11-17,0.01911542547153125
2096-11-18,0.01911070964951813
2096-11-19,0.019105994684118412
2096-11-20,0.11891344051912897
2096-11-21,0.019428730444064707
2096-11-22,0.02051820279183027
2096-11-23,0.02772169344215211
2096-11-24,0.019204171452123237
2096-11-25,0.025455049404756076
2096-11-26,0.04444368655087976
2096-11-27,0.2563840329110528
2096-11-28,0.028379890284291418
2096-11-29,0.044234500156399334
2096-11-30,0.2360486404865431
2096-12-01,0.25269361399737506
2096-12-02,0.023101738894171848
2096-12-03,0.08330460369912217
2096-12-04,0.06160127838369207
2096-12-05,0.023947134687800093
2096-12-06,0.02305230788653586
2096-12-07,0.02252752251227473
2096-12-08,0.02111245578209163
2096-12-09,0.02019658016205038
2096-12-10,0.026991190379801574
2096-12-11,0.02292433179319904
2096-12-12,0.05989004736460059
2096-12-13,0.020510818738914933
2096-12-14,0.02014075037862835
2096-12-15,0.020924786233699373
2096-12-16,0.35346171829220385
2096-12-17,0.3017031718388328
2096-12-18,0.07317690898385196
2096-12-19,0.5542469645315331
2096-12-20,0.20588389297622178
2096-12-21,0.09072892867974827
2096-12-22,0.027516108213900718
2096-12-23,0.040418128579444594
2096-12-24,0.06129321775799928
2096-12-25,0.05048637002578019
2096-12-26,0.06733000254901068
2096-12-27,0.09089312306686445
2096-12-28,0.098795544097718
2096-12-29,0.19876406521113016
2096-12-30,0.027160822654381352
2096-12-31,0.02892412719648355
2097-01-01,0.01781714116207835
2097-01-02,0.2296906262614391
2097-01-03,0.01946935832684786
2097-01-04,0.06534516674287423
2097-01-05,0.44004110647814265
2097-01-06,2.438366219299875
2097-01-07,0.13775964173343475
2097-01-08,0.3231359431891721
2097-01-09,0.21822202419902842
2097-01-10,0.16182334099450166
2097-01-11,0.04206971510130244
2097-01-12,0.13507914409121005
2097-01-13,0.07880182596918447
2097-01-14,0.022994754379968098
2097-01-15,0.024385103501575425
2097-01-16,0.049515915813181724
2097-01-17,0.16328529881671075
2097-01-18,0.26543448433705513
2097-01-19,0.3090649101702696
2097-01-20,0.47040137072566013
2097-01-21,0.1833584780204387
2097-01-22,0.15480841694154193
2097-01-23,0.4805778173878138
2097-01-24,1.0232862675542265
2097-01-25,0.5494429302596151
2097-01-26,0.29047978247419526
2097-01-27,0.34742717969354125
2097-01-28,0.7408674539076863
2097-01-29,1.212813980231976
2097-01-30,0.6851070728402323
2097-01-31,0.6281682966037323
2097-02-01,0.5522296428579765
2097-02-02,0.6907445437724726
2097-02-03,0.6036861335920937
2097-02-04,0.585434380165883
2097-02-05,0.774163316926365
2097-02-06,2.06732477372076
2097-02-07,1.0584878802476803
2097-02-08,0.6435157561462443
2097-02-09,0.7878212339117949
2097-02-10,2.2043802373534827
2097-02-11,0.9106648813856161
2097-02-12,1.3403382213663388
2097-02-13,0.871794858067704
2097-02-14,0.8238219208670797
2097-02-15,1.205616206258332
2097-02-16,2.8550751395121163
2097-02-17,1.808247460419835
2097-02-18,0.9162555869754951
2097-02-19,0.8972170258130092
2097-02-20,0.9759442126023072
2097-02-21,1.0567763803925971
2097-02-22,1.1469540960708509
2097-02-23,1.2398328928753373
2097-02-24,1.2486067448669078
2097-02-25,1.1488354338049835
2097-02-26,1.7068658729045185
2097-02-27,3.268988766994749
2097-02-28,2.901529930304641
2097-03-01,1.9685478093255189
2097-03-02,2.6127439277204134
2097-03-03,1.7140581902855323
2097-03-04,1.510667677202884
2097-03-05,1.4785442567464322
2097-03-06,1.4187204966791462
2097-03-07,1.338348975036728
2097-03-08,1.3827437919881136
2097-03-09,1.2882498383900853
2097-03-10,1.3144960648781165
2097-03-11,1.3732463815926652
2097-03-12,1.1801664366863789
2097-03-13,1.128760916033212
2097-03-14,1.0822104305756093
2097-03-15,1.1158086040370236
2097-03-16,1.2164736255648914
2097-03-17,1.5528210657995898
2097-03-18,1.7078621642940068
2097-03-19,2.242876286060001
2097-03-20,3.784857213483498
2097-03-21,5.364585646241659
2097-03-22,6.332456207276129
2097-03-23,5.13597856094513
2097-03-24,1.47504788190396
2097-03-25,1.41516061407951
2097-03-26,1.3907284717107802
2097-03-27,1.36136418597989
2097-03-28,1.3505552190424368
2097-03-29,1.5977942772722697
2097-03-30,1.6441873690119353
2097-03-31,1.9104547479792624
2097-04-01,2.0280259697149643
2097-04-02,2.282372371119649
2097-04-03,2.011380295295016
2097-04-04,1.8145254903780557
2097-04-05,1.6678030288311994
2097-04-06,1.6075552202255174
2097-04-07,1.623146918030833
2097-04-08,1.8991080412367098
2097-04-09,2.2272032395271864
2097-04-10,3.482177916448417
2097-04-11,6.425017721933095
2097-04-12,5.529127550979292
2097-04-13,3.149753567352967
2097-04-14,2.043857730213694
2097-04-15,2.0913793809709795
2097-04-16,2.2328902399750707
2097-04-17,2.1569545634344305
2097-04-18,2.127091166417641
2097-04-19,2.26353836888799
2097-04-20,3.0159448250661076
2097-04-21,7.193479075231859
2097-04-22,6.163003009333814
2097-04-23,5.554813619524363
2097-04-24,5.790703766060419
2097-04-25,7.3655864093127965
2097-04-26,6.239456689943214
2097-04-27,5.5310915404676635
2097-04-28,2.138866337434836
2097-04-29,1.6574230343732572
2097-04-30,1.8637753539122326
2097-05-01,2.384971912077512
2097-05-02,4.689363518853158
2097-05-03,3.717314379877663
2097-05-04,3.968700194895731
2097-05-05,4.588653482461123
2097-05-06,3.783220874978242
2097-05-07,2.7699217802794602
2097-05-08,3.1687117969614946
2097-05-09,3.1083590576717657
2097-05-10,3.2942336985856744
2097-05-11,3.398545726379499
2097-05-12,3.570630218473182
2097-05-13,3.010882812621826
2097-05-14,2.4751876832717215
2097-05-15,1.9673133203401227
2097-05-16,1.3960722014436269
2097-05-17,1.25876316078627
2097-05-18,1.3089843564008052
2097-05-19,1.5265967933040998
2097-05-20,1.3147105364614167
2097-05-21,1.3186615398307258
2097-05-22,1.3603260754529307
2097-05-23,1.444191311490575
2097-05-24,0.9309337672723142
2097-05-25,0.8560658869942799
2097-05-26,0.6340957715766793
2097-05-27,0.5042522285162341
2097-05-28,0.5357901660470669
2097-05-29,0.4108221189299915
2097-05-30,0.36783181654270214
2097-05-31,0.3219061599012767
2097-06-01,0.23367516780578976
2097-06-02,0.21010877928422494
2097-06-03,0.1894513475195905
2097-06-04,0.1767309007936386
2097-06-05,0.1667898592991764
2097-06-06,0.14515229163107204
2097-06-07,0.11872939215180328
2097-06-08,0.10175788885074508
2097-06-09,0.09795866887254673
2097-06-10,0.07645603748743432
2097-06-11,0.06683985894703388
2097-06-12,0.06328107493986464
2097-06-13,0.05444227704688692
2097-06-14,0.049623182704017416
2097-06-15,0.05069803880385288
2097-06-16,0.04154218542190262
2097-06-17,0.03883190453338951
2097-06-18,0.03440087119093255
2097-06-19,0.03324804015849391
2097-06-20,0.026123406432126826
2097-06-21,0.025461040404963286
2097-06-22,0.022415404651860413
2097-06-23,0.022200382328143337
2097-06-24,0.019815095375784464
2097-06-25,0.01886730751250127
2097-06-26,0.018087437854598976
2097-06-27,0.01743549176077327
2097-06-28,0.048233955573895884
2097-06-29,0.016495350756614496
2097-06-30,0.016142528827386027
2097-07-01,0.05172054052307562
2097-07-02,0.050405711034099285
2097-07-03,0.04909332545338948
2097-07-04,0.0478865833458279
2097-07-05,0.046761248003289665
2097-07-06,0.04563785572877598
2097-07-07,0.044506265299074435
2097-07-08,0.04336467244160891
2097-07-09,0.04225491404672533
2097-07-10,0.041216514979732964
2097-07-11,0.644066986849027
2097-07-12,0.7301949602146595
2097-07-13,0.4656904812353774
2097-07-14,0.26114762901825245
2097-07-15,0.04031944211089196
2097-07-16,0.03910119320765742
2097-07-17,0.051280352802332306
2097-07-18,0.07603541411737061
2097-07-19,0.062432003750634575
2097-07-20,0.8055675750194218
2097-07-21,0.036814951150599226
2097-07-22,0.036362271798842084
2097-07-23,0.038932736164355324
2097-07-24,0.036168066753313396
2097-07-25,0.136186718998443
2097-07-26,1.33777900171349
2097-07-27,0.8794347730087078
2097-07-28,0.0357420361577822
2097-07-29,0.14725628117860554
2097-07-30,0.03564196962450111
2097-07-31,0.13025735395765115
2097-08-01,0.03436434830939535
2097-08-02,1.807946646108667
2097-08-03,0.9016153016024852
2097-08-04,0.03361576511970508
2097-08-05,0.0338450922977637
2097-08-06,0.037951121122231285
2097-08-07,0.03366795346098111
2097-08-08,1.7325329803038434
2097-08-09,0.03379755913603016
2097-08-10,0.18960074904460608
2097-08-11,0.034042036737189495
2097-08-12,0.03372092362868476
2097-08-13,0.2101399643948446
2097-08-14,0.5766585471577772
2097-08-15,0.7038232951407509
2097-08-16,0.03366685688901978
2097-08-17,0.1509816446396614
2097-08-18,0.03365318969330904
2097-08-19,0.03325128475542094
2097-08-20,0.45381323166329207
2097-08-21,0.032691770443102265
2097-08-22,0.08609651521601189
2097-08-23,0.41033791976365275
2097-08-24,0.03198796235207174
2097-08-25,0.03167910656752735
2097-08-26,0.031331468458256226
2097-08-27,0.03278127486887577
2097-08-28,0.030663202124334422
2097-08-29,0.03033923237672495
2097-08-30,0.03002144490216092
2097-08-31,0.029709361141748665
2097-09-01,0.014329643601013431
2097-09-02,0.03688287891687542
2097-09-03,0.013462413492977514
2097-09-04,0.01822142513616759
2097-09-05,0.04098997364861531
2097-09-06,0.01704593972160588
2097-09-07,0.013260466113191711
2097-09-08,0.012687092571546921
2097-09-09,0.012610763891758973
2097-09-10,0.013410358600877194
2097-09-11,0.012495524388216165
2097-09-12,0.012446754447659244
2097-09-13,0.012397788605639923
2097-09-14,0.012349277048520577
2097-09-15,0.012300044766473117
2097-09-16,0.012612896844910126
2097-09-17,0.012206048950691627
2097-09-18,0.01216212504334989
2097-09-19,0.1712059969268638
2097-09-20,0.1562411761145496
2097-09-21,0.10614010988439074
2097-09-22,0.20468428036547817
2097-09-23,1.0063428869518705
2097-09-24,0.3859524225294216
2097-09-25,0.48397396782096486
2097-09-26,0.6840802349368175
2097-09-27,0.2900850895235209
2097-09-28,0.01544644791894139
2097-09-29,0.1612662282083036
2097-09-30,0.015823116483372954
2097-10-01,0.025774580341519488
2097-10-02,0.025764922711275066
2097-10-03,0.0257164591940011
2097-10-04,0.026168040132618527
2097-10-05,0.02551897289434971
2097-10-06,0.025368330555513244
2097-10-07,0.025163383647897677
2097-10-08,0.02493446766749706
2097-10-09,0.024727739271581176
2097-10-10,0.024536500334156275
2097-10-11,0.024357499822559178
2097-10-12,0.024193662975751394
2097-10-13,0.02401447063496245
2097-10-14,0.02381684025179203
2097-10-15,0.023610284412573488
2097-10-16,0.023411460483001037
2097-10-17,0.023234323713844842
2097-10-18,0.02305908859082942
2097-10-19,0.022870716413073987
2097-10-20,0.022696407803190877
2097-10-21,0.02635915475870977
2097-10-22,0.022456287659785506
2097-10-23,0.02236305363038119
2097-10-24,0.030297190560288595
2097-10-25,0.022216374224475643
2097-10-26,0.022133504576811083
2097-10-27,0.022019911595625226
2097-10-28,0.021884767893391305
2097-10-29,0.021766085317651448
2097-10-30,0.021658243713360715
2097-10-31,0.02153795068744828
2097-11-01,0.047740935749933905
2097-11-02,0.022435561013733073
2097-11-03,0.024442377302250316
2097-11-04,0.022264244727668126
2097-11-05,0.0221873731688338
2097-11-06,0.023726756920510312
2097-11-07,0.02309877468350856
2097-11-08,0.022011793146379643
2097-11-09,0.265457822812668
2097-11-10,0.02200871976119822
2097-11-11,0.025498382709563883
2097-11-12,0.5808590264102161
2097-11-13,0.2834558302025563
2097-11-14,0.03887109588703533
2097-11-15,0.022425685498506504
2097-11-16,0.02587632245783286
2097-11-17,0.03073263306050866
2097-11-18,0.02258111457197041
2097-11-19,0.02714570909476566
2097-11-20,0.04687640325462597
2097-11-21,0.050579960372283794
2097-11-22,0.03656371894799354
2097-11-23,0.034714796638044526
2097-11-24,0.037085634061489244
2097-11-25,0.024647818818627966
2097-11-26,0.026718594472626915
2097-11-27,0.02223821792459592
2097-11-28,0.022209166804950147
2097-11-29,0.042670386159930004
2097-11-30,0.02223885176322474
2097-12-01,0.023551988508019758
2097-12-02,0.023806650097958022
2097-12-03,0.4531885124891029
2097-12-04,1.7990373415507948
2097-12-05,1.8880716911174955
2097-12-06,1.1859813358519766
2097-12-07,0.08297306216682676
2097-12-08,0.2303999714521495
2097-12-09,0.9112512127318186
2097-12-10,0.6856110600356898
2097-12-11,0.28561095420536564
2097-12-12,0.2835405528345081
2097-12-13,0.4189115661871813
2097-12-14,0.24539021191281454
2097-12-15,0.34350153153986335
2097-12-16,0.3540711462767724
2097-12-17,0.22325316643410598
2097-12-18,0.17357784416866626
2097-12-19,0.17863784294171242
2097-12-20,0.05244285889840983
2097-12-21,0.06136966743333322
2097-12-22,0.06643235502111156
2097-12-23,0.06873743353123649
2097-12-24,0.05426465604257938
2097-12-25,0.04000740696654146
2097-12-26,0.04498705531911672
2097-12-27,0.166694063514804
2097-12-28,0.05560991828981418
2097-12-29,0.05596612420074628
2097-12-30,0.06312406932664497
2097-12-31,0.0635683739758071
2098-01-01,0.08496059763566022
2098-01-02,0.041176793316071436
2098-01-03,0.0364173523753873
2098-01-04,0.046599971487779945
2098-01-05,0.04629320231458361
2098-01-06,0.03129685744239109
2098-01-07,0.17511463744112968
2098-01-08,0.1733059866716404
2098-01-09,0.08683541595053021
2098-01-10,0.048375816677988855
2098-01-11,0.045636244326419245
2098-01-12,0.15372398648745794
2098-01-13,0.35290696650202025
2098-01-14,0.19822427905872905
2098-01-15,0.17150495979134134
2098-01-16,0.1191921981503236
2098-01-17,0.023910762521575583
2098-01-18,0.01962188644034019
2098-01-19,0.022366665222075217
2098-01-20,0.020258502584254795
2098-01-21,0.017298421146353434
2098-01-22,0.021732202500443595
2098-01-23,0.08657711886433767
2098-01-24,0.18509161326575155
2098-01-25,0.4161890980968255
2098-01-26,0.8350548295167145
2098-01-27,0.5934123085571912
2098-01-28,1.6111226119123818
2098-01-29,0.7649370721592635
2098-01-30,0.3613473011067143
2098-01-31,0.32699549057343436
2098-02-01,0.3676749026899208
2098-02-02,0.36285745649392
2098-02-03,0.7863468140192648
2098-02-04,0.7210700272137525
2098-02-05,0.5312263005307374
2098-02-06,0.6960432166928148
2098-02-07,1.6170404023124554
2098-02-08,1.5095887910817236
2098-02-09,2.5179529488083428
2098-02-10,2.7658222223500024
2098-02-11,2.5597771990243254
2098-02-12,2.5086582543576585
2098-02-13,3.158117920283751
2098-02-14,3.812028796209597
2098-02-15,3.350568245506549
2098-02-16,2.266047334172578
2098-02-17,1.7625138593300957
2098-02-18,1.6815129650937246
2098-02-19,2.3769059823413765
2098-02-20,11.338659149092301
2098-02-21,17.04468720787638
2098-02-22,7.446177452357096
2098-02-23,2.4218411935566646
2098-02-24,2.471014518899403
2098-02-25,4.283401907570885
2098-02-26,5.915736868417791
2098-02-27,8.864364073702177
2098-02-28,10.473526898295551
2098-03-01,2.959219959698333
2098-03-02,3.4641418736164122
2098-03-03,2.8646999813805407
2098-03-04,2.7183264537321676
2098-03-05,2.8071517292536265
2098-03-06,2.8382284271168094
2098-03-07,3.1818469537402505
2098-03-08,3.696064195885508
2098-03-09,3.5391651873021392
2098-03-10,3.807917170889582
2098-03-11,4.388493753526935
2098-03-12,3.0372678001705795
2098-03-13,2.902731096020475
2098-03-14,1.9875560470082205
2098-03-15,1.8181544022460459
2098-03-16,1.8971175646395102
2098-03-17,1.8122513233836124
2098-03-18,2.108759910155989
2098-03-19,1.9911994944637335
2098-03-20,1.8864212006166536
2098-03-21,1.8405983166439392
2098-03-22,1.9918318404705897
2098-03-23,2.2125931555317697
2098-03-24,2.238987196038594
2098-03-25,2.375954072199521
2098-03-26,3.0221425047402146
2098-03-27,3.7919849733201145
2098-03-28,4.9779527584181995
2098-03-29,3.883379423999619
2098-03-30,2.9370754905281884
2098-03-31,1.698774515019936
2098-04-01,2.040987372549895
2098-04-02,1.7255008650878612
2098-04-03,1.7117848189634113
2098-04-04,1.7394068974689676
2098-04-05,1.6402313081102284
2098-04-06,1.5738175749321128
2098-04-07,1.5047979933021842
2098-04-08,1.4278182670615798
2098-04-09,1.3428406158453043
2098-04-10,1.275646580271127
2098-04-11,1.2349286137909008
2098-04-12,1.1180562261646956
2098-04-13,1.0418394257008474
2098-04-14,1.0882912328461816
2098-04-15,1.526633716607974
2098-04-16,1.2084718050376966
2098-04-17,1.0787464730127916
2098-04-18,1.1581028825774313
2098-04-19,1.3657798920668054
2098-04-20,1.7275675045687489
2098-04-21,2.2581256548664657
2098-04-22,1.794509264447453
2098-04-23,1.8262848774656046
2098-04-24,1.7227428856725142
2098-04-25,1.6790308721352694
2098-04-26,1.5648192344286262
2098-04-27,1.5412711701841257
2098-04-28,1.5517690494958774
2098-04-29,1.3919192230797708
2098-04-30,1.552945695137476
2098-05-01,1.4101145600467884
2098-05-02,1.7233343938608914
2098-05-03,1.2174703080295939
2098-05-04,1.0009063333605515
2098-05-05,1.1639089720424305
2098-05-06,1.053719337862348
2098-05-07,1.0000854929925793
2098-05-08,1.0372919157291516
2098-05-09,0.9526195191452804
2098-05-10,1.0777840650911723
2098-05-11,1.0571945848059543
2098-05-12,1.1944526260623292
2098-05-13,1.1449010913523718
2098-05-14,1.1215511302259291
2098-05-15,1.0938155567600332
2098-05-16,1.0623306229902316
2098-05-17,1.1268339731940038
2098-05-18,1.097833755833148
2098-05-19,1.174076326912873
2098-05-20,1.3747548992980436
2098-05-21,1.5414424256468362
2098-05-22,2.5139281355204743
2098-05-23,2.2494592867945102
2098-05-24,2.055504220155084
2098-05-25,1.5448179042362824
2098-05-26,1.4252525003267424
2098-05-27,0.7770256454015565
2098-05-28,0.5153107920230984
2098-05-29,0.4491294611201598
2098-05-30,0.3736200283875222
2098-05-31,0.30561883026923264
2098-06-01,0.22722829109660045
2098-06-02,0.1928600013091816
2098-06-03,0.1651127300037841
2098-06-04,0.18249575699310505
2098-06-05,0.12372352829169869
2098-06-06,0.105301872822079
2098-06-07,0.08976295121403946
2098-06-08,0.07692387743408761
2098-06-09,0.06608073517847715
2098-06-10,0.05329197248037101
2098-06-11,0.04540607600741856
2098-06-12,0.03978970178154846
2098-06-13,0.035149056723282855
2098-06-14,0.031352718123801644
2098-06-15,0.028300107884086774
2098-06-16,0.025853798785324664
2098-06-17,0.023849882363161243
2098-06-18,0.024410437241793034
2098-06-19,0.02177343905280981
2098-06-20,0.09744087345748328
2098-06-21,0.02029665104311026
2098-06-22,0.019750702023196762
2098-06-23,0.019199306417906795
2098-06-24,0.018676518701110444
2098-06-25,0.018174223667977173
2098-06-26,0.01766914882642345
2098-06-27,0.017154643637117377
2098-06-28,0.016648548922854837
2098-06-29,0.01616787915753436
2098-06-30,0.015720782198721268
2098-07-01,0.0502042832294208
2098-07-02,0.04889712839082535
2098-07-03,0.047609195270153795
2098-07-04,0.04641416785573883
2098-07-05,0.04526555494117698
2098-07-06,0.044144517144493266
2098-07-07,0.04305293942636088
2098-07-08,0.0418924862577826
2098-07-09,0.04071731324750937
2098-07-10,0.039581782234636494
2098-07-11,0.03849654006358491
2098-07-12,0.03747761861877486
2098-07-13,0.03653554132742806
2098-07-14,0.23542764611790934
2098-07-15,0.03495856501993893
2098-07-16,0.034219793764889914
2098-07-17,0.033538998497746234
2098-07-18,0.03292224191374026
2098-07-19,0.032372662699360566
2098-07-20,0.031893166438007506
2098-07-21,0.0314666077057191
2098-07-22,1.5366382621866892
2098-07-23,2.5033791370536953
2098-07-24,1.3313803760415504
2098-07-25,5.784658301930711
2098-07-26,32.09353643105557
2098-07-27,4.133989522216451
2098-07-28,0.052774864377766614
2098-07-29,1.750301929441777
2098-07-30,0.05490013930727676
2098-07-31,1.6423805275240841
2098-08-01,0.05455262890795018
2098-08-02,2.287275845956079
2098-08-03,1.3099304883130531
2098-08-04,1.56920242865074
2098-08-05,2.0442126723155423
2098-08-06,2.2236594890003194
2098-08-07,0.06981779450106561
2098-08-08,17.88033415658374
2098-08-09,51.104342970505726
2098-08-10,4.252285561172012
2098-08-11,1.8515449460294553
2098-08-12,1.9108852499640188
2098-08-13,1.7549978753813014
2098-08-14,1.5667044717600056
2098-08-15,1.3814188068033764
2098-08-16,1.216051918945609
2098-08-17,1.0631983347458092
2098-08-18,3.9133999698937143
2098-08-19,1.1462944204858379
2098-08-20,1.2221788660063893
2098-08-21,1.1749675483849134
2098-08-22,1.2218171021786304
2098-08-23,0.9883746527835456
2098-08-24,0.8714224687339814
2098-08-25,0.7333446933027827
2098-08-26,0.7272325898576888
2098-08-27,0.609058480195535
2098-08-28,1.0089714343246359
2098-08-29,0.4674748225683113
2098-08-30,0.40729933031180193
2098-08-31,1.022951275262015
2098-09-01,0.15171059895778427
2098-09-02,0.13724184870716374
2098-09-03,0.11758236872975021
2098-09-04,0.09843839694560592
2098-09-05,0.08020294551570675
2098-09-06,0.06557131556669697
2098-09-07,0.05981224700707022
2098-09-08,0.04633131734361769
2098-09-09,0.04062663403812026
2098-09-10,0.036719473427324636
2098-09-11,0.03408963671514773
2098-09-12,0.03221649039680067
2098-09-13,0.030883535134482273
2098-09-14,0.03002148338092373
2098-09-15,0.0626658875996151
2098-09-16,0.03248471414489184
2098-09-17,0.02910406615829545
2098-09-18,0.029585973815188876
2098-09-19,0.028662543535410145
2098-09-20,0.22598894858487495
2098-09-21,0.028738906122567142
2098-09-22,0.02845100313355801
2098-09-23,0.027945135300112476
2098-09-24,0.027710618482355794
2098-09-25,0.08460377426061583
2098-09-26,0.027649812941764045
2098-09-27,0.10702944283606387
2098-09-28,0.03310513354386052
2098-09-29,0.027086170709209653
2098-09-30,0.042565063499857385
2098-10-01,0.06536949416344998
2098-10-02,0.07699402949681716
2098-10-03,0.042609435534683604
2098-10-04,0.04233272765721857
2098-10-05,0.04296454635067419
2098-10-06,0.04135072855109368
2098-10-07,0.04094020435507655
2098-10-08,0.04189291868091174
2098-10-09,0.2656260015894671
2098-10-10,0.07795359738039452
2098-10-11,0.1722972252502129
2098-10-12,0.04530644155990901
2098-10-13,0.8467012706617133
2098-10-14,0.9786179604702183
2098-10-15,0.040238513924633665
2098-10-16,0.041025726493275516
2098-10-17,0.040478600584607304
2098-10-18,0.2347409978232996
2098-10-19,0.06307280330934738
2098-10-20,0.040455896712132906
2098-10-21,0.04042995655763981
2098-10-22,0.040413564699464395
2098-10-23,0.040386953430608864
2098-10-24,0.04031519939179825
2098-10-25,0.04019837937852966
2098-10-26,0.04004885093609791
2098-10-27,0.03985282736571502
2098-10-28,0.039612590505876594
2098-10-29,0.044062380928084524
2098-10-30,0.0391979265015424
2098-10-31,0.03900872304753729
2098-11-01,0.040805319078435986
2098-11-02,0.04065434999637135
2098-11-03,0.04053584099675396
2098-11-04,0.040384563537231646
2098-11-05,0.040218136883632835
2098-11-06,0.6616515194221764
2098-11-07,0.7352151079930966
2098-11-08,0.05341030793391435
2098-11-09,0.04044480393985295
2098-11-10,0.040368841010105995
2098-11-11,0.04041855291669874
2098-11-12,0.040399621136285334
2098-11-13,0.040325682173856015
2098-11-14,0.040246499701754784
2098-11-15,0.04017610357003042
2098-11-16,0.3809171142924512
2098-11-17,0.050863533964373375
2098-11-18,0.04021789691762309
2098-11-19,0.040283325105834475
2098-11-20,0.04074522240340034
2098-11-21,0.16728253777554047
2098-11-22,0.5710641261348911
2098-11-23,1.0078096315336444
2098-11-24,0.6442214117693653
2098-11-25,0.20669611507881722
2098-11-26,0.09795016072589156
2098-11-27,0.178229616920079
2098-11-28,0.15520031645415608
2098-11-29,0.4065773950585702
2098-11-30,0.3968037235661178
2098-12-01,0.10282329389581056
2098-12-02,0.12862487939110734
2098-12-03,0.39697573383665336
2098-12-04,0.15743540146030158
2098-12-05,0.09555407156231599
2098-12-06,0.06434829853604826
2098-12-07,0.05768719805186153
2098-12-08,0.2448578970933924
2098-12-09,0.48532991421257515
2098-12-10,0.13329893399282958
2098-12-11,0.07400338370750316
2098-12-12,0.05832144889952506
2098-12-13,0.06001695377371648
2098-12-14,0.1225252272652298
2098-12-15,1.433279911801585
2098-12-16,4.492115343177254
2098-12-17,66.22427378636203
2098-12-18,6.0412774279764125
2098-12-19,1.8569123189001675
2098-12-20,4.263291189506466
2098-12-21,7.714146098621502
2098-12-22,3.8902222999657496
2098-12-23,3.6482190186657055
2098-12-24,3.52776786801965
2098-12-25,3.3712359128936384
2098-12-26,3.26458195567382
2098-12-27,3.014732798166511
2098-12-28,2.8382712748275574
2098-12-29,2.671749044213737
2098-12-30,2.8296159174046944
2098-12-31,2.3774130847811517
2099-01-01,0.8358128903569794
2099-01-02,0.76723978803155
2099-01-03,0.7346566721618566
2099-01-04,0.8253515316628648
2099-01-05,0.8597563222221861
2099-01-06,0.8611758018104655
2099-01-07,0.8268934554726636
2099-01-08,1.8160739766857463
2099-01-09,12.974070052281832
2099-01-10,2.5914536944427753
2099-01-11,2.11972908299002
2099-01-12,2.583917387192765
2099-01-13,2.0768448761339817
2099-01-14,1.8735450134460767
2099-01-15,1.8103499376271923
2099-01-16,2.531980768761092
2099-01-17,2.9756744499417724
2099-01-18,1.8080642947733623
2099-01-19,1.653718606395797
2099-01-20,1.5886783963367108
2099-01-21,1.5510214953045678
2099-01-22,2.134589630731111
2099-01-23,1.9359188759279926
2099-01-24,1.4491559957665565
2099-01-25,1.452811587854927
2099-01-26,1.477058696922237
2099-01-27,1.3548032862453965
2099-01-28,1.4229353944265932
2099-01-29,1.3237903384888379
2099-01-30,1.1879745172765344
2099-01-31,1.1636255951683923
2099-02-01,1.0185917637805806
2099-02-02,1.0202036031819275
2099-02-03,0.9777394178115121
2099-02-04,0.9728337138334129
2099-02-05,0.9704630024867693
2099-02-06,0.8726445975671281
2099-02-07,0.800406718642977
2099-02-08,0.7589511074959846
2099-02-09,0.7258406211031845
2099-02-10,0.7055639898321568
2099-02-11,0.6549080528430354
2099-02-12,0.6128619408403955
2099-02-13,0.6316624464997727
2099-02-14,0.5817379052357237
2099-02-15,0.5350139930097946
2099-02-16,0.5692320715516569
2099-02-17,0.6450696738072654
2099-02-18,0.7942847744802134
2099-02-19,0.8306065828177777
2099-02-20,1.15958993147333
2099-02-21,2.266299838382685
2099-02-22,5.855969460276916
2099-02-23,3.9343629635996633
2099-02-24,1.6017108181271396
2099-02-25,1.36061445225583
2099-02-26,1.3605171514489325
2099-02-27,1.3316801997926335
2099-02-28,1.3467049201552523
2099-03-01,1.6028612145905272
2099-03-02,1.5633418198014029
2099-03-03,1.4417884267869945
2099-03-04,1.350859946569298
2099-03-05,1.2752161267061837
2099-03-06,1.2173537282851525
2099-03-07,1.1196434627585452
2099-03-08,1.270134530159662
2099-03-09,1.2348845907612627
2099-03-10,1.2623123912475918
2099-03-11,1.5467509876540408
2099-03-12,1.5651026906848071
2099-03-13,1.7925374095089466
2099-03-14,3.1880673429549584
2099-03-15,2.498789140036621
2099-03-16,2.761165241490606
2099-03-17,2.7632742058738025
2099-03-18,3.5194198628104187
2099-03-19,2.375150003203519
2099-03-20,2.0277356860154043
2099-03-21,2.0492269501574394
2099-03-22,2.462587177016212
2099-03-23,3.556913650120175
2099-03-24,3.3622450524965295
2099-03-25,3.7944581006205786
2099-03-26,3.498016892430352
2099-03-27,3.091683346499238
2099-03-28,2.3292131975756414
2099-03-29,2.0778426215618833
2099-03-30,2.003398356216499
2099-03-31,2.141343016509433
2099-04-01,3.3508667953400293
2099-04-02,2.863454058505734
2099-04-03,3.8866842179876566
2099-04-04,4.925505043794664
2099-04-05,6.3053782022703455
2099-04-06,6.835224238954581
2099-04-07,8.827241718525666
2099-04-08,9.273660985773217
2099-04-09,9.436428074749854
2099-04-10,8.545312132937816
2099-04-11,10.59951732622632
2099-04-12,4.0707178248405835
2099-04-13,2.5753267822878234
2099-04-14,2.205878371803084
2099-04-15,2.401226295743088
2099-04-16,1.8988977699859106
2099-04-17,2.101109399778191
2099-04-18,1.8126304757718394
2099-04-19,1.8439971552612
2099-04-20,1.9887034397363135
2099-04-21,2.3368830011037214
2099-04-22,2.8827586550733497
2099-04-23,5.158823269131556
2099-04-24,5.992146805299886
2099-04-25,5.721811250016264
2099-04-26,4.861532641983227
2099-04-27,1.8881511728825695
2099-04-28,3.39481564534226
2099-04-29,4.683915275325535
2099-04-30,5.864804365669595
2099-05-01,5.165787112863457
2099-05-02,2.868433296703016
2099-05-03,1.6565375048354984
2099-05-04,1.555915692848377
2099-05-05,1.5963361443214616
2099-05-06,1.8008881263592735
2099-05-07,2.050639839161859
2099-05-08,2.3832870624171076
2099-05-09,3.6452538122495075
2099-05-10,3.6732487720513536
2099-05-11,4.214874604040709
2099-05-12,3.868296145321704
2099-05-13,3.5429551820547616
2099-05-14,3.221904596356408
2099-05-15,3.743741294028364
2099-05-16,3.4023892096351784
2099-05-17,2.9895334354297094
2099-05-18,5.009105547348777
2099-05-19,1.9376860208184692
2099-05-20,1.277299856456378
2099-05-21,1.2520800197061495
2099-05-22,1.2402721191223411
2099-05-23,1.5260201052892157
2099-05-24,1.772253672102127
2099-05-25,1.7694781207174715
2099-05-26,1.6386403783102075
2099-05-27,1.2921229503282585
2099-05-28,1.043944355969738
2099-05-29,0.9724528684820536
2099-05-30,0.7110248563987186
2099-05-31,0.8478380444264527
2099-06-01,0.5090021912143291
2099-06-02,0.37474350359175795
2099-06-03,0.319248472473826
2099-06-04,0.2862667227626355
2099-06-05,0.25359443178188656
2099-06-06,0.25236534711312547
2099-06-07,0.18673982790068736
2099-06-08,0.34832636661807825
2099-06-09,0.23151336998139654
2099-06-10,0.28066461712464846
2099-06-11,0.15109047950083287
2099-06-12,0.12635544307472354
2099-06-13,0.11590218412653168
2099-06-14,0.10501440041420987
2099-06-15,0.0936683698752645
2099-06-16,0.08259503670611068
2099-06-17,0.07132461199982335
2099-06-18,0.06166956328429551
2099-06-19,0.05407356304493915
2099-06-20,0.04359738589635171
2099-06-21,0.17117413974872928
2099-06-22,0.034955144296792307
2099-06-23,0.033182180242520724
2099-06-24,0.030575776575982296
2099-06-25,0.032294170100644184
2099-06-26,0.02601943977279134
2099-06-27,0.02396473959093532
2099-06-28,0.022174117301044627
2099-06-29,0.020656113412965006
2099-06-30,0.019498430286624728
2099-07-01,0.06120430911489719
2099-07-02,0.05926108664483318
2099-07-03,0.05765180966857941
2099-07-04,0.05617654406049724
2099-07-05,0.054799729253893904
2099-07-06,0.620469751891339
2099-07-07,0.05252330976717744
2099-07-08,0.058938785523626164
2099-07-09,0.05024731759473419
2099-07-10,0.051490495168517614
2099-07-11,0.09424729591261113
2099-07-12,0.06870807994937295
2099-07-13,0.046020045762551864
2099-07-14,0.04504883808055531
2099-07-15,0.8913024503124999
2099-07-16,0.25808770194504055
2099-07-17,0.04578056883211847
2099-07-18,0.14459310005119977
2099-07-19,0.5223559801890048
2099-07-20,0.04338240556415006
2099-07-21,0.04215233652265156
2099-07-22,0.12348391525929188
2099-07-23,1.513745498246495
2099-07-24,0.041172754097104476
2099-07-25,1.9235732052767849
2099-07-26,0.04151843993362727
2099-07-27,0.08929118703125694
2099-07-28,0.0420292913658133
2099-07-29,0.1176393984075487
2099-07-30,0.05108600646997224
2099-07-31,0.24535171662879454
2099-08-01,0.04069646874938935
2099-08-02,0.03679130573069803
2099-08-03,0.03624408381763838
2099-08-04,0.03569620841753478
2099-08-05,0.08175739902864096
2099-08-06,0.03465230723270012
2099-08-07,0.03409149107805138
2099-08-08,0.03354508000706884
2099-08-09,0.03304088283855609
2099-08-10,0.032567266421999114
2099-08-11,0.032087548211775785
2099-08-12,0.03161427003305935
2099-08-13,0.031165465050930728
2099-08-14,0.030749196080612485
2099-08-15,0.9263120367667335
2099-08-16,0.030139004146278334
2099-08-17,0.029912482824613482
2099-08-18,0.029690436836817907
2099-08-19,0.029474809181572872
2099-08-20,0.029254487774174068
2099-08-21,0.02902592834673696
2099-08-22,0.028798988445476473
2099-08-23,0.028584670574942322
2099-08-24,0.02838368629746179
2099-08-25,0.02819400364352529
2099-08-26,0.02800976578187098
2099-08-27,0.02783601816254404
2099-08-28,0.027681227056072896
2099-08-29,0.02765931829618971
2099-08-30,0.028655467526445037
2099-08-31,0.030360041248937326
2099-09-01,0.01214768410885057
2099-09-02,0.012093395071104433
2099-09-03,0.01205065868046408
2099-09-04,0.061543451134052615
2099-09-05,0.011972029313513722
2099-09-06,0.011929953334786761
2099-09-07,0.07057394571383596
2099-09-08,0.011858557042643787
2099-09-09,0.018072872943718583
2099-09-10,0.011800634524225173
2099-09-11,0.014300368081432906
2099-09-12,0.049029262092455415
2099-09-13,0.01174579123938316
2099-09-14,0.013333299734417733
2099-09-15,0.030215163808123457
2099-09-16,0.09596566037817648
2099-09-17,0.011663482857473203
2099-09-18,0.011643909885528565
2099-09-19,0.011627495227113382
2099-09-20,0.011612992471553436
2099-09-21,0.011598124556060956
2099-09-22,0.01158359485703495
2099-09-23,0.0115703339299361
2099-09-24,0.011556472169168006
2099-09-25,0.011541406461000596
2099-09-26,0.01152691958001073
2099-09-27,0.011513439754532553
2099-09-28,0.011501937504831803
2099-09-29,0.0114932352489084
2099-09-30,0.01148554219662654
2099-10-01,0.024082588908439895
2099-10-02,0.018646150287688474
2099-10-03,0.018634043301236587
2099-10-04,0.01862392439420934
2099-10-05,0.02938931896174747
2099-10-06,0.01860709231401241
2099-10-07,0.018598837473660815
2099-10-08,0.018589954612462073
2099-10-09,0.018580031396718683
2099-10-10,0.018568999990493888
2099-10-11,0.01878846631592979
2099-10-12,0.018548200119995622
2099-10-13,0.018786524017272023
2099-10-14,0.018528847226685765
2099-10-15,0.018517232902154346
2099-10-16,0.01850557474124018
2099-10-17,0.018494986212480843
2099-10-18,0.02303424035247321
2099-10-19,0.01847664024569041
2099-10-20,0.01846734028063937
2099-10-21,0.01845829705234153
2099-10-22,0.018450215241701533
2099-10-23,0.01844290920359474
2099-10-24,0.02410389322413737
2099-10-25,0.09067114776395231
2099-10-26,0.02807104906583819
2099-10-27,0.022374738502728427
2099-10-28,0.021582573007713608
2099-10-29,0.01849890695585596
2099-10-30,0.018423786024708767
2099-10-31,0.020565622542145535
2099-11-01,0.019902023982352888
2099-11-02,0.019325225974489085
2099-11-03,0.020945882865962936
2099-11-04,0.019308941579334212
2099-11-05,0.019302068855311803
2099-11-06,0.019294866582327503
2099-11-07,0.01928730038257869
2099-11-08,0.024590415505451386
2099-11-09,0.019273453529459184
2099-11-10,0.01926779708375364
2099-11-11,0.01969358805210194
2099-11-12,0.01925636188763575
2099-11-13,0.019636427820676778
2099-11-14,0.01974747585880279
2099-11-15,0.019239074621933586
2099-11-16,0.023755511732958028
2099-11-17,0.020484230427027735
2099-11-18,0.01922169938077754
2099-11-19,0.019216642347350297
2099-11-20,0.019211644538897385
2099-11-21,0.019206619951037417
2099-11-22,0.01920157161320373
2099-11-23,0.02031190365799558
2099-11-24,0.019191581990431056
2099-11-25,0.019186463508503615
2099-11-26,0.01918130304714293
2099-11-27,0.024852469697351023
2099-11-28,0.01917091265137828
2099-11-29,0.019165345758416764
2099-11-30,0.01916026644118277
2099-12-01,0.08640246260420814
2099-12-02,0.07234035784124657
2099-12-03,0.08058919849332437
2099-12-04,0.03787990079515013
2099-12-05,0.048450901561921354
2099-12-06,0.044524538051265106
2099-12-07,0.020836709516744926
2099-12-08,0.021327967198453854
2099-12-09,0.02048333042023252
2099-12-10,0.021627355459838744
2099-12-11,0.026433527291633608
2099-12-12,0.21113457602293037
2099-12-13,0.6891217985142405
2099-12-14,0.23204576336053453
2099-12-15,0.2150425795420973
2099-12-16,0.5573500052204569
2099-12-17,0.2867244281847959
2099-12-18,2.0558963929019707
2099-12-19,0.10885882005638153
2099-12-20,1.7717867034564618
2099-12-21,2.432820199527521
2099-12-22,0.4319085689583117
2099-12-23,0.044840112587025374
2099-12-24,0.07382911337516752
2099-12-25,0.16034434504362088
2099-12-26,0.18694558172019718
2099-12-27,0.17519853920312506
2099-12-28,0.16988015518413957
2099-12-29,0.15752194554968524
2099-12-30,0.12046017483488304
2099-12-31,0.04307425436577799
2100-01-01,0.1115983208400843
2100-01-02,0.1433175725792192
2100-01-03,0.26341253488991345
2100-01-04,0.3703920383059312
2100-01-05,0.10234505014688391
2100-01-06,0.09811115894629209
2100-01-07,0.26285928874689685
2100-01-08,0.21064811186764282
2100-01-09,0.1413911924555665
2100-01-10,0.1492466486871358
2100-01-11,0.15964685781612997
2100-01-12,0.14925985173071338
2100-01-13,0.15797665793668378
2100-01-14,0.27347037558976256
2100-01-15,0.3893938350867251
2100-01-16,0.9114058940492218
2100-01-17,0.46300758894504146
2100-01-18,1.0158600659489396
2100-01-19,0.7298986624505938
2100-01-20,1.093581586484021
2100-01-21,5.005496836348355
2100-01-22,5.0133070235327954
2100-01-23,1.9860972566040866
2100-01-24,0.8715417627189485
2100-01-25,1.078527931082404
2100-01-26,1.720492540296598
2100-01-27,0.7607915467202482
2100-01-28,0.6992376182328937
2100-01-29,0.7240321201754509
2100-01-30,0.7147453456191226
2100-01-31,0.726306152048045
2100-02-01,0.7004941924649178
2100-02-02,0.7636124927496706
2100-02-03,0.6487436022634769
2100-02-04,0.6072103676861859
2100-02-05,0.5867693946278563
2100-02-06,1.0287221978570689
2100-02-07,0.8343791094791351
2100-02-08,0.6095614196110862
2100-02-09,0.6155508746585515
2100-02-10,2.643331728939996
2100-02-11,1.069680763240678
2100-02-12,0.811348507091559
2100-02-13,0.8917482923976789
2100-02-14,2.467718578072512
2100-02-15,13.823487742423366
2100-02-16,11.532675778356413
2100-02-17,1.4837869536863646
2100-02-18,1.0737525668900485
2100-02-19,1.0222382239713563
2100-02-20,1.2894241751385294
2100-02-21,2.920122225998352
2100-02-22,1.3331691692420256
2100-02-23,1.1768376862242576
2100-02-24,1.1555759653656077
2100-02-25,1.200207313443983
2100-02-26,1.6624753178153329
2100-02-27,1.9401255547056375
2100-02-28,1.984686045074139
2100-03-01,1.4120456494736968
2100-03-02,1.3449221144330286
2100-03-03,1.3539235175015703
2100-03-04,1.3007622019157596
2100-03-05,1.3321821515521366
2100-03-06,1.5583479314717466
2100-03-07,1.8234396405347588
2100-03-08,2.7665972966963115
2100-03-09,3.4843051285628834
2100-03-10,4.59183599045496
2100-03-11,5.502167081457616
2100-03-12,4.266090467469648
2100-03-13,6.669789637339766
2100-03-14,6.924956290330051
2100-03-15,9.2603698971876
2100-03-16,3.9392033122187025
2100-03-17,1.9217860762567336
2100-03-18,1.7324719948551168
2100-03-19,2.0282839419156335
2100-03-20,2.370021921845931
2100-03-21,3.657540508586075
2100-03-22,5.338744140408794
2100-03-23,1.860284240015976
2100-03-24,1.8397937497985914
2100-03-25,2.154510225412906
2100-03-26,2.496443225311682
2100-03-27,3.411003485419134
2100-03-28,7.837416219843467
2100-03-29,8.887218292713658
2100-03-30,11.228281328193468
2100-03-31,13.139289738816798
2100-04-01,8.784392647418642
2100-04-02,7.525702027395296
2100-04-03,5.210819604713092
2100-04-04,5.225591351843471
2100-04-05,5.092199220983032
2100-04-06,5.035030684536894
2100-04-07,2.585174977856635
2100-04-08,3.6435909584306594
2100-04-09,4.616965026834173
2100-04-10,4.188750639343085
2100-04-11,9.29438855778309
2100-04-12,6.850141229533321
2100-04-13,5.45123252482418
2100-04-14,5.111135587725762
2100-04-15,6.331634977426591
2100-04-16,5.51206619618913
2100-04-17,4.002266774093322
2100-04-18,3.4013718176776675
2100-04-19,3.3992197243454596
2100-04-20,3.7484957808079202
2100-04-21,3.7363865045121822
2100-04-22,3.2553976227459525
2100-04-23,3.336630074229136
2100-04-24,2.6448567665116176
2100-04-25,1.7675123780255733
2100-04-26,1.8779763503722493
2100-04-27,1.8170934055481491
2100-04-28,1.5596241049152952
2100-04-29,1.3104314486930189
2100-04-30,1.4061995579047593
2100-05-01,1.3648696275691556
2100-05-02,1.0744727060120343
2100-05-03,1.6628383836253673
2100-05-04,1.112809150845769
2100-05-05,1.030493464275462
2100-05-06,0.9122512055519809
2100-05-07,0.7732795978828632
2100-05-08,0.8073423212605472
2100-05-09,0.7225282033706066
2100-05-10,0.6649699035273233
2100-05-11,0.5092978609524583
2100-05-12,0.6134094790687056
2100-05-13,0.4266370772593275
2100-05-14,0.3304432599160418
2100-05-15,0.3051331229625832
2100-05-16,0.3085343349342198
2100-05-17,0.28732445952509866
2100-05-18,0.2485734507357739
2100-05-19,0.21842027283780202
2100-05-20,0.18803307741999353
2100-05-21,0.18273331275009208
2100-05-22,0.16214795821170233
2100-05-23,0.15163456818368964
2100-05-24,0.13449903221001427
2100-05-25,0.1415093864271909
2100-05-26,0.10563844155587135
2100-05-27,0.07821914549298219
2100-05-28,0.0847313265765703
2100-05-29,0.062173738769228964
2100-05-30,0.056867434448435394
2100-05-31,0.0511378340068728
2100-06-01,0.03943156977368531
2100-06-02,0.03772098724099326
2100-06-03,0.034972921600755214
2100-06-04,0.03798899385663056
2100-06-05,0.041714133647147336
2100-06-06,0.039418486381494804
2100-06-07,0.04428106379154533
2100-06-08,0.02903290048829822
2100-06-09,0.02701237552262058
2100-06-10,0.02539834549590715
2100-06-11,0.02082408139845049
2100-06-12,0.019852042656873743
2100-06-13,0.01947789522456578
2100-06-14,0.01845122306701899
2100-06-15,0.017705968590286423
2100-06-16,0.016917587996710438
2100-06-17,0.01618002289525942
2100-06-18,0.015523259162524963
2100-06-19,0.014932833578089806
2100-06-20,0.014420122370938081
2100-06-21,0.01397270876761247
2100-06-22,0.013556291155733348
2100-06-23,0.013157973569447569
2100-06-24,0.012789117967850724
2100-06-25,0.012454008773262883
2100-06-26,0.012148219046727882
2100-06-27,0.011864977844144574
2100-06-28,0.011593875897074564
2100-06-29,0.011342410386786836
2100-06-30,0.01110765806602995
2100-07-01,0.03571051038876639
2100-07-02,0.03504597728246689
2100-07-03,0.03440514298070731
2100-07-04,0.03378593139908068
2100-07-05,0.03320363521961243
2100-07-06,0.19759638118657707
2100-07-07,0.12823097976500314
2100-07-08,0.2352802086433987
2100-07-09,0.101286203493926
2100-07-10,0.03220229156564992
2100-07-11,0.031815232370422136
2100-07-12,0.6460337812790385
2100-07-13,0.03117991538306578
2100-07-14,0.031881358387204455
2100-07-15,0.030658293681501206
2100-07-16,0.0497790783127648
2100-07-17,0.03019529038208144
2100-07-18,0.05442851812584756
2100-07-19,0.030756205115613795
2100-07-20,0.031520212994347485
2100-07-21,0.030021114595178568
2100-07-22,0.03282135103497548
2100-07-23,0.05848305705862073
2100-07-24,0.11368517014927902
2100-07-25,0.04215447752107747
2100-07-26,0.04896626097492314
2100-07-27,0.03217616264003138
2100-07-28,0.028788336627829376
2100-07-29,1.3200806229000568
2100-07-30,1.265525370286347
2100-07-31,4.4184787853951235
2100-08-01,0.43486885720806623
2100-08-02,0.03137619961418849
2100-08-03,0.03170837401617741
2100-08-04,0.033731288010253525
2100-08-05,0.03157452632140811
2100-08-06,0.03132955096230468
2100-08-07,0.3299829105246261
2100-08-08,0.030632979165383805
2100-08-09,0.0302099045884954
2100-08-10,0.02974195983706894
2100-08-11,0.029324903047360247
2100-08-12,0.04134146101158102
2100-08-13,0.02871695475448051
2100-08-14,0.028388882170336124
2100-08-15,0.02807815607875737
2100-08-16,0.02780985182592007
2100-08-17,0.027566737585775027
2100-08-18,0.027333071616665143
2100-08-19,0.02710398422668833
2100-08-20,1.2396216342294315
2100-08-21,2.0445362596058976
2100-08-22,0.029050091712475083
2100-08-23,0.09370122581788819
2100-08-24,0.028676118061823526
2100-08-25,0.03415622605703386
2100-08-26,0.03926230258027245
2100-08-27,0.029952682461219342
2100-08-28,0.028379911355795664
2100-08-29,0.045535978142280546
2100-08-30,0.07677496757755561
2100-08-31,0.8386218178149765
2100-09-01,0.033957879942286405
2100-09-02,0.012351281059610843
2100-09-03,0.07077212012971333
2100-09-04,0.012650296016066948
2100-09-05,0.019216748300979167
2100-09-06,0.012227333564645051
2100-09-07,0.012168112760400297
2100-09-08,0.01715666066648945
2100-09-09,0.019717999088159577
2100-09-10,0.012021868967043688
2100-09-11,0.06399735194323748
2100-09-12,0.011926078658869363
2100-09-13,0.011879762844923975
2100-09-14,0.011841486873938843
2100-09-15,0.011808017635435028
2100-09-16,0.011776955217980027
2100-09-17,0.01174686484651177
2100-09-18,0.011717575138418371
2100-09-19,0.011690733207234702
2100-09-20,0.011667890338328305
2100-09-21,0.01164620405192141
2100-09-22,0.09362644994421045
2100-09-23,0.01161299648438303
2100-09-24,0.10603083591844359
2100-09-25,0.011588773128818545
2100-09-26,0.011576767381030367
2100-09-27,0.011561896205784865
2100-09-28,0.011547715645040518
2100-09-29,0.011535421096603441
2100-09-30,0.011524075691291916
2100-10-01,0.018713300699847835
2100-10-02,0.06758097203445979
2100-10-03,0.018682766272271573
2100-10-04,0.08273887896699669
2100-10-05,0.018653669659163374
2100-10-06,0.06925228056896479
2100-10-07,0.018626184309893788
2100-10-08,0.3071507850580055
2100-10-09,0.018601754569805954
2100-10-10,0.018591245937298974
2100-10-11,0.019217959763289955
2100-10-12,0.018571507120063585
2100-10-13,0.018561768178628736
2100-10-14,0.018552267307854864
2100-10-15,0.01854305905209126
2100-10-16,0.11287278715536059
2100-10-17,0.14196054520034987
2100-10-18,0.018525793532132594
2100-10-19,0.018521882631755738
2100-10-20,0.018517736790202986
2100-10-21,0.15609433484612564
2100-10-22,0.10766634222944449
2100-10-23,0.05949860868466443
2100-10-24,0.2508442009987899
2100-10-25,0.21462762721716636
2100-10-26,0.022953951319805654
2100-10-27,0.01858760735132592
2100-10-28,0.02033784868609918
2100-10-29,0.021840725677975147
2100-10-30,0.01866596825420476
2100-10-31,0.01868300785308505
2100-11-01,0.019657960812317403
2100-11-02,0.02289249790576416
2100-11-03,0.019677994951222775
2100-11-04,0.02098642092805898
2100-11-05,0.022503618090187635
2100-11-06,0.01969696587043737
2100-11-07,0.019698401194634507
2100-11-08,0.01969851013984593
2100-11-09,0.052652385054935316
2100-11-10,0.01973066285680284
2100-11-11,0.019704918066063726
2100-11-12,0.021396098306008915
2100-11-13,0.01970380142996841
2100-11-14,0.01970084488507972
2100-11-15,0.01969771730995325
2100-11-16,0.019695780010514048
2100-11-17,0.019693002944398148
2100-11-18,0.019688538079798416
2100-11-19,0.019683006023153093
2100-11-20,0.019676520351210296
2100-11-21,0.019669717804726053
2100-11-22,0.02198999103259879
2100-11-23,0.019658170603755708
2100-11-24,0.019653645918652273
2100-11-25,0.019649157498272507
2100-11-26,0.019645301684465856
2100-11-27,0.019641558407388248
2100-11-28,0.027040886834991153
2100-11-29,0.02477686257164788
2100-11-30,0.01994510662643324
2100-12-01,0.02076531402033706
2100-12-02,0.020762091365187862
2100-12-03,0.060898940258229936
2100-12-04,0.027234806147782793
2100-12-05,0.021449686262196645
2100-12-06,0.02271077006734083
2100-12-07,0.020745410783898126
2100-12-08,0.020740722061570127
2100-12-09,0.21097483055214655
2100-12-10,0.020858013944870055
2100-12-11,0.02437415826354124
2100-12-12,0.059185180949926926
2100-12-13,0.28165344625071614
2100-12-14,0.5323859498984467
2100-12-15,0.2147445492700182
2100-12-16,0.7043817470581365
2100-12-17,0.06649855452733335
2100-12-18,0.2640375939732656
2100-12-19,1.4870187424517818
2100-12-20,4.535463940749153
2100-12-21,1.9972341821903354
2100-12-22,1.871287825341335
2100-12-23,3.460941511394161
2100-12-24,1.4483790217263053
2100-12-25,2.0148855750220203
2100-12-26,3.1064635012458615
2100-12-27,0.3103597458038483
2100-12-28,0.12517392942518488
2100-12-29,0.26077324462834817
2100-12-30,0.4493206583222069
2100-12-31,0.2628569045306845
