date,flow
2006-01-01,0.0059700000000000005
2006-01-02,0.00634
2006-01-03,0.006490000000000001
2006-01-04,0.0065
2006-01-05,0.00646
2006-01-06,0.006379999999999999
2006-01-07,0.0061600000000000005
2006-01-08,0.00591
2006-01-09,0.0057
2006-01-10,0.00703
2006-01-11,0.00534
2006-01-12,0.00635
2006-01-13,0.00502
2006-01-14,0.00474
2006-01-15,0.0045
2006-01-16,0.00428
2006-01-17,0.00405
2006-01-18,0.00387
2006-01-19,0.00372
2006-01-20,0.00402
2006-01-21,0.0035
2006-01-22,0.00335
2006-01-23,0.0031100000000000004
2006-01-24,0.0028899999999999998
2006-01-25,0.00275
2006-01-26,0.0026100000000000003
2006-01-27,0.00243
2006-01-28,0.00436
2006-01-29,0.01973
2006-01-30,0.041139999999999996
2006-01-31,0.0648
2006-02-01,0.04816
2006-02-02,0.057420000000000006
2006-02-03,0.03175
2006-02-04,0.03707
2006-02-05,0.0423
2006-02-06,0.40045
2006-02-07,1.80005
2006-02-08,0.8545799999999999
2006-02-09,0.22288000000000002
2006-02-10,0.17263
2006-02-11,0.14844000000000002
2006-02-12,0.21151
2006-02-13,0.23947
2006-02-14,0.12887
2006-02-15,0.12297000000000001
2006-02-16,0.12270999999999999
2006-02-17,0.12226
2006-02-18,0.12235
2006-02-19,0.11882999999999999
2006-02-20,0.10754000000000001
2006-02-21,0.09692
2006-02-22,0.08705
2006-02-23,0.07821
2006-02-24,0.07027
2006-02-25,0.06337000000000001
2006-02-26,0.05727
2006-02-27,0.051739999999999994
2006-02-28,0.04671
2006-03-01,0.041960000000000004
2006-03-02,0.037469999999999996
2006-03-03,0.03367
2006-03-04,0.03174
2006-03-05,0.032369999999999996
2006-03-06,0.026989999999999997
2006-03-07,0.0248
2006-03-08,0.02266
2006-03-09,0.02049
2006-03-10,0.01848
2006-03-11,0.01811
2006-03-12,0.02725
2006-03-13,0.036239999999999994
2006-03-14,0.01571
2006-03-15,0.01646
2006-03-16,0.01592
2006-03-17,0.01553
2006-03-18,0.0152
2006-03-19,0.01595
2006-03-20,0.0161
2006-03-21,0.0312
2006-03-22,0.024880000000000003
2006-03-23,0.01641
2006-03-24,0.016390000000000002
2006-03-25,0.016
2006-03-26,0.01844
2006-03-27,0.015080000000000001
2006-03-28,0.014480000000000002
2006-03-29,0.01354
2006-03-30,0.01234
2006-03-31,0.01169
2006-04-01,0.01066
2006-04-02,0.00965
2006-04-03,0.00845
2006-04-04,0.00732
2006-04-05,0.0063100000000000005
2006-04-06,0.005379999999999999
2006-04-07,0.00468
2006-04-08,0.00402
2006-04-09,0.009290000000000001
2006-04-10,0.00898
2006-04-11,0.0033200000000000005
2006-04-12,0.0030600000000000002
2006-04-13,0.00274
2006-04-14,0.0024
2006-04-15,0.00205
2006-04-16,0.00236
2006-04-17,0.00157
2006-04-18,0.00316
2006-04-19,0.00139
2006-04-20,0.00134
2006-04-21,0.00128
2006-04-22,0.00125
2006-04-23,0.00123
2006-04-24,0.00121
2006-04-25,0.0012
2006-04-26,0.00513
2006-04-27,0.0091
2006-04-28,0.015069999999999998
2006-04-29,0.01254
2006-04-30,0.00128
2006-05-01,0.0012
2006-05-02,0.00131
2006-05-03,0.0012
2006-05-04,0.0014
2006-05-05,0.00732
2006-05-06,0.0012
2006-05-07,0.00197
2006-05-08,0.00583
2006-05-09,0.0012
2006-05-10,0.00119
2006-05-11,0.00119
2006-05-12,0.00119
2006-05-13,0.00118
2006-05-14,0.00118
2006-05-15,0.00117
2006-05-16,0.00116
2006-05-17,0.00114
2006-05-18,0.0011300000000000001
2006-05-19,0.0011099999999999999
2006-05-20,0.0011
2006-05-21,0.00108
2006-05-22,0.00107
2006-05-23,0.00105
2006-05-24,0.0010400000000000001
2006-05-25,0.0010199999999999999
2006-05-26,0.00101
2006-05-27,0.00099
2006-05-28,0.00098
2006-05-29,0.0009599999999999999
2006-05-30,0.0009400000000000001
2006-05-31,0.0009199999999999999
2006-06-01,0.00091
2006-06-02,0.0009
2006-06-03,0.00088
2006-06-04,0.0008699999999999999
2006-06-05,0.00119
2006-06-06,0.0011300000000000001
2006-06-07,0.00085
2006-06-08,0.00084
2006-06-09,0.0008300000000000001
2006-06-10,0.00082
2006-06-11,0.0008
2006-06-12,0.00078
2006-06-13,0.0007599999999999999
2006-06-14,0.00074
2006-06-15,0.00072
2006-06-16,0.0007
2006-06-17,0.0006900000000000001
2006-06-18,0.0006799999999999999
2006-06-19,0.00066
2006-06-20,0.00065
2006-06-21,0.00063
2006-06-22,0.00062
2006-06-23,0.00061
2006-06-24,0.0006
2006-06-25,0.00059
2006-06-26,0.00058
2006-06-27,0.00405
2006-06-28,0.00056
2006-06-29,0.00055
2006-06-30,0.00055
2006-07-01,0.00195
2006-07-02,0.00692
2006-07-03,0.00053
2006-07-04,0.00053
2006-07-05,0.0005200000000000001
2006-07-06,0.0005200000000000001
2006-07-07,0.00122
2006-07-08,0.0005099999999999999
2006-07-09,0.0005099999999999999
2006-07-10,0.0005099999999999999
2006-07-11,0.0005
2006-07-12,0.0005
2006-07-13,0.00049
2006-07-14,0.00049
2006-07-15,0.00049
2006-07-16,0.00049
2006-07-17,0.00049
2006-07-18,0.00047999999999999996
2006-07-19,0.00047999999999999996
2006-07-20,0.00047999999999999996
2006-07-21,0.00047999999999999996
2006-07-22,0.00047999999999999996
2006-07-23,0.00047999999999999996
2006-07-24,0.00047999999999999996
2006-07-25,0.00047999999999999996
2006-07-26,0.00047999999999999996
2006-07-27,0.00047999999999999996
2006-07-28,0.00047999999999999996
2006-07-29,0.00047999999999999996
2006-07-30,0.00047999999999999996
2006-07-31,0.00047999999999999996
2006-08-01,0.00047999999999999996
2006-08-02,0.00047999999999999996
2006-08-03,0.00047999999999999996
2006-08-04,0.00047999999999999996
2006-08-05,0.00047999999999999996
2006-08-06,0.00047999999999999996
2006-08-07,0.00047999999999999996
2006-08-08,0.00047999999999999996
2006-08-09,0.00047999999999999996
2006-08-10,0.00047999999999999996
2006-08-11,0.00047999999999999996
2006-08-12,0.00047999999999999996
2006-08-13,0.00047999999999999996
2006-08-14,0.00047999999999999996
2006-08-15,0.00047999999999999996
2006-08-16,0.00047999999999999996
2006-08-17,0.00047999999999999996
2006-08-18,0.00047999999999999996
2006-08-19,0.00047999999999999996
2006-08-20,0.00047999999999999996
2006-08-21,0.00047999999999999996
2006-08-22,0.00047999999999999996
2006-08-23,0.00047999999999999996
2006-08-24,0.00047999999999999996
2006-08-25,0.00047999999999999996
2006-08-26,0.00047999999999999996
2006-08-27,0.00047999999999999996
2006-08-28,0.00047999999999999996
2006-08-29,0.00047999999999999996
2006-08-30,0.00047999999999999996
2006-08-31,0.00047999999999999996
2006-09-01,0.00047000000000000004
2006-09-02,0.00047000000000000004
2006-09-03,0.0013
2006-09-04,0.00047000000000000004
2006-09-05,0.00047000000000000004
2006-09-06,0.00047000000000000004
2006-09-07,0.00047000000000000004
2006-09-08,0.00047000000000000004
2006-09-09,0.00047000000000000004
2006-09-10,0.00047000000000000004
2006-09-11,0.00047000000000000004
2006-09-12,0.00047000000000000004
2006-09-13,0.00047000000000000004
2006-09-14,0.00047000000000000004
2006-09-15,0.00047000000000000004
2006-09-16,0.00047000000000000004
2006-09-17,0.00047000000000000004
2006-09-18,0.00047000000000000004
2006-09-19,0.00047000000000000004
2006-09-20,0.00047000000000000004
2006-09-21,0.00047000000000000004
2006-09-22,0.00047000000000000004
2006-09-23,0.00047000000000000004
2006-09-24,0.00047000000000000004
2006-09-25,0.00047000000000000004
2006-09-26,0.00047000000000000004
2006-09-27,0.00047000000000000004
2006-09-28,0.00047000000000000004
2006-09-29,0.00047000000000000004
2006-09-30,0.00047000000000000004
2006-10-01,0.00047000000000000004
2006-10-02,0.0013
2006-10-03,0.00047000000000000004
2006-10-04,0.0018800000000000002
2006-10-05,0.00047000000000000004
2006-10-06,0.00047000000000000004
2006-10-07,0.00047000000000000004
2006-10-08,0.00047000000000000004
2006-10-09,0.00047000000000000004
2006-10-10,0.006540000000000001
2006-10-11,0.00047000000000000004
2006-10-12,0.00047000000000000004
2006-10-13,0.0056
2006-10-14,0.00047000000000000004
2006-10-15,0.00047000000000000004
2006-10-16,0.00047000000000000004
2006-10-17,0.00047000000000000004
2006-10-18,0.00047000000000000004
2006-10-19,0.00047000000000000004
2006-10-20,0.00047000000000000004
2006-10-21,0.00047000000000000004
2006-10-22,0.00047000000000000004
2006-10-23,0.00047000000000000004
2006-10-24,0.00047000000000000004
2006-10-25,0.00047000000000000004
2006-10-26,0.00047000000000000004
2006-10-27,0.00047000000000000004
2006-10-28,0.00047000000000000004
2006-10-29,0.00047000000000000004
2006-10-30,0.00047000000000000004
2006-10-31,0.00047000000000000004
2006-11-01,0.00047000000000000004
2006-11-02,0.00079
2006-11-03,0.00047000000000000004
2006-11-04,0.00047000000000000004
2006-11-05,0.00047000000000000004
2006-11-06,0.00047000000000000004
2006-11-07,0.00047000000000000004
2006-11-08,0.00047000000000000004
2006-11-09,0.00047000000000000004
2006-11-10,0.00047000000000000004
2006-11-11,0.00047000000000000004
2006-11-12,0.00047000000000000004
2006-11-13,0.00047000000000000004
2006-11-14,0.00063
2006-11-15,0.00047000000000000004
2006-11-16,0.00065
2006-11-17,0.01614
2006-11-18,0.05094
2006-11-19,0.028789999999999996
2006-11-20,0.00565
2006-11-21,0.00081
2006-11-22,0.0021100000000000003
2006-11-23,0.00164
2006-11-24,0.00238
2006-11-25,0.0012699999999999999
2006-11-26,0.00232
2006-11-27,0.00117
2006-11-28,0.00058
2006-11-29,0.00058
2006-11-30,0.00058
2006-12-01,0.00058
2006-12-02,0.00058
2006-12-03,0.00058
2006-12-04,0.00058
2006-12-05,0.00062
2006-12-06,0.00058
2006-12-07,0.00058
2006-12-08,0.00058
2006-12-09,0.00059
2006-12-10,0.00058
2006-12-11,0.00156
2006-12-12,0.03651
2006-12-13,0.12675
2006-12-14,0.52928
2006-12-15,0.0515
2006-12-16,0.00125
2006-12-17,0.0009
2006-12-18,0.00091
2006-12-19,0.0009199999999999999
2006-12-20,0.0009199999999999999
2006-12-21,0.0009199999999999999
2006-12-22,0.00093
2006-12-23,0.00093
2006-12-24,0.00093
2006-12-25,0.00093
2006-12-26,0.00093
2006-12-27,0.00093
2006-12-28,0.00093
2006-12-29,0.00093
2006-12-30,0.00093
2006-12-31,0.0009699999999999999
2007-01-01,0.0013800000000000002
2007-01-02,0.00099
2007-01-03,0.00093
2007-01-04,0.00093
2007-01-05,0.00093
2007-01-06,0.00093
2007-01-07,0.00093
2007-01-08,0.00133
2007-01-09,0.00099
2007-01-10,0.00093
2007-01-11,0.00093
2007-01-12,0.0009199999999999999
2007-01-13,0.03526
2007-01-14,0.13277
2007-01-15,0.40424
2007-01-16,0.28783000000000003
2007-01-17,0.75825
2007-01-18,0.15563
2007-01-19,0.08545
2007-01-20,0.05786
2007-01-21,0.06096
2007-01-22,0.05956
2007-01-23,0.05764
2007-01-24,0.06921000000000001
2007-01-25,0.05442
2007-01-26,0.05151
2007-01-27,0.06116
2007-01-28,0.04999
2007-01-29,0.04746
2007-01-30,0.04555
2007-01-31,0.043019999999999996
2007-02-01,0.040139999999999995
2007-02-02,0.03719
2007-02-03,0.03439
2007-02-04,0.05652000000000001
2007-02-05,0.11154000000000001
2007-02-06,0.057139999999999996
2007-02-07,0.06089
2007-02-08,0.06126
2007-02-09,0.08532000000000001
2007-02-10,0.07221
2007-02-11,0.07339
2007-02-12,0.07601000000000001
2007-02-13,0.0783
2007-02-14,0.09222000000000001
2007-02-15,0.07553
2007-02-16,0.08197
2007-02-17,0.07952999999999999
2007-02-18,0.07164
2007-02-19,0.06788
2007-02-20,0.06302
2007-02-21,0.05782
2007-02-22,0.05284
2007-02-23,0.048780000000000004
2007-02-24,0.04746
2007-02-25,0.04475
2007-02-26,0.039889999999999995
2007-02-27,0.04206
2007-02-28,0.03707
2007-03-01,0.0333
2007-03-02,0.03077
2007-03-03,0.0283
2007-03-04,0.02635
2007-03-05,0.02479
2007-03-06,0.02339
2007-03-07,0.022109999999999998
2007-03-08,0.02229
2007-03-09,0.02509
2007-03-10,0.02531
2007-03-11,0.09558
2007-03-12,0.07557
2007-03-13,0.05585
2007-03-14,0.06561
2007-03-15,0.06348
2007-03-16,0.07247
2007-03-17,0.08305
2007-03-18,0.08637
2007-03-19,0.08231000000000001
2007-03-20,0.07547999999999999
2007-03-21,0.07148
2007-03-22,0.08907000000000001
2007-03-23,0.13119
2007-03-24,0.09287999999999999
2007-03-25,0.09003
2007-03-26,0.08501
2007-03-27,0.07875
2007-03-28,0.07249
2007-03-29,0.06627000000000001
2007-03-30,0.06154
2007-03-31,0.05665
2007-04-01,0.051870000000000006
2007-04-02,0.06168
2007-04-03,0.045739999999999996
2007-04-04,0.05803
2007-04-05,0.06385
2007-04-06,0.06468
2007-04-07,0.08043
2007-04-08,0.08421000000000001
2007-04-09,0.07156
2007-04-10,0.06971000000000001
2007-04-11,0.0698
2007-04-12,0.06435
2007-04-13,0.059879999999999996
2007-04-14,0.05465
2007-04-15,0.04966
2007-04-16,0.04977
2007-04-17,0.04326
2007-04-18,0.039560000000000005
2007-04-19,0.03619
2007-04-20,0.03295
2007-04-21,0.0304
2007-04-22,0.0274
2007-04-23,0.02501
2007-04-24,0.027000000000000003
2007-04-25,0.02487
2007-04-26,0.01994
2007-04-27,0.01804
2007-04-28,0.016319999999999998
2007-04-29,0.014519999999999998
2007-04-30,0.01257
2007-05-01,0.01063
2007-05-02,0.00881
2007-05-03,0.0072299999999999994
2007-05-04,0.00599
2007-05-05,0.00502
2007-05-06,0.00425
2007-05-07,0.0034700000000000004
2007-05-08,0.0027199999999999998
2007-05-09,0.00366
2007-05-10,0.00201
2007-05-11,0.0016600000000000002
2007-05-12,0.00141
2007-05-13,0.0013
2007-05-14,0.00124
2007-05-15,0.0021
2007-05-16,0.0021100000000000003
2007-05-17,0.0054
2007-05-18,0.00121
2007-05-19,0.0012
2007-05-20,0.00119
2007-05-21,0.00118
2007-05-22,0.00117
2007-05-23,0.00116
2007-05-24,0.00115
2007-05-25,0.00114
2007-05-26,0.0011300000000000001
2007-05-27,0.00112
2007-05-28,0.0011
2007-05-29,0.00583
2007-05-30,0.00109
2007-05-31,0.00185
2007-06-01,0.00108
2007-06-02,0.00157
2007-06-03,0.00106
2007-06-04,0.00105
2007-06-05,0.0010400000000000001
2007-06-06,0.0010199999999999999
2007-06-07,0.0013800000000000002
2007-06-08,0.001
2007-06-09,0.00099
2007-06-10,0.00098
2007-06-11,0.00193
2007-06-12,0.00095
2007-06-13,0.0009400000000000001
2007-06-14,0.00093
2007-06-15,0.0009199999999999999
2007-06-16,0.00091
2007-06-17,0.0009
2007-06-18,0.0017800000000000001
2007-06-19,0.0008699999999999999
2007-06-20,0.00085
2007-06-21,0.00084
2007-06-22,0.00082
2007-06-23,0.0008
2007-06-24,0.00078
2007-06-25,0.0007700000000000001
2007-06-26,0.00075
2007-06-27,0.00074
2007-06-28,0.00072
2007-06-29,0.0007
2007-06-30,0.0006900000000000001
2007-07-01,0.00067
2007-07-02,0.00065
2007-07-03,0.00064
2007-07-04,0.00062
2007-07-05,0.00061
2007-07-06,0.0006
2007-07-07,0.00058
2007-07-08,0.00057
2007-07-09,0.00056
2007-07-10,0.00055
2007-07-11,0.00054
2007-07-12,0.00053
2007-07-13,0.00053
2007-07-14,0.0005200000000000001
2007-07-15,0.0005099999999999999
2007-07-16,0.0005099999999999999
2007-07-17,0.0005
2007-07-18,0.0005
2007-07-19,0.0005
2007-07-20,0.00049
2007-07-21,0.00049
2007-07-22,0.00049
2007-07-23,0.00049
2007-07-24,0.00047999999999999996
2007-07-25,0.00047999999999999996
2007-07-26,0.00047999999999999996
2007-07-27,0.00047999999999999996
2007-07-28,0.00047999999999999996
2007-07-29,0.00047999999999999996
2007-07-30,0.00047999999999999996
2007-07-31,0.00047999999999999996
2007-08-01,0.00047999999999999996
2007-08-02,0.00047999999999999996
2007-08-03,0.00047999999999999996
2007-08-04,0.00047999999999999996
2007-08-05,0.00047999999999999996
2007-08-06,0.00047999999999999996
2007-08-07,0.00047999999999999996
2007-08-08,0.00047999999999999996
2007-08-09,0.00047999999999999996
2007-08-10,0.00047999999999999996
2007-08-11,0.00047999999999999996
2007-08-12,0.00047999999999999996
2007-08-13,0.00047999999999999996
2007-08-14,0.00047999999999999996
2007-08-15,0.00047999999999999996
2007-08-16,0.00047999999999999996
2007-08-17,0.00047999999999999996
2007-08-18,0.00047999999999999996
2007-08-19,0.00047999999999999996
2007-08-20,0.00047999999999999996
2007-08-21,0.00047999999999999996
2007-08-22,0.00047999999999999996
2007-08-23,0.00047999999999999996
2007-08-24,0.00047999999999999996
2007-08-25,0.00047999999999999996
2007-08-26,0.00047999999999999996
2007-08-27,0.00047999999999999996
2007-08-28,0.00047999999999999996
2007-08-29,0.00047999999999999996
2007-08-30,0.00047999999999999996
2007-08-31,0.00047999999999999996
2007-09-01,0.0011300000000000001
2007-09-02,0.00047999999999999996
2007-09-03,0.0017
2007-09-04,0.00047999999999999996
2007-09-05,0.00144
2007-09-06,0.00047000000000000004
2007-09-07,0.00047000000000000004
2007-09-08,0.00047000000000000004
2007-09-09,0.00047000000000000004
2007-09-10,0.00047000000000000004
2007-09-11,0.00047000000000000004
2007-09-12,0.00047000000000000004
2007-09-13,0.00047000000000000004
2007-09-14,0.00047000000000000004
2007-09-15,0.00047000000000000004
2007-09-16,0.00047000000000000004
2007-09-17,0.00047000000000000004
2007-09-18,0.00047000000000000004
2007-09-19,0.00047000000000000004
2007-09-20,0.00047000000000000004
2007-09-21,0.00047000000000000004
2007-09-22,0.00047000000000000004
2007-09-23,0.00047000000000000004
2007-09-24,0.00047000000000000004
2007-09-25,0.00047000000000000004
2007-09-26,0.00047000000000000004
2007-09-27,0.00047000000000000004
2007-09-28,0.00047000000000000004
2007-09-29,0.00047999999999999996
2007-09-30,0.00703
2007-10-01,0.022109999999999998
2007-10-02,0.01817
2007-10-03,0.018269999999999998
2007-10-04,0.00292
2007-10-05,0.00238
2007-10-06,0.0005
2007-10-07,0.0005
2007-10-08,0.0005099999999999999
2007-10-09,0.0005099999999999999
2007-10-10,0.0005099999999999999
2007-10-11,0.0005099999999999999
2007-10-12,0.0005099999999999999
2007-10-13,0.0005099999999999999
2007-10-14,0.0005099999999999999
2007-10-15,0.0005099999999999999
2007-10-16,0.0005099999999999999
2007-10-17,0.00441
2007-10-18,0.0005099999999999999
2007-10-19,0.0005099999999999999
2007-10-20,0.0005
2007-10-21,0.0005
2007-10-22,0.0005
2007-10-23,0.0005
2007-10-24,0.0005
2007-10-25,0.0005
2007-10-26,0.0005
2007-10-27,0.0005
2007-10-28,0.0005
2007-10-29,0.0005
2007-10-30,0.0005
2007-10-31,0.00049
2007-11-01,0.00049
2007-11-02,0.00049
2007-11-03,0.00049
2007-11-04,0.00049
2007-11-05,0.00049
2007-11-06,0.00049
2007-11-07,0.00049
2007-11-08,0.00049
2007-11-09,0.01017
2007-11-10,0.01259
2007-11-11,0.0007099999999999999
2007-11-12,0.00049
2007-11-13,0.00049
2007-11-14,0.00049
2007-11-15,0.00049
2007-11-16,0.00049
2007-11-17,0.00049
2007-11-18,0.00049
2007-11-19,0.00049
2007-11-20,0.00049
2007-11-21,0.00049
2007-11-22,0.00049
2007-11-23,0.00049
2007-11-24,0.00049
2007-11-25,0.00049
2007-11-26,0.00049
2007-11-27,0.00049
2007-11-28,0.00049
2007-11-29,0.00049
2007-11-30,0.00049
2007-12-01,0.00242
2007-12-02,0.0005099999999999999
2007-12-03,0.00049
2007-12-04,0.00049
2007-12-05,0.00049
2007-12-06,0.00049
2007-12-07,0.00049
2007-12-08,0.00049
2007-12-09,0.00049
2007-12-10,0.00049
2007-12-11,0.00049
2007-12-12,0.00049
2007-12-13,0.00049
2007-12-14,0.00049
2007-12-15,0.00049
2007-12-16,0.00049
2007-12-17,0.00049
2007-12-18,0.00049
2007-12-19,0.00049
2007-12-20,0.00049
2007-12-21,0.00049
2007-12-22,0.0019199999999999998
2007-12-23,0.00952
2007-12-24,0.0171
2007-12-25,0.00049
2007-12-26,0.0005
2007-12-27,0.0005
2007-12-28,0.0026
2007-12-29,0.0005
2007-12-30,0.0005099999999999999
2007-12-31,0.0005099999999999999
2008-01-01,0.0005099999999999999
2008-01-02,0.0005099999999999999
2008-01-03,0.0005099999999999999
2008-01-04,0.0005099999999999999
2008-01-05,0.0005099999999999999
2008-01-06,0.0005099999999999999
2008-01-07,0.0005099999999999999
2008-01-08,0.0005099999999999999
2008-01-09,0.0005099999999999999
2008-01-10,0.0005099999999999999
2008-01-11,0.0005099999999999999
2008-01-12,0.0005099999999999999
2008-01-13,0.0005099999999999999
2008-01-14,0.0005099999999999999
2008-01-15,0.0005099999999999999
2008-01-16,0.0005099999999999999
2008-01-17,0.0005099999999999999
2008-01-18,0.0005099999999999999
2008-01-19,0.0005099999999999999
2008-01-20,0.0005099999999999999
2008-01-21,0.0005099999999999999
2008-01-22,0.00063
2008-01-23,0.0005200000000000001
2008-01-24,0.015369999999999998
2008-01-25,0.00075
2008-01-26,0.0005099999999999999
2008-01-27,0.0024100000000000002
2008-01-28,0.0005099999999999999
2008-01-29,0.0005099999999999999
2008-01-30,0.0005099999999999999
2008-01-31,0.0005099999999999999
2008-02-01,0.0005099999999999999
2008-02-02,0.0005099999999999999
2008-02-03,0.0005099999999999999
2008-02-04,0.00466
2008-02-05,0.00483
2008-02-06,0.0188
2008-02-07,0.00164
2008-02-08,0.0005200000000000001
2008-02-09,0.006529999999999999
2008-02-10,0.0139
2008-02-11,0.00054
2008-02-12,0.0018100000000000002
2008-02-13,0.00082
2008-02-14,0.00099
2008-02-15,0.00057
2008-02-16,0.00057
2008-02-17,0.00057
2008-02-18,0.00057
2008-02-19,0.00569
2008-02-20,0.0047
2008-02-21,0.00413
2008-02-22,0.02367
2008-02-23,0.00084
2008-02-24,0.00061
2008-02-25,0.00062
2008-02-26,0.00062
2008-02-27,0.00065
2008-02-28,0.00267
2008-02-29,0.00066
2008-03-01,0.00063
2008-03-02,0.00577
2008-03-03,0.00292
2008-03-04,0.00063
2008-03-05,0.00063
2008-03-06,0.00095
2008-03-07,0.00063
2008-03-08,0.00063
2008-03-09,0.00063
2008-03-10,0.00126
2008-03-11,0.0007099999999999999
2008-03-12,0.00063
2008-03-13,0.00063
2008-03-14,0.00063
2008-03-15,0.00062
2008-03-16,0.00062
2008-03-17,0.00062
2008-03-18,0.00062
2008-03-19,0.00061
2008-03-20,0.00061
2008-03-21,0.00061
2008-03-22,0.0006
2008-03-23,0.0006
2008-03-24,0.02242
2008-03-25,0.01589
2008-03-26,0.0006
2008-03-27,0.03795
2008-03-28,0.00073
2008-03-29,0.00065
2008-03-30,0.00158
2008-03-31,0.00066
2008-04-01,0.00066
2008-04-02,0.00065
2008-04-03,0.0040100000000000005
2008-04-04,0.0155
2008-04-05,0.00065
2008-04-06,0.00065
2008-04-07,0.00065
2008-04-08,0.00322
2008-04-09,0.054729999999999994
2008-04-10,0.02081
2008-04-11,0.01881
2008-04-12,0.013090000000000001
2008-04-13,0.0007700000000000001
2008-04-14,0.0007700000000000001
2008-04-15,0.00128
2008-04-16,0.00078
2008-04-17,0.00079
2008-04-18,0.0007700000000000001
2008-04-19,0.0007599999999999999
2008-04-20,0.00085
2008-04-21,0.00075
2008-04-22,0.00074
2008-04-23,0.00073
2008-04-24,0.00072
2008-04-25,0.0007099999999999999
2008-04-26,0.0007
2008-04-27,0.0006900000000000001
2008-04-28,0.0006799999999999999
2008-04-29,0.0006799999999999999
2008-04-30,0.00067
2008-05-01,0.00066
2008-05-02,0.00066
2008-05-03,0.030510000000000002
2008-05-04,0.0018800000000000002
2008-05-05,0.00106
2008-05-06,0.0010199999999999999
2008-05-07,0.00115
2008-05-08,0.00065
2008-05-09,0.00065
2008-05-10,0.00064
2008-05-11,0.00063
2008-05-12,0.00062
2008-05-13,0.00061
2008-05-14,0.00061
2008-05-15,0.0006
2008-05-16,0.00059
2008-05-17,0.00058
2008-05-18,0.00057
2008-05-19,0.00056
2008-05-20,0.00139
2008-05-21,0.00056
2008-05-22,0.00056
2008-05-23,0.00057
2008-05-24,0.0006
2008-05-25,0.0006
2008-05-26,0.00073
2008-05-27,0.0007599999999999999
2008-05-28,0.00054
2008-05-29,0.00054
2008-05-30,0.00053
2008-05-31,0.0005200000000000001
2008-06-01,0.0005200000000000001
2008-06-02,0.0005099999999999999
2008-06-03,0.0005099999999999999
2008-06-04,0.0005099999999999999
2008-06-05,0.0005
2008-06-06,0.00454
2008-06-07,0.0005
2008-06-08,0.00049
2008-06-09,0.00049
2008-06-10,0.00049
2008-06-11,0.00049
2008-06-12,0.00049
2008-06-13,0.00047999999999999996
2008-06-14,0.00047999999999999996
2008-06-15,0.00047999999999999996
2008-06-16,0.00047999999999999996
2008-06-17,0.00047999999999999996
2008-06-18,0.00047999999999999996
2008-06-19,0.00047999999999999996
2008-06-20,0.00047999999999999996
2008-06-21,0.00047999999999999996
2008-06-22,0.00047999999999999996
2008-06-23,0.00047999999999999996
2008-06-24,0.00047999999999999996
2008-06-25,0.00047999999999999996
2008-06-26,0.00047999999999999996
2008-06-27,0.00047999999999999996
2008-06-28,0.00047999999999999996
2008-06-29,0.00047999999999999996
2008-06-30,0.00047999999999999996
2008-07-01,0.00047999999999999996
2008-07-02,0.00047999999999999996
2008-07-03,0.00047999999999999996
2008-07-04,0.00047999999999999996
2008-07-05,0.00047999999999999996
2008-07-06,0.00047999999999999996
2008-07-07,0.00047999999999999996
2008-07-08,0.00047999999999999996
2008-07-09,0.00047999999999999996
2008-07-10,0.00047999999999999996
2008-07-11,0.00047999999999999996
2008-07-12,0.00047999999999999996
2008-07-13,0.00047999999999999996
2008-07-14,0.00047999999999999996
2008-07-15,0.00047999999999999996
2008-07-16,0.00047999999999999996
2008-07-17,0.00047999999999999996
2008-07-18,0.00047999999999999996
2008-07-19,0.00047999999999999996
2008-07-20,0.00047999999999999996
2008-07-21,0.00047999999999999996
2008-07-22,0.00047999999999999996
2008-07-23,0.00047999999999999996
2008-07-24,0.00047999999999999996
2008-07-25,0.00047999999999999996
2008-07-26,0.00047999999999999996
2008-07-27,0.00047999999999999996
2008-07-28,0.00047000000000000004
2008-07-29,0.00047000000000000004
2008-07-30,0.00047000000000000004
2008-07-31,0.00047000000000000004
2008-08-01,0.00047000000000000004
2008-08-02,0.00047000000000000004
2008-08-03,0.00047000000000000004
2008-08-04,0.00047000000000000004
2008-08-05,0.00047000000000000004
2008-08-06,0.00047000000000000004
2008-08-07,0.00047000000000000004
2008-08-08,0.00047000000000000004
2008-08-09,0.00047000000000000004
2008-08-10,0.00047000000000000004
2008-08-11,0.00047000000000000004
2008-08-12,0.00047000000000000004
2008-08-13,0.00047000000000000004
2008-08-14,0.00047000000000000004
2008-08-15,0.00047000000000000004
2008-08-16,0.00047000000000000004
2008-08-17,0.00047000000000000004
2008-08-18,0.00047000000000000004
2008-08-19,0.00047000000000000004
2008-08-20,0.00047000000000000004
2008-08-21,0.00047000000000000004
2008-08-22,0.00047000000000000004
2008-08-23,0.00047000000000000004
2008-08-24,0.00047000000000000004
2008-08-25,0.00047000000000000004
2008-08-26,0.00047000000000000004
2008-08-27,0.00047000000000000004
2008-08-28,0.00047000000000000004
2008-08-29,0.00047000000000000004
2008-08-30,0.00047000000000000004
2008-08-31,0.00047000000000000004
2008-09-01,0.00047000000000000004
2008-09-02,0.00053
2008-09-03,0.00047000000000000004
2008-09-04,0.00047000000000000004
2008-09-05,0.00157
2008-09-06,0.00047000000000000004
2008-09-07,0.00047000000000000004
2008-09-08,0.00047000000000000004
2008-09-09,0.00047000000000000004
2008-09-10,0.00047000000000000004
2008-09-11,0.00047000000000000004
2008-09-12,0.00047000000000000004
2008-09-13,0.00047000000000000004
2008-09-14,0.00047000000000000004
2008-09-15,0.00047000000000000004
2008-09-16,0.00047000000000000004
2008-09-17,0.00047000000000000004
2008-09-18,0.00047000000000000004
2008-09-19,0.00047000000000000004
2008-09-20,0.00047000000000000004
2008-09-21,0.00047000000000000004
2008-09-22,0.00047000000000000004
2008-09-23,0.00047000000000000004
2008-09-24,0.00047000000000000004
2008-09-25,0.00047000000000000004
2008-09-26,0.00047000000000000004
2008-09-27,0.00047000000000000004
2008-09-28,0.00047000000000000004
2008-09-29,0.00047000000000000004
2008-09-30,0.00047000000000000004
2008-10-01,0.00047000000000000004
2008-10-02,0.00047000000000000004
2008-10-03,0.00047000000000000004
2008-10-04,0.00047000000000000004
2008-10-05,0.00047000000000000004
2008-10-06,0.00047000000000000004
2008-10-07,0.00047000000000000004
2008-10-08,0.0019199999999999998
2008-10-09,0.00607
2008-10-10,0.01065
2008-10-11,0.00047000000000000004
2008-10-12,0.00594
2008-10-13,0.00047000000000000004
2008-10-14,0.0066099999999999996
2008-10-15,0.00047000000000000004
2008-10-16,0.00047000000000000004
2008-10-17,0.00231
2008-10-18,0.00066
2008-10-19,0.00047000000000000004
2008-10-20,0.00081
2008-10-21,0.00112
2008-10-22,0.0018899999999999998
2008-10-23,0.00047000000000000004
2008-10-24,0.00047000000000000004
2008-10-25,0.00047000000000000004
2008-10-26,0.0017699999999999999
2008-10-27,0.01455
2008-10-28,0.02005
2008-10-29,0.028010000000000004
2008-10-30,0.0011300000000000001
2008-10-31,0.00062
2008-11-01,0.03464
2008-11-02,0.02167
2008-11-03,0.00084
2008-11-04,0.014459999999999999
2008-11-05,0.00772
2008-11-06,0.00141
2008-11-07,0.0006799999999999999
2008-11-08,0.00065
2008-11-09,0.01755
2008-11-10,0.0588
2008-11-11,0.07799
2008-11-12,0.0008
2008-11-13,0.01158
2008-11-14,0.00182
2008-11-15,0.007529999999999999
2008-11-16,0.01764
2008-11-17,0.07915
2008-11-18,0.04473
2008-11-19,0.06241
2008-11-20,0.22024000000000002
2008-11-21,0.03733
2008-11-22,0.00984
2008-11-23,0.01701
2008-11-24,0.011890000000000001
2008-11-25,0.02095
2008-11-26,0.01022
2008-11-27,0.01168
2008-11-28,0.012830000000000001
2008-11-29,0.01399
2008-11-30,0.02166
2008-12-01,0.0273
2008-12-02,0.023280000000000002
2008-12-03,0.03338
2008-12-04,0.0314
2008-12-05,0.08714
2008-12-06,0.25398000000000004
2008-12-07,0.25027
2008-12-08,0.18904
2008-12-09,0.12779000000000001
2008-12-10,0.11903
2008-12-11,0.1178
2008-12-12,0.11662
2008-12-13,0.10927
2008-12-14,0.10106
2008-12-15,0.0925
2008-12-16,0.0843
2008-12-17,0.07664
2008-12-18,0.06975
2008-12-19,0.06375
2008-12-20,0.05807999999999999
2008-12-21,0.05268
2008-12-22,0.04773
2008-12-23,0.04338
2008-12-24,0.039889999999999995
2008-12-25,0.03663
2008-12-26,0.03358
2008-12-27,0.03105
2008-12-28,0.028810000000000002
2008-12-29,0.02678
2008-12-30,0.02486
2008-12-31,0.02302
2009-01-01,0.02136
2009-01-02,0.01993
2009-01-03,0.02444
2009-01-04,0.03501
2009-01-05,0.01735
2009-01-06,0.017130000000000003
2009-01-07,0.01914
2009-01-08,0.02359
2009-01-09,0.01949
2009-01-10,0.01697
2009-01-11,0.01686
2009-01-12,0.01651
2009-01-13,0.01598
2009-01-14,0.015380000000000001
2009-01-15,0.01475
2009-01-16,0.014119999999999999
2009-01-17,0.01356
2009-01-18,0.013069999999999998
2009-01-19,0.0132
2009-01-20,0.0362
2009-01-21,0.05683
2009-01-22,0.08582999999999999
2009-01-23,0.24593
2009-01-24,0.17268
2009-01-25,0.1425
2009-01-26,0.18086
2009-01-27,0.20808000000000001
2009-01-28,0.15843
2009-01-29,0.12343
2009-01-30,0.12339000000000001
2009-01-31,0.1232
2009-02-01,0.12215
2009-02-02,0.11657999999999999
2009-02-03,0.1068
2009-02-04,0.09709
2009-02-05,0.08716
2009-02-06,0.07868
2009-02-07,0.07122
2009-02-08,0.06462999999999999
2009-02-09,0.058870000000000006
2009-02-10,0.053829999999999996
2009-02-11,0.049139999999999996
2009-02-12,0.05586
2009-02-13,0.06736
2009-02-14,0.06903
2009-02-15,0.06488
2009-02-16,0.05842000000000001
2009-02-17,0.06157000000000001
2009-02-18,0.056979999999999996
2009-02-19,0.06738
2009-02-20,0.054970000000000005
2009-02-21,0.0527
2009-02-22,0.05041
2009-02-23,0.05057
2009-02-24,0.045810000000000003
2009-02-25,0.04272
2009-02-26,0.03946
2009-02-27,0.03638
2009-02-28,0.03442
2009-03-01,0.03081
2009-03-02,0.0281
2009-03-03,0.02562
2009-03-04,0.023459999999999998
2009-03-05,0.07959
2009-03-06,0.11352999999999999
2009-03-07,0.09145
2009-03-08,0.08447
2009-03-09,0.07846
2009-03-10,0.07547999999999999
2009-03-11,0.07094
2009-03-12,0.06539
2009-03-13,0.10619
2009-03-14,0.0665
2009-03-15,0.06844
2009-03-16,0.06584
2009-03-17,0.062020000000000006
2009-03-18,0.057589999999999995
2009-03-19,0.058429999999999996
2009-03-20,0.05148
2009-03-21,0.046810000000000004
2009-03-22,0.04328
2009-03-23,0.03951
2009-03-24,0.038169999999999996
2009-03-25,0.035019999999999996
2009-03-26,0.03258
2009-03-27,0.030019999999999998
2009-03-28,0.02737
2009-03-29,0.04392
2009-03-30,0.02426
2009-03-31,0.02344
2009-04-01,0.022090000000000002
2009-04-02,0.02014
2009-04-03,0.01791
2009-04-04,0.01566
2009-04-05,0.01376
2009-04-06,0.01281
2009-04-07,0.01125
2009-04-08,0.00979
2009-04-09,0.008440000000000001
2009-04-10,0.00727
2009-04-11,0.00675
2009-04-12,0.00554
2009-04-13,0.0047799999999999995
2009-04-14,0.02131
2009-04-15,0.00398
2009-04-16,0.006490000000000001
2009-04-17,0.014490000000000001
2009-04-18,0.00404
2009-04-19,0.014459999999999999
2009-04-20,0.00424
2009-04-21,0.00426
2009-04-22,0.039760000000000004
2009-04-23,0.03173
2009-04-24,0.01409
2009-04-25,0.014769999999999998
2009-04-26,0.01568
2009-04-27,0.01569
2009-04-28,0.01609
2009-04-29,0.02252
2009-04-30,0.015030000000000002
2009-05-01,0.013880000000000002
2009-05-02,0.01255
2009-05-03,0.011359999999999999
2009-05-04,0.00998
2009-05-05,0.00857
2009-05-06,0.007259999999999999
2009-05-07,0.00583
2009-05-08,0.0045
2009-05-09,0.00343
2009-05-10,0.0029
2009-05-11,0.0039299999999999995
2009-05-12,0.00223
2009-05-13,0.01411
2009-05-14,0.01251
2009-05-15,0.009770000000000001
2009-05-16,0.00206
2009-05-17,0.0021
2009-05-18,0.00212
2009-05-19,0.0017800000000000001
2009-05-20,0.00159
2009-05-21,0.00143
2009-05-22,0.00132
2009-05-23,0.00125
2009-05-24,0.00122
2009-05-25,0.0012
2009-05-26,0.00119
2009-05-27,0.00118
2009-05-28,0.00121
2009-05-29,0.00118
2009-05-30,0.00117
2009-05-31,0.00116
2009-06-01,0.00115
2009-06-02,0.00114
2009-06-03,0.00112
2009-06-04,0.0011099999999999999
2009-06-05,0.0011
2009-06-06,0.00108
2009-06-07,0.00106
2009-06-08,0.00105
2009-06-09,0.00103
2009-06-10,0.0010199999999999999
2009-06-11,0.00101
2009-06-12,0.001
2009-06-13,0.00098
2009-06-14,0.0009599999999999999
2009-06-15,0.0009400000000000001
2009-06-16,0.0009199999999999999
2009-06-17,0.00091
2009-06-18,0.0008900000000000001
2009-06-19,0.00088
2009-06-20,0.00086
2009-06-21,0.00085
2009-06-22,0.0008300000000000001
2009-06-23,0.00081
2009-06-24,0.0013
2009-06-25,0.00078
2009-06-26,0.0007700000000000001
2009-06-27,0.00075
2009-06-28,0.00073
2009-06-29,0.0007099999999999999
2009-06-30,0.0007
2009-07-01,0.0006799999999999999
2009-07-02,0.00066
2009-07-03,0.00065
2009-07-04,0.00063
2009-07-05,0.00062
2009-07-06,0.0006
2009-07-07,0.00059
2009-07-08,0.00058
2009-07-09,0.00057
2009-07-10,0.00056
2009-07-11,0.00055
2009-07-12,0.00054
2009-07-13,0.00053
2009-07-14,0.0005200000000000001
2009-07-15,0.0005200000000000001
2009-07-16,0.0005099999999999999
2009-07-17,0.0005
2009-07-18,0.0005
2009-07-19,0.00049
2009-07-20,0.00049
2009-07-21,0.00049
2009-07-22,0.00049
2009-07-23,0.00049
2009-07-24,0.00047999999999999996
2009-07-25,0.00047999999999999996
2009-07-26,0.00047999999999999996
2009-07-27,0.00047999999999999996
2009-07-28,0.00047999999999999996
2009-07-29,0.00047999999999999996
2009-07-30,0.00047999999999999996
2009-07-31,0.00047999999999999996
2009-08-01,0.00047999999999999996
2009-08-02,0.00047999999999999996
2009-08-03,0.00047999999999999996
2009-08-04,0.00047999999999999996
2009-08-05,0.00047999999999999996
2009-08-06,0.00047999999999999996
2009-08-07,0.00047999999999999996
2009-08-08,0.00047999999999999996
2009-08-09,0.00047999999999999996
2009-08-10,0.00047999999999999996
2009-08-11,0.00047999999999999996
2009-08-12,0.00047999999999999996
2009-08-13,0.00047999999999999996
2009-08-14,0.00047999999999999996
2009-08-15,0.00047999999999999996
2009-08-16,0.00047999999999999996
2009-08-17,0.00047999999999999996
2009-08-18,0.00047999999999999996
2009-08-19,0.00047999999999999996
2009-08-20,0.00047999999999999996
2009-08-21,0.00047999999999999996
2009-08-22,0.00047999999999999996
2009-08-23,0.00047999999999999996
2009-08-24,0.00047999999999999996
2009-08-25,0.00047999999999999996
2009-08-26,0.00047999999999999996
2009-08-27,0.00047999999999999996
2009-08-28,0.00047999999999999996
2009-08-29,0.00047999999999999996
2009-08-30,0.00047999999999999996
2009-08-31,0.0013800000000000002
2009-09-01,0.0005200000000000001
2009-09-02,0.00124
2009-09-03,0.00047999999999999996
2009-09-04,0.00047999999999999996
2009-09-05,0.00047999999999999996
2009-09-06,0.00047000000000000004
2009-09-07,0.00047000000000000004
2009-09-08,0.00047000000000000004
2009-09-09,0.00047000000000000004
2009-09-10,0.00047000000000000004
2009-09-11,0.00047000000000000004
2009-09-12,0.00047000000000000004
2009-09-13,0.00047000000000000004
2009-09-14,0.00047000000000000004
2009-09-15,0.00047000000000000004
2009-09-16,0.00047000000000000004
2009-09-17,0.00047000000000000004
2009-09-18,0.00047000000000000004
2009-09-19,0.00047000000000000004
2009-09-20,0.00047000000000000004
2009-09-21,0.00047000000000000004
2009-09-22,0.00047000000000000004
2009-09-23,0.00047000000000000004
2009-09-24,0.00047000000000000004
2009-09-25,0.00047000000000000004
2009-09-26,0.00047000000000000004
2009-09-27,0.00047000000000000004
2009-09-28,0.00047000000000000004
2009-09-29,0.00047000000000000004
2009-09-30,0.00047000000000000004
2009-10-01,0.00047000000000000004
2009-10-02,0.00209
2009-10-03,0.00047000000000000004
2009-10-04,0.00047000000000000004
2009-10-05,0.00047000000000000004
2009-10-06,0.00047000000000000004
2009-10-07,0.00047000000000000004
2009-10-08,0.00047000000000000004
2009-10-09,0.00047000000000000004
2009-10-10,0.00047000000000000004
2009-10-11,0.00047000000000000004
2009-10-12,0.00047000000000000004
2009-10-13,0.0021899999999999997
2009-10-14,0.00047000000000000004
2009-10-15,0.00047000000000000004
2009-10-16,0.00047000000000000004
2009-10-17,0.00047000000000000004
2009-10-18,0.00047000000000000004
2009-10-19,0.00047000000000000004
2009-10-20,0.00047000000000000004
2009-10-21,0.00047000000000000004
2009-10-22,0.00047000000000000004
2009-10-23,0.00047000000000000004
2009-10-24,0.00047000000000000004
2009-10-25,0.00047000000000000004
2009-10-26,0.00047000000000000004
2009-10-27,0.00047000000000000004
2009-10-28,0.00047000000000000004
2009-10-29,0.00047000000000000004
2009-10-30,0.00047000000000000004
2009-10-31,0.009040000000000001
2009-11-01,0.00439
2009-11-02,0.0005099999999999999
2009-11-03,0.00047000000000000004
2009-11-04,0.00047000000000000004
2009-11-05,0.00144
2009-11-06,0.00047000000000000004
2009-11-07,0.00047000000000000004
2009-11-08,0.00047000000000000004
2009-11-09,0.00047000000000000004
2009-11-10,0.00047000000000000004
2009-11-11,0.019780000000000002
2009-11-12,0.0046
2009-11-13,0.0006900000000000001
2009-11-14,0.02389
2009-11-15,0.00525
2009-11-16,0.00047999999999999996
2009-11-17,0.00441
2009-11-18,0.00049
2009-11-19,0.008759999999999999
2009-11-20,0.0005
2009-11-21,0.0005099999999999999
2009-11-22,0.0005099999999999999
2009-11-23,0.0005200000000000001
2009-11-24,0.0005200000000000001
2009-11-25,0.0005200000000000001
2009-11-26,0.0005200000000000001
2009-11-27,0.00053
2009-11-28,0.00053
2009-11-29,0.00053
2009-11-30,0.00053
2009-12-01,0.00053
2009-12-02,0.00053
2009-12-03,0.00053
2009-12-04,0.00053
2009-12-05,0.00053
2009-12-06,0.00053
2009-12-07,0.00053
2009-12-08,0.00053
2009-12-09,0.00053
2009-12-10,0.00053
2009-12-11,0.00053
2009-12-12,0.00053
2009-12-13,0.00053
2009-12-14,0.00053
2009-12-15,0.00053
2009-12-16,0.00053
2009-12-17,0.00053
2009-12-18,0.0005200000000000001
2009-12-19,0.0005200000000000001
2009-12-20,0.0005200000000000001
2009-12-21,0.0005200000000000001
2009-12-22,0.0005200000000000001
2009-12-23,0.0005200000000000001
2009-12-24,0.00634
2009-12-25,0.054810000000000005
2009-12-26,0.04857
2009-12-27,0.0022199999999999998
2009-12-28,0.0034799999999999996
2009-12-29,0.00075
2009-12-30,0.00344
2009-12-31,0.0017100000000000001
2010-01-01,0.0006900000000000001
2010-01-02,0.00066
2010-01-03,0.02163
2010-01-04,0.017230000000000002
2010-01-05,0.0006900000000000001
2010-01-06,0.0007099999999999999
2010-01-07,0.00072
2010-01-08,0.00072
2010-01-09,0.00073
2010-01-10,0.00073
2010-01-11,0.00073
2010-01-12,0.00073
2010-01-13,0.00073
2010-01-14,0.00073
2010-01-15,0.00073
2010-01-16,0.00073
2010-01-17,0.00072
2010-01-18,0.00072
2010-01-19,0.00072
2010-01-20,0.00072
2010-01-21,0.00072
2010-01-22,0.00072
2010-01-23,0.00072
2010-01-24,0.00086
2010-01-25,0.0007099999999999999
2010-01-26,0.00899
2010-01-27,0.0018100000000000002
2010-01-28,0.00081
2010-01-29,0.01945
2010-01-30,0.02163
2010-01-31,0.00665
2010-02-01,0.0007700000000000001
2010-02-02,0.0019100000000000002
2010-02-03,0.04432
2010-02-04,0.0422
2010-02-05,0.00088
2010-02-06,0.00337
2010-02-07,0.02939
2010-02-08,0.01549
2010-02-09,0.00498
2010-02-10,0.00279
2010-02-11,0.0067
2010-02-12,0.00617
2010-02-13,0.00302
2010-02-14,0.0051600000000000005
2010-02-15,0.015369999999999998
2010-02-16,0.02401
2010-02-17,0.021490000000000002
2010-02-18,0.01625
2010-02-19,0.03365
2010-02-20,0.01294
2010-02-21,0.00528
2010-02-22,0.00149
2010-02-23,0.01039
2010-02-24,0.05194
2010-02-25,0.02037
2010-02-26,0.00381
2010-02-27,0.00494
2010-02-28,0.0055899999999999995
2010-03-01,0.00592
2010-03-02,0.0061
2010-03-03,0.00624
2010-03-04,0.00675
2010-03-05,0.00626
2010-03-06,0.006229999999999999
2010-03-07,0.00617
2010-03-08,0.00604
2010-03-09,0.00581
2010-03-10,0.00545
2010-03-11,0.005
2010-03-12,0.00455
2010-03-13,0.00414
2010-03-14,0.00373
2010-03-15,0.00328
2010-03-16,0.00285
2010-03-17,0.00255
2010-03-18,0.00421
2010-03-19,0.00271
2010-03-20,0.0021899999999999997
2010-03-21,0.00248
2010-03-22,0.0023
2010-03-23,0.00202
2010-03-24,0.00186
2010-03-25,0.01084
2010-03-26,0.0016899999999999999
2010-03-27,0.00159
2010-03-28,0.0015
2010-03-29,0.00143
2010-03-30,0.0016300000000000002
2010-03-31,0.00132
2010-04-01,0.0012699999999999999
2010-04-02,0.00122
2010-04-03,0.00392
2010-04-04,0.011559999999999999
2010-04-05,0.00118
2010-04-06,0.00117
2010-04-07,0.00116
2010-04-08,0.00116
2010-04-09,0.00115
2010-04-10,0.00114
2010-04-11,0.00117
2010-04-12,0.0011300000000000001
2010-04-13,0.00112
2010-04-14,0.0012699999999999999
2010-04-15,0.0011
2010-04-16,0.0011
2010-04-17,0.00108
2010-04-18,0.00107
2010-04-19,0.00162
2010-04-20,0.03005
2010-04-21,0.04481
2010-04-22,0.07514
2010-04-23,0.00305
2010-04-24,0.00572
2010-04-25,0.00173
2010-04-26,0.00225
2010-04-27,0.0018800000000000002
2010-04-28,0.01095
2010-04-29,0.02061
2010-04-30,0.02538
2010-05-01,0.02167
2010-05-02,0.0135
2010-05-03,0.010440000000000001
2010-05-04,0.008759999999999999
2010-05-05,0.00903
2010-05-06,0.00842
2010-05-07,0.00771
2010-05-08,0.00872
2010-05-09,0.01017
2010-05-10,0.007090000000000001
2010-05-11,0.01037
2010-05-12,0.01415
2010-05-13,0.01701
2010-05-14,0.0092
2010-05-15,0.00778
2010-05-16,0.007379999999999999
2010-05-17,0.00657
2010-05-18,0.006640000000000001
2010-05-19,0.00628
2010-05-20,0.00547
2010-05-21,0.0050100000000000006
2010-05-22,0.00466
2010-05-23,0.00413
2010-05-24,0.00337
2010-05-25,0.00268
2010-05-26,0.00213
2010-05-27,0.0016899999999999999
2010-05-28,0.00143
2010-05-29,0.0012900000000000001
2010-05-30,0.00121
2010-05-31,0.00116
2010-06-01,0.00115
2010-06-02,0.0011300000000000001
2010-06-03,0.00112
2010-06-04,0.0011
2010-06-05,0.00109
2010-06-06,0.00107
2010-06-07,0.00105
2010-06-08,0.0010400000000000001
2010-06-09,0.0010199999999999999
2010-06-10,0.001
2010-06-11,0.00126
2010-06-12,0.00098
2010-06-13,0.0009599999999999999
2010-06-14,0.00095
2010-06-15,0.0009400000000000001
2010-06-16,0.0009199999999999999
2010-06-17,0.0009
2010-06-18,0.0008900000000000001
2010-06-19,0.0008699999999999999
2010-06-20,0.00086
2010-06-21,0.00084
2010-06-22,0.0008300000000000001
2010-06-23,0.00081
2010-06-24,0.0008
2010-06-25,0.00078
2010-06-26,0.0007700000000000001
2010-06-27,0.00075
2010-06-28,0.00073
2010-06-29,0.00072
2010-06-30,0.0007
2010-07-01,0.0006900000000000001
2010-07-02,0.00067
2010-07-03,0.00066
2010-07-04,0.00064
2010-07-05,0.00063
2010-07-06,0.00062
2010-07-07,0.00061
2010-07-08,0.00059
2010-07-09,0.00058
2010-07-10,0.00057
2010-07-11,0.00056
2010-07-12,0.00056
2010-07-13,0.00055
2010-07-14,0.00054
2010-07-15,0.00053
2010-07-16,0.00053
2010-07-17,0.0005200000000000001
2010-07-18,0.0005099999999999999
2010-07-19,0.0005099999999999999
2010-07-20,0.0005
2010-07-21,0.0005
2010-07-22,0.0005
2010-07-23,0.00049
2010-07-24,0.00049
2010-07-25,0.00049
2010-07-26,0.00049
2010-07-27,0.00047999999999999996
2010-07-28,0.00047999999999999996
2010-07-29,0.0005099999999999999
2010-07-30,0.00047999999999999996
2010-07-31,0.00047999999999999996
2010-08-01,0.00047999999999999996
2010-08-02,0.00047999999999999996
2010-08-03,0.00047999999999999996
2010-08-04,0.00047999999999999996
2010-08-05,0.00047999999999999996
2010-08-06,0.00047999999999999996
2010-08-07,0.00047999999999999996
2010-08-08,0.00047999999999999996
2010-08-09,0.00047999999999999996
2010-08-10,0.00047999999999999996
2010-08-11,0.00047999999999999996
2010-08-12,0.00047999999999999996
2010-08-13,0.00047999999999999996
2010-08-14,0.00047999999999999996
2010-08-15,0.00047999999999999996
2010-08-16,0.00047999999999999996
2010-08-17,0.00047999999999999996
2010-08-18,0.00047999999999999996
2010-08-19,0.00047999999999999996
2010-08-20,0.00047999999999999996
2010-08-21,0.00047999999999999996
2010-08-22,0.00047999999999999996
2010-08-23,0.00047999999999999996
2010-08-24,0.00047999999999999996
2010-08-25,0.00047999999999999996
2010-08-26,0.00047999999999999996
2010-08-27,0.00047999999999999996
2010-08-28,0.00047999999999999996
2010-08-29,0.00047999999999999996
2010-08-30,0.00047999999999999996
2010-08-31,0.00047999999999999996
2010-09-01,0.00047999999999999996
2010-09-02,0.00047999999999999996
2010-09-03,0.00047999999999999996
2010-09-04,0.00047999999999999996
2010-09-05,0.00047999999999999996
2010-09-06,0.00047999999999999996
2010-09-07,0.00047000000000000004
2010-09-08,0.00047000000000000004
2010-09-09,0.00047000000000000004
2010-09-10,0.00047000000000000004
2010-09-11,0.00047000000000000004
2010-09-12,0.00047999999999999996
2010-09-13,0.00047000000000000004
2010-09-14,0.00047000000000000004
2010-09-15,0.00047000000000000004
2010-09-16,0.00047000000000000004
2010-09-17,0.00047000000000000004
2010-09-18,0.00047000000000000004
2010-09-19,0.00047000000000000004
2010-09-20,0.00047000000000000004
2010-09-21,0.00047000000000000004
2010-09-22,0.00047000000000000004
2010-09-23,0.00047000000000000004
2010-09-24,0.00047000000000000004
2010-09-25,0.00047000000000000004
2010-09-26,0.00047000000000000004
2010-09-27,0.00047000000000000004
2010-09-28,0.00047000000000000004
2010-09-29,0.00047000000000000004
2010-09-30,0.00047000000000000004
2010-10-01,0.00047000000000000004
2010-10-02,0.00047000000000000004
2010-10-03,0.00047000000000000004
2010-10-04,0.00047000000000000004
2010-10-05,0.00047000000000000004
2010-10-06,0.00047000000000000004
2010-10-07,0.00047000000000000004
2010-10-08,0.00047000000000000004
2010-10-09,0.00047000000000000004
2010-10-10,0.00345
2010-10-11,0.00047000000000000004
2010-10-12,0.00047000000000000004
2010-10-13,0.01989
2010-10-14,0.02299
2010-10-15,0.00047000000000000004
2010-10-16,0.00047000000000000004
2010-10-17,0.00047000000000000004
2010-10-18,0.00091
2010-10-19,0.00715
2010-10-20,0.00793
2010-10-21,0.00521
2010-10-22,0.00049
2010-10-23,0.00049
2010-10-24,0.04523
2010-10-25,0.12932000000000002
2010-10-26,0.00477
2010-10-27,0.02518
2010-10-28,0.00968
2010-10-29,0.00176
2010-10-30,0.01765
2010-10-31,0.00075
2010-11-01,0.0007599999999999999
2010-11-02,0.00187
2010-11-03,0.0007700000000000001
2010-11-04,0.0007700000000000001
2010-11-05,0.009309999999999999
2010-11-06,0.02877
2010-11-07,0.062
2010-11-08,0.00086
2010-11-09,0.00088
2010-11-10,0.0009
2010-11-11,0.0009
2010-11-12,0.02435
2010-11-13,0.04205
2010-11-14,0.10265
2010-11-15,0.06692999999999999
2010-11-16,0.12211
2010-11-17,0.94009
2010-11-18,0.34905
2010-11-19,0.07547999999999999
2010-11-20,0.0544
2010-11-21,0.05799
2010-11-22,0.0561
2010-11-23,0.053689999999999995
2010-11-24,0.05069
2010-11-25,0.0474
2010-11-26,0.044219999999999995
2010-11-27,0.041010000000000005
2010-11-28,0.03925
2010-11-29,0.03866
2010-11-30,0.03435
2010-12-01,0.042589999999999996
2010-12-02,0.07247
2010-12-03,0.1064
2010-12-04,0.09861
2010-12-05,0.18004
2010-12-06,0.46385
2010-12-07,0.18731
2010-12-08,0.16243
2010-12-09,1.0458100000000001
2010-12-10,0.79461
2010-12-11,0.27669
2010-12-12,0.22296999999999997
2010-12-13,0.12743
2010-12-14,0.12462999999999999
2010-12-15,0.12344000000000001
2010-12-16,0.13117
2010-12-17,0.12343
2010-12-18,0.12497
2010-12-19,0.16527
2010-12-20,0.13032
2010-12-21,0.12243
2010-12-22,0.1164
2010-12-23,0.10679000000000001
2010-12-24,0.09786
2010-12-25,0.09036
2010-12-26,0.08254
2010-12-27,0.10619
2010-12-28,0.07756
2010-12-29,0.07456
2010-12-30,0.07172
2010-12-31,0.06978999999999999
2011-01-01,0.06817000000000001
2011-01-02,0.06085
2011-01-03,0.056670000000000005
2011-01-04,0.05289
2011-01-05,0.04941
2011-01-06,0.04618
2011-01-07,0.04423
2011-01-08,0.059410000000000004
2011-01-09,0.04083
2011-01-10,0.03862
2011-01-11,0.03748
2011-01-12,0.036039999999999996
2011-01-13,0.03433
2011-01-14,0.03258
2011-01-15,0.03092
2011-01-16,0.029230000000000003
2011-01-17,0.027719999999999998
2011-01-18,0.02624
2011-01-19,0.02481
2011-01-20,0.0235
2011-01-21,0.02228
2011-01-22,0.02115
2011-01-23,0.02053
2011-01-24,0.02462
2011-01-25,0.042980000000000004
2011-01-26,0.04542
2011-01-27,0.08677
2011-01-28,0.06042
2011-01-29,0.08695
2011-01-30,0.10219
2011-01-31,0.0765
2011-02-01,0.07764
2011-02-02,0.07374
2011-02-03,0.06881
2011-02-04,0.06367
2011-02-05,0.05861
2011-02-06,0.05367
2011-02-07,0.04913
2011-02-08,0.047810000000000005
2011-02-09,0.052329999999999995
2011-02-10,0.05644
2011-02-11,0.03967
2011-02-12,0.039330000000000004
2011-02-13,0.03932
2011-02-14,0.052539999999999996
2011-02-15,0.0596
2011-02-16,0.0722
2011-02-17,0.08445
2011-02-18,0.08582999999999999
2011-02-19,0.07551000000000001
2011-02-20,0.0751
2011-02-21,0.07112
2011-02-22,0.06737
2011-02-23,0.09402999999999999
2011-02-24,0.09332
2011-02-25,0.07322999999999999
2011-02-26,0.08062000000000001
2011-02-27,0.0748
2011-02-28,0.06969
2011-03-01,0.06546
2011-03-02,0.060820000000000006
2011-03-03,0.07288
2011-03-04,0.07662000000000001
2011-03-05,0.07581
2011-03-06,0.06225
2011-03-07,0.06286
2011-03-08,0.06037000000000001
2011-03-09,0.056479999999999995
2011-03-10,0.05384
2011-03-11,0.11288
2011-03-12,0.07606
2011-03-13,0.06892000000000001
2011-03-14,0.06775
2011-03-15,0.06397
2011-03-16,0.06265
2011-03-17,0.12558
2011-03-18,0.12117
2011-03-19,0.09386
2011-03-20,0.0924
2011-03-21,0.08703
2011-03-22,0.08056
2011-03-23,0.07367
2011-03-24,0.06752999999999999
2011-03-25,0.06129
2011-03-26,0.06425
2011-03-27,0.0508
2011-03-28,0.04623
2011-03-29,0.04222
2011-03-30,0.0457
2011-03-31,0.03547
2011-04-01,0.03227
2011-04-02,0.029089999999999998
2011-04-03,0.02621
2011-04-04,0.023780000000000003
2011-04-05,0.02154
2011-04-06,0.01937
2011-04-07,0.01735
2011-04-08,0.01547
2011-04-09,0.022109999999999998
2011-04-10,0.03341
2011-04-11,0.01494
2011-04-12,0.013619999999999998
2011-04-13,0.012819999999999998
2011-04-14,0.011890000000000001
2011-04-15,0.01077
2011-04-16,0.009770000000000001
2011-04-17,0.00877
2011-04-18,0.007690000000000001
2011-04-19,0.00658
2011-04-20,0.021730000000000003
2011-04-21,0.027219999999999998
2011-04-22,0.01771
2011-04-23,0.01816
2011-04-24,0.01992
2011-04-25,0.013730000000000001
2011-04-26,0.0147
2011-04-27,0.01481
2011-04-28,0.01432
2011-04-29,0.01785
2011-04-30,0.01994
2011-05-01,0.01314
2011-05-02,0.01208
2011-05-03,0.010709999999999999
2011-05-04,0.00916
2011-05-05,0.0076
2011-05-06,0.0061600000000000005
2011-05-07,0.0049
2011-05-08,0.0038200000000000005
2011-05-09,0.0029
2011-05-10,0.00218
2011-05-11,0.00175
2011-05-12,0.0015
2011-05-13,0.00133
2011-05-14,0.00125
2011-05-15,0.00122
2011-05-16,0.00121
2011-05-17,0.0012
2011-05-18,0.00119
2011-05-19,0.00118
2011-05-20,0.00117
2011-05-21,0.00117
2011-05-22,0.00116
2011-05-23,0.00114
2011-05-24,0.0011300000000000001
2011-05-25,0.00112
2011-05-26,0.0011099999999999999
2011-05-27,0.0011
2011-05-28,0.00109
2011-05-29,0.00107
2011-05-30,0.00106
2011-05-31,0.00105
2011-06-01,0.0010400000000000001
2011-06-02,0.0010199999999999999
2011-06-03,0.00101
2011-06-04,0.00099
2011-06-05,0.00098
2011-06-06,0.0009599999999999999
2011-06-07,0.00095
2011-06-08,0.00093
2011-06-09,0.0009199999999999999
2011-06-10,0.0009
2011-06-11,0.00088
2011-06-12,0.00086
2011-06-13,0.00084
2011-06-14,0.00082
2011-06-15,0.0008
2011-06-16,0.0007700000000000001
2011-06-17,0.00075
2011-06-18,0.00073
2011-06-19,0.0007099999999999999
2011-06-20,0.0007
2011-06-21,0.0006799999999999999
2011-06-22,0.00066
2011-06-23,0.00065
2011-06-24,0.00064
2011-06-25,0.00062
2011-06-26,0.00061
2011-06-27,0.0006
2011-06-28,0.00058
2011-06-29,0.00057
2011-06-30,0.00056
2011-07-01,0.00055
2011-07-02,0.00054
2011-07-03,0.00053
2011-07-04,0.0005200000000000001
2011-07-05,0.0005200000000000001
2011-07-06,0.0005099999999999999
2011-07-07,0.0005
2011-07-08,0.0005
2011-07-09,0.0005
2011-07-10,0.00049
2011-07-11,0.00049
2011-07-12,0.00049
2011-07-13,0.00049
2011-07-14,0.00047999999999999996
2011-07-15,0.00047999999999999996
2011-07-16,0.00047999999999999996
2011-07-17,0.00047999999999999996
2011-07-18,0.00047999999999999996
2011-07-19,0.00047999999999999996
2011-07-20,0.00047999999999999996
2011-07-21,0.00047999999999999996
2011-07-22,0.00047999999999999996
2011-07-23,0.00047999999999999996
2011-07-24,0.00047999999999999996
2011-07-25,0.00047999999999999996
2011-07-26,0.00047999999999999996
2011-07-27,0.00047999999999999996
2011-07-28,0.00047999999999999996
2011-07-29,0.00047999999999999996
2011-07-30,0.00047999999999999996
2011-07-31,0.00047999999999999996
2011-08-01,0.00047999999999999996
2011-08-02,0.00047999999999999996
2011-08-03,0.00047999999999999996
2011-08-04,0.00047999999999999996
2011-08-05,0.00047999999999999996
2011-08-06,0.00047999999999999996
2011-08-07,0.00047999999999999996
2011-08-08,0.00047999999999999996
2011-08-09,0.00047999999999999996
2011-08-10,0.00047999999999999996
2011-08-11,0.00047999999999999996
2011-08-12,0.00047999999999999996
2011-08-13,0.00047999999999999996
2011-08-14,0.00047999999999999996
2011-08-15,0.00047999999999999996
2011-08-16,0.00047999999999999996
2011-08-17,0.00047999999999999996
2011-08-18,0.00047999999999999996
2011-08-19,0.00047999999999999996
2011-08-20,0.00047999999999999996
2011-08-21,0.00047999999999999996
2011-08-22,0.00047999999999999996
2011-08-23,0.00047999999999999996
2011-08-24,0.0015199999999999999
2011-08-25,0.00047999999999999996
2011-08-26,0.00047999999999999996
2011-08-27,0.00047000000000000004
2011-08-28,0.00047000000000000004
2011-08-29,0.00047000000000000004
2011-08-30,0.00047000000000000004
2011-08-31,0.00047000000000000004
2011-09-01,0.00047000000000000004
2011-09-02,0.00047000000000000004
2011-09-03,0.00047000000000000004
2011-09-04,0.00047000000000000004
2011-09-05,0.00047000000000000004
2011-09-06,0.00047000000000000004
2011-09-07,0.00047000000000000004
2011-09-08,0.00047000000000000004
2011-09-09,0.00047000000000000004
2011-09-10,0.00047000000000000004
2011-09-11,0.00047000000000000004
2011-09-12,0.00047000000000000004
2011-09-13,0.00047000000000000004
2011-09-14,0.00047000000000000004
2011-09-15,0.00047000000000000004
2011-09-16,0.00047000000000000004
2011-09-17,0.00062
2011-09-18,0.00047000000000000004
2011-09-19,0.00047000000000000004
2011-09-20,0.00047000000000000004
2011-09-21,0.00047000000000000004
2011-09-22,0.00047000000000000004
2011-09-23,0.00047000000000000004
2011-09-24,0.00309
2011-09-25,0.03052
2011-09-26,0.11880999999999999
2011-09-27,0.12707000000000002
2011-09-28,0.60312
2011-09-29,0.1364
2011-09-30,0.0008699999999999999
2011-10-01,0.0009
2011-10-02,0.00091
2011-10-03,0.00091
2011-10-04,0.00091
2011-10-05,0.013969999999999998
2011-10-06,0.014130000000000002
2011-10-07,0.0009199999999999999
2011-10-08,0.00119
2011-10-09,0.00093
2011-10-10,0.00093
2011-10-11,0.00093
2011-10-12,0.0009199999999999999
2011-10-13,0.0009199999999999999
2011-10-14,0.0009199999999999999
2011-10-15,0.00091
2011-10-16,0.0009
2011-10-17,0.0009
2011-10-18,0.0008900000000000001
2011-10-19,0.0008900000000000001
2011-10-20,0.00088
2011-10-21,0.00247
2011-10-22,0.01316
2011-10-23,0.00088
2011-10-24,0.00343
2011-10-25,0.0008699999999999999
2011-10-26,0.0008699999999999999
2011-10-27,0.0008699999999999999
2011-10-28,0.0008699999999999999
2011-10-29,0.0008699999999999999
2011-10-30,0.00086
2011-10-31,0.00086
2011-11-01,0.00086
2011-11-02,0.00086
2011-11-03,0.00086
2011-11-04,0.00085
2011-11-05,0.00085
2011-11-06,0.00085
2011-11-07,0.00085
2011-11-08,0.00085
2011-11-09,0.00084
2011-11-10,0.00084
2011-11-11,0.00084
2011-11-12,0.0008300000000000001
2011-11-13,0.0008300000000000001
2011-11-14,0.00082
2011-11-15,0.00082
2011-11-16,0.00082
2011-11-17,0.00082
2011-11-18,0.00082
2011-11-19,0.00082
2011-11-20,0.00082
2011-11-21,0.00081
2011-11-22,0.00081
2011-11-23,0.00081
2011-11-24,0.00081
2011-11-25,0.00081
2011-11-26,0.00081
2011-11-27,0.00081
2011-11-28,0.00081
2011-11-29,0.00081
2011-11-30,0.00081
2011-12-01,0.00081
2011-12-02,0.0008
2011-12-03,0.0008
2011-12-04,0.0008
2011-12-05,0.0008
2011-12-06,0.0008
2011-12-07,0.0008
2011-12-08,0.0008
2011-12-09,0.0008
2011-12-10,0.0008
2011-12-11,0.00079
2011-12-12,0.00079
2011-12-13,0.00079
2011-12-14,0.00079
2011-12-15,0.00079
2011-12-16,0.00078
2011-12-17,0.01151
2011-12-18,0.06309
2011-12-19,0.22269
2011-12-20,0.12713
2011-12-21,0.12095999999999998
2011-12-22,0.021230000000000002
2011-12-23,0.014669999999999999
2011-12-24,0.00162
2011-12-25,0.0019
2011-12-26,0.0021100000000000003
2011-12-27,0.00235
2011-12-28,0.00234
2011-12-29,0.01054
2011-12-30,0.04054
2011-12-31,0.00385
2012-01-01,0.00519
2012-01-02,0.00591
2012-01-03,0.00625
2012-01-04,0.00643
2012-01-05,0.00717
2012-01-06,0.00648
2012-01-07,0.00688
2012-01-08,0.00645
2012-01-09,0.03718
2012-01-10,0.13192
2012-01-11,0.41171
2012-01-12,0.37199
2012-01-13,0.15849000000000002
2012-01-14,0.11284000000000001
2012-01-15,0.13965
2012-01-16,0.11233
2012-01-17,0.11185
2012-01-18,0.12122000000000001
2012-01-19,0.09892999999999999
2012-01-20,0.09333999999999999
2012-01-21,0.08682999999999999
2012-01-22,0.08007
2012-01-23,0.07331
2012-01-24,0.06677999999999999
2012-01-25,0.060579999999999995
2012-01-26,0.05496
2012-01-27,0.0502
2012-01-28,0.045939999999999995
2012-01-29,0.04208
2012-01-30,0.03863
2012-01-31,0.03547
2012-02-01,0.03265
2012-02-02,0.03335
2012-02-03,0.02781
2012-02-04,0.02584
2012-02-05,0.024059999999999998
2012-02-06,0.02251
2012-02-07,0.0212
2012-02-08,0.0203
2012-02-09,0.02036
2012-02-10,0.02291
2012-02-11,0.04373
2012-02-12,0.06783
2012-02-13,0.25558000000000003
2012-02-14,0.09822
2012-02-15,0.09426
2012-02-16,0.1181
2012-02-17,0.15614
2012-02-18,0.16626
2012-02-19,0.18798
2012-02-20,0.17600000000000002
2012-02-21,0.13271
2012-02-22,0.1253
2012-02-23,0.16817000000000001
2012-02-24,0.20177
2012-02-25,0.16145
2012-02-26,0.12764
2012-02-27,0.13135
2012-02-28,0.12375
2012-02-29,0.12228
2012-03-01,0.11863
2012-03-02,0.11080999999999999
2012-03-03,0.1008
2012-03-04,0.09078
2012-03-05,0.08172
2012-03-06,0.07372000000000001
2012-03-07,0.07682
2012-03-08,0.07302
2012-03-09,0.057929999999999995
2012-03-10,0.05421
2012-03-11,0.050460000000000005
2012-03-12,0.04662
2012-03-13,0.04307
2012-03-14,0.04
2012-03-15,0.03692
2012-03-16,0.033889999999999997
2012-03-17,0.03105
2012-03-18,0.028260000000000004
2012-03-19,0.025490000000000002
2012-03-20,0.02284
2012-03-21,0.02046
2012-03-22,0.01842
2012-03-23,0.01878
2012-03-24,0.01519
2012-03-25,0.01377
2012-03-26,0.01242
2012-03-27,0.01119
2012-03-28,0.01054
2012-03-29,0.00967
2012-03-30,0.00905
2012-03-31,0.008320000000000001
2012-04-01,0.007490000000000001
2012-04-02,0.0067
2012-04-03,0.00659
2012-04-04,0.00547
2012-04-05,0.00469
2012-04-06,0.0039700000000000004
2012-04-07,0.00337
2012-04-08,0.0028899999999999998
2012-04-09,0.00307
2012-04-10,0.00216
2012-04-11,0.0019
2012-04-12,0.00238
2012-04-13,0.00168
2012-04-14,0.00155
2012-04-15,0.0034100000000000003
2012-04-16,0.01535
2012-04-17,0.00195
2012-04-18,0.00183
2012-04-19,0.0013
2012-04-20,0.00125
2012-04-21,0.00122
2012-04-22,0.00121
2012-04-23,0.0012
2012-04-24,0.00119
2012-04-25,0.00118
2012-04-26,0.00117
2012-04-27,0.00116
2012-04-28,0.00116
2012-04-29,0.00115
2012-04-30,0.00114
2012-05-01,0.0011300000000000001
2012-05-02,0.0011099999999999999
2012-05-03,0.0011
2012-05-04,0.00109
2012-05-05,0.018019999999999998
2012-05-06,0.035539999999999995
2012-05-07,0.00788
2012-05-08,0.0011
2012-05-09,0.0011
2012-05-10,0.0011
2012-05-11,0.00109
2012-05-12,0.00109
2012-05-13,0.00107
2012-05-14,0.00106
2012-05-15,0.00105
2012-05-16,0.0010400000000000001
2012-05-17,0.0010199999999999999
2012-05-18,0.00101
2012-05-19,0.001
2012-05-20,0.00099
2012-05-21,0.00627
2012-05-22,0.00262
2012-05-23,0.00321
2012-05-24,0.0009699999999999999
2012-05-25,0.0009699999999999999
2012-05-26,0.00095
2012-05-27,0.0009400000000000001
2012-05-28,0.00093
2012-05-29,0.0009199999999999999
2012-05-30,0.0009
2012-05-31,0.0008900000000000001
2012-06-01,0.0008699999999999999
2012-06-02,0.00086
2012-06-03,0.00084
2012-06-04,0.0008300000000000001
2012-06-05,0.00081
2012-06-06,0.0059700000000000005
2012-06-07,0.00079
2012-06-08,0.00078
2012-06-09,0.0017800000000000001
2012-06-10,0.0007599999999999999
2012-06-11,0.00075
2012-06-12,0.00074
2012-06-13,0.00073
2012-06-14,0.00072
2012-06-15,0.0007099999999999999
2012-06-16,0.0007
2012-06-17,0.0006799999999999999
2012-06-18,0.00067
2012-06-19,0.00065
2012-06-20,0.00064
2012-06-21,0.00062
2012-06-22,0.00061
2012-06-23,0.0006
2012-06-24,0.00059
2012-06-25,0.00058
2012-06-26,0.00057
2012-06-27,0.00056
2012-06-28,0.00165
2012-06-29,0.00054
2012-06-30,0.00054
2012-07-01,0.00053
2012-07-02,0.0005200000000000001
2012-07-03,0.0005099999999999999
2012-07-04,0.0005099999999999999
2012-07-05,0.0005
2012-07-06,0.0005
2012-07-07,0.00049
2012-07-08,0.00049
2012-07-09,0.00049
2012-07-10,0.00049
2012-07-11,0.00049
2012-07-12,0.00047999999999999996
2012-07-13,0.00047999999999999996
2012-07-14,0.00047999999999999996
2012-07-15,0.00047999999999999996
2012-07-16,0.00047999999999999996
2012-07-17,0.00047999999999999996
2012-07-18,0.00047999999999999996
2012-07-19,0.00047999999999999996
2012-07-20,0.00047999999999999996
2012-07-21,0.00047999999999999996
2012-07-22,0.00047999999999999996
2012-07-23,0.00047999999999999996
2012-07-24,0.00047999999999999996
2012-07-25,0.00047999999999999996
2012-07-26,0.00079
2012-07-27,0.00047999999999999996
2012-07-28,0.00047999999999999996
2012-07-29,0.00047999999999999996
2012-07-30,0.00047999999999999996
2012-07-31,0.00047999999999999996
2012-08-01,0.00047999999999999996
2012-08-02,0.00047999999999999996
2012-08-03,0.00047999999999999996
2012-08-04,0.00047999999999999996
2012-08-05,0.00047999999999999996
2012-08-06,0.00047999999999999996
2012-08-07,0.00047999999999999996
2012-08-08,0.00047999999999999996
2012-08-09,0.00047999999999999996
2012-08-10,0.00047999999999999996
2012-08-11,0.00047999999999999996
2012-08-12,0.00047999999999999996
2012-08-13,0.00047999999999999996
2012-08-14,0.00047999999999999996
2012-08-15,0.00047999999999999996
2012-08-16,0.00047999999999999996
2012-08-17,0.00047999999999999996
2012-08-18,0.00047999999999999996
2012-08-19,0.00047999999999999996
2012-08-20,0.00047999999999999996
2012-08-21,0.00047999999999999996
2012-08-22,0.00047999999999999996
2012-08-23,0.00047999999999999996
2012-08-24,0.00047999999999999996
2012-08-25,0.00047000000000000004
2012-08-26,0.00047000000000000004
2012-08-27,0.00047000000000000004
2012-08-28,0.00047000000000000004
2012-08-29,0.00047000000000000004
2012-08-30,0.00047000000000000004
2012-08-31,0.00758
2012-09-01,0.038810000000000004
2012-09-02,0.016309999999999998
2012-09-03,0.00047999999999999996
2012-09-04,0.00049
2012-09-05,0.00049
2012-09-06,0.00049
2012-09-07,0.00049
2012-09-08,0.00049
2012-09-09,0.00049
2012-09-10,0.00049
2012-09-11,0.00049
2012-09-12,0.00049
2012-09-13,0.00049
2012-09-14,0.00049
2012-09-15,0.00049
2012-09-16,0.00049
2012-09-17,0.00049
2012-09-18,0.00049
2012-09-19,0.00049
2012-09-20,0.00047999999999999996
2012-09-21,0.00047999999999999996
2012-09-22,0.00047999999999999996
2012-09-23,0.00047999999999999996
2012-09-24,0.00047999999999999996
2012-09-25,0.00047999999999999996
2012-09-26,0.00047999999999999996
2012-09-27,0.00047999999999999996
2012-09-28,0.00047999999999999996
2012-09-29,0.00047999999999999996
2012-09-30,0.00047999999999999996
2012-10-01,0.00047999999999999996
2012-10-02,0.00047999999999999996
2012-10-03,0.00047999999999999996
2012-10-04,0.00047999999999999996
2012-10-05,0.00047999999999999996
2012-10-06,0.00047999999999999996
2012-10-07,0.00047999999999999996
2012-10-08,0.00047999999999999996
2012-10-09,0.00047999999999999996
2012-10-10,0.00047999999999999996
2012-10-11,0.00047999999999999996
2012-10-12,0.00047999999999999996
2012-10-13,0.00047999999999999996
2012-10-14,0.00047999999999999996
2012-10-15,0.00047999999999999996
2012-10-16,0.00047999999999999996
2012-10-17,0.00183
2012-10-18,0.00285
2012-10-19,0.00047999999999999996
2012-10-20,0.00047999999999999996
2012-10-21,0.00047999999999999996
2012-10-22,0.00047999999999999996
2012-10-23,0.00047999999999999996
2012-10-24,0.00047999999999999996
2012-10-25,0.00047999999999999996
2012-10-26,0.00047999999999999996
2012-10-27,0.00047999999999999996
2012-10-28,0.00047999999999999996
2012-10-29,0.00047999999999999996
2012-10-30,0.00047999999999999996
2012-10-31,0.00047999999999999996
2012-11-01,0.00047999999999999996
2012-11-02,0.00047999999999999996
2012-11-03,0.00159
2012-11-04,0.001
2012-11-05,0.00047999999999999996
2012-11-06,0.00047999999999999996
2012-11-07,0.00047999999999999996
2012-11-08,0.00047000000000000004
2012-11-09,0.00047000000000000004
2012-11-10,0.01915
2012-11-11,0.0169
2012-11-12,0.0011300000000000001
2012-11-13,0.0010400000000000001
2012-11-14,0.019819999999999997
2012-11-15,0.0587
2012-11-16,0.20467
2012-11-17,0.053610000000000005
2012-11-18,0.0007099999999999999
2012-11-19,0.00074
2012-11-20,0.00075
2012-11-21,0.0007599999999999999
2012-11-22,0.0007599999999999999
2012-11-23,0.0007599999999999999
2012-11-24,0.0007599999999999999
2012-11-25,0.0007599999999999999
2012-11-26,0.0007599999999999999
2012-11-27,0.0007599999999999999
2012-11-28,0.0007599999999999999
2012-11-29,0.0007599999999999999
2012-11-30,0.00088
2012-12-01,0.00336
2012-12-02,0.00483
2012-12-03,0.01068
2012-12-04,0.02113
2012-12-05,0.00352
2012-12-06,0.00079
2012-12-07,0.0197
2012-12-08,0.007359999999999999
2012-12-09,0.00093
2012-12-10,0.0008300000000000001
2012-12-11,0.0021
2012-12-12,0.00103
2012-12-13,0.00085
2012-12-14,0.00085
2012-12-15,0.00086
2012-12-16,0.00086
2012-12-17,0.00086
2012-12-18,0.00255
2012-12-19,0.040780000000000004
2012-12-20,0.14110999999999999
2012-12-21,0.17007
2012-12-22,0.04028
2012-12-23,0.0018
2012-12-24,0.00118
2012-12-25,0.00164
2012-12-26,0.0015199999999999999
2012-12-27,0.03515
2012-12-28,0.42352
2012-12-29,0.97967
2012-12-30,0.22449000000000002
2012-12-31,0.08725
2013-01-01,0.08255
2013-01-02,0.08041
2013-01-03,0.07555
2013-01-04,0.06982999999999999
2013-01-05,0.06426
2013-01-06,0.05936
2013-01-07,0.05492999999999999
2013-01-08,0.050839999999999996
2013-01-09,0.04705
2013-01-10,0.043660000000000004
2013-01-11,0.04054
2013-01-12,0.03775
2013-01-13,0.03524
2013-01-14,0.0372
2013-01-15,0.11955999999999999
2013-01-16,0.37971
2013-01-17,0.80013
2013-01-18,0.29048
2013-01-19,0.12549000000000002
2013-01-20,0.12478
2013-01-21,0.27091
2013-01-22,1.53549
2013-01-23,0.9253399999999999
2013-01-24,0.13805
2013-01-25,0.12483
2013-01-26,0.12347000000000001
2013-01-27,0.12380999999999999
2013-01-28,0.12349
2013-01-29,0.12257
2013-01-30,0.11642000000000001
2013-01-31,0.10737999999999999
2013-02-01,0.10173
2013-02-02,0.09573
2013-02-03,0.09331
2013-02-04,0.09001
2013-02-05,0.0892
2013-02-06,0.08065
2013-02-07,0.09144
2013-02-08,0.11950999999999999
2013-02-09,0.13829
2013-02-10,0.12895
2013-02-11,0.1235
2013-02-12,0.11692000000000001
2013-02-13,0.1191
2013-02-14,0.11606
2013-02-15,0.10994000000000001
2013-02-16,0.10048
2013-02-17,0.1054
2013-02-18,0.1456
2013-02-19,0.12489000000000001
2013-02-20,0.11957000000000001
2013-02-21,0.12627
2013-02-22,0.12218
2013-02-23,0.10928
2013-02-24,0.10991
2013-02-25,0.10101
2013-02-26,0.09299
2013-02-27,0.08835
2013-02-28,0.0805
2013-03-01,0.07424
2013-03-02,0.06806
2013-03-03,0.06212
2013-03-04,0.05655
2013-03-05,0.05156
2013-03-06,0.046919999999999996
2013-03-07,0.04258
2013-03-08,0.03865
2013-03-09,0.035039999999999995
2013-03-10,0.03182
2013-03-11,0.039580000000000004
2013-03-12,0.04601
2013-03-13,0.04116
2013-03-14,0.029230000000000003
2013-03-15,0.03221
2013-03-16,0.030889999999999997
2013-03-17,0.030260000000000002
2013-03-18,0.02965
2013-03-19,0.02805
2013-03-20,0.027710000000000002
2013-03-21,0.02544
2013-03-22,0.02427
2013-03-23,0.022609999999999998
2013-03-24,0.02545
2013-03-25,0.036969999999999996
2013-03-26,0.02781
2013-03-27,0.02128
2013-03-28,0.021480000000000003
2013-03-29,0.02114
2013-03-30,0.02052
2013-03-31,0.01957
2013-04-01,0.01842
2013-04-02,0.0172
2013-04-03,0.01624
2013-04-04,0.015359999999999999
2013-04-05,0.01455
2013-04-06,0.013340000000000001
2013-04-07,0.01236
2013-04-08,0.01119
2013-04-09,0.00988
2013-04-10,0.00859
2013-04-11,0.00744
2013-04-12,0.02383
2013-04-13,0.00613
2013-04-14,0.0093
2013-04-15,0.00586
2013-04-16,0.0055
2013-04-17,0.00692
2013-04-18,0.00462
2013-04-19,0.00412
2013-04-20,0.00361
2013-04-21,0.00305
2013-04-22,0.00259
2013-04-23,0.00231
2013-04-24,0.00201
2013-04-25,0.0017
2013-04-26,0.00146
2013-04-27,0.00132
2013-04-28,0.00125
2013-04-29,0.00124
2013-04-30,0.00461
2013-05-01,0.0030800000000000003
2013-05-02,0.00217
2013-05-03,0.0016600000000000002
2013-05-04,0.00242
2013-05-05,0.00122
2013-05-06,0.00121
2013-05-07,0.0012
2013-05-08,0.00122
2013-05-09,0.00119
2013-05-10,0.00118
2013-05-11,0.00117
2013-05-12,0.013909999999999999
2013-05-13,0.00115
2013-05-14,0.00114
2013-05-15,0.0011300000000000001
2013-05-16,0.00112
2013-05-17,0.0011
2013-05-18,0.00109
2013-05-19,0.00107
2013-05-20,0.00106
2013-05-21,0.0010400000000000001
2013-05-22,0.00103
2013-05-23,0.0010199999999999999
2013-05-24,0.00101
2013-05-25,0.001
2013-05-26,0.00099
2013-05-27,0.00099
2013-05-28,0.01647
2013-05-29,0.0009699999999999999
2013-05-30,0.0009699999999999999
2013-05-31,0.0009599999999999999
2013-06-01,0.00095
2013-06-02,0.00093
2013-06-03,0.0009199999999999999
2013-06-04,0.0009
2013-06-05,0.00088
2013-06-06,0.00086
2013-06-07,0.00084
2013-06-08,0.00082
2013-06-09,0.0008
2013-06-10,0.00078
2013-06-11,0.0007700000000000001
2013-06-12,0.00075
2013-06-13,0.00073
2013-06-14,0.00072
2013-06-15,0.0007
2013-06-16,0.0006900000000000001
2013-06-17,0.00067
2013-06-18,0.00066
2013-06-19,0.00064
2013-06-20,0.00063
2013-06-21,0.00062
2013-06-22,0.0006
2013-06-23,0.00059
2013-06-24,0.00058
2013-06-25,0.00057
2013-06-26,0.00056
2013-06-27,0.0035700000000000003
2013-06-28,0.00185
2013-06-29,0.00054
2013-06-30,0.00053
2013-07-01,0.00053
2013-07-02,0.0005200000000000001
2013-07-03,0.0005099999999999999
2013-07-04,0.0005099999999999999
2013-07-05,0.0005
2013-07-06,0.0005
2013-07-07,0.0005
2013-07-08,0.00049
2013-07-09,0.00049
2013-07-10,0.00049
2013-07-11,0.00049
2013-07-12,0.00047999999999999996
2013-07-13,0.00047999999999999996
2013-07-14,0.00047999999999999996
2013-07-15,0.00047999999999999996
2013-07-16,0.00047999999999999996
2013-07-17,0.00047999999999999996
2013-07-18,0.00047999999999999996
2013-07-19,0.00047999999999999996
2013-07-20,0.00047999999999999996
2013-07-21,0.00047999999999999996
2013-07-22,0.00047999999999999996
2013-07-23,0.00047999999999999996
2013-07-24,0.00047999999999999996
2013-07-25,0.00047999999999999996
2013-07-26,0.00047999999999999996
2013-07-27,0.00047999999999999996
2013-07-28,0.00047999999999999996
2013-07-29,0.00047999999999999996
2013-07-30,0.00047999999999999996
2013-07-31,0.00047999999999999996
2013-08-01,0.00047999999999999996
2013-08-02,0.00047999999999999996
2013-08-03,0.00047999999999999996
2013-08-04,0.00047999999999999996
2013-08-05,0.00047999999999999996
2013-08-06,0.00047999999999999996
2013-08-07,0.00047999999999999996
2013-08-08,0.00047999999999999996
2013-08-09,0.00047999999999999996
2013-08-10,0.00047999999999999996
2013-08-11,0.00047999999999999996
2013-08-12,0.00047999999999999996
2013-08-13,0.00047999999999999996
2013-08-14,0.00047999999999999996
2013-08-15,0.00047999999999999996
2013-08-16,0.00047999999999999996
2013-08-17,0.00047999999999999996
2013-08-18,0.00047999999999999996
2013-08-19,0.00047999999999999996
2013-08-20,0.0017
2013-08-21,0.00047999999999999996
2013-08-22,0.00047999999999999996
2013-08-23,0.00047999999999999996
2013-08-24,0.00047999999999999996
2013-08-25,0.00047000000000000004
2013-08-26,0.00047000000000000004
2013-08-27,0.00047000000000000004
2013-08-28,0.00047000000000000004
2013-08-29,0.00047000000000000004
2013-08-30,0.00047000000000000004
2013-08-31,0.00047000000000000004
2013-09-01,0.00047000000000000004
2013-09-02,0.00047000000000000004
2013-09-03,0.00047000000000000004
2013-09-04,0.00047000000000000004
2013-09-05,0.00047000000000000004
2013-09-06,0.00047000000000000004
2013-09-07,0.00047000000000000004
2013-09-08,0.00047000000000000004
2013-09-09,0.00047000000000000004
2013-09-10,0.00047000000000000004
2013-09-11,0.00047000000000000004
2013-09-12,0.00047000000000000004
2013-09-13,0.00047000000000000004
2013-09-14,0.0019100000000000002
2013-09-15,0.00073
2013-09-16,0.0006900000000000001
2013-09-17,0.00468
2013-09-18,0.00182
2013-09-19,0.00079
2013-09-20,0.00047000000000000004
2013-09-21,0.00064
2013-09-22,0.00047000000000000004
2013-09-23,0.00047000000000000004
2013-09-24,0.00047000000000000004
2013-09-25,0.00047000000000000004
2013-09-26,0.00047000000000000004
2013-09-27,0.00047000000000000004
2013-09-28,0.00047000000000000004
2013-09-29,0.00047000000000000004
2013-09-30,0.00047000000000000004
2013-10-01,0.00047000000000000004
2013-10-02,0.00047000000000000004
2013-10-03,0.00047000000000000004
2013-10-04,0.00047000000000000004
2013-10-05,0.00047000000000000004
2013-10-06,0.00047000000000000004
2013-10-07,0.00047000000000000004
2013-10-08,0.00047000000000000004
2013-10-09,0.00047000000000000004
2013-10-10,0.00047000000000000004
2013-10-11,0.00047000000000000004
2013-10-12,0.00047000000000000004
2013-10-13,0.00047000000000000004
2013-10-14,0.00047000000000000004
2013-10-15,0.00047000000000000004
2013-10-16,0.00047000000000000004
2013-10-17,0.00047000000000000004
2013-10-18,0.00047000000000000004
2013-10-19,0.00047000000000000004
2013-10-20,0.00047000000000000004
2013-10-21,0.00047000000000000004
2013-10-22,0.00047000000000000004
2013-10-23,0.00047000000000000004
2013-10-24,0.00047000000000000004
2013-10-25,0.00047000000000000004
2013-10-26,0.00047000000000000004
2013-10-27,0.0007099999999999999
2013-10-28,0.00047000000000000004
2013-10-29,0.00047000000000000004
2013-10-30,0.00047000000000000004
2013-10-31,0.00047000000000000004
2013-11-01,0.00047000000000000004
2013-11-02,0.00047000000000000004
2013-11-03,0.00047000000000000004
2013-11-04,0.00047000000000000004
2013-11-05,0.00047000000000000004
2013-11-06,0.00047000000000000004
2013-11-07,0.00161
2013-11-08,0.00047000000000000004
2013-11-09,0.00047000000000000004
2013-11-10,0.00047000000000000004
2013-11-11,0.00047000000000000004
2013-11-12,0.00047000000000000004
2013-11-13,0.00047000000000000004
2013-11-14,0.00047000000000000004
2013-11-15,0.00047000000000000004
2013-11-16,0.00047000000000000004
2013-11-17,0.00047000000000000004
2013-11-18,0.00047000000000000004
2013-11-19,0.00047000000000000004
2013-11-20,0.00047000000000000004
2013-11-21,0.00047000000000000004
2013-11-22,0.00047000000000000004
2013-11-23,0.00045999999999999996
2013-11-24,0.00045999999999999996
2013-11-25,0.00045999999999999996
2013-11-26,0.00045999999999999996
2013-11-27,0.0060799999999999995
2013-11-28,0.01108
2013-11-29,0.0051600000000000005
2013-11-30,0.00417
2013-12-01,0.01702
2013-12-02,0.036789999999999996
2013-12-03,0.07421
2013-12-04,0.02562
2013-12-05,0.0587
2013-12-06,0.020390000000000002
2013-12-07,0.00108
2013-12-08,0.00121
2013-12-09,0.0018800000000000002
2013-12-10,0.00297
2013-12-11,0.00074
2013-12-12,0.00074
2013-12-13,0.00075
2013-12-14,0.00075
2013-12-15,0.00075
2013-12-16,0.00716
2013-12-17,0.00075
2013-12-18,0.00075
2013-12-19,0.00158
2013-12-20,0.00075
2013-12-21,0.0007599999999999999
2013-12-22,0.00075
2013-12-23,0.00075
2013-12-24,0.0015400000000000001
2013-12-25,0.00519
2013-12-26,0.02226
2013-12-27,0.01849
2013-12-28,0.00078
2013-12-29,0.00079
2013-12-30,0.0008
2013-12-31,0.00081
2014-01-01,0.00081
2014-01-02,0.00081
2014-01-03,0.00235
2014-01-04,0.05339
2014-01-05,0.05042
2014-01-06,0.05612999999999999
2014-01-07,0.12192
2014-01-08,0.02992
2014-01-09,0.01429
2014-01-10,0.03063
2014-01-11,0.00757
2014-01-12,0.03821
2014-01-13,0.11915
2014-01-14,0.29611
2014-01-15,0.37088000000000004
2014-01-16,0.08327999999999999
2014-01-17,0.08719
2014-01-18,0.09212000000000001
2014-01-19,0.08425
2014-01-20,0.07833999999999999
2014-01-21,0.07744
2014-01-22,0.09268
2014-01-23,0.0691
2014-01-24,0.09399
2014-01-25,0.11889000000000001
2014-01-26,0.08616
2014-01-27,0.09618
2014-01-28,0.11093
2014-01-29,0.1526
2014-01-30,0.12659
2014-01-31,0.11665
2014-02-01,0.11148
2014-02-02,0.10379000000000001
2014-02-03,0.0943
2014-02-04,0.08795
2014-02-05,0.08578999999999999
2014-02-06,0.13898
2014-02-07,0.29591
2014-02-08,0.1657
2014-02-09,0.17915
2014-02-10,0.9259
2014-02-11,0.74437
2014-02-12,0.30167
2014-02-13,0.14177
2014-02-14,0.13033
2014-02-15,0.12423
2014-02-16,0.12369000000000001
2014-02-17,0.12420999999999999
2014-02-18,0.12805
2014-02-19,0.13544
2014-02-20,0.11963
2014-02-21,0.10705
2014-02-22,0.09901
2014-02-23,0.09008
2014-02-24,0.08118
2014-02-25,0.07317
2014-02-26,0.06832
2014-02-27,0.08087000000000001
2014-02-28,0.06075
2014-03-01,0.05596
2014-03-02,0.05284
2014-03-03,0.04892
2014-03-04,0.04476
2014-03-05,0.040639999999999996
2014-03-06,0.03673
2014-03-07,0.03318
2014-03-08,0.03015
2014-03-09,0.02756
2014-03-10,0.02522
2014-03-11,0.0231
2014-03-12,0.023819999999999997
2014-03-13,0.031239999999999997
2014-03-14,0.01896
2014-03-15,0.01779
2014-03-16,0.01687
2014-03-17,0.01571
2014-03-18,0.014719999999999999
2014-03-19,0.013919999999999998
2014-03-20,0.012969999999999999
2014-03-21,0.01201
2014-03-22,0.01695
2014-03-23,0.02093
2014-03-24,0.01087
2014-03-25,0.024030000000000003
2014-03-26,0.01888
2014-03-27,0.02685
2014-03-28,0.0147
2014-03-29,0.0478
2014-03-30,0.07866000000000001
2014-03-31,0.10372
2014-04-01,0.05712999999999999
2014-04-02,0.07299
2014-04-03,0.08088
2014-04-04,0.06468
2014-04-05,0.0648
2014-04-06,0.0797
2014-04-07,0.12175
2014-04-08,0.10837999999999999
2014-04-09,0.0901
2014-04-10,0.08734
2014-04-11,0.08038
2014-04-12,0.07224
2014-04-13,0.06411
2014-04-14,0.05621
2014-04-15,0.04923
2014-04-16,0.04349
2014-04-17,0.038439999999999995
2014-04-18,0.03815
2014-04-19,0.03656
2014-04-20,0.04181
2014-04-21,0.0508
2014-04-22,0.054229999999999993
2014-04-23,0.04887
2014-04-24,0.04257
2014-04-25,0.05056
2014-04-26,0.04275
2014-04-27,0.04049
2014-04-28,0.03744
2014-04-29,0.03436
2014-04-30,0.03152
2014-05-01,0.02897
2014-05-02,0.026639999999999997
2014-05-03,0.04688
2014-05-04,0.03544
2014-05-05,0.03274
2014-05-06,0.02833
2014-05-07,0.02858
2014-05-08,0.03151
2014-05-09,0.02624
2014-05-10,0.02481
2014-05-11,0.022369999999999998
2014-05-12,0.02017
2014-05-13,0.01835
2014-05-14,0.01617
2014-05-15,0.013869999999999999
2014-05-16,0.01201
2014-05-17,0.010320000000000001
2014-05-18,0.00845
2014-05-19,0.00655
2014-05-20,0.0048200000000000005
2014-05-21,0.0035399999999999997
2014-05-22,0.00266
2014-05-23,0.002
2014-05-24,0.00156
2014-05-25,0.00132
2014-05-26,0.00123
2014-05-27,0.00121
2014-05-28,0.00119
2014-05-29,0.00118
2014-05-30,0.00116
2014-05-31,0.00115
2014-06-01,0.00114
2014-06-02,0.00112
2014-06-03,0.0011099999999999999
2014-06-04,0.0011
2014-06-05,0.00108
2014-06-06,0.00107
2014-06-07,0.00105
2014-06-08,0.00103
2014-06-09,0.0010199999999999999
2014-06-10,0.001
2014-06-11,0.00099
2014-06-12,0.0009699999999999999
2014-06-13,0.00095
2014-06-14,0.00093
2014-06-15,0.0009199999999999999
2014-06-16,0.0009
2014-06-17,0.00088
2014-06-18,0.00086
2014-06-19,0.00084
2014-06-20,0.0008300000000000001
2014-06-21,0.00081
2014-06-22,0.00079
2014-06-23,0.0007700000000000001
2014-06-24,0.0007599999999999999
2014-06-25,0.00074
2014-06-26,0.00073
2014-06-27,0.00072
2014-06-28,0.0007099999999999999
2014-06-29,0.0006900000000000001
2014-06-30,0.0006799999999999999
2014-07-01,0.00067
2014-07-02,0.00066
2014-07-03,0.00064
2014-07-04,0.00063
2014-07-05,0.00062
2014-07-06,0.0006
2014-07-07,0.00059
2014-07-08,0.00058
2014-07-09,0.00057
2014-07-10,0.00056
2014-07-11,0.00055
2014-07-12,0.00054
2014-07-13,0.00053
2014-07-14,0.00053
2014-07-15,0.0005200000000000001
2014-07-16,0.0005099999999999999
2014-07-17,0.0005099999999999999
2014-07-18,0.0005
2014-07-19,0.0005
2014-07-20,0.0005
2014-07-21,0.00049
2014-07-22,0.00049
2014-07-23,0.00049
2014-07-24,0.00049
2014-07-25,0.00047999999999999996
2014-07-26,0.00047999999999999996
2014-07-27,0.00047999999999999996
2014-07-28,0.00047999999999999996
2014-07-29,0.00047999999999999996
2014-07-30,0.00047999999999999996
2014-07-31,0.00047999999999999996
2014-08-01,0.00047999999999999996
2014-08-02,0.00047999999999999996
2014-08-03,0.00047999999999999996
2014-08-04,0.00047999999999999996
2014-08-05,0.00047999999999999996
2014-08-06,0.00047999999999999996
2014-08-07,0.00047999999999999996
2014-08-08,0.00047999999999999996
2014-08-09,0.00047999999999999996
2014-08-10,0.00047999999999999996
2014-08-11,0.00047999999999999996
2014-08-12,0.00047999999999999996
2014-08-13,0.00047999999999999996
2014-08-14,0.00047999999999999996
2014-08-15,0.00047999999999999996
2014-08-16,0.00047999999999999996
2014-08-17,0.00047999999999999996
2014-08-18,0.00047999999999999996
2014-08-19,0.00047999999999999996
2014-08-20,0.00047999999999999996
2014-08-21,0.00047999999999999996
2014-08-22,0.00047999999999999996
2014-08-23,0.00047999999999999996
2014-08-24,0.00047999999999999996
2014-08-25,0.00047999999999999996
2014-08-26,0.00047999999999999996
2014-08-27,0.00047999999999999996
2014-08-28,0.00047999999999999996
2014-08-29,0.00047999999999999996
2014-08-30,0.00047999999999999996
2014-08-31,0.00047999999999999996
2014-09-01,0.00047999999999999996
2014-09-02,0.00047999999999999996
2014-09-03,0.00047999999999999996
2014-09-04,0.00047999999999999996
2014-09-05,0.00047999999999999996
2014-09-06,0.00047999999999999996
2014-09-07,0.00047000000000000004
2014-09-08,0.00047000000000000004
2014-09-09,0.00047000000000000004
2014-09-10,0.00047000000000000004
2014-09-11,0.00047000000000000004
2014-09-12,0.00047000000000000004
2014-09-13,0.00047000000000000004
2014-09-14,0.00047000000000000004
2014-09-15,0.00047000000000000004
2014-09-16,0.00047000000000000004
2014-09-17,0.00047000000000000004
2014-09-18,0.00047000000000000004
2014-09-19,0.00047000000000000004
2014-09-20,0.00047000000000000004
2014-09-21,0.00047000000000000004
2014-09-22,0.00047000000000000004
2014-09-23,0.00047000000000000004
2014-09-24,0.00047000000000000004
2014-09-25,0.0017399999999999998
2014-09-26,0.00047000000000000004
2014-09-27,0.00047000000000000004
2014-09-28,0.00047000000000000004
2014-09-29,0.00047000000000000004
2014-09-30,0.00148
2014-10-01,0.00057
2014-10-02,0.00047000000000000004
2014-10-03,0.00047000000000000004
2014-10-04,0.00047000000000000004
2014-10-05,0.00047000000000000004
2014-10-06,0.00047000000000000004
2014-10-07,0.00047000000000000004
2014-10-08,0.00047000000000000004
2014-10-09,0.00047000000000000004
2014-10-10,0.00047000000000000004
2014-10-11,0.00047000000000000004
2014-10-12,0.00131
2014-10-13,0.00047000000000000004
2014-10-14,0.00047000000000000004
2014-10-15,0.00047000000000000004
2014-10-16,0.00047000000000000004
2014-10-17,0.00047000000000000004
2014-10-18,0.00047000000000000004
2014-10-19,0.00047000000000000004
2014-10-20,0.00047000000000000004
2014-10-21,0.00067
2014-10-22,0.00419
2014-10-23,0.00047000000000000004
2014-10-24,0.00047000000000000004
2014-10-25,0.00047000000000000004
2014-10-26,0.00047000000000000004
2014-10-27,0.00047000000000000004
2014-10-28,0.00603
2014-10-29,0.00047000000000000004
2014-10-30,0.00047000000000000004
2014-10-31,0.00047000000000000004
2014-11-01,0.00047000000000000004
2014-11-02,0.00047000000000000004
2014-11-03,0.00047000000000000004
2014-11-04,0.00047000000000000004
2014-11-05,0.00047000000000000004
2014-11-06,0.00047000000000000004
2014-11-07,0.00047000000000000004
2014-11-08,0.00047000000000000004
2014-11-09,0.00047000000000000004
2014-11-10,0.00047000000000000004
2014-11-11,0.00047000000000000004
2014-11-12,0.00047000000000000004
2014-11-13,0.00996
2014-11-14,0.04312
2014-11-15,0.02317
2014-11-16,0.027360000000000002
2014-11-17,0.03562
2014-11-18,0.02621
2014-11-19,0.0006
2014-11-20,0.0016600000000000002
2014-11-21,0.02997
2014-11-22,0.04685
2014-11-23,0.0007099999999999999
2014-11-24,0.00073
2014-11-25,0.00074
2014-11-26,0.00075
2014-11-27,0.00075
2014-11-28,0.00075
2014-11-29,0.00075
2014-11-30,0.00075
2014-12-01,0.00159
2014-12-02,0.00075
2014-12-03,0.00084
2014-12-04,0.054560000000000004
2014-12-05,0.02036
2014-12-06,0.0013
2014-12-07,0.022930000000000002
2014-12-08,0.030060000000000003
2014-12-09,0.0245
2014-12-10,0.0025399999999999997
2014-12-11,0.0018
2014-12-12,0.00134
2014-12-13,0.0009699999999999999
2014-12-14,0.0009699999999999999
2014-12-15,0.0009699999999999999
2014-12-16,0.0009699999999999999
2014-12-17,0.00474
2014-12-18,0.00958
2014-12-19,0.0012
2014-12-20,0.00099
2014-12-21,0.00099
2014-12-22,0.00099
2014-12-23,0.00099
2014-12-24,0.00099
2014-12-25,0.001
2014-12-26,0.001
2014-12-27,0.001
2014-12-28,0.001
2014-12-29,0.00099
2014-12-30,0.00873
2014-12-31,0.00099
2015-01-01,0.00099
2015-01-02,0.00099
2015-01-03,0.00099
2015-01-04,0.00112
2015-01-05,0.004520000000000001
2015-01-06,0.00164
2015-01-07,0.00103
2015-01-08,0.0016600000000000002
2015-01-09,0.001
2015-01-10,0.001
2015-01-11,0.001
2015-01-12,0.03784
2015-01-13,0.02047
2015-01-14,0.0016300000000000002
2015-01-15,0.0012900000000000001
2015-01-16,0.0015400000000000001
2015-01-17,0.0011099999999999999
2015-01-18,0.00117
2015-01-19,0.0016600000000000002
2015-01-20,0.03391
2015-01-21,0.35153
2015-01-22,0.44035
2015-01-23,0.07002
2015-01-24,0.10287
2015-01-25,0.045989999999999996
2015-01-26,0.05094
2015-01-27,0.05082
2015-01-28,0.12880999999999998
2015-01-29,0.11706
2015-01-30,0.10920999999999999
2015-01-31,0.1486
2015-02-01,0.10991
2015-02-02,0.10899
2015-02-03,0.10627
2015-02-04,0.09617
2015-02-05,0.08800000000000001
2015-02-06,0.0806
2015-02-07,0.07364
2015-02-08,0.06702999999999999
2015-02-09,0.11531
2015-02-10,0.10216
2015-02-11,0.08198
2015-02-12,0.08242999999999999
2015-02-13,0.07869
2015-02-14,0.07368999999999999
2015-02-15,0.06852000000000001
2015-02-16,0.06297
2015-02-17,0.05807999999999999
2015-02-18,0.056639999999999996
2015-02-19,0.06252
2015-02-20,0.05678
2015-02-21,0.046130000000000004
2015-02-22,0.04439
2015-02-23,0.04288
2015-02-24,0.05205
2015-02-25,0.11542999999999999
2015-02-26,0.24552
2015-02-27,0.14195
2015-02-28,0.14587
2015-03-01,0.13277
2015-03-02,0.13575
2015-03-03,0.12029000000000001
2015-03-04,0.11472
2015-03-05,0.10757
2015-03-06,0.10003
2015-03-07,0.09454
2015-03-08,0.08427
2015-03-09,0.07815
2015-03-10,0.07286000000000001
2015-03-11,0.06922
2015-03-12,0.06555
2015-03-13,0.06598
2015-03-14,0.06468
2015-03-15,0.06096
2015-03-16,0.06176
2015-03-17,0.054920000000000004
2015-03-18,0.0604
2015-03-19,0.06402999999999999
2015-03-20,0.052070000000000005
2015-03-21,0.05221
2015-03-22,0.053329999999999995
2015-03-23,0.04687
2015-03-24,0.04448
2015-03-25,0.0416
2015-03-26,0.03841
2015-03-27,0.035269999999999996
2015-03-28,0.032510000000000004
2015-03-29,0.029939999999999998
2015-03-30,0.02733
2015-03-31,0.024659999999999998
2015-04-01,0.02193
2015-04-02,0.01925
2015-04-03,0.016880000000000003
2015-04-04,0.01492
2015-04-05,0.01341
2015-04-06,0.01228
2015-04-07,0.01108
2015-04-08,0.00971
2015-04-09,0.00842
2015-04-10,0.0075
2015-04-11,0.006490000000000001
2015-04-12,0.005529999999999999
2015-04-13,0.00473
2015-04-14,0.00396
2015-04-15,0.00325
2015-04-16,0.0026899999999999997
2015-04-17,0.00227
2015-04-18,0.00198
2015-04-19,0.0017100000000000001
2015-04-20,0.00147
2015-04-21,0.00131
2015-04-22,0.00124
2015-04-23,0.00122
2015-04-24,0.0012
2015-04-25,0.00119
2015-04-26,0.00118
2015-04-27,0.00117
2015-04-28,0.00116
2015-04-29,0.00115
2015-04-30,0.00585
2015-05-01,0.00675
2015-05-02,0.02592
2015-05-03,0.03953
2015-05-04,0.00787
2015-05-05,0.02554
2015-05-06,0.01616
2015-05-07,0.01007
2015-05-08,0.00771
2015-05-09,0.00271
2015-05-10,0.0029
2015-05-11,0.00277
2015-05-12,0.02418
2015-05-13,0.01733
2015-05-14,0.0037799999999999995
2015-05-15,0.008140000000000001
2015-05-16,0.02737
2015-05-17,0.028810000000000002
2015-05-18,0.01707
2015-05-19,0.01229
2015-05-20,0.01241
2015-05-21,0.01149
2015-05-22,0.01005
2015-05-23,0.00855
2015-05-24,0.00808
2015-05-25,0.0184
2015-05-26,0.01014
2015-05-27,0.00732
2015-05-28,0.00722
2015-05-29,0.00677
2015-05-30,0.0059700000000000005
2015-05-31,0.00513
2015-06-01,0.00472
2015-06-02,0.00427
2015-06-03,0.00345
2015-06-04,0.0026
2015-06-05,0.00197
2015-06-06,0.0016300000000000002
2015-06-07,0.012240000000000001
2015-06-08,0.00151
2015-06-09,0.00146
2015-06-10,0.00135
2015-06-11,0.00125
2015-06-12,0.0012
2015-06-13,0.00118
2015-06-14,0.00116
2015-06-15,0.00115
2015-06-16,0.0011300000000000001
2015-06-17,0.00112
2015-06-18,0.0011
2015-06-19,0.00109
2015-06-20,0.00108
2015-06-21,0.00106
2015-06-22,0.00105
2015-06-23,0.0010400000000000001
2015-06-24,0.0010199999999999999
2015-06-25,0.00101
2015-06-26,0.00099
2015-06-27,0.00098
2015-06-28,0.0078
2015-06-29,0.00381
2015-06-30,0.0009599999999999999
2015-07-01,0.00095
2015-07-02,0.00133
2015-07-03,0.00093
2015-07-04,0.0009199999999999999
2015-07-05,0.00091
2015-07-06,0.0008900000000000001
2015-07-07,0.00088
2015-07-08,0.0008699999999999999
2015-07-09,0.00086
2015-07-10,0.00085
2015-07-11,0.0008300000000000001
2015-07-12,0.00081
2015-07-13,0.0008
2015-07-14,0.00078
2015-07-15,0.0007599999999999999
2015-07-16,0.00075
2015-07-17,0.00073
2015-07-18,0.0007099999999999999
2015-07-19,0.0007
2015-07-20,0.0006799999999999999
2015-07-21,0.00067
2015-07-22,0.00065
2015-07-23,0.00064
2015-07-24,0.00062
2015-07-25,0.00061
2015-07-26,0.0006
2015-07-27,0.00059
2015-07-28,0.00058
2015-07-29,0.00057
2015-07-30,0.00056
2015-07-31,0.00055
2015-08-01,0.00054
2015-08-02,0.00053
2015-08-03,0.0005200000000000001
2015-08-04,0.0005099999999999999
2015-08-05,0.0005099999999999999
2015-08-06,0.0005
2015-08-07,0.0005
2015-08-08,0.0005
2015-08-09,0.00049
2015-08-10,0.00049
2015-08-11,0.00049
2015-08-12,0.00049
2015-08-13,0.00049
2015-08-14,0.00047999999999999996
2015-08-15,0.00047999999999999996
2015-08-16,0.00047999999999999996
2015-08-17,0.00047999999999999996
2015-08-18,0.00047999999999999996
2015-08-19,0.00047999999999999996
2015-08-20,0.00047999999999999996
2015-08-21,0.00047999999999999996
2015-08-22,0.00047999999999999996
2015-08-23,0.00047999999999999996
2015-08-24,0.00047999999999999996
2015-08-25,0.00047999999999999996
2015-08-26,0.00047999999999999996
2015-08-27,0.00099
2015-08-28,0.00047999999999999996
2015-08-29,0.00047999999999999996
2015-08-30,0.00047999999999999996
2015-08-31,0.0008300000000000001
2015-09-01,0.0005200000000000001
2015-09-02,0.0025800000000000003
2015-09-03,0.00047999999999999996
2015-09-04,0.00047999999999999996
2015-09-05,0.00047999999999999996
2015-09-06,0.00047999999999999996
2015-09-07,0.00047999999999999996
2015-09-08,0.00047999999999999996
2015-09-09,0.00047999999999999996
2015-09-10,0.00047999999999999996
2015-09-11,0.00072
2015-09-12,0.00095
2015-09-13,0.00047999999999999996
2015-09-14,0.00047999999999999996
2015-09-15,0.00047999999999999996
2015-09-16,0.00047999999999999996
2015-09-17,0.00047999999999999996
2015-09-18,0.00047999999999999996
2015-09-19,0.00047999999999999996
2015-09-20,0.00047999999999999996
2015-09-21,0.00047999999999999996
2015-09-22,0.00047999999999999996
2015-09-23,0.00047999999999999996
2015-09-24,0.00047999999999999996
2015-09-25,0.00047999999999999996
2015-09-26,0.00047999999999999996
2015-09-27,0.00047000000000000004
2015-09-28,0.0005099999999999999
2015-09-29,0.00047000000000000004
2015-09-30,0.00047000000000000004
2015-10-01,0.00047000000000000004
2015-10-02,0.00047000000000000004
2015-10-03,0.00047000000000000004
2015-10-04,0.00047000000000000004
2015-10-05,0.00047000000000000004
2015-10-06,0.00047000000000000004
2015-10-07,0.00047000000000000004
2015-10-08,0.00047000000000000004
2015-10-09,0.00047000000000000004
2015-10-10,0.00047000000000000004
2015-10-11,0.00047000000000000004
2015-10-12,0.00047000000000000004
2015-10-13,0.00047000000000000004
2015-10-14,0.00047000000000000004
2015-10-15,0.00098
2015-10-16,0.00365
2015-10-17,0.04063
2015-10-18,0.034319999999999996
2015-10-19,0.00049
2015-10-20,0.0005
2015-10-21,0.0005099999999999999
2015-10-22,0.0005200000000000001
2015-10-23,0.00312
2015-10-24,0.0030600000000000002
2015-10-25,0.01589
2015-10-26,0.03744
2015-10-27,0.00056
2015-10-28,0.00059
2015-10-29,0.03607
2015-10-30,0.01957
2015-10-31,0.00115
2015-11-01,0.00072
2015-11-02,0.0006799999999999999
2015-11-03,0.0006900000000000001
2015-11-04,0.0006900000000000001
2015-11-05,0.0006900000000000001
2015-11-06,0.0006900000000000001
2015-11-07,0.0006900000000000001
2015-11-08,0.0006900000000000001
2015-11-09,0.0006799999999999999
2015-11-10,0.0006799999999999999
2015-11-11,0.0006799999999999999
2015-11-12,0.0006799999999999999
2015-11-13,0.0006799999999999999
2015-11-14,0.00854
2015-11-15,0.06712
2015-11-16,0.12875
2015-11-17,0.17981
2015-11-18,0.34158
2015-11-19,0.07642
2015-11-20,0.10057
2015-11-21,0.02508
2015-11-22,0.0044399999999999995
2015-11-23,0.0063100000000000005
2015-11-24,0.00861
2015-11-25,0.00625
2015-11-26,0.007690000000000001
2015-11-27,0.009609999999999999
2015-11-28,0.00892
2015-11-29,0.00981
2015-11-30,0.01043
2015-12-01,0.01169
2015-12-02,0.01061
2015-12-03,0.009890000000000001
2015-12-04,0.01004
2015-12-05,0.01127
2015-12-06,0.00979
2015-12-07,0.009640000000000001
2015-12-08,0.00944
2015-12-09,0.009059999999999999
2015-12-10,0.00859
2015-12-11,0.00817
2015-12-12,0.007790000000000001
2015-12-13,0.012620000000000001
2015-12-14,0.05801
2015-12-15,0.039639999999999995
2015-12-16,0.01761
2015-12-17,0.026439999999999998
2015-12-18,0.048260000000000004
2015-12-19,0.10252
2015-12-20,0.09759
2015-12-21,0.19422
2015-12-22,0.37318
2015-12-23,0.16931
2015-12-24,0.12705999999999998
2015-12-25,0.17859
2015-12-26,0.13757
2015-12-27,0.12172000000000001
2015-12-28,0.12509
2015-12-29,0.1267
2015-12-30,0.11757999999999999
2015-12-31,0.11217
2016-01-01,0.10428
2016-01-02,0.09523
2016-01-03,0.08645
2016-01-04,0.08605
2016-01-05,0.07178999999999999
2016-01-06,0.08809
2016-01-07,0.07127
2016-01-08,0.0635
2016-01-09,0.061610000000000005
2016-01-10,0.05851
2016-01-11,0.11295
2016-01-12,0.07711
2016-01-13,0.07256
2016-01-14,0.07128
2016-01-15,0.06751
2016-01-16,0.06302999999999999
2016-01-17,0.05848
2016-01-18,0.05407000000000001
2016-01-19,0.04994
2016-01-20,0.046169999999999996
2016-01-21,0.04385
2016-01-22,0.05107
2016-01-23,0.09617
2016-01-24,0.47507
2016-01-25,0.218
2016-01-26,0.1352
2016-01-27,0.1375
2016-01-28,0.12700999999999998
2016-01-29,0.11459000000000001
2016-01-30,0.10714000000000001
2016-01-31,0.09948
2016-02-01,0.09125
2016-02-02,0.08256000000000001
2016-02-03,0.07447999999999999
2016-02-04,0.067
2016-02-05,0.06023
2016-02-06,0.05421
2016-02-07,0.058839999999999996
2016-02-08,0.04905
2016-02-09,0.04237
2016-02-10,0.03963
2016-02-11,0.03725
2016-02-12,0.035039999999999995
2016-02-13,0.03394
2016-02-14,0.03132
2016-02-15,0.0292
2016-02-16,0.02708
2016-02-17,0.025269999999999997
2016-02-18,0.02418
2016-02-19,0.026019999999999998
2016-02-20,0.030760000000000003
2016-02-21,0.02076
2016-02-22,0.03199
2016-02-23,0.06989
2016-02-24,0.07456
2016-02-25,0.08601
2016-02-26,0.15415
2016-02-27,0.13746
2016-02-28,0.1286
2016-02-29,0.11514
2016-03-01,0.10989000000000002
2016-03-02,0.1014
2016-03-03,0.09412999999999999
2016-03-04,0.11424000000000001
2016-03-05,0.17864000000000002
2016-03-06,0.1481
2016-03-07,0.14828
2016-03-08,0.12215999999999999
2016-03-09,0.11968
2016-03-10,0.11222
2016-03-11,0.1018
2016-03-12,0.09107
2016-03-13,0.0813
2016-03-14,0.07301
2016-03-15,0.06469
2016-03-16,0.06812
2016-03-17,0.08042
2016-03-18,0.054110000000000005
2016-03-19,0.0642
2016-03-20,0.05414
2016-03-21,0.052910000000000006
2016-03-22,0.05032
2016-03-23,0.047189999999999996
2016-03-24,0.06883
2016-03-25,0.05389
2016-03-26,0.04579
2016-03-27,0.045489999999999996
2016-03-28,0.07723
2016-03-29,0.13129000000000002
2016-03-30,0.07401
2016-03-31,0.08132
2016-04-01,0.07464
2016-04-02,0.06942000000000001
2016-04-03,0.06571
2016-04-04,0.06582
2016-04-05,0.0548
2016-04-06,0.05069
2016-04-07,0.04712
2016-04-08,0.04529
2016-04-09,0.039760000000000004
2016-04-10,0.03553
2016-04-11,0.05051
2016-04-12,0.055020000000000006
2016-04-13,0.0566
2016-04-14,0.03992
2016-04-15,0.0408
2016-04-16,0.04088
2016-04-17,0.03923
2016-04-18,0.03783
2016-04-19,0.035480000000000005
2016-04-20,0.04123
2016-04-21,0.03123
2016-04-22,0.029089999999999998
2016-04-23,0.02708
2016-04-24,0.02592
2016-04-25,0.03257
2016-04-26,0.04467
2016-04-27,0.03392
2016-04-28,0.04197
2016-04-29,0.03743
2016-04-30,0.0333
2016-05-01,0.0419
2016-05-02,0.0633
2016-05-03,0.03777
2016-05-04,0.04028
2016-05-05,0.03871
2016-05-06,0.03585
2016-05-07,0.032080000000000004
2016-05-08,0.02827
2016-05-09,0.02447
2016-05-10,0.02443
2016-05-11,0.023969999999999998
2016-05-12,0.022609999999999998
2016-05-13,0.02025
2016-05-14,0.01944
2016-05-15,0.017759999999999998
2016-05-16,0.01547
2016-05-17,0.01396
2016-05-18,0.01234
2016-05-19,0.01054
2016-05-20,0.00886
2016-05-21,0.007090000000000001
2016-05-22,0.00539
2016-05-23,0.004079999999999999
2016-05-24,0.00295
2016-05-25,0.00212
2016-05-26,0.00165
2016-05-27,0.0014199999999999998
2016-05-28,0.0039299999999999995
2016-05-29,0.0013
2016-05-30,0.0015400000000000001
2016-05-31,0.00124
2016-06-01,0.00122
2016-06-02,0.00121
2016-06-03,0.0012
2016-06-04,0.00119
2016-06-05,0.00118
2016-06-06,0.00117
2016-06-07,0.00116
2016-06-08,0.00114
2016-06-09,0.0011300000000000001
2016-06-10,0.00112
2016-06-11,0.0011
2016-06-12,0.00109
2016-06-13,0.0016
2016-06-14,0.00106
2016-06-15,0.00105
2016-06-16,0.00103
2016-06-17,0.0010199999999999999
2016-06-18,0.00101
2016-06-19,0.001
2016-06-20,0.00099
2016-06-21,0.00098
2016-06-22,0.00155
2016-06-23,0.0021899999999999997
2016-06-24,0.00095
2016-06-25,0.0009400000000000001
2016-06-26,0.00093
2016-06-27,0.00091
2016-06-28,0.0009
2016-06-29,0.00088
2016-06-30,0.0008699999999999999
2016-07-01,0.00085
2016-07-02,0.00084
2016-07-03,0.00082
2016-07-04,0.0008
2016-07-05,0.00079
2016-07-06,0.0028699999999999997
2016-07-07,0.0007599999999999999
2016-07-08,0.00075
2016-07-09,0.00073
2016-07-10,0.0007099999999999999
2016-07-11,0.0007
2016-07-12,0.0006799999999999999
2016-07-13,0.00067
2016-07-14,0.00065
2016-07-15,0.00064
2016-07-16,0.00062
2016-07-17,0.00061
2016-07-18,0.0006
2016-07-19,0.00058
2016-07-20,0.00057
2016-07-21,0.00056
2016-07-22,0.00055
2016-07-23,0.00054
2016-07-24,0.00053
2016-07-25,0.0005200000000000001
2016-07-26,0.0005200000000000001
2016-07-27,0.0005099999999999999
2016-07-28,0.0005
2016-07-29,0.0005
2016-07-30,0.0005
2016-07-31,0.00049
2016-08-01,0.00049
2016-08-02,0.00049
2016-08-03,0.00049
2016-08-04,0.00047999999999999996
2016-08-05,0.00047999999999999996
2016-08-06,0.00047999999999999996
2016-08-07,0.00047999999999999996
2016-08-08,0.00047999999999999996
2016-08-09,0.00047999999999999996
2016-08-10,0.00047999999999999996
2016-08-11,0.00047999999999999996
2016-08-12,0.00047999999999999996
2016-08-13,0.00047999999999999996
2016-08-14,0.00047999999999999996
2016-08-15,0.00047999999999999996
2016-08-16,0.00047999999999999996
2016-08-17,0.00047999999999999996
2016-08-18,0.00047999999999999996
2016-08-19,0.00047999999999999996
2016-08-20,0.00047999999999999996
2016-08-21,0.00047999999999999996
2016-08-22,0.00047999999999999996
2016-08-23,0.00047999999999999996
2016-08-24,0.00047999999999999996
2016-08-25,0.00047999999999999996
2016-08-26,0.00047999999999999996
2016-08-27,0.00047999999999999996
2016-08-28,0.00059
2016-08-29,0.00047999999999999996
2016-08-30,0.0021100000000000003
2016-08-31,0.00047999999999999996
2016-09-01,0.00047999999999999996
2016-09-02,0.00047999999999999996
2016-09-03,0.0005099999999999999
2016-09-04,0.00047999999999999996
2016-09-05,0.00047999999999999996
2016-09-06,0.00047999999999999996
2016-09-07,0.0032
2016-09-08,0.00047999999999999996
2016-09-09,0.00047999999999999996
2016-09-10,0.00047999999999999996
2016-09-11,0.00047999999999999996
2016-09-12,0.00047999999999999996
2016-09-13,0.00047999999999999996
2016-09-14,0.00047999999999999996
2016-09-15,0.00047999999999999996
2016-09-16,0.00047999999999999996
2016-09-17,0.00047999999999999996
2016-09-18,0.00047000000000000004
2016-09-19,0.00047000000000000004
2016-09-20,0.00047000000000000004
2016-09-21,0.00047000000000000004
2016-09-22,0.00047000000000000004
2016-09-23,0.00047000000000000004
2016-09-24,0.00047000000000000004
2016-09-25,0.00047000000000000004
2016-09-26,0.00047000000000000004
2016-09-27,0.00047000000000000004
2016-09-28,0.00047000000000000004
2016-09-29,0.00298
2016-09-30,0.00049
2016-10-01,0.00047999999999999996
2016-10-02,0.00047000000000000004
2016-10-03,0.00047000000000000004
2016-10-04,0.001
2016-10-05,0.00047000000000000004
2016-10-06,0.00095
2016-10-07,0.00047000000000000004
2016-10-08,0.00047000000000000004
2016-10-09,0.00047000000000000004
2016-10-10,0.00047000000000000004
2016-10-11,0.00047000000000000004
2016-10-12,0.00047000000000000004
2016-10-13,0.00047000000000000004
2016-10-14,0.00047000000000000004
2016-10-15,0.00047000000000000004
2016-10-16,0.00047000000000000004
2016-10-17,0.00047000000000000004
2016-10-18,0.00047000000000000004
2016-10-19,0.00047000000000000004
2016-10-20,0.00047000000000000004
2016-10-21,0.00047000000000000004
2016-10-22,0.00047000000000000004
2016-10-23,0.00047000000000000004
2016-10-24,0.00047000000000000004
2016-10-25,0.00477
2016-10-26,0.00049
2016-10-27,0.00047000000000000004
2016-10-28,0.00047000000000000004
2016-10-29,0.00105
2016-10-30,0.00047000000000000004
2016-10-31,0.00047000000000000004
2016-11-01,0.00075
2016-11-02,0.00957
2016-11-03,0.00047000000000000004
2016-11-04,0.00047000000000000004
2016-11-05,0.00047000000000000004
2016-11-06,0.00047000000000000004
2016-11-07,0.00047000000000000004
2016-11-08,0.00047000000000000004
2016-11-09,0.007890000000000001
2016-11-10,0.00047000000000000004
2016-11-11,0.00047000000000000004
2016-11-12,0.00095
2016-11-13,0.00047000000000000004
2016-11-14,0.00047000000000000004
2016-11-15,0.00047000000000000004
2016-11-16,0.00047000000000000004
2016-11-17,0.04668
2016-11-18,0.05542999999999999
2016-11-19,0.026289999999999997
2016-11-20,0.017169999999999998
2016-11-21,0.0006
2016-11-22,0.00061
2016-11-23,0.00062
2016-11-24,0.00063
2016-11-25,0.00063
2016-11-26,0.00063
2016-11-27,0.00063
2016-11-28,0.01901
2016-11-29,0.0257
2016-11-30,0.00066
2016-12-01,0.0009
2016-12-02,0.0012900000000000001
2016-12-03,0.00086
2016-12-04,0.015780000000000002
2016-12-05,0.0007099999999999999
2016-12-06,0.00072
2016-12-07,0.00072
2016-12-08,0.00072
2016-12-09,0.016380000000000002
2016-12-10,0.00927
2016-12-11,0.00074
2016-12-12,0.00075
2016-12-13,0.0007599999999999999
2016-12-14,0.0007599999999999999
2016-12-15,0.0007700000000000001
2016-12-16,0.0007700000000000001
2016-12-17,0.0007700000000000001
2016-12-18,0.0007700000000000001
2016-12-19,0.00389
2016-12-20,0.00373
2016-12-21,0.01462
2016-12-22,0.02174
2016-12-23,0.02518
2016-12-24,0.00621
2016-12-25,0.00151
2016-12-26,0.04413
2016-12-27,0.51807
2016-12-28,0.32909
2016-12-29,0.10355
2016-12-30,0.10225
2016-12-31,0.11338
2017-01-01,0.054520000000000006
2017-01-02,0.0419
2017-01-03,0.044489999999999995
2017-01-04,0.05545
2017-01-05,0.059770000000000004
2017-01-06,0.061579999999999996
2017-01-07,0.08481
2017-01-08,0.06331
2017-01-09,0.09842999999999999
2017-01-10,0.10389000000000001
2017-01-11,0.12528
2017-01-12,0.12433
2017-01-13,0.10277
2017-01-14,0.10152
2017-01-15,0.1296
2017-01-16,0.13149
2017-01-17,0.11242
2017-01-18,0.10695999999999999
2017-01-19,0.10172
2017-01-20,0.09508
2017-01-21,0.08682000000000001
2017-01-22,0.07972
2017-01-23,0.0818
2017-01-24,0.12286
2017-01-25,0.11745
2017-01-26,0.11499000000000001
2017-01-27,0.13147
2017-01-28,0.17493
2017-01-29,0.18437
2017-01-30,0.15773
2017-01-31,0.19389
2017-02-01,0.17607
2017-02-02,0.40655
2017-02-03,0.1609
2017-02-04,0.13496
2017-02-05,0.53058
2017-02-06,0.26674000000000003
2017-02-07,0.34634000000000004
2017-02-08,0.14662
2017-02-09,0.22823000000000002
2017-02-10,0.37326
2017-02-11,0.21134
2017-02-12,0.15020999999999998
2017-02-13,0.1833
2017-02-14,0.12343
2017-02-15,0.12812
2017-02-16,0.13502999999999998
2017-02-17,0.12362999999999999
2017-02-18,0.13999
2017-02-19,0.13222
2017-02-20,0.13294
2017-02-21,0.1394
2017-02-22,0.12292
2017-02-23,0.14094
2017-02-24,0.11519000000000001
2017-02-25,0.11092
2017-02-26,0.10257000000000001
2017-02-27,0.09335
2017-02-28,0.08467999999999999
2017-03-01,0.07672000000000001
2017-03-02,0.06937
2017-03-03,0.06272
2017-03-04,0.0568
2017-03-05,0.051629999999999995
2017-03-06,0.047080000000000004
2017-03-07,0.04292
2017-03-08,0.03907
2017-03-09,0.0586
2017-03-10,0.03395
2017-03-11,0.03243
2017-03-12,0.030780000000000002
2017-03-13,0.02905
2017-03-14,0.02738
2017-03-15,0.02599
2017-03-16,0.02465
2017-03-17,0.02401
2017-03-18,0.02192
2017-03-19,0.02041
2017-03-20,0.01896
2017-03-21,0.0176
2017-03-22,0.01619
2017-03-23,0.01466
2017-03-24,0.013280000000000002
2017-03-25,0.01196
2017-03-26,0.01067
2017-03-27,0.0136
2017-03-28,0.00908
2017-03-29,0.00826
2017-03-30,0.00727
2017-03-31,0.00632
2017-04-01,0.00543
2017-04-02,0.0047
2017-04-03,0.00414
2017-04-04,0.00361
2017-04-05,0.0030600000000000002
2017-04-06,0.00255
2017-04-07,0.00209
2017-04-08,0.00176
2017-04-09,0.0015199999999999999
2017-04-10,0.00135
2017-04-11,0.00125
2017-04-12,0.00122
2017-04-13,0.00121
2017-04-14,0.0012
2017-04-15,0.00238
2017-04-16,0.00252
2017-04-17,0.00283
2017-04-18,0.00316
2017-04-19,0.0028899999999999998
2017-04-20,0.0077
2017-04-21,0.02408
2017-04-22,0.02056
2017-04-23,0.00647
2017-04-24,0.0053100000000000005
2017-04-25,0.00133
2017-04-26,0.0014
2017-04-27,0.0014
2017-04-28,0.00135
2017-04-29,0.0055
2017-04-30,0.0012900000000000001
2017-05-01,0.0012699999999999999
2017-05-02,0.00905
2017-05-03,0.00124
2017-05-04,0.00123
2017-05-05,0.00156
2017-05-06,0.0016699999999999998
2017-05-07,0.00688
2017-05-08,0.0067599999999999995
2017-05-09,0.00301
2017-05-10,0.00123
2017-05-11,0.00122
2017-05-12,0.0012
2017-05-13,0.00118
2017-05-14,0.00117
2017-05-15,0.00116
2017-05-16,0.00115
2017-05-17,0.00114
2017-05-18,0.0011300000000000001
2017-05-19,0.0011099999999999999
2017-05-20,0.0011
2017-05-21,0.00108
2017-05-22,0.00107
2017-05-23,0.00105
2017-05-24,0.0010400000000000001
2017-05-25,0.0015199999999999999
2017-05-26,0.00101
2017-05-27,0.00132
2017-05-28,0.006640000000000001
2017-05-29,0.00186
2017-05-30,0.00098
2017-05-31,0.0009699999999999999
2017-06-01,0.00161
2017-06-02,0.0029
2017-06-03,0.00098
2017-06-04,0.0009599999999999999
2017-06-05,0.0096
2017-06-06,0.00683
2017-06-07,0.00095
2017-06-08,0.0009400000000000001
2017-06-09,0.0009199999999999999
2017-06-10,0.00884
2017-06-11,0.0009
2017-06-12,0.00088
2017-06-13,0.0008699999999999999
2017-06-14,0.00086
2017-06-15,0.00085
2017-06-16,0.0008300000000000001
2017-06-17,0.00081
2017-06-18,0.0008
2017-06-19,0.0010400000000000001
2017-06-20,0.0007700000000000001
2017-06-21,0.00183
2017-06-22,0.00075
2017-06-23,0.00074
2017-06-24,0.00073
2017-06-25,0.0007099999999999999
2017-06-26,0.0007
2017-06-27,0.0006799999999999999
2017-06-28,0.00067
2017-06-29,0.00065
2017-06-30,0.00064
2017-07-01,0.00063
2017-07-02,0.00062
2017-07-03,0.00061
2017-07-04,0.0006
2017-07-05,0.00059
2017-07-06,0.00058
2017-07-07,0.00057
2017-07-08,0.00056
2017-07-09,0.00055
2017-07-10,0.00309
2017-07-11,0.00054
2017-07-12,0.00053
2017-07-13,0.00053
2017-07-14,0.0005200000000000001
2017-07-15,0.0005099999999999999
2017-07-16,0.0005099999999999999
2017-07-17,0.0005
2017-07-18,0.0005
2017-07-19,0.00049
2017-07-20,0.00049
2017-07-21,0.00049
2017-07-22,0.00049
2017-07-23,0.00049
2017-07-24,0.00047999999999999996
2017-07-25,0.00047999999999999996
2017-07-26,0.00047999999999999996
2017-07-27,0.00047999999999999996
2017-07-28,0.00047999999999999996
2017-07-29,0.00047999999999999996
2017-07-30,0.00047999999999999996
2017-07-31,0.00047999999999999996
2017-08-01,0.00047999999999999996
2017-08-02,0.00047999999999999996
2017-08-03,0.00047999999999999996
2017-08-04,0.00047999999999999996
2017-08-05,0.00047999999999999996
2017-08-06,0.00047999999999999996
2017-08-07,0.00047999999999999996
2017-08-08,0.00047999999999999996
2017-08-09,0.00047999999999999996
2017-08-10,0.00047999999999999996
2017-08-11,0.00047999999999999996
2017-08-12,0.00047999999999999996
2017-08-13,0.00047999999999999996
2017-08-14,0.00047999999999999996
2017-08-15,0.00047999999999999996
2017-08-16,0.00047999999999999996
2017-08-17,0.00047999999999999996
2017-08-18,0.00047999999999999996
2017-08-19,0.00047999999999999996
2017-08-20,0.00047999999999999996
2017-08-21,0.00047999999999999996
2017-08-22,0.001
2017-08-23,0.00047999999999999996
2017-08-24,0.00049
2017-08-25,0.00047999999999999996
2017-08-26,0.00047999999999999996
2017-08-27,0.00047999999999999996
2017-08-28,0.00047999999999999996
2017-08-29,0.00047999999999999996
2017-08-30,0.00047999999999999996
2017-08-31,0.00047999999999999996
2017-09-01,0.00047999999999999996
2017-09-02,0.00047999999999999996
2017-09-03,0.00047999999999999996
2017-09-04,0.00047999999999999996
2017-09-05,0.00047000000000000004
2017-09-06,0.00047000000000000004
2017-09-07,0.00047000000000000004
2017-09-08,0.00047000000000000004
2017-09-09,0.00047000000000000004
2017-09-10,0.00047000000000000004
2017-09-11,0.00047000000000000004
2017-09-12,0.00047000000000000004
2017-09-13,0.00047000000000000004
2017-09-14,0.00047000000000000004
2017-09-15,0.00047000000000000004
2017-09-16,0.00047000000000000004
2017-09-17,0.00047000000000000004
2017-09-18,0.00047000000000000004
2017-09-19,0.00047000000000000004
2017-09-20,0.00047000000000000004
2017-09-21,0.00047000000000000004
2017-09-22,0.00047000000000000004
2017-09-23,0.00047000000000000004
2017-09-24,0.00047000000000000004
2017-09-25,0.00047000000000000004
2017-09-26,0.00047000000000000004
2017-09-27,0.00047000000000000004
2017-09-28,0.00047000000000000004
2017-09-29,0.00047000000000000004
2017-09-30,0.00047000000000000004
2017-10-01,0.00047000000000000004
2017-10-02,0.00047000000000000004
2017-10-03,0.00047000000000000004
2017-10-04,0.00047000000000000004
2017-10-05,0.00047000000000000004
2017-10-06,0.00047000000000000004
2017-10-07,0.00047000000000000004
2017-10-08,0.00047000000000000004
2017-10-09,0.00047000000000000004
2017-10-10,0.00047000000000000004
2017-10-11,0.00047000000000000004
2017-10-12,0.00047000000000000004
2017-10-13,0.00047000000000000004
2017-10-14,0.00047000000000000004
2017-10-15,0.00047000000000000004
2017-10-16,0.00047000000000000004
2017-10-17,0.00047000000000000004
2017-10-18,0.00047000000000000004
2017-10-19,0.00047000000000000004
2017-10-20,0.00047000000000000004
2017-10-21,0.00047000000000000004
2017-10-22,0.00047000000000000004
2017-10-23,0.00047000000000000004
2017-10-24,0.00047000000000000004
2017-10-25,0.00047000000000000004
2017-10-26,0.00047000000000000004
2017-10-27,0.00114
2017-10-28,0.00677
2017-10-29,0.03395
2017-10-30,0.0515
2017-10-31,0.01409
2017-11-01,0.025810000000000003
2017-11-02,0.02479
2017-11-03,0.01287
2017-11-04,0.029589999999999998
2017-11-05,0.00065
2017-11-06,0.00067
2017-11-07,0.0006799999999999999
2017-11-08,0.0006900000000000001
2017-11-09,0.0006900000000000001
2017-11-10,0.0006900000000000001
2017-11-11,0.0006900000000000001
2017-11-12,0.0006900000000000001
2017-11-13,0.0006900000000000001
2017-11-14,0.0006900000000000001
2017-11-15,0.0006900000000000001
2017-11-16,0.0028399999999999996
2017-11-17,0.05306
2017-11-18,0.07781
2017-11-19,0.13871
2017-11-20,0.0028699999999999997
2017-11-21,0.0009400000000000001
2017-11-22,0.02167
2017-11-23,0.01938
2017-11-24,0.00099
2017-11-25,0.00101
2017-11-26,0.0010199999999999999
2017-11-27,0.00103
2017-11-28,0.00103
2017-11-29,0.00103
2017-11-30,0.00103
2017-12-01,0.01204
2017-12-02,0.01525
2017-12-03,0.014769999999999998
2017-12-04,0.0302
2017-12-05,0.02487
2017-12-06,0.0032
2017-12-07,0.00115
2017-12-08,0.00116
2017-12-09,0.00116
2017-12-10,0.00117
2017-12-11,0.02231
2017-12-12,0.21821999999999997
2017-12-13,0.0981
2017-12-14,0.07037
2017-12-15,0.04187
2017-12-16,0.04458
2017-12-17,0.06575
2017-12-18,0.08592999999999999
2017-12-19,0.15875
2017-12-20,0.1623
2017-12-21,0.12621
2017-12-22,0.19037
2017-12-23,0.1756
2017-12-24,0.26637
2017-12-25,0.58094
2017-12-26,0.15189
2017-12-27,0.12279000000000001
2017-12-28,0.3632
2017-12-29,0.19103
2017-12-30,0.12315999999999999
2017-12-31,0.12305
2018-01-01,0.15753
2018-01-02,0.14126
2018-01-03,0.1229
2018-01-04,0.15957000000000002
2018-01-05,0.6473
2018-01-06,0.96764
2018-01-07,0.17857
2018-01-08,0.20245
2018-01-09,0.23464000000000002
2018-01-10,0.13176
2018-01-11,0.12662
2018-01-12,0.12445
2018-01-13,0.12343
2018-01-14,0.13235999999999998
2018-01-15,0.12152
2018-01-16,0.11464
2018-01-17,0.1053
2018-01-18,0.09569
2018-01-19,0.08653999999999999
2018-01-20,0.08474
2018-01-21,0.09897
2018-01-22,0.08307
2018-01-23,0.1366
2018-01-24,0.32206999999999997
2018-01-25,0.12312000000000001
2018-01-26,0.15562
2018-01-27,0.17869000000000002
2018-01-28,0.15534
2018-01-29,0.1396
2018-01-30,0.1893
2018-01-31,0.26529
2018-02-01,0.49662
2018-02-02,0.5442899999999999
2018-02-03,0.14492
2018-02-04,0.12343
2018-02-05,0.12343
2018-02-06,0.12343
2018-02-07,0.12355999999999999
2018-02-08,0.12025
2018-02-09,0.11095
2018-02-10,0.10001
2018-02-11,0.08954
2018-02-12,0.08019
2018-02-13,0.0718
2018-02-14,0.06429
2018-02-15,0.05773
2018-02-16,0.0519
2018-02-17,0.046939999999999996
2018-02-18,0.058870000000000006
2018-02-19,0.05317
2018-02-20,0.06339
2018-02-21,0.05797000000000001
2018-02-22,0.05366
2018-02-23,0.05056
2018-02-24,0.04973
2018-02-25,0.04775
2018-02-26,0.04525
2018-02-27,0.04287
2018-02-28,0.04043
2018-03-01,0.03748
2018-03-02,0.03505
2018-03-03,0.033960000000000004
2018-03-04,0.03338
2018-03-05,0.030060000000000003
2018-03-06,0.02864
2018-03-07,0.0406
2018-03-08,0.04253
2018-03-09,0.03372
2018-03-10,0.02962
2018-03-11,0.03036
2018-03-12,0.041339999999999995
2018-03-13,0.04994
2018-03-14,0.039560000000000005
2018-03-15,0.0387
2018-03-16,0.0394
2018-03-17,0.03746
2018-03-18,0.03628
2018-03-19,0.034210000000000004
2018-03-20,0.03186
2018-03-21,0.02951
2018-03-22,0.02729
2018-03-23,0.030680000000000002
2018-03-24,0.023819999999999997
2018-03-25,0.0272
2018-03-26,0.02317
2018-03-27,0.020390000000000002
2018-03-28,0.01939
2018-03-29,0.01825
2018-03-30,0.01755
2018-03-31,0.019780000000000002
2018-04-01,0.015780000000000002
2018-04-02,0.01456
2018-04-03,0.013130000000000001
2018-04-04,0.01154
2018-04-05,0.0149
2018-04-06,0.009470000000000001
2018-04-07,0.00902
2018-04-08,0.008329999999999999
2018-04-09,0.007259999999999999
2018-04-10,0.00614
2018-04-11,0.00518
2018-04-12,0.00426
2018-04-13,0.00349
2018-04-14,0.00296
2018-04-15,0.00253
2018-04-16,0.01888
2018-04-17,0.01786
2018-04-18,0.0030800000000000003
2018-04-19,0.0031
2018-04-20,0.00364
2018-04-21,0.003
2018-04-22,0.00299
2018-04-23,0.1161
2018-04-24,0.52378
2018-04-25,0.09136
2018-04-26,0.06646
2018-04-27,0.06284
2018-04-28,0.060610000000000004
2018-04-29,0.056420000000000005
2018-04-30,0.05197
2018-05-01,0.05067
2018-05-02,0.06246
2018-05-03,0.045880000000000004
2018-05-04,0.0425
2018-05-05,0.03965
2018-05-06,0.04205
2018-05-07,0.03397
2018-05-08,0.03727
2018-05-09,0.02937
2018-05-10,0.027180000000000003
2018-05-11,0.02452
2018-05-12,0.0225
2018-05-13,0.024319999999999998
2018-05-14,0.022080000000000002
2018-05-15,0.01845
2018-05-16,0.01618
2018-05-17,0.01384
2018-05-18,0.01163
2018-05-19,0.00953
2018-05-20,0.007490000000000001
2018-05-21,0.00576
2018-05-22,0.00439
2018-05-23,0.00329
2018-05-24,0.00237
2018-05-25,0.0017
2018-05-26,0.00134
2018-05-27,0.00123
2018-05-28,0.00121
2018-05-29,0.0012
2018-05-30,0.00119
2018-05-31,0.00118
2018-06-01,0.00116
2018-06-02,0.00115
2018-06-03,0.0011300000000000001
2018-06-04,0.0011099999999999999
2018-06-05,0.0011
2018-06-06,0.00108
2018-06-07,0.00106
2018-06-08,0.0010400000000000001
2018-06-09,0.00144
2018-06-10,0.001
2018-06-11,0.00098
2018-06-12,0.0009599999999999999
2018-06-13,0.00095
2018-06-14,0.00093
2018-06-15,0.0009199999999999999
2018-06-16,0.0009
2018-06-17,0.0008900000000000001
2018-06-18,0.0008699999999999999
2018-06-19,0.00085
2018-06-20,0.0008300000000000001
2018-06-21,0.00082
2018-06-22,0.0008
2018-06-23,0.00078
2018-06-24,0.0029100000000000003
2018-06-25,0.00075
2018-06-26,0.00074
2018-06-27,0.00073
2018-06-28,0.0007099999999999999
2018-06-29,0.0007
2018-06-30,0.0011099999999999999
2018-07-01,0.0006799999999999999
2018-07-02,0.0008699999999999999
2018-07-03,0.00065
2018-07-04,0.0009400000000000001
2018-07-05,0.00063
2018-07-06,0.00062
2018-07-07,0.0006
2018-07-08,0.00059
2018-07-09,0.00058
2018-07-10,0.00057
2018-07-11,0.00056
2018-07-12,0.00055
2018-07-13,0.00054
2018-07-14,0.00053
2018-07-15,0.0005200000000000001
2018-07-16,0.0005099999999999999
2018-07-17,0.0005099999999999999
2018-07-18,0.0005
2018-07-19,0.0005
2018-07-20,0.0005
2018-07-21,0.00049
2018-07-22,0.00049
2018-07-23,0.00049
2018-07-24,0.00049
2018-07-25,0.00047999999999999996
2018-07-26,0.00047999999999999996
2018-07-27,0.00047999999999999996
2018-07-28,0.00047999999999999996
2018-07-29,0.00047999999999999996
2018-07-30,0.00047999999999999996
2018-07-31,0.00047999999999999996
2018-08-01,0.00047999999999999996
2018-08-02,0.00047999999999999996
2018-08-03,0.00047999999999999996
2018-08-04,0.00047999999999999996
2018-08-05,0.00047999999999999996
2018-08-06,0.00047999999999999996
2018-08-07,0.00047999999999999996
2018-08-08,0.00047999999999999996
2018-08-09,0.00047999999999999996
2018-08-10,0.00047999999999999996
2018-08-11,0.00047999999999999996
2018-08-12,0.00047999999999999996
2018-08-13,0.00047999999999999996
2018-08-14,0.00047999999999999996
2018-08-15,0.00047999999999999996
2018-08-16,0.00047999999999999996
2018-08-17,0.00088
2018-08-18,0.0007599999999999999
2018-08-19,0.00047999999999999996
2018-08-20,0.00047999999999999996
2018-08-21,0.00047999999999999996
2018-08-22,0.00047999999999999996
2018-08-23,0.00047999999999999996
2018-08-24,0.00062
2018-08-25,0.00047999999999999996
2018-08-26,0.00047999999999999996
2018-08-27,0.00257
2018-08-28,0.0017399999999999998
2018-08-29,0.00391
2018-08-30,0.00047999999999999996
2018-08-31,0.0025800000000000003
2018-09-01,0.00054
2018-09-02,0.00047999999999999996
2018-09-03,0.00101
2018-09-04,0.00047999999999999996
2018-09-05,0.00047999999999999996
2018-09-06,0.00047999999999999996
2018-09-07,0.00047999999999999996
2018-09-08,0.00047000000000000004
2018-09-09,0.00047000000000000004
2018-09-10,0.00047000000000000004
2018-09-11,0.00047000000000000004
2018-09-12,0.00047000000000000004
2018-09-13,0.00047000000000000004
2018-09-14,0.00047000000000000004
2018-09-15,0.00047000000000000004
2018-09-16,0.00047000000000000004
2018-09-17,0.00047000000000000004
2018-09-18,0.00047000000000000004
2018-09-19,0.00047000000000000004
2018-09-20,0.00047000000000000004
2018-09-21,0.00047000000000000004
2018-09-22,0.00047000000000000004
2018-09-23,0.00047000000000000004
2018-09-24,0.00047000000000000004
2018-09-25,0.00047000000000000004
2018-09-26,0.00047000000000000004
2018-09-27,0.00047000000000000004
2018-09-28,0.00047000000000000004
2018-09-29,0.00047000000000000004
2018-09-30,0.00047000000000000004
2018-10-01,0.00047000000000000004
2018-10-02,0.00047000000000000004
2018-10-03,0.00047000000000000004
2018-10-04,0.00047000000000000004
2018-10-05,0.00047000000000000004
2018-10-06,0.00047000000000000004
2018-10-07,0.00047000000000000004
2018-10-08,0.00047000000000000004
2018-10-09,0.00047000000000000004
2018-10-10,0.00047000000000000004
2018-10-11,0.00047000000000000004
2018-10-12,0.00047000000000000004
2018-10-13,0.00047000000000000004
2018-10-14,0.00047000000000000004
2018-10-15,0.00047000000000000004
2018-10-16,0.00047000000000000004
2018-10-17,0.00047000000000000004
2018-10-18,0.00047000000000000004
2018-10-19,0.00047000000000000004
2018-10-20,0.00047000000000000004
2018-10-21,0.00047000000000000004
2018-10-22,0.00312
2018-10-23,0.01005
2018-10-24,0.01686
2018-10-25,0.013519999999999999
2018-10-26,0.00047000000000000004
2018-10-27,0.00249
2018-10-28,0.00498
2018-10-29,0.0063
2018-10-30,0.00047999999999999996
2018-10-31,0.00047999999999999996
2018-11-01,0.00105
2018-11-02,0.00049
2018-11-03,0.00049
2018-11-04,0.00049
2018-11-05,0.00049
2018-11-06,0.00049
2018-11-07,0.00049
2018-11-08,0.0005
2018-11-09,0.0005
2018-11-10,0.0005
2018-11-11,0.01816
2018-11-12,0.05948
2018-11-13,0.03798
2018-11-14,0.03127
2018-11-15,0.05776
2018-11-16,0.12645
2018-11-17,0.039080000000000004
2018-11-18,0.053029999999999994
2018-11-19,0.00093
2018-11-20,0.00095
2018-11-21,0.0009599999999999999
2018-11-22,0.0009599999999999999
2018-11-23,0.00229
2018-11-24,0.07842
2018-11-25,0.11381
2018-11-26,0.06759
2018-11-27,0.01039
2018-11-28,0.00265
2018-11-29,0.01995
2018-11-30,0.00339
2018-12-01,0.00426
2018-12-02,0.00485
2018-12-03,0.00526
2018-12-04,0.04556
2018-12-05,0.06557
2018-12-06,0.12485999999999998
2018-12-07,0.15867
2018-12-08,0.13459000000000002
2018-12-09,0.10305
2018-12-10,0.11606
2018-12-11,0.20442000000000002
2018-12-12,0.1483
2018-12-13,0.1194
2018-12-14,0.11882999999999999
2018-12-15,0.11905999999999999
2018-12-16,0.12377
2018-12-17,0.11079000000000001
2018-12-18,0.10101
2018-12-19,0.10023
2018-12-20,0.09432
2018-12-21,0.08265
2018-12-22,0.07774
2018-12-23,0.07218
2018-12-24,0.06787
2018-12-25,0.061520000000000005
2018-12-26,0.06362000000000001
2018-12-27,0.07012
2018-12-28,0.05142000000000001
2018-12-29,0.05041
2018-12-30,0.04849
2018-12-31,0.04608
2019-01-01,0.0435
2019-01-02,0.040839999999999994
2019-01-03,0.03816
2019-01-04,0.03718
2019-01-05,0.0334
2019-01-06,0.035480000000000005
2019-01-07,0.057420000000000006
2019-01-08,0.03065
2019-01-09,0.031939999999999996
2019-01-10,0.03197
2019-01-11,0.03115
2019-01-12,0.029910000000000003
2019-01-13,0.03075
2019-01-14,0.0279
2019-01-15,0.026619999999999998
2019-01-16,0.02507
2019-01-17,0.02355
2019-01-18,0.02213
2019-01-19,0.02079
2019-01-20,0.019719999999999998
2019-01-21,0.018940000000000002
2019-01-22,0.01829
2019-01-23,0.01765
2019-01-24,0.01719
2019-01-25,0.0162
2019-01-26,0.01821
2019-01-27,0.07193
2019-01-28,0.12945
2019-01-29,0.27071999999999996
2019-01-30,0.17886
2019-01-31,0.21151999999999999
2019-02-01,0.39614
2019-02-02,0.6071300000000001
2019-02-03,0.19881
2019-02-04,0.2677
2019-02-05,0.41739
2019-02-06,0.15953
2019-02-07,0.74822
2019-02-08,1.25823
2019-02-09,0.13784000000000002
2019-02-10,0.1238
2019-02-11,0.12414000000000001
2019-02-12,0.16005
2019-02-13,0.18606
2019-02-14,0.18435
2019-02-15,0.36575
2019-02-16,0.30934
2019-02-17,0.48488000000000003
2019-02-18,0.14328
2019-02-19,0.12649000000000002
2019-02-20,0.13856
2019-02-21,0.13385
2019-02-22,0.13582
2019-02-23,0.12342
2019-02-24,0.12174000000000001
2019-02-25,0.12917
2019-02-26,0.14034000000000002
2019-02-27,0.13248
2019-02-28,0.12011
2019-03-01,0.13801
2019-03-02,0.12082999999999999
2019-03-03,0.11032
2019-03-04,0.10272
2019-03-05,0.09493
2019-03-06,0.09109
2019-03-07,0.08173
2019-03-08,0.07374
2019-03-09,0.06792000000000001
2019-03-10,0.07816000000000001
2019-03-11,0.08831
2019-03-12,0.06318
2019-03-13,0.06365
2019-03-14,0.06084
2019-03-15,0.05683
2019-03-16,0.05251
2019-03-17,0.048310000000000006
2019-03-18,0.04446
2019-03-19,0.04099
2019-03-20,0.03775
2019-03-21,0.03466
2019-03-22,0.03186
2019-03-23,0.051829999999999994
2019-03-24,0.05524
2019-03-25,0.05625
2019-03-26,0.06462000000000001
2019-03-27,0.0485
2019-03-28,0.050730000000000004
2019-03-29,0.06777999999999999
2019-03-30,0.05024
2019-03-31,0.0494
2019-04-01,0.04664
2019-04-02,0.04278
2019-04-03,0.03893
2019-04-04,0.05545
2019-04-05,0.03393
2019-04-06,0.03257
2019-04-07,0.0306
2019-04-08,0.02818
2019-04-09,0.02547
2019-04-10,0.02298
2019-04-11,0.02077
2019-04-12,0.01859
2019-04-13,0.01641
2019-04-14,0.021240000000000002
2019-04-15,0.03306
2019-04-16,0.08291
2019-04-17,0.09122999999999999
2019-04-18,0.0466
2019-04-19,0.05255
2019-04-20,0.057139999999999996
2019-04-21,0.054110000000000005
2019-04-22,0.06163
2019-04-23,0.06959
2019-04-24,0.05731
2019-04-25,0.05438
2019-04-26,0.053079999999999995
2019-04-27,0.07284
2019-04-28,0.084
2019-04-29,0.09844
2019-04-30,0.07689
2019-05-01,0.07918
2019-05-02,0.07352
2019-05-03,0.07028
2019-05-04,0.06685
2019-05-05,0.0602
2019-05-06,0.05565
2019-05-07,0.07024
2019-05-08,0.07549
2019-05-09,0.05375
2019-05-10,0.06209
2019-05-11,0.05409
2019-05-12,0.05062
2019-05-13,0.04647
2019-05-14,0.04174
2019-05-15,0.03613
2019-05-16,0.03067
2019-05-17,0.02605
2019-05-18,0.02186
2019-05-19,0.018269999999999998
2019-05-20,0.015059999999999999
2019-05-21,0.01196
2019-05-22,0.00943
2019-05-23,0.007490000000000001
2019-05-24,0.00577
2019-05-25,0.0042899999999999995
2019-05-26,0.0033
2019-05-27,0.0028
2019-05-28,0.00242
2019-05-29,0.00197
2019-05-30,0.00157
2019-05-31,0.00131
2019-06-01,0.00123
2019-06-02,0.00122
2019-06-03,0.00121
2019-06-04,0.00121
2019-06-05,0.00161
2019-06-06,0.00119
2019-06-07,0.00118
2019-06-08,0.00118
2019-06-09,0.00175
2019-06-10,0.00116
2019-06-11,0.00115
2019-06-12,0.00114
2019-06-13,0.00112
2019-06-14,0.0011
2019-06-15,0.00108
2019-06-16,0.00107
2019-06-17,0.00105
2019-06-18,0.00103
2019-06-19,0.0010199999999999999
2019-06-20,0.001
2019-06-21,0.00098
2019-06-22,0.0009599999999999999
2019-06-23,0.0009400000000000001
2019-06-24,0.00093
2019-06-25,0.00091
2019-06-26,0.0008900000000000001
2019-06-27,0.0008699999999999999
2019-06-28,0.00085
2019-06-29,0.0008300000000000001
2019-06-30,0.00082
2019-07-01,0.0008
2019-07-02,0.00078
2019-07-03,0.0007599999999999999
2019-07-04,0.00074
2019-07-05,0.00073
2019-07-06,0.0007099999999999999
2019-07-07,0.0007
2019-07-08,0.0006799999999999999
2019-07-09,0.00067
2019-07-10,0.00065
2019-07-11,0.00064
2019-07-12,0.00063
2019-07-13,0.00062
2019-07-14,0.0006
2019-07-15,0.00059
2019-07-16,0.00058
2019-07-17,0.00057
2019-07-18,0.00056
2019-07-19,0.00055
2019-07-20,0.00054
2019-07-21,0.00053
2019-07-22,0.0005200000000000001
2019-07-23,0.0005200000000000001
2019-07-24,0.0005099999999999999
2019-07-25,0.0005
2019-07-26,0.0005
2019-07-27,0.0005
2019-07-28,0.00049
2019-07-29,0.00049
2019-07-30,0.00049
2019-07-31,0.00049
2019-08-01,0.00049
2019-08-02,0.00047999999999999996
2019-08-03,0.00047999999999999996
2019-08-04,0.00047999999999999996
2019-08-05,0.00047999999999999996
2019-08-06,0.00047999999999999996
2019-08-07,0.00047999999999999996
2019-08-08,0.00047999999999999996
2019-08-09,0.00047999999999999996
2019-08-10,0.00047999999999999996
2019-08-11,0.00047999999999999996
2019-08-12,0.00047999999999999996
2019-08-13,0.00047999999999999996
2019-08-14,0.00047999999999999996
2019-08-15,0.00047999999999999996
2019-08-16,0.00047999999999999996
2019-08-17,0.00047999999999999996
2019-08-18,0.00047999999999999996
2019-08-19,0.00047999999999999996
2019-08-20,0.00047999999999999996
2019-08-21,0.00047999999999999996
2019-08-22,0.00047999999999999996
2019-08-23,0.00047999999999999996
2019-08-24,0.0008699999999999999
2019-08-25,0.00047999999999999996
2019-08-26,0.00047999999999999996
2019-08-27,0.00047999999999999996
2019-08-28,0.00047999999999999996
2019-08-29,0.00047999999999999996
2019-08-30,0.00047999999999999996
2019-08-31,0.00047999999999999996
2019-09-01,0.00215
2019-09-02,0.00047999999999999996
2019-09-03,0.0031
2019-09-04,0.00047999999999999996
2019-09-05,0.00298
2019-09-06,0.00047999999999999996
2019-09-07,0.00047999999999999996
2019-09-08,0.00336
2019-09-09,0.00047999999999999996
2019-09-10,0.00047999999999999996
2019-09-11,0.00047999999999999996
2019-09-12,0.00047999999999999996
2019-09-13,0.00067
2019-09-14,0.00047999999999999996
2019-09-15,0.00047000000000000004
2019-09-16,0.00047000000000000004
2019-09-17,0.00047000000000000004
2019-09-18,0.00047000000000000004
2019-09-19,0.00047000000000000004
2019-09-20,0.00047000000000000004
2019-09-21,0.00047000000000000004
2019-09-22,0.00047000000000000004
2019-09-23,0.00047000000000000004
2019-09-24,0.00047000000000000004
2019-09-25,0.00047000000000000004
2019-09-26,0.00047000000000000004
2019-09-27,0.00047000000000000004
2019-09-28,0.00062
2019-09-29,0.0011
2019-09-30,0.0009
2019-10-01,0.00066
2019-10-02,0.00172
2019-10-03,0.00047000000000000004
2019-10-04,0.00047000000000000004
2019-10-05,0.00047000000000000004
2019-10-06,0.00047000000000000004
2019-10-07,0.00047000000000000004
2019-10-08,0.00335
2019-10-09,0.00047000000000000004
2019-10-10,0.00468
2019-10-11,0.00303
2019-10-12,0.00047000000000000004
2019-10-13,0.00047000000000000004
2019-10-14,0.00047000000000000004
2019-10-15,0.00047000000000000004
2019-10-16,0.00314
2019-10-17,0.00061
2019-10-18,0.00313
2019-10-19,0.00047000000000000004
2019-10-20,0.00047000000000000004
2019-10-21,0.00047000000000000004
2019-10-22,0.01354
2019-10-23,0.03284
2019-10-24,0.010579999999999999
2019-10-25,0.00049
2019-10-26,0.00411
2019-10-27,0.0005
2019-10-28,0.00259
2019-10-29,0.02304
2019-10-30,0.026889999999999997
2019-10-31,0.00056
2019-11-01,0.04358
2019-11-02,0.0405
2019-11-03,0.014369999999999999
2019-11-04,0.0007
2019-11-05,0.0013599999999999999
2019-11-06,0.00072
2019-11-07,0.00073
2019-11-08,0.01785
2019-11-09,0.028999999999999998
2019-11-10,0.0007599999999999999
2019-11-11,0.00078
2019-11-12,0.00079
2019-11-13,0.00079
2019-11-14,0.0008
2019-11-15,0.0008
2019-11-16,0.0008
2019-11-17,0.0008
2019-11-18,0.0008
2019-11-19,0.00079
2019-11-20,0.00079
2019-11-21,0.00079
2019-11-22,0.00246
2019-11-23,0.014240000000000001
2019-11-24,0.010159999999999999
2019-11-25,0.02415
2019-11-26,0.02814
2019-11-27,0.02479
2019-11-28,0.01651
2019-11-29,0.0017699999999999999
2019-11-30,0.00892
2019-12-01,0.055439999999999996
2019-12-02,0.02395
2019-12-03,0.0067
2019-12-04,0.00118
2019-12-05,0.00315
2019-12-06,0.007259999999999999
2019-12-07,0.00109
2019-12-08,0.0011
2019-12-09,0.0011
2019-12-10,0.00164
2019-12-11,0.0011099999999999999
2019-12-12,0.00144
2019-12-13,0.0011099999999999999
2019-12-14,0.01153
2019-12-15,0.030969999999999998
2019-12-16,0.01645
2019-12-17,0.0655
2019-12-18,0.21422
2019-12-19,0.15525
2019-12-20,0.07898
2019-12-21,0.15028
2019-12-22,0.31285
2019-12-23,0.31839
2019-12-24,0.20188
2019-12-25,0.1266
2019-12-26,0.12159
2019-12-27,0.12138
2019-12-28,0.12075
2019-12-29,0.11825
2019-12-30,0.11202000000000001
2019-12-31,0.10237
2020-01-01,0.09265
2020-01-02,0.08367999999999999
2020-01-03,0.07717
2020-01-04,0.069
2020-01-05,0.06361
2020-01-06,0.07806
2020-01-07,0.0543
2020-01-08,0.0519
2020-01-09,0.04947
2020-01-10,0.0469
2020-01-11,0.04408
2020-01-12,0.041069999999999995
2020-01-13,0.0393
2020-01-14,0.03633
2020-01-15,0.03581
2020-01-16,0.03253
2020-01-17,0.03059
2020-01-18,0.04798
2020-01-19,0.0719
2020-01-20,0.14481
2020-01-21,0.08818
2020-01-22,0.09036
2020-01-23,0.08596000000000001
2020-01-24,0.12943
2020-01-25,0.16814
2020-01-26,0.11621
2020-01-27,0.1158
2020-01-28,0.109
2020-01-29,0.11795
2020-01-30,0.17581
2020-01-31,0.17373
2020-02-01,0.14555
2020-02-02,0.12800999999999998
2020-02-03,0.12561
2020-02-04,0.12147999999999999
2020-02-05,0.1143
2020-02-06,0.10447999999999999
2020-02-07,0.09412000000000001
2020-02-08,0.0861
2020-02-09,0.07801
2020-02-10,0.0823
2020-02-11,0.07128
2020-02-12,0.061970000000000004
2020-02-13,0.05794
2020-02-14,0.0597
2020-02-15,0.05006
2020-02-16,0.04641
2020-02-17,0.04301
2020-02-18,0.03985
2020-02-19,0.03671
2020-02-20,0.03391
2020-02-21,0.03154
2020-02-22,0.029210000000000003
2020-02-23,0.02685
2020-02-24,0.02459
2020-02-25,0.02253
2020-02-26,0.020659999999999998
2020-02-27,0.018930000000000002
2020-02-28,0.01789
2020-02-29,0.03645
2020-03-01,0.16472
2020-03-02,0.14740999999999999
2020-03-03,0.15775
2020-03-04,0.14057999999999998
2020-03-05,0.12219000000000001
2020-03-06,0.25101
2020-03-07,0.72407
2020-03-08,0.32455
2020-03-09,0.12370999999999999
2020-03-10,0.12347000000000001
2020-03-11,0.12343
2020-03-12,0.12415999999999999
2020-03-13,0.12349
2020-03-14,0.11888
2020-03-15,0.10962999999999999
2020-03-16,0.12657000000000002
2020-03-17,0.11924000000000001
2020-03-18,0.09802999999999999
2020-03-19,0.09469
2020-03-20,0.0877
2020-03-21,0.08114
2020-03-22,0.07451
2020-03-23,0.06803
2020-03-24,0.06187
2020-03-25,0.056510000000000005
2020-03-26,0.05194
2020-03-27,0.04753
2020-03-28,0.043460000000000006
2020-03-29,0.04178
2020-03-30,0.04652
2020-03-31,0.03627
2020-04-01,0.03317
2020-04-02,0.03065
2020-04-03,0.03011
2020-04-04,0.0688
2020-04-05,0.12593
2020-04-06,0.07685
2020-04-07,0.0693
2020-04-08,0.06782
2020-04-09,0.06336
2020-04-10,0.05795
2020-04-11,0.052570000000000006
2020-04-12,0.0472
2020-04-13,0.041960000000000004
2020-04-14,0.038489999999999996
2020-04-15,0.03447
2020-04-16,0.03094
2020-04-17,0.02715
2020-04-18,0.023540000000000002
2020-04-19,0.02041
2020-04-20,0.01766
2020-04-21,0.01522
2020-04-22,0.01316
2020-04-23,0.01139
2020-04-24,0.00981
2020-04-25,0.0162
2020-04-26,0.020319999999999998
2020-04-27,0.00746
2020-04-28,0.00657
2020-04-29,0.0277
2020-04-30,0.01124
2020-05-01,0.0065
2020-05-02,0.00624
2020-05-03,0.00565
2020-05-04,0.00498
2020-05-05,0.00433
2020-05-06,0.0036899999999999997
2020-05-07,0.00329
2020-05-08,0.00292
2020-05-09,0.00237
2020-05-10,0.00186
2020-05-11,0.0015400000000000001
2020-05-12,0.00132
2020-05-13,0.00521
2020-05-14,0.00123
2020-05-15,0.00121
2020-05-16,0.00121
2020-05-17,0.0012
2020-05-18,0.00119
2020-05-19,0.0098
2020-05-20,0.00118
2020-05-21,0.00117
2020-05-22,0.00117
2020-05-23,0.00116
2020-05-24,0.00116
2020-05-25,0.00114
2020-05-26,0.0011300000000000001
2020-05-27,0.00112
2020-05-28,0.0011099999999999999
2020-05-29,0.0011
2020-05-30,0.00108
2020-05-31,0.00107
2020-06-01,0.00105
2020-06-02,0.0010400000000000001
2020-06-03,0.00103
2020-06-04,0.00101
2020-06-05,0.001
2020-06-06,0.00099
2020-06-07,0.0009699999999999999
2020-06-08,0.0009599999999999999
2020-06-09,0.0009400000000000001
2020-06-10,0.00093
2020-06-11,0.00091
2020-06-12,0.0009
2020-06-13,0.00088
2020-06-14,0.0008699999999999999
2020-06-15,0.00086
2020-06-16,0.00084
2020-06-17,0.0008300000000000001
2020-06-18,0.00081
2020-06-19,0.0008
2020-06-20,0.00078
2020-06-21,0.0007599999999999999
2020-06-22,0.00075
2020-06-23,0.00073
2020-06-24,0.00072
2020-06-25,0.0007
2020-06-26,0.0006900000000000001
2020-06-27,0.0006799999999999999
2020-06-28,0.00066
2020-06-29,0.00065
2020-06-30,0.00063
2020-07-01,0.00062
2020-07-02,0.00061
2020-07-03,0.0006
2020-07-04,0.00059
2020-07-05,0.00058
2020-07-06,0.00057
2020-07-07,0.00056
2020-07-08,0.00055
2020-07-09,0.00054
2020-07-10,0.00053
2020-07-11,0.00053
2020-07-12,0.0005200000000000001
2020-07-13,0.0005099999999999999
2020-07-14,0.0005099999999999999
2020-07-15,0.0005
2020-07-16,0.0005
2020-07-17,0.00049
2020-07-18,0.00049
2020-07-19,0.00049
2020-07-20,0.00049
2020-07-21,0.00047999999999999996
2020-07-22,0.00047999999999999996
2020-07-23,0.00047999999999999996
2020-07-24,0.00047999999999999996
2020-07-25,0.00047999999999999996
2020-07-26,0.00047999999999999996
2020-07-27,0.00047999999999999996
2020-07-28,0.00047999999999999996
2020-07-29,0.00047999999999999996
2020-07-30,0.00047999999999999996
2020-07-31,0.00047999999999999996
2020-08-01,0.00047999999999999996
2020-08-02,0.00047999999999999996
2020-08-03,0.00047999999999999996
2020-08-04,0.00047999999999999996
2020-08-05,0.00047999999999999996
2020-08-06,0.00047999999999999996
2020-08-07,0.00047999999999999996
2020-08-08,0.00047999999999999996
2020-08-09,0.00047999999999999996
2020-08-10,0.00047999999999999996
2020-08-11,0.00047999999999999996
2020-08-12,0.00047999999999999996
2020-08-13,0.00047999999999999996
2020-08-14,0.00047999999999999996
2020-08-15,0.00047999999999999996
2020-08-16,0.00047999999999999996
2020-08-17,0.00047999999999999996
2020-08-18,0.00047999999999999996
2020-08-19,0.00047999999999999996
2020-08-20,0.00047999999999999996
2020-08-21,0.00047999999999999996
2020-08-22,0.00047999999999999996
2020-08-23,0.00047999999999999996
2020-08-24,0.00047999999999999996
2020-08-25,0.00047999999999999996
2020-08-26,0.00047999999999999996
2020-08-27,0.0714
2020-08-28,0.37679
2020-08-29,0.04689
2020-08-30,0.0006799999999999999
2020-08-31,0.0013
2020-09-01,0.00084
2020-09-02,0.0007099999999999999
2020-09-03,0.0007
2020-09-04,0.0007
2020-09-05,0.0006900000000000001
2020-09-06,0.0006799999999999999
2020-09-07,0.00067
2020-09-08,0.00066
2020-09-09,0.00065
2020-09-10,0.00065
2020-09-11,0.00064
2020-09-12,0.00064
2020-09-13,0.00063
2020-09-14,0.00063
2020-09-15,0.00062
2020-09-16,0.0017399999999999998
2020-09-17,0.00061
2020-09-18,0.00061
2020-09-19,0.0006
2020-09-20,0.00059
2020-09-21,0.00059
2020-09-22,0.00058
2020-09-23,0.00057
2020-09-24,0.00057
2020-09-25,0.00056
2020-09-26,0.00056
2020-09-27,0.00055
2020-09-28,0.00054
2020-09-29,0.00054
2020-09-30,0.00054
2020-10-01,0.00053
2020-10-02,0.01371
2020-10-03,0.02078
2020-10-04,0.00053
2020-10-05,0.00053
2020-10-06,0.00053
2020-10-07,0.00053
2020-10-08,0.00053
2020-10-09,0.00053
2020-10-10,0.00053
2020-10-11,0.00053
2020-10-12,0.00053
2020-10-13,0.0005200000000000001
2020-10-14,0.0005200000000000001
2020-10-15,0.0005200000000000001
2020-10-16,0.0005200000000000001
2020-10-17,0.0005200000000000001
2020-10-18,0.0005099999999999999
2020-10-19,0.0005099999999999999
2020-10-20,0.0005099999999999999
2020-10-21,0.0005099999999999999
2020-10-22,0.0005099999999999999
2020-10-23,0.0005099999999999999
2020-10-24,0.0005099999999999999
2020-10-25,0.0005
2020-10-26,0.0005
2020-10-27,0.0005
2020-10-28,0.0005
2020-10-29,0.0005
2020-10-30,0.0005
2020-10-31,0.0005
2020-11-01,0.0005
2020-11-02,0.0005
2020-11-03,0.0005
2020-11-04,0.00049
2020-11-05,0.00049
2020-11-06,0.00049
2020-11-07,0.00049
2020-11-08,0.00049
2020-11-09,0.00049
2020-11-10,0.00049
2020-11-11,0.00049
2020-11-12,0.00049
2020-11-13,0.00049
2020-11-14,0.00049
2020-11-15,0.00218
2020-11-16,0.00049
2020-11-17,0.00084
2020-11-18,0.00049
2020-11-19,0.00049
2020-11-20,0.00049
2020-11-21,0.00049
2020-11-22,0.00049
2020-11-23,0.00049
2020-11-24,0.00049
2020-11-25,0.00049
2020-11-26,0.00049
2020-11-27,0.0007099999999999999
2020-11-28,0.00074
2020-11-29,0.00062
2020-11-30,0.00049
2020-12-01,0.00049
2020-12-02,0.00049
2020-12-03,0.00061
2020-12-04,0.00049
2020-12-05,0.00049
2020-12-06,0.00049
2020-12-07,0.00047999999999999996
2020-12-08,0.01715
2020-12-09,0.07111
2020-12-10,0.05901
2020-12-11,0.027739999999999997
2020-12-12,0.01952
2020-12-13,0.00165
2020-12-14,0.00124
2020-12-15,0.0006900000000000001
2020-12-16,0.024980000000000002
2020-12-17,0.06535
2020-12-18,0.06897
2020-12-19,0.00085
2020-12-20,0.00088
2020-12-21,0.0008900000000000001
2020-12-22,0.0008900000000000001
2020-12-23,0.0009
2020-12-24,0.011290000000000001
2020-12-25,0.04676
2020-12-26,0.037110000000000004
2020-12-27,0.00099
2020-12-28,0.00101
2020-12-29,0.00103
2020-12-30,0.00103
2020-12-31,0.0010400000000000001
2021-01-01,0.0010400000000000001
2021-01-02,0.0010400000000000001
2021-01-03,0.0010400000000000001
2021-01-04,0.0010400000000000001
2021-01-05,0.0010400000000000001
2021-01-06,0.0010400000000000001
2021-01-07,0.0010400000000000001
2021-01-08,0.03403
2021-01-09,0.03005
2021-01-10,0.015009999999999999
2021-01-11,0.01798
2021-01-12,0.0011300000000000001
2021-01-13,0.0020800000000000003
2021-01-14,0.00116
2021-01-15,0.00116
2021-01-16,0.0036
2021-01-17,0.01596
2021-01-18,0.02777
2021-01-19,0.00128
2021-01-20,0.00143
2021-01-21,0.0016300000000000002
2021-01-22,0.00179
2021-01-23,0.006520000000000001
2021-01-24,0.004229999999999999
2021-01-25,0.01765
2021-01-26,0.0047
2021-01-27,0.0041
2021-01-28,0.00554
2021-01-29,0.019280000000000002
2021-01-30,0.01886
2021-01-31,0.0067
2021-02-01,0.008190000000000001
2021-02-02,0.00925
2021-02-03,0.01525
2021-02-04,0.01616
2021-02-05,0.02284
2021-02-06,0.036680000000000004
2021-02-07,0.03125
2021-02-08,0.02279
2021-02-09,0.030330000000000003
2021-02-10,0.02547
2021-02-11,0.02648
2021-02-12,0.026619999999999998
2021-02-13,0.026489999999999996
2021-02-14,0.03694
2021-02-15,0.04793
2021-02-16,0.05608
2021-02-17,0.06079
2021-02-18,0.07627
2021-02-19,0.07762000000000001
2021-02-20,0.08797999999999999
2021-02-21,0.10347
2021-02-22,0.08765
2021-02-23,0.08466
2021-02-24,0.08246
2021-02-25,0.0839
2021-02-26,0.07672999999999999
2021-02-27,0.07607
2021-02-28,0.06877
2021-03-01,0.06567
2021-03-02,0.0612
2021-03-03,0.0583
2021-03-04,0.05527000000000001
2021-03-05,0.05235
2021-03-06,0.049030000000000004
2021-03-07,0.0452
2021-03-08,0.042660000000000003
2021-03-09,0.05976
2021-03-10,0.06834
2021-03-11,0.044989999999999995
2021-03-12,0.050730000000000004
2021-03-13,0.04782
2021-03-14,0.04607
2021-03-15,0.043930000000000004
2021-03-16,0.06717999999999999
2021-03-17,0.07496
2021-03-18,0.05069
2021-03-19,0.05294
2021-03-20,0.05094
2021-03-21,0.0472
2021-03-22,0.04313
2021-03-23,0.03934
2021-03-24,0.03567
2021-03-25,0.03213
2021-03-26,0.029060000000000002
2021-03-27,0.02622
2021-03-28,0.02362
2021-03-29,0.040619999999999996
2021-03-30,0.04233
2021-03-31,0.027589999999999996
2021-04-01,0.02506
2021-04-02,0.02525
2021-04-03,0.030719999999999997
2021-04-04,0.02539
2021-04-05,0.02469
2021-04-06,0.02363
2021-04-07,0.02214
2021-04-08,0.02044
2021-04-09,0.01876
2021-04-10,0.027039999999999998
2021-04-11,0.01768
2021-04-12,0.01684
2021-04-13,0.01646
2021-04-14,0.015340000000000001
2021-04-15,0.0142
2021-04-16,0.01291
2021-04-17,0.0115
2021-04-18,0.01012
2021-04-19,0.00883
2021-04-20,0.00763
2021-04-21,0.00655
2021-04-22,0.00557
2021-04-23,0.00469
2021-04-24,0.0039700000000000004
2021-04-25,0.00339
2021-04-26,0.01242
2021-04-27,0.00283
2021-04-28,0.00253
2021-04-29,0.00224
2021-04-30,0.00195
2021-05-01,0.0016699999999999998
2021-05-02,0.00293
2021-05-03,0.007390000000000001
2021-05-04,0.01549
2021-05-05,0.00175
2021-05-06,0.00145
2021-05-07,0.00137
2021-05-08,0.00131
2021-05-09,0.00135
2021-05-10,0.00125
2021-05-11,0.00123
2021-05-12,0.00121
2021-05-13,0.0012
2021-05-14,0.00119
2021-05-15,0.00117
2021-05-16,0.00116
2021-05-17,0.00114
2021-05-18,0.0017
2021-05-19,0.0011300000000000001
2021-05-20,0.00112
2021-05-21,0.0011099999999999999
2021-05-22,0.0011
2021-05-23,0.00108
2021-05-24,0.00107
2021-05-25,0.0020800000000000003
2021-05-26,0.00541
2021-05-27,0.01112
2021-05-28,0.00106
2021-05-29,0.00105
2021-05-30,0.00103
2021-05-31,0.0010199999999999999
2021-06-01,0.00101
2021-06-02,0.00099
2021-06-03,0.00098
2021-06-04,0.0009699999999999999
2021-06-05,0.00278
2021-06-06,0.0009599999999999999
2021-06-07,0.0009400000000000001
2021-06-08,0.00093
2021-06-09,0.0009199999999999999
2021-06-10,0.0009
2021-06-11,0.0008900000000000001
2021-06-12,0.0008699999999999999
2021-06-13,0.00085
2021-06-14,0.0008300000000000001
2021-06-15,0.00081
2021-06-16,0.0008
2021-06-17,0.00078
2021-06-18,0.0007599999999999999
2021-06-19,0.00074
2021-06-20,0.00073
2021-06-21,0.0007099999999999999
2021-06-22,0.0006900000000000001
2021-06-23,0.00067
2021-06-24,0.00066
2021-06-25,0.00064
2021-06-26,0.00063
2021-06-27,0.00062
2021-06-28,0.00061
2021-06-29,0.0006
2021-06-30,0.00156
2021-07-01,0.00058
2021-07-02,0.00057
2021-07-03,0.00056
2021-07-04,0.00055
2021-07-05,0.00054
2021-07-06,0.00053
2021-07-07,0.0005200000000000001
2021-07-08,0.0005099999999999999
2021-07-09,0.0005099999999999999
2021-07-10,0.0005
2021-07-11,0.0005
2021-07-12,0.00049
2021-07-13,0.00049
2021-07-14,0.00049
2021-07-15,0.00049
2021-07-16,0.00047999999999999996
2021-07-17,0.00047999999999999996
2021-07-18,0.00047999999999999996
2021-07-19,0.00047999999999999996
2021-07-20,0.00047999999999999996
2021-07-21,0.00047999999999999996
2021-07-22,0.00047999999999999996
2021-07-23,0.00047999999999999996
2021-07-24,0.00047999999999999996
2021-07-25,0.00047999999999999996
2021-07-26,0.00047999999999999996
2021-07-27,0.00047999999999999996
2021-07-28,0.00047999999999999996
2021-07-29,0.00047999999999999996
2021-07-30,0.00047999999999999996
2021-07-31,0.00047999999999999996
2021-08-01,0.00047999999999999996
2021-08-02,0.00047999999999999996
2021-08-03,0.00047999999999999996
2021-08-04,0.00047999999999999996
2021-08-05,0.00047999999999999996
2021-08-06,0.00047999999999999996
2021-08-07,0.00047999999999999996
2021-08-08,0.00047999999999999996
2021-08-09,0.00047999999999999996
2021-08-10,0.00047999999999999996
2021-08-11,0.00047999999999999996
2021-08-12,0.00047999999999999996
2021-08-13,0.00047999999999999996
2021-08-14,0.00047999999999999996
2021-08-15,0.00047999999999999996
2021-08-16,0.00047999999999999996
2021-08-17,0.00047999999999999996
2021-08-18,0.00047999999999999996
2021-08-19,0.00047999999999999996
2021-08-20,0.00047999999999999996
2021-08-21,0.00047999999999999996
2021-08-22,0.00047999999999999996
2021-08-23,0.00047999999999999996
2021-08-24,0.00047999999999999996
2021-08-25,0.00047999999999999996
2021-08-26,0.00047999999999999996
2021-08-27,0.00047999999999999996
2021-08-28,0.00047999999999999996
2021-08-29,0.00047999999999999996
2021-08-30,0.00047000000000000004
2021-08-31,0.00047000000000000004
2021-09-01,0.00047000000000000004
2021-09-02,0.0008699999999999999
2021-09-03,0.00047000000000000004
2021-09-04,0.00047000000000000004
2021-09-05,0.00047000000000000004
2021-09-06,0.00047000000000000004
2021-09-07,0.00047000000000000004
2021-09-08,0.00047000000000000004
2021-09-09,0.00047000000000000004
2021-09-10,0.00047000000000000004
2021-09-11,0.00047000000000000004
2021-09-12,0.00047000000000000004
2021-09-13,0.00047000000000000004
2021-09-14,0.00047000000000000004
2021-09-15,0.00047000000000000004
2021-09-16,0.00047000000000000004
2021-09-17,0.00047000000000000004
2021-09-18,0.00047000000000000004
2021-09-19,0.00047000000000000004
2021-09-20,0.00047000000000000004
2021-09-21,0.00047000000000000004
2021-09-22,0.00047000000000000004
2021-09-23,0.00047000000000000004
2021-09-24,0.00047000000000000004
2021-09-25,0.00047000000000000004
2021-09-26,0.00047000000000000004
2021-09-27,0.00047000000000000004
2021-09-28,0.00047000000000000004
2021-09-29,0.00047000000000000004
2021-09-30,0.00047000000000000004
2021-10-01,0.00047000000000000004
2021-10-02,0.00047000000000000004
2021-10-03,0.00047000000000000004
2021-10-04,0.00047000000000000004
2021-10-05,0.00047000000000000004
2021-10-06,0.00047000000000000004
2021-10-07,0.00047000000000000004
2021-10-08,0.00047000000000000004
2021-10-09,0.00047000000000000004
2021-10-10,0.00047000000000000004
2021-10-11,0.00047000000000000004
2021-10-12,0.00047000000000000004
2021-10-13,0.00047000000000000004
2021-10-14,0.00047000000000000004
2021-10-15,0.00047000000000000004
2021-10-16,0.00047000000000000004
2021-10-17,0.00061
2021-10-18,0.0006
2021-10-19,0.00047000000000000004
2021-10-20,0.00047000000000000004
2021-10-21,0.00067
2021-10-22,0.00072
2021-10-23,0.00047000000000000004
2021-10-24,0.00047000000000000004
2021-10-25,0.00047000000000000004
2021-10-26,0.00418
2021-10-27,0.00047000000000000004
2021-10-28,0.00047000000000000004
2021-10-29,0.00106
2021-10-30,0.00047000000000000004
2021-10-31,0.00047000000000000004
2021-11-01,0.00047000000000000004
2021-11-02,0.00047000000000000004
2021-11-03,0.00047000000000000004
2021-11-04,0.007379999999999999
2021-11-05,0.028419999999999997
2021-11-06,0.00047000000000000004
2021-11-07,0.00047000000000000004
2021-11-08,0.00047000000000000004
2021-11-09,0.00182
2021-11-10,0.00381
2021-11-11,0.00047000000000000004
2021-11-12,0.00047000000000000004
2021-11-13,0.00047000000000000004
2021-11-14,0.00047000000000000004
2021-11-15,0.00047999999999999996
2021-11-16,0.00379
2021-11-17,0.00047999999999999996
2021-11-18,0.00047999999999999996
2021-11-19,0.031639999999999995
2021-11-20,0.0103
2021-11-21,0.0005
2021-11-22,0.0005099999999999999
2021-11-23,0.0005200000000000001
2021-11-24,0.00053
2021-11-25,0.00053
2021-11-26,0.00054
2021-11-27,0.00056
2021-11-28,0.004370000000000001
2021-11-29,0.00761
2021-11-30,0.00461
2021-12-01,0.007529999999999999
2021-12-02,0.0009699999999999999
2021-12-03,0.00057
2021-12-04,0.00057
2021-12-05,0.00057
2021-12-06,0.00057
2021-12-07,0.00057
2021-12-08,0.00058
2021-12-09,0.00058
2021-12-10,0.0020399999999999997
2021-12-11,0.00058
2021-12-12,0.00058
2021-12-13,0.00058
2021-12-14,0.00058
2021-12-15,0.00067
2021-12-16,0.00058
2021-12-17,0.00058
2021-12-18,0.00058
2021-12-19,0.00058
2021-12-20,0.00058
2021-12-21,0.00058
2021-12-22,0.00058
2021-12-23,0.00058
2021-12-24,0.00058
2021-12-25,0.00058
2021-12-26,0.00058
2021-12-27,0.00058
2021-12-28,0.00057
2021-12-29,0.00057
2021-12-30,0.00374
2021-12-31,0.022000000000000002
2022-01-01,0.015580000000000002
2022-01-02,0.0025
2022-01-03,0.0028699999999999997
2022-01-04,0.00275
2022-01-05,0.00061
2022-01-06,0.00061
2022-01-07,0.00061
2022-01-08,0.00062
2022-01-09,0.00062
2022-01-10,0.00062
2022-01-11,0.00062
2022-01-12,0.00218
2022-01-13,0.00838
2022-01-14,0.035410000000000004
2022-01-15,0.27
2022-01-16,0.3405
2022-01-17,0.05018
2022-01-18,0.08242000000000001
2022-01-19,0.00648
2022-01-20,0.00114
2022-01-21,0.00121
2022-01-22,0.02707
2022-01-23,0.08552
2022-01-24,0.01284
2022-01-25,0.020909999999999998
2022-01-26,0.12875
2022-01-27,0.39741
2022-01-28,0.15782000000000002
2022-01-29,0.10275
2022-01-30,0.10855
2022-01-31,0.13011
2022-02-01,0.21694000000000002
2022-02-02,0.8042
2022-02-03,0.40521999999999997
2022-02-04,0.32656999999999997
2022-02-05,0.17282999999999998
2022-02-06,0.59634
2022-02-07,0.8613200000000001
2022-02-08,0.18137999999999999
2022-02-09,0.12725999999999998
2022-02-10,0.12390999999999999
2022-02-11,0.14171
2022-02-12,0.13018
2022-02-13,0.15298
2022-02-14,0.19372999999999999
2022-02-15,0.35917
2022-02-16,0.22227
2022-02-17,0.1418
2022-02-18,0.13752
2022-02-19,0.14447000000000002
2022-02-20,0.17142000000000002
2022-02-21,0.26565
2022-02-22,0.17989000000000002
2022-02-23,0.12949000000000002
2022-02-24,0.12424
2022-02-25,0.12430999999999999
2022-02-26,0.12512
2022-02-27,0.12442
2022-02-28,0.12329000000000001
2022-03-01,0.11306
2022-03-02,0.10282000000000001
2022-03-03,0.09293
2022-03-04,0.0836
2022-03-05,0.07515
2022-03-06,0.06754
2022-03-07,0.06242999999999999
2022-03-08,0.05559
2022-03-09,0.05061
2022-03-10,0.04591
2022-03-11,0.041589999999999995
2022-03-12,0.03764
2022-03-13,0.03615
2022-03-14,0.03184
2022-03-15,0.03015
2022-03-16,0.02928
2022-03-17,0.02539
2022-03-18,0.02338
2022-03-19,0.02144
2022-03-20,0.03922
2022-03-21,0.01879
2022-03-22,0.0209
2022-03-23,0.052610000000000004
2022-03-24,0.09179
2022-03-25,0.06817999999999999
2022-03-26,0.06534
2022-03-27,0.057510000000000006
2022-03-28,0.056589999999999994
2022-03-29,0.053020000000000005
2022-03-30,0.0485
2022-03-31,0.04434
2022-04-01,0.039889999999999995
2022-04-02,0.03897
2022-04-03,0.043039999999999995
2022-04-04,0.03178
2022-04-05,0.03088
2022-04-06,0.028739999999999998
2022-04-07,0.026969999999999997
2022-04-08,0.02454
2022-04-09,0.02363
2022-04-10,0.02017
2022-04-11,0.01821
2022-04-12,0.016309999999999998
2022-04-13,0.014430000000000002
2022-04-14,0.012969999999999999
2022-04-15,0.03227
2022-04-16,0.07902999999999999
2022-04-17,0.02182
2022-04-18,0.02623
2022-04-19,0.02635
2022-04-20,0.02541
2022-04-21,0.02433
2022-04-22,0.023280000000000002
2022-04-23,0.02343
2022-04-24,0.030889999999999997
2022-04-25,0.03915
2022-04-26,0.03013
2022-04-27,0.02441
2022-04-28,0.02337
2022-04-29,0.0214
2022-04-30,0.019209999999999998
2022-05-01,0.01658
2022-05-02,0.0138
2022-05-03,0.01183
2022-05-04,0.00957
2022-05-05,0.00962
2022-05-06,0.00761
2022-05-07,0.02005
2022-05-08,0.01756
2022-05-09,0.006690000000000001
2022-05-10,0.01009
2022-05-11,0.026139999999999997
2022-05-12,0.030180000000000002
2022-05-13,0.011170000000000001
2022-05-14,0.0176
2022-05-15,0.01342
2022-05-16,0.01289
2022-05-17,0.0256
2022-05-18,0.04328
2022-05-19,0.03635
2022-05-20,0.02275
2022-05-21,0.02441
2022-05-22,0.023569999999999997
2022-05-23,0.02155
2022-05-24,0.01898
2022-05-25,0.01642
2022-05-26,0.015609999999999999
2022-05-27,0.016569999999999998
2022-05-28,0.01261
2022-05-29,0.01115
2022-05-30,0.00951
2022-05-31,0.00808
2022-06-01,0.00695
2022-06-02,0.0059299999999999995
2022-06-03,0.00484
2022-06-04,0.0038
2022-06-05,0.00294
2022-06-06,0.00234
2022-06-07,0.00201
2022-06-08,0.0017699999999999999
2022-06-09,0.00149
2022-06-10,0.00132
2022-06-11,0.00125
2022-06-12,0.00122
2022-06-13,0.0012
2022-06-14,0.00119
2022-06-15,0.00118
2022-06-16,0.00117
2022-06-17,0.0016600000000000002
2022-06-18,0.00115
2022-06-19,0.00115
2022-06-20,0.00114
2022-06-21,0.0011300000000000001
2022-06-22,0.00114
2022-06-23,0.0011099999999999999
2022-06-24,0.0011
2022-06-25,0.00108
2022-06-26,0.00107
2022-06-27,0.00106
2022-06-28,0.0010400000000000001
2022-06-29,0.0082
2022-06-30,0.0010199999999999999
2022-07-01,0.00101
2022-07-02,0.001
2022-07-03,0.00098
2022-07-04,0.0009699999999999999
2022-07-05,0.00095
2022-07-06,0.0009400000000000001
2022-07-07,0.0009199999999999999
2022-07-08,0.0009
2022-07-09,0.00088
2022-07-10,0.00086
2022-07-11,0.00084
2022-07-12,0.00082
2022-07-13,0.0008
2022-07-14,0.00078
2022-07-15,0.0007599999999999999
2022-07-16,0.00074
2022-07-17,0.00072
2022-07-18,0.0007099999999999999
2022-07-19,0.0006900000000000001
2022-07-20,0.0006799999999999999
2022-07-21,0.00067
2022-07-22,0.00065
2022-07-23,0.00064
2022-07-24,0.00063
2022-07-25,0.00061
2022-07-26,0.0006
2022-07-27,0.00059
2022-07-28,0.00058
2022-07-29,0.00057
2022-07-30,0.00056
2022-07-31,0.00055
2022-08-01,0.00054
2022-08-02,0.00054
2022-08-03,0.00053
2022-08-04,0.0005200000000000001
2022-08-05,0.0005200000000000001
2022-08-06,0.0005099999999999999
2022-08-07,0.0005099999999999999
2022-08-08,0.0005
2022-08-09,0.0005
2022-08-10,0.00049
2022-08-11,0.00049
2022-08-12,0.00049
2022-08-13,0.00049
2022-08-14,0.00049
2022-08-15,0.00049
2022-08-16,0.00047999999999999996
2022-08-17,0.00047999999999999996
2022-08-18,0.00047999999999999996
2022-08-19,0.00047999999999999996
2022-08-20,0.00047999999999999996
2022-08-21,0.00047999999999999996
2022-08-22,0.00047999999999999996
2022-08-23,0.00047999999999999996
2022-08-24,0.00047999999999999996
2022-08-25,0.00047999999999999996
2022-08-26,0.00047999999999999996
2022-08-27,0.00047999999999999996
2022-08-28,0.00047999999999999996
2022-08-29,0.00047999999999999996
2022-08-30,0.00047999999999999996
2022-08-31,0.00047999999999999996
2022-09-01,0.00047999999999999996
2022-09-02,0.00047999999999999996
2022-09-03,0.00047999999999999996
2022-09-04,0.00047999999999999996
2022-09-05,0.00047999999999999996
2022-09-06,0.00047999999999999996
2022-09-07,0.00047999999999999996
2022-09-08,0.00047999999999999996
2022-09-09,0.00047999999999999996
2022-09-10,0.00047999999999999996
2022-09-11,0.00047999999999999996
2022-09-12,0.00047999999999999996
2022-09-13,0.00047999999999999996
2022-09-14,0.00047999999999999996
2022-09-15,0.00047999999999999996
2022-09-16,0.00047999999999999996
2022-09-17,0.00047999999999999996
2022-09-18,0.00047999999999999996
2022-09-19,0.00047999999999999996
2022-09-20,0.00047999999999999996
2022-09-21,0.00047999999999999996
2022-09-22,0.00047999999999999996
2022-09-23,0.00047999999999999996
2022-09-24,0.00047999999999999996
2022-09-25,0.00047999999999999996
2022-09-26,0.00047999999999999996
2022-09-27,0.00047999999999999996
2022-09-28,0.00047999999999999996
2022-09-29,0.00047999999999999996
2022-09-30,0.00047000000000000004
2022-10-01,0.00047000000000000004
2022-10-02,0.00047000000000000004
2022-10-03,0.00047000000000000004
2022-10-04,0.00047000000000000004
2022-10-05,0.00047000000000000004
2022-10-06,0.0013599999999999999
2022-10-07,0.00047000000000000004
2022-10-08,0.00047000000000000004
2022-10-09,0.00047000000000000004
2022-10-10,0.00047000000000000004
2022-10-11,0.00047000000000000004
2022-10-12,0.00047000000000000004
2022-10-13,0.00047000000000000004
2022-10-14,0.00047000000000000004
2022-10-15,0.00047000000000000004
2022-10-16,0.00047000000000000004
2022-10-17,0.00047000000000000004
2022-10-18,0.00047000000000000004
2022-10-19,0.00047000000000000004
2022-10-20,0.00047000000000000004
2022-10-21,0.00047000000000000004
2022-10-22,0.00047000000000000004
2022-10-23,0.00047000000000000004
2022-10-24,0.00047000000000000004
2022-10-25,0.00047000000000000004
2022-10-26,0.00047000000000000004
2022-10-27,0.00047000000000000004
2022-10-28,0.00047000000000000004
2022-10-29,0.00047000000000000004
2022-10-30,0.00047000000000000004
2022-10-31,0.00047000000000000004
2022-11-01,0.00047000000000000004
2022-11-02,0.00146
2022-11-03,0.00047000000000000004
2022-11-04,0.00047000000000000004
2022-11-05,0.00047000000000000004
2022-11-06,0.00047000000000000004
2022-11-07,0.00047000000000000004
2022-11-08,0.00047000000000000004
2022-11-09,0.00047000000000000004
2022-11-10,0.00047000000000000004
2022-11-11,0.00047000000000000004
2022-11-12,0.00047000000000000004
2022-11-13,0.00047000000000000004
2022-11-14,0.00047000000000000004
2022-11-15,0.00047000000000000004
2022-11-16,0.00047000000000000004
2022-11-17,0.00047000000000000004
2022-11-18,0.00047000000000000004
2022-11-19,0.00047000000000000004
2022-11-20,0.00047000000000000004
2022-11-21,0.00047000000000000004
2022-11-22,0.00047000000000000004
2022-11-23,0.00047000000000000004
2022-11-24,0.00047000000000000004
2022-11-25,0.00047000000000000004
2022-11-26,0.00047000000000000004
2022-11-27,0.00047000000000000004
2022-11-28,0.00047000000000000004
2022-11-29,0.00047000000000000004
2022-11-30,0.00047000000000000004
2022-12-01,0.00268
2022-12-02,0.00047000000000000004
2022-12-03,0.00047000000000000004
2022-12-04,0.00047000000000000004
2022-12-05,0.00047000000000000004
2022-12-06,0.00047000000000000004
2022-12-07,0.00047000000000000004
2022-12-08,0.00047000000000000004
2022-12-09,0.00047000000000000004
2022-12-10,0.00047000000000000004
2022-12-11,0.00047000000000000004
2022-12-12,0.00047000000000000004
2022-12-13,0.00047000000000000004
2022-12-14,0.00047000000000000004
2022-12-15,0.00047000000000000004
2022-12-16,0.00047000000000000004
2022-12-17,0.00047000000000000004
2022-12-18,0.00047000000000000004
2022-12-19,0.00047000000000000004
2022-12-20,0.00047000000000000004
2022-12-21,0.00047000000000000004
2022-12-22,0.00047000000000000004
2022-12-23,0.00047000000000000004
2022-12-24,0.00047000000000000004
2022-12-25,0.0017800000000000001
2022-12-26,0.00224
2022-12-27,0.0007099999999999999
2022-12-28,0.00049
2022-12-29,0.00045999999999999996
2022-12-30,0.03847
2022-12-31,2.1652
2023-01-01,1.0051700000000001
2023-01-02,0.02094
2023-01-03,0.00084
2023-01-04,0.01095
2023-01-05,0.0007700000000000001
2023-01-06,0.0028699999999999997
2023-01-07,0.0011300000000000001
2023-01-08,0.0008
2023-01-09,0.0008
2023-01-10,0.0008
2023-01-11,0.0008
2023-01-12,0.0008
2023-01-13,0.0008
2023-01-14,0.0008
2023-01-15,0.0008
2023-01-16,0.0008
2023-01-17,0.019280000000000002
2023-01-18,1.43933
2023-01-19,2.30702
2023-01-20,1.26532
2023-01-21,0.04774
2023-01-22,0.00592
2023-01-23,0.00409
2023-01-24,0.00256
2023-01-25,0.0023
2023-01-26,0.00263
2023-01-27,0.00288
2023-01-28,0.00547
2023-01-29,0.01486
2023-01-30,0.0207
2023-01-31,0.0122
2023-02-01,0.00632
2023-02-02,0.02702
2023-02-03,0.057929999999999995
2023-02-04,0.04521
2023-02-05,0.029419999999999998
2023-02-06,0.05041
2023-02-07,0.12691
2023-02-08,0.07222
2023-02-09,0.07786
2023-02-10,0.11369000000000001
2023-02-11,0.13747
2023-02-12,0.19722
2023-02-13,0.18095
2023-02-14,0.1783
2023-02-15,0.13635
2023-02-16,0.13818
2023-02-17,0.17559
2023-02-18,0.13597
2023-02-19,0.13619
2023-02-20,0.13266
2023-02-21,0.12615
2023-02-22,0.15212
2023-02-23,0.16414
2023-02-24,0.13283
2023-02-25,0.12480999999999999
2023-02-26,0.12911
2023-02-27,0.11432
2023-02-28,0.10643
2023-03-01,0.09902000000000001
2023-03-02,0.09057
2023-03-03,0.08179
2023-03-04,0.07389
2023-03-05,0.06723
2023-03-06,0.061070000000000006
2023-03-07,0.05527000000000001
2023-03-08,0.050339999999999996
2023-03-09,0.04608
2023-03-10,0.041819999999999996
2023-03-11,0.03766
2023-03-12,0.034069999999999996
2023-03-13,0.0309
2023-03-14,0.02808
2023-03-15,0.03595
2023-03-16,0.02694
2023-03-17,0.023819999999999997
2023-03-18,0.0217
2023-03-19,0.0199
2023-03-20,0.01804
2023-03-21,0.01621
2023-03-22,0.01456
2023-03-23,0.013019999999999999
2023-03-24,0.01162
2023-03-25,0.010620000000000001
2023-03-26,0.009559999999999999
2023-03-27,0.00868
2023-03-28,0.007790000000000001
2023-03-29,0.00692
2023-03-30,0.00606
2023-03-31,0.00534
2023-04-01,0.00477
2023-04-02,0.0042899999999999995
2023-04-03,0.00391
2023-04-04,0.016640000000000002
2023-04-05,0.012209999999999999
2023-04-06,0.00587
2023-04-07,0.00346
2023-04-08,0.00302
2023-04-09,0.00251
2023-04-10,0.017419999999999998
2023-04-11,0.18073
2023-04-12,0.18659
2023-04-13,0.046380000000000005
2023-04-14,0.05206
2023-04-15,0.07127
2023-04-16,0.08093
2023-04-17,0.09038
2023-04-18,0.07322999999999999
2023-04-19,0.07162
2023-04-20,0.06811
2023-04-21,0.06292
2023-04-22,0.05715
2023-04-23,0.05143
2023-04-24,0.04713
2023-04-25,0.04082
2023-04-26,0.035910000000000004
2023-04-27,0.03676
2023-04-28,0.044860000000000004
2023-04-29,0.0281
2023-04-30,0.026760000000000003
2023-05-01,0.025230000000000002
2023-05-02,0.02329
2023-05-03,0.02072
2023-05-04,0.01765
2023-05-05,0.01488
2023-05-06,0.01258
2023-05-07,0.01082
2023-05-08,0.00963
2023-05-09,0.01251
2023-05-10,0.00774
2023-05-11,0.00688
2023-05-12,0.00603
2023-05-13,0.00507
2023-05-14,0.00644
2023-05-15,0.00367
2023-05-16,0.00325
2023-05-17,0.00259
2023-05-18,0.0022
2023-05-19,0.0017800000000000001
2023-05-20,0.00146
2023-05-21,0.00128
2023-05-22,0.00122
2023-05-23,0.00121
2023-05-24,0.00119
2023-05-25,0.00118
2023-05-26,0.00117
2023-05-27,0.00116
2023-05-28,0.00114
2023-05-29,0.0011300000000000001
2023-05-30,0.0011099999999999999
2023-05-31,0.00109
2023-06-01,0.00108
2023-06-02,0.00106
2023-06-03,0.0010400000000000001
2023-06-04,0.0010199999999999999
2023-06-05,0.001
2023-06-06,0.00125
2023-06-07,0.0009699999999999999
2023-06-08,0.0009599999999999999
2023-06-09,0.0009400000000000001
2023-06-10,0.00093
2023-06-11,0.0009199999999999999
2023-06-12,0.0009
2023-06-13,0.00088
2023-06-14,0.00086
2023-06-15,0.00085
2023-06-16,0.0008300000000000001
2023-06-17,0.00081
2023-06-18,0.0008
2023-06-19,0.00078
2023-06-20,0.0007700000000000001
2023-06-21,0.00075
2023-06-22,0.00073
2023-06-23,0.0014
2023-06-24,0.0007
2023-06-25,0.0006900000000000001
2023-06-26,0.00067
2023-06-27,0.0020399999999999997
2023-06-28,0.00065
2023-06-29,0.00063
2023-06-30,0.00062
2023-07-01,0.00061
2023-07-02,0.0006
2023-07-03,0.00059
2023-07-04,0.00058
2023-07-05,0.00057
2023-07-06,0.00055
2023-07-07,0.00055
2023-07-08,0.00054
2023-07-09,0.00053
2023-07-10,0.0005200000000000001
2023-07-11,0.00458
2023-07-12,0.0005200000000000001
2023-07-13,0.0005099999999999999
2023-07-14,0.0005099999999999999
2023-07-15,0.0005
2023-07-16,0.0005
2023-07-17,0.00049
2023-07-18,0.00049
2023-07-19,0.00049
2023-07-20,0.00049
2023-07-21,0.00049
2023-07-22,0.00047999999999999996
2023-07-23,0.00047999999999999996
2023-07-24,0.00047999999999999996
2023-07-25,0.00047999999999999996
2023-07-26,0.00047999999999999996
2023-07-27,0.00047999999999999996
2023-07-28,0.00047999999999999996
2023-07-29,0.00047999999999999996
2023-07-30,0.00047999999999999996
2023-07-31,0.00047999999999999996
2023-08-01,0.00047999999999999996
2023-08-02,0.00047999999999999996
2023-08-03,0.00047999999999999996
2023-08-04,0.00047999999999999996
2023-08-05,0.00047999999999999996
2023-08-06,0.00047999999999999996
2023-08-07,0.00047999999999999996
2023-08-08,0.00047999999999999996
2023-08-09,0.00047999999999999996
2023-08-10,0.00047999999999999996
2023-08-11,0.00047999999999999996
2023-08-12,0.00047999999999999996
2023-08-13,0.00047999999999999996
2023-08-14,0.00047999999999999996
2023-08-15,0.00047999999999999996
2023-08-16,0.00047999999999999996
2023-08-17,0.00047999999999999996
2023-08-18,0.00047999999999999996
2023-08-19,0.00047999999999999996
2023-08-20,0.00047999999999999996
2023-08-21,0.00047999999999999996
2023-08-22,0.00047999999999999996
2023-08-23,0.00047999999999999996
2023-08-24,0.00047999999999999996
2023-08-25,0.00047999999999999996
2023-08-26,0.00047999999999999996
2023-08-27,0.00047999999999999996
2023-08-28,0.00047999999999999996
2023-08-29,0.00047999999999999996
2023-08-30,0.00047999999999999996
2023-08-31,0.00047999999999999996
2023-09-01,0.00047999999999999996
2023-09-02,0.00047999999999999996
2023-09-03,0.00047999999999999996
2023-09-04,0.00047000000000000004
2023-09-05,0.00047000000000000004
2023-09-06,0.00047000000000000004
2023-09-07,0.00156
2023-09-08,0.00047000000000000004
2023-09-09,0.0015300000000000001
2023-09-10,0.00047000000000000004
2023-09-11,0.00157
2023-09-12,0.00047000000000000004
2023-09-13,0.0016
2023-09-14,0.00047000000000000004
2023-09-15,0.00047000000000000004
2023-09-16,0.00047000000000000004
2023-09-17,0.00047000000000000004
2023-09-18,0.00047000000000000004
2023-09-19,0.00047000000000000004
2023-09-20,0.00047000000000000004
2023-09-21,0.00047000000000000004
2023-09-22,0.0005200000000000001
2023-09-23,0.01728
2023-09-24,0.03229
2023-09-25,0.00576
2023-09-26,0.00047999999999999996
2023-09-27,0.00047999999999999996
2023-09-28,0.00049
2023-09-29,0.00049
2023-09-30,0.013280000000000002
2023-10-01,0.0066099999999999996
2023-10-02,0.051739999999999994
2023-10-03,0.10318
2023-10-04,0.00063
2023-10-05,0.00066
2023-10-06,0.00067
2023-10-07,0.00067
2023-10-08,0.00067
2023-10-09,0.00066
2023-10-10,0.00066
2023-10-11,0.00065
2023-10-12,0.00065
2023-10-13,0.00064
2023-10-14,0.00064
2023-10-15,0.00063
2023-10-16,0.00063
2023-10-17,0.00062
2023-10-18,0.00062
2023-10-19,0.04622
2023-10-20,0.03852
2023-10-21,0.028069999999999998
2023-10-22,0.0007
2023-10-23,0.00072
2023-10-24,0.00073
2023-10-25,0.00073
2023-10-26,0.00073
2023-10-27,0.00073
2023-10-28,0.00073
2023-10-29,0.00073
2023-10-30,0.01366
2023-10-31,0.00073
2023-11-01,0.00073
2023-11-02,0.00073
2023-11-03,0.00073
2023-11-04,0.00073
2023-11-05,0.00073
2023-11-06,0.00072
2023-11-07,0.00072
2023-11-08,0.00072
2023-11-09,0.02938
2023-11-10,0.09349
2023-11-11,0.00081
2023-11-12,0.00084
2023-11-13,0.00085
2023-11-14,0.00085
2023-11-15,0.00405
2023-11-16,0.0056700000000000006
2023-11-17,0.0008699999999999999
2023-11-18,0.0008699999999999999
2023-11-19,0.0008699999999999999
2023-11-20,0.0008699999999999999
2023-11-21,0.0008699999999999999
2023-11-22,0.0008699999999999999
2023-11-23,0.0008699999999999999
2023-11-24,0.0008699999999999999
2023-11-25,0.0008699999999999999
2023-11-26,0.0008699999999999999
2023-11-27,0.0008699999999999999
2023-11-28,0.0008699999999999999
2023-11-29,0.00086
2023-11-30,0.00086
2023-12-01,0.00542
2023-12-02,0.00086
2023-12-03,0.00086
2023-12-04,0.00267
2023-12-05,0.00086
2023-12-06,0.00086
2023-12-07,0.00617
2023-12-08,0.01064
2023-12-09,0.02094
2023-12-10,0.043410000000000004
2023-12-11,0.01798
2023-12-12,0.02532
2023-12-13,0.02265
2023-12-14,0.0038200000000000005
2023-12-15,0.01093
2023-12-16,0.0016300000000000002
2023-12-17,0.00106
2023-12-18,0.00107
2023-12-19,0.00107
2023-12-20,0.00107
2023-12-21,0.00279
2023-12-22,0.02222
2023-12-23,0.014530000000000001
2023-12-24,0.0011
2023-12-25,0.0011099999999999999
2023-12-26,0.00112
2023-12-27,0.0058
2023-12-28,0.0011300000000000001
2023-12-29,0.0011300000000000001
2023-12-30,0.0098
2023-12-31,0.04264
2024-01-01,0.0497
2024-01-02,0.026080000000000002
2024-01-03,0.00548
2024-01-04,0.0056700000000000006
2024-01-05,0.00632
2024-01-06,0.0066099999999999996
2024-01-07,0.006690000000000001
2024-01-08,0.00663
2024-01-09,0.00644
2024-01-10,0.00625
2024-01-11,0.00614
2024-01-12,0.010620000000000001
2024-01-13,0.0187
2024-01-14,0.028589999999999997
2024-01-15,0.0805
2024-01-16,0.05795
2024-01-17,0.03822
2024-01-18,0.03576
2024-01-19,0.03681
2024-01-20,0.03634
2024-01-21,0.03528
2024-01-22,0.04601
2024-01-23,0.11083
2024-01-24,0.23661999999999997
2024-01-25,0.13218
2024-01-26,0.15392
2024-01-27,0.37005
2024-01-28,0.46892
2024-01-29,0.14182
2024-01-30,0.12834
2024-01-31,0.14999
2024-02-01,0.19077
2024-02-02,0.30291
2024-02-03,0.16091
2024-02-04,0.19887
2024-02-05,0.13843
2024-02-06,0.14113
2024-02-07,0.26253000000000004
2024-02-08,0.64744
2024-02-09,0.27856
2024-02-10,0.14256
2024-02-11,0.2222
2024-02-12,0.47736000000000006
2024-02-13,0.18818
2024-02-14,0.20132
2024-02-15,0.14714000000000002
2024-02-16,0.13918
2024-02-17,0.14477
2024-02-18,0.13116
2024-02-19,0.12354000000000001
2024-02-20,0.1234
2024-02-21,0.12172000000000001
2024-02-22,0.1141
2024-02-23,0.1039
2024-02-24,0.09389
2024-02-25,0.0846
2024-02-26,0.07612999999999999
2024-02-27,0.06841
2024-02-28,0.061579999999999996
2024-02-29,0.05537
2024-03-01,0.04962
2024-03-02,0.04452
2024-03-03,0.0625
2024-03-04,0.04102
2024-03-05,0.03677
2024-03-06,0.06697
2024-03-07,0.07235
2024-03-08,0.05488
2024-03-09,0.0545
2024-03-10,0.09816
2024-03-11,0.08713
2024-03-12,0.08463999999999999
2024-03-13,0.08463
2024-03-14,0.08155
2024-03-15,0.09723
2024-03-16,0.07995
2024-03-17,0.07923999999999999
2024-03-18,0.07488
2024-03-19,0.0701
2024-03-20,0.06411
2024-03-21,0.0586
2024-03-22,0.058120000000000005
2024-03-23,0.06977
2024-03-24,0.04825
2024-03-25,0.04718
2024-03-26,0.04473
2024-03-27,0.04165
2024-03-28,0.03834
2024-03-29,0.03524
2024-03-30,0.03225
2024-03-31,0.029230000000000003
2024-04-01,0.026410000000000003
2024-04-02,0.024390000000000002
2024-04-03,0.02252
2024-04-04,0.020419999999999997
2024-04-05,0.01815
2024-04-06,0.0165
2024-04-07,0.01535
2024-04-08,0.013919999999999998
2024-04-09,0.012329999999999999
2024-04-10,0.0108
2024-04-11,0.009340000000000001
2024-04-12,0.01119
2024-04-13,0.0085
2024-04-14,0.00916
2024-04-15,0.00839
2024-04-16,0.01721
2024-04-17,0.01121
2024-04-18,0.006790000000000001
2024-04-19,0.0064
2024-04-20,0.00658
2024-04-21,0.00788
2024-04-22,0.01763
2024-04-23,0.01883
2024-04-24,0.00735
2024-04-25,0.01199
2024-04-26,0.008440000000000001
2024-04-27,0.00797
2024-04-28,0.007240000000000001
2024-04-29,0.00632
2024-04-30,0.00541
2024-05-01,0.004520000000000001
2024-05-02,0.00364
2024-05-03,0.0076
2024-05-04,0.00266
2024-05-05,0.00235
2024-05-06,0.00206
2024-05-07,0.00335
2024-05-08,0.00183
2024-05-09,0.00161
2024-05-10,0.0013800000000000002
2024-05-11,0.0012699999999999999
2024-05-12,0.00123
2024-05-13,0.00121
2024-05-14,0.0012
2024-05-15,0.00118
2024-05-16,0.00117
2024-05-17,0.00116
2024-05-18,0.00114
2024-05-19,0.00114
2024-05-20,0.0011300000000000001
2024-05-21,0.0011099999999999999
2024-05-22,0.0011
2024-05-23,0.00109
2024-05-24,0.00107
2024-05-25,0.00106
2024-05-26,0.0017399999999999998
2024-05-27,0.0010400000000000001
2024-05-28,0.0010199999999999999
2024-05-29,0.00101
2024-05-30,0.00099
2024-05-31,0.00098
2024-06-01,0.0009599999999999999
2024-06-02,0.0009400000000000001
2024-06-03,0.0009199999999999999
2024-06-04,0.0009
2024-06-05,0.00088
2024-06-06,0.0013
2024-06-07,0.00084
2024-06-08,0.0008300000000000001
2024-06-09,0.00081
2024-06-10,0.00079
2024-06-11,0.0007700000000000001
2024-06-12,0.0007599999999999999
2024-06-13,0.00074
2024-06-14,0.00072
2024-06-15,0.0007099999999999999
2024-06-16,0.0006900000000000001
2024-06-17,0.0006799999999999999
2024-06-18,0.00067
2024-06-19,0.00065
2024-06-20,0.00064
2024-06-21,0.00062
2024-06-22,0.00061
2024-06-23,0.0006
2024-06-24,0.00059
2024-06-25,0.00058
2024-06-26,0.00057
2024-06-27,0.00056
2024-06-28,0.00055
2024-06-29,0.00054
2024-06-30,0.00053
2024-07-01,0.0005200000000000001
2024-07-02,0.0005099999999999999
2024-07-03,0.0005099999999999999
2024-07-04,0.0005
2024-07-05,0.0005
2024-07-06,0.00049
2024-07-07,0.00049
2024-07-08,0.00049
2024-07-09,0.00049
2024-07-10,0.00047999999999999996
2024-07-11,0.00047999999999999996
2024-07-12,0.00047999999999999996
2024-07-13,0.00047999999999999996
2024-07-14,0.00047999999999999996
2024-07-15,0.00047999999999999996
2024-07-16,0.00047999999999999996
2024-07-17,0.00047999999999999996
2024-07-18,0.00047999999999999996
2024-07-19,0.00047999999999999996
2024-07-20,0.00047999999999999996
2024-07-21,0.00047999999999999996
2024-07-22,0.00047999999999999996
2024-07-23,0.00047999999999999996
2024-07-24,0.00047999999999999996
2024-07-25,0.00047999999999999996
2024-07-26,0.00047999999999999996
2024-07-27,0.00047999999999999996
2024-07-28,0.00047999999999999996
2024-07-29,0.00047999999999999996
2024-07-30,0.00047999999999999996
2024-07-31,0.00047999999999999996
2024-08-01,0.00047999999999999996
2024-08-02,0.00047999999999999996
2024-08-03,0.00047999999999999996
2024-08-04,0.00047999999999999996
2024-08-05,0.00047999999999999996
2024-08-06,0.00047999999999999996
2024-08-07,0.00047999999999999996
2024-08-08,0.00047999999999999996
2024-08-09,0.00047999999999999996
2024-08-10,0.00047999999999999996
2024-08-11,0.00047999999999999996
2024-08-12,0.00047999999999999996
2024-08-13,0.00047999999999999996
2024-08-14,0.00047999999999999996
2024-08-15,0.00047999999999999996
2024-08-16,0.00047999999999999996
2024-08-17,0.00047999999999999996
2024-08-18,0.00047999999999999996
2024-08-19,0.00047999999999999996
2024-08-20,0.00047999999999999996
2024-08-21,0.00047999999999999996
2024-08-22,0.00047999999999999996
2024-08-23,0.00047999999999999996
2024-08-24,0.00047000000000000004
2024-08-25,0.00047000000000000004
2024-08-26,0.00047000000000000004
2024-08-27,0.00047000000000000004
2024-08-28,0.00047000000000000004
2024-08-29,0.00047000000000000004
2024-08-30,0.00047000000000000004
2024-08-31,0.00047000000000000004
2024-09-01,0.00047000000000000004
2024-09-02,0.00047000000000000004
2024-09-03,0.00047000000000000004
2024-09-04,0.00047000000000000004
2024-09-05,0.00047000000000000004
2024-09-06,0.00047000000000000004
2024-09-07,0.00047000000000000004
2024-09-08,0.00047000000000000004
2024-09-09,0.00047000000000000004
2024-09-10,0.00047000000000000004
2024-09-11,0.00047000000000000004
2024-09-12,0.00047000000000000004
2024-09-13,0.00047000000000000004
2024-09-14,0.00047000000000000004
2024-09-15,0.00047000000000000004
2024-09-16,0.00047000000000000004
2024-09-17,0.00047000000000000004
2024-09-18,0.00047000000000000004
2024-09-19,0.00047000000000000004
2024-09-20,0.00047000000000000004
2024-09-21,0.00047000000000000004
2024-09-22,0.00047000000000000004
2024-09-23,0.00047000000000000004
2024-09-24,0.00047000000000000004
2024-09-25,0.00047000000000000004
2024-09-26,0.0507
2024-09-27,0.0266
2024-09-28,0.0008699999999999999
2024-09-29,0.0005
2024-09-30,0.0005099999999999999
2024-10-01,0.0005099999999999999
2024-10-02,0.0005200000000000001
2024-10-03,0.0222
2024-10-04,0.00053
2024-10-05,0.00053
2024-10-06,0.00054
2024-10-07,0.00054
2024-10-08,0.00054
2024-10-09,0.00054
2024-10-10,0.00054
2024-10-11,0.00054
2024-10-12,0.00053
2024-10-13,0.00053
2024-10-14,0.00053
2024-10-15,0.00053
2024-10-16,0.0005200000000000001
2024-10-17,0.0005200000000000001
2024-10-18,0.0005200000000000001
2024-10-19,0.0005099999999999999
2024-10-20,0.0005099999999999999
2024-10-21,0.0005099999999999999
2024-10-22,0.0006900000000000001
2024-10-23,0.0005099999999999999
2024-10-24,0.0005099999999999999
2024-10-25,0.0005099999999999999
2024-10-26,0.0005099999999999999
2024-10-27,0.0005099999999999999
2024-10-28,0.0005
2024-10-29,0.0005
2024-10-30,0.0005
2024-10-31,0.0005
2024-11-01,0.0005
2024-11-02,0.0005
2024-11-03,0.0005
2024-11-04,0.0005
2024-11-05,0.0005
2024-11-06,0.0005
2024-11-07,0.0005
2024-11-08,0.0005
2024-11-09,0.00049
2024-11-10,0.00379
2024-11-11,0.00049
2024-11-12,0.00049
2024-11-13,0.00049
2024-11-14,0.00049
2024-11-15,0.00049
2024-11-16,0.00049
2024-11-17,0.00049
2024-11-18,0.00049
2024-11-19,0.00049
2024-11-20,0.00049
2024-11-21,0.00049
2024-11-22,0.00049
2024-11-23,0.00049
2024-11-24,0.00049
2024-11-25,0.00049
2024-11-26,0.00049
2024-11-27,0.00049
2024-11-28,0.00049
2024-11-29,0.00049
2024-11-30,0.00098
2024-12-01,0.00398
2024-12-02,0.00049
2024-12-03,0.00049
2024-12-04,0.00049
2024-12-05,0.00049
2024-12-06,0.00049
2024-12-07,0.0048
2024-12-08,0.0006900000000000001
2024-12-09,0.00049
2024-12-10,0.00047999999999999996
2024-12-11,0.00047999999999999996
2024-12-12,0.00047999999999999996
2024-12-13,0.00047999999999999996
2024-12-14,0.00047999999999999996
2024-12-15,0.00047999999999999996
2024-12-16,0.00047999999999999996
2024-12-17,0.00047999999999999996
2024-12-18,0.00047999999999999996
2024-12-19,0.00056
2024-12-20,0.00795
2024-12-21,0.03441
2024-12-22,0.018940000000000002
2024-12-23,0.0027199999999999998
2024-12-24,0.006220000000000001
2024-12-25,0.06519
2024-12-26,0.07177
2024-12-27,0.017130000000000003
2024-12-28,0.00435
2024-12-29,0.00788
2024-12-30,0.01656
2024-12-31,0.0069
2025-01-01,0.00621
2025-01-02,0.0008
2025-01-03,0.00079
2025-01-04,0.00079
2025-01-05,0.00079
2025-01-06,0.00079
2025-01-07,0.00079
2025-01-08,0.00079
2025-01-09,0.00223
2025-01-10,0.06674
2025-01-11,0.16071
2025-01-12,0.27442
2025-01-13,0.71245
2025-01-14,0.03216
2025-01-15,0.00231
2025-01-16,0.0018399999999999998
2025-01-17,0.0174
2025-01-18,0.0506
2025-01-19,0.28131999999999996
2025-01-20,0.34791
2025-01-21,0.21073000000000003
2025-01-22,0.10515999999999999
2025-01-23,0.13016
2025-01-24,0.12668
2025-01-25,0.11225
2025-01-26,0.11175
2025-01-27,0.10274000000000001
2025-01-28,0.09562999999999999
2025-01-29,0.12538
2025-01-30,0.11132
2025-01-31,0.10969000000000001
2025-02-01,0.10739000000000001
2025-02-02,0.11699999999999999
2025-02-03,0.10382000000000001
2025-02-04,0.10107999999999999
2025-02-05,0.10032999999999999
2025-02-06,0.09705
2025-02-07,0.12214000000000001
2025-02-08,0.12272999999999999
2025-02-09,0.19657
2025-02-10,0.18687
2025-02-11,0.25132
2025-02-12,0.21311
2025-02-13,0.12717
2025-02-14,0.12264000000000001
2025-02-15,0.12094
2025-02-16,0.12180999999999999
2025-02-17,0.10954000000000001
2025-02-18,0.10184
2025-02-19,0.09392
2025-02-20,0.0853
2025-02-21,0.07681
2025-02-22,0.06928
2025-02-23,0.0627
2025-02-24,0.05652000000000001
2025-02-25,0.05094
2025-02-26,0.04596
2025-02-27,0.04152
2025-02-28,0.05546
2025-03-01,0.09535
2025-03-02,0.13296
2025-03-03,0.07992
2025-03-04,0.08084
2025-03-05,0.07732
2025-03-06,0.07187
2025-03-07,0.06747
2025-03-08,0.062270000000000006
2025-03-09,0.057139999999999996
2025-03-10,0.05255
2025-03-11,0.04862
2025-03-12,0.04629
2025-03-13,0.04199
2025-03-14,0.06677999999999999
2025-03-15,0.03829
2025-03-16,0.0378
2025-03-17,0.06612
2025-03-18,0.1242
2025-03-19,0.06777000000000001
2025-03-20,0.0708
2025-03-21,0.06742000000000001
2025-03-22,0.06215
2025-03-23,0.056639999999999996
2025-03-24,0.0511
2025-03-25,0.052070000000000005
2025-03-26,0.04498
2025-03-27,0.04003
2025-03-28,0.03718
2025-03-29,0.03445
2025-03-30,0.03196
2025-03-31,0.029289999999999997
2025-04-01,0.0263
2025-04-02,0.023119999999999998
2025-04-03,0.02433
2025-04-04,0.02077
2025-04-05,0.0182
2025-04-06,0.020909999999999998
2025-04-07,0.01642
2025-04-08,0.01496
2025-04-09,0.01319
2025-04-10,0.01155
2025-04-11,0.01009
2025-04-12,0.00864
2025-04-13,0.007390000000000001
2025-04-14,0.027530000000000002
2025-04-15,0.008029999999999999
2025-04-16,0.00621
2025-04-17,0.00589
2025-04-18,0.0054600000000000004
2025-04-19,0.00502
2025-04-20,0.00517
2025-04-21,0.00421
2025-04-22,0.01323
2025-04-23,0.01354
2025-04-24,0.0077599999999999995
2025-04-25,0.00455
2025-04-26,0.00514
2025-04-27,0.00494
2025-04-28,0.00527
2025-04-29,0.00643
2025-04-30,0.005520000000000001
2025-05-01,0.00468
2025-05-02,0.00419
2025-05-03,0.0036299999999999995
2025-05-04,0.00305
2025-05-05,0.00252
2025-05-06,0.00451
2025-05-07,0.00466
2025-05-08,0.0033
2025-05-09,0.00207
2025-05-10,0.0018100000000000002
2025-05-11,0.00162
2025-05-12,0.00144
2025-05-13,0.0013
2025-05-14,0.00123
2025-05-15,0.0012
2025-05-16,0.0056700000000000006
2025-05-17,0.00118
2025-05-18,0.00218
2025-05-19,0.00116
2025-05-20,0.00116
2025-05-21,0.00115
2025-05-22,0.00114
2025-05-23,0.0011300000000000001
2025-05-24,0.00112
2025-05-25,0.0011
2025-05-26,0.00109
2025-05-27,0.00108
2025-05-28,0.00107
2025-05-29,0.00105
2025-05-30,0.0010400000000000001
2025-05-31,0.0010199999999999999
2025-06-01,0.00101
2025-06-02,0.00099
2025-06-03,0.00098
2025-06-04,0.0009599999999999999
2025-06-05,0.0009400000000000001
2025-06-06,0.00158
2025-06-07,0.00091
2025-06-08,0.0009
2025-06-09,0.00088
2025-06-10,0.00086
2025-06-11,0.00084
2025-06-12,0.00082
2025-06-13,0.0008
2025-06-14,0.00078
2025-06-15,0.0007700000000000001
2025-06-16,0.00075
2025-06-17,0.00074
2025-06-18,0.00072
2025-06-19,0.0007099999999999999
2025-06-20,0.0006900000000000001
2025-06-21,0.0006799999999999999
2025-06-22,0.00067
2025-06-23,0.00065
2025-06-24,0.00064
2025-06-25,0.00063
2025-06-26,0.00061
2025-06-27,0.0006
2025-06-28,0.00059
2025-06-29,0.00058
2025-06-30,0.00057
2025-07-01,0.00056
2025-07-02,0.00055
2025-07-03,0.00054
2025-07-04,0.00053
2025-07-05,0.0005200000000000001
2025-07-06,0.0005099999999999999
2025-07-07,0.0005099999999999999
2025-07-08,0.0005
2025-07-09,0.0005
2025-07-10,0.0005
2025-07-11,0.00049
2025-07-12,0.00049
2025-07-13,0.00049
2025-07-14,0.00049
2025-07-15,0.00047999999999999996
2025-07-16,0.00047999999999999996
2025-07-17,0.00047999999999999996
2025-07-18,0.00047999999999999996
2025-07-19,0.00047999999999999996
2025-07-20,0.00047999999999999996
2025-07-21,0.00047999999999999996
2025-07-22,0.00047999999999999996
2025-07-23,0.00047999999999999996
2025-07-24,0.00047999999999999996
2025-07-25,0.00047999999999999996
2025-07-26,0.00047999999999999996
2025-07-27,0.00047999999999999996
2025-07-28,0.00047999999999999996
2025-07-29,0.00047999999999999996
2025-07-30,0.00047999999999999996
2025-07-31,0.00047999999999999996
2025-08-01,0.00047999999999999996
2025-08-02,0.00047999999999999996
2025-08-03,0.00047999999999999996
2025-08-04,0.00047999999999999996
2025-08-05,0.00047999999999999996
2025-08-06,0.00047999999999999996
2025-08-07,0.00047999999999999996
2025-08-08,0.00047999999999999996
2025-08-09,0.00047999999999999996
2025-08-10,0.00047999999999999996
2025-08-11,0.00047999999999999996
2025-08-12,0.00047999999999999996
2025-08-13,0.00047999999999999996
2025-08-14,0.00047999999999999996
2025-08-15,0.00047999999999999996
2025-08-16,0.00047999999999999996
2025-08-17,0.00047999999999999996
2025-08-18,0.00047999999999999996
2025-08-19,0.00047999999999999996
2025-08-20,0.00047999999999999996
2025-08-21,0.00047999999999999996
2025-08-22,0.00047999999999999996
2025-08-23,0.00047999999999999996
2025-08-24,0.00047999999999999996
2025-08-25,0.00047999999999999996
2025-08-26,0.00047999999999999996
2025-08-27,0.00047999999999999996
2025-08-28,0.00047000000000000004
2025-08-29,0.00047000000000000004
2025-08-30,0.00047000000000000004
2025-08-31,0.00047000000000000004
2025-09-01,0.00047000000000000004
2025-09-02,0.00047000000000000004
2025-09-03,0.00047000000000000004
2025-09-04,0.00047000000000000004
2025-09-05,0.00047000000000000004
2025-09-06,0.00047000000000000004
2025-09-07,0.00047000000000000004
2025-09-08,0.00047000000000000004
2025-09-09,0.00047000000000000004
2025-09-10,0.00047000000000000004
2025-09-11,0.00047000000000000004
2025-09-12,0.00047000000000000004
2025-09-13,0.00047000000000000004
2025-09-14,0.00047000000000000004
2025-09-15,0.00047000000000000004
2025-09-16,0.00047000000000000004
2025-09-17,0.00047000000000000004
2025-09-18,0.00047000000000000004
2025-09-19,0.00047000000000000004
2025-09-20,0.00047000000000000004
2025-09-21,0.00047000000000000004
2025-09-22,0.00047000000000000004
2025-09-23,0.00047000000000000004
2025-09-24,0.00047000000000000004
2025-09-25,0.00047000000000000004
2025-09-26,0.00047000000000000004
2025-09-27,0.00047000000000000004
2025-09-28,0.00047000000000000004
2025-09-29,0.00047000000000000004
2025-09-30,0.00047000000000000004
2025-10-01,0.00047000000000000004
2025-10-02,0.0009400000000000001
2025-10-03,0.00047000000000000004
2025-10-04,0.00047000000000000004
2025-10-05,0.00047000000000000004
2025-10-06,0.00047000000000000004
2025-10-07,0.00047000000000000004
2025-10-08,0.00047000000000000004
2025-10-09,0.00047000000000000004
2025-10-10,0.00047000000000000004
2025-10-11,0.00047000000000000004
2025-10-12,0.00047000000000000004
2025-10-13,0.00047000000000000004
2025-10-14,0.00047000000000000004
2025-10-15,0.00047000000000000004
2025-10-16,0.00047000000000000004
2025-10-17,0.00047000000000000004
2025-10-18,0.00047000000000000004
2025-10-19,0.00047000000000000004
2025-10-20,0.00047000000000000004
2025-10-21,0.00047000000000000004
2025-10-22,0.00047000000000000004
2025-10-23,0.00047000000000000004
2025-10-24,0.00047000000000000004
2025-10-25,0.00047000000000000004
2025-10-26,0.00047000000000000004
2025-10-27,0.00047000000000000004
2025-10-28,0.00047000000000000004
2025-10-29,0.00047000000000000004
2025-10-30,0.00047000000000000004
2025-10-31,0.00047000000000000004
2025-11-01,0.00047000000000000004
2025-11-02,0.00047000000000000004
2025-11-03,0.00047000000000000004
2025-11-04,0.00047000000000000004
2025-11-05,0.00047000000000000004
2025-11-06,0.00047000000000000004
2025-11-07,0.00047000000000000004
2025-11-08,0.00047000000000000004
2025-11-09,0.00047000000000000004
2025-11-10,0.00047000000000000004
2025-11-11,0.00047000000000000004
2025-11-12,0.00047000000000000004
2025-11-13,0.00047999999999999996
2025-11-14,0.00047000000000000004
2025-11-15,0.00047000000000000004
2025-11-16,0.00047000000000000004
2025-11-17,0.00047000000000000004
2025-11-18,0.0011
2025-11-19,0.00047000000000000004
2025-11-20,0.00047000000000000004
2025-11-21,0.00047000000000000004
2025-11-22,0.00047000000000000004
2025-11-23,0.00047000000000000004
2025-11-24,0.0005099999999999999
2025-11-25,0.00185
2025-11-26,0.00045999999999999996
2025-11-27,0.00045999999999999996
2025-11-28,0.00045999999999999996
2025-11-29,0.01839
2025-11-30,0.02441
2025-12-01,0.0045
2025-12-02,0.0292
2025-12-03,0.01904
2025-12-04,0.00231
2025-12-05,0.00088
2025-12-06,0.00053
2025-12-07,0.00054
2025-12-08,0.00055
2025-12-09,0.00055
2025-12-10,0.00432
2025-12-11,0.00405
2025-12-12,0.00056
2025-12-13,0.0015199999999999999
2025-12-14,0.00081
2025-12-15,0.00058
2025-12-16,0.00292
2025-12-17,0.0027
2025-12-18,0.00128
2025-12-19,0.00058
2025-12-20,0.03728
2025-12-21,0.01569
2025-12-22,0.0333
2025-12-23,0.07796
2025-12-24,0.014209999999999999
2025-12-25,0.00078
2025-12-26,0.0008
2025-12-27,0.00081
2025-12-28,0.00081
2025-12-29,0.00082
2025-12-30,0.00082
2025-12-31,0.00082
2026-01-01,0.00082
2026-01-02,0.00082
2026-01-03,0.00082
2026-01-04,0.00082
2026-01-05,0.00082
2026-01-06,0.00082
2026-01-07,0.00927
2026-01-08,0.01485
2026-01-09,0.050710000000000005
2026-01-10,0.28819
2026-01-11,0.38049
2026-01-12,0.05985
2026-01-13,0.0013599999999999999
2026-01-14,0.0204
2026-01-15,0.26053000000000004
2026-01-16,0.19529000000000002
2026-01-17,0.03714
2026-01-18,0.04464
2026-01-19,0.04236
2026-01-20,0.04174
2026-01-21,0.04013
2026-01-22,0.03803
2026-01-23,0.03594
2026-01-24,0.0338
2026-01-25,0.03149
2026-01-26,0.0293
2026-01-27,0.027219999999999998
2026-01-28,0.02541
2026-01-29,0.02401
2026-01-30,0.03368
2026-01-31,0.03746
2026-02-01,0.07431
2026-02-02,0.09664
2026-02-03,0.07818
2026-02-04,0.17328
2026-02-05,0.56776
2026-02-06,0.63959
2026-02-07,0.28274
2026-02-08,0.18594000000000002
2026-02-09,0.12347000000000001
2026-02-10,0.12343
2026-02-11,0.12328
2026-02-12,0.12984
2026-02-13,0.12517999999999999
2026-02-14,0.1185
2026-02-15,0.11900999999999999
2026-02-16,0.11193
2026-02-17,0.11713
2026-02-18,0.10098
2026-02-19,0.09385
2026-02-20,0.10668
2026-02-21,0.09846
2026-02-22,0.09075
2026-02-23,0.08401
2026-02-24,0.08784
2026-02-25,0.07661
2026-02-26,0.07144
2026-02-27,0.06637
2026-02-28,0.06139
2026-03-01,0.05665
2026-03-02,0.07346
2026-03-03,0.07474
2026-03-04,0.053989999999999996
2026-03-05,0.055529999999999996
2026-03-06,0.053239999999999996
2026-03-07,0.050730000000000004
2026-03-08,0.04747
2026-03-09,0.04397
2026-03-10,0.06253
2026-03-11,0.0401
2026-03-12,0.03993
2026-03-13,0.03915
2026-03-14,0.03771
2026-03-15,0.03561
2026-03-16,0.033010000000000005
2026-03-17,0.030330000000000003
2026-03-18,0.02928
2026-03-19,0.02595
2026-03-20,0.023809999999999998
2026-03-21,0.02172
2026-03-22,0.01963
2026-03-23,0.01759
2026-03-24,0.01567
2026-03-25,0.01385
2026-03-26,0.01212
2026-03-27,0.01051
2026-03-28,0.00905
2026-03-29,0.0077599999999999995
2026-03-30,0.00775
2026-03-31,0.0066
2026-04-01,0.0082
2026-04-02,0.035339999999999996
2026-04-03,0.02872
2026-04-04,0.01569
2026-04-05,0.019819999999999997
2026-04-06,0.01816
2026-04-07,0.013819999999999999
2026-04-08,0.01366
2026-04-09,0.0127
2026-04-10,0.01133
2026-04-11,0.00981
2026-04-12,0.009179999999999999
2026-04-13,0.007390000000000001
2026-04-14,0.00674
2026-04-15,0.00587
2026-04-16,0.0069700000000000005
2026-04-17,0.00549
2026-04-18,0.00474
2026-04-19,0.00412
2026-04-20,0.0035299999999999997
2026-04-21,0.0029
2026-04-22,0.0023899999999999998
2026-04-23,0.00201
2026-04-24,0.00173
2026-04-25,0.0015300000000000001
2026-04-26,0.00141
2026-04-27,0.012709999999999999
2026-04-28,0.00599
2026-04-29,0.01237
2026-04-30,0.01124
2026-05-01,0.00156
2026-05-02,0.01844
2026-05-03,0.0066
2026-05-04,0.00635
2026-05-05,0.004529999999999999
2026-05-06,0.00619
2026-05-07,0.0044399999999999995
2026-05-08,0.00476
2026-05-09,0.0048
2026-05-10,0.00464
2026-05-11,0.00797
2026-05-12,0.00828
2026-05-13,0.01162
2026-05-14,0.0044399999999999995
2026-05-15,0.00915
2026-05-16,0.00923
2026-05-17,0.0069700000000000005
2026-05-18,0.0048200000000000005
2026-05-19,0.00443
2026-05-20,0.00405
2026-05-21,0.00367
2026-05-22,0.0031899999999999997
2026-05-23,0.0034700000000000004
2026-05-24,0.00246
2026-05-25,0.00221
2026-05-26,0.00187
2026-05-27,0.00159
2026-05-28,0.00141
2026-05-29,0.00133
2026-05-30,0.0038399999999999997
2026-05-31,0.0013
2026-06-01,0.00293
2026-06-02,0.00379
2026-06-03,0.00121
2026-06-04,0.0012
2026-06-05,0.00118
2026-06-06,0.00117
2026-06-07,0.00115
2026-06-08,0.00114
2026-06-09,0.00155
2026-06-10,0.0011300000000000001
2026-06-11,0.0011099999999999999
2026-06-12,0.0011
2026-06-13,0.00109
2026-06-14,0.00108
2026-06-15,0.00106
2026-06-16,0.00105
2026-06-17,0.00103
2026-06-18,0.0010199999999999999
2026-06-19,0.001
2026-06-20,0.00098
2026-06-21,0.0009699999999999999
2026-06-22,0.00095
2026-06-23,0.0009400000000000001
2026-06-24,0.0009199999999999999
2026-06-25,0.0009
2026-06-26,0.0008900000000000001
2026-06-27,0.0008699999999999999
2026-06-28,0.00085
2026-06-29,0.00082
2026-06-30,0.0008
2026-07-01,0.00078
2026-07-02,0.0007599999999999999
2026-07-03,0.00075
2026-07-04,0.00073
2026-07-05,0.0007099999999999999
2026-07-06,0.0007
2026-07-07,0.0006799999999999999
2026-07-08,0.00066
2026-07-09,0.00065
2026-07-10,0.00064
2026-07-11,0.00062
2026-07-12,0.00061
2026-07-13,0.0006
2026-07-14,0.00059
2026-07-15,0.00057
2026-07-16,0.00057
2026-07-17,0.00056
2026-07-18,0.00055
2026-07-19,0.00054
2026-07-20,0.00053
2026-07-21,0.0005200000000000001
2026-07-22,0.0005200000000000001
2026-07-23,0.0005099999999999999
2026-07-24,0.0005099999999999999
2026-07-25,0.0005
2026-07-26,0.0005
2026-07-27,0.00049
2026-07-28,0.00049
2026-07-29,0.00049
2026-07-30,0.00049
2026-07-31,0.00047999999999999996
2026-08-01,0.00047999999999999996
2026-08-02,0.00047999999999999996
2026-08-03,0.00047999999999999996
2026-08-04,0.00047999999999999996
2026-08-05,0.00047999999999999996
2026-08-06,0.00047999999999999996
2026-08-07,0.00047999999999999996
2026-08-08,0.00047999999999999996
2026-08-09,0.00047999999999999996
2026-08-10,0.00047999999999999996
2026-08-11,0.00047999999999999996
2026-08-12,0.00047999999999999996
2026-08-13,0.00047999999999999996
2026-08-14,0.00047999999999999996
2026-08-15,0.00047999999999999996
2026-08-16,0.00047999999999999996
2026-08-17,0.00047999999999999996
2026-08-18,0.00047999999999999996
2026-08-19,0.00047999999999999996
2026-08-20,0.00047999999999999996
2026-08-21,0.00047999999999999996
2026-08-22,0.00047999999999999996
2026-08-23,0.00047999999999999996
2026-08-24,0.00047999999999999996
2026-08-25,0.00047999999999999996
2026-08-26,0.00047999999999999996
2026-08-27,0.00047999999999999996
2026-08-28,0.00047999999999999996
2026-08-29,0.00047999999999999996
2026-08-30,0.00047999999999999996
2026-08-31,0.00047999999999999996
2026-09-01,0.00047999999999999996
2026-09-02,0.00047999999999999996
2026-09-03,0.00047999999999999996
2026-09-04,0.00047999999999999996
2026-09-05,0.00047999999999999996
2026-09-06,0.00047999999999999996
2026-09-07,0.00047999999999999996
2026-09-08,0.00047999999999999996
2026-09-09,0.00047999999999999996
2026-09-10,0.00047999999999999996
2026-09-11,0.00047999999999999996
2026-09-12,0.00047999999999999996
2026-09-13,0.00047000000000000004
2026-09-14,0.00047000000000000004
2026-09-15,0.00047000000000000004
2026-09-16,0.00047000000000000004
2026-09-17,0.00047000000000000004
2026-09-18,0.00047000000000000004
2026-09-19,0.00047000000000000004
2026-09-20,0.00047000000000000004
2026-09-21,0.00047000000000000004
2026-09-22,0.00047000000000000004
2026-09-23,0.00047000000000000004
2026-09-24,0.00047000000000000004
2026-09-25,0.00047000000000000004
2026-09-26,0.00047000000000000004
2026-09-27,0.00047000000000000004
2026-09-28,0.00047000000000000004
2026-09-29,0.00047000000000000004
2026-09-30,0.00047000000000000004
2026-10-01,0.00047000000000000004
2026-10-02,0.0014199999999999998
2026-10-03,0.00047000000000000004
2026-10-04,0.00047000000000000004
2026-10-05,0.00047000000000000004
2026-10-06,0.00047000000000000004
2026-10-07,0.00047000000000000004
2026-10-08,0.00047000000000000004
2026-10-09,0.00247
2026-10-10,0.019209999999999998
2026-10-11,0.00047000000000000004
2026-10-12,0.00047000000000000004
2026-10-13,0.0009599999999999999
2026-10-14,0.00047000000000000004
2026-10-15,0.00047000000000000004
2026-10-16,0.00047000000000000004
2026-10-17,0.00047000000000000004
2026-10-18,0.00047000000000000004
2026-10-19,0.00047000000000000004
2026-10-20,0.00047000000000000004
2026-10-21,0.00047000000000000004
2026-10-22,0.00047000000000000004
2026-10-23,0.00047000000000000004
2026-10-24,0.00636
2026-10-25,0.01882
2026-10-26,0.0011099999999999999
2026-10-27,0.00055
2026-10-28,0.00047000000000000004
2026-10-29,0.00047000000000000004
2026-10-30,0.00532
2026-10-31,0.00195
2026-11-01,0.00145
2026-11-02,0.00047999999999999996
2026-11-03,0.00047999999999999996
2026-11-04,0.00047999999999999996
2026-11-05,0.00047999999999999996
2026-11-06,0.00047999999999999996
2026-11-07,0.00049
2026-11-08,0.00049
2026-11-09,0.00847
2026-11-10,0.0017699999999999999
2026-11-11,0.0017800000000000001
2026-11-12,0.00267
2026-11-13,0.008190000000000001
2026-11-14,0.0005
2026-11-15,0.0005
2026-11-16,0.0005
2026-11-17,0.0005099999999999999
2026-11-18,0.0005099999999999999
2026-11-19,0.0005099999999999999
2026-11-20,0.0005099999999999999
2026-11-21,0.0005099999999999999
2026-11-22,0.0005099999999999999
2026-11-23,0.0005099999999999999
2026-11-24,0.0005099999999999999
2026-11-25,0.0005099999999999999
2026-11-26,0.00872
2026-11-27,0.00647
2026-11-28,0.0011099999999999999
2026-11-29,0.0005200000000000001
2026-11-30,0.0005200000000000001
2026-12-01,0.0005200000000000001
2026-12-02,0.0005200000000000001
2026-12-03,0.0005200000000000001
2026-12-04,0.0005200000000000001
2026-12-05,0.0005200000000000001
2026-12-06,0.0005200000000000001
2026-12-07,0.0005200000000000001
2026-12-08,0.0005200000000000001
2026-12-09,0.00057
2026-12-10,0.0005200000000000001
2026-12-11,0.018969999999999997
2026-12-12,0.02024
2026-12-13,0.00054
2026-12-14,0.02444
2026-12-15,0.10878
2026-12-16,0.03744
2026-12-17,0.0010400000000000001
2026-12-18,0.00074
2026-12-19,0.00075
2026-12-20,0.0007599999999999999
2026-12-21,0.0007700000000000001
2026-12-22,0.0007700000000000001
2026-12-23,0.00078
2026-12-24,0.0009199999999999999
2026-12-25,0.00078
2026-12-26,0.00078
2026-12-27,0.01139
2026-12-28,0.00851
2026-12-29,0.00078
2026-12-30,0.00486
2026-12-31,0.00085
2027-01-01,0.0008
2027-01-02,0.0008
2027-01-03,0.0008
2027-01-04,0.0008
2027-01-05,0.00081
2027-01-06,0.00081
2027-01-07,0.00081
2027-01-08,0.00081
2027-01-09,0.00081
2027-01-10,0.00081
2027-01-11,0.00081
2027-01-12,0.00081
2027-01-13,0.00081
2027-01-14,0.0008699999999999999
2027-01-15,0.0009699999999999999
2027-01-16,0.040369999999999996
2027-01-17,0.17781
2027-01-18,0.03601
2027-01-19,0.0037
2027-01-20,0.00141
2027-01-21,0.00312
2027-01-22,0.0071200000000000005
2027-01-23,0.015
2027-01-24,0.04215
2027-01-25,0.03254
2027-01-26,0.0298
2027-01-27,0.00162
2027-01-28,0.0018899999999999998
2027-01-29,0.0021
2027-01-30,0.00221
2027-01-31,0.008029999999999999
2027-02-01,0.004220000000000001
2027-02-02,0.0025
2027-02-03,0.00259
2027-02-04,0.02479
2027-02-05,0.025259999999999998
2027-02-06,0.01994
2027-02-07,0.01223
2027-02-08,0.009470000000000001
2027-02-09,0.01028
2027-02-10,0.01132
2027-02-11,0.01142
2027-02-12,0.01151
2027-02-13,0.018580000000000003
2027-02-14,0.08723
2027-02-15,0.14142000000000002
2027-02-16,0.14392
2027-02-17,0.10547000000000001
2027-02-18,0.1072
2027-02-19,0.10695999999999999
2027-02-20,0.09709
2027-02-21,0.09066
2027-02-22,0.08476
2027-02-23,0.07819
2027-02-24,0.07171
2027-02-25,0.06551
2027-02-26,0.05973
2027-02-27,0.054479999999999994
2027-02-28,0.04987
2027-03-01,0.07462
2027-03-02,0.0736
2027-03-03,0.05212000000000001
2027-03-04,0.11342999999999999
2027-03-05,0.10603
2027-03-06,0.08457
2027-03-07,0.08485
2027-03-08,0.08023999999999999
2027-03-09,0.07411000000000001
2027-03-10,0.06792000000000001
2027-03-11,0.06479
2027-03-12,0.07162
2027-03-13,0.06951
2027-03-14,0.054360000000000006
2027-03-15,0.053110000000000004
2027-03-16,0.05067
2027-03-17,0.047810000000000005
2027-03-18,0.044739999999999995
2027-03-19,0.11316
2027-03-20,0.5030600000000001
2027-03-21,0.14687
2027-03-22,0.11645
2027-03-23,0.11325
2027-03-24,0.12499
2027-03-25,0.12368
2027-03-26,0.11723
2027-03-27,0.10293
2027-03-28,0.10103999999999999
2027-03-29,0.10465
2027-03-30,0.08599
2027-03-31,0.07971
2027-04-01,0.07162
2027-04-02,0.06514
2027-04-03,0.057870000000000005
2027-04-04,0.05284
2027-04-05,0.04626
2027-04-06,0.04168
2027-04-07,0.0364
2027-04-08,0.03235
2027-04-09,0.032080000000000004
2027-04-10,0.02732
2027-04-11,0.024880000000000003
2027-04-12,0.02193
2027-04-13,0.01986
2027-04-14,0.03368
2027-04-15,0.01956
2027-04-16,0.0171
2027-04-17,0.01648
2027-04-18,0.015390000000000001
2027-04-19,0.01407
2027-04-20,0.01641
2027-04-21,0.03419
2027-04-22,0.04192
2027-04-23,0.01969
2027-04-24,0.02054
2027-04-25,0.02121
2027-04-26,0.0211
2027-04-27,0.02008
2027-04-28,0.01875
2027-04-29,0.01715
2027-04-30,0.015430000000000001
2027-05-01,0.01371
2027-05-02,0.01183
2027-05-03,0.01143
2027-05-04,0.00877
2027-05-05,0.007540000000000001
2027-05-06,0.00613
2027-05-07,0.00483
2027-05-08,0.00374
2027-05-09,0.00281
2027-05-10,0.00207
2027-05-11,0.00155
2027-05-12,0.0013
2027-05-13,0.00123
2027-05-14,0.00121
2027-05-15,0.0012
2027-05-16,0.0028
2027-05-17,0.00118
2027-05-18,0.00116
2027-05-19,0.00115
2027-05-20,0.00114
2027-05-21,0.00114
2027-05-22,0.0011300000000000001
2027-05-23,0.00112
2027-05-24,0.0011
2027-05-25,0.00109
2027-05-26,0.00108
2027-05-27,0.00168
2027-05-28,0.00106
2027-05-29,0.0010400000000000001
2027-05-30,0.00103
2027-05-31,0.0010199999999999999
2027-06-01,0.001
2027-06-02,0.00098
2027-06-03,0.0009699999999999999
2027-06-04,0.00095
2027-06-05,0.00093
2027-06-06,0.0009199999999999999
2027-06-07,0.0009
2027-06-08,0.00088
2027-06-09,0.00086
2027-06-10,0.00084
2027-06-11,0.00082
2027-06-12,0.0008
2027-06-13,0.00079
2027-06-14,0.0007700000000000001
2027-06-15,0.00075
2027-06-16,0.00074
2027-06-17,0.00072
2027-06-18,0.0007099999999999999
2027-06-19,0.0006900000000000001
2027-06-20,0.0006799999999999999
2027-06-21,0.00067
2027-06-22,0.00065
2027-06-23,0.00064
2027-06-24,0.00062
2027-06-25,0.00063
2027-06-26,0.0006
2027-06-27,0.01494
2027-06-28,0.00059
2027-06-29,0.00058
2027-06-30,0.00057
2027-07-01,0.00056
2027-07-02,0.00055
2027-07-03,0.00055
2027-07-04,0.00054
2027-07-05,0.00053
2027-07-06,0.0005200000000000001
2027-07-07,0.0005200000000000001
2027-07-08,0.0005099999999999999
2027-07-09,0.0005
2027-07-10,0.0005
2027-07-11,0.0005
2027-07-12,0.00049
2027-07-13,0.00049
2027-07-14,0.00049
2027-07-15,0.00049
2027-07-16,0.00047999999999999996
2027-07-17,0.00047999999999999996
2027-07-18,0.00047999999999999996
2027-07-19,0.00047999999999999996
2027-07-20,0.00047999999999999996
2027-07-21,0.00047999999999999996
2027-07-22,0.00047999999999999996
2027-07-23,0.00047999999999999996
2027-07-24,0.00047999999999999996
2027-07-25,0.00047999999999999996
2027-07-26,0.00047999999999999996
2027-07-27,0.00047999999999999996
2027-07-28,0.00047999999999999996
2027-07-29,0.00047999999999999996
2027-07-30,0.00047999999999999996
2027-07-31,0.00047999999999999996
2027-08-01,0.00047999999999999996
2027-08-02,0.00047999999999999996
2027-08-03,0.00047999999999999996
2027-08-04,0.00047999999999999996
2027-08-05,0.00047999999999999996
2027-08-06,0.00047999999999999996
2027-08-07,0.00047999999999999996
2027-08-08,0.00047999999999999996
2027-08-09,0.00047999999999999996
2027-08-10,0.00047999999999999996
2027-08-11,0.00047999999999999996
2027-08-12,0.00047999999999999996
2027-08-13,0.00047999999999999996
2027-08-14,0.00047999999999999996
2027-08-15,0.00047999999999999996
2027-08-16,0.00047999999999999996
2027-08-17,0.0006
2027-08-18,0.00047999999999999996
2027-08-19,0.00047999999999999996
2027-08-20,0.00047999999999999996
2027-08-21,0.00047999999999999996
2027-08-22,0.00047999999999999996
2027-08-23,0.00047999999999999996
2027-08-24,0.00047999999999999996
2027-08-25,0.00047999999999999996
2027-08-26,0.00047999999999999996
2027-08-27,0.00047999999999999996
2027-08-28,0.00047999999999999996
2027-08-29,0.00047000000000000004
2027-08-30,0.00047000000000000004
2027-08-31,0.00047000000000000004
2027-09-01,0.00047000000000000004
2027-09-02,0.00047000000000000004
2027-09-03,0.00047000000000000004
2027-09-04,0.00047000000000000004
2027-09-05,0.00047000000000000004
2027-09-06,0.00047000000000000004
2027-09-07,0.00047000000000000004
2027-09-08,0.00047000000000000004
2027-09-09,0.00047000000000000004
2027-09-10,0.00047000000000000004
2027-09-11,0.00047000000000000004
2027-09-12,0.00047000000000000004
2027-09-13,0.00047000000000000004
2027-09-14,0.00047000000000000004
2027-09-15,0.00047000000000000004
2027-09-16,0.00047000000000000004
2027-09-17,0.00047000000000000004
2027-09-18,0.00047000000000000004
2027-09-19,0.00047000000000000004
2027-09-20,0.00047000000000000004
2027-09-21,0.00047000000000000004
2027-09-22,0.00047000000000000004
2027-09-23,0.00047000000000000004
2027-09-24,0.00047000000000000004
2027-09-25,0.00047000000000000004
2027-09-26,0.00047000000000000004
2027-09-27,0.00047000000000000004
2027-09-28,0.00047000000000000004
2027-09-29,0.00047000000000000004
2027-09-30,0.00047000000000000004
2027-10-01,0.00047000000000000004
2027-10-02,0.00047000000000000004
2027-10-03,0.00047000000000000004
2027-10-04,0.00047000000000000004
2027-10-05,0.00047000000000000004
2027-10-06,0.00047000000000000004
2027-10-07,0.00047000000000000004
2027-10-08,0.00047000000000000004
2027-10-09,0.00047000000000000004
2027-10-10,0.00047000000000000004
2027-10-11,0.00047000000000000004
2027-10-12,0.00047000000000000004
2027-10-13,0.00047000000000000004
2027-10-14,0.00047000000000000004
2027-10-15,0.00047000000000000004
2027-10-16,0.00047000000000000004
2027-10-17,0.00047000000000000004
2027-10-18,0.00047000000000000004
2027-10-19,0.00047000000000000004
2027-10-20,0.00047000000000000004
2027-10-21,0.00047000000000000004
2027-10-22,0.00047000000000000004
2027-10-23,0.00049
2027-10-24,0.00047000000000000004
2027-10-25,0.00047000000000000004
2027-10-26,0.00084
2027-10-27,0.00047000000000000004
2027-10-28,0.00246
2027-10-29,0.00047000000000000004
2027-10-30,0.00942
2027-10-31,0.00047000000000000004
2027-11-01,0.00047000000000000004
2027-11-02,0.0069900000000000006
2027-11-03,0.0007700000000000001
2027-11-04,0.00047000000000000004
2027-11-05,0.00047000000000000004
2027-11-06,0.00047000000000000004
2027-11-07,0.00047000000000000004
2027-11-08,0.00047000000000000004
2027-11-09,0.00047000000000000004
2027-11-10,0.00047000000000000004
2027-11-11,0.00329
2027-11-12,0.04148
2027-11-13,0.00047000000000000004
2027-11-14,0.00047999999999999996
2027-11-15,0.00047999999999999996
2027-11-16,0.01589
2027-11-17,0.02137
2027-11-18,0.011909999999999999
2027-11-19,0.00141
2027-11-20,0.01516
2027-11-21,0.00056
2027-11-22,0.00058
2027-11-23,0.00058
2027-11-24,0.00059
2027-11-25,0.00059
2027-11-26,0.00059
2027-11-27,0.0006
2027-11-28,0.0006
2027-11-29,0.0006
2027-11-30,0.0006
2027-12-01,0.0006
2027-12-02,0.0006
2027-12-03,0.00059
2027-12-04,0.00059
2027-12-05,0.00059
2027-12-06,0.00059
2027-12-07,0.008790000000000001
2027-12-08,0.03515
2027-12-09,0.0008699999999999999
2027-12-10,0.00062
2027-12-11,0.00063
2027-12-12,0.00063
2027-12-13,0.00064
2027-12-14,0.00064
2027-12-15,0.00064
2027-12-16,0.00256
2027-12-17,0.01227
2027-12-18,0.04763
2027-12-19,0.007679999999999999
2027-12-20,0.0007099999999999999
2027-12-21,0.00498
2027-12-22,0.0233
2027-12-23,0.029110000000000004
2027-12-24,0.00395
2027-12-25,0.00144
2027-12-26,0.00082
2027-12-27,0.00088
2027-12-28,0.00093
2027-12-29,0.00107
2027-12-30,0.00162
2027-12-31,0.00128
2028-01-01,0.00085
2028-01-02,0.00085
2028-01-03,0.00086
2028-01-04,0.00086
2028-01-05,0.00086
2028-01-06,0.00086
2028-01-07,0.05014
2028-01-08,0.10800000000000001
2028-01-09,0.12647
2028-01-10,0.05935
2028-01-11,0.01521
2028-01-12,0.00124
2028-01-13,0.00131
2028-01-14,0.00139
2028-01-15,0.00146
2028-01-16,0.0015199999999999999
2028-01-17,0.00157
2028-01-18,0.0438
2028-01-19,0.12625
2028-01-20,0.09487000000000001
2028-01-21,0.030660000000000003
2028-01-22,0.03542
2028-01-23,0.035660000000000004
2028-01-24,0.034589999999999996
2028-01-25,0.03308
2028-01-26,0.031439999999999996
2028-01-27,0.03986
2028-01-28,0.07071000000000001
2028-01-29,0.09076000000000001
2028-01-30,0.05781
2028-01-31,0.058210000000000005
2028-02-01,0.057260000000000005
2028-02-02,0.054479999999999994
2028-02-03,0.05114
2028-02-04,0.04773
2028-02-05,0.0443
2028-02-06,0.04074
2028-02-07,0.03741
2028-02-08,0.034339999999999996
2028-02-09,0.033260000000000005
2028-02-10,0.03335
2028-02-11,0.04041
2028-02-12,0.03386
2028-02-13,0.027489999999999997
2028-02-14,0.04292
2028-02-15,0.06146
2028-02-16,0.04056
2028-02-17,0.0629
2028-02-18,0.05906
2028-02-19,0.055260000000000004
2028-02-20,0.056389999999999996
2028-02-21,0.05206
2028-02-22,0.052289999999999996
2028-02-23,0.05732
2028-02-24,0.0465
2028-02-25,0.04426
2028-02-26,0.04147
2028-02-27,0.06142
2028-02-28,0.06967000000000001
2028-02-29,0.15762
2028-03-01,0.4494
2028-03-02,0.50043
2028-03-03,0.13266
2028-03-04,0.1402
2028-03-05,0.15116
2028-03-06,0.13591
2028-03-07,0.12412000000000001
2028-03-08,0.13477
2028-03-09,0.16105
2028-03-10,0.15445
2028-03-11,0.13542
2028-03-12,0.12680999999999998
2028-03-13,0.12
2028-03-14,0.11441
2028-03-15,0.11797
2028-03-16,0.09938999999999999
2028-03-17,0.09614
2028-03-18,0.08428
2028-03-19,0.09432
2028-03-20,0.07403
2028-03-21,0.07085
2028-03-22,0.06677999999999999
2028-03-23,0.06239
2028-03-24,0.07182000000000001
2028-03-25,0.05466
2028-03-26,0.06097999999999999
2028-03-27,0.07508
2028-03-28,0.06265
2028-03-29,0.05625
2028-03-30,0.05511
2028-03-31,0.0523
2028-04-01,0.04822
2028-04-02,0.04373
2028-04-03,0.040619999999999996
2028-04-04,0.03663
2028-04-05,0.03372
2028-04-06,0.03559
2028-04-07,0.02972
2028-04-08,0.02688
2028-04-09,0.03728
2028-04-10,0.02446
2028-04-11,0.039869999999999996
2028-04-12,0.03442
2028-04-13,0.03317
2028-04-14,0.02805
2028-04-15,0.0267
2028-04-16,0.02484
2028-04-17,0.02274
2028-04-18,0.020659999999999998
2028-04-19,0.01866
2028-04-20,0.016669999999999997
2028-04-21,0.014740000000000001
2028-04-22,0.01286
2028-04-23,0.01108
2028-04-24,0.00939
2028-04-25,0.007859999999999999
2028-04-26,0.00665
2028-04-27,0.00572
2028-04-28,0.00774
2028-04-29,0.01914
2028-04-30,0.0271
2028-05-01,0.0051600000000000005
2028-05-02,0.00599
2028-05-03,0.00576
2028-05-04,0.00565
2028-05-05,0.00526
2028-05-06,0.00491
2028-05-07,0.00924
2028-05-08,0.012819999999999998
2028-05-09,0.0159
2028-05-10,0.00547
2028-05-11,0.00562
2028-05-12,0.00527
2028-05-13,0.00464
2028-05-14,0.00387
2028-05-15,0.00317
2028-05-16,0.0026100000000000003
2028-05-17,0.00227
2028-05-18,0.00201
2028-05-19,0.002
2028-05-20,0.00165
2028-05-21,0.0015199999999999999
2028-05-22,0.0014
2028-05-23,0.00132
2028-05-24,0.00128
2028-05-25,0.00125
2028-05-26,0.00122
2028-05-27,0.0012
2028-05-28,0.00119
2028-05-29,0.0017
2028-05-30,0.00157
2028-05-31,0.00117
2028-06-01,0.00116
2028-06-02,0.00115
2028-06-03,0.00114
2028-06-04,0.00182
2028-06-05,0.00112
2028-06-06,0.0011
2028-06-07,0.00109
2028-06-08,0.00108
2028-06-09,0.00106
2028-06-10,0.00105
2028-06-11,0.0010400000000000001
2028-06-12,0.00103
2028-06-13,0.0010199999999999999
2028-06-14,0.00101
2028-06-15,0.00099
2028-06-16,0.00098
2028-06-17,0.0009599999999999999
2028-06-18,0.0009400000000000001
2028-06-19,0.00093
2028-06-20,0.00091
2028-06-21,0.0008900000000000001
2028-06-22,0.00088
2028-06-23,0.00086
2028-06-24,0.00084
2028-06-25,0.00082
2028-06-26,0.0008
2028-06-27,0.00078
2028-06-28,0.0007599999999999999
2028-06-29,0.00075
2028-06-30,0.00073
2028-07-01,0.0007099999999999999
2028-07-02,0.0006900000000000001
2028-07-03,0.0006799999999999999
2028-07-04,0.00066
2028-07-05,0.00065
2028-07-06,0.00063
2028-07-07,0.00062
2028-07-08,0.00061
2028-07-09,0.00059
2028-07-10,0.00058
2028-07-11,0.00058
2028-07-12,0.00057
2028-07-13,0.00056
2028-07-14,0.00055
2028-07-15,0.00054
2028-07-16,0.00053
2028-07-17,0.0005200000000000001
2028-07-18,0.0005099999999999999
2028-07-19,0.0005099999999999999
2028-07-20,0.0005
2028-07-21,0.0005
2028-07-22,0.00049
2028-07-23,0.00049
2028-07-24,0.00049
2028-07-25,0.00049
2028-07-26,0.00047999999999999996
2028-07-27,0.00047999999999999996
2028-07-28,0.00047999999999999996
2028-07-29,0.00047999999999999996
2028-07-30,0.00047999999999999996
2028-07-31,0.00047999999999999996
2028-08-01,0.00047999999999999996
2028-08-02,0.00047999999999999996
2028-08-03,0.00047999999999999996
2028-08-04,0.00047999999999999996
2028-08-05,0.00047999999999999996
2028-08-06,0.00047999999999999996
2028-08-07,0.00047999999999999996
2028-08-08,0.00047999999999999996
2028-08-09,0.00047999999999999996
2028-08-10,0.00047999999999999996
2028-08-11,0.00047999999999999996
2028-08-12,0.00047999999999999996
2028-08-13,0.00047999999999999996
2028-08-14,0.00047999999999999996
2028-08-15,0.00047999999999999996
2028-08-16,0.00047999999999999996
2028-08-17,0.00047999999999999996
2028-08-18,0.00047999999999999996
2028-08-19,0.00047999999999999996
2028-08-20,0.00047999999999999996
2028-08-21,0.00047999999999999996
2028-08-22,0.00047999999999999996
2028-08-23,0.00047999999999999996
2028-08-24,0.00125
2028-08-25,0.00047999999999999996
2028-08-26,0.00047999999999999996
2028-08-27,0.00047999999999999996
2028-08-28,0.00047999999999999996
2028-08-29,0.00047999999999999996
2028-08-30,0.00047999999999999996
2028-08-31,0.0005200000000000001
2028-09-01,0.0005
2028-09-02,0.00047999999999999996
2028-09-03,0.00047999999999999996
2028-09-04,0.00047999999999999996
2028-09-05,0.00047999999999999996
2028-09-06,0.00047999999999999996
2028-09-07,0.00047999999999999996
2028-09-08,0.00047999999999999996
2028-09-09,0.00047000000000000004
2028-09-10,0.00047000000000000004
2028-09-11,0.00047000000000000004
2028-09-12,0.00047000000000000004
2028-09-13,0.00047000000000000004
2028-09-14,0.00047000000000000004
2028-09-15,0.00047000000000000004
2028-09-16,0.00047000000000000004
2028-09-17,0.00047000000000000004
2028-09-18,0.00047000000000000004
2028-09-19,0.00047000000000000004
2028-09-20,0.00047000000000000004
2028-09-21,0.00047000000000000004
2028-09-22,0.00047000000000000004
2028-09-23,0.00047000000000000004
2028-09-24,0.00047000000000000004
2028-09-25,0.00047000000000000004
2028-09-26,0.00047000000000000004
2028-09-27,0.00047000000000000004
2028-09-28,0.00047000000000000004
2028-09-29,0.00047000000000000004
2028-09-30,0.00047000000000000004
2028-10-01,0.0021100000000000003
2028-10-02,0.00047000000000000004
2028-10-03,0.00302
2028-10-04,0.00047000000000000004
2028-10-05,0.00047000000000000004
2028-10-06,0.00047000000000000004
2028-10-07,0.00047000000000000004
2028-10-08,0.00047000000000000004
2028-10-09,0.00047000000000000004
2028-10-10,0.00047000000000000004
2028-10-11,0.00047000000000000004
2028-10-12,0.00047000000000000004
2028-10-13,0.00047000000000000004
2028-10-14,0.00047000000000000004
2028-10-15,0.00047000000000000004
2028-10-16,0.00047000000000000004
2028-10-17,0.00047000000000000004
2028-10-18,0.00047000000000000004
2028-10-19,0.00047000000000000004
2028-10-20,0.00047000000000000004
2028-10-21,0.00047000000000000004
2028-10-22,0.00047000000000000004
2028-10-23,0.00047000000000000004
2028-10-24,0.00047000000000000004
2028-10-25,0.00047000000000000004
2028-10-26,0.00047000000000000004
2028-10-27,0.00047000000000000004
2028-10-28,0.00047000000000000004
2028-10-29,0.00047000000000000004
2028-10-30,0.00047000000000000004
2028-10-31,0.00047000000000000004
2028-11-01,0.00047000000000000004
2028-11-02,0.00047000000000000004
2028-11-03,0.00047000000000000004
2028-11-04,0.00047000000000000004
2028-11-05,0.00047000000000000004
2028-11-06,0.00047000000000000004
2028-11-07,0.00161
2028-11-08,0.00047000000000000004
2028-11-09,0.00047000000000000004
2028-11-10,0.00047000000000000004
2028-11-11,0.00047000000000000004
2028-11-12,0.00047000000000000004
2028-11-13,0.0018
2028-11-14,0.00463
2028-11-15,0.04215
2028-11-16,0.0105
2028-11-17,0.00047000000000000004
2028-11-18,0.00047999999999999996
2028-11-19,0.00047999999999999996
2028-11-20,0.00049
2028-11-21,0.00049
2028-11-22,0.00049
2028-11-23,0.0005
2028-11-24,0.0005
2028-11-25,0.0005
2028-11-26,0.0005
2028-11-27,0.0005
2028-11-28,0.0005
2028-11-29,0.0005
2028-11-30,0.00057
2028-12-01,0.0005099999999999999
2028-12-02,0.0005
2028-12-03,0.0005099999999999999
2028-12-04,0.0094
2028-12-05,0.0115
2028-12-06,0.00556
2028-12-07,0.00161
2028-12-08,0.0010400000000000001
2028-12-09,0.00141
2028-12-10,0.0014
2028-12-11,0.0011099999999999999
2028-12-12,0.00078
2028-12-13,0.00265
2028-12-14,0.00054
2028-12-15,0.00054
2028-12-16,0.00054
2028-12-17,0.00054
2028-12-18,0.014980000000000002
2028-12-19,0.0138
2028-12-20,0.00757
2028-12-21,0.00137
2028-12-22,0.00058
2028-12-23,0.00491
2028-12-24,0.052820000000000006
2028-12-25,0.25090999999999997
2028-12-26,0.11585999999999999
2028-12-27,0.03324
2028-12-28,0.03657
2028-12-29,0.00227
2028-12-30,0.00427
2028-12-31,0.02195
2029-01-01,0.00939
2029-01-02,0.0012699999999999999
2029-01-03,0.01629
2029-01-04,0.01208
2029-01-05,0.0066
2029-01-06,0.0118
2029-01-07,0.0195
2029-01-08,0.01654
2029-01-09,0.00247
2029-01-10,0.0055899999999999995
2029-01-11,0.00943
2029-01-12,0.01376
2029-01-13,0.004529999999999999
2029-01-14,0.00238
2029-01-15,0.00176
2029-01-16,0.0014
2029-01-17,0.0015400000000000001
2029-01-18,0.00158
2029-01-19,0.00165
2029-01-20,0.0016899999999999999
2029-01-21,0.0017399999999999998
2029-01-22,0.0036899999999999997
2029-01-23,0.0017800000000000001
2029-01-24,0.00446
2029-01-25,0.0040100000000000005
2029-01-26,0.0043100000000000005
2029-01-27,0.13371
2029-01-28,1.89306
2029-01-29,1.24556
2029-01-30,0.41658999999999996
2029-01-31,0.11202999999999999
2029-02-01,0.11760999999999999
2029-02-02,0.14276
2029-02-03,0.18309
2029-02-04,0.13371
2029-02-05,0.12598
2029-02-06,0.15062
2029-02-07,0.20781999999999998
2029-02-08,0.15736
2029-02-09,0.12269000000000001
2029-02-10,0.12249000000000002
2029-02-11,0.1221
2029-02-12,0.12018
2029-02-13,0.11384000000000001
2029-02-14,0.10427
2029-02-15,0.09432
2029-02-16,0.08471000000000001
2029-02-17,0.07591
2029-02-18,0.06833
2029-02-19,0.06289
2029-02-20,0.05619
2029-02-21,0.05043
2029-02-22,0.04509
2029-02-23,0.04048
2029-02-24,0.03669
2029-02-25,0.03358
2029-02-26,0.03077
2029-02-27,0.028310000000000002
2029-02-28,0.02613
2029-03-01,0.0239
2029-03-02,0.02163
2029-03-03,0.01966
2029-03-04,0.02373
2029-03-05,0.016980000000000002
2029-03-06,0.01581
2029-03-07,0.02475
2029-03-08,0.06726
2029-03-09,0.05653
2029-03-10,0.03617
2029-03-11,0.03689
2029-03-12,0.03768
2029-03-13,0.03683
2029-03-14,0.034839999999999996
2029-03-15,0.032369999999999996
2029-03-16,0.02976
2029-03-17,0.02721
2029-03-18,0.0248
2029-03-19,0.02259
2029-03-20,0.02053
2029-03-21,0.01859
2029-03-22,0.016890000000000002
2029-03-23,0.01832
2029-03-24,0.014459999999999999
2029-03-25,0.0133
2029-03-26,0.01284
2029-03-27,0.011000000000000001
2029-03-28,0.027089999999999996
2029-03-29,0.06821
2029-03-30,0.03052
2029-03-31,0.02332
2029-04-01,0.05561
2029-04-02,0.04607
2029-04-03,0.03653
2029-04-04,0.03753
2029-04-05,0.03563
2029-04-06,0.033319999999999995
2029-04-07,0.03042
2029-04-08,0.02743
2029-04-09,0.02456
2029-04-10,0.022109999999999998
2029-04-11,0.01966
2029-04-12,0.01738
2029-04-13,0.01521
2029-04-14,0.013009999999999999
2029-04-15,0.0111
2029-04-16,0.00943
2029-04-17,0.00971
2029-04-18,0.00914
2029-04-19,0.0111
2029-04-20,0.00924
2029-04-21,0.0072900000000000005
2029-04-22,0.01535
2029-04-23,0.017830000000000002
2029-04-24,0.010579999999999999
2029-04-25,0.0071400000000000005
2029-04-26,0.00644
2029-04-27,0.0059299999999999995
2029-04-28,0.005370000000000001
2029-04-29,0.00488
2029-04-30,0.0042899999999999995
2029-05-01,0.00371
2029-05-02,0.00316
2029-05-03,0.00264
2029-05-04,0.00221
2029-05-05,0.00195
2029-05-06,0.0017699999999999999
2029-05-07,0.00158
2029-05-08,0.00469
2029-05-09,0.00533
2029-05-10,0.0013599999999999999
2029-05-11,0.00128
2029-05-12,0.00124
2029-05-13,0.00122
2029-05-14,0.00121
2029-05-15,0.00618
2029-05-16,0.00119
2029-05-17,0.00119
2029-05-18,0.00118
2029-05-19,0.00117
2029-05-20,0.00116
2029-05-21,0.00115
2029-05-22,0.01239
2029-05-23,0.01456
2029-05-24,0.00114
2029-05-25,0.00197
2029-05-26,0.0011300000000000001
2029-05-27,0.0011300000000000001
2029-05-28,0.0011099999999999999
2029-05-29,0.0011
2029-05-30,0.0011
2029-05-31,0.00109
2029-06-01,0.00107
2029-06-02,0.00106
2029-06-03,0.00105
2029-06-04,0.0010400000000000001
2029-06-05,0.00103
2029-06-06,0.0010199999999999999
2029-06-07,0.0010199999999999999
2029-06-08,0.001
2029-06-09,0.00099
2029-06-10,0.0009699999999999999
2029-06-11,0.0009599999999999999
2029-06-12,0.0009400000000000001
2029-06-13,0.0009199999999999999
2029-06-14,0.00091
2029-06-15,0.0009
2029-06-16,0.00088
2029-06-17,0.0008699999999999999
2029-06-18,0.00086
2029-06-19,0.00084
2029-06-20,0.00082
2029-06-21,0.00081
2029-06-22,0.00079
2029-06-23,0.0007700000000000001
2029-06-24,0.00075
2029-06-25,0.00074
2029-06-26,0.00072
2029-06-27,0.0007
2029-06-28,0.0006900000000000001
2029-06-29,0.00067
2029-06-30,0.00066
2029-07-01,0.00064
2029-07-02,0.00063
2029-07-03,0.00062
2029-07-04,0.0006
2029-07-05,0.00059
2029-07-06,0.00058
2029-07-07,0.00057
2029-07-08,0.00056
2029-07-09,0.00055
2029-07-10,0.00054
2029-07-11,0.00053
2029-07-12,0.0005200000000000001
2029-07-13,0.0005099999999999999
2029-07-14,0.0005099999999999999
2029-07-15,0.0005
2029-07-16,0.0005
2029-07-17,0.00049
2029-07-18,0.00049
2029-07-19,0.00049
2029-07-20,0.00059
2029-07-21,0.00049
2029-07-22,0.00047999999999999996
2029-07-23,0.00047999999999999996
2029-07-24,0.00047999999999999996
2029-07-25,0.00047999999999999996
2029-07-26,0.00047999999999999996
2029-07-27,0.00047999999999999996
2029-07-28,0.00047999999999999996
2029-07-29,0.00047999999999999996
2029-07-30,0.00047999999999999996
2029-07-31,0.00047999999999999996
2029-08-01,0.00047999999999999996
2029-08-02,0.00047999999999999996
2029-08-03,0.00047999999999999996
2029-08-04,0.00047999999999999996
2029-08-05,0.00047999999999999996
2029-08-06,0.00047999999999999996
2029-08-07,0.00047999999999999996
2029-08-08,0.00047999999999999996
2029-08-09,0.00047999999999999996
2029-08-10,0.00047999999999999996
2029-08-11,0.00047999999999999996
2029-08-12,0.00047999999999999996
2029-08-13,0.00047999999999999996
2029-08-14,0.00047999999999999996
2029-08-15,0.00047999999999999996
2029-08-16,0.00047999999999999996
2029-08-17,0.00047999999999999996
2029-08-18,0.00047999999999999996
2029-08-19,0.00047999999999999996
2029-08-20,0.00047999999999999996
2029-08-21,0.00047999999999999996
2029-08-22,0.00047999999999999996
2029-08-23,0.00047999999999999996
2029-08-24,0.00047999999999999996
2029-08-25,0.00047999999999999996
2029-08-26,0.00047999999999999996
2029-08-27,0.00047999999999999996
2029-08-28,0.00047999999999999996
2029-08-29,0.00067
2029-08-30,0.00047999999999999996
2029-08-31,0.0014199999999999998
2029-09-01,0.0005200000000000001
2029-09-02,0.0010400000000000001
2029-09-03,0.00047999999999999996
2029-09-04,0.00047000000000000004
2029-09-05,0.00047000000000000004
2029-09-06,0.00047000000000000004
2029-09-07,0.00047000000000000004
2029-09-08,0.00047000000000000004
2029-09-09,0.00047000000000000004
2029-09-10,0.00047000000000000004
2029-09-11,0.00047000000000000004
2029-09-12,0.00047000000000000004
2029-09-13,0.00047000000000000004
2029-09-14,0.00047000000000000004
2029-09-15,0.00047000000000000004
2029-09-16,0.00047000000000000004
2029-09-17,0.00047000000000000004
2029-09-18,0.00047000000000000004
2029-09-19,0.00047000000000000004
2029-09-20,0.00047000000000000004
2029-09-21,0.00047000000000000004
2029-09-22,0.00047000000000000004
2029-09-23,0.00047000000000000004
2029-09-24,0.00047000000000000004
2029-09-25,0.00047000000000000004
2029-09-26,0.00047000000000000004
2029-09-27,0.00047000000000000004
2029-09-28,0.00047000000000000004
2029-09-29,0.00047000000000000004
2029-09-30,0.00047000000000000004
2029-10-01,0.00047000000000000004
2029-10-02,0.00047000000000000004
2029-10-03,0.00047000000000000004
2029-10-04,0.00047000000000000004
2029-10-05,0.00047000000000000004
2029-10-06,0.00047000000000000004
2029-10-07,0.00047000000000000004
2029-10-08,0.00047000000000000004
2029-10-09,0.00047000000000000004
2029-10-10,0.00047000000000000004
2029-10-11,0.00047000000000000004
2029-10-12,0.00047000000000000004
2029-10-13,0.00047000000000000004
2029-10-14,0.00047000000000000004
2029-10-15,0.0016899999999999999
2029-10-16,0.00047000000000000004
2029-10-17,0.0015199999999999999
2029-10-18,0.00047000000000000004
2029-10-19,0.00047000000000000004
2029-10-20,0.00047000000000000004
2029-10-21,0.00047000000000000004
2029-10-22,0.00047000000000000004
2029-10-23,0.00047000000000000004
2029-10-24,0.00675
2029-10-25,0.00047000000000000004
2029-10-26,0.00047000000000000004
2029-10-27,0.00047000000000000004
2029-10-28,0.00047000000000000004
2029-10-29,0.00047000000000000004
2029-10-30,0.00047000000000000004
2029-10-31,0.00047000000000000004
2029-11-01,0.00047000000000000004
2029-11-02,0.00047000000000000004
2029-11-03,0.00047000000000000004
2029-11-04,0.00047000000000000004
2029-11-05,0.00047000000000000004
2029-11-06,0.00047000000000000004
2029-11-07,0.01762
2029-11-08,0.04887
2029-11-09,0.02512
2029-11-10,0.0005
2029-11-11,0.0005200000000000001
2029-11-12,0.00053
2029-11-13,0.00054
2029-11-14,0.00054
2029-11-15,0.00054
2029-11-16,0.00055
2029-11-17,0.00055
2029-11-18,0.00055
2029-11-19,0.00055
2029-11-20,0.00055
2029-11-21,0.00055
2029-11-22,0.00055
2029-11-23,0.00055
2029-11-24,0.00055
2029-11-25,0.00125
2029-11-26,0.00055
2029-11-27,0.00055
2029-11-28,0.00055
2029-11-29,0.00055
2029-11-30,0.00055
2029-12-01,0.00055
2029-12-02,0.00055
2029-12-03,0.00566
2029-12-04,0.00054
2029-12-05,0.00054
2029-12-06,0.00054
2029-12-07,0.0007700000000000001
2029-12-08,0.00054
2029-12-09,0.00054
2029-12-10,0.00484
2029-12-11,0.01529
2029-12-12,0.00141
2029-12-13,0.001
2029-12-14,0.00133
2029-12-15,0.00055
2029-12-16,0.00056
2029-12-17,0.00056
2029-12-18,0.00442
2029-12-19,0.009170000000000001
2029-12-20,0.03757
2029-12-21,0.0057799999999999995
2029-12-22,0.0775
2029-12-23,0.04779
2029-12-24,0.03968
2029-12-25,0.13053
2029-12-26,0.00091
2029-12-27,0.00436
2029-12-28,0.00095
2029-12-29,0.006
2029-12-30,0.00105
2029-12-31,0.0009699999999999999
2030-01-01,0.00098
2030-01-02,0.00098
2030-01-03,0.00098
2030-01-04,0.00099
2030-01-05,0.00099
2030-01-06,0.00099
2030-01-07,0.00099
2030-01-08,0.028669999999999998
2030-01-09,0.05853
2030-01-10,0.031110000000000002
2030-01-11,0.0011
2030-01-12,0.06336
2030-01-13,0.60173
2030-01-14,0.22945
2030-01-15,0.03899
2030-01-16,0.10372999999999999
2030-01-17,0.06464
2030-01-18,0.06014
2030-01-19,0.06258
2030-01-20,0.06154
2030-01-21,0.07593
2030-01-22,0.06467
2030-01-23,0.05782999999999999
2030-01-24,0.05683
2030-01-25,0.059489999999999994
2030-01-26,0.05293
2030-01-27,0.04963
2030-01-28,0.0503
2030-01-29,0.045
2030-01-30,0.047510000000000004
2030-01-31,0.04017
2030-02-01,0.0378
2030-02-02,0.03551
2030-02-03,0.03327
2030-02-04,0.05124
2030-02-05,0.051410000000000004
2030-02-06,0.034089999999999995
2030-02-07,0.03542
2030-02-08,0.035269999999999996
2030-02-09,0.03422
2030-02-10,0.03274
2030-02-11,0.03107
2030-02-12,0.02968
2030-02-13,0.03048
2030-02-14,0.026719999999999997
2030-02-15,0.02556
2030-02-16,0.026180000000000002
2030-02-17,0.02257
2030-02-18,0.02113
2030-02-19,0.01964
2030-02-20,0.01815
2030-02-21,0.016659999999999998
2030-02-22,0.0152
2030-02-23,0.01399
2030-02-24,0.01992
2030-02-25,0.03447
2030-02-26,0.04451
2030-02-27,0.042960000000000005
2030-02-28,0.03868
2030-03-01,0.044289999999999996
2030-03-02,0.04117
2030-03-03,0.03904
2030-03-04,0.04489
2030-03-05,0.052160000000000005
2030-03-06,0.04152
2030-03-07,0.040010000000000004
2030-03-08,0.038939999999999995
2030-03-09,0.03728
2030-03-10,0.035410000000000004
2030-03-11,0.033839999999999995
2030-03-12,0.03184
2030-03-13,0.03003
2030-03-14,0.03725
2030-03-15,0.027589999999999996
2030-03-16,0.025960000000000004
2030-03-17,0.05965
2030-03-18,0.06483
2030-03-19,0.06433
2030-03-20,0.09808
2030-03-21,0.09262000000000001
2030-03-22,0.10294
2030-03-23,0.08444
2030-03-24,0.08317999999999999
2030-03-25,0.08383
2030-03-26,0.07131
2030-03-27,0.06452999999999999
2030-03-28,0.05805
2030-03-29,0.05195
2030-03-30,0.04645
2030-03-31,0.04162
2030-04-01,0.03708
2030-04-02,0.03267
2030-04-03,0.028710000000000003
2030-04-04,0.02535
2030-04-05,0.02232
2030-04-06,0.01999
2030-04-07,0.03545
2030-04-08,0.0305
2030-04-09,0.01741
2030-04-10,0.01654
2030-04-11,0.01555
2030-04-12,0.01481
2030-04-13,0.01401
2030-04-14,0.01311
2030-04-15,0.01227
2030-04-16,0.02146
2030-04-17,0.01176
2030-04-18,0.011590000000000001
2030-04-19,0.03828
2030-04-20,0.01288
2030-04-21,0.013919999999999998
2030-04-22,0.014190000000000001
2030-04-23,0.01258
2030-04-24,0.01167
2030-04-25,0.01096
2030-04-26,0.01027
2030-04-27,0.07681
2030-04-28,0.11890999999999999
2030-04-29,0.14828
2030-04-30,0.08588
2030-05-01,0.08063
2030-05-02,0.07689
2030-05-03,0.07405
2030-05-04,0.06675
2030-05-05,0.06939
2030-05-06,0.07235
2030-05-07,0.06327999999999999
2030-05-08,0.05828
2030-05-09,0.05853
2030-05-10,0.0549
2030-05-11,0.0549
2030-05-12,0.052989999999999995
2030-05-13,0.04628
2030-05-14,0.04214
2030-05-15,0.03882
2030-05-16,0.040060000000000005
2030-05-17,0.03265
2030-05-18,0.034839999999999996
2030-05-19,0.02823
2030-05-20,0.03165
2030-05-21,0.02928
2030-05-22,0.02419
2030-05-23,0.02472
2030-05-24,0.02084
2030-05-25,0.019180000000000003
2030-05-26,0.017480000000000002
2030-05-27,0.01589
2030-05-28,0.01376
2030-05-29,0.01171
2030-05-30,0.01778
2030-05-31,0.0095
2030-06-01,0.01469
2030-06-02,0.00792
2030-06-03,0.00722
2030-06-04,0.00625
2030-06-05,0.00513
2030-06-06,0.00566
2030-06-07,0.0032
2030-06-08,0.00244
2030-06-09,0.0018399999999999998
2030-06-10,0.00145
2030-06-11,0.0012699999999999999
2030-06-12,0.00122
2030-06-13,0.00121
2030-06-14,0.00267
2030-06-15,0.00118
2030-06-16,0.00117
2030-06-17,0.00116
2030-06-18,0.00114
2030-06-19,0.0011300000000000001
2030-06-20,0.00112
2030-06-21,0.0011
2030-06-22,0.00109
2030-06-23,0.00107
2030-06-24,0.00105
2030-06-25,0.0010400000000000001
2030-06-26,0.0010199999999999999
2030-06-27,0.001
2030-06-28,0.00098
2030-06-29,0.0009599999999999999
2030-06-30,0.00095
2030-07-01,0.00093
2030-07-02,0.00091
2030-07-03,0.0009
2030-07-04,0.00088
2030-07-05,0.0008699999999999999
2030-07-06,0.00085
2030-07-07,0.0008300000000000001
2030-07-08,0.00081
2030-07-09,0.00079
2030-07-10,0.00078
2030-07-11,0.0007599999999999999
2030-07-12,0.00074
2030-07-13,0.00073
2030-07-14,0.0007099999999999999
2030-07-15,0.0007
2030-07-16,0.0006799999999999999
2030-07-17,0.00067
2030-07-18,0.00066
2030-07-19,0.00064
2030-07-20,0.00063
2030-07-21,0.00061
2030-07-22,0.0006
2030-07-23,0.00059
2030-07-24,0.00058
2030-07-25,0.00057
2030-07-26,0.00056
2030-07-27,0.00055
2030-07-28,0.00054
2030-07-29,0.00053
2030-07-30,0.0005200000000000001
2030-07-31,0.0005200000000000001
2030-08-01,0.0005099999999999999
2030-08-02,0.0005099999999999999
2030-08-03,0.0005
2030-08-04,0.0005
2030-08-05,0.00049
2030-08-06,0.00049
2030-08-07,0.00049
2030-08-08,0.00049
2030-08-09,0.00049
2030-08-10,0.00047999999999999996
2030-08-11,0.00047999999999999996
2030-08-12,0.00047999999999999996
2030-08-13,0.00047999999999999996
2030-08-14,0.00047999999999999996
2030-08-15,0.00047999999999999996
2030-08-16,0.00047999999999999996
2030-08-17,0.00047999999999999996
2030-08-18,0.00047999999999999996
2030-08-19,0.00047999999999999996
2030-08-20,0.00047999999999999996
2030-08-21,0.00047999999999999996
2030-08-22,0.00047999999999999996
2030-08-23,0.00047999999999999996
2030-08-24,0.00047999999999999996
2030-08-25,0.00047999999999999996
2030-08-26,0.00047999999999999996
2030-08-27,0.00047999999999999996
2030-08-28,0.00047999999999999996
2030-08-29,0.00047999999999999996
2030-08-30,0.00047999999999999996
2030-08-31,0.00047999999999999996
2030-09-01,0.00047999999999999996
2030-09-02,0.00047999999999999996
2030-09-03,0.00047999999999999996
2030-09-04,0.00047999999999999996
2030-09-05,0.00047999999999999996
2030-09-06,0.00047999999999999996
2030-09-07,0.00047999999999999996
2030-09-08,0.00047999999999999996
2030-09-09,0.00047999999999999996
2030-09-10,0.00047999999999999996
2030-09-11,0.00047999999999999996
2030-09-12,0.00047999999999999996
2030-09-13,0.00047999999999999996
2030-09-14,0.00047999999999999996
2030-09-15,0.00047999999999999996
2030-09-16,0.00047999999999999996
2030-09-17,0.00047999999999999996
2030-09-18,0.00047999999999999996
2030-09-19,0.00047999999999999996
2030-09-20,0.00047999999999999996
2030-09-21,0.00047999999999999996
2030-09-22,0.00047999999999999996
2030-09-23,0.00047000000000000004
2030-09-24,0.00047000000000000004
2030-09-25,0.00047000000000000004
2030-09-26,0.00047000000000000004
2030-09-27,0.00047000000000000004
2030-09-28,0.00047000000000000004
2030-09-29,0.00047000000000000004
2030-09-30,0.00047000000000000004
2030-10-01,0.00047000000000000004
2030-10-02,0.00047000000000000004
2030-10-03,0.00047000000000000004
2030-10-04,0.00047000000000000004
2030-10-05,0.00047000000000000004
2030-10-06,0.00047000000000000004
2030-10-07,0.00047000000000000004
2030-10-08,0.00047000000000000004
2030-10-09,0.00047000000000000004
2030-10-10,0.00047000000000000004
2030-10-11,0.00047000000000000004
2030-10-12,0.00047000000000000004
2030-10-13,0.00047000000000000004
2030-10-14,0.00047000000000000004
2030-10-15,0.00047000000000000004
2030-10-16,0.00047000000000000004
2030-10-17,0.00047000000000000004
2030-10-18,0.00047000000000000004
2030-10-19,0.00047000000000000004
2030-10-20,0.00047000000000000004
2030-10-21,0.00047000000000000004
2030-10-22,0.00047000000000000004
2030-10-23,0.00047000000000000004
2030-10-24,0.00525
2030-10-25,0.020880000000000003
2030-10-26,0.00777
2030-10-27,0.00047000000000000004
2030-10-28,0.00047000000000000004
2030-10-29,0.00047000000000000004
2030-10-30,0.00047000000000000004
2030-10-31,0.00047000000000000004
2030-11-01,0.00047000000000000004
2030-11-02,0.00047000000000000004
2030-11-03,0.00047000000000000004
2030-11-04,0.00047000000000000004
2030-11-05,0.00047000000000000004
2030-11-06,0.00047000000000000004
2030-11-07,0.00047000000000000004
2030-11-08,0.00047000000000000004
2030-11-09,0.00047000000000000004
2030-11-10,0.00047000000000000004
2030-11-11,0.00047000000000000004
2030-11-12,0.00589
2030-11-13,0.00047000000000000004
2030-11-14,0.00047000000000000004
2030-11-15,0.00151
2030-11-16,0.00047000000000000004
2030-11-17,0.00554
2030-11-18,0.00953
2030-11-19,0.0021100000000000003
2030-11-20,0.00055
2030-11-21,0.00047999999999999996
2030-11-22,0.00055
2030-11-23,0.001
2030-11-24,0.00047999999999999996
2030-11-25,0.00047999999999999996
2030-11-26,0.00047999999999999996
2030-11-27,0.00047999999999999996
2030-11-28,0.0015199999999999999
2030-11-29,0.018340000000000002
2030-11-30,0.00047999999999999996
2030-12-01,0.00049
2030-12-02,0.00057
2030-12-03,0.01208
2030-12-04,0.00492
2030-12-05,0.0005
2030-12-06,0.00135
2030-12-07,0.01459
2030-12-08,0.02074
2030-12-09,0.09409
2030-12-10,0.01941
2030-12-11,0.00954
2030-12-12,0.00592
2030-12-13,0.00485
2030-12-14,0.00834
2030-12-15,0.009909999999999999
2030-12-16,0.0076
2030-12-17,0.00411
2030-12-18,0.00299
2030-12-19,0.00545
2030-12-20,0.00126
2030-12-21,0.02419
2030-12-22,0.0179
2030-12-23,0.00145
2030-12-24,0.0017800000000000001
2030-12-25,0.011890000000000001
2030-12-26,0.07883
2030-12-27,0.00595
2030-12-28,0.00099
2030-12-29,0.00099
2030-12-30,0.00119
2030-12-31,0.00162
2031-01-01,0.00318
2031-01-02,0.00483
2031-01-03,0.011040000000000001
2031-01-04,0.01761
2031-01-05,0.07496
2031-01-06,0.05637
2031-01-07,0.01729
2031-01-08,0.0036
2031-01-09,0.04215
2031-01-10,0.40503
2031-01-11,0.9640000000000001
2031-01-12,0.8509
2031-01-13,0.12435
2031-01-14,0.20259000000000002
2031-01-15,1.32544
2031-01-16,1.9770299999999998
2031-01-17,0.73968
2031-01-18,0.45402
2031-01-19,0.1299
2031-01-20,0.13715
2031-01-21,0.32888
2031-01-22,0.97577
2031-01-23,0.3413
2031-01-24,0.39652
2031-01-25,0.14054
2031-01-26,0.12811
2031-01-27,0.13314
2031-01-28,0.13024000000000002
2031-01-29,0.15026
2031-01-30,0.20075
2031-01-31,0.18144000000000002
2031-02-01,0.56886
2031-02-02,0.33629000000000003
2031-02-03,0.3524
2031-02-04,0.4003
2031-02-05,0.1292
2031-02-06,0.13524
2031-02-07,0.13868
2031-02-08,0.13011
2031-02-09,0.12375
2031-02-10,0.12678
2031-02-11,0.12697999999999998
2031-02-12,0.12209
2031-02-13,0.11623
2031-02-14,0.10722999999999999
2031-02-15,0.09937
2031-02-16,0.09441000000000001
2031-02-17,0.09345
2031-02-18,0.0888
2031-02-19,0.07848
2031-02-20,0.07036
2031-02-21,0.06713999999999999
2031-02-22,0.06418
2031-02-23,0.06253
2031-02-24,0.061829999999999996
2031-02-25,0.06191
2031-02-26,0.06022
2031-02-27,0.04954
2031-02-28,0.04674
2031-03-01,0.043539999999999995
2031-03-02,0.0402
2031-03-03,0.03694
2031-03-04,0.033710000000000004
2031-03-05,0.03075
2031-03-06,0.02837
2031-03-07,0.02634
2031-03-08,0.02436
2031-03-09,0.02241
2031-03-10,0.02059
2031-03-11,0.01884
2031-03-12,0.01712
2031-03-13,0.015519999999999999
2031-03-14,0.01403
2031-03-15,0.012629999999999999
2031-03-16,0.011609999999999999
2031-03-17,0.020419999999999997
2031-03-18,0.013890000000000001
2031-03-19,0.05567999999999999
2031-03-20,0.01355
2031-03-21,0.0164
2031-03-22,0.01728
2031-03-23,0.017159999999999998
2031-03-24,0.016380000000000002
2031-03-25,0.015269999999999999
2031-03-26,0.0141
2031-03-27,0.01315
2031-03-28,0.02274
2031-03-29,0.012620000000000001
2031-03-30,0.01228
2031-03-31,0.01169
2031-04-01,0.01385
2031-04-02,0.01043
2031-04-03,0.01089
2031-04-04,0.01102
2031-04-05,0.00957
2031-04-06,0.00924
2031-04-07,0.02891
2031-04-08,0.02307
2031-04-09,0.01581
2031-04-10,0.013380000000000001
2031-04-11,0.01323
2031-04-12,0.012969999999999999
2031-04-13,0.01218
2031-04-14,0.01115
2031-04-15,0.00993
2031-04-16,0.00861
2031-04-17,0.00742
2031-04-18,0.006370000000000001
2031-04-19,0.00542
2031-04-20,0.004520000000000001
2031-04-21,0.00372
2031-04-22,0.0038200000000000005
2031-04-23,0.013130000000000001
2031-04-24,0.01741
2031-04-25,0.00633
2031-04-26,0.00329
2031-04-27,0.00321
2031-04-28,0.0031899999999999997
2031-04-29,0.00293
2031-04-30,0.00942
2031-05-01,0.01961
2031-05-02,0.0257
2031-05-03,0.0197
2031-05-04,0.00689
2031-05-05,0.00732
2031-05-06,0.0068
2031-05-07,0.0062
2031-05-08,0.00569
2031-05-09,0.00506
2031-05-10,0.00427
2031-05-11,0.00335
2031-05-12,0.00255
2031-05-13,0.00196
2031-05-14,0.00158
2031-05-15,0.0034700000000000004
2031-05-16,0.0033299999999999996
2031-05-17,0.00313
2031-05-18,0.00234
2031-05-19,0.0013599999999999999
2031-05-20,0.0012699999999999999
2031-05-21,0.00121
2031-05-22,0.00119
2031-05-23,0.00117
2031-05-24,0.00116
2031-05-25,0.00114
2031-05-26,0.0011300000000000001
2031-05-27,0.0011099999999999999
2031-05-28,0.00109
2031-05-29,0.00108
2031-05-30,0.00106
2031-05-31,0.00105
2031-06-01,0.00103
2031-06-02,0.0010199999999999999
2031-06-03,0.00121
2031-06-04,0.00099
2031-06-05,0.00098
2031-06-06,0.0019399999999999999
2031-06-07,0.00095
2031-06-08,0.00093
2031-06-09,0.0009199999999999999
2031-06-10,0.0009
2031-06-11,0.00088
2031-06-12,0.0008699999999999999
2031-06-13,0.00085
2031-06-14,0.00084
2031-06-15,0.00082
2031-06-16,0.0008
2031-06-17,0.00079
2031-06-18,0.00134
2031-06-19,0.0007599999999999999
2031-06-20,0.00075
2031-06-21,0.00074
2031-06-22,0.00073
2031-06-23,0.00072
2031-06-24,0.0007
2031-06-25,0.0006900000000000001
2031-06-26,0.0006799999999999999
2031-06-27,0.00066
2031-06-28,0.00065
2031-06-29,0.00063
2031-06-30,0.00062
2031-07-01,0.00061
2031-07-02,0.0006
2031-07-03,0.00059
2031-07-04,0.00058
2031-07-05,0.00056
2031-07-06,0.00056
2031-07-07,0.00055
2031-07-08,0.00054
2031-07-09,0.00053
2031-07-10,0.0005200000000000001
2031-07-11,0.0005200000000000001
2031-07-12,0.0005099999999999999
2031-07-13,0.0005099999999999999
2031-07-14,0.0005
2031-07-15,0.0005
2031-07-16,0.00049
2031-07-17,0.00049
2031-07-18,0.00049
2031-07-19,0.00049
2031-07-20,0.00049
2031-07-21,0.00047999999999999996
2031-07-22,0.00047999999999999996
2031-07-23,0.00047999999999999996
2031-07-24,0.00047999999999999996
2031-07-25,0.00047999999999999996
2031-07-26,0.00047999999999999996
2031-07-27,0.00047999999999999996
2031-07-28,0.00047999999999999996
2031-07-29,0.00047999999999999996
2031-07-30,0.00047999999999999996
2031-07-31,0.00047999999999999996
2031-08-01,0.00047999999999999996
2031-08-02,0.00047999999999999996
2031-08-03,0.00047999999999999996
2031-08-04,0.00047999999999999996
2031-08-05,0.00047999999999999996
2031-08-06,0.00047999999999999996
2031-08-07,0.00047999999999999996
2031-08-08,0.00047999999999999996
2031-08-09,0.00047999999999999996
2031-08-10,0.00047999999999999996
2031-08-11,0.00047999999999999996
2031-08-12,0.00047999999999999996
2031-08-13,0.00047999999999999996
2031-08-14,0.00047999999999999996
2031-08-15,0.00047999999999999996
2031-08-16,0.00047999999999999996
2031-08-17,0.00047999999999999996
2031-08-18,0.00047999999999999996
2031-08-19,0.00047999999999999996
2031-08-20,0.00047999999999999996
2031-08-21,0.00047999999999999996
2031-08-22,0.00047999999999999996
2031-08-23,0.00047999999999999996
2031-08-24,0.00047999999999999996
2031-08-25,0.00047999999999999996
2031-08-26,0.00047999999999999996
2031-08-27,0.00047999999999999996
2031-08-28,0.00047999999999999996
2031-08-29,0.00047999999999999996
2031-08-30,0.00047999999999999996
2031-08-31,0.00047999999999999996
2031-09-01,0.00047999999999999996
2031-09-02,0.00047999999999999996
2031-09-03,0.00047000000000000004
2031-09-04,0.00047000000000000004
2031-09-05,0.00047000000000000004
2031-09-06,0.00047000000000000004
2031-09-07,0.00047000000000000004
2031-09-08,0.00047000000000000004
2031-09-09,0.00047000000000000004
2031-09-10,0.00047000000000000004
2031-09-11,0.00047000000000000004
2031-09-12,0.00047000000000000004
2031-09-13,0.00047000000000000004
2031-09-14,0.00047000000000000004
2031-09-15,0.00047000000000000004
2031-09-16,0.00047000000000000004
2031-09-17,0.00047000000000000004
2031-09-18,0.00047000000000000004
2031-09-19,0.00047000000000000004
2031-09-20,0.00047000000000000004
2031-09-21,0.00047000000000000004
2031-09-22,0.00047000000000000004
2031-09-23,0.00047000000000000004
2031-09-24,0.00047000000000000004
2031-09-25,0.00047000000000000004
2031-09-26,0.00047000000000000004
2031-09-27,0.00047000000000000004
2031-09-28,0.00047000000000000004
2031-09-29,0.00047000000000000004
2031-09-30,0.00047000000000000004
2031-10-01,0.00047000000000000004
2031-10-02,0.00047000000000000004
2031-10-03,0.0006900000000000001
2031-10-04,0.00047000000000000004
2031-10-05,0.00047000000000000004
2031-10-06,0.00047000000000000004
2031-10-07,0.00047000000000000004
2031-10-08,0.00047000000000000004
2031-10-09,0.00047000000000000004
2031-10-10,0.00047000000000000004
2031-10-11,0.00047000000000000004
2031-10-12,0.00047000000000000004
2031-10-13,0.00047000000000000004
2031-10-14,0.00047000000000000004
2031-10-15,0.00047000000000000004
2031-10-16,0.00047000000000000004
2031-10-17,0.00047000000000000004
2031-10-18,0.00047000000000000004
2031-10-19,0.00047000000000000004
2031-10-20,0.00047000000000000004
2031-10-21,0.00047000000000000004
2031-10-22,0.00047000000000000004
2031-10-23,0.0016600000000000002
2031-10-24,0.00047000000000000004
2031-10-25,0.00047000000000000004
2031-10-26,0.00065
2031-10-27,0.00047000000000000004
2031-10-28,0.00047000000000000004
2031-10-29,0.00047000000000000004
2031-10-30,0.00047000000000000004
2031-10-31,0.00047000000000000004
2031-11-01,0.00047000000000000004
2031-11-02,0.00047000000000000004
2031-11-03,0.006409999999999999
2031-11-04,0.02054
2031-11-05,0.00047000000000000004
2031-11-06,0.00047000000000000004
2031-11-07,0.00371
2031-11-08,0.00047000000000000004
2031-11-09,0.00231
2031-11-10,0.00047000000000000004
2031-11-11,0.00047000000000000004
2031-11-12,0.0070799999999999995
2031-11-13,0.022869999999999998
2031-11-14,0.02841
2031-11-15,0.03197
2031-11-16,0.17518
2031-11-17,0.10959
2031-11-18,0.00514
2031-11-19,0.00078
2031-11-20,0.02655
2031-11-21,0.01991
2031-11-22,0.00084
2031-11-23,0.0172
2031-11-24,0.02661
2031-11-25,0.00091
2031-11-26,0.0019399999999999999
2031-11-27,0.00415
2031-11-28,0.0009400000000000001
2031-11-29,0.00095
2031-11-30,0.00095
2031-12-01,0.00095
2031-12-02,0.03145
2031-12-03,0.0963
2031-12-04,0.10697999999999999
2031-12-05,0.05039
2031-12-06,0.033889999999999997
2031-12-07,0.00275
2031-12-08,0.0049
2031-12-09,0.00514
2031-12-10,0.00566
2031-12-11,0.00594
2031-12-12,0.00619
2031-12-13,0.006220000000000001
2031-12-14,0.0062
2031-12-15,0.03873
2031-12-16,0.10338
2031-12-17,0.14968
2031-12-18,0.06986
2031-12-19,0.06262999999999999
2031-12-20,0.0627
2031-12-21,0.09427999999999999
2031-12-22,0.27994
2031-12-23,0.29883000000000004
2031-12-24,0.21008000000000002
2031-12-25,0.19805999999999999
2031-12-26,0.33146
2031-12-27,0.32231
2031-12-28,0.3855
2031-12-29,0.39937
2031-12-30,0.28317
2031-12-31,0.16245
2032-01-01,0.13032
2032-01-02,0.13458
2032-01-03,0.18878
2032-01-04,0.25418
2032-01-05,0.1426
2032-01-06,0.1414
2032-01-07,0.21541999999999997
2032-01-08,0.80495
2032-01-09,0.67143
2032-01-10,0.41578999999999994
2032-01-11,0.27254
2032-01-12,0.22127
2032-01-13,0.12534
2032-01-14,0.12434
2032-01-15,0.12736
2032-01-16,0.12343
2032-01-17,0.12536
2032-01-18,0.12410999999999998
2032-01-19,0.13246
2032-01-20,0.20331
2032-01-21,0.1829
2032-01-22,0.15185
2032-01-23,0.15658
2032-01-24,0.21731
2032-01-25,0.33039
2032-01-26,0.22951999999999997
2032-01-27,0.17440999999999998
2032-01-28,0.84062
2032-01-29,0.61698
2032-01-30,0.20346
2032-01-31,0.12343
2032-02-01,0.15494000000000002
2032-02-02,0.12528
2032-02-03,0.12343
2032-02-04,0.12343
2032-02-05,0.12312000000000001
2032-02-06,0.11759000000000001
2032-02-07,0.11531
2032-02-08,0.11572
2032-02-09,0.20585
2032-02-10,0.17414000000000002
2032-02-11,0.12337000000000001
2032-02-12,0.12324
2032-02-13,0.12264000000000001
2032-02-14,0.11815999999999999
2032-02-15,0.10876
2032-02-16,0.09851
2032-02-17,0.08897999999999999
2032-02-18,0.08048999999999999
2032-02-19,0.09358999999999999
2032-02-20,0.10484
2032-02-21,0.12084
2032-02-22,0.09125
2032-02-23,0.10167000000000001
2032-02-24,0.10559
2032-02-25,0.08865
2032-02-26,0.13476
2032-02-27,0.22111999999999998
2032-02-28,0.15859
2032-02-29,0.12304000000000001
2032-03-01,0.12284
2032-03-02,0.15525
2032-03-03,0.20276
2032-03-04,0.18699000000000002
2032-03-05,0.12410999999999998
2032-03-06,0.14048
2032-03-07,0.12294000000000001
2032-03-08,0.12390999999999999
2032-03-09,0.17685
2032-03-10,0.21
2032-03-11,0.66028
2032-03-12,0.15583
2032-03-13,0.13837
2032-03-14,0.13756
2032-03-15,0.15001
2032-03-16,0.12875999999999999
2032-03-17,0.12050999999999999
2032-03-18,0.11853
2032-03-19,0.10803
2032-03-20,0.10013999999999999
2032-03-21,0.09272999999999999
2032-03-22,0.08457999999999999
2032-03-23,0.07608999999999999
2032-03-24,0.06807
2032-03-25,0.060820000000000006
2032-03-26,0.058170000000000006
2032-03-27,0.05017
2032-03-28,0.04546
2032-03-29,0.0411
2032-03-30,0.065
2032-03-31,0.08788
2032-04-01,0.06195
2032-04-02,0.06599
2032-04-03,0.05961
2032-04-04,0.05814
2032-04-05,0.05505
2032-04-06,0.0505
2032-04-07,0.04577
2032-04-08,0.04161
2032-04-09,0.037860000000000005
2032-04-10,0.055979999999999995
2032-04-11,0.047310000000000005
2032-04-12,0.054060000000000004
2032-04-13,0.07011
2032-04-14,0.06281
2032-04-15,0.05501
2032-04-16,0.05529
2032-04-17,0.052539999999999996
2032-04-18,0.0688
2032-04-19,0.04947
2032-04-20,0.07707
2032-04-21,0.0847
2032-04-22,0.06256
2032-04-23,0.06287999999999999
2032-04-24,0.05927999999999999
2032-04-25,0.05728
2032-04-26,0.06286
2032-04-27,0.0494
2032-04-28,0.04555
2032-04-29,0.055220000000000005
2032-04-30,0.05285
2032-05-01,0.042289999999999994
2032-05-02,0.039760000000000004
2032-05-03,0.0455
2032-05-04,0.03568
2032-05-05,0.03345
2032-05-06,0.0309
2032-05-07,0.028339999999999997
2032-05-08,0.02597
2032-05-09,0.02623
2032-05-10,0.02478
2032-05-11,0.02195
2032-05-12,0.01966
2032-05-13,0.01732
2032-05-14,0.015090000000000001
2032-05-15,0.0126
2032-05-16,0.01024
2032-05-17,0.00827
2032-05-18,0.00662
2032-05-19,0.00524
2032-05-20,0.00419
2032-05-21,0.0033
2032-05-22,0.00251
2032-05-23,0.0019399999999999999
2032-05-24,0.00156
2032-05-25,0.00157
2032-05-26,0.00128
2032-05-27,0.00123
2032-05-28,0.00121
2032-05-29,0.0012
2032-05-30,0.00118
2032-05-31,0.00117
2032-06-01,0.00115
2032-06-02,0.0011300000000000001
2032-06-03,0.00112
2032-06-04,0.0011
2032-06-05,0.00108
2032-06-06,0.00107
2032-06-07,0.00105
2032-06-08,0.00103
2032-06-09,0.0010199999999999999
2032-06-10,0.001
2032-06-11,0.00098
2032-06-12,0.0018399999999999998
2032-06-13,0.0009599999999999999
2032-06-14,0.00221
2032-06-15,0.00095
2032-06-16,0.0010400000000000001
2032-06-17,0.00093
2032-06-18,0.00143
2032-06-19,0.0009
2032-06-20,0.0008900000000000001
2032-06-21,0.00088
2032-06-22,0.00086
2032-06-23,0.00084
2032-06-24,0.00082
2032-06-25,0.00081
2032-06-26,0.00079
2032-06-27,0.00078
2032-06-28,0.0007599999999999999
2032-06-29,0.00075
2032-06-30,0.00073
2032-07-01,0.00072
2032-07-02,0.00135
2032-07-03,0.0007
2032-07-04,0.0006900000000000001
2032-07-05,0.00067
2032-07-06,0.00066
2032-07-07,0.00065
2032-07-08,0.00063
2032-07-09,0.00062
2032-07-10,0.00061
2032-07-11,0.0006
2032-07-12,0.00058
2032-07-13,0.00057
2032-07-14,0.00056
2032-07-15,0.00055
2032-07-16,0.00054
2032-07-17,0.00053
2032-07-18,0.0005200000000000001
2032-07-19,0.0005200000000000001
2032-07-20,0.0005099999999999999
2032-07-21,0.0005
2032-07-22,0.0005
2032-07-23,0.0005
2032-07-24,0.00049
2032-07-25,0.00049
2032-07-26,0.00049
2032-07-27,0.00049
2032-07-28,0.00047999999999999996
2032-07-29,0.00047999999999999996
2032-07-30,0.00047999999999999996
2032-07-31,0.00047999999999999996
2032-08-01,0.00047999999999999996
2032-08-02,0.00047999999999999996
2032-08-03,0.00047999999999999996
2032-08-04,0.00047999999999999996
2032-08-05,0.00047999999999999996
2032-08-06,0.00047999999999999996
2032-08-07,0.00047999999999999996
2032-08-08,0.00047999999999999996
2032-08-09,0.00047999999999999996
2032-08-10,0.00047999999999999996
2032-08-11,0.00047999999999999996
2032-08-12,0.00047999999999999996
2032-08-13,0.00047999999999999996
2032-08-14,0.00047999999999999996
2032-08-15,0.00047999999999999996
2032-08-16,0.00047999999999999996
2032-08-17,0.00047999999999999996
2032-08-18,0.00047999999999999996
2032-08-19,0.00047999999999999996
2032-08-20,0.00047999999999999996
2032-08-21,0.00047999999999999996
2032-08-22,0.00047999999999999996
2032-08-23,0.00047999999999999996
2032-08-24,0.00047999999999999996
2032-08-25,0.00047999999999999996
2032-08-26,0.00047999999999999996
2032-08-27,0.00047999999999999996
2032-08-28,0.00047999999999999996
2032-08-29,0.00047999999999999996
2032-08-30,0.00047999999999999996
2032-08-31,0.00047999999999999996
2032-09-01,0.00047999999999999996
2032-09-02,0.00047999999999999996
2032-09-03,0.00047999999999999996
2032-09-04,0.00047999999999999996
2032-09-05,0.00047999999999999996
2032-09-06,0.00047999999999999996
2032-09-07,0.00047999999999999996
2032-09-08,0.00047999999999999996
2032-09-09,0.00047999999999999996
2032-09-10,0.00047999999999999996
2032-09-11,0.00047000000000000004
2032-09-12,0.00047000000000000004
2032-09-13,0.00047000000000000004
2032-09-14,0.00047000000000000004
2032-09-15,0.0007599999999999999
2032-09-16,0.00047000000000000004
2032-09-17,0.00047000000000000004
2032-09-18,0.0016699999999999998
2032-09-19,0.00047000000000000004
2032-09-20,0.00047000000000000004
2032-09-21,0.00047000000000000004
2032-09-22,0.00047000000000000004
2032-09-23,0.00047000000000000004
2032-09-24,0.00047000000000000004
2032-09-25,0.00047000000000000004
2032-09-26,0.00047000000000000004
2032-09-27,0.00047000000000000004
2032-09-28,0.00047000000000000004
2032-09-29,0.00047000000000000004
2032-09-30,0.00047000000000000004
2032-10-01,0.00047000000000000004
2032-10-02,0.00047000000000000004
2032-10-03,0.00047000000000000004
2032-10-04,0.00047000000000000004
2032-10-05,0.0056700000000000006
2032-10-06,0.10678
2032-10-07,0.3137
2032-10-08,0.00062
2032-10-09,0.00065
2032-10-10,0.00066
2032-10-11,0.00066
2032-10-12,0.00066
2032-10-13,0.00066
2032-10-14,0.00066
2032-10-15,0.00065
2032-10-16,0.00065
2032-10-17,0.00064
2032-10-18,0.00064
2032-10-19,0.00064
2032-10-20,0.00063
2032-10-21,0.00063
2032-10-22,0.00062
2032-10-23,0.00062
2032-10-24,0.00061
2032-10-25,0.001
2032-10-26,0.00867
2032-10-27,0.00621
2032-10-28,0.00137
2032-10-29,0.01295
2032-10-30,0.03607
2032-10-31,0.00064
2032-11-01,0.00066
2032-11-02,0.00066
2032-11-03,0.00067
2032-11-04,0.00067
2032-11-05,0.00067
2032-11-06,0.00067
2032-11-07,0.00067
2032-11-08,0.00067
2032-11-09,0.00067
2032-11-10,0.00067
2032-11-11,0.00067
2032-11-12,0.0629
2032-11-13,0.10729000000000001
2032-11-14,0.00079
2032-11-15,0.00082
2032-11-16,0.01157
2032-11-17,0.03444
2032-11-18,0.12315999999999999
2032-11-19,0.7721899999999999
2032-11-20,0.22964
2032-11-21,0.13238
2032-11-22,0.25547
2032-11-23,0.18107
2032-11-24,0.07199
2032-11-25,0.07289
2032-11-26,0.069
2032-11-27,0.06646
2032-11-28,0.07092000000000001
2032-11-29,0.09723
2032-11-30,0.11477000000000001
2032-12-01,0.08279
2032-12-02,0.0848
2032-12-03,0.08096
2032-12-04,0.07551000000000001
2032-12-05,0.06986
2032-12-06,0.06429
2032-12-07,0.05914
2032-12-08,0.0542
2032-12-09,0.04936
2032-12-10,0.04505
2032-12-11,0.04116
2032-12-12,0.037739999999999996
2032-12-13,0.03468
2032-12-14,0.03625
2032-12-15,0.03335
2032-12-16,0.03387
2032-12-17,0.02854
2032-12-18,0.04843
2032-12-19,0.05865
2032-12-20,0.06627999999999999
2032-12-21,0.07794
2032-12-22,0.06282
2032-12-23,0.06217
2032-12-24,0.17072
2032-12-25,0.16909000000000002
2032-12-26,0.12015999999999999
2032-12-27,0.12055
2032-12-28,0.11445999999999999
2032-12-29,0.10349000000000001
2032-12-30,0.09427
2032-12-31,0.0856
2033-01-01,0.07869
2033-01-02,0.07041
2033-01-03,0.06385
2033-01-04,0.05801
2033-01-05,0.0703
2033-01-06,0.18165
2033-01-07,0.13766
2033-01-08,0.13692000000000001
2033-01-09,0.11575
2033-01-10,0.11108
2033-01-11,0.10226
2033-01-12,0.09326
2033-01-13,0.08661
2033-01-14,0.08057
2033-01-15,0.07173
2033-01-16,0.06571
2033-01-17,0.059829999999999994
2033-01-18,0.05466
2033-01-19,0.05032
2033-01-20,0.04643
2033-01-21,0.04269
2033-01-22,0.03922
2033-01-23,0.03613
2033-01-24,0.033389999999999996
2033-01-25,0.03088
2033-01-26,0.02843
2033-01-27,0.026060000000000003
2033-01-28,0.02398
2033-01-29,0.02221
2033-01-30,0.027110000000000002
2033-01-31,0.02504
2033-02-01,0.0192
2033-02-02,0.01792
2033-02-03,0.01718
2033-02-04,0.01661
2033-02-05,0.01573
2033-02-06,0.014969999999999999
2033-02-07,0.014240000000000001
2033-02-08,0.01353
2033-02-09,0.034210000000000004
2033-02-10,0.03355
2033-02-11,0.01621
2033-02-12,0.01736
2033-02-13,0.022119999999999997
2033-02-14,0.01898
2033-02-15,0.019190000000000002
2033-02-16,0.02049
2033-02-17,0.01884
2033-02-18,0.01817
2033-02-19,0.01755
2033-02-20,0.01703
2033-02-21,0.01633
2033-02-22,0.015340000000000001
2033-02-23,0.014519999999999998
2033-02-24,0.01354
2033-02-25,0.01258
2033-02-26,0.011590000000000001
2033-02-27,0.013430000000000001
2033-02-28,0.01242
2033-03-01,0.00948
2033-03-02,0.00859
2033-03-03,0.00775
2033-03-04,0.007090000000000001
2033-03-05,0.00648
2033-03-06,0.00601
2033-03-07,0.0057
2033-03-08,0.00542
2033-03-09,0.00512
2033-03-10,0.00471
2033-03-11,0.00421
2033-03-12,0.0037600000000000003
2033-03-13,0.0294
2033-03-14,0.009340000000000001
2033-03-15,0.02875
2033-03-16,0.03225
2033-03-17,0.02777
2033-03-18,0.02434
2033-03-19,0.026510000000000002
2033-03-20,0.04554
2033-03-21,0.0354
2033-03-22,0.04771
2033-03-23,0.09567
2033-03-24,0.06687
2033-03-25,0.06669
2033-03-26,0.06691
2033-03-27,0.06023
2033-03-28,0.055929999999999994
2033-03-29,0.05076
2033-03-30,0.04527
2033-03-31,0.03996
2033-04-01,0.035339999999999996
2033-04-02,0.0309
2033-04-03,0.02717
2033-04-04,0.02399
2033-04-05,0.02109
2033-04-06,0.01855
2033-04-07,0.01614
2033-04-08,0.01369
2033-04-09,0.01154
2033-04-10,0.009729999999999999
2033-04-11,0.0082
2033-04-12,0.00826
2033-04-13,0.00639
2033-04-14,0.007109999999999999
2033-04-15,0.005520000000000001
2033-04-16,0.007240000000000001
2033-04-17,0.00489
2033-04-18,0.00834
2033-04-19,0.00609
2033-04-20,0.00519
2033-04-21,0.00405
2033-04-22,0.00359
2033-04-23,0.00315
2033-04-24,0.00271
2033-04-25,0.0162
2033-04-26,0.00212
2033-04-27,0.00186
2033-04-28,0.00158
2033-04-29,0.0013800000000000002
2033-04-30,0.00128
2033-05-01,0.00123
2033-05-02,0.0012
2033-05-03,0.00119
2033-05-04,0.00164
2033-05-05,0.00116
2033-05-06,0.00114
2033-05-07,0.0011300000000000001
2033-05-08,0.00112
2033-05-09,0.0071200000000000005
2033-05-10,0.0011
2033-05-11,0.00109
2033-05-12,0.00107
2033-05-13,0.00106
2033-05-14,0.00105
2033-05-15,0.0010400000000000001
2033-05-16,0.0010199999999999999
2033-05-17,0.00101
2033-05-18,0.00099
2033-05-19,0.0009699999999999999
2033-05-20,0.0009599999999999999
2033-05-21,0.00095
2033-05-22,0.00093
2033-05-23,0.0009199999999999999
2033-05-24,0.0009
2033-05-25,0.00088
2033-05-26,0.0008699999999999999
2033-05-27,0.00085
2033-05-28,0.00084
2033-05-29,0.00082
2033-05-30,0.0008
2033-05-31,0.00079
2033-06-01,0.0016
2033-06-02,0.0007599999999999999
2033-06-03,0.00074
2033-06-04,0.00073
2033-06-05,0.00072
2033-06-06,0.0007
2033-06-07,0.0006799999999999999
2033-06-08,0.00067
2033-06-09,0.00066
2033-06-10,0.00064
2033-06-11,0.00063
2033-06-12,0.00062
2033-06-13,0.00061
2033-06-14,0.0006
2033-06-15,0.00059
2033-06-16,0.00057
2033-06-17,0.00056
2033-06-18,0.00055
2033-06-19,0.00055
2033-06-20,0.00054
2033-06-21,0.00053
2033-06-22,0.0005200000000000001
2033-06-23,0.0005200000000000001
2033-06-24,0.0005099999999999999
2033-06-25,0.0005
2033-06-26,0.0005
2033-06-27,0.0005
2033-06-28,0.00049
2033-06-29,0.00049
2033-06-30,0.00049
2033-07-01,0.00049
2033-07-02,0.00047999999999999996
2033-07-03,0.00047999999999999996
2033-07-04,0.00047999999999999996
2033-07-05,0.00047999999999999996
2033-07-06,0.006520000000000001
2033-07-07,0.00047999999999999996
2033-07-08,0.00047999999999999996
2033-07-09,0.00047999999999999996
2033-07-10,0.00047999999999999996
2033-07-11,0.00047999999999999996
2033-07-12,0.00047999999999999996
2033-07-13,0.00047999999999999996
2033-07-14,0.00047999999999999996
2033-07-15,0.00047999999999999996
2033-07-16,0.00047999999999999996
2033-07-17,0.00047999999999999996
2033-07-18,0.00047999999999999996
2033-07-19,0.00047999999999999996
2033-07-20,0.00047999999999999996
2033-07-21,0.00047999999999999996
2033-07-22,0.00047999999999999996
2033-07-23,0.00047999999999999996
2033-07-24,0.00047999999999999996
2033-07-25,0.00047999999999999996
2033-07-26,0.00047999999999999996
2033-07-27,0.00047999999999999996
2033-07-28,0.00047999999999999996
2033-07-29,0.00047999999999999996
2033-07-30,0.00047999999999999996
2033-07-31,0.00047999999999999996
2033-08-01,0.00047999999999999996
2033-08-02,0.00047999999999999996
2033-08-03,0.00047999999999999996
2033-08-04,0.00047999999999999996
2033-08-05,0.00047999999999999996
2033-08-06,0.00047999999999999996
2033-08-07,0.00047999999999999996
2033-08-08,0.00047999999999999996
2033-08-09,0.00047999999999999996
2033-08-10,0.00047999999999999996
2033-08-11,0.00047999999999999996
2033-08-12,0.00047999999999999996
2033-08-13,0.00047999999999999996
2033-08-14,0.00047999999999999996
2033-08-15,0.00047999999999999996
2033-08-16,0.00047000000000000004
2033-08-17,0.00047000000000000004
2033-08-18,0.00047000000000000004
2033-08-19,0.00047000000000000004
2033-08-20,0.00047000000000000004
2033-08-21,0.00047000000000000004
2033-08-22,0.00047000000000000004
2033-08-23,0.00047000000000000004
2033-08-24,0.00047000000000000004
2033-08-25,0.00047000000000000004
2033-08-26,0.00231
2033-08-27,0.00047000000000000004
2033-08-28,0.00047000000000000004
2033-08-29,0.00235
2033-08-30,0.00047000000000000004
2033-08-31,0.028860000000000004
2033-09-01,0.05003
2033-09-02,0.00727
2033-09-03,0.0005099999999999999
2033-09-04,0.0005200000000000001
2033-09-05,0.00053
2033-09-06,0.00053
2033-09-07,0.00053
2033-09-08,0.00053
2033-09-09,0.00053
2033-09-10,0.00053
2033-09-11,0.00053
2033-09-12,0.0005200000000000001
2033-09-13,0.0005200000000000001
2033-09-14,0.0005200000000000001
2033-09-15,0.0005200000000000001
2033-09-16,0.0005099999999999999
2033-09-17,0.0005099999999999999
2033-09-18,0.0005099999999999999
2033-09-19,0.0005099999999999999
2033-09-20,0.0005
2033-09-21,0.0005
2033-09-22,0.0005
2033-09-23,0.0005
2033-09-24,0.0005
2033-09-25,0.00049
2033-09-26,0.00049
2033-09-27,0.00049
2033-09-28,0.00049
2033-09-29,0.00196
2033-09-30,0.00049
2033-10-01,0.00049
2033-10-02,0.00049
2033-10-03,0.00049
2033-10-04,0.00047999999999999996
2033-10-05,0.00047999999999999996
2033-10-06,0.00047999999999999996
2033-10-07,0.00047999999999999996
2033-10-08,0.00047999999999999996
2033-10-09,0.00047999999999999996
2033-10-10,0.00047999999999999996
2033-10-11,0.00047999999999999996
2033-10-12,0.00047999999999999996
2033-10-13,0.00047999999999999996
2033-10-14,0.00047999999999999996
2033-10-15,0.00047999999999999996
2033-10-16,0.00047999999999999996
2033-10-17,0.00047999999999999996
2033-10-18,0.00047999999999999996
2033-10-19,0.00047999999999999996
2033-10-20,0.00047999999999999996
2033-10-21,0.00047999999999999996
2033-10-22,0.00047999999999999996
2033-10-23,0.00047999999999999996
2033-10-24,0.00047999999999999996
2033-10-25,0.00047999999999999996
2033-10-26,0.00047999999999999996
2033-10-27,0.00047999999999999996
2033-10-28,0.00047999999999999996
2033-10-29,0.00047999999999999996
2033-10-30,0.00047999999999999996
2033-10-31,0.00121
2033-11-01,0.0009400000000000001
2033-11-02,0.0010199999999999999
2033-11-03,0.00115
2033-11-04,0.00502
2033-11-05,0.008440000000000001
2033-11-06,0.03173
2033-11-07,0.046189999999999995
2033-11-08,0.38323
2033-11-09,1.7128299999999999
2033-11-10,0.24259
2033-11-11,0.0022
2033-11-12,0.00088
2033-11-13,0.02408
2033-11-14,0.18283
2033-11-15,0.1511
2033-11-16,0.0012699999999999999
2033-11-17,0.01686
2033-11-18,0.19749
2033-11-19,0.041139999999999996
2033-11-20,0.01646
2033-11-21,0.02645
2033-11-22,0.11703
2033-11-23,0.09196
2033-11-24,0.06192
2033-11-25,0.06523999999999999
2033-11-26,0.06337000000000001
2033-11-27,0.05994
2033-11-28,0.056260000000000004
2033-11-29,0.05239
2033-11-30,0.048530000000000004
2033-12-01,0.04513
2033-12-02,0.041839999999999995
2033-12-03,0.03874
2033-12-04,0.03578
2033-12-05,0.0329
2033-12-06,0.03028
2033-12-07,0.02792
2033-12-08,0.02593
2033-12-09,0.02422
2033-12-10,0.02254
2033-12-11,0.02087
2033-12-12,0.03584
2033-12-13,0.03687
2033-12-14,0.01925
2033-12-15,0.02009
2033-12-16,0.02022
2033-12-17,0.0199
2033-12-18,0.01945
2033-12-19,0.01974
2033-12-20,0.01842
2033-12-21,0.02304
2033-12-22,0.02175
2033-12-23,0.016890000000000002
2033-12-24,0.03778
2033-12-25,0.12922999999999998
2033-12-26,0.36221
2033-12-27,0.11989000000000001
2033-12-28,0.10367
2033-12-29,0.10625
2033-12-30,0.09685
2033-12-31,0.09012
2034-01-01,0.08316
2034-01-02,0.07612000000000001
2034-01-03,0.06952
2034-01-04,0.06327
2034-01-05,0.057339999999999995
2034-01-06,0.052079999999999994
2034-01-07,0.047560000000000005
2034-01-08,0.04337
2034-01-09,0.039639999999999995
2034-01-10,0.036539999999999996
2034-01-11,0.033960000000000004
2034-01-12,0.04726
2034-01-13,0.05281
2034-01-14,0.05847
2034-01-15,0.052270000000000004
2034-01-16,0.09892999999999999
2034-01-17,0.28633000000000003
2034-01-18,0.17249
2034-01-19,0.17663
2034-01-20,0.17040999999999998
2034-01-21,0.16917000000000001
2034-01-22,0.24736
2034-01-23,0.26359
2034-01-24,0.26193
2034-01-25,0.14972
2034-01-26,0.12916
2034-01-27,0.13061
2034-01-28,0.13274
2034-01-29,0.13366
2034-01-30,0.12525
2034-01-31,0.1226
2034-02-01,0.11984000000000002
2034-02-02,0.11449000000000001
2034-02-03,0.10463
2034-02-04,0.09423
2034-02-05,0.08746
2034-02-06,0.07892
2034-02-07,0.07173
2034-02-08,0.06772
2034-02-09,0.10768
2034-02-10,0.07587
2034-02-11,0.10161
2034-02-12,0.16902
2034-02-13,0.12487000000000001
2034-02-14,0.12247000000000001
2034-02-15,0.16777
2034-02-16,0.17035
2034-02-17,0.12949000000000002
2034-02-18,0.12312999999999999
2034-02-19,0.12075999999999999
2034-02-20,0.13425
2034-02-21,0.11685999999999999
2034-02-22,0.10640999999999999
2034-02-23,0.09953
2034-02-24,0.09093
2034-02-25,0.08238999999999999
2034-02-26,0.07453
2034-02-27,0.0764
2034-02-28,0.062079999999999996
2034-03-01,0.05724
2034-03-02,0.05691
2034-03-03,0.0486
2034-03-04,0.044660000000000005
2034-03-05,0.04043
2034-03-06,0.03644
2034-03-07,0.03281
2034-03-08,0.02968
2034-03-09,0.034730000000000004
2034-03-10,0.10152
2034-03-11,0.4951
2034-03-12,0.11528
2034-03-13,0.0936
2034-03-14,0.09262999999999999
2034-03-15,0.11582999999999999
2034-03-16,0.09464
2034-03-17,0.08699
2034-03-18,0.08206000000000001
2034-03-19,0.07497000000000001
2034-03-20,0.06765
2034-03-21,0.06677000000000001
2034-03-22,0.05644
2034-03-23,0.05159
2034-03-24,0.04657
2034-03-25,0.04177
2034-03-26,0.03718
2034-03-27,0.03297
2034-03-28,0.0291
2034-03-29,0.025480000000000003
2034-03-30,0.0222
2034-03-31,0.01964
2034-04-01,0.018430000000000002
2034-04-02,0.027260000000000003
2034-04-03,0.0153
2034-04-04,0.01351
2034-04-05,0.01187
2034-04-06,0.01057
2034-04-07,0.00941
2034-04-08,0.00827
2034-04-09,0.0072
2034-04-10,0.00633
2034-04-11,0.02344
2034-04-12,0.05764
2034-04-13,0.05057
2034-04-14,0.04174
2034-04-15,0.03701
2034-04-16,0.03288
2034-04-17,0.03311
2034-04-18,0.08981
2034-04-19,0.09141
2034-04-20,0.07785
2034-04-21,0.0908
2034-04-22,0.22468000000000002
2034-04-23,0.22598000000000001
2034-04-24,0.12442
2034-04-25,0.12299000000000002
2034-04-26,0.12664
2034-04-27,0.11902
2034-04-28,0.11219000000000001
2034-04-29,0.10197
2034-04-30,0.09412000000000001
2034-05-01,0.08961000000000001
2034-05-02,0.08176
2034-05-03,0.07415
2034-05-04,0.06895
2034-05-05,0.0618
2034-05-06,0.05537
2034-05-07,0.04881
2034-05-08,0.04293
2034-05-09,0.03778
2034-05-10,0.03348
2034-05-11,0.02937
2034-05-12,0.02537
2034-05-13,0.021419999999999998
2034-05-14,0.01778
2034-05-15,0.01481
2034-05-16,0.01251
2034-05-17,0.01258
2034-05-18,0.01053
2034-05-19,0.009000000000000001
2034-05-20,0.00787
2034-05-21,0.006370000000000001
2034-05-22,0.0048
2034-05-23,0.0035600000000000002
2034-05-24,0.0027600000000000003
2034-05-25,0.00216
2034-05-26,0.00172
2034-05-27,0.00145
2034-05-28,0.0012900000000000001
2034-05-29,0.00122
2034-05-30,0.00121
2034-05-31,0.00119
2034-06-01,0.00118
2034-06-02,0.00116
2034-06-03,0.00115
2034-06-04,0.00237
2034-06-05,0.0011300000000000001
2034-06-06,0.0017100000000000001
2034-06-07,0.0011099999999999999
2034-06-08,0.00109
2034-06-09,0.00108
2034-06-10,0.00107
2034-06-11,0.00106
2034-06-12,0.0010400000000000001
2034-06-13,0.00103
2034-06-14,0.0010199999999999999
2034-06-15,0.001
2034-06-16,0.00098
2034-06-17,0.0009599999999999999
2034-06-18,0.0009400000000000001
2034-06-19,0.0009199999999999999
2034-06-20,0.0009
2034-06-21,0.00088
2034-06-22,0.00086
2034-06-23,0.00084
2034-06-24,0.00082
2034-06-25,0.0008
2034-06-26,0.00078
2034-06-27,0.0007599999999999999
2034-06-28,0.00074
2034-06-29,0.00072
2034-06-30,0.0007
2034-07-01,0.0006900000000000001
2034-07-02,0.00067
2034-07-03,0.00066
2034-07-04,0.00064
2034-07-05,0.00063
2034-07-06,0.0073
2034-07-07,0.00566
2034-07-08,0.00061
2034-07-09,0.0006
2034-07-10,0.00059
2034-07-11,0.00058
2034-07-12,0.00057
2034-07-13,0.00057
2034-07-14,0.00056
2034-07-15,0.00055
2034-07-16,0.00054
2034-07-17,0.00053
2034-07-18,0.00053
2034-07-19,0.0005200000000000001
2034-07-20,0.0005099999999999999
2034-07-21,0.0005099999999999999
2034-07-22,0.0005
2034-07-23,0.0005
2034-07-24,0.00049
2034-07-25,0.00049
2034-07-26,0.00049
2034-07-27,0.00049
2034-07-28,0.00047999999999999996
2034-07-29,0.00057
2034-07-30,0.00047999999999999996
2034-07-31,0.00047999999999999996
2034-08-01,0.00047999999999999996
2034-08-02,0.00047999999999999996
2034-08-03,0.00047999999999999996
2034-08-04,0.00047999999999999996
2034-08-05,0.00047999999999999996
2034-08-06,0.00047999999999999996
2034-08-07,0.00047999999999999996
2034-08-08,0.00047999999999999996
2034-08-09,0.00047999999999999996
2034-08-10,0.00047999999999999996
2034-08-11,0.00047999999999999996
2034-08-12,0.00047999999999999996
2034-08-13,0.00047999999999999996
2034-08-14,0.00047999999999999996
2034-08-15,0.00047999999999999996
2034-08-16,0.00047999999999999996
2034-08-17,0.00047999999999999996
2034-08-18,0.00047999999999999996
2034-08-19,0.00047999999999999996
2034-08-20,0.00047999999999999996
2034-08-21,0.00047999999999999996
2034-08-22,0.00047999999999999996
2034-08-23,0.00047999999999999996
2034-08-24,0.00047999999999999996
2034-08-25,0.00047999999999999996
2034-08-26,0.00047999999999999996
2034-08-27,0.00047999999999999996
2034-08-28,0.00047999999999999996
2034-08-29,0.00047999999999999996
2034-08-30,0.00047999999999999996
2034-08-31,0.00047999999999999996
2034-09-01,0.00047999999999999996
2034-09-02,0.00047999999999999996
2034-09-03,0.00047999999999999996
2034-09-04,0.00047999999999999996
2034-09-05,0.00047999999999999996
2034-09-06,0.00047999999999999996
2034-09-07,0.00047999999999999996
2034-09-08,0.0005200000000000001
2034-09-09,0.00047999999999999996
2034-09-10,0.00047999999999999996
2034-09-11,0.00047000000000000004
2034-09-12,0.00047000000000000004
2034-09-13,0.00047000000000000004
2034-09-14,0.00047000000000000004
2034-09-15,0.00047000000000000004
2034-09-16,0.00047000000000000004
2034-09-17,0.00047000000000000004
2034-09-18,0.00047000000000000004
2034-09-19,0.00047000000000000004
2034-09-20,0.00047000000000000004
2034-09-21,0.00047000000000000004
2034-09-22,0.00047000000000000004
2034-09-23,0.00047000000000000004
2034-09-24,0.00047000000000000004
2034-09-25,0.00047000000000000004
2034-09-26,0.00047000000000000004
2034-09-27,0.00047000000000000004
2034-09-28,0.00047000000000000004
2034-09-29,0.00047000000000000004
2034-09-30,0.00047000000000000004
2034-10-01,0.00047000000000000004
2034-10-02,0.00047000000000000004
2034-10-03,0.00047000000000000004
2034-10-04,0.00047000000000000004
2034-10-05,0.00047000000000000004
2034-10-06,0.00047000000000000004
2034-10-07,0.00047000000000000004
2034-10-08,0.00047000000000000004
2034-10-09,0.00047000000000000004
2034-10-10,0.00047000000000000004
2034-10-11,0.00047000000000000004
2034-10-12,0.00047000000000000004
2034-10-13,0.00047000000000000004
2034-10-14,0.00047000000000000004
2034-10-15,0.00047000000000000004
2034-10-16,0.00047000000000000004
2034-10-17,0.00047000000000000004
2034-10-18,0.00047000000000000004
2034-10-19,0.00101
2034-10-20,0.00313
2034-10-21,0.00047000000000000004
2034-10-22,0.00047000000000000004
2034-10-23,0.00047000000000000004
2034-10-24,0.00047000000000000004
2034-10-25,0.00047000000000000004
2034-10-26,0.00047000000000000004
2034-10-27,0.00047000000000000004
2034-10-28,0.00157
2034-10-29,0.00125
2034-10-30,0.00047000000000000004
2034-10-31,0.00047000000000000004
2034-11-01,0.00084
2034-11-02,0.0005
2034-11-03,0.00122
2034-11-04,0.00047000000000000004
2034-11-05,0.00047000000000000004
2034-11-06,0.00047000000000000004
2034-11-07,0.00047000000000000004
2034-11-08,0.04017
2034-11-09,0.01788
2034-11-10,0.00047000000000000004
2034-11-11,0.00047999999999999996
2034-11-12,0.00049
2034-11-13,0.0021
2034-11-14,0.00292
2034-11-15,0.0005
2034-11-16,0.0015300000000000001
2034-11-17,0.02146
2034-11-18,0.14362
2034-11-19,0.17517
2034-11-20,0.40412
2034-11-21,0.00084
2034-11-22,0.0009400000000000001
2034-11-23,0.012329999999999999
2034-11-24,0.0009
2034-11-25,0.00147
2034-11-26,0.01323
2034-11-27,0.00491
2034-11-28,0.0009400000000000001
2034-11-29,0.0061
2034-11-30,0.024059999999999998
2034-12-01,0.08876
2034-12-02,0.02275
2034-12-03,0.00925
2034-12-04,0.01339
2034-12-05,0.01435
2034-12-06,0.00648
2034-12-07,0.00195
2034-12-08,0.00149
2034-12-09,0.00165
2034-12-10,0.00292
2034-12-11,0.0016699999999999998
2034-12-12,0.00235
2034-12-13,0.0022600000000000003
2034-12-14,0.00238
2034-12-15,0.00137
2034-12-16,0.00139
2034-12-17,0.00141
2034-12-18,0.00298
2034-12-19,0.03266
2034-12-20,0.05919
2034-12-21,0.007209999999999999
2034-12-22,0.0288
2034-12-23,0.11014000000000002
2034-12-24,0.14022
2034-12-25,0.20925
2034-12-26,0.19416
2034-12-27,0.13797
2034-12-28,0.35743
2034-12-29,0.72482
2034-12-30,0.24731999999999998
2034-12-31,0.31990999999999997
2035-01-01,0.47783000000000003
2035-01-02,0.12559
2035-01-03,0.1345
2035-01-04,0.14073
2035-01-05,0.14096
2035-01-06,0.13241
2035-01-07,0.14437
2035-01-08,0.13092
2035-01-09,0.12505
2035-01-10,0.11564
2035-01-11,0.10375
2035-01-12,0.0964
2035-01-13,0.08997000000000001
2035-01-14,0.08367000000000001
2035-01-15,0.07658999999999999
2035-01-16,0.06946000000000001
2035-01-17,0.06287999999999999
2035-01-18,0.05722000000000001
2035-01-19,0.05219
2035-01-20,0.04904
2035-01-21,0.07134
2035-01-22,0.16308
2035-01-23,0.16637000000000002
2035-01-24,0.18614
2035-01-25,0.60601
2035-01-26,1.47082
2035-01-27,0.6821699999999999
2035-01-28,0.40792
2035-01-29,0.61719
2035-01-30,1.18981
2035-01-31,0.13960999999999998
2035-02-01,0.12347000000000001
2035-02-02,0.12343
2035-02-03,0.12841
2035-02-04,0.12737
2035-02-05,0.12655
2035-02-06,0.12603
2035-02-07,0.10948
2035-02-08,0.10173
2035-02-09,0.09336
2035-02-10,0.08564
2035-02-11,0.0785
2035-02-12,0.0718
2035-02-13,0.06568
2035-02-14,0.060110000000000004
2035-02-15,0.07425
2035-02-16,0.06071
2035-02-17,0.052320000000000005
2035-02-18,0.05322
2035-02-19,0.051379999999999995
2035-02-20,0.07459
2035-02-21,0.06089
2035-02-22,0.05476
2035-02-23,0.05379
2035-02-24,0.0518
2035-02-25,0.04904
2035-02-26,0.04607
2035-02-27,0.04315
2035-02-28,0.0434
2035-03-01,0.03767
2035-03-02,0.03466
2035-03-03,0.03173
2035-03-04,0.029169999999999998
2035-03-05,0.02692
2035-03-06,0.025889999999999996
2035-03-07,0.028189999999999996
2035-03-08,0.02295
2035-03-09,0.021580000000000002
2035-03-10,0.020419999999999997
2035-03-11,0.01896
2035-03-12,0.01731
2035-03-13,0.01577
2035-03-14,0.0143
2035-03-15,0.01296
2035-03-16,0.011909999999999999
2035-03-17,0.01102
2035-03-18,0.01018
2035-03-19,0.00944
2035-03-20,0.00889
2035-03-21,0.008029999999999999
2035-03-22,0.0072
2035-03-23,0.00634
2035-03-24,0.00558
2035-03-25,0.00486
2035-03-26,0.00419
2035-03-27,0.00358
2035-03-28,0.0031100000000000004
2035-03-29,0.00278
2035-03-30,0.00256
2035-03-31,0.00235
2035-04-01,0.00207
2035-04-02,0.0017699999999999999
2035-04-03,0.0015300000000000001
2035-04-04,0.00135
2035-04-05,0.00125
2035-04-06,0.00122
2035-04-07,0.0012
2035-04-08,0.00119
2035-04-09,0.00118
2035-04-10,0.00117
2035-04-11,0.00116
2035-04-12,0.00115
2035-04-13,0.0011300000000000001
2035-04-14,0.00112
2035-04-15,0.0011099999999999999
2035-04-16,0.0011
2035-04-17,0.01182
2035-04-18,0.007640000000000001
2035-04-19,0.00109
2035-04-20,0.00108
2035-04-21,0.00107
2035-04-22,0.00117
2035-04-23,0.00106
2035-04-24,0.00105
2035-04-25,0.0010400000000000001
2035-04-26,0.00117
2035-04-27,0.0010199999999999999
2035-04-28,0.00101
2035-04-29,0.001
2035-04-30,0.00099
2035-05-01,0.00098
2035-05-02,0.0009699999999999999
2035-05-03,0.0009599999999999999
2035-05-04,0.0009400000000000001
2035-05-05,0.00098
2035-05-06,0.0009199999999999999
2035-05-07,0.0032700000000000003
2035-05-08,0.00091
2035-05-09,0.0048
2035-05-10,0.0009
2035-05-11,0.0009
2035-05-12,0.0008900000000000001
2035-05-13,0.00088
2035-05-14,0.00086
2035-05-15,0.00085
2035-05-16,0.00084
2035-05-17,0.00082
2035-05-18,0.00081
2035-05-19,0.0008
2035-05-20,0.00078
2035-05-21,0.0007599999999999999
2035-05-22,0.00074
2035-05-23,0.00073
2035-05-24,0.0007099999999999999
2035-05-25,0.0006900000000000001
2035-05-26,0.0006799999999999999
2035-05-27,0.00066
2035-05-28,0.0019399999999999999
2035-05-29,0.00064
2035-05-30,0.00063
2035-05-31,0.00062
2035-06-01,0.0006
2035-06-02,0.00059
2035-06-03,0.00058
2035-06-04,0.00457
2035-06-05,0.00109
2035-06-06,0.00056
2035-06-07,0.00055
2035-06-08,0.00055
2035-06-09,0.00054
2035-06-10,0.00053
2035-06-11,0.00053
2035-06-12,0.0005200000000000001
2035-06-13,0.0005099999999999999
2035-06-14,0.0005099999999999999
2035-06-15,0.0005
2035-06-16,0.0005
2035-06-17,0.00049
2035-06-18,0.00049
2035-06-19,0.00049
2035-06-20,0.00049
2035-06-21,0.00049
2035-06-22,0.00047999999999999996
2035-06-23,0.00047999999999999996
2035-06-24,0.00047999999999999996
2035-06-25,0.00047999999999999996
2035-06-26,0.00047999999999999996
2035-06-27,0.00047999999999999996
2035-06-28,0.00047999999999999996
2035-06-29,0.00047999999999999996
2035-06-30,0.00047999999999999996
2035-07-01,0.00047999999999999996
2035-07-02,0.00047999999999999996
2035-07-03,0.00047999999999999996
2035-07-04,0.00047999999999999996
2035-07-05,0.00047999999999999996
2035-07-06,0.00047999999999999996
2035-07-07,0.00047999999999999996
2035-07-08,0.00047999999999999996
2035-07-09,0.00047999999999999996
2035-07-10,0.00047999999999999996
2035-07-11,0.00047999999999999996
2035-07-12,0.00047999999999999996
2035-07-13,0.00047999999999999996
2035-07-14,0.00047999999999999996
2035-07-15,0.00047999999999999996
2035-07-16,0.00047999999999999996
2035-07-17,0.00047999999999999996
2035-07-18,0.00047999999999999996
2035-07-19,0.00047999999999999996
2035-07-20,0.00047999999999999996
2035-07-21,0.00047999999999999996
2035-07-22,0.00047999999999999996
2035-07-23,0.00047999999999999996
2035-07-24,0.00047999999999999996
2035-07-25,0.00047999999999999996
2035-07-26,0.00047999999999999996
2035-07-27,0.00047999999999999996
2035-07-28,0.00047999999999999996
2035-07-29,0.00047999999999999996
2035-07-30,0.00047999999999999996
2035-07-31,0.00047999999999999996
2035-08-01,0.00047999999999999996
2035-08-02,0.00047999999999999996
2035-08-03,0.00047999999999999996
2035-08-04,0.00047999999999999996
2035-08-05,0.00047000000000000004
2035-08-06,0.00047000000000000004
2035-08-07,0.00047000000000000004
2035-08-08,0.00047000000000000004
2035-08-09,0.00047000000000000004
2035-08-10,0.00047000000000000004
2035-08-11,0.00047000000000000004
2035-08-12,0.00047000000000000004
2035-08-13,0.00047000000000000004
2035-08-14,0.00047000000000000004
2035-08-15,0.00047000000000000004
2035-08-16,0.00047000000000000004
2035-08-17,0.00047000000000000004
2035-08-18,0.00047000000000000004
2035-08-19,0.00047000000000000004
2035-08-20,0.00047000000000000004
2035-08-21,0.00047000000000000004
2035-08-22,0.00047000000000000004
2035-08-23,0.00047000000000000004
2035-08-24,0.00047000000000000004
2035-08-25,0.0009400000000000001
2035-08-26,0.00047000000000000004
2035-08-27,0.00047000000000000004
2035-08-28,0.00047000000000000004
2035-08-29,0.00047000000000000004
2035-08-30,0.00047000000000000004
2035-08-31,0.00047000000000000004
2035-09-01,0.00047000000000000004
2035-09-02,0.00047000000000000004
2035-09-03,0.00047000000000000004
2035-09-04,0.00047000000000000004
2035-09-05,0.00047000000000000004
2035-09-06,0.00047000000000000004
2035-09-07,0.00047000000000000004
2035-09-08,0.00047000000000000004
2035-09-09,0.00047000000000000004
2035-09-10,0.00047000000000000004
2035-09-11,0.00047000000000000004
2035-09-12,0.00047000000000000004
2035-09-13,0.00047000000000000004
2035-09-14,0.00047000000000000004
2035-09-15,0.00047000000000000004
2035-09-16,0.00047000000000000004
2035-09-17,0.00047000000000000004
2035-09-18,0.00047000000000000004
2035-09-19,0.00047000000000000004
2035-09-20,0.00047000000000000004
2035-09-21,0.00047000000000000004
2035-09-22,0.00047000000000000004
2035-09-23,0.00047000000000000004
2035-09-24,0.00047000000000000004
2035-09-25,0.00047000000000000004
2035-09-26,0.00047000000000000004
2035-09-27,0.00047000000000000004
2035-09-28,0.00047000000000000004
2035-09-29,0.00047000000000000004
2035-09-30,0.00047000000000000004
2035-10-01,0.00047000000000000004
2035-10-02,0.00047000000000000004
2035-10-03,0.00047000000000000004
2035-10-04,0.00047000000000000004
2035-10-05,0.00047000000000000004
2035-10-06,0.00047000000000000004
2035-10-07,0.00047000000000000004
2035-10-08,0.00047000000000000004
2035-10-09,0.00047000000000000004
2035-10-10,0.00047000000000000004
2035-10-11,0.00047000000000000004
2035-10-12,0.00047000000000000004
2035-10-13,0.00047000000000000004
2035-10-14,0.00047000000000000004
2035-10-15,0.00047000000000000004
2035-10-16,0.00047000000000000004
2035-10-17,0.00047000000000000004
2035-10-18,0.00047000000000000004
2035-10-19,0.00047000000000000004
2035-10-20,0.00047000000000000004
2035-10-21,0.00047000000000000004
2035-10-22,0.00047000000000000004
2035-10-23,0.0008900000000000001
2035-10-24,0.00047000000000000004
2035-10-25,0.0131
2035-10-26,0.00047000000000000004
2035-10-27,0.00047000000000000004
2035-10-28,0.00047000000000000004
2035-10-29,0.00047000000000000004
2035-10-30,0.00047000000000000004
2035-10-31,0.00047000000000000004
2035-11-01,0.00047000000000000004
2035-11-02,0.00047000000000000004
2035-11-03,0.00045999999999999996
2035-11-04,0.00045999999999999996
2035-11-05,0.00045999999999999996
2035-11-06,0.00045999999999999996
2035-11-07,0.00045999999999999996
2035-11-08,0.00045999999999999996
2035-11-09,0.00045999999999999996
2035-11-10,0.00045999999999999996
2035-11-11,0.00045999999999999996
2035-11-12,0.00045999999999999996
2035-11-13,0.00045999999999999996
2035-11-14,0.00045999999999999996
2035-11-15,0.00045999999999999996
2035-11-16,0.00045999999999999996
2035-11-17,0.00045999999999999996
2035-11-18,0.00045999999999999996
2035-11-19,0.00045999999999999996
2035-11-20,0.00045999999999999996
2035-11-21,0.00045999999999999996
2035-11-22,0.00045999999999999996
2035-11-23,0.00045999999999999996
2035-11-24,0.0019199999999999998
2035-11-25,0.00045999999999999996
2035-11-26,0.00045999999999999996
2035-11-27,0.00175
2035-11-28,0.00045999999999999996
2035-11-29,0.00045999999999999996
2035-11-30,0.00045999999999999996
2035-12-01,0.00375
2035-12-02,0.01633
2035-12-03,0.0487
2035-12-04,0.024569999999999998
2035-12-05,0.0045899999999999995
2035-12-06,0.0005200000000000001
2035-12-07,0.0199
2035-12-08,0.0571
2035-12-09,0.06352999999999999
2035-12-10,0.12293
2035-12-11,0.03923
2035-12-12,0.00112
2035-12-13,0.02504
2035-12-14,0.033889999999999997
2035-12-15,0.0183
2035-12-16,0.0009599999999999999
2035-12-17,0.01999
2035-12-18,0.09197000000000001
2035-12-19,0.032
2035-12-20,0.02167
2035-12-21,0.03102
2035-12-22,0.017240000000000002
2035-12-23,0.03812
2035-12-24,0.01792
2035-12-25,0.0101
2035-12-26,0.01931
2035-12-27,0.02021
2035-12-28,0.01329
2035-12-29,0.01445
2035-12-30,0.015030000000000002
2035-12-31,0.01525
2036-01-01,0.01736
2036-01-02,0.014980000000000002
2036-01-03,0.014519999999999998
2036-01-04,0.01403
2036-01-05,0.01356
2036-01-06,0.04048
2036-01-07,0.02559
2036-01-08,0.02018
2036-01-09,0.01852
2036-01-10,0.0923
2036-01-11,0.07315
2036-01-12,0.10061
2036-01-13,0.06623
2036-01-14,0.06977
2036-01-15,0.06748
2036-01-16,0.06377000000000001
2036-01-17,0.059989999999999995
2036-01-18,0.0562
2036-01-19,0.052579999999999995
2036-01-20,0.04844
2036-01-21,0.04465
2036-01-22,0.041530000000000004
2036-01-23,0.03839
2036-01-24,0.05148
2036-01-25,0.03727
2036-01-26,0.03292
2036-01-27,0.0321
2036-01-28,0.030869999999999998
2036-01-29,0.029519999999999998
2036-01-30,0.18025
2036-01-31,1.75351
2036-02-01,1.4457
2036-02-02,0.1984
2036-02-03,0.24206999999999998
2036-02-04,0.3886
2036-02-05,0.16982
2036-02-06,0.15287
2036-02-07,0.12844
2036-02-08,0.12455999999999999
2036-02-09,0.12393
2036-02-10,0.1235
2036-02-11,0.12301
2036-02-12,0.11895
2036-02-13,0.11934000000000002
2036-02-14,0.13524
2036-02-15,0.12955
2036-02-16,0.14275
2036-02-17,0.15867
2036-02-18,0.13271
2036-02-19,0.12439000000000001
2036-02-20,0.16808
2036-02-21,0.15425
2036-02-22,0.14875
2036-02-23,0.12229000000000001
2036-02-24,0.1208
2036-02-25,0.11479
2036-02-26,0.1108
2036-02-27,0.11744
2036-02-28,0.1152
2036-02-29,0.10125
2036-03-01,0.09623999999999999
2036-03-02,0.08872999999999999
2036-03-03,0.08242000000000001
2036-03-04,0.0755
2036-03-05,0.06869
2036-03-06,0.06271
2036-03-07,0.05731
2036-03-08,0.052079999999999994
2036-03-09,0.04724
2036-03-10,0.0433
2036-03-11,0.03947
2036-03-12,0.03601
2036-03-13,0.03298
2036-03-14,0.030180000000000002
2036-03-15,0.02758
2036-03-16,0.02525
2036-03-17,0.0228
2036-03-18,0.02037
2036-03-19,0.01819
2036-03-20,0.0162
2036-03-21,0.014369999999999999
2036-03-22,0.01286
2036-03-23,0.01176
2036-03-24,0.01081
2036-03-25,0.00981
2036-03-26,0.01087
2036-03-27,0.013680000000000001
2036-03-28,0.01028
2036-03-29,0.00773
2036-03-30,0.01881
2036-03-31,0.02737
2036-04-01,0.03437
2036-04-02,0.01196
2036-04-03,0.01345
2036-04-04,0.014759999999999999
2036-04-05,0.01679
2036-04-06,0.0231
2036-04-07,0.01566
2036-04-08,0.01485
2036-04-09,0.01354
2036-04-10,0.01255
2036-04-11,0.01168
2036-04-12,0.01209
2036-04-13,0.01067
2036-04-14,0.00993
2036-04-15,0.00903
2036-04-16,0.00859
2036-04-17,0.00792
2036-04-18,0.0071
2036-04-19,0.006220000000000001
2036-04-20,0.007109999999999999
2036-04-21,0.00479
2036-04-22,0.004229999999999999
2036-04-23,0.0035600000000000002
2036-04-24,0.00817
2036-04-25,0.0155
2036-04-26,0.01745
2036-04-27,0.020390000000000002
2036-04-28,0.01605
2036-04-29,0.00627
2036-04-30,0.00757
2036-05-01,0.00727
2036-05-02,0.0071
2036-05-03,0.00596
2036-05-04,0.0234
2036-05-05,0.01851
2036-05-06,0.006370000000000001
2036-05-07,0.00645
2036-05-08,0.0059
2036-05-09,0.00535
2036-05-10,0.00481
2036-05-11,0.00409
2036-05-12,0.00345
2036-05-13,0.00295
2036-05-14,0.00324
2036-05-15,0.00234
2036-05-16,0.00206
2036-05-17,0.00175
2036-05-18,0.00149
2036-05-19,0.00131
2036-05-20,0.00123
2036-05-21,0.0012
2036-05-22,0.00119
2036-05-23,0.00117
2036-05-24,0.00116
2036-05-25,0.00114
2036-05-26,0.0011300000000000001
2036-05-27,0.0011099999999999999
2036-05-28,0.00109
2036-05-29,0.00108
2036-05-30,0.00106
2036-05-31,0.00105
2036-06-01,0.0010400000000000001
2036-06-02,0.00103
2036-06-03,0.00101
2036-06-04,0.001
2036-06-05,0.00098
2036-06-06,0.0009699999999999999
2036-06-07,0.00095
2036-06-08,0.00093
2036-06-09,0.00091
2036-06-10,0.0008900000000000001
2036-06-11,0.0008699999999999999
2036-06-12,0.00085
2036-06-13,0.0008300000000000001
2036-06-14,0.00081
2036-06-15,0.0008
2036-06-16,0.00131
2036-06-17,0.0007700000000000001
2036-06-18,0.0007599999999999999
2036-06-19,0.00074
2036-06-20,0.00073
2036-06-21,0.00072
2036-06-22,0.0007099999999999999
2036-06-23,0.0007
2036-06-24,0.0006799999999999999
2036-06-25,0.00067
2036-06-26,0.00066
2036-06-27,0.00064
2036-06-28,0.00063
2036-06-29,0.00062
2036-06-30,0.0006
2036-07-01,0.00059
2036-07-02,0.00058
2036-07-03,0.00057
2036-07-04,0.00056
2036-07-05,0.00055
2036-07-06,0.00054
2036-07-07,0.00053
2036-07-08,0.0005200000000000001
2036-07-09,0.0005200000000000001
2036-07-10,0.0005099999999999999
2036-07-11,0.0005099999999999999
2036-07-12,0.0005
2036-07-13,0.0005
2036-07-14,0.00049
2036-07-15,0.00049
2036-07-16,0.00049
2036-07-17,0.00049
2036-07-18,0.00049
2036-07-19,0.00047999999999999996
2036-07-20,0.00047999999999999996
2036-07-21,0.00047999999999999996
2036-07-22,0.00047999999999999996
2036-07-23,0.00047999999999999996
2036-07-24,0.00047999999999999996
2036-07-25,0.00047999999999999996
2036-07-26,0.00047999999999999996
2036-07-27,0.00047999999999999996
2036-07-28,0.00047999999999999996
2036-07-29,0.00047999999999999996
2036-07-30,0.00047999999999999996
2036-07-31,0.00047999999999999996
2036-08-01,0.00047999999999999996
2036-08-02,0.00047999999999999996
2036-08-03,0.00047999999999999996
2036-08-04,0.00047999999999999996
2036-08-05,0.00047999999999999996
2036-08-06,0.00047999999999999996
2036-08-07,0.00047999999999999996
2036-08-08,0.00047999999999999996
2036-08-09,0.00047999999999999996
2036-08-10,0.00047999999999999996
2036-08-11,0.00047999999999999996
2036-08-12,0.00047999999999999996
2036-08-13,0.00047999999999999996
2036-08-14,0.00047999999999999996
2036-08-15,0.00047999999999999996
2036-08-16,0.00047999999999999996
2036-08-17,0.00047999999999999996
2036-08-18,0.00047999999999999996
2036-08-19,0.00047999999999999996
2036-08-20,0.00047999999999999996
2036-08-21,0.00047999999999999996
2036-08-22,0.00047999999999999996
2036-08-23,0.00047999999999999996
2036-08-24,0.00047999999999999996
2036-08-25,0.00047999999999999996
2036-08-26,0.00047999999999999996
2036-08-27,0.00047999999999999996
2036-08-28,0.00047999999999999996
2036-08-29,0.00047999999999999996
2036-08-30,0.00047999999999999996
2036-08-31,0.00047999999999999996
2036-09-01,0.00047000000000000004
2036-09-02,0.00047000000000000004
2036-09-03,0.00047000000000000004
2036-09-04,0.00047000000000000004
2036-09-05,0.00295
2036-09-06,0.01022
2036-09-07,0.00047000000000000004
2036-09-08,0.00047000000000000004
2036-09-09,0.00047000000000000004
2036-09-10,0.00047000000000000004
2036-09-11,0.00047000000000000004
2036-09-12,0.00047000000000000004
2036-09-13,0.00047000000000000004
2036-09-14,0.00047000000000000004
2036-09-15,0.00047000000000000004
2036-09-16,0.00047000000000000004
2036-09-17,0.0009400000000000001
2036-09-18,0.00047000000000000004
2036-09-19,0.00047000000000000004
2036-09-20,0.00047000000000000004
2036-09-21,0.00047000000000000004
2036-09-22,0.00047000000000000004
2036-09-23,0.00047000000000000004
2036-09-24,0.00047000000000000004
2036-09-25,0.00047000000000000004
2036-09-26,0.00047000000000000004
2036-09-27,0.00047000000000000004
2036-09-28,0.00047000000000000004
2036-09-29,0.00047000000000000004
2036-09-30,0.00047000000000000004
2036-10-01,0.00047000000000000004
2036-10-02,0.0009400000000000001
2036-10-03,0.00141
2036-10-04,0.00047999999999999996
2036-10-05,0.00047000000000000004
2036-10-06,0.00047000000000000004
2036-10-07,0.00047000000000000004
2036-10-08,0.00047000000000000004
2036-10-09,0.00047000000000000004
2036-10-10,0.00047000000000000004
2036-10-11,0.00047000000000000004
2036-10-12,0.00047000000000000004
2036-10-13,0.00047000000000000004
2036-10-14,0.00047000000000000004
2036-10-15,0.00047000000000000004
2036-10-16,0.00047000000000000004
2036-10-17,0.00047000000000000004
2036-10-18,0.00047000000000000004
2036-10-19,0.00047000000000000004
2036-10-20,0.00047000000000000004
2036-10-21,0.00047000000000000004
2036-10-22,0.00047000000000000004
2036-10-23,0.00047000000000000004
2036-10-24,0.00047000000000000004
2036-10-25,0.00047000000000000004
2036-10-26,0.00047000000000000004
2036-10-27,0.00047000000000000004
2036-10-28,0.00047000000000000004
2036-10-29,0.00047000000000000004
2036-10-30,0.00047000000000000004
2036-10-31,0.00047000000000000004
2036-11-01,0.00128
2036-11-02,0.00252
2036-11-03,0.00255
2036-11-04,0.00047000000000000004
2036-11-05,0.00047000000000000004
2036-11-06,0.00047000000000000004
2036-11-07,0.00047000000000000004
2036-11-08,0.00047000000000000004
2036-11-09,0.00047000000000000004
2036-11-10,0.00047000000000000004
2036-11-11,0.0034799999999999996
2036-11-12,0.00047999999999999996
2036-11-13,0.00047000000000000004
2036-11-14,0.00047000000000000004
2036-11-15,0.00047000000000000004
2036-11-16,0.00047000000000000004
2036-11-17,0.00047000000000000004
2036-11-18,0.00047000000000000004
2036-11-19,0.00047000000000000004
2036-11-20,0.00047000000000000004
2036-11-21,0.00047000000000000004
2036-11-22,0.00054
2036-11-23,0.00047000000000000004
2036-11-24,0.00047000000000000004
2036-11-25,0.0005099999999999999
2036-11-26,0.00047000000000000004
2036-11-27,0.00047000000000000004
2036-11-28,0.00047000000000000004
2036-11-29,0.00047000000000000004
2036-11-30,0.00047000000000000004
2036-12-01,0.00045999999999999996
2036-12-02,0.00045999999999999996
2036-12-03,0.00045999999999999996
2036-12-04,0.00045999999999999996
2036-12-05,0.00045999999999999996
2036-12-06,0.00045999999999999996
2036-12-07,0.0013800000000000002
2036-12-08,0.00045999999999999996
2036-12-09,0.0035299999999999997
2036-12-10,0.00045999999999999996
2036-12-11,0.005220000000000001
2036-12-12,0.0010400000000000001
2036-12-13,0.00045999999999999996
2036-12-14,0.00045999999999999996
2036-12-15,0.00045999999999999996
2036-12-16,0.00045999999999999996
2036-12-17,0.00045999999999999996
2036-12-18,0.00045999999999999996
2036-12-19,0.00045999999999999996
2036-12-20,0.00045999999999999996
2036-12-21,0.00045999999999999996
2036-12-22,0.00045999999999999996
2036-12-23,0.00045999999999999996
2036-12-24,0.00045999999999999996
2036-12-25,0.0109
2036-12-26,0.01383
2036-12-27,0.0415
2036-12-28,0.19458
2036-12-29,0.10325999999999999
2036-12-30,0.00186
2036-12-31,0.00161
2037-01-01,0.0021
2037-01-02,0.00074
2037-01-03,0.014190000000000001
2037-01-04,0.0204
2037-01-05,0.02314
2037-01-06,0.12012
2037-01-07,0.0321
2037-01-08,0.00183
2037-01-09,0.00718
2037-01-10,0.04367
2037-01-11,0.02267
2037-01-12,0.0028399999999999996
2037-01-13,0.00237
2037-01-14,0.0016600000000000002
2037-01-15,0.00148
2037-01-16,0.00155
2037-01-17,0.0022199999999999998
2037-01-18,0.00286
2037-01-19,0.0047
2037-01-20,0.0035299999999999997
2037-01-21,0.00139
2037-01-22,0.0067599999999999995
2037-01-23,0.01781
2037-01-24,0.0495
2037-01-25,0.08075
2037-01-26,0.08831
2037-01-27,0.11433
2037-01-28,0.23237
2037-01-29,0.1709
2037-01-30,0.17814000000000002
2037-01-31,0.13671
2037-02-01,0.13207
2037-02-02,0.12561
2037-02-03,0.12262999999999999
2037-02-04,0.11805
2037-02-05,0.11273
2037-02-06,0.10704000000000001
2037-02-07,0.09946
2037-02-08,0.09202
2037-02-09,0.08241
2037-02-10,0.07595
2037-02-11,0.06934
2037-02-12,0.06308
2037-02-13,0.0572
2037-02-14,0.051789999999999996
2037-02-15,0.04676
2037-02-16,0.04218
2037-02-17,0.03808
2037-02-18,0.03452
2037-02-19,0.031389999999999994
2037-02-20,0.02854
2037-02-21,0.02592
2037-02-22,0.02339
2037-02-23,0.02095
2037-02-24,0.01876
2037-02-25,0.016880000000000003
2037-02-26,0.015330000000000002
2037-02-27,0.03305
2037-02-28,0.0306
2037-03-01,0.03143
2037-03-02,0.02162
2037-03-03,0.043089999999999996
2037-03-04,0.10835999999999998
2037-03-05,0.09264
2037-03-06,0.08922000000000001
2037-03-07,0.08849
2037-03-08,0.08096
2037-03-09,0.07545
2037-03-10,0.07038
2037-03-11,0.1041
2037-03-12,0.07785
2037-03-13,0.07242
2037-03-14,0.10303
2037-03-15,0.11062999999999999
2037-03-16,0.09279
2037-03-17,0.17679
2037-03-18,0.14493
2037-03-19,0.12088
2037-03-20,0.15111
2037-03-21,0.11815999999999999
2037-03-22,0.11354000000000002
2037-03-23,0.11315
2037-03-24,0.09671
2037-03-25,0.08929
2037-03-26,0.0812
2037-03-27,0.07341
2037-03-28,0.08768
2037-03-29,0.08119
2037-03-30,0.064
2037-03-31,0.06192
2037-04-01,0.05772000000000001
2037-04-02,0.05315
2037-04-03,0.05867000000000001
2037-04-04,0.08601
2037-04-05,0.08056
2037-04-06,0.06302999999999999
2037-04-07,0.06337000000000001
2037-04-08,0.08546000000000001
2037-04-09,0.06445
2037-04-10,0.06287000000000001
2037-04-11,0.059579999999999994
2037-04-12,0.06459
2037-04-13,0.11763
2037-04-14,0.10059
2037-04-15,0.08764
2037-04-16,0.08372
2037-04-17,0.08072
2037-04-18,0.07293999999999999
2037-04-19,0.06557
2037-04-20,0.05814
2037-04-21,0.051019999999999996
2037-04-22,0.044489999999999995
2037-04-23,0.038610000000000005
2037-04-24,0.03839
2037-04-25,0.03145
2037-04-26,0.02853
2037-04-27,0.03362
2037-04-28,0.031010000000000003
2037-04-29,0.02621
2037-04-30,0.02302
2037-05-01,0.027260000000000003
2037-05-02,0.044910000000000005
2037-05-03,0.03713
2037-05-04,0.0277
2037-05-05,0.02837
2037-05-06,0.02688
2037-05-07,0.024390000000000002
2037-05-08,0.0217
2037-05-09,0.01944
2037-05-10,0.01756
2037-05-11,0.0164
2037-05-12,0.014180000000000002
2037-05-13,0.01864
2037-05-14,0.0138
2037-05-15,0.01316
2037-05-16,0.01486
2037-05-17,0.0121
2037-05-18,0.01124
2037-05-19,0.00942
2037-05-20,0.00996
2037-05-21,0.0073
2037-05-22,0.0061
2037-05-23,0.00499
2037-05-24,0.00398
2037-05-25,0.00305
2037-05-26,0.0023
2037-05-27,0.0017800000000000001
2037-05-28,0.00144
2037-05-29,0.0012699999999999999
2037-05-30,0.00122
2037-05-31,0.0012
2037-06-01,0.00119
2037-06-02,0.00117
2037-06-03,0.00115
2037-06-04,0.00114
2037-06-05,0.00112
2037-06-06,0.0011099999999999999
2037-06-07,0.00109
2037-06-08,0.00107
2037-06-09,0.00105
2037-06-10,0.0010400000000000001
2037-06-11,0.0010199999999999999
2037-06-12,0.001
2037-06-13,0.00098
2037-06-14,0.0009599999999999999
2037-06-15,0.0009400000000000001
2037-06-16,0.0009199999999999999
2037-06-17,0.0009
2037-06-18,0.00088
2037-06-19,0.00086
2037-06-20,0.00085
2037-06-21,0.0008300000000000001
2037-06-22,0.00081
2037-06-23,0.00079
2037-06-24,0.0007700000000000001
2037-06-25,0.00075
2037-06-26,0.00074
2037-06-27,0.00072
2037-06-28,0.0007
2037-06-29,0.0006799999999999999
2037-06-30,0.00067
2037-07-01,0.00065
2037-07-02,0.00063
2037-07-03,0.00062
2037-07-04,0.0006
2037-07-05,0.00059
2037-07-06,0.00058
2037-07-07,0.00057
2037-07-08,0.00056
2037-07-09,0.00055
2037-07-10,0.00054
2037-07-11,0.00053
2037-07-12,0.0005200000000000001
2037-07-13,0.0005200000000000001
2037-07-14,0.0005099999999999999
2037-07-15,0.0005099999999999999
2037-07-16,0.0005
2037-07-17,0.0005
2037-07-18,0.00049
2037-07-19,0.00049
2037-07-20,0.00049
2037-07-21,0.00049
2037-07-22,0.00049
2037-07-23,0.00047999999999999996
2037-07-24,0.00054
2037-07-25,0.00047999999999999996
2037-07-26,0.00047999999999999996
2037-07-27,0.00047999999999999996
2037-07-28,0.00047999999999999996
2037-07-29,0.00047999999999999996
2037-07-30,0.00047999999999999996
2037-07-31,0.00047999999999999996
2037-08-01,0.00047999999999999996
2037-08-02,0.00047999999999999996
2037-08-03,0.00047999999999999996
2037-08-04,0.00047999999999999996
2037-08-05,0.00047999999999999996
2037-08-06,0.00047999999999999996
2037-08-07,0.00047999999999999996
2037-08-08,0.00047999999999999996
2037-08-09,0.00047999999999999996
2037-08-10,0.00047999999999999996
2037-08-11,0.00047999999999999996
2037-08-12,0.00047999999999999996
2037-08-13,0.00047999999999999996
2037-08-14,0.00047999999999999996
2037-08-15,0.00047999999999999996
2037-08-16,0.00047999999999999996
2037-08-17,0.00047999999999999996
2037-08-18,0.00047999999999999996
2037-08-19,0.00047999999999999996
2037-08-20,0.00047999999999999996
2037-08-21,0.00047999999999999996
2037-08-22,0.00047999999999999996
2037-08-23,0.00047999999999999996
2037-08-24,0.00047999999999999996
2037-08-25,0.00047999999999999996
2037-08-26,0.00047999999999999996
2037-08-27,0.00047999999999999996
2037-08-28,0.00047999999999999996
2037-08-29,0.00047999999999999996
2037-08-30,0.00047999999999999996
2037-08-31,0.00047999999999999996
2037-09-01,0.00047999999999999996
2037-09-02,0.00047999999999999996
2037-09-03,0.00047999999999999996
2037-09-04,0.00047999999999999996
2037-09-05,0.00047999999999999996
2037-09-06,0.00047000000000000004
2037-09-07,0.00262
2037-09-08,0.00958
2037-09-09,0.05205
2037-09-10,0.01516
2037-09-11,0.00049
2037-09-12,0.0005
2037-09-13,0.01608
2037-09-14,0.0005200000000000001
2037-09-15,0.0005200000000000001
2037-09-16,0.00053
2037-09-17,0.00053
2037-09-18,0.0005200000000000001
2037-09-19,0.0005200000000000001
2037-09-20,0.0005200000000000001
2037-09-21,0.0005200000000000001
2037-09-22,0.0005099999999999999
2037-09-23,0.0005099999999999999
2037-09-24,0.0005099999999999999
2037-09-25,0.0005099999999999999
2037-09-26,0.0005
2037-09-27,0.0005
2037-09-28,0.0005
2037-09-29,0.0005
2037-09-30,0.0005
2037-10-01,0.0005
2037-10-02,0.00049
2037-10-03,0.00049
2037-10-04,0.00049
2037-10-05,0.0022600000000000003
2037-10-06,0.00049
2037-10-07,0.00049
2037-10-08,0.00049
2037-10-09,0.00049
2037-10-10,0.00049
2037-10-11,0.00049
2037-10-12,0.00049
2037-10-13,0.00049
2037-10-14,0.00047999999999999996
2037-10-15,0.00047999999999999996
2037-10-16,0.00047999999999999996
2037-10-17,0.00047999999999999996
2037-10-18,0.00047999999999999996
2037-10-19,0.00047999999999999996
2037-10-20,0.00047999999999999996
2037-10-21,0.00098
2037-10-22,0.00047999999999999996
2037-10-23,0.0005200000000000001
2037-10-24,0.008620000000000001
2037-10-25,0.01054
2037-10-26,0.00063
2037-10-27,0.00047999999999999996
2037-10-28,0.00047999999999999996
2037-10-29,0.00047999999999999996
2037-10-30,0.00047999999999999996
2037-10-31,0.00047999999999999996
2037-11-01,0.00047999999999999996
2037-11-02,0.00047999999999999996
2037-11-03,0.00047999999999999996
2037-11-04,0.00047999999999999996
2037-11-05,0.01648
2037-11-06,0.00047999999999999996
2037-11-07,0.00047999999999999996
2037-11-08,0.00047999999999999996
2037-11-09,0.00047999999999999996
2037-11-10,0.00047999999999999996
2037-11-11,0.00047999999999999996
2037-11-12,0.00047999999999999996
2037-11-13,0.00047999999999999996
2037-11-14,0.00047999999999999996
2037-11-15,0.00047999999999999996
2037-11-16,0.00047999999999999996
2037-11-17,0.00047999999999999996
2037-11-18,0.00047999999999999996
2037-11-19,0.00047999999999999996
2037-11-20,0.00047999999999999996
2037-11-21,0.00047999999999999996
2037-11-22,0.00047999999999999996
2037-11-23,0.00047999999999999996
2037-11-24,0.00047999999999999996
2037-11-25,0.00047999999999999996
2037-11-26,0.00047999999999999996
2037-11-27,0.00344
2037-11-28,0.02368
2037-11-29,0.00049
2037-11-30,0.00049
2037-12-01,0.0026899999999999997
2037-12-02,0.03391
2037-12-03,0.028980000000000002
2037-12-04,0.00062
2037-12-05,0.00057
2037-12-06,0.00058
2037-12-07,0.00058
2037-12-08,0.00059
2037-12-09,0.0019
2037-12-10,0.0008699999999999999
2037-12-11,0.00063
2037-12-12,0.0006
2037-12-13,0.0006
2037-12-14,0.0006
2037-12-15,0.0006
2037-12-16,0.0006
2037-12-17,0.0006
2037-12-18,0.0006
2037-12-19,0.0006
2037-12-20,0.0006
2037-12-21,0.0006
2037-12-22,0.0006
2037-12-23,0.0006
2037-12-24,0.0006
2037-12-25,0.0006
2037-12-26,0.0006
2037-12-27,0.0006
2037-12-28,0.0006
2037-12-29,0.0006
2037-12-30,0.00059
2037-12-31,0.00059
2038-01-01,0.00059
2038-01-02,0.00059
2038-01-03,0.00059
2038-01-04,0.01234
2038-01-05,0.0050100000000000006
2038-01-06,0.001
2038-01-07,0.0030800000000000003
2038-01-08,0.0054600000000000004
2038-01-09,0.006999999999999999
2038-01-10,0.00243
2038-01-11,0.0006
2038-01-12,0.00061
2038-01-13,0.00061
2038-01-14,0.00061
2038-01-15,0.00061
2038-01-16,0.00061
2038-01-17,0.017269999999999997
2038-01-18,0.7275699999999999
2038-01-19,2.22675
2038-01-20,0.43916000000000005
2038-01-21,0.00206
2038-01-22,0.001
2038-01-23,0.00101
2038-01-24,0.00343
2038-01-25,0.00103
2038-01-26,0.00371
2038-01-27,0.02678
2038-01-28,0.15115
2038-01-29,0.22905999999999999
2038-01-30,0.023809999999999998
2038-01-31,0.00633
2038-02-01,0.008320000000000001
2038-02-02,0.0114
2038-02-03,0.01168
2038-02-04,0.01347
2038-02-05,0.017269999999999997
2038-02-06,0.016919999999999998
2038-02-07,0.02049
2038-02-08,0.021230000000000002
2038-02-09,0.02086
2038-02-10,0.02323
2038-02-11,0.02502
2038-02-12,0.02198
2038-02-13,0.02147
2038-02-14,0.02576
2038-02-15,0.02422
2038-02-16,0.021480000000000003
2038-02-17,0.020630000000000003
2038-02-18,0.01986
2038-02-19,0.01898
2038-02-20,0.01804
2038-02-21,0.01705
2038-02-22,0.01614
2038-02-23,0.015269999999999999
2038-02-24,0.014480000000000002
2038-02-25,0.013819999999999999
2038-02-26,0.013059999999999999
2038-02-27,0.01608
2038-02-28,0.04141
2038-03-01,0.06283
2038-03-02,0.38623
2038-03-03,0.11199
2038-03-04,0.0778
2038-03-05,0.10282000000000001
2038-03-06,0.11655
2038-03-07,0.09147999999999999
2038-03-08,0.09078
2038-03-09,0.08528999999999999
2038-03-10,0.15962
2038-03-11,0.14532
2038-03-12,0.15817
2038-03-13,0.16555
2038-03-14,0.15666
2038-03-15,0.12215999999999999
2038-03-16,0.12159
2038-03-17,0.11832000000000001
2038-03-18,0.11035999999999999
2038-03-19,0.10575999999999999
2038-03-20,0.10061
2038-03-21,0.10107000000000001
2038-03-22,0.09851
2038-03-23,0.09641
2038-03-24,0.0845
2038-03-25,0.07973
2038-03-26,0.07375
2038-03-27,0.07347000000000001
2038-03-28,0.0625
2038-03-29,0.05735
2038-03-30,0.051989999999999995
2038-03-31,0.04657
2038-04-01,0.041210000000000004
2038-04-02,0.03617
2038-04-03,0.03168
2038-04-04,0.02777
2038-04-05,0.024380000000000002
2038-04-06,0.02131
2038-04-07,0.02101
2038-04-08,0.01738
2038-04-09,0.016669999999999997
2038-04-10,0.014759999999999999
2038-04-11,0.013130000000000001
2038-04-12,0.01146
2038-04-13,0.00987
2038-04-14,0.00839
2038-04-15,0.0071
2038-04-16,0.00628
2038-04-17,0.00603
2038-04-18,0.01185
2038-04-19,0.0055
2038-04-20,0.00491
2038-04-21,0.00468
2038-04-22,0.00442
2038-04-23,0.01629
2038-04-24,0.00585
2038-04-25,0.0035
2038-04-26,0.00807
2038-04-27,0.0031
2038-04-28,0.0038
2038-04-29,0.006940000000000001
2038-04-30,0.00983
2038-05-01,0.0035
2038-05-02,0.01084
2038-05-03,0.0037
2038-05-04,0.00352
2038-05-05,0.022940000000000002
2038-05-06,0.027719999999999998
2038-05-07,0.00572
2038-05-08,0.006679999999999999
2038-05-09,0.006670000000000001
2038-05-10,0.01
2038-05-11,0.011059999999999999
2038-05-12,0.007540000000000001
2038-05-13,0.00795
2038-05-14,0.0069
2038-05-15,0.00617
2038-05-16,0.01162
2038-05-17,0.016669999999999997
2038-05-18,0.00558
2038-05-19,0.00547
2038-05-20,0.00486
2038-05-21,0.00415
2038-05-22,0.00447
2038-05-23,0.0033
2038-05-24,0.00344
2038-05-25,0.00267
2038-05-26,0.00233
2038-05-27,0.00205
2038-05-28,0.00457
2038-05-29,0.00182
2038-05-30,0.00161
2038-05-31,0.00139
2038-06-01,0.00126
2038-06-02,0.00121
2038-06-03,0.00119
2038-06-04,0.00117
2038-06-05,0.00115
2038-06-06,0.00114
2038-06-07,0.00112
2038-06-08,0.0011
2038-06-09,0.00109
2038-06-10,0.00107
2038-06-11,0.00106
2038-06-12,0.00105
2038-06-13,0.00103
2038-06-14,0.00101
2038-06-15,0.001
2038-06-16,0.00099
2038-06-17,0.00098
2038-06-18,0.0009599999999999999
2038-06-19,0.00095
2038-06-20,0.00093
2038-06-21,0.00091
2038-06-22,0.0008900000000000001
2038-06-23,0.0008699999999999999
2038-06-24,0.00085
2038-06-25,0.0008300000000000001
2038-06-26,0.00081
2038-06-27,0.00079
2038-06-28,0.0007700000000000001
2038-06-29,0.00075
2038-06-30,0.00074
2038-07-01,0.00072
2038-07-02,0.0007
2038-07-03,0.0006799999999999999
2038-07-04,0.00067
2038-07-05,0.00065
2038-07-06,0.00063
2038-07-07,0.00062
2038-07-08,0.00061
2038-07-09,0.00059
2038-07-10,0.00058
2038-07-11,0.00057
2038-07-12,0.00056
2038-07-13,0.00055
2038-07-14,0.00054
2038-07-15,0.00053
2038-07-16,0.0005200000000000001
2038-07-17,0.0005200000000000001
2038-07-18,0.0005099999999999999
2038-07-19,0.0005099999999999999
2038-07-20,0.0005
2038-07-21,0.0005
2038-07-22,0.00049
2038-07-23,0.00049
2038-07-24,0.00049
2038-07-25,0.00049
2038-07-26,0.00047999999999999996
2038-07-27,0.00047999999999999996
2038-07-28,0.00047999999999999996
2038-07-29,0.00047999999999999996
2038-07-30,0.00047999999999999996
2038-07-31,0.00047999999999999996
2038-08-01,0.00047999999999999996
2038-08-02,0.00047999999999999996
2038-08-03,0.00047999999999999996
2038-08-04,0.00047999999999999996
2038-08-05,0.00047999999999999996
2038-08-06,0.00047999999999999996
2038-08-07,0.00047999999999999996
2038-08-08,0.00047999999999999996
2038-08-09,0.00047999999999999996
2038-08-10,0.00047999999999999996
2038-08-11,0.00047999999999999996
2038-08-12,0.00047999999999999996
2038-08-13,0.00047999999999999996
2038-08-14,0.00047999999999999996
2038-08-15,0.00047999999999999996
2038-08-16,0.00047999999999999996
2038-08-17,0.00047999999999999996
2038-08-18,0.00047999999999999996
2038-08-19,0.00047999999999999996
2038-08-20,0.00047999999999999996
2038-08-21,0.00047999999999999996
2038-08-22,0.00047999999999999996
2038-08-23,0.00047999999999999996
2038-08-24,0.00047999999999999996
2038-08-25,0.00047999999999999996
2038-08-26,0.00186
2038-08-27,0.00047999999999999996
2038-08-28,0.00047999999999999996
2038-08-29,0.00047999999999999996
2038-08-30,0.00047999999999999996
2038-08-31,0.00047999999999999996
2038-09-01,0.00047999999999999996
2038-09-02,0.00047999999999999996
2038-09-03,0.00047999999999999996
2038-09-04,0.00047999999999999996
2038-09-05,0.00047999999999999996
2038-09-06,0.00047999999999999996
2038-09-07,0.0018100000000000002
2038-09-08,0.00047000000000000004
2038-09-09,0.0017100000000000001
2038-09-10,0.00047000000000000004
2038-09-11,0.00047000000000000004
2038-09-12,0.00047000000000000004
2038-09-13,0.00047000000000000004
2038-09-14,0.00047000000000000004
2038-09-15,0.00047000000000000004
2038-09-16,0.00047000000000000004
2038-09-17,0.00047000000000000004
2038-09-18,0.00047000000000000004
2038-09-19,0.00047000000000000004
2038-09-20,0.00047000000000000004
2038-09-21,0.00047000000000000004
2038-09-22,0.00047000000000000004
2038-09-23,0.00047000000000000004
2038-09-24,0.00047000000000000004
2038-09-25,0.00047000000000000004
2038-09-26,0.00047000000000000004
2038-09-27,0.00047000000000000004
2038-09-28,0.00047000000000000004
2038-09-29,0.00047000000000000004
2038-09-30,0.00047000000000000004
2038-10-01,0.00047000000000000004
2038-10-02,0.00047000000000000004
2038-10-03,0.00047000000000000004
2038-10-04,0.00047000000000000004
2038-10-05,0.00047000000000000004
2038-10-06,0.00047000000000000004
2038-10-07,0.00047000000000000004
2038-10-08,0.00103
2038-10-09,0.00047000000000000004
2038-10-10,0.00047000000000000004
2038-10-11,0.00047000000000000004
2038-10-12,0.00047000000000000004
2038-10-13,0.00047999999999999996
2038-10-14,0.02563
2038-10-15,0.04428
2038-10-16,0.09699999999999999
2038-10-17,0.047639999999999995
2038-10-18,0.00063
2038-10-19,0.00065
2038-10-20,0.00066
2038-10-21,0.00066
2038-10-22,0.013219999999999999
2038-10-23,0.00066
2038-10-24,0.00067
2038-10-25,0.00372
2038-10-26,0.03113
2038-10-27,0.021240000000000002
2038-10-28,0.01753
2038-10-29,0.01813
2038-10-30,0.03377
2038-10-31,0.01439
2038-11-01,0.03451
2038-11-02,0.00088
2038-11-03,0.0009
2038-11-04,0.00091
2038-11-05,0.0009199999999999999
2038-11-06,0.08835
2038-11-07,0.13993
2038-11-08,0.02787
2038-11-09,0.10280999999999998
2038-11-10,0.11896
2038-11-11,0.02445
2038-11-12,0.01786
2038-11-13,0.019880000000000002
2038-11-14,0.02027
2038-11-15,0.019780000000000002
2038-11-16,0.01905
2038-11-17,0.01822
2038-11-18,0.01883
2038-11-19,0.022000000000000002
2038-11-20,0.03355
2038-11-21,0.19735999999999998
2038-11-22,0.47603
2038-11-23,0.41273000000000004
2038-11-24,0.12675
2038-11-25,0.11871
2038-11-26,0.11655
2038-11-27,0.11475
2038-11-28,0.10682
2038-11-29,0.11312
2038-11-30,0.10132999999999999
2038-12-01,0.08805
2038-12-02,0.08277999999999999
2038-12-03,0.07859
2038-12-04,0.07088
2038-12-05,0.06543
2038-12-06,0.060270000000000004
2038-12-07,0.05536
2038-12-08,0.0509
2038-12-09,0.04705
2038-12-10,0.04351
2038-12-11,0.04007
2038-12-12,0.03681
2038-12-13,0.03369
2038-12-14,0.030889999999999997
2038-12-15,0.02841
2038-12-16,0.026260000000000002
2038-12-17,0.02437
2038-12-18,0.022609999999999998
2038-12-19,0.02095
2038-12-20,0.019459999999999998
2038-12-21,0.01817
2038-12-22,0.02469
2038-12-23,0.06882
2038-12-24,0.24370999999999998
2038-12-25,0.10025
2038-12-26,0.18520999999999999
2038-12-27,1.2812299999999999
2038-12-28,0.45192
2038-12-29,0.12343
2038-12-30,0.14419
2038-12-31,0.21803000000000003
2039-01-01,0.28183
2039-01-02,0.58729
2039-01-03,0.8368899999999999
2039-01-04,0.39661
2039-01-05,0.47415
2039-01-06,0.17777
2039-01-07,0.12955
2039-01-08,0.13865
2039-01-09,0.12928
2039-01-10,0.12343
2039-01-11,0.12339000000000001
2039-01-12,0.12194
2039-01-13,0.11500999999999999
2039-01-14,0.10482999999999999
2039-01-15,0.10263
2039-01-16,0.09155
2039-01-17,0.09087999999999999
2039-01-18,0.09192
2039-01-19,0.07493999999999999
2039-01-20,0.08311
2039-01-21,0.06964
2039-01-22,0.06627000000000001
2039-01-23,0.06188
2039-01-24,0.05725
2039-01-25,0.05276
2039-01-26,0.04854
2039-01-27,0.04465
2039-01-28,0.04115
2039-01-29,0.03782
2039-01-30,0.03475
2039-01-31,0.032080000000000004
2039-02-01,0.029660000000000002
2039-02-02,0.027410000000000004
2039-02-03,0.02534
2039-02-04,0.02352
2039-02-05,0.028610000000000003
2039-02-06,0.02074
2039-02-07,0.01949
2039-02-08,0.01818
2039-02-09,0.01743
2039-02-10,0.036969999999999996
2039-02-11,0.048060000000000005
2039-02-12,0.04386
2039-02-13,0.03377
2039-02-14,0.03477
2039-02-15,0.0339
2039-02-16,0.033710000000000004
2039-02-17,0.03268
2039-02-18,0.03123
2039-02-19,0.029769999999999998
2039-02-20,0.029419999999999998
2039-02-21,0.03121
2039-02-22,0.0322
2039-02-23,0.03021
2039-02-24,0.02502
2039-02-25,0.02416
2039-02-26,0.03455
2039-02-27,0.04
2039-02-28,0.035910000000000004
2039-03-01,0.054310000000000004
2039-03-02,0.0748
2039-03-03,0.06109
2039-03-04,0.05401
2039-03-05,0.054479999999999994
2039-03-06,0.0523
2039-03-07,0.05013
2039-03-08,0.046110000000000005
2039-03-09,0.04333
2039-03-10,0.040889999999999996
2039-03-11,0.0379
2039-03-12,0.03524
2039-03-13,0.0915
2039-03-14,0.04936
2039-03-15,0.04665
2039-03-16,0.04712
2039-03-17,0.07657
2039-03-18,0.20367000000000002
2039-03-19,0.1398
2039-03-20,0.19717
2039-03-21,0.1411
2039-03-22,0.1229
2039-03-23,0.12305999999999999
2039-03-24,0.1195
2039-03-25,0.11135
2039-03-26,0.10089
2039-03-27,0.09115
2039-03-28,0.08146
2039-03-29,0.07297999999999999
2039-03-30,0.06547
2039-03-31,0.05998
2039-04-01,0.053270000000000005
2039-04-02,0.0479
2039-04-03,0.04251
2039-04-04,0.038310000000000004
2039-04-05,0.046360000000000005
2039-04-06,0.05318
2039-04-07,0.055470000000000005
2039-04-08,0.05681
2039-04-09,0.04755
2039-04-10,0.046380000000000005
2039-04-11,0.04531
2039-04-12,0.043019999999999996
2039-04-13,0.039439999999999996
2039-04-14,0.03623
2039-04-15,0.03322
2039-04-16,0.04133
2039-04-17,0.0874
2039-04-18,0.1346
2039-04-19,0.4099
2039-04-20,0.15797
2039-04-21,0.13217
2039-04-22,0.12730999999999998
2039-04-23,0.11804
2039-04-24,0.14101
2039-04-25,0.13523
2039-04-26,0.11124
2039-04-27,0.10715
2039-04-28,0.09898
2039-04-29,0.08835
2039-04-30,0.07758999999999999
2039-05-01,0.06757
2039-05-02,0.058589999999999996
2039-05-03,0.051410000000000004
2039-05-04,0.04559
2039-05-05,0.04378
2039-05-06,0.036789999999999996
2039-05-07,0.03203
2039-05-08,0.02829
2039-05-09,0.02477
2039-05-10,0.027939999999999996
2039-05-11,0.02299
2039-05-12,0.021159999999999998
2039-05-13,0.01799
2039-05-14,0.01555
2039-05-15,0.01371
2039-05-16,0.01201
2039-05-17,0.01043
2039-05-18,0.009009999999999999
2039-05-19,0.00915
2039-05-20,0.00836
2039-05-21,0.00895
2039-05-22,0.0072900000000000005
2039-05-23,0.006670000000000001
2039-05-24,0.00564
2039-05-25,0.004370000000000001
2039-05-26,0.0032
2039-05-27,0.00228
2039-05-28,0.0016600000000000002
2039-05-29,0.00135
2039-05-30,0.00124
2039-05-31,0.00121
2039-06-01,0.00148
2039-06-02,0.00119
2039-06-03,0.00117
2039-06-04,0.00116
2039-06-05,0.00118
2039-06-06,0.00114
2039-06-07,0.01289
2039-06-08,0.00648
2039-06-09,0.00112
2039-06-10,0.00227
2039-06-11,0.0011099999999999999
2039-06-12,0.00109
2039-06-13,0.00108
2039-06-14,0.00106
2039-06-15,0.00105
2039-06-16,0.0010400000000000001
2039-06-17,0.0010199999999999999
2039-06-18,0.00201
2039-06-19,0.001
2039-06-20,0.00827
2039-06-21,0.00098
2039-06-22,0.0009699999999999999
2039-06-23,0.0009599999999999999
2039-06-24,0.0009400000000000001
2039-06-25,0.00093
2039-06-26,0.00091
2039-06-27,0.0009
2039-06-28,0.00088
2039-06-29,0.0016899999999999999
2039-06-30,0.00086
2039-07-01,0.00085
2039-07-02,0.00084
2039-07-03,0.0008300000000000001
2039-07-04,0.00081
2039-07-05,0.0008
2039-07-06,0.00078
2039-07-07,0.0007599999999999999
2039-07-08,0.00074
2039-07-09,0.00073
2039-07-10,0.0007099999999999999
2039-07-11,0.0006900000000000001
2039-07-12,0.0006799999999999999
2039-07-13,0.00066
2039-07-14,0.00065
2039-07-15,0.00063
2039-07-16,0.00062
2039-07-17,0.00061
2039-07-18,0.00059
2039-07-19,0.00058
2039-07-20,0.00057
2039-07-21,0.00056
2039-07-22,0.00055
2039-07-23,0.00054
2039-07-24,0.00053
2039-07-25,0.0005200000000000001
2039-07-26,0.0005200000000000001
2039-07-27,0.0005099999999999999
2039-07-28,0.0005099999999999999
2039-07-29,0.0005
2039-07-30,0.0005
2039-07-31,0.00049
2039-08-01,0.00049
2039-08-02,0.00049
2039-08-03,0.00049
2039-08-04,0.00047999999999999996
2039-08-05,0.00047999999999999996
2039-08-06,0.00047999999999999996
2039-08-07,0.00047999999999999996
2039-08-08,0.00047999999999999996
2039-08-09,0.00047999999999999996
2039-08-10,0.00047999999999999996
2039-08-11,0.00047999999999999996
2039-08-12,0.00047999999999999996
2039-08-13,0.00047999999999999996
2039-08-14,0.00047999999999999996
2039-08-15,0.00047999999999999996
2039-08-16,0.00047999999999999996
2039-08-17,0.00047999999999999996
2039-08-18,0.00047999999999999996
2039-08-19,0.00047999999999999996
2039-08-20,0.00047999999999999996
2039-08-21,0.00047999999999999996
2039-08-22,0.00047999999999999996
2039-08-23,0.00047999999999999996
2039-08-24,0.00047999999999999996
2039-08-25,0.00047999999999999996
2039-08-26,0.00047999999999999996
2039-08-27,0.00047999999999999996
2039-08-28,0.00047999999999999996
2039-08-29,0.00047999999999999996
2039-08-30,0.00047999999999999996
2039-08-31,0.00047999999999999996
2039-09-01,0.00047999999999999996
2039-09-02,0.00047999999999999996
2039-09-03,0.00047999999999999996
2039-09-04,0.00047999999999999996
2039-09-05,0.00047999999999999996
2039-09-06,0.00047999999999999996
2039-09-07,0.00047999999999999996
2039-09-08,0.00047999999999999996
2039-09-09,0.00047999999999999996
2039-09-10,0.00047999999999999996
2039-09-11,0.00047999999999999996
2039-09-12,0.00047999999999999996
2039-09-13,0.00047999999999999996
2039-09-14,0.00047999999999999996
2039-09-15,0.00047999999999999996
2039-09-16,0.00047999999999999996
2039-09-17,0.00047999999999999996
2039-09-18,0.00047000000000000004
2039-09-19,0.00047000000000000004
2039-09-20,0.00047000000000000004
2039-09-21,0.00047000000000000004
2039-09-22,0.00047000000000000004
2039-09-23,0.00047000000000000004
2039-09-24,0.00047000000000000004
2039-09-25,0.00047000000000000004
2039-09-26,0.00047000000000000004
2039-09-27,0.00047000000000000004
2039-09-28,0.00047000000000000004
2039-09-29,0.00047000000000000004
2039-09-30,0.00047000000000000004
2039-10-01,0.00047000000000000004
2039-10-02,0.00047000000000000004
2039-10-03,0.00047000000000000004
2039-10-04,0.00047000000000000004
2039-10-05,0.00047000000000000004
2039-10-06,0.00047000000000000004
2039-10-07,0.00047000000000000004
2039-10-08,0.00047000000000000004
2039-10-09,0.00047000000000000004
2039-10-10,0.00047000000000000004
2039-10-11,0.00047000000000000004
2039-10-12,0.00047000000000000004
2039-10-13,0.00047000000000000004
2039-10-14,0.00047000000000000004
2039-10-15,0.00047000000000000004
2039-10-16,0.00047000000000000004
2039-10-17,0.00187
2039-10-18,0.00047000000000000004
2039-10-19,0.00047000000000000004
2039-10-20,0.00047000000000000004
2039-10-21,0.00047000000000000004
2039-10-22,0.00047000000000000004
2039-10-23,0.00047000000000000004
2039-10-24,0.00047000000000000004
2039-10-25,0.00047000000000000004
2039-10-26,0.00047000000000000004
2039-10-27,0.00047000000000000004
2039-10-28,0.0026100000000000003
2039-10-29,0.00047000000000000004
2039-10-30,0.00047000000000000004
2039-10-31,0.00047000000000000004
2039-11-01,0.00047000000000000004
2039-11-02,0.00047000000000000004
2039-11-03,0.00047000000000000004
2039-11-04,0.00047000000000000004
2039-11-05,0.00047000000000000004
2039-11-06,0.00047000000000000004
2039-11-07,0.00047000000000000004
2039-11-08,0.00047000000000000004
2039-11-09,0.00047000000000000004
2039-11-10,0.00047000000000000004
2039-11-11,0.00047000000000000004
2039-11-12,0.00047000000000000004
2039-11-13,0.00047000000000000004
2039-11-14,0.00047000000000000004
2039-11-15,0.00047000000000000004
2039-11-16,0.00047000000000000004
2039-11-17,0.00047000000000000004
2039-11-18,0.00047000000000000004
2039-11-19,0.00047000000000000004
2039-11-20,0.00047000000000000004
2039-11-21,0.00047000000000000004
2039-11-22,0.00047000000000000004
2039-11-23,0.00047000000000000004
2039-11-24,0.00047000000000000004
2039-11-25,0.00047000000000000004
2039-11-26,0.00047000000000000004
2039-11-27,0.00047000000000000004
2039-11-28,0.00047000000000000004
2039-11-29,0.00335
2039-11-30,0.00047000000000000004
2039-12-01,0.00098
2039-12-02,0.00047000000000000004
2039-12-03,0.00047000000000000004
2039-12-04,0.00047000000000000004
2039-12-05,0.00047000000000000004
2039-12-06,0.00047000000000000004
2039-12-07,0.00047000000000000004
2039-12-08,0.00047000000000000004
2039-12-09,0.00047000000000000004
2039-12-10,0.00047000000000000004
2039-12-11,0.00047000000000000004
2039-12-12,0.00047000000000000004
2039-12-13,0.00047000000000000004
2039-12-14,0.00336
2039-12-15,0.01696
2039-12-16,0.00057
2039-12-17,0.00519
2039-12-18,0.0051600000000000005
2039-12-19,0.00058
2039-12-20,0.00054
2039-12-21,0.0016
2039-12-22,0.00053
2039-12-23,0.00103
2039-12-24,0.00624
2039-12-25,0.01409
2039-12-26,0.0049299999999999995
2039-12-27,0.013640000000000001
2039-12-28,0.01105
2039-12-29,0.0061
2039-12-30,0.0030399999999999997
2039-12-31,0.0005200000000000001
2040-01-01,0.00053
2040-01-02,0.03961
2040-01-03,0.00072
2040-01-04,0.00058
2040-01-05,0.00059
2040-01-06,0.00059
2040-01-07,0.0006
2040-01-08,0.00539
2040-01-09,0.027819999999999998
2040-01-10,0.02465
2040-01-11,0.00533
2040-01-12,0.004
2040-01-13,0.0014
2040-01-14,0.0007
2040-01-15,0.0007
2040-01-16,0.01365
2040-01-17,0.00116
2040-01-18,0.00074
2040-01-19,0.00286
2040-01-20,0.00952
2040-01-21,0.00091
2040-01-22,0.00075
2040-01-23,0.00075
2040-01-24,0.00082
2040-01-25,0.00156
2040-01-26,0.0033299999999999996
2040-01-27,0.004
2040-01-28,0.009909999999999999
2040-01-29,0.0464
2040-01-30,0.01066
2040-01-31,0.0009199999999999999
2040-02-01,0.00115
2040-02-02,0.005520000000000001
2040-02-03,0.08327999999999999
2040-02-04,0.07424
2040-02-05,0.07261000000000001
2040-02-06,0.03526
2040-02-07,0.01026
2040-02-08,0.00827
2040-02-09,0.01094
2040-02-10,0.01196
2040-02-11,0.01806
2040-02-12,0.011059999999999999
2040-02-13,0.01171
2040-02-14,0.00941
2040-02-15,0.009000000000000001
2040-02-16,0.011609999999999999
2040-02-17,0.01401
2040-02-18,0.0162
2040-02-19,0.0107
2040-02-20,0.01105
2040-02-21,0.008870000000000001
2040-02-22,0.00811
2040-02-23,0.00809
2040-02-24,0.007659999999999999
2040-02-25,0.02137
2040-02-26,0.02673
2040-02-27,0.01399
2040-02-28,0.01053
2040-02-29,0.0113
2040-03-01,0.01139
2040-03-02,0.01102
2040-03-03,0.01048
2040-03-04,0.00997
2040-03-05,0.00952
2040-03-06,0.00909
2040-03-07,0.00868
2040-03-08,0.00813
2040-03-09,0.0074
2040-03-10,0.006690000000000001
2040-03-11,0.006220000000000001
2040-03-12,0.00581
2040-03-13,0.0057799999999999995
2040-03-14,0.021159999999999998
2040-03-15,0.04664
2040-03-16,0.046669999999999996
2040-03-17,0.12779000000000001
2040-03-18,0.07472000000000001
2040-03-19,0.06151
2040-03-20,0.05956
2040-03-21,0.05773
2040-03-22,0.056720000000000007
2040-03-23,0.05321
2040-03-24,0.06833
2040-03-25,0.06672
2040-03-26,0.05711
2040-03-27,0.053
2040-03-28,0.05125
2040-03-29,0.04817
2040-03-30,0.0447
2040-03-31,0.04117
2040-04-01,0.0377
2040-04-02,0.03452
2040-04-03,0.03598
2040-04-04,0.029289999999999997
2040-04-05,0.02638
2040-04-06,0.02344
2040-04-07,0.020730000000000002
2040-04-08,0.01851
2040-04-09,0.01681
2040-04-10,0.03474
2040-04-11,0.09343
2040-04-12,0.11607999999999999
2040-04-13,0.06407
2040-04-14,0.06587
2040-04-15,0.05952
2040-04-16,0.0544
2040-04-17,0.04858
2040-04-18,0.04264
2040-04-19,0.03681
2040-04-20,0.03157
2040-04-21,0.027389999999999998
2040-04-22,0.02427
2040-04-23,0.021269999999999997
2040-04-24,0.01875
2040-04-25,0.01626
2040-04-26,0.01463
2040-04-27,0.01239
2040-04-28,0.0107
2040-04-29,0.01078
2040-04-30,0.03565
2040-05-01,0.02988
2040-05-02,0.01621
2040-05-03,0.012969999999999999
2040-05-04,0.013369999999999998
2040-05-05,0.01252
2040-05-06,0.01098
2040-05-07,0.00937
2040-05-08,0.00798
2040-05-09,0.00719
2040-05-10,0.00656
2040-05-11,0.0057
2040-05-12,0.00481
2040-05-13,0.00394
2040-05-14,0.00314
2040-05-15,0.0024100000000000002
2040-05-16,0.0018
2040-05-17,0.00141
2040-05-18,0.00126
2040-05-19,0.00121
2040-05-20,0.00199
2040-05-21,0.00118
2040-05-22,0.00117
2040-05-23,0.00116
2040-05-24,0.00115
2040-05-25,0.0011300000000000001
2040-05-26,0.00112
2040-05-27,0.0011099999999999999
2040-05-28,0.0011
2040-05-29,0.00109
2040-05-30,0.00108
2040-05-31,0.00106
2040-06-01,0.00105
2040-06-02,0.00132
2040-06-03,0.00123
2040-06-04,0.00103
2040-06-05,0.0010199999999999999
2040-06-06,0.0016600000000000002
2040-06-07,0.00099
2040-06-08,0.00098
2040-06-09,0.0009699999999999999
2040-06-10,0.00095
2040-06-11,0.0009400000000000001
2040-06-12,0.00093
2040-06-13,0.00091
2040-06-14,0.0024100000000000002
2040-06-15,0.0008900000000000001
2040-06-16,0.00088
2040-06-17,0.00086
2040-06-18,0.00085
2040-06-19,0.0008300000000000001
2040-06-20,0.00082
2040-06-21,0.0008
2040-06-22,0.00078
2040-06-23,0.0007700000000000001
2040-06-24,0.00075
2040-06-25,0.00073
2040-06-26,0.00072
2040-06-27,0.0007
2040-06-28,0.0006799999999999999
2040-06-29,0.00066
2040-06-30,0.00065
2040-07-01,0.00063
2040-07-02,0.00062
2040-07-03,0.00061
2040-07-04,0.0006
2040-07-05,0.00058
2040-07-06,0.00057
2040-07-07,0.00056
2040-07-08,0.00055
2040-07-09,0.00054
2040-07-10,0.00053
2040-07-11,0.0005200000000000001
2040-07-12,0.0005200000000000001
2040-07-13,0.0005099999999999999
2040-07-14,0.0005099999999999999
2040-07-15,0.0005
2040-07-16,0.0005
2040-07-17,0.00049
2040-07-18,0.00049
2040-07-19,0.00049
2040-07-20,0.00049
2040-07-21,0.00047999999999999996
2040-07-22,0.00047999999999999996
2040-07-23,0.00047999999999999996
2040-07-24,0.00047999999999999996
2040-07-25,0.00047999999999999996
2040-07-26,0.00047999999999999996
2040-07-27,0.00047999999999999996
2040-07-28,0.00047999999999999996
2040-07-29,0.00047999999999999996
2040-07-30,0.00047999999999999996
2040-07-31,0.00047999999999999996
2040-08-01,0.00047999999999999996
2040-08-02,0.00047999999999999996
2040-08-03,0.00047999999999999996
2040-08-04,0.00047999999999999996
2040-08-05,0.00047999999999999996
2040-08-06,0.00047999999999999996
2040-08-07,0.00047999999999999996
2040-08-08,0.00047999999999999996
2040-08-09,0.00047999999999999996
2040-08-10,0.00047999999999999996
2040-08-11,0.00047999999999999996
2040-08-12,0.00047999999999999996
2040-08-13,0.00047999999999999996
2040-08-14,0.00047999999999999996
2040-08-15,0.00047999999999999996
2040-08-16,0.00047999999999999996
2040-08-17,0.00047999999999999996
2040-08-18,0.00047999999999999996
2040-08-19,0.00047999999999999996
2040-08-20,0.00047999999999999996
2040-08-21,0.00047999999999999996
2040-08-22,0.00047999999999999996
2040-08-23,0.00047999999999999996
2040-08-24,0.00047999999999999996
2040-08-25,0.0005
2040-08-26,0.00047999999999999996
2040-08-27,0.0027300000000000002
2040-08-28,0.00047999999999999996
2040-08-29,0.00047999999999999996
2040-08-30,0.00047999999999999996
2040-08-31,0.00047999999999999996
2040-09-01,0.00047999999999999996
2040-09-02,0.00047999999999999996
2040-09-03,0.00063
2040-09-04,0.0054600000000000004
2040-09-05,0.03559
2040-09-06,0.0005099999999999999
2040-09-07,0.00047999999999999996
2040-09-08,0.00047999999999999996
2040-09-09,0.00047999999999999996
2040-09-10,0.00047999999999999996
2040-09-11,0.00047999999999999996
2040-09-12,0.00047999999999999996
2040-09-13,0.00047999999999999996
2040-09-14,0.00047999999999999996
2040-09-15,0.00047999999999999996
2040-09-16,0.00047999999999999996
2040-09-17,0.00047999999999999996
2040-09-18,0.00047999999999999996
2040-09-19,0.00047999999999999996
2040-09-20,0.00047999999999999996
2040-09-21,0.00047999999999999996
2040-09-22,0.00047999999999999996
2040-09-23,0.00047999999999999996
2040-09-24,0.00047999999999999996
2040-09-25,0.00118
2040-09-26,0.00047999999999999996
2040-09-27,0.00228
2040-09-28,0.00047999999999999996
2040-09-29,0.00047999999999999996
2040-09-30,0.00047999999999999996
2040-10-01,0.00047999999999999996
2040-10-02,0.00047999999999999996
2040-10-03,0.00047999999999999996
2040-10-04,0.00047999999999999996
2040-10-05,0.00047999999999999996
2040-10-06,0.00047999999999999996
2040-10-07,0.00047999999999999996
2040-10-08,0.00047999999999999996
2040-10-09,0.00047999999999999996
2040-10-10,0.00047999999999999996
2040-10-11,0.00047999999999999996
2040-10-12,0.00047999999999999996
2040-10-13,0.00047999999999999996
2040-10-14,0.00047999999999999996
2040-10-15,0.00047999999999999996
2040-10-16,0.00047999999999999996
2040-10-17,0.00047999999999999996
2040-10-18,0.00047999999999999996
2040-10-19,0.00047999999999999996
2040-10-20,0.00047999999999999996
2040-10-21,0.00047999999999999996
2040-10-22,0.00047999999999999996
2040-10-23,0.00047999999999999996
2040-10-24,0.00047999999999999996
2040-10-25,0.00047999999999999996
2040-10-26,0.00047999999999999996
2040-10-27,0.00047999999999999996
2040-10-28,0.00047999999999999996
2040-10-29,0.00047999999999999996
2040-10-30,0.0006
2040-10-31,0.00047000000000000004
2040-11-01,0.00047000000000000004
2040-11-02,0.00047000000000000004
2040-11-03,0.00047000000000000004
2040-11-04,0.00047000000000000004
2040-11-05,0.00047000000000000004
2040-11-06,0.00047000000000000004
2040-11-07,0.00047000000000000004
2040-11-08,0.00277
2040-11-09,0.03573
2040-11-10,0.00047000000000000004
2040-11-11,0.00047000000000000004
2040-11-12,0.07278
2040-11-13,0.0005200000000000001
2040-11-14,0.00054
2040-11-15,0.0008
2040-11-16,0.00057
2040-11-17,0.00057
2040-11-18,0.00057
2040-11-19,0.07596
2040-11-20,0.043
2040-11-21,0.00126
2040-11-22,0.00139
2040-11-23,0.03665
2040-11-24,0.10237
2040-11-25,0.0719
2040-11-26,0.03655
2040-11-27,0.03352
2040-11-28,0.00121
2040-11-29,0.00107
2040-11-30,0.00105
2040-12-01,0.00462
2040-12-02,0.02101
2040-12-03,0.00108
2040-12-04,0.00112
2040-12-05,0.00144
2040-12-06,0.0011
2040-12-07,0.006520000000000001
2040-12-08,0.051770000000000004
2040-12-09,0.015340000000000001
2040-12-10,0.00213
2040-12-11,0.01823
2040-12-12,0.07746
2040-12-13,0.15483
2040-12-14,0.0424
2040-12-15,0.03659
2040-12-16,0.05053
2040-12-17,0.03893
2040-12-18,0.04079
2040-12-19,0.04628
2040-12-20,0.0537
2040-12-21,0.04462
2040-12-22,0.0412
2040-12-23,0.04041
2040-12-24,0.03866
2040-12-25,0.03652
2040-12-26,0.03431
2040-12-27,0.03202
2040-12-28,0.02984
2040-12-29,0.0279
2040-12-30,0.02609
2040-12-31,0.02431
2041-01-01,0.02277
2041-01-02,0.02161
2041-01-03,0.02076
2041-01-04,0.02311
2041-01-05,0.019469999999999998
2041-01-06,0.023880000000000002
2041-01-07,0.08157
2041-01-08,0.1035
2041-01-09,0.04949
2041-01-10,0.05525
2041-01-11,0.0565
2041-01-12,0.05997
2041-01-13,0.05225
2041-01-14,0.049510000000000005
2041-01-15,0.04727
2041-01-16,0.044969999999999996
2041-01-17,0.0425
2041-01-18,0.0401
2041-01-19,0.03791
2041-01-20,0.03567
2041-01-21,0.03318
2041-01-22,0.03069
2041-01-23,0.02845
2041-01-24,0.026510000000000002
2041-01-25,0.02478
2041-01-26,0.02307
2041-01-27,0.02135
2041-01-28,0.019809999999999998
2041-01-29,0.01841
2041-01-30,0.0171
2041-01-31,0.02058
2041-02-01,0.015069999999999998
2041-02-02,0.01414
2041-02-03,0.02219
2041-02-04,0.01798
2041-02-05,0.013340000000000001
2041-02-06,0.01257
2041-02-07,0.018090000000000002
2041-02-08,0.0123
2041-02-09,0.01214
2041-02-10,0.01178
2041-02-11,0.01146
2041-02-12,0.01103
2041-02-13,0.01048
2041-02-14,0.01008
2041-02-15,0.01125
2041-02-16,0.00919
2041-02-17,0.01247
2041-02-18,0.00827
2041-02-19,0.0081
2041-02-20,0.007659999999999999
2041-02-21,0.00731
2041-02-22,0.007090000000000001
2041-02-23,0.00673
2041-02-24,0.00632
2041-02-25,0.00586
2041-02-26,0.01609
2041-02-27,0.02317
2041-02-28,0.01111
2041-03-01,0.0066099999999999996
2041-03-02,0.0071200000000000005
2041-03-03,0.0126
2041-03-04,0.007859999999999999
2041-03-05,0.01354
2041-03-06,0.00946
2041-03-07,0.00883
2041-03-08,0.0087
2041-03-09,0.00839
2041-03-10,0.008020000000000001
2041-03-11,0.0076
2041-03-12,0.028739999999999998
2041-03-13,0.06863999999999999
2041-03-14,0.033639999999999996
2041-03-15,0.02361
2041-03-16,0.060579999999999995
2041-03-17,0.06717999999999999
2041-03-18,0.04496
2041-03-19,0.05366
2041-03-20,0.04807
2041-03-21,0.057460000000000004
2041-03-22,0.045939999999999995
2041-03-23,0.04773
2041-03-24,0.04333
2041-03-25,0.04081
2041-03-26,0.03807
2041-03-27,0.04281
2041-03-28,0.0337
2041-03-29,0.031830000000000004
2041-03-30,0.02943
2041-03-31,0.027000000000000003
2041-04-01,0.02455
2041-04-02,0.025269999999999997
2041-04-03,0.02049
2041-04-04,0.01847
2041-04-05,0.016309999999999998
2041-04-06,0.01404
2041-04-07,0.01205
2041-04-08,0.01037
2041-04-09,0.008790000000000001
2041-04-10,0.0074
2041-04-11,0.009309999999999999
2041-04-12,0.00627
2041-04-13,0.01828
2041-04-14,0.02632
2041-04-15,0.03935
2041-04-16,0.0247
2041-04-17,0.02136
2041-04-18,0.02459
2041-04-19,0.04476
2041-04-20,0.07114
2041-04-21,0.0647
2041-04-22,0.05967000000000001
2041-04-23,0.0597
2041-04-24,0.06188
2041-04-25,0.05864
2041-04-26,0.05591
2041-04-27,0.05239
2041-04-28,0.04809
2041-04-29,0.04312
2041-04-30,0.03795
2041-05-01,0.03284
2041-05-02,0.02828
2041-05-03,0.02469
2041-05-04,0.021769999999999998
2041-05-05,0.020059999999999998
2041-05-06,0.01902
2041-05-07,0.01732
2041-05-08,0.01599
2041-05-09,0.05927
2041-05-10,0.01622
2041-05-11,0.01705
2041-05-12,0.016319999999999998
2041-05-13,0.01484
2041-05-14,0.01291
2041-05-15,0.0111
2041-05-16,0.009729999999999999
2041-05-17,0.00873
2041-05-18,0.007559999999999999
2041-05-19,0.00621
2041-05-20,0.00489
2041-05-21,0.0037700000000000003
2041-05-22,0.0030600000000000002
2041-05-23,0.0033
2041-05-24,0.00227
2041-05-25,0.00683
2041-05-26,0.0017399999999999998
2041-05-27,0.0015400000000000001
2041-05-28,0.00135
2041-05-29,0.00126
2041-05-30,0.00122
2041-05-31,0.0012
2041-06-01,0.00119
2041-06-02,0.00117
2041-06-03,0.00116
2041-06-04,0.00115
2041-06-05,0.0011300000000000001
2041-06-06,0.00112
2041-06-07,0.0011
2041-06-08,0.00109
2041-06-09,0.00107
2041-06-10,0.00105
2041-06-11,0.00103
2041-06-12,0.00101
2041-06-13,0.00099
2041-06-14,0.0009699999999999999
2041-06-15,0.00095
2041-06-16,0.00093
2041-06-17,0.00091
2041-06-18,0.0008900000000000001
2041-06-19,0.00088
2041-06-20,0.00086
2041-06-21,0.00084
2041-06-22,0.00082
2041-06-23,0.0008
2041-06-24,0.00079
2041-06-25,0.0007700000000000001
2041-06-26,0.00075
2041-06-27,0.00073
2041-06-28,0.00072
2041-06-29,0.0007
2041-06-30,0.0006900000000000001
2041-07-01,0.00067
2041-07-02,0.00066
2041-07-03,0.00064
2041-07-04,0.00063
2041-07-05,0.00061
2041-07-06,0.0006
2041-07-07,0.00059
2041-07-08,0.00057
2041-07-09,0.00056
2041-07-10,0.00055
2041-07-11,0.00054
2041-07-12,0.00053
2041-07-13,0.00053
2041-07-14,0.0005200000000000001
2041-07-15,0.0005099999999999999
2041-07-16,0.0005099999999999999
2041-07-17,0.0005
2041-07-18,0.0005
2041-07-19,0.00049
2041-07-20,0.00049
2041-07-21,0.00049
2041-07-22,0.00049
2041-07-23,0.00047999999999999996
2041-07-24,0.00047999999999999996
2041-07-25,0.00047999999999999996
2041-07-26,0.00047999999999999996
2041-07-27,0.00047999999999999996
2041-07-28,0.00047999999999999996
2041-07-29,0.00047999999999999996
2041-07-30,0.00047999999999999996
2041-07-31,0.00047999999999999996
2041-08-01,0.00047999999999999996
2041-08-02,0.00047999999999999996
2041-08-03,0.00047999999999999996
2041-08-04,0.00047999999999999996
2041-08-05,0.00047999999999999996
2041-08-06,0.00047999999999999996
2041-08-07,0.00047999999999999996
2041-08-08,0.00047999999999999996
2041-08-09,0.00047999999999999996
2041-08-10,0.00047999999999999996
2041-08-11,0.00047999999999999996
2041-08-12,0.00047999999999999996
2041-08-13,0.00047999999999999996
2041-08-14,0.00047999999999999996
2041-08-15,0.00047999999999999996
2041-08-16,0.00047999999999999996
2041-08-17,0.00047999999999999996
2041-08-18,0.00047999999999999996
2041-08-19,0.00047999999999999996
2041-08-20,0.00047999999999999996
2041-08-21,0.00047999999999999996
2041-08-22,0.00047999999999999996
2041-08-23,0.00047999999999999996
2041-08-24,0.00047999999999999996
2041-08-25,0.00047999999999999996
2041-08-26,0.00047999999999999996
2041-08-27,0.00047999999999999996
2041-08-28,0.00047999999999999996
2041-08-29,0.00047999999999999996
2041-08-30,0.00047999999999999996
2041-08-31,0.00047999999999999996
2041-09-01,0.00047999999999999996
2041-09-02,0.00047999999999999996
2041-09-03,0.00047999999999999996
2041-09-04,0.00047999999999999996
2041-09-05,0.00047999999999999996
2041-09-06,0.00047000000000000004
2041-09-07,0.00047000000000000004
2041-09-08,0.00047000000000000004
2041-09-09,0.00047000000000000004
2041-09-10,0.00047000000000000004
2041-09-11,0.00047000000000000004
2041-09-12,0.00047000000000000004
2041-09-13,0.00047000000000000004
2041-09-14,0.00047000000000000004
2041-09-15,0.00047000000000000004
2041-09-16,0.00047000000000000004
2041-09-17,0.00047000000000000004
2041-09-18,0.00047000000000000004
2041-09-19,0.00047000000000000004
2041-09-20,0.00047000000000000004
2041-09-21,0.00047000000000000004
2041-09-22,0.00047000000000000004
2041-09-23,0.00047000000000000004
2041-09-24,0.00047000000000000004
2041-09-25,0.00047000000000000004
2041-09-26,0.00047000000000000004
2041-09-27,0.00047000000000000004
2041-09-28,0.00047000000000000004
2041-09-29,0.00464
2041-09-30,0.00047000000000000004
2041-10-01,0.00047000000000000004
2041-10-02,0.006520000000000001
2041-10-03,0.00047000000000000004
2041-10-04,0.00047000000000000004
2041-10-05,0.00047000000000000004
2041-10-06,0.0016
2041-10-07,0.00047000000000000004
2041-10-08,0.00047000000000000004
2041-10-09,0.00047000000000000004
2041-10-10,0.00047000000000000004
2041-10-11,0.00047000000000000004
2041-10-12,0.00047000000000000004
2041-10-13,0.00047000000000000004
2041-10-14,0.00047000000000000004
2041-10-15,0.00047000000000000004
2041-10-16,0.00047000000000000004
2041-10-17,0.00047000000000000004
2041-10-18,0.00047000000000000004
2041-10-19,0.00047000000000000004
2041-10-20,0.00054
2041-10-21,0.00047000000000000004
2041-10-22,0.00047000000000000004
2041-10-23,0.00047000000000000004
2041-10-24,0.00047000000000000004
2041-10-25,0.00047000000000000004
2041-10-26,0.00047000000000000004
2041-10-27,0.00047000000000000004
2041-10-28,0.00047000000000000004
2041-10-29,0.00047000000000000004
2041-10-30,0.00047000000000000004
2041-10-31,0.00047000000000000004
2041-11-01,0.00047000000000000004
2041-11-02,0.00047000000000000004
2041-11-03,0.00047000000000000004
2041-11-04,0.00047000000000000004
2041-11-05,0.00047000000000000004
2041-11-06,0.00047000000000000004
2041-11-07,0.00047000000000000004
2041-11-08,0.00375
2041-11-09,0.0044399999999999995
2041-11-10,0.0035600000000000002
2041-11-11,0.00047999999999999996
2041-11-12,0.00047000000000000004
2041-11-13,0.00047000000000000004
2041-11-14,0.00047000000000000004
2041-11-15,0.00047000000000000004
2041-11-16,0.00047000000000000004
2041-11-17,0.00047000000000000004
2041-11-18,0.00072
2041-11-19,0.00047000000000000004
2041-11-20,0.00082
2041-11-21,0.00928
2041-11-22,0.04402
2041-11-23,0.040889999999999996
2041-11-24,0.00688
2041-11-25,0.00053
2041-11-26,0.00734
2041-11-27,0.02179
2041-11-28,0.08975
2041-11-29,0.02037
2041-11-30,0.0021899999999999997
2041-12-01,0.030969999999999998
2041-12-02,0.011859999999999999
2041-12-03,0.00078
2041-12-04,0.00716
2041-12-05,0.035339999999999996
2041-12-06,0.038189999999999995
2041-12-07,0.00088
2041-12-08,0.0066
2041-12-09,0.02743
2041-12-10,0.08975
2041-12-11,0.04977
2041-12-12,0.03047
2041-12-13,0.04074
2041-12-14,0.00882
2041-12-15,0.0013599999999999999
2041-12-16,0.0015400000000000001
2041-12-17,0.0016699999999999998
2041-12-18,0.006999999999999999
2041-12-19,0.008159999999999999
2041-12-20,0.00831
2041-12-21,0.0033299999999999996
2041-12-22,0.00389
2041-12-23,0.00487
2041-12-24,0.0033399999999999997
2041-12-25,0.0034700000000000004
2041-12-26,0.0035600000000000002
2041-12-27,0.00358
2041-12-28,0.00417
2041-12-29,0.02433
2041-12-30,0.00398
2041-12-31,0.0044399999999999995
2042-01-01,0.00479
2042-01-02,0.00503
2042-01-03,0.02242
2042-01-04,0.00601
2042-01-05,0.006540000000000001
2042-01-06,0.0071400000000000005
2042-01-07,0.00745
2042-01-08,0.00747
2042-01-09,0.007379999999999999
2042-01-10,0.00727
2042-01-11,0.0070799999999999995
2042-01-12,0.0068
2042-01-13,0.00656
2042-01-14,0.006379999999999999
2042-01-15,0.00621
2042-01-16,0.00594
2042-01-17,0.00563
2042-01-18,0.00533
2042-01-19,0.00507
2042-01-20,0.03511
2042-01-21,0.09237000000000001
2042-01-22,0.10575
2042-01-23,0.13042
2042-01-24,0.06606000000000001
2042-01-25,0.07096000000000001
2042-01-26,0.07138
2042-01-27,0.0716
2042-01-28,0.06304
2042-01-29,0.10998
2042-01-30,0.2116
2042-01-31,0.36138000000000003
2042-02-01,0.68265
2042-02-02,0.33791
2042-02-03,0.15118
2042-02-04,0.13722
2042-02-05,0.12879000000000002
2042-02-06,0.42136
2042-02-07,0.34089
2042-02-08,0.12493
2042-02-09,0.12352
2042-02-10,0.1309
2042-02-11,0.17514000000000002
2042-02-12,0.14162
2042-02-13,0.14372000000000001
2042-02-14,0.20426
2042-02-15,0.12864
2042-02-16,0.13564
2042-02-17,0.23223000000000002
2042-02-18,0.29728000000000004
2042-02-19,0.21515
2042-02-20,0.13228
2042-02-21,0.13280999999999998
2042-02-22,0.15473
2042-02-23,0.14422000000000001
2042-02-24,0.13872
2042-02-25,0.13021
2042-02-26,0.12850999999999999
2042-02-27,0.12399
2042-02-28,0.11778
2042-03-01,0.10989000000000002
2042-03-02,0.09992999999999999
2042-03-03,0.08976
2042-03-04,0.08054
2042-03-05,0.07216
2042-03-06,0.06462999999999999
2042-03-07,0.0581
2042-03-08,0.10793
2042-03-09,0.056960000000000004
2042-03-10,0.059070000000000004
2042-03-11,0.057
2042-03-12,0.09461
2042-03-13,0.40897
2042-03-14,0.17437
2042-03-15,0.12205999999999999
2042-03-16,0.12087
2042-03-17,0.13634000000000002
2042-03-18,0.13985
2042-03-19,0.14757
2042-03-20,0.14277
2042-03-21,0.12337000000000001
2042-03-22,0.11789000000000001
2042-03-23,0.11127999999999999
2042-03-24,0.11828
2042-03-25,0.10580999999999999
2042-03-26,0.10225
2042-03-27,0.08926
2042-03-28,0.08787
2042-03-29,0.09387000000000001
2042-03-30,0.07514
2042-03-31,0.07049
2042-04-01,0.06622
2042-04-02,0.0599
2042-04-03,0.05791
2042-04-04,0.0524
2042-04-05,0.04779
2042-04-06,0.04848
2042-04-07,0.03978
2042-04-08,0.03644
2042-04-09,0.033
2042-04-10,0.02943
2042-04-11,0.026430000000000002
2042-04-12,0.04693
2042-04-13,0.02365
2042-04-14,0.023
2042-04-15,0.02301
2042-04-16,0.02093
2042-04-17,0.0196
2042-04-18,0.01787
2042-04-19,0.01659
2042-04-20,0.01571
2042-04-21,0.04167
2042-04-22,0.026930000000000003
2042-04-23,0.01865
2042-04-24,0.02648
2042-04-25,0.02103
2042-04-26,0.02132
2042-04-27,0.02037
2042-04-28,0.01905
2042-04-29,0.01765
2042-04-30,0.01616
2042-05-01,0.014219999999999998
2042-05-02,0.0116
2042-05-03,0.009170000000000001
2042-05-04,0.00722
2042-05-05,0.00561
2042-05-06,0.00441
2042-05-07,0.00409
2042-05-08,0.00315
2042-05-09,0.00257
2042-05-10,0.00247
2042-05-11,0.0017399999999999998
2042-05-12,0.00151
2042-05-13,0.00134
2042-05-14,0.00125
2042-05-15,0.00122
2042-05-16,0.0012
2042-05-17,0.00119
2042-05-18,0.00118
2042-05-19,0.00117
2042-05-20,0.00115
2042-05-21,0.00114
2042-05-22,0.0011300000000000001
2042-05-23,0.00112
2042-05-24,0.0011099999999999999
2042-05-25,0.0011
2042-05-26,0.00108
2042-05-27,0.00108
2042-05-28,0.00106
2042-05-29,0.0010400000000000001
2042-05-30,0.00103
2042-05-31,0.0010199999999999999
2042-06-01,0.00101
2042-06-02,0.00099
2042-06-03,0.00098
2042-06-04,0.0009599999999999999
2042-06-05,0.0009400000000000001
2042-06-06,0.0009199999999999999
2042-06-07,0.00091
2042-06-08,0.0008900000000000001
2042-06-09,0.0008699999999999999
2042-06-10,0.00086
2042-06-11,0.00084
2042-06-12,0.00082
2042-06-13,0.00079
2042-06-14,0.0007700000000000001
2042-06-15,0.0007599999999999999
2042-06-16,0.00074
2042-06-17,0.00072
2042-06-18,0.0007
2042-06-19,0.0006900000000000001
2042-06-20,0.00067
2042-06-21,0.00065
2042-06-22,0.00064
2042-06-23,0.00062
2042-06-24,0.00061
2042-06-25,0.00059
2042-06-26,0.00058
2042-06-27,0.00057
2042-06-28,0.00056
2042-06-29,0.00055
2042-06-30,0.00054
2042-07-01,0.00053
2042-07-02,0.0005200000000000001
2042-07-03,0.0005099999999999999
2042-07-04,0.0005200000000000001
2042-07-05,0.00389
2042-07-06,0.0005
2042-07-07,0.0005
2042-07-08,0.0005
2042-07-09,0.00049
2042-07-10,0.00049
2042-07-11,0.00049
2042-07-12,0.00049
2042-07-13,0.00047999999999999996
2042-07-14,0.00047999999999999996
2042-07-15,0.00047999999999999996
2042-07-16,0.00047999999999999996
2042-07-17,0.00047999999999999996
2042-07-18,0.00047999999999999996
2042-07-19,0.00047999999999999996
2042-07-20,0.00047999999999999996
2042-07-21,0.00047999999999999996
2042-07-22,0.00047999999999999996
2042-07-23,0.00047999999999999996
2042-07-24,0.00047999999999999996
2042-07-25,0.00047999999999999996
2042-07-26,0.00047999999999999996
2042-07-27,0.00047999999999999996
2042-07-28,0.00047999999999999996
2042-07-29,0.00047999999999999996
2042-07-30,0.00047999999999999996
2042-07-31,0.00047999999999999996
2042-08-01,0.00047999999999999996
2042-08-02,0.00047999999999999996
2042-08-03,0.00047999999999999996
2042-08-04,0.00047999999999999996
2042-08-05,0.00047999999999999996
2042-08-06,0.00047999999999999996
2042-08-07,0.00047999999999999996
2042-08-08,0.00047999999999999996
2042-08-09,0.00047999999999999996
2042-08-10,0.00047999999999999996
2042-08-11,0.00047999999999999996
2042-08-12,0.00047999999999999996
2042-08-13,0.00047999999999999996
2042-08-14,0.00047999999999999996
2042-08-15,0.00047999999999999996
2042-08-16,0.00047999999999999996
2042-08-17,0.00047999999999999996
2042-08-18,0.00047999999999999996
2042-08-19,0.00047999999999999996
2042-08-20,0.00047999999999999996
2042-08-21,0.00047999999999999996
2042-08-22,0.00047999999999999996
2042-08-23,0.00047999999999999996
2042-08-24,0.00047999999999999996
2042-08-25,0.00047999999999999996
2042-08-26,0.00047000000000000004
2042-08-27,0.00047000000000000004
2042-08-28,0.00047000000000000004
2042-08-29,0.00047000000000000004
2042-08-30,0.00047000000000000004
2042-08-31,0.00047000000000000004
2042-09-01,0.00047000000000000004
2042-09-02,0.00047000000000000004
2042-09-03,0.00047000000000000004
2042-09-04,0.00047000000000000004
2042-09-05,0.00047000000000000004
2042-09-06,0.00047000000000000004
2042-09-07,0.00047000000000000004
2042-09-08,0.00047000000000000004
2042-09-09,0.00047000000000000004
2042-09-10,0.00047000000000000004
2042-09-11,0.00047000000000000004
2042-09-12,0.00047000000000000004
2042-09-13,0.00047000000000000004
2042-09-14,0.00047000000000000004
2042-09-15,0.00047000000000000004
2042-09-16,0.00047000000000000004
2042-09-17,0.00047000000000000004
2042-09-18,0.00047000000000000004
2042-09-19,0.00047000000000000004
2042-09-20,0.00047000000000000004
2042-09-21,0.00047000000000000004
2042-09-22,0.00047000000000000004
2042-09-23,0.00047000000000000004
2042-09-24,0.00047000000000000004
2042-09-25,0.00047000000000000004
2042-09-26,0.00047000000000000004
2042-09-27,0.00047000000000000004
2042-09-28,0.00047000000000000004
2042-09-29,0.00047000000000000004
2042-09-30,0.00047000000000000004
2042-10-01,0.00047000000000000004
2042-10-02,0.00047000000000000004
2042-10-03,0.00047000000000000004
2042-10-04,0.00047000000000000004
2042-10-05,0.00047000000000000004
2042-10-06,0.00047000000000000004
2042-10-07,0.00047000000000000004
2042-10-08,0.00047000000000000004
2042-10-09,0.00047000000000000004
2042-10-10,0.00047000000000000004
2042-10-11,0.00047000000000000004
2042-10-12,0.00047000000000000004
2042-10-13,0.00047000000000000004
2042-10-14,0.00047000000000000004
2042-10-15,0.00047000000000000004
2042-10-16,0.00047000000000000004
2042-10-17,0.00227
2042-10-18,0.00047000000000000004
2042-10-19,0.00047000000000000004
2042-10-20,0.00047000000000000004
2042-10-21,0.00047000000000000004
2042-10-22,0.00047000000000000004
2042-10-23,0.00047000000000000004
2042-10-24,0.00047000000000000004
2042-10-25,0.00124
2042-10-26,0.00259
2042-10-27,0.00047000000000000004
2042-10-28,0.00047000000000000004
2042-10-29,0.00047000000000000004
2042-10-30,0.00047000000000000004
2042-10-31,0.00047000000000000004
2042-11-01,0.00047000000000000004
2042-11-02,0.00047000000000000004
2042-11-03,0.00047000000000000004
2042-11-04,0.00047000000000000004
2042-11-05,0.00139
2042-11-06,0.00745
2042-11-07,0.01
2042-11-08,0.00047000000000000004
2042-11-09,0.00109
2042-11-10,0.00047000000000000004
2042-11-11,0.00047000000000000004
2042-11-12,0.00047000000000000004
2042-11-13,0.00047000000000000004
2042-11-14,0.00047000000000000004
2042-11-15,0.00047000000000000004
2042-11-16,0.00047000000000000004
2042-11-17,0.00047000000000000004
2042-11-18,0.00047000000000000004
2042-11-19,0.00047000000000000004
2042-11-20,0.00047000000000000004
2042-11-21,0.00047000000000000004
2042-11-22,0.00047000000000000004
2042-11-23,0.00047000000000000004
2042-11-24,0.00047000000000000004
2042-11-25,0.00047000000000000004
2042-11-26,0.00047000000000000004
2042-11-27,0.00047000000000000004
2042-11-28,0.0027300000000000002
2042-11-29,0.00061
2042-11-30,0.00507
2042-12-01,0.00047999999999999996
2042-12-02,0.00975
2042-12-03,0.00558
2042-12-04,0.00703
2042-12-05,0.006
2042-12-06,0.00107
2042-12-07,0.00088
2042-12-08,0.00233
2042-12-09,0.00206
2042-12-10,0.013619999999999998
2042-12-11,0.00047999999999999996
2042-12-12,0.00049
2042-12-13,0.00049
2042-12-14,0.00366
2042-12-15,0.0005
2042-12-16,0.0005
2042-12-17,0.0036899999999999997
2042-12-18,0.012459999999999999
2042-12-19,0.0019100000000000002
2042-12-20,0.0005200000000000001
2042-12-21,0.0005200000000000001
2042-12-22,0.01201
2042-12-23,0.05969
2042-12-24,0.27942
2042-12-25,0.58455
2042-12-26,0.33331
2042-12-27,0.05363
2042-12-28,0.03261
2042-12-29,0.036719999999999996
2042-12-30,0.04018
2042-12-31,0.02323
2043-01-01,0.33401
2043-01-02,1.0656700000000001
2043-01-03,0.67084
2043-01-04,0.12650999999999998
2043-01-05,0.15762
2043-01-06,0.18975
2043-01-07,0.18428
2043-01-08,0.1887
2043-01-09,0.14674
2043-01-10,0.12713
2043-01-11,0.12355
2043-01-12,0.12329000000000001
2043-01-13,0.12378
2043-01-14,0.14425
2043-01-15,0.15350999999999998
2043-01-16,0.15444000000000002
2043-01-17,0.34360999999999997
2043-01-18,0.7701399999999999
2043-01-19,0.33531
2043-01-20,0.22049000000000002
2043-01-21,0.33053
2043-01-22,0.17198
2043-01-23,0.34831
2043-01-24,0.15967
2043-01-25,0.14467
2043-01-26,0.12772
2043-01-27,0.13113
2043-01-28,0.12402
2043-01-29,0.12314000000000001
2043-01-30,0.14461
2043-01-31,0.34956
2043-02-01,0.80242
2043-02-02,0.8286899999999999
2043-02-03,0.1644
2043-02-04,0.15093
2043-02-05,0.33339
2043-02-06,0.31668
2043-02-07,0.44122
2043-02-08,0.25936
2043-02-09,0.29569
2043-02-10,0.1524
2043-02-11,0.16822
2043-02-12,0.12952
2043-02-13,0.1286
2043-02-14,0.12674000000000002
2043-02-15,0.13214
2043-02-16,0.15423
2043-02-17,0.17595999999999998
2043-02-18,0.16125
2043-02-19,0.17697000000000002
2043-02-20,0.17
2043-02-21,0.16362000000000002
2043-02-22,0.20618000000000003
2043-02-23,0.13555999999999999
2043-02-24,0.12683
2043-02-25,0.12977
2043-02-26,0.12824000000000002
2043-02-27,0.13639
2043-02-28,0.12586
2043-03-01,0.11957999999999999
2043-03-02,0.11458
2043-03-03,0.10629000000000001
2043-03-04,0.10045
2043-03-05,0.09227
2043-03-06,0.08619
2043-03-07,0.08194
2043-03-08,0.07762999999999999
2043-03-09,0.07168
2043-03-10,0.07069
2043-03-11,0.06362999999999999
2043-03-12,0.06051
2043-03-13,0.0785
2043-03-14,0.06392
2043-03-15,0.06577999999999999
2043-03-16,0.06301
2043-03-17,0.06286
2043-03-18,0.055729999999999995
2043-03-19,0.05587999999999999
2043-03-20,0.04935
2043-03-21,0.05596
2043-03-22,0.05652000000000001
2043-03-23,0.0455
2043-03-24,0.046
2043-03-25,0.05649
2043-03-26,0.0577
2043-03-27,0.04963
2043-03-28,0.049089999999999995
2043-03-29,0.04983
2043-03-30,0.049980000000000004
2043-03-31,0.04228
2043-04-01,0.0373
2043-04-02,0.034
2043-04-03,0.030330000000000003
2043-04-04,0.027139999999999997
2043-04-05,0.02477
2043-04-06,0.022580000000000003
2043-04-07,0.02035
2043-04-08,0.01814
2043-04-09,0.01615
2043-04-10,0.01404
2043-04-11,0.01226
2043-04-12,0.0217
2043-04-13,0.01166
2043-04-14,0.01008
2043-04-15,0.02216
2043-04-16,0.00881
2043-04-17,0.00815
2043-04-18,0.00743
2043-04-19,0.031760000000000004
2043-04-20,0.035339999999999996
2043-04-21,0.01316
2043-04-22,0.01384
2043-04-23,0.014190000000000001
2043-04-24,0.013430000000000001
2043-04-25,0.0123
2043-04-26,0.011090000000000001
2043-04-27,0.00975
2043-04-28,0.008459999999999999
2043-04-29,0.00733
2043-04-30,0.00629
2043-05-01,0.00533
2043-05-02,0.00448
2043-05-03,0.00374
2043-05-04,0.00314
2043-05-05,0.00262
2043-05-06,0.00216
2043-05-07,0.00182
2043-05-08,0.00158
2043-05-09,0.00139
2043-05-10,0.00126
2043-05-11,0.00119
2043-05-12,0.00118
2043-05-13,0.00116
2043-05-14,0.00115
2043-05-15,0.00114
2043-05-16,0.00112
2043-05-17,0.0011099999999999999
2043-05-18,0.0011
2043-05-19,0.00108
2043-05-20,0.00107
2043-05-21,0.00105
2043-05-22,0.0010400000000000001
2043-05-23,0.00187
2043-05-24,0.001
2043-05-25,0.00099
2043-05-26,0.0009699999999999999
2043-05-27,0.0009699999999999999
2043-05-28,0.00095
2043-05-29,0.00093
2043-05-30,0.00091
2043-05-31,0.0009
2043-06-01,0.00088
2043-06-02,0.0008699999999999999
2043-06-03,0.00085
2043-06-04,0.00084
2043-06-05,0.0008300000000000001
2043-06-06,0.00082
2043-06-07,0.0008
2043-06-08,0.00078
2043-06-09,0.0007700000000000001
2043-06-10,0.00075
2043-06-11,0.00073
2043-06-12,0.0007099999999999999
2043-06-13,0.0007
2043-06-14,0.0006799999999999999
2043-06-15,0.00066
2043-06-16,0.00065
2043-06-17,0.00063
2043-06-18,0.00062
2043-06-19,0.0006
2043-06-20,0.00059
2043-06-21,0.00058
2043-06-22,0.00057
2043-06-23,0.00056
2043-06-24,0.00055
2043-06-25,0.00054
2043-06-26,0.00053
2043-06-27,0.0005200000000000001
2043-06-28,0.0005200000000000001
2043-06-29,0.0005099999999999999
2043-06-30,0.0005099999999999999
2043-07-01,0.00103
2043-07-02,0.0005200000000000001
2043-07-03,0.0005
2043-07-04,0.00049
2043-07-05,0.00049
2043-07-06,0.00049
2043-07-07,0.00049
2043-07-08,0.00047999999999999996
2043-07-09,0.00047999999999999996
2043-07-10,0.00047999999999999996
2043-07-11,0.00047999999999999996
2043-07-12,0.00047999999999999996
2043-07-13,0.00047999999999999996
2043-07-14,0.00047999999999999996
2043-07-15,0.00047999999999999996
2043-07-16,0.00047999999999999996
2043-07-17,0.00047999999999999996
2043-07-18,0.00047999999999999996
2043-07-19,0.00047999999999999996
2043-07-20,0.00047999999999999996
2043-07-21,0.00047999999999999996
2043-07-22,0.00047999999999999996
2043-07-23,0.00047999999999999996
2043-07-24,0.00047999999999999996
2043-07-25,0.00047999999999999996
2043-07-26,0.00047999999999999996
2043-07-27,0.00047999999999999996
2043-07-28,0.00047999999999999996
2043-07-29,0.00047999999999999996
2043-07-30,0.00047999999999999996
2043-07-31,0.00047999999999999996
2043-08-01,0.00047999999999999996
2043-08-02,0.00047999999999999996
2043-08-03,0.00047999999999999996
2043-08-04,0.00047999999999999996
2043-08-05,0.00047999999999999996
2043-08-06,0.00047999999999999996
2043-08-07,0.00047999999999999996
2043-08-08,0.00047999999999999996
2043-08-09,0.00047999999999999996
2043-08-10,0.00047999999999999996
2043-08-11,0.00047999999999999996
2043-08-12,0.00047999999999999996
2043-08-13,0.00047999999999999996
2043-08-14,0.00047999999999999996
2043-08-15,0.00047999999999999996
2043-08-16,0.00047999999999999996
2043-08-17,0.00047999999999999996
2043-08-18,0.00047999999999999996
2043-08-19,0.00047999999999999996
2043-08-20,0.00047999999999999996
2043-08-21,0.00047000000000000004
2043-08-22,0.00126
2043-08-23,0.00047000000000000004
2043-08-24,0.00047000000000000004
2043-08-25,0.00047000000000000004
2043-08-26,0.00047000000000000004
2043-08-27,0.00047000000000000004
2043-08-28,0.00047000000000000004
2043-08-29,0.00047000000000000004
2043-08-30,0.00047000000000000004
2043-08-31,0.00047000000000000004
2043-09-01,0.00047000000000000004
2043-09-02,0.00047000000000000004
2043-09-03,0.00047000000000000004
2043-09-04,0.00047000000000000004
2043-09-05,0.00047000000000000004
2043-09-06,0.00047000000000000004
2043-09-07,0.00047000000000000004
2043-09-08,0.00047000000000000004
2043-09-09,0.00047000000000000004
2043-09-10,0.00047000000000000004
2043-09-11,0.00047000000000000004
2043-09-12,0.00047000000000000004
2043-09-13,0.00047000000000000004
2043-09-14,0.00047000000000000004
2043-09-15,0.00047000000000000004
2043-09-16,0.00047000000000000004
2043-09-17,0.00047000000000000004
2043-09-18,0.00047000000000000004
2043-09-19,0.00047000000000000004
2043-09-20,0.00047000000000000004
2043-09-21,0.00047000000000000004
2043-09-22,0.00047000000000000004
2043-09-23,0.00047000000000000004
2043-09-24,0.00047000000000000004
2043-09-25,0.00047000000000000004
2043-09-26,0.00047000000000000004
2043-09-27,0.00047000000000000004
2043-09-28,0.004070000000000001
2043-09-29,0.00047000000000000004
2043-09-30,0.00047000000000000004
2043-10-01,0.00047000000000000004
2043-10-02,0.00047000000000000004
2043-10-03,0.00047000000000000004
2043-10-04,0.01122
2043-10-05,0.045939999999999995
2043-10-06,0.00047000000000000004
2043-10-07,0.00047999999999999996
2043-10-08,0.00047999999999999996
2043-10-09,0.00049
2043-10-10,0.00049
2043-10-11,0.00049
2043-10-12,0.00049
2043-10-13,0.00049
2043-10-14,0.00049
2043-10-15,0.00049
2043-10-16,0.00049
2043-10-17,0.00049
2043-10-18,0.00049
2043-10-19,0.00049
2043-10-20,0.00557
2043-10-21,0.00049
2043-10-22,0.00049
2043-10-23,0.00049
2043-10-24,0.00049
2043-10-25,0.00049
2043-10-26,0.00049
2043-10-27,0.00059
2043-10-28,0.026789999999999998
2043-10-29,0.07405
2043-10-30,0.01493
2043-10-31,0.00058
2043-11-01,0.0006
2043-11-02,0.00061
2043-11-03,0.00061
2043-11-04,0.00062
2043-11-05,0.00062
2043-11-06,0.00062
2043-11-07,0.00062
2043-11-08,0.01121
2043-11-09,0.00062
2043-11-10,0.0255
2043-11-11,0.13625
2043-11-12,0.042460000000000005
2043-11-13,0.0010400000000000001
2043-11-14,0.0103
2043-11-15,0.009909999999999999
2043-11-16,0.00085
2043-11-17,0.00086
2043-11-18,0.0286
2043-11-19,0.00088
2043-11-20,0.04507
2043-11-21,0.032760000000000004
2043-11-22,0.0026
2043-11-23,0.00114
2043-11-24,0.0010199999999999999
2043-11-25,0.0010199999999999999
2043-11-26,0.0010199999999999999
2043-11-27,0.00103
2043-11-28,0.00103
2043-11-29,0.00103
2043-11-30,0.00103
2043-12-01,0.00758
2043-12-02,0.011859999999999999
2043-12-03,0.01193
2043-12-04,0.021769999999999998
2043-12-05,0.027880000000000002
2043-12-06,0.00144
2043-12-07,0.00112
2043-12-08,0.01385
2043-12-09,0.01547
2043-12-10,0.00116
2043-12-11,0.01402
2043-12-12,0.08432
2043-12-13,0.11068
2043-12-14,0.0151
2043-12-15,0.0197
2043-12-16,0.02924
2043-12-17,0.05101
2043-12-18,0.026860000000000002
2043-12-19,0.02982
2043-12-20,0.03042
2043-12-21,0.02982
2043-12-22,0.02888
2043-12-23,0.03323
2043-12-24,0.035539999999999995
2043-12-25,0.02682
2043-12-26,0.026489999999999996
2043-12-27,0.026369999999999998
2043-12-28,0.04512
2043-12-29,0.07967
2043-12-30,0.30568
2043-12-31,0.12554
2044-01-01,0.10364000000000001
2044-01-02,0.10021000000000001
2044-01-03,0.10755999999999999
2044-01-04,0.1467
2044-01-05,0.15875
2044-01-06,0.17976
2044-01-07,0.26499
2044-01-08,0.13573
2044-01-09,0.12989
2044-01-10,0.12236
2044-01-11,0.12934
2044-01-12,0.15197
2044-01-13,0.21395999999999998
2044-01-14,0.17956
2044-01-15,0.42977
2044-01-16,0.3065
2044-01-17,0.57992
2044-01-18,0.47796000000000005
2044-01-19,0.13145
2044-01-20,0.14185
2044-01-21,0.13818
2044-01-22,0.13162000000000001
2044-01-23,0.13283
2044-01-24,0.17604
2044-01-25,0.21439
2044-01-26,0.24966
2044-01-27,0.15682000000000001
2044-01-28,0.12322999999999999
2044-01-29,0.12290999999999999
2044-01-30,0.12854000000000002
2044-01-31,0.1192
2044-02-01,0.11392999999999999
2044-02-02,0.106
2044-02-03,0.09671
2044-02-04,0.08736000000000001
2044-02-05,0.07867
2044-02-06,0.071
2044-02-07,0.07266
2044-02-08,0.11520999999999999
2044-02-09,0.10686
2044-02-10,0.11292
2044-02-11,0.10127
2044-02-12,0.09489
2044-02-13,0.09149
2044-02-14,0.08764
2044-02-15,0.08474
2044-02-16,0.07405
2044-02-17,0.06942000000000001
2044-02-18,0.06436
2044-02-19,0.05925
2044-02-20,0.059860000000000003
2044-02-21,0.06146
2044-02-22,0.08421000000000001
2044-02-23,0.08102000000000001
2044-02-24,0.0674
2044-02-25,0.06711
2044-02-26,0.06454
2044-02-27,0.06067
2044-02-28,0.06364
2044-02-29,0.07832
2044-03-01,0.05439
2044-03-02,0.054520000000000006
2044-03-03,0.05217
2044-03-04,0.05705
2044-03-05,0.04676
2044-03-06,0.04371
2044-03-07,0.0438
2044-03-08,0.03832
2044-03-09,0.035519999999999996
2044-03-10,0.032619999999999996
2044-03-11,0.05087
2044-03-12,0.05197
2044-03-13,0.07028999999999999
2044-03-14,0.07479
2044-03-15,0.0607
2044-03-16,0.060379999999999996
2044-03-17,0.06147999999999999
2044-03-18,0.056510000000000005
2044-03-19,0.0528
2044-03-20,0.048760000000000005
2044-03-21,0.0646
2044-03-22,0.07602
2044-03-23,0.08602
2044-03-24,0.08346
2044-03-25,0.07078
2044-03-26,0.0699
2044-03-27,0.06552000000000001
2044-03-28,0.06035
2044-03-29,0.055310000000000005
2044-03-30,0.05036
2044-03-31,0.045919999999999996
2044-04-01,0.0415
2044-04-02,0.03706
2044-04-03,0.0329
2044-04-04,0.02925
2044-04-05,0.02613
2044-04-06,0.02317
2044-04-07,0.02436
2044-04-08,0.040780000000000004
2044-04-09,0.03009
2044-04-10,0.02047
2044-04-11,0.019530000000000002
2044-04-12,0.02345
2044-04-13,0.02918
2044-04-14,0.01906
2044-04-15,0.01822
2044-04-16,0.016880000000000003
2044-04-17,0.01523
2044-04-18,0.01344
2044-04-19,0.01166
2044-04-20,0.010329999999999999
2044-04-21,0.0136
2044-04-22,0.00941
2044-04-23,0.01007
2044-04-24,0.00782
2044-04-25,0.012329999999999999
2044-04-26,0.02963
2044-04-27,0.02018
2044-04-28,0.02603
2044-04-29,0.01238
2044-04-30,0.03979
2044-05-01,0.035089999999999996
2044-05-02,0.022609999999999998
2044-05-03,0.02497
2044-05-04,0.02404
2044-05-05,0.02249
2044-05-06,0.02104
2044-05-07,0.019469999999999998
2044-05-08,0.01762
2044-05-09,0.016030000000000003
2044-05-10,0.014280000000000001
2044-05-11,0.01268
2044-05-12,0.011000000000000001
2044-05-13,0.00924
2044-05-14,0.007509999999999999
2044-05-15,0.006
2044-05-16,0.0046700000000000005
2044-05-17,0.00352
2044-05-18,0.0026100000000000003
2044-05-19,0.00195
2044-05-20,0.00157
2044-05-21,0.0014
2044-05-22,0.0012900000000000001
2044-05-23,0.00123
2044-05-24,0.00121
2044-05-25,0.0012
2044-05-26,0.00119
2044-05-27,0.00118
2044-05-28,0.00117
2044-05-29,0.00116
2044-05-30,0.00115
2044-05-31,0.0011300000000000001
2044-06-01,0.00112
2044-06-02,0.0011099999999999999
2044-06-03,0.0011
2044-06-04,0.0018899999999999998
2044-06-05,0.00108
2044-06-06,0.00107
2044-06-07,0.00106
2044-06-08,0.00105
2044-06-09,0.00103
2044-06-10,0.0010199999999999999
2044-06-11,0.001
2044-06-12,0.00098
2044-06-13,0.0009699999999999999
2044-06-14,0.00095
2044-06-15,0.00093
2044-06-16,0.00091
2044-06-17,0.0008900000000000001
2044-06-18,0.0008699999999999999
2044-06-19,0.00085
2044-06-20,0.0008300000000000001
2044-06-21,0.00081
2044-06-22,0.0008
2044-06-23,0.0010199999999999999
2044-06-24,0.00526
2044-06-25,0.0007700000000000001
2044-06-26,0.00075
2044-06-27,0.00074
2044-06-28,0.00072
2044-06-29,0.0007099999999999999
2044-06-30,0.0006900000000000001
2044-07-01,0.0006799999999999999
2044-07-02,0.00067
2044-07-03,0.00065
2044-07-04,0.00064
2044-07-05,0.00063
2044-07-06,0.00061
2044-07-07,0.0006
2044-07-08,0.00058
2044-07-09,0.00057
2044-07-10,0.00056
2044-07-11,0.00055
2044-07-12,0.00054
2044-07-13,0.00053
2044-07-14,0.0005200000000000001
2044-07-15,0.0005200000000000001
2044-07-16,0.0005099999999999999
2044-07-17,0.0005099999999999999
2044-07-18,0.0005
2044-07-19,0.0005
2044-07-20,0.00049
2044-07-21,0.00049
2044-07-22,0.00049
2044-07-23,0.00049
2044-07-24,0.00047999999999999996
2044-07-25,0.00047999999999999996
2044-07-26,0.00047999999999999996
2044-07-27,0.00047999999999999996
2044-07-28,0.00047999999999999996
2044-07-29,0.00047999999999999996
2044-07-30,0.00047999999999999996
2044-07-31,0.00047999999999999996
2044-08-01,0.00047999999999999996
2044-08-02,0.00047999999999999996
2044-08-03,0.00047999999999999996
2044-08-04,0.00047999999999999996
2044-08-05,0.00047999999999999996
2044-08-06,0.00047999999999999996
2044-08-07,0.00047999999999999996
2044-08-08,0.00047999999999999996
2044-08-09,0.00047999999999999996
2044-08-10,0.00047999999999999996
2044-08-11,0.00047999999999999996
2044-08-12,0.00047999999999999996
2044-08-13,0.00047999999999999996
2044-08-14,0.00047999999999999996
2044-08-15,0.00047999999999999996
2044-08-16,0.00047999999999999996
2044-08-17,0.00047999999999999996
2044-08-18,0.00047999999999999996
2044-08-19,0.00047999999999999996
2044-08-20,0.00047999999999999996
2044-08-21,0.00047999999999999996
2044-08-22,0.00047999999999999996
2044-08-23,0.00047999999999999996
2044-08-24,0.00047999999999999996
2044-08-25,0.00047999999999999996
2044-08-26,0.00047999999999999996
2044-08-27,0.00047999999999999996
2044-08-28,0.00047999999999999996
2044-08-29,0.00047999999999999996
2044-08-30,0.00047999999999999996
2044-08-31,0.00047999999999999996
2044-09-01,0.00047999999999999996
2044-09-02,0.0009
2044-09-03,0.00047999999999999996
2044-09-04,0.00139
2044-09-05,0.00047999999999999996
2044-09-06,0.00047000000000000004
2044-09-07,0.00047000000000000004
2044-09-08,0.00047000000000000004
2044-09-09,0.00047000000000000004
2044-09-10,0.00047000000000000004
2044-09-11,0.00159
2044-09-12,0.00047000000000000004
2044-09-13,0.00047000000000000004
2044-09-14,0.00047000000000000004
2044-09-15,0.00635
2044-09-16,0.00047000000000000004
2044-09-17,0.00047000000000000004
2044-09-18,0.00047000000000000004
2044-09-19,0.00047000000000000004
2044-09-20,0.00047000000000000004
2044-09-21,0.00047000000000000004
2044-09-22,0.00047000000000000004
2044-09-23,0.00047000000000000004
2044-09-24,0.00047000000000000004
2044-09-25,0.00047000000000000004
2044-09-26,0.00047000000000000004
2044-09-27,0.00047000000000000004
2044-09-28,0.00047000000000000004
2044-09-29,0.00047000000000000004
2044-09-30,0.00047000000000000004
2044-10-01,0.00047000000000000004
2044-10-02,0.00047000000000000004
2044-10-03,0.00047000000000000004
2044-10-04,0.00047000000000000004
2044-10-05,0.00047000000000000004
2044-10-06,0.00047000000000000004
2044-10-07,0.00047000000000000004
2044-10-08,0.00047000000000000004
2044-10-09,0.00047000000000000004
2044-10-10,0.00047000000000000004
2044-10-11,0.00047000000000000004
2044-10-12,0.00047000000000000004
2044-10-13,0.0016699999999999998
2044-10-14,0.00047000000000000004
2044-10-15,0.00196
2044-10-16,0.00047000000000000004
2044-10-17,0.0024
2044-10-18,0.00047000000000000004
2044-10-19,0.00047000000000000004
2044-10-20,0.00047000000000000004
2044-10-21,0.00047000000000000004
2044-10-22,0.00047000000000000004
2044-10-23,0.01395
2044-10-24,0.01264
2044-10-25,0.00047000000000000004
2044-10-26,0.00047000000000000004
2044-10-27,0.00047000000000000004
2044-10-28,0.0037700000000000003
2044-10-29,0.0101
2044-10-30,0.00047000000000000004
2044-10-31,0.00047000000000000004
2044-11-01,0.00047000000000000004
2044-11-02,0.00047000000000000004
2044-11-03,0.00047000000000000004
2044-11-04,0.00047999999999999996
2044-11-05,0.00047999999999999996
2044-11-06,0.00047999999999999996
2044-11-07,0.00047999999999999996
2044-11-08,0.00047999999999999996
2044-11-09,0.00047999999999999996
2044-11-10,0.00047999999999999996
2044-11-11,0.00047999999999999996
2044-11-12,0.00047999999999999996
2044-11-13,0.00494
2044-11-14,0.00047999999999999996
2044-11-15,0.00047999999999999996
2044-11-16,0.00047999999999999996
2044-11-17,0.00047999999999999996
2044-11-18,0.00047999999999999996
2044-11-19,0.00047999999999999996
2044-11-20,0.00047999999999999996
2044-11-21,0.00047999999999999996
2044-11-22,0.00047999999999999996
2044-11-23,0.02275
2044-11-24,0.01655
2044-11-25,0.00049
2044-11-26,0.0005
2044-11-27,0.0005
2044-11-28,0.00615
2044-11-29,0.00101
2044-11-30,0.00062
2044-12-01,0.0005200000000000001
2044-12-02,0.00465
2044-12-03,0.00053
2044-12-04,0.00126
2044-12-05,0.00058
2044-12-06,0.00054
2044-12-07,0.00054
2044-12-08,0.00054
2044-12-09,0.00054
2044-12-10,0.00055
2044-12-11,0.00055
2044-12-12,0.00772
2044-12-13,0.00303
2044-12-14,0.0016600000000000002
2044-12-15,0.00212
2044-12-16,0.0069900000000000006
2044-12-17,0.00509
2044-12-18,0.0031
2044-12-19,0.0009599999999999999
2044-12-20,0.00057
2044-12-21,0.00058
2044-12-22,0.00058
2044-12-23,0.00058
2044-12-24,0.00058
2044-12-25,0.00058
2044-12-26,0.00404
2044-12-27,0.00405
2044-12-28,0.014580000000000001
2044-12-29,0.00059
2044-12-30,0.00128
2044-12-31,0.00061
2045-01-01,0.00061
2045-01-02,0.00494
2045-01-03,0.001
2045-01-04,0.00075
2045-01-05,0.02698
2045-01-06,0.08602
2045-01-07,0.041010000000000005
2045-01-08,0.0009599999999999999
2045-01-09,0.00079
2045-01-10,0.0008
2045-01-11,0.00081
2045-01-12,0.00081
2045-01-13,0.00081
2045-01-14,0.00081
2045-01-15,0.00081
2045-01-16,0.00081
2045-01-17,0.0008
2045-01-18,0.0008
2045-01-19,0.0008
2045-01-20,0.0008
2045-01-21,0.00628
2045-01-22,0.00274
2045-01-23,0.0247
2045-01-24,0.13541
2045-01-25,0.041960000000000004
2045-01-26,0.00997
2045-01-27,0.03594
2045-01-28,0.00227
2045-01-29,0.00125
2045-01-30,0.00864
2045-01-31,0.028739999999999998
2045-02-01,0.2151
2045-02-02,0.16237000000000001
2045-02-03,0.02888
2045-02-04,0.0273
2045-02-05,0.022359999999999998
2045-02-06,0.023469999999999998
2045-02-07,0.02361
2045-02-08,0.022959999999999998
2045-02-09,0.02201
2045-02-10,0.0207
2045-02-11,0.01929
2045-02-12,0.0181
2045-02-13,0.028089999999999997
2045-02-14,0.0283
2045-02-15,0.01856
2045-02-16,0.01779
2045-02-17,0.017669999999999998
2045-02-18,0.01733
2045-02-19,0.01649
2045-02-20,0.01545
2045-02-21,0.014509999999999999
2045-02-22,0.01611
2045-02-23,0.0131
2045-02-24,0.018369999999999997
2045-02-25,0.01187
2045-02-26,0.011009999999999999
2045-02-27,0.01014
2045-02-28,0.00926
2045-03-01,0.00839
2045-03-02,0.007509999999999999
2045-03-03,0.006659999999999999
2045-03-04,0.00592
2045-03-05,0.00525
2045-03-06,0.00468
2045-03-07,0.02469
2045-03-08,0.022619999999999998
2045-03-09,0.0087
2045-03-10,0.00827
2045-03-11,0.049010000000000005
2045-03-12,0.042480000000000004
2045-03-13,0.02976
2045-03-14,0.029639999999999996
2045-03-15,0.03331
2045-03-16,0.029439999999999997
2045-03-17,0.02897
2045-03-18,0.02777
2045-03-19,0.0264
2045-03-20,0.02458
2045-03-21,0.022959999999999998
2045-03-22,0.021269999999999997
2045-03-23,0.01983
2045-03-24,0.06091
2045-03-25,0.07854
2045-03-26,0.10568
2045-03-27,0.06947
2045-03-28,0.07092000000000001
2045-03-29,0.06615
2045-03-30,0.06373
2045-03-31,0.0598
2045-04-01,0.054520000000000006
2045-04-02,0.049339999999999995
2045-04-03,0.044469999999999996
2045-04-04,0.04165
2045-04-05,0.0554
2045-04-06,0.04575
2045-04-07,0.03882
2045-04-08,0.03677
2045-04-09,0.035789999999999995
2045-04-10,0.03402
2045-04-11,0.031889999999999995
2045-04-12,0.0292
2045-04-13,0.03372
2045-04-14,0.02504
2045-04-15,0.0229
2045-04-16,0.02023
2045-04-17,0.01787
2045-04-18,0.01581
2045-04-19,0.013919999999999998
2045-04-20,0.01205
2045-04-21,0.01022
2045-04-22,0.00853
2045-04-23,0.00705
2045-04-24,0.00576
2045-04-25,0.00471
2045-04-26,0.0038799999999999998
2045-04-27,0.00313
2045-04-28,0.00247
2045-04-29,0.00201
2045-04-30,0.00175
2045-05-01,0.00175
2045-05-02,0.0019100000000000002
2045-05-03,0.00771
2045-05-04,0.00424
2045-05-05,0.0016
2045-05-06,0.0013599999999999999
2045-05-07,0.00143
2045-05-08,0.00321
2045-05-09,0.00126
2045-05-10,0.00123
2045-05-11,0.00121
2045-05-12,0.0012
2045-05-13,0.00118
2045-05-14,0.00117
2045-05-15,0.00116
2045-05-16,0.00115
2045-05-17,0.00114
2045-05-18,0.00112
2045-05-19,0.0011
2045-05-20,0.00109
2045-05-21,0.00107
2045-05-22,0.00106
2045-05-23,0.0010400000000000001
2045-05-24,0.00103
2045-05-25,0.0010199999999999999
2045-05-26,0.00101
2045-05-27,0.00099
2045-05-28,0.00098
2045-05-29,0.0009699999999999999
2045-05-30,0.0009599999999999999
2045-05-31,0.0009400000000000001
2045-06-01,0.0009199999999999999
2045-06-02,0.00091
2045-06-03,0.0008900000000000001
2045-06-04,0.0008699999999999999
2045-06-05,0.00086
2045-06-06,0.00084
2045-06-07,0.00082
2045-06-08,0.00349
2045-06-09,0.0008
2045-06-10,0.0069700000000000005
2045-06-11,0.00078
2045-06-12,0.0036299999999999995
2045-06-13,0.0007599999999999999
2045-06-14,0.00075
2045-06-15,0.00074
2045-06-16,0.00074
2045-06-17,0.00073
2045-06-18,0.0007099999999999999
2045-06-19,0.0007
2045-06-20,0.0006900000000000001
2045-06-21,0.00067
2045-06-22,0.00066
2045-06-23,0.00064
2045-06-24,0.00063
2045-06-25,0.00062
2045-06-26,0.00061
2045-06-27,0.0006
2045-06-28,0.00059
2045-06-29,0.00057
2045-06-30,0.00056
2045-07-01,0.00055
2045-07-02,0.00054
2045-07-03,0.00053
2045-07-04,0.0005200000000000001
2045-07-05,0.0005200000000000001
2045-07-06,0.0005099999999999999
2045-07-07,0.0005099999999999999
2045-07-08,0.0005
2045-07-09,0.0005
2045-07-10,0.00049
2045-07-11,0.00049
2045-07-12,0.00049
2045-07-13,0.00049
2045-07-14,0.00049
2045-07-15,0.00047999999999999996
2045-07-16,0.00047999999999999996
2045-07-17,0.00047999999999999996
2045-07-18,0.00047999999999999996
2045-07-19,0.00047999999999999996
2045-07-20,0.00047999999999999996
2045-07-21,0.00047999999999999996
2045-07-22,0.00047999999999999996
2045-07-23,0.00047999999999999996
2045-07-24,0.00047999999999999996
2045-07-25,0.00047999999999999996
2045-07-26,0.00047999999999999996
2045-07-27,0.00047999999999999996
2045-07-28,0.00047999999999999996
2045-07-29,0.00047999999999999996
2045-07-30,0.00047999999999999996
2045-07-31,0.00047999999999999996
2045-08-01,0.00047999999999999996
2045-08-02,0.00047999999999999996
2045-08-03,0.00047999999999999996
2045-08-04,0.00047999999999999996
2045-08-05,0.00047999999999999996
2045-08-06,0.00047999999999999996
2045-08-07,0.00047999999999999996
2045-08-08,0.00047999999999999996
2045-08-09,0.00047999999999999996
2045-08-10,0.00047999999999999996
2045-08-11,0.00047999999999999996
2045-08-12,0.00047999999999999996
2045-08-13,0.00047999999999999996
2045-08-14,0.00047999999999999996
2045-08-15,0.00047999999999999996
2045-08-16,0.00047999999999999996
2045-08-17,0.00047999999999999996
2045-08-18,0.00047999999999999996
2045-08-19,0.00047999999999999996
2045-08-20,0.00047999999999999996
2045-08-21,0.00047999999999999996
2045-08-22,0.00047999999999999996
2045-08-23,0.00047999999999999996
2045-08-24,0.00047999999999999996
2045-08-25,0.00047999999999999996
2045-08-26,0.00047999999999999996
2045-08-27,0.00047999999999999996
2045-08-28,0.00047000000000000004
2045-08-29,0.00047000000000000004
2045-08-30,0.00047000000000000004
2045-08-31,0.00047000000000000004
2045-09-01,0.00047000000000000004
2045-09-02,0.00047000000000000004
2045-09-03,0.00047000000000000004
2045-09-04,0.00047000000000000004
2045-09-05,0.00047000000000000004
2045-09-06,0.00047000000000000004
2045-09-07,0.00047000000000000004
2045-09-08,0.00047000000000000004
2045-09-09,0.00047000000000000004
2045-09-10,0.00047000000000000004
2045-09-11,0.0025
2045-09-12,0.00047000000000000004
2045-09-13,0.00047000000000000004
2045-09-14,0.00047000000000000004
2045-09-15,0.00047000000000000004
2045-09-16,0.00047000000000000004
2045-09-17,0.00047000000000000004
2045-09-18,0.00047000000000000004
2045-09-19,0.00047000000000000004
2045-09-20,0.00047000000000000004
2045-09-21,0.00047000000000000004
2045-09-22,0.00047000000000000004
2045-09-23,0.00047000000000000004
2045-09-24,0.00047000000000000004
2045-09-25,0.00047000000000000004
2045-09-26,0.00047000000000000004
2045-09-27,0.00047000000000000004
2045-09-28,0.00047000000000000004
2045-09-29,0.00047000000000000004
2045-09-30,0.00047000000000000004
2045-10-01,0.00047000000000000004
2045-10-02,0.00047000000000000004
2045-10-03,0.00047000000000000004
2045-10-04,0.00047000000000000004
2045-10-05,0.00047000000000000004
2045-10-06,0.00047000000000000004
2045-10-07,0.00047000000000000004
2045-10-08,0.00047000000000000004
2045-10-09,0.00047000000000000004
2045-10-10,0.00047000000000000004
2045-10-11,0.00047000000000000004
2045-10-12,0.00047000000000000004
2045-10-13,0.00047000000000000004
2045-10-14,0.00047000000000000004
2045-10-15,0.00047000000000000004
2045-10-16,0.00047000000000000004
2045-10-17,0.00047000000000000004
2045-10-18,0.00047000000000000004
2045-10-19,0.00047000000000000004
2045-10-20,0.00128
2045-10-21,0.00344
2045-10-22,0.00057
2045-10-23,0.00047000000000000004
2045-10-24,0.00047000000000000004
2045-10-25,0.00047000000000000004
2045-10-26,0.00047000000000000004
2045-10-27,0.00047000000000000004
2045-10-28,0.00047000000000000004
2045-10-29,0.00061
2045-10-30,0.00047000000000000004
2045-10-31,0.00047000000000000004
2045-11-01,0.00047000000000000004
2045-11-02,0.00047000000000000004
2045-11-03,0.007670000000000001
2045-11-04,0.00047000000000000004
2045-11-05,0.00047000000000000004
2045-11-06,0.00047000000000000004
2045-11-07,0.0532
2045-11-08,0.14432999999999999
2045-11-09,0.055020000000000006
2045-11-10,0.00101
2045-11-11,0.0006799999999999999
2045-11-12,0.0006900000000000001
2045-11-13,0.0007
2045-11-14,0.0007
2045-11-15,0.0007
2045-11-16,0.0007
2045-11-17,0.0007
2045-11-18,0.0007
2045-11-19,0.0007
2045-11-20,0.0007
2045-11-21,0.0007
2045-11-22,0.0007
2045-11-23,0.0007
2045-11-24,0.0007
2045-11-25,0.0006900000000000001
2045-11-26,0.03013
2045-11-27,0.01976
2045-11-28,0.02837
2045-11-29,0.04111
2045-11-30,0.008879999999999999
2045-12-01,0.00655
2045-12-02,0.00175
2045-12-03,0.00105
2045-12-04,0.001
2045-12-05,0.0008900000000000001
2045-12-06,0.00101
2045-12-07,0.00088
2045-12-08,0.0030399999999999997
2045-12-09,0.00088
2045-12-10,0.0008900000000000001
2045-12-11,0.0008900000000000001
2045-12-12,0.0008900000000000001
2045-12-13,0.0008900000000000001
2045-12-14,0.0008900000000000001
2045-12-15,0.0008900000000000001
2045-12-16,0.0008900000000000001
2045-12-17,0.0008900000000000001
2045-12-18,0.00088
2045-12-19,0.00088
2045-12-20,0.00088
2045-12-21,0.00088
2045-12-22,0.00088
2045-12-23,0.00088
2045-12-24,0.0008699999999999999
2045-12-25,0.0008699999999999999
2045-12-26,0.0008699999999999999
2045-12-27,0.0008699999999999999
2045-12-28,0.00086
2045-12-29,0.00086
2045-12-30,0.00086
2045-12-31,0.00086
2046-01-01,0.00086
2046-01-02,0.00086
2046-01-03,0.00085
2046-01-04,0.0009
2046-01-05,0.00085
2046-01-06,0.00159
2046-01-07,0.00229
2046-01-08,0.00137
2046-01-09,0.01678
2046-01-10,0.02768
2046-01-11,0.047560000000000005
2046-01-12,0.41665
2046-01-13,1.67642
2046-01-14,0.5687800000000001
2046-01-15,0.022680000000000002
2046-01-16,0.0048
2046-01-17,0.00626
2046-01-18,0.0069700000000000005
2046-01-19,0.01139
2046-01-20,0.01959
2046-01-21,0.008190000000000001
2046-01-22,0.009309999999999999
2046-01-23,0.00969
2046-01-24,0.01209
2046-01-25,0.01121
2046-01-26,0.01059
2046-01-27,0.010409999999999999
2046-01-28,0.01047
2046-01-29,0.01515
2046-01-30,0.08276
2046-01-31,0.17031
2046-02-01,0.06545
2046-02-02,0.0594
2046-02-03,0.07021000000000001
2046-02-04,0.06991
2046-02-05,0.06846000000000001
2046-02-06,0.06957
2046-02-07,0.08133
2046-02-08,0.07142000000000001
2046-02-09,0.06394
2046-02-10,0.06076
2046-02-11,0.0565
2046-02-12,0.055189999999999996
2046-02-13,0.07443999999999999
2046-02-14,0.05248
2046-02-15,0.050069999999999996
2046-02-16,0.04862
2046-02-17,0.0469
2046-02-18,0.04577
2046-02-19,0.05529
2046-02-20,0.07207999999999999
2046-02-21,0.07042000000000001
2046-02-22,0.09087
2046-02-23,0.18172
2046-02-24,0.21233000000000002
2046-02-25,0.15085
2046-02-26,0.12329000000000001
2046-02-27,0.12270999999999999
2046-02-28,0.12072000000000001
2046-03-01,0.114
2046-03-02,0.1033
2046-03-03,0.09214
2046-03-04,0.08196
2046-03-05,0.07341
2046-03-06,0.06541
2046-03-07,0.0583
2046-03-08,0.052989999999999995
2046-03-09,0.047510000000000004
2046-03-10,0.0437
2046-03-11,0.039619999999999995
2046-03-12,0.03634
2046-03-13,0.03422
2046-03-14,0.03403
2046-03-15,0.03441
2046-03-16,0.030060000000000003
2046-03-17,0.026160000000000003
2046-03-18,0.0239
2046-03-19,0.02146
2046-03-20,0.019280000000000002
2046-03-21,0.01738
2046-03-22,0.01577
2046-03-23,0.014190000000000001
2046-03-24,0.01255
2046-03-25,0.02553
2046-03-26,0.02429
2046-03-27,0.022000000000000002
2046-03-28,0.01699
2046-03-29,0.01714
2046-03-30,0.03305
2046-03-31,0.02363
2046-04-01,0.0201
2046-04-02,0.020309999999999998
2046-04-03,0.01952
2046-04-04,0.02284
2046-04-05,0.08403
2046-04-06,0.47467
2046-04-07,0.1679
2046-04-08,0.14092000000000002
2046-04-09,0.11752
2046-04-10,0.11174
2046-04-11,0.10205
2046-04-12,0.09158
2046-04-13,0.08542000000000001
2046-04-14,0.07507
2046-04-15,0.08611
2046-04-16,0.13229000000000002
2046-04-17,0.11475999999999999
2046-04-18,0.09656
2046-04-19,0.09437000000000001
2046-04-20,0.08678999999999999
2046-04-21,0.0903
2046-04-22,0.07517
2046-04-23,0.07621
2046-04-24,0.07164
2046-04-25,0.0706
2046-04-26,0.06563
2046-04-27,0.05906
2046-04-28,0.05922
2046-04-29,0.05329
2046-04-30,0.05118
2046-05-01,0.05242
2046-05-02,0.050289999999999994
2046-05-03,0.042839999999999996
2046-05-04,0.03929
2046-05-05,0.03642
2046-05-06,0.03238
2046-05-07,0.03172
2046-05-08,0.07205
2046-05-09,0.06431
2046-05-10,0.042460000000000005
2046-05-11,0.04372
2046-05-12,0.0412
2046-05-13,0.04099
2046-05-14,0.03656
2046-05-15,0.03607
2046-05-16,0.03209
2046-05-17,0.029210000000000003
2046-05-18,0.025730000000000003
2046-05-19,0.02189
2046-05-20,0.01819
2046-05-21,0.01485
2046-05-22,0.011940000000000001
2046-05-23,0.00969
2046-05-24,0.00796
2046-05-25,0.00627
2046-05-26,0.0046700000000000005
2046-05-27,0.00331
2046-05-28,0.0022600000000000003
2046-05-29,0.00158
2046-05-30,0.0012900000000000001
2046-05-31,0.00122
2046-06-01,0.00121
2046-06-02,0.00119
2046-06-03,0.00118
2046-06-04,0.00116
2046-06-05,0.00114
2046-06-06,0.0011300000000000001
2046-06-07,0.0011099999999999999
2046-06-08,0.0011
2046-06-09,0.00109
2046-06-10,0.00285
2046-06-11,0.00107
2046-06-12,0.00106
2046-06-13,0.0010400000000000001
2046-06-14,0.00103
2046-06-15,0.00101
2046-06-16,0.00317
2046-06-17,0.00098
2046-06-18,0.0009699999999999999
2046-06-19,0.0009599999999999999
2046-06-20,0.0009400000000000001
2046-06-21,0.0009199999999999999
2046-06-22,0.0009
2046-06-23,0.0008900000000000001
2046-06-24,0.0008699999999999999
2046-06-25,0.00085
2046-06-26,0.00084
2046-06-27,0.00082
2046-06-28,0.0008
2046-06-29,0.00078
2046-06-30,0.0007700000000000001
2046-07-01,0.00075
2046-07-02,0.00073
2046-07-03,0.0007099999999999999
2046-07-04,0.0007
2046-07-05,0.0006900000000000001
2046-07-06,0.00067
2046-07-07,0.00066
2046-07-08,0.00065
2046-07-09,0.00064
2046-07-10,0.00062
2046-07-11,0.00061
2046-07-12,0.0006
2046-07-13,0.00058
2046-07-14,0.00057
2046-07-15,0.00056
2046-07-16,0.00055
2046-07-17,0.00054
2046-07-18,0.00053
2046-07-19,0.0005200000000000001
2046-07-20,0.0005200000000000001
2046-07-21,0.0005099999999999999
2046-07-22,0.0005099999999999999
2046-07-23,0.0005
2046-07-24,0.0005
2046-07-25,0.00049
2046-07-26,0.00049
2046-07-27,0.00049
2046-07-28,0.00049
2046-07-29,0.00047999999999999996
2046-07-30,0.00047999999999999996
2046-07-31,0.00047999999999999996
2046-08-01,0.00047999999999999996
2046-08-02,0.00047999999999999996
2046-08-03,0.00262
2046-08-04,0.00047999999999999996
2046-08-05,0.00047999999999999996
2046-08-06,0.00047999999999999996
2046-08-07,0.00047999999999999996
2046-08-08,0.00047999999999999996
2046-08-09,0.00047999999999999996
2046-08-10,0.00047999999999999996
2046-08-11,0.00047999999999999996
2046-08-12,0.00047999999999999996
2046-08-13,0.00047999999999999996
2046-08-14,0.00047999999999999996
2046-08-15,0.00047999999999999996
2046-08-16,0.00047999999999999996
2046-08-17,0.00047999999999999996
2046-08-18,0.00047999999999999996
2046-08-19,0.00047999999999999996
2046-08-20,0.00047999999999999996
2046-08-21,0.00047999999999999996
2046-08-22,0.00047999999999999996
2046-08-23,0.00047999999999999996
2046-08-24,0.00047999999999999996
2046-08-25,0.00047999999999999996
2046-08-26,0.00047999999999999996
2046-08-27,0.00047999999999999996
2046-08-28,0.00047999999999999996
2046-08-29,0.00047999999999999996
2046-08-30,0.00047999999999999996
2046-08-31,0.00047999999999999996
2046-09-01,0.0021899999999999997
2046-09-02,0.00047999999999999996
2046-09-03,0.00047999999999999996
2046-09-04,0.00047999999999999996
2046-09-05,0.00047999999999999996
2046-09-06,0.00047999999999999996
2046-09-07,0.00047999999999999996
2046-09-08,0.00047999999999999996
2046-09-09,0.00047999999999999996
2046-09-10,0.00047999999999999996
2046-09-11,0.00047999999999999996
2046-09-12,0.00047000000000000004
2046-09-13,0.00047000000000000004
2046-09-14,0.00047000000000000004
2046-09-15,0.00047000000000000004
2046-09-16,0.00047000000000000004
2046-09-17,0.00047000000000000004
2046-09-18,0.00047000000000000004
2046-09-19,0.00047000000000000004
2046-09-20,0.00047000000000000004
2046-09-21,0.00047000000000000004
2046-09-22,0.00047000000000000004
2046-09-23,0.00047000000000000004
2046-09-24,0.00047000000000000004
2046-09-25,0.00047000000000000004
2046-09-26,0.00047000000000000004
2046-09-27,0.00047000000000000004
2046-09-28,0.00047000000000000004
2046-09-29,0.00047000000000000004
2046-09-30,0.00047000000000000004
2046-10-01,0.00047000000000000004
2046-10-02,0.00047000000000000004
2046-10-03,0.00047000000000000004
2046-10-04,0.00047000000000000004
2046-10-05,0.00047000000000000004
2046-10-06,0.00047000000000000004
2046-10-07,0.00047000000000000004
2046-10-08,0.00047000000000000004
2046-10-09,0.00047000000000000004
2046-10-10,0.00047000000000000004
2046-10-11,0.00047000000000000004
2046-10-12,0.00047000000000000004
2046-10-13,0.00047000000000000004
2046-10-14,0.02189
2046-10-15,0.0050799999999999994
2046-10-16,0.00047000000000000004
2046-10-17,0.00047000000000000004
2046-10-18,0.00128
2046-10-19,0.00047000000000000004
2046-10-20,0.00047000000000000004
2046-10-21,0.00047000000000000004
2046-10-22,0.00047000000000000004
2046-10-23,0.00047000000000000004
2046-10-24,0.00047000000000000004
2046-10-25,0.00047000000000000004
2046-10-26,0.00047000000000000004
2046-10-27,0.00047000000000000004
2046-10-28,0.00047000000000000004
2046-10-29,0.00047000000000000004
2046-10-30,0.00047000000000000004
2046-10-31,0.00047000000000000004
2046-11-01,0.00047000000000000004
2046-11-02,0.00047000000000000004
2046-11-03,0.00047000000000000004
2046-11-04,0.00047000000000000004
2046-11-05,0.00047000000000000004
2046-11-06,0.00047000000000000004
2046-11-07,0.00047000000000000004
2046-11-08,0.00047000000000000004
2046-11-09,0.02097
2046-11-10,0.051089999999999997
2046-11-11,0.00665
2046-11-12,0.0005099999999999999
2046-11-13,0.0005200000000000001
2046-11-14,0.029539999999999997
2046-11-15,0.07677
2046-11-16,0.14853
2046-11-17,0.36908
2046-11-18,0.29247
2046-11-19,0.04704
2046-11-20,0.009770000000000001
2046-11-21,0.0010400000000000001
2046-11-22,0.00106
2046-11-23,0.00106
2046-11-24,0.00107
2046-11-25,0.00107
2046-11-26,0.0050100000000000006
2046-11-27,0.00367
2046-11-28,0.00108
2046-11-29,0.00109
2046-11-30,0.00109
2046-12-01,0.00757
2046-12-02,0.026510000000000002
2046-12-03,0.010329999999999999
2046-12-04,0.03071
2046-12-05,0.06277
2046-12-06,0.10096000000000001
2046-12-07,0.12930999999999998
2046-12-08,0.03785
2046-12-09,0.04503
2046-12-10,0.05851
2046-12-11,0.04326
2046-12-12,0.04478
2046-12-13,0.04405
2046-12-14,0.04432
2046-12-15,0.04033
2046-12-16,0.03866
2046-12-17,0.03676
2046-12-18,0.03474
2046-12-19,0.0357
2046-12-20,0.07855
2046-12-21,0.24514
2046-12-22,0.31645999999999996
2046-12-23,0.23084000000000002
2046-12-24,0.25532
2046-12-25,0.22603
2046-12-26,0.12467
2046-12-27,0.12315
2046-12-28,0.12245
2046-12-29,0.12204000000000001
2046-12-30,0.12142
2046-12-31,0.11732000000000001
2047-01-01,0.10834
2047-01-02,0.09859
2047-01-03,0.08928
2047-01-04,0.08065
2047-01-05,0.07287
2047-01-06,0.06607
2047-01-07,0.060289999999999996
2047-01-08,0.06381
2047-01-09,0.06661
2047-01-10,0.12234
2047-01-11,0.20529
2047-01-12,0.11125
2047-01-13,0.11277999999999999
2047-01-14,0.10522999999999999
2047-01-15,0.1187
2047-01-16,0.25016
2047-01-17,0.58205
2047-01-18,0.6343300000000001
2047-01-19,0.24948
2047-01-20,0.12343
2047-01-21,0.12343
2047-01-22,0.12343
2047-01-23,0.12343
2047-01-24,0.12280999999999999
2047-01-25,0.11609000000000001
2047-01-26,0.10524000000000001
2047-01-27,0.09464
2047-01-28,0.08542999999999999
2047-01-29,0.07727
2047-01-30,0.06994
2047-01-31,0.06312000000000001
2047-02-01,0.05708
2047-02-02,0.052000000000000005
2047-02-03,0.04757
2047-02-04,0.04386
2047-02-05,0.040510000000000004
2047-02-06,0.037989999999999996
2047-02-07,0.03515
2047-02-08,0.0328
2047-02-09,0.03071
2047-02-10,0.028630000000000003
2047-02-11,0.027410000000000004
2047-02-12,0.02539
2047-02-13,0.02349
2047-02-14,0.02168
2047-02-15,0.02
2047-02-16,0.01847
2047-02-17,0.01703
2047-02-18,0.01567
2047-02-19,0.01444
2047-02-20,0.01461
2047-02-21,0.0123
2047-02-22,0.01624
2047-02-23,0.020880000000000003
2047-02-24,0.01035
2047-02-25,0.0117
2047-02-26,0.02274
2047-02-27,0.021759999999999998
2047-02-28,0.01289
2047-03-01,0.01184
2047-03-02,0.01231
2047-03-03,0.01235
2047-03-04,0.01205
2047-03-05,0.01154
2047-03-06,0.01113
2047-03-07,0.01056
2047-03-08,0.00996
2047-03-09,0.00936
2047-03-10,0.00892
2047-03-11,0.00847
2047-03-12,0.00783
2047-03-13,0.00719
2047-03-14,0.01697
2047-03-15,0.014719999999999999
2047-03-16,0.07726
2047-03-17,0.14074
2047-03-18,0.0768
2047-03-19,0.05542999999999999
2047-03-20,0.05736
2047-03-21,0.05466
2047-03-22,0.05094
2047-03-23,0.047439999999999996
2047-03-24,0.04388
2047-03-25,0.040639999999999996
2047-03-26,0.03913
2047-03-27,0.03508
2047-03-28,0.03199
2047-03-29,0.028730000000000002
2047-03-30,0.025509999999999998
2047-03-31,0.02256
2047-04-01,0.01976
2047-04-02,0.01754
2047-04-03,0.0327
2047-04-04,0.076
2047-04-05,0.028419999999999997
2047-04-06,0.0293
2047-04-07,0.046810000000000004
2047-04-08,0.03323
2047-04-09,0.03329
2047-04-10,0.03285
2047-04-11,0.031010000000000003
2047-04-12,0.032560000000000006
2047-04-13,0.02685
2047-04-14,0.02426
2047-04-15,0.02132
2047-04-16,0.018580000000000003
2047-04-17,0.0168
2047-04-18,0.013980000000000001
2047-04-19,0.01201
2047-04-20,0.010320000000000001
2047-04-21,0.00872
2047-04-22,0.008329999999999999
2047-04-23,0.011040000000000001
2047-04-24,0.02138
2047-04-25,0.01853
2047-04-26,0.00686
2047-04-27,0.006840000000000001
2047-04-28,0.00615
2047-04-29,0.00528
2047-04-30,0.00432
2047-05-01,0.007690000000000001
2047-05-02,0.0027199999999999998
2047-05-03,0.00298
2047-05-04,0.0018899999999999998
2047-05-05,0.0016699999999999998
2047-05-06,0.00156
2047-05-07,0.0013800000000000002
2047-05-08,0.00128
2047-05-09,0.00124
2047-05-10,0.00122
2047-05-11,0.00121
2047-05-12,0.0012
2047-05-13,0.00121
2047-05-14,0.00119
2047-05-15,0.00118
2047-05-16,0.00117
2047-05-17,0.00116
2047-05-18,0.00114
2047-05-19,0.0011300000000000001
2047-05-20,0.00112
2047-05-21,0.0011099999999999999
2047-05-22,0.0011
2047-05-23,0.00109
2047-05-24,0.00107
2047-05-25,0.00106
2047-05-26,0.0010400000000000001
2047-05-27,0.00103
2047-05-28,0.00101
2047-05-29,0.001
2047-05-30,0.00098
2047-05-31,0.0009599999999999999
2047-06-01,0.0009400000000000001
2047-06-02,0.0009199999999999999
2047-06-03,0.00091
2047-06-04,0.0008900000000000001
2047-06-05,0.00088
2047-06-06,0.00086
2047-06-07,0.00085
2047-06-08,0.0008300000000000001
2047-06-09,0.00081
2047-06-10,0.00079
2047-06-11,0.00078
2047-06-12,0.00122
2047-06-13,0.0007599999999999999
2047-06-14,0.00075
2047-06-15,0.00073
2047-06-16,0.00072
2047-06-17,0.0007
2047-06-18,0.0006900000000000001
2047-06-19,0.00067
2047-06-20,0.00066
2047-06-21,0.00064
2047-06-22,0.00062
2047-06-23,0.00061
2047-06-24,0.00255
2047-06-25,0.00058
2047-06-26,0.00057
2047-06-27,0.00056
2047-06-28,0.00055
2047-06-29,0.00054
2047-06-30,0.0016600000000000002
2047-07-01,0.0005200000000000001
2047-07-02,0.0005200000000000001
2047-07-03,0.0005099999999999999
2047-07-04,0.0005099999999999999
2047-07-05,0.00057
2047-07-06,0.0005
2047-07-07,0.00049
2047-07-08,0.00049
2047-07-09,0.00049
2047-07-10,0.00049
2047-07-11,0.00047999999999999996
2047-07-12,0.00047999999999999996
2047-07-13,0.0079
2047-07-14,0.00047999999999999996
2047-07-15,0.00047999999999999996
2047-07-16,0.00047999999999999996
2047-07-17,0.00047999999999999996
2047-07-18,0.00047999999999999996
2047-07-19,0.00047999999999999996
2047-07-20,0.00047999999999999996
2047-07-21,0.00047999999999999996
2047-07-22,0.00047999999999999996
2047-07-23,0.00047999999999999996
2047-07-24,0.00047999999999999996
2047-07-25,0.00047999999999999996
2047-07-26,0.00047999999999999996
2047-07-27,0.00047999999999999996
2047-07-28,0.00047999999999999996
2047-07-29,0.00047999999999999996
2047-07-30,0.00047999999999999996
2047-07-31,0.00047999999999999996
2047-08-01,0.00047999999999999996
2047-08-02,0.00047999999999999996
2047-08-03,0.00047999999999999996
2047-08-04,0.00047999999999999996
2047-08-05,0.00047999999999999996
2047-08-06,0.00047999999999999996
2047-08-07,0.00047999999999999996
2047-08-08,0.00047999999999999996
2047-08-09,0.00047999999999999996
2047-08-10,0.00047999999999999996
2047-08-11,0.00047999999999999996
2047-08-12,0.00047999999999999996
2047-08-13,0.00047999999999999996
2047-08-14,0.00047999999999999996
2047-08-15,0.00047999999999999996
2047-08-16,0.00047999999999999996
2047-08-17,0.00047999999999999996
2047-08-18,0.00047999999999999996
2047-08-19,0.00047999999999999996
2047-08-20,0.00047999999999999996
2047-08-21,0.00047999999999999996
2047-08-22,0.00047999999999999996
2047-08-23,0.00047999999999999996
2047-08-24,0.00047999999999999996
2047-08-25,0.00047999999999999996
2047-08-26,0.00047000000000000004
2047-08-27,0.00047000000000000004
2047-08-28,0.00047000000000000004
2047-08-29,0.00047000000000000004
2047-08-30,0.00047000000000000004
2047-08-31,0.00047000000000000004
2047-09-01,0.00047000000000000004
2047-09-02,0.00047000000000000004
2047-09-03,0.00047000000000000004
2047-09-04,0.00047000000000000004
2047-09-05,0.00047000000000000004
2047-09-06,0.00047000000000000004
2047-09-07,0.00047000000000000004
2047-09-08,0.00047000000000000004
2047-09-09,0.00047000000000000004
2047-09-10,0.00047000000000000004
2047-09-11,0.00047000000000000004
2047-09-12,0.00047000000000000004
2047-09-13,0.01119
2047-09-14,0.00047000000000000004
2047-09-15,0.00047000000000000004
2047-09-16,0.00047000000000000004
2047-09-17,0.00047000000000000004
2047-09-18,0.00047000000000000004
2047-09-19,0.00047000000000000004
2047-09-20,0.00047000000000000004
2047-09-21,0.00047000000000000004
2047-09-22,0.00047000000000000004
2047-09-23,0.00047000000000000004
2047-09-24,0.00047000000000000004
2047-09-25,0.00047000000000000004
2047-09-26,0.00047000000000000004
2047-09-27,0.00047000000000000004
2047-09-28,0.00047000000000000004
2047-09-29,0.00047000000000000004
2047-09-30,0.00047000000000000004
2047-10-01,0.00047000000000000004
2047-10-02,0.00047000000000000004
2047-10-03,0.00047000000000000004
2047-10-04,0.0005200000000000001
2047-10-05,0.00047000000000000004
2047-10-06,0.00047000000000000004
2047-10-07,0.00047000000000000004
2047-10-08,0.00047000000000000004
2047-10-09,0.00047000000000000004
2047-10-10,0.00047000000000000004
2047-10-11,0.00047000000000000004
2047-10-12,0.00047000000000000004
2047-10-13,0.00047000000000000004
2047-10-14,0.00047000000000000004
2047-10-15,0.00047000000000000004
2047-10-16,0.00047000000000000004
2047-10-17,0.00047000000000000004
2047-10-18,0.00047000000000000004
2047-10-19,0.00047000000000000004
2047-10-20,0.00047000000000000004
2047-10-21,0.00047000000000000004
2047-10-22,0.00047000000000000004
2047-10-23,0.00047000000000000004
2047-10-24,0.00047000000000000004
2047-10-25,0.00047000000000000004
2047-10-26,0.00047000000000000004
2047-10-27,0.00047000000000000004
2047-10-28,0.00047000000000000004
2047-10-29,0.00047000000000000004
2047-10-30,0.00047000000000000004
2047-10-31,0.00047000000000000004
2047-11-01,0.00047000000000000004
2047-11-02,0.00047000000000000004
2047-11-03,0.00047000000000000004
2047-11-04,0.00047000000000000004
2047-11-05,0.00047000000000000004
2047-11-06,0.00047000000000000004
2047-11-07,0.00047000000000000004
2047-11-08,0.00047000000000000004
2047-11-09,0.0026100000000000003
2047-11-10,0.00061
2047-11-11,0.0005200000000000001
2047-11-12,0.00047000000000000004
2047-11-13,0.00047000000000000004
2047-11-14,0.00047000000000000004
2047-11-15,0.00047000000000000004
2047-11-16,0.00047000000000000004
2047-11-17,0.00047000000000000004
2047-11-18,0.00047000000000000004
2047-11-19,0.00082
2047-11-20,0.00047000000000000004
2047-11-21,0.00047000000000000004
2047-11-22,0.01267
2047-11-23,0.01269
2047-11-24,0.0033799999999999998
2047-11-25,0.0036899999999999997
2047-11-26,0.03926
2047-11-27,0.00047000000000000004
2047-11-28,0.08325
2047-11-29,0.13174
2047-11-30,0.31104
2047-12-01,0.12154000000000001
2047-12-02,0.22833
2047-12-03,0.04231
2047-12-04,0.00151
2047-12-05,0.0013800000000000002
2047-12-06,0.00108
2047-12-07,0.01521
2047-12-08,0.00205
2047-12-09,0.00116
2047-12-10,0.00599
2047-12-11,0.05062
2047-12-12,0.0438
2047-12-13,0.0183
2047-12-14,0.00792
2047-12-15,0.012459999999999999
2047-12-16,0.0049299999999999995
2047-12-17,0.00514
2047-12-18,0.0058200000000000005
2047-12-19,0.00701
2047-12-20,0.01461
2047-12-21,0.03543
2047-12-22,0.0352
2047-12-23,0.033319999999999995
2047-12-24,0.02221
2047-12-25,0.04805
2047-12-26,0.03223
2047-12-27,0.03853
2047-12-28,0.08139
2047-12-29,0.05108
2047-12-30,0.05495
2047-12-31,0.05849
2048-01-01,0.05706
2048-01-02,0.054279999999999995
2048-01-03,0.05037
2048-01-04,0.04843
2048-01-05,0.04605
2048-01-06,0.04378
2048-01-07,0.04155
2048-01-08,0.0394
2048-01-09,0.03789
2048-01-10,0.06591
2048-01-11,0.0472
2048-01-12,0.04384
2048-01-13,0.04838
2048-01-14,0.04333
2048-01-15,0.04682
2048-01-16,0.04935
2048-01-17,0.04518
2048-01-18,0.04359
2048-01-19,0.04386
2048-01-20,0.04136
2048-01-21,0.057960000000000005
2048-01-22,0.05935
2048-01-23,0.04467
2048-01-24,0.04698
2048-01-25,0.04856
2048-01-26,0.0479
2048-01-27,0.043789999999999996
2048-01-28,0.04199
2048-01-29,0.0401
2048-01-30,0.03809
2048-01-31,0.03585
2048-02-01,0.03355
2048-02-02,0.03134
2048-02-03,0.02935
2048-02-04,0.027639999999999998
2048-02-05,0.029769999999999998
2048-02-06,0.032889999999999996
2048-02-07,0.036680000000000004
2048-02-08,0.040260000000000004
2048-02-09,0.027630000000000002
2048-02-10,0.0286
2048-02-11,0.029580000000000002
2048-02-12,0.032619999999999996
2048-02-13,0.04748
2048-02-14,0.04557
2048-02-15,0.04687
2048-02-16,0.04846
2048-02-17,0.04566
2048-02-18,0.04255
2048-02-19,0.04059
2048-02-20,0.04477
2048-02-21,0.039810000000000005
2048-02-22,0.03952
2048-02-23,0.03965
2048-02-24,0.034910000000000004
2048-02-25,0.0364
2048-02-26,0.04344
2048-02-27,0.04467
2048-02-28,0.03345
2048-02-29,0.03399
2048-03-01,0.0333
2048-03-02,0.03273
2048-03-03,0.036719999999999996
2048-03-04,0.04732
2048-03-05,0.03645
2048-03-06,0.03259
2048-03-07,0.03202
2048-03-08,0.03121
2048-03-09,0.029889999999999996
2048-03-10,0.028319999999999998
2048-03-11,0.02665
2048-03-12,0.02497
2048-03-13,0.02344
2048-03-14,0.02188
2048-03-15,0.02027
2048-03-16,0.018940000000000002
2048-03-17,0.01753
2048-03-18,0.01653
2048-03-19,0.01577
2048-03-20,0.02578
2048-03-21,0.030989999999999997
2048-03-22,0.0233
2048-03-23,0.02001
2048-03-24,0.01804
2048-03-25,0.018090000000000002
2048-03-26,0.01796
2048-03-27,0.02147
2048-03-28,0.0176
2048-03-29,0.031030000000000002
2048-03-30,0.01775
2048-03-31,0.042660000000000003
2048-04-01,0.02214
2048-04-02,0.02242
2048-04-03,0.022369999999999998
2048-04-04,0.03822
2048-04-05,0.08876
2048-04-06,0.041839999999999995
2048-04-07,0.04425
2048-04-08,0.044289999999999996
2048-04-09,0.04212
2048-04-10,0.03883
2048-04-11,0.035410000000000004
2048-04-12,0.0321
2048-04-13,0.028569999999999998
2048-04-14,0.02494
2048-04-15,0.02164
2048-04-16,0.01889
2048-04-17,0.01661
2048-04-18,0.02754
2048-04-19,0.0337
2048-04-20,0.02938
2048-04-21,0.021490000000000002
2048-04-22,0.040780000000000004
2048-04-23,0.053579999999999996
2048-04-24,0.04256
2048-04-25,0.04381
2048-04-26,0.03883
2048-04-27,0.037989999999999996
2048-04-28,0.0355
2048-04-29,0.03228
2048-04-30,0.02925
2048-05-01,0.026119999999999997
2048-05-02,0.02289
2048-05-03,0.020069999999999998
2048-05-04,0.017240000000000002
2048-05-05,0.01445
2048-05-06,0.01218
2048-05-07,0.010459999999999999
2048-05-08,0.00892
2048-05-09,0.00742
2048-05-10,0.006
2048-05-11,0.00465
2048-05-12,0.00346
2048-05-13,0.00271
2048-05-14,0.01702
2048-05-15,0.013219999999999999
2048-05-16,0.00398
2048-05-17,0.00223
2048-05-18,0.01324
2048-05-19,0.00201
2048-05-20,0.0018100000000000002
2048-05-21,0.00157
2048-05-22,0.0013800000000000002
2048-05-23,0.00125
2048-05-24,0.00121
2048-05-25,0.00119
2048-05-26,0.00118
2048-05-27,0.00117
2048-05-28,0.00116
2048-05-29,0.00115
2048-05-30,0.00213
2048-05-31,0.0011300000000000001
2048-06-01,0.0011099999999999999
2048-06-02,0.0011
2048-06-03,0.00108
2048-06-04,0.010579999999999999
2048-06-05,0.00106
2048-06-06,0.00106
2048-06-07,0.0010400000000000001
2048-06-08,0.00103
2048-06-09,0.0010400000000000001
2048-06-10,0.00101
2048-06-11,0.00099
2048-06-12,0.00098
2048-06-13,0.0009699999999999999
2048-06-14,0.0009599999999999999
2048-06-15,0.0009400000000000001
2048-06-16,0.00093
2048-06-17,0.0009199999999999999
2048-06-18,0.00091
2048-06-19,0.0008900000000000001
2048-06-20,0.00088
2048-06-21,0.00086
2048-06-22,0.00085
2048-06-23,0.0008300000000000001
2048-06-24,0.00082
2048-06-25,0.0008
2048-06-26,0.00078
2048-06-27,0.0007700000000000001
2048-06-28,0.00075
2048-06-29,0.00073
2048-06-30,0.00072
2048-07-01,0.0007
2048-07-02,0.0006900000000000001
2048-07-03,0.00067
2048-07-04,0.00066
2048-07-05,0.00064
2048-07-06,0.00063
2048-07-07,0.00061
2048-07-08,0.0006
2048-07-09,0.00059
2048-07-10,0.00057
2048-07-11,0.00056
2048-07-12,0.00055
2048-07-13,0.00054
2048-07-14,0.00053
2048-07-15,0.00053
2048-07-16,0.0005200000000000001
2048-07-17,0.0005099999999999999
2048-07-18,0.0005099999999999999
2048-07-19,0.0005
2048-07-20,0.0005
2048-07-21,0.00049
2048-07-22,0.00049
2048-07-23,0.00049
2048-07-24,0.00049
2048-07-25,0.00047999999999999996
2048-07-26,0.00047999999999999996
2048-07-27,0.00047999999999999996
2048-07-28,0.00047999999999999996
2048-07-29,0.00047999999999999996
2048-07-30,0.00047999999999999996
2048-07-31,0.00047999999999999996
2048-08-01,0.00047999999999999996
2048-08-02,0.00047999999999999996
2048-08-03,0.00047999999999999996
2048-08-04,0.00047999999999999996
2048-08-05,0.00047999999999999996
2048-08-06,0.00047999999999999996
2048-08-07,0.00047999999999999996
2048-08-08,0.00047999999999999996
2048-08-09,0.00047999999999999996
2048-08-10,0.00047999999999999996
2048-08-11,0.00047999999999999996
2048-08-12,0.00047999999999999996
2048-08-13,0.00047999999999999996
2048-08-14,0.00047999999999999996
2048-08-15,0.00047999999999999996
2048-08-16,0.00047999999999999996
2048-08-17,0.00047999999999999996
2048-08-18,0.00047999999999999996
2048-08-19,0.00047999999999999996
2048-08-20,0.00047999999999999996
2048-08-21,0.00047999999999999996
2048-08-22,0.00047999999999999996
2048-08-23,0.00047999999999999996
2048-08-24,0.00047999999999999996
2048-08-25,0.00047999999999999996
2048-08-26,0.00047999999999999996
2048-08-27,0.00047999999999999996
2048-08-28,0.00047999999999999996
2048-08-29,0.00047999999999999996
2048-08-30,0.00047999999999999996
2048-08-31,0.00047999999999999996
2048-09-01,0.00047999999999999996
2048-09-02,0.00047999999999999996
2048-09-03,0.00047999999999999996
2048-09-04,0.00047999999999999996
2048-09-05,0.00047999999999999996
2048-09-06,0.00047999999999999996
2048-09-07,0.00047000000000000004
2048-09-08,0.00047000000000000004
2048-09-09,0.00047000000000000004
2048-09-10,0.00047000000000000004
2048-09-11,0.00047000000000000004
2048-09-12,0.00047000000000000004
2048-09-13,0.00047000000000000004
2048-09-14,0.00047000000000000004
2048-09-15,0.00047000000000000004
2048-09-16,0.00047000000000000004
2048-09-17,0.00047000000000000004
2048-09-18,0.00047000000000000004
2048-09-19,0.00047000000000000004
2048-09-20,0.00047000000000000004
2048-09-21,0.00047000000000000004
2048-09-22,0.00047000000000000004
2048-09-23,0.00047000000000000004
2048-09-24,0.00047000000000000004
2048-09-25,0.01209
2048-09-26,0.00551
2048-09-27,0.00262
2048-09-28,0.00047000000000000004
2048-09-29,0.00047000000000000004
2048-09-30,0.00047000000000000004
2048-10-01,0.00047000000000000004
2048-10-02,0.00047000000000000004
2048-10-03,0.00047000000000000004
2048-10-04,0.00047000000000000004
2048-10-05,0.00047000000000000004
2048-10-06,0.00264
2048-10-07,0.00047000000000000004
2048-10-08,0.00047000000000000004
2048-10-09,0.00047000000000000004
2048-10-10,0.00047000000000000004
2048-10-11,0.00047000000000000004
2048-10-12,0.00047000000000000004
2048-10-13,0.00047000000000000004
2048-10-14,0.00047000000000000004
2048-10-15,0.00047000000000000004
2048-10-16,0.00047000000000000004
2048-10-17,0.00047000000000000004
2048-10-18,0.00047000000000000004
2048-10-19,0.00047000000000000004
2048-10-20,0.00047000000000000004
2048-10-21,0.00047000000000000004
2048-10-22,0.00047000000000000004
2048-10-23,0.00047000000000000004
2048-10-24,0.01842
2048-10-25,0.05831
2048-10-26,0.0342
2048-10-27,0.00053
2048-10-28,0.00055
2048-10-29,0.01028
2048-10-30,0.03658
2048-10-31,0.021159999999999998
2048-11-01,0.00151
2048-11-02,0.00148
2048-11-03,0.02817
2048-11-04,0.0232
2048-11-05,0.05797000000000001
2048-11-06,0.058410000000000004
2048-11-07,0.01272
2048-11-08,0.0224
2048-11-09,0.00971
2048-11-10,0.00093
2048-11-11,0.0009400000000000001
2048-11-12,0.0009400000000000001
2048-11-13,0.00095
2048-11-14,0.00095
2048-11-15,0.00095
2048-11-16,0.0009599999999999999
2048-11-17,0.00095
2048-11-18,0.00095
2048-11-19,0.00095
2048-11-20,0.0009599999999999999
2048-11-21,0.00157
2048-11-22,0.007640000000000001
2048-11-23,0.005379999999999999
2048-11-24,0.0009599999999999999
2048-11-25,0.0009599999999999999
2048-11-26,0.0009599999999999999
2048-11-27,0.0009599999999999999
2048-11-28,0.0009599999999999999
2048-11-29,0.00351
2048-11-30,0.0025
2048-12-01,0.02383
2048-12-02,0.06638
2048-12-03,0.0024100000000000002
2048-12-04,0.00106
2048-12-05,0.00151
2048-12-06,0.00108
2048-12-07,0.013040000000000001
2048-12-08,0.00109
2048-12-09,0.01658
2048-12-10,0.03063
2048-12-11,0.00159
2048-12-12,0.00598
2048-12-13,0.03586
2048-12-14,0.0065
2048-12-15,0.01573
2048-12-16,0.01675
2048-12-17,0.03543
2048-12-18,0.007109999999999999
2048-12-19,0.00928
2048-12-20,0.0106
2048-12-21,0.01127
2048-12-22,0.01152
2048-12-23,0.011470000000000001
2048-12-24,0.01265
2048-12-25,0.01103
2048-12-26,0.01139
2048-12-27,0.01047
2048-12-28,0.01014
2048-12-29,0.00983
2048-12-30,0.00966
2048-12-31,0.00949
2049-01-01,0.02232
2049-01-02,0.09254
2049-01-03,0.06387999999999999
2049-01-04,0.041210000000000004
2049-01-05,0.08597
2049-01-06,0.06089
2049-01-07,0.06092
2049-01-08,0.060129999999999996
2049-01-09,0.0639
2049-01-10,0.058789999999999995
2049-01-11,0.05579
2049-01-12,0.054720000000000005
2049-01-13,0.05243
2049-01-14,0.04844
2049-01-15,0.04533
2049-01-16,0.04272
2049-01-17,0.04218
2049-01-18,0.04202
2049-01-19,0.03681
2049-01-20,0.03482
2049-01-21,0.03317
2049-01-22,0.03207
2049-01-23,0.030239999999999996
2049-01-24,0.029169999999999998
2049-01-25,0.07092000000000001
2049-01-26,0.2119
2049-01-27,0.47352
2049-01-28,0.268
2049-01-29,0.14931
2049-01-30,0.12311
2049-01-31,0.12243
2049-02-01,0.12208
2049-02-02,0.12004000000000001
2049-02-03,0.11517000000000001
2049-02-04,0.10745
2049-02-05,0.09848
2049-02-06,0.09834
2049-02-07,0.13137000000000001
2049-02-08,0.12215999999999999
2049-02-09,0.12780999999999998
2049-02-10,0.10808
2049-02-11,0.107
2049-02-12,0.13907
2049-02-13,0.10469
2049-02-14,0.10178999999999999
2049-02-15,0.10035
2049-02-16,0.08689
2049-02-17,0.07911
2049-02-18,0.07177
2049-02-19,0.06508
2049-02-20,0.0588
2049-02-21,0.05275
2049-02-22,0.04741
2049-02-23,0.04662
2049-02-24,0.055420000000000004
2049-02-25,0.04409
2049-02-26,0.04025
2049-02-27,0.0372
2049-02-28,0.03584
2049-03-01,0.055439999999999996
2049-03-02,0.05802
2049-03-03,0.03932
2049-03-04,0.0406
2049-03-05,0.04142
2049-03-06,0.05877
2049-03-07,0.05711
2049-03-08,0.10522999999999999
2049-03-09,0.32166
2049-03-10,0.2401
2049-03-11,0.12237
2049-03-12,0.12345999999999999
2049-03-13,0.12149000000000001
2049-03-14,0.1161
2049-03-15,0.11145999999999999
2049-03-16,0.10885999999999998
2049-03-17,0.09061
2049-03-18,0.08382
2049-03-19,0.07702
2049-03-20,0.06982000000000001
2049-03-21,0.06285
2049-03-22,0.05644
2049-03-23,0.05083
2049-03-24,0.04653
2049-03-25,0.07266
2049-03-26,0.04163
2049-03-27,0.05372999999999999
2049-03-28,0.09742
2049-03-29,0.15830999999999998
2049-03-30,0.09217
2049-03-31,0.09372
2049-04-01,0.08656
2049-04-02,0.0775
2049-04-03,0.06865
2049-04-04,0.06081
2049-04-05,0.054110000000000005
2049-04-06,0.06045
2049-04-07,0.044239999999999995
2049-04-08,0.03984
2049-04-09,0.03556
2049-04-10,0.03198
2049-04-11,0.0288
2049-04-12,0.02565
2049-04-13,0.02725
2049-04-14,0.02061
2049-04-15,0.01882
2049-04-16,0.01685
2049-04-17,0.01488
2049-04-18,0.01295
2049-04-19,0.01124
2049-04-20,0.01169
2049-04-21,0.01008
2049-04-22,0.016040000000000002
2049-04-23,0.00853
2049-04-24,0.0076
2049-04-25,0.00657
2049-04-26,0.0056
2049-04-27,0.0047
2049-04-28,0.00392
2049-04-29,0.0041600000000000005
2049-04-30,0.00313
2049-05-01,0.00282
2049-05-02,0.00238
2049-05-03,0.0019399999999999999
2049-05-04,0.0016
2049-05-05,0.00137
2049-05-06,0.00126
2049-05-07,0.00122
2049-05-08,0.00121
2049-05-09,0.0012
2049-05-10,0.00119
2049-05-11,0.00117
2049-05-12,0.00116
2049-05-13,0.00115
2049-05-14,0.0011300000000000001
2049-05-15,0.00112
2049-05-16,0.0011099999999999999
2049-05-17,0.00109
2049-05-18,0.00108
2049-05-19,0.00106
2049-05-20,0.00105
2049-05-21,0.00103
2049-05-22,0.00101
2049-05-23,0.001
2049-05-24,0.00098
2049-05-25,0.0009599999999999999
2049-05-26,0.0009400000000000001
2049-05-27,0.0009199999999999999
2049-05-28,0.0009
2049-05-29,0.00088
2049-05-30,0.00086
2049-05-31,0.00084
2049-06-01,0.00082
2049-06-02,0.0008
2049-06-03,0.00078
2049-06-04,0.0007599999999999999
2049-06-05,0.00074
2049-06-06,0.00072
2049-06-07,0.0007099999999999999
2049-06-08,0.0006900000000000001
2049-06-09,0.0006799999999999999
2049-06-10,0.00066
2049-06-11,0.00065
2049-06-12,0.00064
2049-06-13,0.00062
2049-06-14,0.00061
2049-06-15,0.0006
2049-06-16,0.00058
2049-06-17,0.00057
2049-06-18,0.00056
2049-06-19,0.00055
2049-06-20,0.00054
2049-06-21,0.00053
2049-06-22,0.00053
2049-06-23,0.0005200000000000001
2049-06-24,0.0006
2049-06-25,0.0005099999999999999
2049-06-26,0.0005
2049-06-27,0.0005
2049-06-28,0.0005
2049-06-29,0.00049
2049-06-30,0.00049
2049-07-01,0.00049
2049-07-02,0.00049
2049-07-03,0.00047999999999999996
2049-07-04,0.00047999999999999996
2049-07-05,0.00047999999999999996
2049-07-06,0.00047999999999999996
2049-07-07,0.00047999999999999996
2049-07-08,0.00047999999999999996
2049-07-09,0.00047999999999999996
2049-07-10,0.00047999999999999996
2049-07-11,0.00047999999999999996
2049-07-12,0.00047999999999999996
2049-07-13,0.00047999999999999996
2049-07-14,0.00047999999999999996
2049-07-15,0.00047999999999999996
2049-07-16,0.00047999999999999996
2049-07-17,0.00047999999999999996
2049-07-18,0.00047999999999999996
2049-07-19,0.00047999999999999996
2049-07-20,0.00047999999999999996
2049-07-21,0.00047999999999999996
2049-07-22,0.00047999999999999996
2049-07-23,0.00047999999999999996
2049-07-24,0.00186
2049-07-25,0.00047999999999999996
2049-07-26,0.00047999999999999996
2049-07-27,0.00047999999999999996
2049-07-28,0.00047999999999999996
2049-07-29,0.00047999999999999996
2049-07-30,0.00047999999999999996
2049-07-31,0.00047999999999999996
2049-08-01,0.00047999999999999996
2049-08-02,0.00047999999999999996
2049-08-03,0.00047999999999999996
2049-08-04,0.00047999999999999996
2049-08-05,0.00047999999999999996
2049-08-06,0.00047999999999999996
2049-08-07,0.00047999999999999996
2049-08-08,0.00047999999999999996
2049-08-09,0.00047999999999999996
2049-08-10,0.00047999999999999996
2049-08-11,0.00047999999999999996
2049-08-12,0.00047999999999999996
2049-08-13,0.00047999999999999996
2049-08-14,0.00047999999999999996
2049-08-15,0.00047999999999999996
2049-08-16,0.00047999999999999996
2049-08-17,0.00047000000000000004
2049-08-18,0.00047000000000000004
2049-08-19,0.00047000000000000004
2049-08-20,0.00064
2049-08-21,0.0976
2049-08-22,0.03402
2049-08-23,0.00055
2049-08-24,0.00214
2049-08-25,0.00057
2049-08-26,0.00057
2049-08-27,0.00056
2049-08-28,0.00056
2049-08-29,0.00055
2049-08-30,0.00054
2049-08-31,0.00054
2049-09-01,0.00053
2049-09-02,0.00053
2049-09-03,0.0005200000000000001
2049-09-04,0.0005200000000000001
2049-09-05,0.0005099999999999999
2049-09-06,0.0005099999999999999
2049-09-07,0.0005
2049-09-08,0.0005
2049-09-09,0.0005
2049-09-10,0.0005
2049-09-11,0.00228
2049-09-12,0.00049
2049-09-13,0.00049
2049-09-14,0.0019399999999999999
2049-09-15,0.03077
2049-09-16,0.0063100000000000005
2049-09-17,0.00049
2049-09-18,0.0005
2049-09-19,0.0005
2049-09-20,0.0005
2049-09-21,0.0005
2049-09-22,0.0005
2049-09-23,0.0005
2049-09-24,0.0005
2049-09-25,0.0005
2049-09-26,0.00049
2049-09-27,0.00049
2049-09-28,0.00049
2049-09-29,0.00049
2049-09-30,0.00049
2049-10-01,0.00513
2049-10-02,0.017519999999999997
2049-10-03,0.01222
2049-10-04,0.00049
2049-10-05,0.0005
2049-10-06,0.0005
2049-10-07,0.0005
2049-10-08,0.0005
2049-10-09,0.0005
2049-10-10,0.0005
2049-10-11,0.0005
2049-10-12,0.0005
2049-10-13,0.015040000000000001
2049-10-14,0.043230000000000005
2049-10-15,0.00066
2049-10-16,0.00055
2049-10-17,0.00056
2049-10-18,0.00056
2049-10-19,0.011859999999999999
2049-10-20,0.038919999999999996
2049-10-21,0.0006
2049-10-22,0.00062
2049-10-23,0.00063
2049-10-24,0.00063
2049-10-25,0.00063
2049-10-26,0.00063
2049-10-27,0.00063
2049-10-28,0.00063
2049-10-29,0.00063
2049-10-30,0.00063
2049-10-31,0.00063
2049-11-01,0.00281
2049-11-02,0.030969999999999998
2049-11-03,0.0174
2049-11-04,0.0008699999999999999
2049-11-05,0.00067
2049-11-06,0.019530000000000002
2049-11-07,0.02568
2049-11-08,0.00072
2049-11-09,0.00074
2049-11-10,0.00074
2049-11-11,0.00075
2049-11-12,0.00075
2049-11-13,0.00251
2049-11-14,0.00086
2049-11-15,0.00371
2049-11-16,0.01023
2049-11-17,0.03435
2049-11-18,0.00079
2049-11-19,0.00081
2049-11-20,0.00406
2049-11-21,0.00385
2049-11-22,0.0008300000000000001
2049-11-23,0.0008300000000000001
2049-11-24,0.00084
2049-11-25,0.00084
2049-11-26,0.00084
2049-11-27,0.00084
2049-11-28,0.00084
2049-11-29,0.00084
2049-11-30,0.00084
2049-12-01,0.00084
2049-12-02,0.00084
2049-12-03,0.0008699999999999999
2049-12-04,0.00084
2049-12-05,0.00869
2049-12-06,0.0008300000000000001
2049-12-07,0.0008300000000000001
2049-12-08,0.0008300000000000001
2049-12-09,0.0008300000000000001
2049-12-10,0.0008300000000000001
2049-12-11,0.00082
2049-12-12,0.00082
2049-12-13,0.01962
2049-12-14,0.0207
2049-12-15,0.0025399999999999997
2049-12-16,0.00085
2049-12-17,0.06493
2049-12-18,0.76322
2049-12-19,0.21252
2049-12-20,0.048119999999999996
2049-12-21,0.03361
2049-12-22,0.02339
2049-12-23,0.00924
2049-12-24,0.00534
2049-12-25,0.01771
2049-12-26,0.06981
2049-12-27,0.05
2049-12-28,0.02951
2049-12-29,0.031760000000000004
2049-12-30,0.03277
2049-12-31,0.03222
2050-01-01,0.03098
2050-01-02,0.0294
2050-01-03,0.02762
2050-01-04,0.02603
2050-01-05,0.02444
2050-01-06,0.02281
2050-01-07,0.02144
2050-01-08,0.02024
2050-01-09,0.0191
2050-01-10,0.0179
2050-01-11,0.01672
2050-01-12,0.0156
2050-01-13,0.01462
2050-01-14,0.01376
2050-01-15,0.01288
2050-01-16,0.01199
2050-01-17,0.0112
2050-01-18,0.01059
2050-01-19,0.010020000000000001
2050-01-20,0.00946
2050-01-21,0.00889
2050-01-22,0.00834
2050-01-23,0.00784
2050-01-24,0.00976
2050-01-25,0.03294
2050-01-26,0.14502
2050-01-27,0.08653
2050-01-28,0.04723
2050-01-29,0.05144
2050-01-30,0.05063
2050-01-31,0.04823
2050-02-01,0.04534
2050-02-02,0.04235
2050-02-03,0.03945
2050-02-04,0.036719999999999996
2050-02-05,0.04173
2050-02-06,0.04004
2050-02-07,0.03356
2050-02-08,0.03605
2050-02-09,0.03137
2050-02-10,0.03273
2050-02-11,0.05735
2050-02-12,0.09458
2050-02-13,0.08447
2050-02-14,0.07752
2050-02-15,0.09283999999999999
2050-02-16,0.14277
2050-02-17,0.13612
2050-02-18,0.11554
2050-02-19,0.1124
2050-02-20,0.10797999999999999
2050-02-21,0.10247
2050-02-22,0.09508
2050-02-23,0.08789
2050-02-24,0.08371
2050-02-25,0.08812
2050-02-26,0.08495
2050-02-27,0.09546
2050-02-28,0.12946
2050-03-01,0.09308
2050-03-02,0.09393
2050-03-03,0.08838
2050-03-04,0.08122
2050-03-05,0.07402
2050-03-06,0.0672
2050-03-07,0.061
2050-03-08,0.05559
2050-03-09,0.05484
2050-03-10,0.057679999999999995
2050-03-11,0.057839999999999996
2050-03-12,0.04364
2050-03-13,0.042210000000000004
2050-03-14,0.04019
2050-03-15,0.0378
2050-03-16,0.04245
2050-03-17,0.06425
2050-03-18,0.04193
2050-03-19,0.04161
2050-03-20,0.04251
2050-03-21,0.0527
2050-03-22,0.05557
2050-03-23,0.10164
2050-03-24,0.09114
2050-03-25,0.09774
2050-03-26,0.08106000000000001
2050-03-27,0.08017
2050-03-28,0.07536
2050-03-29,0.06978999999999999
2050-03-30,0.06475
2050-03-31,0.05945
2050-04-01,0.05397999999999999
2050-04-02,0.05555
2050-04-03,0.0448
2050-04-04,0.04068
2050-04-05,0.03671
2050-04-06,0.03269
2050-04-07,0.028730000000000002
2050-04-08,0.02493
2050-04-09,0.02134
2050-04-10,0.01823
2050-04-11,0.01545
2050-04-12,0.013040000000000001
2050-04-13,0.01114
2050-04-14,0.00952
2050-04-15,0.00896
2050-04-16,0.0077
2050-04-17,0.00658
2050-04-18,0.0054600000000000004
2050-04-19,0.00466
2050-04-20,0.00449
2050-04-21,0.0038
2050-04-22,0.0032600000000000003
2050-04-23,0.02144
2050-04-24,0.02854
2050-04-25,0.0028399999999999996
2050-04-26,0.00292
2050-04-27,0.0028
2050-04-28,0.00262
2050-04-29,0.0025
2050-04-30,0.00236
2050-05-01,0.00214
2050-05-02,0.0019199999999999998
2050-05-03,0.0017399999999999998
2050-05-04,0.00157
2050-05-05,0.00175
2050-05-06,0.00131
2050-05-07,0.00125
2050-05-08,0.00122
2050-05-09,0.0012
2050-05-10,0.00119
2050-05-11,0.00117
2050-05-12,0.0016899999999999999
2050-05-13,0.00114
2050-05-14,0.01023
2050-05-15,0.00512
2050-05-16,0.00532
2050-05-17,0.00112
2050-05-18,0.00209
2050-05-19,0.0011099999999999999
2050-05-20,0.0011
2050-05-21,0.00109
2050-05-22,0.00823
2050-05-23,0.00804
2050-05-24,0.00108
2050-05-25,0.00107
2050-05-26,0.00106
2050-05-27,0.00105
2050-05-28,0.00103
2050-05-29,0.0010199999999999999
2050-05-30,0.001
2050-05-31,0.00145
2050-06-01,0.0009699999999999999
2050-06-02,0.0009599999999999999
2050-06-03,0.00095
2050-06-04,0.0074
2050-06-05,0.031310000000000004
2050-06-06,0.034260000000000006
2050-06-07,0.0009699999999999999
2050-06-08,0.00098
2050-06-09,0.00101
2050-06-10,0.00098
2050-06-11,0.0009699999999999999
2050-06-12,0.0009599999999999999
2050-06-13,0.0009400000000000001
2050-06-14,0.00093
2050-06-15,0.0009199999999999999
2050-06-16,0.00091
2050-06-17,0.0008900000000000001
2050-06-18,0.0016
2050-06-19,0.0008699999999999999
2050-06-20,0.00086
2050-06-21,0.00085
2050-06-22,0.006940000000000001
2050-06-23,0.00084
2050-06-24,0.0008300000000000001
2050-06-25,0.00081
2050-06-26,0.0008
2050-06-27,0.00078
2050-06-28,0.0007700000000000001
2050-06-29,0.00075
2050-06-30,0.00074
2050-07-01,0.00073
2050-07-02,0.0007099999999999999
2050-07-03,0.0007
2050-07-04,0.0006900000000000001
2050-07-05,0.00067
2050-07-06,0.00066
2050-07-07,0.00065
2050-07-08,0.00064
2050-07-09,0.00062
2050-07-10,0.00061
2050-07-11,0.0006
2050-07-12,0.00059
2050-07-13,0.00058
2050-07-14,0.00057
2050-07-15,0.00056
2050-07-16,0.00055
2050-07-17,0.00054
2050-07-18,0.00053
2050-07-19,0.0005200000000000001
2050-07-20,0.0005200000000000001
2050-07-21,0.0005099999999999999
2050-07-22,0.0005
2050-07-23,0.0005
2050-07-24,0.0005
2050-07-25,0.00049
2050-07-26,0.00049
2050-07-27,0.00049
2050-07-28,0.00049
2050-07-29,0.00047999999999999996
2050-07-30,0.00047999999999999996
2050-07-31,0.00047999999999999996
2050-08-01,0.00047999999999999996
2050-08-02,0.00047999999999999996
2050-08-03,0.00047999999999999996
2050-08-04,0.00047999999999999996
2050-08-05,0.00047999999999999996
2050-08-06,0.00047999999999999996
2050-08-07,0.00047999999999999996
2050-08-08,0.00047999999999999996
2050-08-09,0.00047999999999999996
2050-08-10,0.00047999999999999996
2050-08-11,0.00047999999999999996
2050-08-12,0.00047999999999999996
2050-08-13,0.00047999999999999996
2050-08-14,0.00047999999999999996
2050-08-15,0.00047999999999999996
2050-08-16,0.00047999999999999996
2050-08-17,0.00047999999999999996
2050-08-18,0.00047999999999999996
2050-08-19,0.00047999999999999996
2050-08-20,0.00047999999999999996
2050-08-21,0.00047999999999999996
2050-08-22,0.00103
2050-08-23,0.00047999999999999996
2050-08-24,0.00109
2050-08-25,0.00047999999999999996
2050-08-26,0.00047999999999999996
2050-08-27,0.00243
2050-08-28,0.00047999999999999996
2050-08-29,0.0009199999999999999
2050-08-30,0.00047999999999999996
2050-08-31,0.00047999999999999996
2050-09-01,0.00047999999999999996
2050-09-02,0.00047999999999999996
2050-09-03,0.00047999999999999996
2050-09-04,0.00047999999999999996
2050-09-05,0.00047999999999999996
2050-09-06,0.00047999999999999996
2050-09-07,0.00157
2050-09-08,0.00047999999999999996
2050-09-09,0.00088
2050-09-10,0.00123
2050-09-11,0.00057
2050-09-12,0.00047000000000000004
2050-09-13,0.00047000000000000004
2050-09-14,0.00047000000000000004
2050-09-15,0.00047000000000000004
2050-09-16,0.00047000000000000004
2050-09-17,0.00047000000000000004
2050-09-18,0.00047000000000000004
2050-09-19,0.00116
2050-09-20,0.00047000000000000004
2050-09-21,0.00162
2050-09-22,0.00047000000000000004
2050-09-23,0.00047000000000000004
2050-09-24,0.00047000000000000004
2050-09-25,0.00047000000000000004
2050-09-26,0.00047000000000000004
2050-09-27,0.00047000000000000004
2050-09-28,0.00047000000000000004
2050-09-29,0.00047000000000000004
2050-09-30,0.00047000000000000004
2050-10-01,0.00047000000000000004
2050-10-02,0.00047000000000000004
2050-10-03,0.00047000000000000004
2050-10-04,0.00047000000000000004
2050-10-05,0.00047000000000000004
2050-10-06,0.00047000000000000004
2050-10-07,0.00047000000000000004
2050-10-08,0.00047000000000000004
2050-10-09,0.00047000000000000004
2050-10-10,0.00047000000000000004
2050-10-11,0.00047000000000000004
2050-10-12,0.00047000000000000004
2050-10-13,0.00047000000000000004
2050-10-14,0.00047000000000000004
2050-10-15,0.00047000000000000004
2050-10-16,0.00047000000000000004
2050-10-17,0.04044
2050-10-18,0.02024
2050-10-19,0.01967
2050-10-20,0.02988
2050-10-21,0.00274
2050-10-22,0.00055
2050-10-23,0.00056
2050-10-24,0.009559999999999999
2050-10-25,0.025269999999999997
2050-10-26,0.00252
2050-10-27,0.00061
2050-10-28,0.00611
2050-10-29,0.03358
2050-10-30,0.00728
2050-10-31,0.00067
2050-11-01,0.0006799999999999999
2050-11-02,0.00575
2050-11-03,0.0022600000000000003
2050-11-04,0.006520000000000001
2050-11-05,0.03619
2050-11-06,0.041089999999999995
2050-11-07,0.00079
2050-11-08,0.10618
2050-11-09,0.04572
2050-11-10,0.00358
2050-11-11,0.01284
2050-11-12,0.02027
2050-11-13,0.00103
2050-11-14,0.0010400000000000001
2050-11-15,0.00105
2050-11-16,0.00106
2050-11-17,0.00106
2050-11-18,0.00798
2050-11-19,0.01211
2050-11-20,0.03949
2050-11-21,0.0011
2050-11-22,0.00112
2050-11-23,0.0364
2050-11-24,0.02144
2050-11-25,0.0093
2050-11-26,0.0018399999999999998
2050-11-27,0.009059999999999999
2050-11-28,0.00603
2050-11-29,0.004070000000000001
2050-11-30,0.05147
2050-12-01,0.03145
2050-12-02,0.03236
2050-12-03,0.028860000000000004
2050-12-04,0.04113
2050-12-05,0.06854
2050-12-06,0.05082
2050-12-07,0.05666
2050-12-08,0.12791
2050-12-09,0.39581
2050-12-10,0.13815999999999998
2050-12-11,0.11474000000000001
2050-12-12,0.11275
2050-12-13,0.1244
2050-12-14,0.16884000000000002
2050-12-15,0.15548
2050-12-16,0.13025
2050-12-17,0.12175
2050-12-18,0.12474
2050-12-19,0.1137
2050-12-20,0.1122
2050-12-21,0.10633
2050-12-22,0.10745
2050-12-23,0.09362000000000001
2050-12-24,0.10309000000000001
2050-12-25,0.13287000000000002
2050-12-26,0.14127
2050-12-27,0.26721
2050-12-28,0.34375
2050-12-29,0.83914
2050-12-30,0.56917
2050-12-31,0.5687
2051-01-01,0.7933899999999999
2051-01-02,0.77586
2051-01-03,0.16412000000000002
2051-01-04,0.12343
2051-01-05,0.14539000000000002
2051-01-06,0.23167
2051-01-07,0.1346
2051-01-08,0.12607000000000002
2051-01-09,0.18116
2051-01-10,0.21019000000000002
2051-01-11,0.64933
2051-01-12,0.58217
2051-01-13,0.18771
2051-01-14,0.37811999999999996
2051-01-15,1.33686
2051-01-16,1.56341
2051-01-17,0.8420200000000001
2051-01-18,0.14823
2051-01-19,0.15083
2051-01-20,0.7813899999999999
2051-01-21,1.97144
2051-01-22,0.7663
2051-01-23,0.12369000000000001
2051-01-24,0.12343
2051-01-25,0.12922
2051-01-26,0.25011
2051-01-27,0.17803
2051-01-28,0.12547
2051-01-29,0.17667
2051-01-30,0.2026
2051-01-31,0.5936100000000001
2051-02-01,0.8267200000000001
2051-02-02,0.86784
2051-02-03,0.5523100000000001
2051-02-04,0.1255
2051-02-05,0.12343
2051-02-06,0.12778
2051-02-07,0.15329
2051-02-08,0.15785
2051-02-09,0.12343
2051-02-10,0.15361
2051-02-11,0.134
2051-02-12,0.14229
2051-02-13,0.21904
2051-02-14,0.14606
2051-02-15,0.12878
2051-02-16,0.12437999999999999
2051-02-17,0.12312999999999999
2051-02-18,0.12214000000000001
2051-02-19,0.11621
2051-02-20,0.1063
2051-02-21,0.10165
2051-02-22,0.09915
2051-02-23,0.08222
2051-02-24,0.07561
2051-02-25,0.06928
2051-02-26,0.06293
2051-02-27,0.05685
2051-02-28,0.07907
2051-03-01,0.18174
2051-03-02,0.14576
2051-03-03,0.15383
2051-03-04,0.15967
2051-03-05,0.12254000000000001
2051-03-06,0.12372999999999999
2051-03-07,0.11565999999999999
2051-03-08,0.10507999999999999
2051-03-09,0.09383999999999999
2051-03-10,0.08344
2051-03-11,0.07431
2051-03-12,0.08789
2051-03-13,0.062360000000000006
2051-03-14,0.06055
2051-03-15,0.11292
2051-03-16,0.14947
2051-03-17,0.11642999999999999
2051-03-18,0.12548
2051-03-19,0.10694000000000001
2051-03-20,0.10173
2051-03-21,0.09383999999999999
2051-03-22,0.08531
2051-03-23,0.07687999999999999
2051-03-24,0.06867000000000001
2051-03-25,0.061270000000000005
2051-03-26,0.0549
2051-03-27,0.051870000000000006
2051-03-28,0.04465
2051-03-29,0.04007
2051-03-30,0.04118
2051-03-31,0.052629999999999996
2051-04-01,0.03362
2051-04-02,0.031310000000000004
2051-04-03,0.029310000000000003
2051-04-04,0.030039999999999997
2051-04-05,0.028710000000000003
2051-04-06,0.02567
2051-04-07,0.024390000000000002
2051-04-08,0.02274
2051-04-09,0.02051
2051-04-10,0.01916
2051-04-11,0.016669999999999997
2051-04-12,0.014490000000000001
2051-04-13,0.01238
2051-04-14,0.01063
2051-04-15,0.009340000000000001
2051-04-16,0.014830000000000001
2051-04-17,0.00984
2051-04-18,0.029539999999999997
2051-04-19,0.01944
2051-04-20,0.00988
2051-04-21,0.01082
2051-04-22,0.01325
2051-04-23,0.030560000000000004
2051-04-24,0.03563
2051-04-25,0.01672
2051-04-26,0.0181
2051-04-27,0.01731
2051-04-28,0.01553
2051-04-29,0.01372
2051-04-30,0.01204
2051-05-01,0.01022
2051-05-02,0.00847
2051-05-03,0.00704
2051-05-04,0.00586
2051-05-05,0.00494
2051-05-06,0.00398
2051-05-07,0.00303
2051-05-08,0.00228
2051-05-09,0.00172
2051-05-10,0.0013800000000000002
2051-05-11,0.00124
2051-05-12,0.00121
2051-05-13,0.0012
2051-05-14,0.00118
2051-05-15,0.00117
2051-05-16,0.00158
2051-05-17,0.00115
2051-05-18,0.00114
2051-05-19,0.00281
2051-05-20,0.0011300000000000001
2051-05-21,0.00798
2051-05-22,0.01285
2051-05-23,0.01115
2051-05-24,0.00112
2051-05-25,0.0011099999999999999
2051-05-26,0.0011
2051-05-27,0.00182
2051-05-28,0.00108
2051-05-29,0.00108
2051-05-30,0.0036899999999999997
2051-05-31,0.00107
2051-06-01,0.00106
2051-06-02,0.00105
2051-06-03,0.0010400000000000001
2051-06-04,0.0010199999999999999
2051-06-05,0.00101
2051-06-06,0.00147
2051-06-07,0.00098
2051-06-08,0.0011
2051-06-09,0.00143
2051-06-10,0.00123
2051-06-11,0.00295
2051-06-12,0.00197
2051-06-13,0.00155
2051-06-14,0.00196
2051-06-15,0.0018100000000000002
2051-06-16,0.00195
2051-06-17,0.00161
2051-06-18,0.0009
2051-06-19,0.0008900000000000001
2051-06-20,0.00088
2051-06-21,0.0008699999999999999
2051-06-22,0.00085
2051-06-23,0.00084
2051-06-24,0.00271
2051-06-25,0.00081
2051-06-26,0.0008
2051-06-27,0.00078
2051-06-28,0.00921
2051-06-29,0.00075
2051-06-30,0.00074
2051-07-01,0.00072
2051-07-02,0.0007
2051-07-03,0.0006900000000000001
2051-07-04,0.00067
2051-07-05,0.00066
2051-07-06,0.00064
2051-07-07,0.00063
2051-07-08,0.00061
2051-07-09,0.0006
2051-07-10,0.00059
2051-07-11,0.00058
2051-07-12,0.00057
2051-07-13,0.00056
2051-07-14,0.00055
2051-07-15,0.00054
2051-07-16,0.00053
2051-07-17,0.0005200000000000001
2051-07-18,0.0005200000000000001
2051-07-19,0.0005099999999999999
2051-07-20,0.0005099999999999999
2051-07-21,0.0005
2051-07-22,0.0005
2051-07-23,0.00049
2051-07-24,0.00049
2051-07-25,0.00049
2051-07-26,0.00049
2051-07-27,0.00047999999999999996
2051-07-28,0.00047999999999999996
2051-07-29,0.00047999999999999996
2051-07-30,0.00047999999999999996
2051-07-31,0.00047999999999999996
2051-08-01,0.00047999999999999996
2051-08-02,0.00047999999999999996
2051-08-03,0.00047999999999999996
2051-08-04,0.00047999999999999996
2051-08-05,0.00047999999999999996
2051-08-06,0.00047999999999999996
2051-08-07,0.00047999999999999996
2051-08-08,0.00047999999999999996
2051-08-09,0.00047999999999999996
2051-08-10,0.00047999999999999996
2051-08-11,0.00047999999999999996
2051-08-12,0.00047999999999999996
2051-08-13,0.00047999999999999996
2051-08-14,0.00047999999999999996
2051-08-15,0.00047999999999999996
2051-08-16,0.00047999999999999996
2051-08-17,0.00047999999999999996
2051-08-18,0.00047999999999999996
2051-08-19,0.00047999999999999996
2051-08-20,0.00047999999999999996
2051-08-21,0.00047999999999999996
2051-08-22,0.00047999999999999996
2051-08-23,0.00047999999999999996
2051-08-24,0.00047999999999999996
2051-08-25,0.00047999999999999996
2051-08-26,0.00047999999999999996
2051-08-27,0.00047999999999999996
2051-08-28,0.00047999999999999996
2051-08-29,0.00047999999999999996
2051-08-30,0.00047999999999999996
2051-08-31,0.00047999999999999996
2051-09-01,0.00047999999999999996
2051-09-02,0.00047999999999999996
2051-09-03,0.00047999999999999996
2051-09-04,0.00047999999999999996
2051-09-05,0.00047999999999999996
2051-09-06,0.00047999999999999996
2051-09-07,0.00047999999999999996
2051-09-08,0.00047999999999999996
2051-09-09,0.00047000000000000004
2051-09-10,0.00047000000000000004
2051-09-11,0.00047000000000000004
2051-09-12,0.00047000000000000004
2051-09-13,0.00047000000000000004
2051-09-14,0.00047000000000000004
2051-09-15,0.00047000000000000004
2051-09-16,0.00047000000000000004
2051-09-17,0.00047000000000000004
2051-09-18,0.00047000000000000004
2051-09-19,0.00047000000000000004
2051-09-20,0.00047000000000000004
2051-09-21,0.00047000000000000004
2051-09-22,0.00047000000000000004
2051-09-23,0.00047000000000000004
2051-09-24,0.00047000000000000004
2051-09-25,0.00047000000000000004
2051-09-26,0.00047000000000000004
2051-09-27,0.00047000000000000004
2051-09-28,0.0005
2051-09-29,0.00047000000000000004
2051-09-30,0.00047000000000000004
2051-10-01,0.00047000000000000004
2051-10-02,0.00047000000000000004
2051-10-03,0.00047000000000000004
2051-10-04,0.00047000000000000004
2051-10-05,0.00047000000000000004
2051-10-06,0.00121
2051-10-07,0.00047000000000000004
2051-10-08,0.00047000000000000004
2051-10-09,0.00047000000000000004
2051-10-10,0.00047000000000000004
2051-10-11,0.00047000000000000004
2051-10-12,0.00047000000000000004
2051-10-13,0.00047000000000000004
2051-10-14,0.00047000000000000004
2051-10-15,0.00047000000000000004
2051-10-16,0.00047000000000000004
2051-10-17,0.00047000000000000004
2051-10-18,0.00047000000000000004
2051-10-19,0.00047000000000000004
2051-10-20,0.00047000000000000004
2051-10-21,0.00047000000000000004
2051-10-22,0.00047000000000000004
2051-10-23,0.00047000000000000004
2051-10-24,0.00047000000000000004
2051-10-25,0.00047000000000000004
2051-10-26,0.00047000000000000004
2051-10-27,0.00047000000000000004
2051-10-28,0.00047000000000000004
2051-10-29,0.00047000000000000004
2051-10-30,0.00047000000000000004
2051-10-31,0.00047000000000000004
2051-11-01,0.00047000000000000004
2051-11-02,0.00047000000000000004
2051-11-03,0.00047000000000000004
2051-11-04,0.00047000000000000004
2051-11-05,0.00047000000000000004
2051-11-06,0.00047000000000000004
2051-11-07,0.00047000000000000004
2051-11-08,0.00047000000000000004
2051-11-09,0.00047000000000000004
2051-11-10,0.00047000000000000004
2051-11-11,0.00047000000000000004
2051-11-12,0.00047000000000000004
2051-11-13,0.00047000000000000004
2051-11-14,0.00047000000000000004
2051-11-15,0.00047000000000000004
2051-11-16,0.00047000000000000004
2051-11-17,0.00047000000000000004
2051-11-18,0.00047000000000000004
2051-11-19,0.00047000000000000004
2051-11-20,0.00072
2051-11-21,0.00411
2051-11-22,0.00047000000000000004
2051-11-23,0.00047000000000000004
2051-11-24,0.00047000000000000004
2051-11-25,0.00047000000000000004
2051-11-26,0.00047000000000000004
2051-11-27,0.00047000000000000004
2051-11-28,0.00047000000000000004
2051-11-29,0.00047000000000000004
2051-11-30,0.0098
2051-12-01,0.0051
2051-12-02,0.00047000000000000004
2051-12-03,0.00815
2051-12-04,0.00047000000000000004
2051-12-05,0.00047000000000000004
2051-12-06,0.00047000000000000004
2051-12-07,0.00047000000000000004
2051-12-08,0.00047000000000000004
2051-12-09,0.00047000000000000004
2051-12-10,0.00047000000000000004
2051-12-11,0.00047000000000000004
2051-12-12,0.00047000000000000004
2051-12-13,0.01429
2051-12-14,0.02324
2051-12-15,0.0024100000000000002
2051-12-16,0.00707
2051-12-17,0.00448
2051-12-18,0.00049
2051-12-19,0.00049
2051-12-20,0.00248
2051-12-21,0.01791
2051-12-22,0.00086
2051-12-23,0.0458
2051-12-24,0.12539
2051-12-25,0.03667
2051-12-26,0.02167
2051-12-27,0.0011
2051-12-28,0.013609999999999999
2051-12-29,0.010920000000000001
2051-12-30,0.00671
2051-12-31,0.00451
2052-01-01,0.00502
2052-01-02,0.0032700000000000003
2052-01-03,0.0036
2052-01-04,0.00505
2052-01-05,0.0017699999999999999
2052-01-06,0.00088
2052-01-07,0.00088
2052-01-08,0.00088
2052-01-09,0.00175
2052-01-10,0.00695
2052-01-11,0.00659
2052-01-12,0.0008900000000000001
2052-01-13,0.0008900000000000001
2052-01-14,0.0009
2052-01-15,0.0009
2052-01-16,0.0009
2052-01-17,0.0009
2052-01-18,0.0009
2052-01-19,0.0018899999999999998
2052-01-20,0.00186
2052-01-21,0.001
2052-01-22,0.00103
2052-01-23,0.00145
2052-01-24,0.00229
2052-01-25,0.0038799999999999998
2052-01-26,0.00091
2052-01-27,0.0009199999999999999
2052-01-28,0.00091
2052-01-29,0.012329999999999999
2052-01-30,0.00558
2052-01-31,0.00196
2052-02-01,0.00251
2052-02-02,0.00157
2052-02-03,0.00229
2052-02-04,0.0031100000000000004
2052-02-05,0.00159
2052-02-06,0.0009400000000000001
2052-02-07,0.00117
2052-02-08,0.0009400000000000001
2052-02-09,0.03623
2052-02-10,0.0141
2052-02-11,0.00098
2052-02-12,0.00244
2052-02-13,0.00205
2052-02-14,0.001
2052-02-15,0.00101
2052-02-16,0.00466
2052-02-17,0.00101
2052-02-18,0.00101
2052-02-19,0.001
2052-02-20,0.001
2052-02-21,0.001
2052-02-22,0.00099
2052-02-23,0.01573
2052-02-24,0.00156
2052-02-25,0.00195
2052-02-26,0.01227
2052-02-27,0.011170000000000001
2052-02-28,0.00101
2052-02-29,0.0022600000000000003
2052-03-01,0.024730000000000002
2052-03-02,0.0626
2052-03-03,0.15837
2052-03-04,0.026930000000000003
2052-03-05,0.0034200000000000003
2052-03-06,0.0045899999999999995
2052-03-07,0.01
2052-03-08,0.01222
2052-03-09,0.015819999999999997
2052-03-10,0.01679
2052-03-11,0.01714
2052-03-12,0.035210000000000005
2052-03-13,0.03475
2052-03-14,0.02185
2052-03-15,0.022940000000000002
2052-03-16,0.0225
2052-03-17,0.060379999999999996
2052-03-18,0.0539
2052-03-19,0.03483
2052-03-20,0.03698
2052-03-21,0.03599
2052-03-22,0.0337
2052-03-23,0.03102
2052-03-24,0.02843
2052-03-25,0.025960000000000004
2052-03-26,0.023569999999999997
2052-03-27,0.021330000000000002
2052-03-28,0.019219999999999998
2052-03-29,0.0172
2052-03-30,0.01518
2052-03-31,0.013340000000000001
2052-04-01,0.011859999999999999
2052-04-02,0.01027
2052-04-03,0.01096
2052-04-04,0.00795
2052-04-05,0.00685
2052-04-06,0.00583
2052-04-07,0.00496
2052-04-08,0.00425
2052-04-09,0.00337
2052-04-10,0.00296
2052-04-11,0.00218
2052-04-12,0.00179
2052-04-13,0.0015300000000000001
2052-04-14,0.0013800000000000002
2052-04-15,0.0012900000000000001
2052-04-16,0.0014199999999999998
2052-04-17,0.00128
2052-04-18,0.00119
2052-04-19,0.00117
2052-04-20,0.00116
2052-04-21,0.00115
2052-04-22,0.00114
2052-04-23,0.00146
2052-04-24,0.00128
2052-04-25,0.00115
2052-04-26,0.00114
2052-04-27,0.0011099999999999999
2052-04-28,0.0011
2052-04-29,0.00868
2052-04-30,0.011309999999999999
2052-05-01,0.00472
2052-05-02,0.00172
2052-05-03,0.0011300000000000001
2052-05-04,0.0011
2052-05-05,0.00108
2052-05-06,0.00108
2052-05-07,0.00107
2052-05-08,0.00106
2052-05-09,0.0010400000000000001
2052-05-10,0.00103
2052-05-11,0.0010199999999999999
2052-05-12,0.001
2052-05-13,0.00099
2052-05-14,0.0009699999999999999
2052-05-15,0.00095
2052-05-16,0.0009400000000000001
2052-05-17,0.0009199999999999999
2052-05-18,0.0009
2052-05-19,0.0008900000000000001
2052-05-20,0.0008699999999999999
2052-05-21,0.00085
2052-05-22,0.0008300000000000001
2052-05-23,0.00082
2052-05-24,0.0008
2052-05-25,0.00078
2052-05-26,0.0007599999999999999
2052-05-27,0.00075
2052-05-28,0.00073
2052-05-29,0.00072
2052-05-30,0.0007
2052-05-31,0.0006900000000000001
2052-06-01,0.00067
2052-06-02,0.00066
2052-06-03,0.00064
2052-06-04,0.00062
2052-06-05,0.00061
2052-06-06,0.0006
2052-06-07,0.00058
2052-06-08,0.00057
2052-06-09,0.00082
2052-06-10,0.00055
2052-06-11,0.00054
2052-06-12,0.001
2052-06-13,0.00053
2052-06-14,0.0005200000000000001
2052-06-15,0.0005200000000000001
2052-06-16,0.0005099999999999999
2052-06-17,0.00055
2052-06-18,0.0005
2052-06-19,0.0005
2052-06-20,0.00049
2052-06-21,0.00049
2052-06-22,0.00049
2052-06-23,0.00049
2052-06-24,0.00047999999999999996
2052-06-25,0.00047999999999999996
2052-06-26,0.00047999999999999996
2052-06-27,0.00047999999999999996
2052-06-28,0.00047999999999999996
2052-06-29,0.00047999999999999996
2052-06-30,0.00047999999999999996
2052-07-01,0.00047999999999999996
2052-07-02,0.00047999999999999996
2052-07-03,0.00047999999999999996
2052-07-04,0.00047999999999999996
2052-07-05,0.00047999999999999996
2052-07-06,0.00047999999999999996
2052-07-07,0.00047999999999999996
2052-07-08,0.00047999999999999996
2052-07-09,0.00047999999999999996
2052-07-10,0.00047999999999999996
2052-07-11,0.00047999999999999996
2052-07-12,0.00047999999999999996
2052-07-13,0.00047999999999999996
2052-07-14,0.00047999999999999996
2052-07-15,0.00047999999999999996
2052-07-16,0.00047999999999999996
2052-07-17,0.00047999999999999996
2052-07-18,0.00047999999999999996
2052-07-19,0.00047999999999999996
2052-07-20,0.00047999999999999996
2052-07-21,0.00047999999999999996
2052-07-22,0.00047999999999999996
2052-07-23,0.00047999999999999996
2052-07-24,0.00047999999999999996
2052-07-25,0.00047999999999999996
2052-07-26,0.00047999999999999996
2052-07-27,0.00047999999999999996
2052-07-28,0.00047999999999999996
2052-07-29,0.00047999999999999996
2052-07-30,0.00047999999999999996
2052-07-31,0.00047999999999999996
2052-08-01,0.00047999999999999996
2052-08-02,0.00047999999999999996
2052-08-03,0.00047999999999999996
2052-08-04,0.00047999999999999996
2052-08-05,0.00047999999999999996
2052-08-06,0.00047999999999999996
2052-08-07,0.00047000000000000004
2052-08-08,0.00047000000000000004
2052-08-09,0.00047000000000000004
2052-08-10,0.00047000000000000004
2052-08-11,0.00047000000000000004
2052-08-12,0.00047000000000000004
2052-08-13,0.00047000000000000004
2052-08-14,0.00047000000000000004
2052-08-15,0.00047000000000000004
2052-08-16,0.00047000000000000004
2052-08-17,0.00047000000000000004
2052-08-18,0.00047000000000000004
2052-08-19,0.00047000000000000004
2052-08-20,0.00047000000000000004
2052-08-21,0.00047000000000000004
2052-08-22,0.00047000000000000004
2052-08-23,0.00047000000000000004
2052-08-24,0.00047000000000000004
2052-08-25,0.00047000000000000004
2052-08-26,0.00047000000000000004
2052-08-27,0.00047000000000000004
2052-08-28,0.00047000000000000004
2052-08-29,0.00047000000000000004
2052-08-30,0.00047000000000000004
2052-08-31,0.0013800000000000002
2052-09-01,0.0005200000000000001
2052-09-02,0.00047000000000000004
2052-09-03,0.00047000000000000004
2052-09-04,0.00047000000000000004
2052-09-05,0.00047000000000000004
2052-09-06,0.00047000000000000004
2052-09-07,0.00047000000000000004
2052-09-08,0.00047000000000000004
2052-09-09,0.00047000000000000004
2052-09-10,0.00047000000000000004
2052-09-11,0.00047000000000000004
2052-09-12,0.00047000000000000004
2052-09-13,0.00047000000000000004
2052-09-14,0.00047000000000000004
2052-09-15,0.00047000000000000004
2052-09-16,0.00047000000000000004
2052-09-17,0.00047000000000000004
2052-09-18,0.00047000000000000004
2052-09-19,0.00047000000000000004
2052-09-20,0.00047000000000000004
2052-09-21,0.00047000000000000004
2052-09-22,0.00047000000000000004
2052-09-23,0.00112
2052-09-24,0.00047000000000000004
2052-09-25,0.00047000000000000004
2052-09-26,0.00047000000000000004
2052-09-27,0.00047000000000000004
2052-09-28,0.00047000000000000004
2052-09-29,0.00047000000000000004
2052-09-30,0.00047000000000000004
2052-10-01,0.00047000000000000004
2052-10-02,0.00047000000000000004
2052-10-03,0.00047000000000000004
2052-10-04,0.00047000000000000004
2052-10-05,0.00047000000000000004
2052-10-06,0.00047000000000000004
2052-10-07,0.00047000000000000004
2052-10-08,0.00047000000000000004
2052-10-09,0.00047000000000000004
2052-10-10,0.00047000000000000004
2052-10-11,0.00456
2052-10-12,0.02223
2052-10-13,0.00483
2052-10-14,0.01253
2052-10-15,0.00047000000000000004
2052-10-16,0.01648
2052-10-17,0.02079
2052-10-18,0.15347
2052-10-19,0.36758
2052-10-20,0.0007099999999999999
2052-10-21,0.00074
2052-10-22,0.00074
2052-10-23,0.00075
2052-10-24,0.00075
2052-10-25,0.00557
2052-10-26,0.00075
2052-10-27,0.00075
2052-10-28,0.00074
2052-10-29,0.00074
2052-10-30,0.00074
2052-10-31,0.00073
2052-11-01,0.00073
2052-11-02,0.00072
2052-11-03,0.00072
2052-11-04,0.00072
2052-11-05,0.00072
2052-11-06,0.0007099999999999999
2052-11-07,0.0007099999999999999
2052-11-08,0.0007099999999999999
2052-11-09,0.0007
2052-11-10,0.0007
2052-11-11,0.0022
2052-11-12,0.00371
2052-11-13,0.0030800000000000003
2052-11-14,0.0009
2052-11-15,0.0007
2052-11-16,0.0006900000000000001
2052-11-17,0.0006900000000000001
2052-11-18,0.0006900000000000001
2052-11-19,0.0006900000000000001
2052-11-20,0.0006900000000000001
2052-11-21,0.0006900000000000001
2052-11-22,0.0006900000000000001
2052-11-23,0.0788
2052-11-24,0.1656
2052-11-25,0.01374
2052-11-26,0.00125
2052-11-27,0.02576
2052-11-28,0.00845
2052-11-29,0.0009400000000000001
2052-11-30,0.01693
2052-12-01,0.00818
2052-12-02,0.00372
2052-12-03,0.0012699999999999999
2052-12-04,0.0010199999999999999
2052-12-05,0.00101
2052-12-06,0.00101
2052-12-07,0.0010199999999999999
2052-12-08,0.0010199999999999999
2052-12-09,0.0010199999999999999
2052-12-10,0.0010199999999999999
2052-12-11,0.00103
2052-12-12,0.00103
2052-12-13,0.00103
2052-12-14,0.0010199999999999999
2052-12-15,0.0010199999999999999
2052-12-16,0.0010199999999999999
2052-12-17,0.0010199999999999999
2052-12-18,0.0010199999999999999
2052-12-19,0.0010199999999999999
2052-12-20,0.0010199999999999999
2052-12-21,0.00112
2052-12-22,0.00249
2052-12-23,0.00101
2052-12-24,0.00179
2052-12-25,0.0029100000000000003
2052-12-26,0.00101
2052-12-27,0.00101
2052-12-28,0.0010199999999999999
2052-12-29,0.00101
2052-12-30,0.00101
2052-12-31,0.00101
2053-01-01,0.00101
2053-01-02,0.02201
2053-01-03,0.0283
2053-01-04,0.00525
2053-01-05,0.00185
2053-01-06,0.00245
2053-01-07,0.0036
2053-01-08,0.00463
2053-01-09,0.0041
2053-01-10,0.00305
2053-01-11,0.0011300000000000001
2053-01-12,0.00109
2053-01-13,0.00109
2053-01-14,0.00109
2053-01-15,0.00109
2053-01-16,0.00109
2053-01-17,0.00109
2053-01-18,0.00109
2053-01-19,0.00109
2053-01-20,0.00109
2053-01-21,0.00109
2053-01-22,0.00108
2053-01-23,0.00108
2053-01-24,0.00365
2053-01-25,0.011179999999999999
2053-01-26,0.018690000000000002
2053-01-27,0.00656
2053-01-28,0.0011
2053-01-29,0.02706
2053-01-30,0.058289999999999995
2053-01-31,0.05346
2053-02-01,0.03229
2053-02-02,0.03885
2053-02-03,0.10811
2053-02-04,0.1603
2053-02-05,0.09174
2053-02-06,0.07337
2053-02-07,0.09326
2053-02-08,0.10121000000000001
2053-02-09,0.1025
2053-02-10,0.08924
2053-02-11,0.08602
2053-02-12,0.08831
2053-02-13,0.09758
2053-02-14,0.0927
2053-02-15,0.08552
2053-02-16,0.0863
2053-02-17,0.08312
2053-02-18,0.08292999999999999
2053-02-19,0.07312
2053-02-20,0.06833
2053-02-21,0.06301
2053-02-22,0.05778
2053-02-23,0.05831
2053-02-24,0.06019
2053-02-25,0.06963
2053-02-26,0.04899
2053-02-27,0.0494
2053-02-28,0.047510000000000004
2053-03-01,0.044360000000000004
2053-03-02,0.04069
2053-03-03,0.03717
2053-03-04,0.034089999999999995
2053-03-05,0.05061
2053-03-06,0.14269
2053-03-07,0.18636
2053-03-08,0.14945999999999998
2053-03-09,0.14653
2053-03-10,0.13380999999999998
2053-03-11,0.13129000000000002
2053-03-12,0.13417
2053-03-13,0.12277
2053-03-14,0.11510999999999999
2053-03-15,0.10902
2053-03-16,0.10296
2053-03-17,0.09694
2053-03-18,0.09022000000000001
2053-03-19,0.07959
2053-03-20,0.09157
2053-03-21,0.06909
2053-03-22,0.0644
2053-03-23,0.058589999999999996
2053-03-24,0.05301
2053-03-25,0.047619999999999996
2053-03-26,0.04286
2053-03-27,0.0388
2053-03-28,0.035
2053-03-29,0.03154
2053-03-30,0.02864
2053-03-31,0.02584
2053-04-01,0.02311
2053-04-02,0.02054
2053-04-03,0.0181
2053-04-04,0.015880000000000002
2053-04-05,0.013819999999999999
2053-04-06,0.01184
2053-04-07,0.01023
2053-04-08,0.0255
2053-04-09,0.019880000000000002
2053-04-10,0.0156
2053-04-11,0.08403
2053-04-12,0.07359
2053-04-13,0.03584
2053-04-14,0.03852
2053-04-15,0.03676
2053-04-16,0.0339
2053-04-17,0.03088
2053-04-18,0.02833
2053-04-19,0.03704
2053-04-20,0.04929
2053-04-21,0.044539999999999996
2053-04-22,0.052410000000000005
2053-04-23,0.0486
2053-04-24,0.053020000000000005
2053-04-25,0.04983
2053-04-26,0.05325
2053-04-27,0.04691
2053-04-28,0.043789999999999996
2053-04-29,0.039689999999999996
2053-04-30,0.03553
2053-05-01,0.03136
2053-05-02,0.027780000000000003
2053-05-03,0.024669999999999997
2053-05-04,0.02162
2053-05-05,0.01867
2053-05-06,0.016040000000000002
2053-05-07,0.01396
2053-05-08,0.012440000000000001
2053-05-09,0.01096
2053-05-10,0.009340000000000001
2053-05-11,0.00807
2053-05-12,0.01082
2053-05-13,0.02102
2053-05-14,0.028739999999999998
2053-05-15,0.0136
2053-05-16,0.00867
2053-05-17,0.008740000000000001
2053-05-18,0.00805
2053-05-19,0.006940000000000001
2053-05-20,0.00573
2053-05-21,0.00471
2053-05-22,0.0037700000000000003
2053-05-23,0.00298
2053-05-24,0.0038799999999999998
2053-05-25,0.00229
2053-05-26,0.00248
2053-05-27,0.00238
2053-05-28,0.0048200000000000005
2053-05-29,0.0018399999999999998
2053-05-30,0.00158
2053-05-31,0.0013599999999999999
2053-06-01,0.00125
2053-06-02,0.00122
2053-06-03,0.0012
2053-06-04,0.00119
2053-06-05,0.00118
2053-06-06,0.00116
2053-06-07,0.00115
2053-06-08,0.0011300000000000001
2053-06-09,0.0011099999999999999
2053-06-10,0.00109
2053-06-11,0.00107
2053-06-12,0.00106
2053-06-13,0.0010400000000000001
2053-06-14,0.00103
2053-06-15,0.00101
2053-06-16,0.00099
2053-06-17,0.00098
2053-06-18,0.0009699999999999999
2053-06-19,0.00095
2053-06-20,0.0009400000000000001
2053-06-21,0.00093
2053-06-22,0.00091
2053-06-23,0.0009
2053-06-24,0.00088
2053-06-25,0.00086
2053-06-26,0.00084
2053-06-27,0.00082
2053-06-28,0.0008
2053-06-29,0.00079
2053-06-30,0.0007700000000000001
2053-07-01,0.00075
2053-07-02,0.00073
2053-07-03,0.00072
2053-07-04,0.0007
2053-07-05,0.0006799999999999999
2053-07-06,0.00067
2053-07-07,0.00065
2053-07-08,0.00064
2053-07-09,0.00062
2053-07-10,0.00061
2053-07-11,0.0006
2053-07-12,0.00058
2053-07-13,0.00057
2053-07-14,0.00056
2053-07-15,0.00055
2053-07-16,0.00054
2053-07-17,0.00053
2053-07-18,0.0005200000000000001
2053-07-19,0.0005200000000000001
2053-07-20,0.0005099999999999999
2053-07-21,0.0005099999999999999
2053-07-22,0.0005
2053-07-23,0.0005
2053-07-24,0.0005
2053-07-25,0.00049
2053-07-26,0.00049
2053-07-27,0.00049
2053-07-28,0.00049
2053-07-29,0.00047999999999999996
2053-07-30,0.00047999999999999996
2053-07-31,0.00047999999999999996
2053-08-01,0.00047999999999999996
2053-08-02,0.00047999999999999996
2053-08-03,0.00047999999999999996
2053-08-04,0.00047999999999999996
2053-08-05,0.00047999999999999996
2053-08-06,0.00047999999999999996
2053-08-07,0.00047999999999999996
2053-08-08,0.00047999999999999996
2053-08-09,0.00047999999999999996
2053-08-10,0.00047999999999999996
2053-08-11,0.00047999999999999996
2053-08-12,0.00047999999999999996
2053-08-13,0.00047999999999999996
2053-08-14,0.00047999999999999996
2053-08-15,0.00047999999999999996
2053-08-16,0.00047999999999999996
2053-08-17,0.00047999999999999996
2053-08-18,0.00047999999999999996
2053-08-19,0.00047999999999999996
2053-08-20,0.00047999999999999996
2053-08-21,0.00047999999999999996
2053-08-22,0.00047999999999999996
2053-08-23,0.00047999999999999996
2053-08-24,0.00047999999999999996
2053-08-25,0.00047999999999999996
2053-08-26,0.00047999999999999996
2053-08-27,0.00047999999999999996
2053-08-28,0.00047999999999999996
2053-08-29,0.00047999999999999996
2053-08-30,0.00047999999999999996
2053-08-31,0.00047999999999999996
2053-09-01,0.00047999999999999996
2053-09-02,0.00047999999999999996
2053-09-03,0.00047999999999999996
2053-09-04,0.00047999999999999996
2053-09-05,0.00047999999999999996
2053-09-06,0.00047999999999999996
2053-09-07,0.00133
2053-09-08,0.00047999999999999996
2053-09-09,0.00047999999999999996
2053-09-10,0.00047999999999999996
2053-09-11,0.00047000000000000004
2053-09-12,0.00047000000000000004
2053-09-13,0.00047000000000000004
2053-09-14,0.00047000000000000004
2053-09-15,0.00047000000000000004
2053-09-16,0.00047000000000000004
2053-09-17,0.00047000000000000004
2053-09-18,0.00047000000000000004
2053-09-19,0.00047000000000000004
2053-09-20,0.00047000000000000004
2053-09-21,0.00047000000000000004
2053-09-22,0.00047000000000000004
2053-09-23,0.00047000000000000004
2053-09-24,0.00047000000000000004
2053-09-25,0.0034200000000000003
2053-09-26,0.03478
2053-09-27,0.01516
2053-09-28,0.00047999999999999996
2053-09-29,0.00047999999999999996
2053-09-30,0.00047999999999999996
2053-10-01,0.00047999999999999996
2053-10-02,0.00047999999999999996
2053-10-03,0.00677
2053-10-04,0.01494
2053-10-05,0.03412
2053-10-06,0.0005200000000000001
2053-10-07,0.00054
2053-10-08,0.00054
2053-10-09,0.00055
2053-10-10,0.00055
2053-10-11,0.00057
2053-10-12,0.00055
2053-10-13,0.00223
2053-10-14,0.00056
2053-10-15,0.00056
2053-10-16,0.00055
2053-10-17,0.00055
2053-10-18,0.00055
2053-10-19,0.00055
2053-10-20,0.00055
2053-10-21,0.00054
2053-10-22,0.00054
2053-10-23,0.00054
2053-10-24,0.00054
2053-10-25,0.00053
2053-10-26,0.00053
2053-10-27,0.00053
2053-10-28,0.00053
2053-10-29,0.0005200000000000001
2053-10-30,0.0005200000000000001
2053-10-31,0.0005200000000000001
2053-11-01,0.0005200000000000001
2053-11-02,0.0005200000000000001
2053-11-03,0.0005200000000000001
2053-11-04,0.0005200000000000001
2053-11-05,0.0005200000000000001
2053-11-06,0.0005099999999999999
2053-11-07,0.0005099999999999999
2053-11-08,0.0005099999999999999
2053-11-09,0.0005099999999999999
2053-11-10,0.0005099999999999999
2053-11-11,0.01484
2053-11-12,0.06783
2053-11-13,0.00054
2053-11-14,0.00056
2053-11-15,0.00057
2053-11-16,0.00058
2053-11-17,0.00058
2053-11-18,0.00059
2053-11-19,0.00059
2053-11-20,0.00059
2053-11-21,0.00059
2053-11-22,0.00059
2053-11-23,0.00059
2053-11-24,0.00059
2053-11-25,0.00059
2053-11-26,0.00059
2053-11-27,0.00059
2053-11-28,0.00059
2053-11-29,0.00062
2053-11-30,0.00059
2053-12-01,0.00059
2053-12-02,0.00059
2053-12-03,0.00175
2053-12-04,0.00059
2053-12-05,0.00059
2053-12-06,0.00059
2053-12-07,0.00059
2053-12-08,0.00058
2053-12-09,0.0017699999999999999
2053-12-10,0.016319999999999998
2053-12-11,0.016730000000000002
2053-12-12,0.00059
2053-12-13,0.00059
2053-12-14,0.0006
2053-12-15,0.0006
2053-12-16,0.0006
2053-12-17,0.0006
2053-12-18,0.00251
2053-12-19,0.00576
2053-12-20,0.01591
2053-12-21,0.01163
2053-12-22,0.00063
2053-12-23,0.00082
2053-12-24,0.00064
2053-12-25,0.00065
2053-12-26,0.00065
2053-12-27,0.00065
2053-12-28,0.00135
2053-12-29,0.00065
2053-12-30,0.00065
2053-12-31,0.00221
2054-01-01,0.0006799999999999999
2054-01-02,0.00065
2054-01-03,0.00065
2054-01-04,0.0015
2054-01-05,0.02186
2054-01-06,0.09985
2054-01-07,0.02128
2054-01-08,0.00079
2054-01-09,0.0008
2054-01-10,0.00081
2054-01-11,0.00081
2054-01-12,0.00081
2054-01-13,0.00081
2054-01-14,0.00081
2054-01-15,0.00755
2054-01-16,0.007209999999999999
2054-01-17,0.00175
2054-01-18,0.0008900000000000001
2054-01-19,0.00098
2054-01-20,0.0008300000000000001
2054-01-21,0.0008300000000000001
2054-01-22,0.0025800000000000003
2054-01-23,0.00228
2054-01-24,0.0008300000000000001
2054-01-25,0.0008300000000000001
2054-01-26,0.0008300000000000001
2054-01-27,0.00161
2054-01-28,0.0008300000000000001
2054-01-29,0.0008300000000000001
2054-01-30,0.0008300000000000001
2054-01-31,0.0011
2054-02-01,0.00084
2054-02-02,0.00082
2054-02-03,0.01554
2054-02-04,0.006
2054-02-05,0.00082
2054-02-06,0.00082
2054-02-07,0.00082
2054-02-08,0.00562
2054-02-09,0.00634
2054-02-10,0.09158999999999999
2054-02-11,0.10435
2054-02-12,0.07522999999999999
2054-02-13,0.00228
2054-02-14,0.00554
2054-02-15,0.00164
2054-02-16,0.0011300000000000001
2054-02-17,0.0011300000000000001
2054-02-18,0.00114
2054-02-19,0.00114
2054-02-20,0.0011300000000000001
2054-02-21,0.0011300000000000001
2054-02-22,0.0011300000000000001
2054-02-23,0.0011300000000000001
2054-02-24,0.00112
2054-02-25,0.004079999999999999
2054-02-26,0.01228
2054-02-27,0.026389999999999997
2054-02-28,0.038610000000000005
2054-03-01,0.23204
2054-03-02,0.46857
2054-03-03,0.04133
2054-03-04,0.032189999999999996
2054-03-05,0.08051
2054-03-06,0.37361
2054-03-07,0.10879000000000001
2054-03-08,0.09639
2054-03-09,0.09296
2054-03-10,0.08589
2054-03-11,0.07802
2054-03-12,0.07016
2054-03-13,0.06359
2054-03-14,0.05802
2054-03-15,0.05347999999999999
2054-03-16,0.0483
2054-03-17,0.04816
2054-03-18,0.043660000000000004
2054-03-19,0.03826
2054-03-20,0.03563
2054-03-21,0.03277
2054-03-22,0.02998
2054-03-23,0.027160000000000004
2054-03-24,0.027489999999999997
2054-03-25,0.02275
2054-03-26,0.02075
2054-03-27,0.027889999999999998
2054-03-28,0.03125
2054-03-29,0.0305
2054-03-30,0.03503
2054-03-31,0.10994000000000001
2054-04-01,0.058620000000000005
2054-04-02,0.06802000000000001
2054-04-03,0.06759
2054-04-04,0.07192
2054-04-05,0.06031
2054-04-06,0.056260000000000004
2054-04-07,0.05219
2054-04-08,0.0476
2054-04-09,0.04295
2054-04-10,0.0416
2054-04-11,0.035289999999999995
2054-04-12,0.03218
2054-04-13,0.02876
2054-04-14,0.02532
2054-04-15,0.02461
2054-04-16,0.020640000000000002
2054-04-17,0.01874
2054-04-18,0.02047
2054-04-19,0.015390000000000001
2054-04-20,0.013680000000000001
2054-04-21,0.01175
2054-04-22,0.009890000000000001
2054-04-23,0.008870000000000001
2054-04-24,0.0069099999999999995
2054-04-25,0.00571
2054-04-26,0.0046700000000000005
2054-04-27,0.00375
2054-04-28,0.00299
2054-04-29,0.0024100000000000002
2054-04-30,0.00246
2054-05-01,0.00165
2054-05-02,0.0048
2054-05-03,0.00141
2054-05-04,0.00133
2054-05-05,0.00128
2054-05-06,0.00123
2054-05-07,0.00121
2054-05-08,0.0012
2054-05-09,0.01828
2054-05-10,0.0157
2054-05-11,0.00119
2054-05-12,0.00118
2054-05-13,0.00118
2054-05-14,0.00117
2054-05-15,0.00116
2054-05-16,0.00115
2054-05-17,0.00114
2054-05-18,0.0011300000000000001
2054-05-19,0.00112
2054-05-20,0.0011099999999999999
2054-05-21,0.0011
2054-05-22,0.0011
2054-05-23,0.00141
2054-05-24,0.00109
2054-05-25,0.00771
2054-05-26,0.00108
2054-05-27,0.00107
2054-05-28,0.00106
2054-05-29,0.0010400000000000001
2054-05-30,0.00103
2054-05-31,0.0010199999999999999
2054-06-01,0.00101
2054-06-02,0.00099
2054-06-03,0.00098
2054-06-04,0.0009699999999999999
2054-06-05,0.00095
2054-06-06,0.0009400000000000001
2054-06-07,0.0009199999999999999
2054-06-08,0.0009
2054-06-09,0.0008900000000000001
2054-06-10,0.0008699999999999999
2054-06-11,0.00085
2054-06-12,0.0008300000000000001
2054-06-13,0.00082
2054-06-14,0.00081
2054-06-15,0.00079
2054-06-16,0.00131
2054-06-17,0.00078
2054-06-18,0.0007700000000000001
2054-06-19,0.00075
2054-06-20,0.00074
2054-06-21,0.00073
2054-06-22,0.00072
2054-06-23,0.0007
2054-06-24,0.0006799999999999999
2054-06-25,0.00067
2054-06-26,0.00066
2054-06-27,0.00064
2054-06-28,0.00063
2054-06-29,0.00061
2054-06-30,0.0006
2054-07-01,0.00059
2054-07-02,0.00058
2054-07-03,0.00056
2054-07-04,0.00055
2054-07-05,0.00054
2054-07-06,0.00054
2054-07-07,0.00053
2054-07-08,0.0005200000000000001
2054-07-09,0.0005099999999999999
2054-07-10,0.0005099999999999999
2054-07-11,0.0005
2054-07-12,0.0005
2054-07-13,0.00049
2054-07-14,0.00049
2054-07-15,0.00049
2054-07-16,0.00049
2054-07-17,0.00047999999999999996
2054-07-18,0.00047999999999999996
2054-07-19,0.00047999999999999996
2054-07-20,0.00047999999999999996
2054-07-21,0.00047999999999999996
2054-07-22,0.00047999999999999996
2054-07-23,0.00047999999999999996
2054-07-24,0.00047999999999999996
2054-07-25,0.00047999999999999996
2054-07-26,0.00047999999999999996
2054-07-27,0.00047999999999999996
2054-07-28,0.00047999999999999996
2054-07-29,0.00047999999999999996
2054-07-30,0.00047999999999999996
2054-07-31,0.00047999999999999996
2054-08-01,0.00047999999999999996
2054-08-02,0.00047999999999999996
2054-08-03,0.00047999999999999996
2054-08-04,0.00047999999999999996
2054-08-05,0.00047999999999999996
2054-08-06,0.00047999999999999996
2054-08-07,0.00047999999999999996
2054-08-08,0.00047999999999999996
2054-08-09,0.00047999999999999996
2054-08-10,0.00047999999999999996
2054-08-11,0.00047999999999999996
2054-08-12,0.00047999999999999996
2054-08-13,0.00047999999999999996
2054-08-14,0.00047999999999999996
2054-08-15,0.00047999999999999996
2054-08-16,0.00047999999999999996
2054-08-17,0.00047999999999999996
2054-08-18,0.00047999999999999996
2054-08-19,0.00047999999999999996
2054-08-20,0.00047999999999999996
2054-08-21,0.00047999999999999996
2054-08-22,0.00047999999999999996
2054-08-23,0.00047999999999999996
2054-08-24,0.00047999999999999996
2054-08-25,0.00047999999999999996
2054-08-26,0.00047999999999999996
2054-08-27,0.00047999999999999996
2054-08-28,0.00047999999999999996
2054-08-29,0.00047999999999999996
2054-08-30,0.00047000000000000004
2054-08-31,0.00047000000000000004
2054-09-01,0.00047000000000000004
2054-09-02,0.00047000000000000004
2054-09-03,0.00047000000000000004
2054-09-04,0.00047000000000000004
2054-09-05,0.00047000000000000004
2054-09-06,0.00047000000000000004
2054-09-07,0.00047000000000000004
2054-09-08,0.00047000000000000004
2054-09-09,0.00047000000000000004
2054-09-10,0.00047000000000000004
2054-09-11,0.00047000000000000004
2054-09-12,0.00047000000000000004
2054-09-13,0.00047000000000000004
2054-09-14,0.00047000000000000004
2054-09-15,0.00047000000000000004
2054-09-16,0.00047000000000000004
2054-09-17,0.00047000000000000004
2054-09-18,0.00047000000000000004
2054-09-19,0.00047000000000000004
2054-09-20,0.00047000000000000004
2054-09-21,0.00047000000000000004
2054-09-22,0.00047000000000000004
2054-09-23,0.00047000000000000004
2054-09-24,0.00047000000000000004
2054-09-25,0.00047000000000000004
2054-09-26,0.00047000000000000004
2054-09-27,0.00047000000000000004
2054-09-28,0.00047000000000000004
2054-09-29,0.00047000000000000004
2054-09-30,0.00047000000000000004
2054-10-01,0.00047000000000000004
2054-10-02,0.00047000000000000004
2054-10-03,0.00109
2054-10-04,0.00047000000000000004
2054-10-05,0.00047000000000000004
2054-10-06,0.00047000000000000004
2054-10-07,0.00047000000000000004
2054-10-08,0.00047000000000000004
2054-10-09,0.00047000000000000004
2054-10-10,0.00047000000000000004
2054-10-11,0.00047000000000000004
2054-10-12,0.00047000000000000004
2054-10-13,0.00047000000000000004
2054-10-14,0.00047000000000000004
2054-10-15,0.00047000000000000004
2054-10-16,0.00047000000000000004
2054-10-17,0.00047000000000000004
2054-10-18,0.00047000000000000004
2054-10-19,0.00047999999999999996
2054-10-20,0.00128
2054-10-21,0.00047000000000000004
2054-10-22,0.00047000000000000004
2054-10-23,0.00047000000000000004
2054-10-24,0.00047000000000000004
2054-10-25,0.00047000000000000004
2054-10-26,0.00047000000000000004
2054-10-27,0.00047000000000000004
2054-10-28,0.00047000000000000004
2054-10-29,0.00267
2054-10-30,0.00281
2054-10-31,0.006940000000000001
2054-11-01,0.0006
2054-11-02,0.00047000000000000004
2054-11-03,0.00047000000000000004
2054-11-04,0.00047000000000000004
2054-11-05,0.00047000000000000004
2054-11-06,0.00047000000000000004
2054-11-07,0.00047000000000000004
2054-11-08,0.00047000000000000004
2054-11-09,0.01678
2054-11-10,0.00047000000000000004
2054-11-11,0.00247
2054-11-12,0.00924
2054-11-13,0.01914
2054-11-14,0.00047000000000000004
2054-11-15,0.00047000000000000004
2054-11-16,0.00047999999999999996
2054-11-17,0.00047999999999999996
2054-11-18,0.00923
2054-11-19,0.00049
2054-11-20,0.00193
2054-11-21,0.00049
2054-11-22,0.0005
2054-11-23,0.0005
2054-11-24,0.0005
2054-11-25,0.0005
2054-11-26,0.00524
2054-11-27,0.07271
2054-11-28,0.034839999999999996
2054-11-29,0.00061
2054-11-30,0.00063
2054-12-01,0.00352
2054-12-02,0.00064
2054-12-03,0.00065
2054-12-04,0.00065
2054-12-05,0.00065
2054-12-06,0.00066
2054-12-07,0.0025800000000000003
2054-12-08,0.00066
2054-12-09,0.00066
2054-12-10,0.00066
2054-12-11,0.00066
2054-12-12,0.00066
2054-12-13,0.00066
2054-12-14,0.00066
2054-12-15,0.00066
2054-12-16,0.00066
2054-12-17,0.00066
2054-12-18,0.01385
2054-12-19,0.02325
2054-12-20,0.00463
2054-12-21,0.01926
2054-12-22,0.09607
2054-12-23,0.044430000000000004
2054-12-24,0.03468
2054-12-25,0.0421
2054-12-26,0.03575
2054-12-27,0.00484
2054-12-28,0.0010199999999999999
2054-12-29,0.026289999999999997
2054-12-30,0.015330000000000002
2054-12-31,0.02642
2055-01-01,0.030189999999999998
2055-01-02,0.10397999999999999
2055-01-03,0.00235
2055-01-04,0.00331
2055-01-05,0.004220000000000001
2055-01-06,0.00487
2055-01-07,0.00617
2055-01-08,0.005679999999999999
2055-01-09,0.00583
2055-01-10,0.0058200000000000005
2055-01-11,0.019469999999999998
2055-01-12,0.00584
2055-01-13,0.00606
2055-01-14,0.01649
2055-01-15,0.00662
2055-01-16,0.006940000000000001
2055-01-17,0.0070599999999999994
2055-01-18,0.00701
2055-01-19,0.0069
2055-01-20,0.00678
2055-01-21,0.006659999999999999
2055-01-22,0.00861
2055-01-23,0.009890000000000001
2055-01-24,0.01529
2055-01-25,0.00903
2055-01-26,0.008029999999999999
2055-01-27,0.007379999999999999
2055-01-28,0.007509999999999999
2055-01-29,0.00759
2055-01-30,0.00763
2055-01-31,0.007520000000000001
2055-02-01,0.008320000000000001
2055-02-02,0.05646
2055-02-03,0.11335
2055-02-04,0.25695999999999997
2055-02-05,0.49104
2055-02-06,0.15642999999999999
2055-02-07,0.19225
2055-02-08,0.39699
2055-02-09,0.24539
2055-02-10,0.1242
2055-02-11,0.12320999999999999
2055-02-12,0.12297000000000001
2055-02-13,0.13271
2055-02-14,0.1441
2055-02-15,0.12212999999999999
2055-02-16,0.11785
2055-02-17,0.11199999999999999
2055-02-18,0.10298
2055-02-19,0.10155
2055-02-20,0.10184
2055-02-21,0.09479
2055-02-22,0.08317999999999999
2055-02-23,0.08057
2055-02-24,0.09185
2055-02-25,0.13943
2055-02-26,0.19326
2055-02-27,0.46896000000000004
2055-02-28,0.5566
2055-03-01,0.14809
2055-03-02,0.13633
2055-03-03,0.16953
2055-03-04,0.13476
2055-03-05,0.1277
2055-03-06,0.12796
2055-03-07,0.12969
2055-03-08,0.29452
2055-03-09,0.9162
2055-03-10,0.12343
2055-03-11,0.12343
2055-03-12,0.12343
2055-03-13,0.12343
2055-03-14,0.12144
2055-03-15,0.11217
2055-03-16,0.10107999999999999
2055-03-17,0.09084
2055-03-18,0.08108
2055-03-19,0.07187
2055-03-20,0.0636
2055-03-21,0.05633
2055-03-22,0.04989
2055-03-23,0.0442
2055-03-24,0.03968
2055-03-25,0.035789999999999995
2055-03-26,0.034710000000000005
2055-03-27,0.04172
2055-03-28,0.07841000000000001
2055-03-29,0.15699000000000002
2055-03-30,0.08712
2055-03-31,0.0794
2055-04-01,0.07716
2055-04-02,0.07216
2055-04-03,0.06698
2055-04-04,0.0615
2055-04-05,0.05563
2055-04-06,0.050910000000000004
2055-04-07,0.04509
2055-04-08,0.039830000000000004
2055-04-09,0.03532
2055-04-10,0.031439999999999996
2055-04-11,0.02835
2055-04-12,0.0258
2055-04-13,0.02323
2055-04-14,0.0206
2055-04-15,0.01819
2055-04-16,0.01605
2055-04-17,0.013930000000000001
2055-04-18,0.01196
2055-04-19,0.01018
2055-04-20,0.00857
2055-04-21,0.00883
2055-04-22,0.00639
2055-04-23,0.00554
2055-04-24,0.00456
2055-04-25,0.00371
2055-04-26,0.00302
2055-04-27,0.00246
2055-04-28,0.002
2055-04-29,0.0023
2055-04-30,0.00147
2055-05-01,0.00131
2055-05-02,0.00123
2055-05-03,0.0015400000000000001
2055-05-04,0.00686
2055-05-05,0.01733
2055-05-06,0.08195
2055-05-07,0.02081
2055-05-08,0.02304
2055-05-09,0.00869
2055-05-10,0.01077
2055-05-11,0.01073
2055-05-12,0.01043
2055-05-13,0.0094
2055-05-14,0.00809
2055-05-15,0.00674
2055-05-16,0.00545
2055-05-17,0.00432
2055-05-18,0.0061
2055-05-19,0.00329
2055-05-20,0.00286
2055-05-21,0.0023
2055-05-22,0.00198
2055-05-23,0.00175
2055-05-24,0.0015
2055-05-25,0.00132
2055-05-26,0.00123
2055-05-27,0.0012
2055-05-28,0.00119
2055-05-29,0.00118
2055-05-30,0.00116
2055-05-31,0.00115
2055-06-01,0.00114
2055-06-02,0.0011300000000000001
2055-06-03,0.0011099999999999999
2055-06-04,0.0011
2055-06-05,0.00108
2055-06-06,0.00106
2055-06-07,0.00105
2055-06-08,0.00103
2055-06-09,0.00101
2055-06-10,0.001
2055-06-11,0.00098
2055-06-12,0.0009599999999999999
2055-06-13,0.0009400000000000001
2055-06-14,0.0009199999999999999
2055-06-15,0.0009
2055-06-16,0.0008900000000000001
2055-06-17,0.0008699999999999999
2055-06-18,0.00085
2055-06-19,0.0008300000000000001
2055-06-20,0.00081
2055-06-21,0.00079
2055-06-22,0.0007700000000000001
2055-06-23,0.00075
2055-06-24,0.00507
2055-06-25,0.00073
2055-06-26,0.00773
2055-06-27,0.0007
2055-06-28,0.00604
2055-06-29,0.00085
2055-06-30,0.0006799999999999999
2055-07-01,0.00067
2055-07-02,0.00066
2055-07-03,0.00065
2055-07-04,0.00064
2055-07-05,0.00063
2055-07-06,0.00062
2055-07-07,0.0006
2055-07-08,0.00059
2055-07-09,0.00058
2055-07-10,0.00057
2055-07-11,0.00056
2055-07-12,0.00055
2055-07-13,0.00054
2055-07-14,0.00053
2055-07-15,0.0005200000000000001
2055-07-16,0.0005200000000000001
2055-07-17,0.0005099999999999999
2055-07-18,0.0005
2055-07-19,0.0005
2055-07-20,0.0005
2055-07-21,0.00049
2055-07-22,0.00049
2055-07-23,0.00049
2055-07-24,0.00049
2055-07-25,0.00047999999999999996
2055-07-26,0.00047999999999999996
2055-07-27,0.00047999999999999996
2055-07-28,0.00047999999999999996
2055-07-29,0.00047999999999999996
2055-07-30,0.00047999999999999996
2055-07-31,0.00047999999999999996
2055-08-01,0.00047999999999999996
2055-08-02,0.00047999999999999996
2055-08-03,0.00047999999999999996
2055-08-04,0.00047999999999999996
2055-08-05,0.00047999999999999996
2055-08-06,0.00047999999999999996
2055-08-07,0.00047999999999999996
2055-08-08,0.00047999999999999996
2055-08-09,0.00047999999999999996
2055-08-10,0.00047999999999999996
2055-08-11,0.00047999999999999996
2055-08-12,0.00047999999999999996
2055-08-13,0.00047999999999999996
2055-08-14,0.00047999999999999996
2055-08-15,0.00047999999999999996
2055-08-16,0.00047999999999999996
2055-08-17,0.00047999999999999996
2055-08-18,0.00047999999999999996
2055-08-19,0.00047999999999999996
2055-08-20,0.00047999999999999996
2055-08-21,0.00047999999999999996
2055-08-22,0.00047999999999999996
2055-08-23,0.00047999999999999996
2055-08-24,0.00047999999999999996
2055-08-25,0.00047999999999999996
2055-08-26,0.00047999999999999996
2055-08-27,0.00047999999999999996
2055-08-28,0.00047999999999999996
2055-08-29,0.00047999999999999996
2055-08-30,0.00047999999999999996
2055-08-31,0.00047999999999999996
2055-09-01,0.00047999999999999996
2055-09-02,0.00047999999999999996
2055-09-03,0.00047999999999999996
2055-09-04,0.00047999999999999996
2055-09-05,0.00047999999999999996
2055-09-06,0.00047999999999999996
2055-09-07,0.00047000000000000004
2055-09-08,0.00061
2055-09-09,0.00047000000000000004
2055-09-10,0.00047000000000000004
2055-09-11,0.00047000000000000004
2055-09-12,0.00047000000000000004
2055-09-13,0.00047000000000000004
2055-09-14,0.00047000000000000004
2055-09-15,0.00047000000000000004
2055-09-16,0.00047000000000000004
2055-09-17,0.00047000000000000004
2055-09-18,0.00047000000000000004
2055-09-19,0.00047000000000000004
2055-09-20,0.00047000000000000004
2055-09-21,0.00047000000000000004
2055-09-22,0.00047000000000000004
2055-09-23,0.00047000000000000004
2055-09-24,0.00047000000000000004
2055-09-25,0.00047000000000000004
2055-09-26,0.00047000000000000004
2055-09-27,0.00047000000000000004
2055-09-28,0.00047000000000000004
2055-09-29,0.00047000000000000004
2055-09-30,0.00047000000000000004
2055-10-01,0.00047000000000000004
2055-10-02,0.00047000000000000004
2055-10-03,0.00047000000000000004
2055-10-04,0.00047000000000000004
2055-10-05,0.00047000000000000004
2055-10-06,0.00047000000000000004
2055-10-07,0.00047000000000000004
2055-10-08,0.00047000000000000004
2055-10-09,0.00047000000000000004
2055-10-10,0.00047000000000000004
2055-10-11,0.00047000000000000004
2055-10-12,0.00047000000000000004
2055-10-13,0.00047000000000000004
2055-10-14,0.00047000000000000004
2055-10-15,0.00047000000000000004
2055-10-16,0.00047000000000000004
2055-10-17,0.00047000000000000004
2055-10-18,0.00047000000000000004
2055-10-19,0.00047000000000000004
2055-10-20,0.00047000000000000004
2055-10-21,0.00047000000000000004
2055-10-22,0.00047999999999999996
2055-10-23,0.0034100000000000003
2055-10-24,0.00591
2055-10-25,0.00047000000000000004
2055-10-26,0.00047000000000000004
2055-10-27,0.00047000000000000004
2055-10-28,0.00047000000000000004
2055-10-29,0.00047000000000000004
2055-10-30,0.00047000000000000004
2055-10-31,0.00047000000000000004
2055-11-01,0.00047000000000000004
2055-11-02,0.0036799999999999997
2055-11-03,0.00047000000000000004
2055-11-04,0.00047000000000000004
2055-11-05,0.00047000000000000004
2055-11-06,0.00047000000000000004
2055-11-07,0.00047000000000000004
2055-11-08,0.00047000000000000004
2055-11-09,0.00047000000000000004
2055-11-10,0.00047000000000000004
2055-11-11,0.00047000000000000004
2055-11-12,0.00047000000000000004
2055-11-13,0.00047000000000000004
2055-11-14,0.00047000000000000004
2055-11-15,0.00047000000000000004
2055-11-16,0.00047000000000000004
2055-11-17,0.00047000000000000004
2055-11-18,0.00047000000000000004
2055-11-19,0.004079999999999999
2055-11-20,0.00337
2055-11-21,0.03217
2055-11-22,0.11030999999999999
2055-11-23,0.34665999999999997
2055-11-24,0.03798
2055-11-25,0.03095
2055-11-26,0.16484000000000001
2055-11-27,0.02978
2055-11-28,0.0009199999999999999
2055-11-29,0.0009400000000000001
2055-11-30,0.00095
2055-12-01,0.01142
2055-12-02,0.00625
2055-12-03,0.00098
2055-12-04,0.00098
2055-12-05,0.00099
2055-12-06,0.00099
2055-12-07,0.00099
2055-12-08,0.00164
2055-12-09,0.015590000000000001
2055-12-10,0.011909999999999999
2055-12-11,0.00496
2055-12-12,0.00118
2055-12-13,0.0012
2055-12-14,0.0018100000000000002
2055-12-15,0.00131
2055-12-16,0.00292
2055-12-17,0.0011300000000000001
2055-12-18,0.00108
2055-12-19,0.00109
2055-12-20,0.00263
2055-12-21,0.0014
2055-12-22,0.00128
2055-12-23,0.0033200000000000005
2055-12-24,0.00303
2055-12-25,0.00409
2055-12-26,0.0025
2055-12-27,0.00162
2055-12-28,0.00305
2055-12-29,0.01011
2055-12-30,0.01293
2055-12-31,0.010490000000000001
2056-01-01,0.00526
2056-01-02,0.0032600000000000003
2056-01-03,0.0011300000000000001
2056-01-04,0.0011300000000000001
2056-01-05,0.00114
2056-01-06,0.01454
2056-01-07,0.02412
2056-01-08,0.00117
2056-01-09,0.0068200000000000005
2056-01-10,0.00118
2056-01-11,0.0306
2056-01-12,0.07063
2056-01-13,0.08198
2056-01-14,0.4488
2056-01-15,0.2234
2056-01-16,0.31931
2056-01-17,0.40210999999999997
2056-01-18,0.87921
2056-01-19,0.13101
2056-01-20,0.12285
2056-01-21,0.12269000000000001
2056-01-22,0.1235
2056-01-23,0.126
2056-01-24,0.2779
2056-01-25,1.01983
2056-01-26,0.13688
2056-01-27,0.12412999999999999
2056-01-28,0.12342
2056-01-29,0.21329
2056-01-30,0.69206
2056-01-31,0.17697000000000002
2056-02-01,0.12347999999999999
2056-02-02,0.12797
2056-02-03,0.17968
2056-02-04,0.18648
2056-02-05,0.29075
2056-02-06,0.18068
2056-02-07,0.25351
2056-02-08,0.28753
2056-02-09,0.27378
2056-02-10,0.25477
2056-02-11,0.12389000000000001
2056-02-12,0.12343
2056-02-13,0.12343
2056-02-14,0.127
2056-02-15,0.12927
2056-02-16,0.11847
2056-02-17,0.10889000000000001
2056-02-18,0.09794
2056-02-19,0.08747
2056-02-20,0.07828
2056-02-21,0.07017000000000001
2056-02-22,0.06291000000000001
2056-02-23,0.056470000000000006
2056-02-24,0.05092
2056-02-25,0.04658
2056-02-26,0.04381
2056-02-27,0.03954
2056-02-28,0.036539999999999996
2056-02-29,0.03305
2056-03-01,0.029660000000000002
2056-03-02,0.02642
2056-03-03,0.023540000000000002
2056-03-04,0.02121
2056-03-05,0.02085
2056-03-06,0.03731
2056-03-07,0.0547
2056-03-08,0.0215
2056-03-09,0.09994
2056-03-10,0.27569
2056-03-11,0.20811999999999997
2056-03-12,0.28261
2056-03-13,0.86375
2056-03-14,0.67814
2056-03-15,0.37023
2056-03-16,0.30729
2056-03-17,0.49968999999999997
2056-03-18,0.39444
2056-03-19,0.37156
2056-03-20,0.12343
2056-03-21,0.17815
2056-03-22,0.18162999999999999
2056-03-23,0.12343
2056-03-24,0.12512
2056-03-25,0.12924000000000002
2056-03-26,0.12339000000000001
2056-03-27,0.12095
2056-03-28,0.13533
2056-03-29,0.10535
2056-03-30,0.09762
2056-03-31,0.08878
2056-04-01,0.08227999999999999
2056-04-02,0.07169
2056-04-03,0.06322
2056-04-04,0.05892000000000001
2056-04-05,0.05184
2056-04-06,0.057260000000000005
2056-04-07,0.04431
2056-04-08,0.04085
2056-04-09,0.04732
2056-04-10,0.05844
2056-04-11,0.055999999999999994
2056-04-12,0.04318
2056-04-13,0.044430000000000004
2056-04-14,0.05951
2056-04-15,0.04175
2056-04-16,0.03998
2056-04-17,0.03662
2056-04-18,0.03283
2056-04-19,0.07474
2056-04-20,0.16267
2056-04-21,0.18516
2056-04-22,0.27394
2056-04-23,0.14082999999999998
2056-04-24,0.12272999999999999
2056-04-25,0.12205
2056-04-26,0.14369
2056-04-27,0.1149
2056-04-28,0.10851
2056-04-29,0.11989000000000001
2056-04-30,0.09412000000000001
2056-05-01,0.08598
2056-05-02,0.07683
2056-05-03,0.06803
2056-05-04,0.060529999999999994
2056-05-05,0.054189999999999995
2056-05-06,0.04774
2056-05-07,0.041339999999999995
2056-05-08,0.03538
2056-05-09,0.0299
2056-05-10,0.025269999999999997
2056-05-11,0.02114
2056-05-12,0.01755
2056-05-13,0.014780000000000001
2056-05-14,0.013880000000000002
2056-05-15,0.011909999999999999
2056-05-16,0.010459999999999999
2056-05-17,0.00889
2056-05-18,0.0074
2056-05-19,0.00583
2056-05-20,0.004370000000000001
2056-05-21,0.0031100000000000004
2056-05-22,0.00216
2056-05-23,0.00155
2056-05-24,0.00128
2056-05-25,0.00122
2056-05-26,0.00121
2056-05-27,0.0012
2056-05-28,0.00118
2056-05-29,0.00318
2056-05-30,0.00116
2056-05-31,0.00147
2056-06-01,0.0011300000000000001
2056-06-02,0.00112
2056-06-03,0.0011
2056-06-04,0.00108
2056-06-05,0.00106
2056-06-06,0.00105
2056-06-07,0.00103
2056-06-08,0.00101
2056-06-09,0.00099
2056-06-10,0.0009699999999999999
2056-06-11,0.00095
2056-06-12,0.00093
2056-06-13,0.00091
2056-06-14,0.0008900000000000001
2056-06-15,0.0008699999999999999
2056-06-16,0.00085
2056-06-17,0.0008300000000000001
2056-06-18,0.00081
2056-06-19,0.00079
2056-06-20,0.0007700000000000001
2056-06-21,0.00075
2056-06-22,0.00073
2056-06-23,0.00072
2056-06-24,0.0007
2056-06-25,0.0006900000000000001
2056-06-26,0.00067
2056-06-27,0.00066
2056-06-28,0.00065
2056-06-29,0.00063
2056-06-30,0.00062
2056-07-01,0.00061
2056-07-02,0.00059
2056-07-03,0.00058
2056-07-04,0.00057
2056-07-05,0.00056
2056-07-06,0.00055
2056-07-07,0.00054
2056-07-08,0.00053
2056-07-09,0.0005200000000000001
2056-07-10,0.0005200000000000001
2056-07-11,0.0005099999999999999
2056-07-12,0.0005
2056-07-13,0.0005
2056-07-14,0.0005
2056-07-15,0.00049
2056-07-16,0.00049
2056-07-17,0.0007099999999999999
2056-07-18,0.00049
2056-07-19,0.00047999999999999996
2056-07-20,0.00047999999999999996
2056-07-21,0.00047999999999999996
2056-07-22,0.00047999999999999996
2056-07-23,0.00047999999999999996
2056-07-24,0.00047999999999999996
2056-07-25,0.00047999999999999996
2056-07-26,0.00047999999999999996
2056-07-27,0.00047999999999999996
2056-07-28,0.00047999999999999996
2056-07-29,0.00047999999999999996
2056-07-30,0.00047999999999999996
2056-07-31,0.00047999999999999996
2056-08-01,0.00047999999999999996
2056-08-02,0.00047999999999999996
2056-08-03,0.00047999999999999996
2056-08-04,0.00047999999999999996
2056-08-05,0.00047999999999999996
2056-08-06,0.00047999999999999996
2056-08-07,0.00047999999999999996
2056-08-08,0.00047999999999999996
2056-08-09,0.0005099999999999999
2056-08-10,0.00047999999999999996
2056-08-11,0.00047999999999999996
2056-08-12,0.00047999999999999996
2056-08-13,0.00047999999999999996
2056-08-14,0.00047999999999999996
2056-08-15,0.00047999999999999996
2056-08-16,0.00047999999999999996
2056-08-17,0.00047999999999999996
2056-08-18,0.00047999999999999996
2056-08-19,0.00047999999999999996
2056-08-20,0.00047999999999999996
2056-08-21,0.00047999999999999996
2056-08-22,0.00047999999999999996
2056-08-23,0.00047999999999999996
2056-08-24,0.00047999999999999996
2056-08-25,0.00047999999999999996
2056-08-26,0.00047999999999999996
2056-08-27,0.00047999999999999996
2056-08-28,0.00047999999999999996
2056-08-29,0.00047999999999999996
2056-08-30,0.00047999999999999996
2056-08-31,0.00047999999999999996
2056-09-01,0.00047000000000000004
2056-09-02,0.00047000000000000004
2056-09-03,0.00047000000000000004
2056-09-04,0.00047000000000000004
2056-09-05,0.00047000000000000004
2056-09-06,0.00047000000000000004
2056-09-07,0.00047000000000000004
2056-09-08,0.00047000000000000004
2056-09-09,0.00047000000000000004
2056-09-10,0.00047000000000000004
2056-09-11,0.00047000000000000004
2056-09-12,0.00047000000000000004
2056-09-13,0.00047000000000000004
2056-09-14,0.00047000000000000004
2056-09-15,0.00047000000000000004
2056-09-16,0.00047000000000000004
2056-09-17,0.00047000000000000004
2056-09-18,0.00047000000000000004
2056-09-19,0.00047000000000000004
2056-09-20,0.0068200000000000005
2056-09-21,0.00047000000000000004
2056-09-22,0.00047000000000000004
2056-09-23,0.00047000000000000004
2056-09-24,0.00047000000000000004
2056-09-25,0.00047000000000000004
2056-09-26,0.00047000000000000004
2056-09-27,0.00047000000000000004
2056-09-28,0.00047000000000000004
2056-09-29,0.0005
2056-09-30,0.00047000000000000004
2056-10-01,0.00047000000000000004
2056-10-02,0.00047000000000000004
2056-10-03,0.00047000000000000004
2056-10-04,0.00047000000000000004
2056-10-05,0.00047000000000000004
2056-10-06,0.00047000000000000004
2056-10-07,0.00047000000000000004
2056-10-08,0.00047000000000000004
2056-10-09,0.00047000000000000004
2056-10-10,0.00047000000000000004
2056-10-11,0.00047000000000000004
2056-10-12,0.00047000000000000004
2056-10-13,0.00047000000000000004
2056-10-14,0.00047000000000000004
2056-10-15,0.00047000000000000004
2056-10-16,0.00047000000000000004
2056-10-17,0.00075
2056-10-18,0.00435
2056-10-19,0.00532
2056-10-20,0.00082
2056-10-21,0.00047000000000000004
2056-10-22,0.00277
2056-10-23,0.00047000000000000004
2056-10-24,0.00047000000000000004
2056-10-25,0.00047000000000000004
2056-10-26,0.00047000000000000004
2056-10-27,0.00047000000000000004
2056-10-28,0.00047000000000000004
2056-10-29,0.00047000000000000004
2056-10-30,0.00047000000000000004
2056-10-31,0.00047000000000000004
2056-11-01,0.00047000000000000004
2056-11-02,0.00099
2056-11-03,0.01633
2056-11-04,0.00047000000000000004
2056-11-05,0.00047000000000000004
2056-11-06,0.00047000000000000004
2056-11-07,0.00047000000000000004
2056-11-08,0.00047000000000000004
2056-11-09,0.00047000000000000004
2056-11-10,0.00047000000000000004
2056-11-11,0.00047000000000000004
2056-11-12,0.00047000000000000004
2056-11-13,0.00863
2056-11-14,0.00237
2056-11-15,0.0023
2056-11-16,0.0179
2056-11-17,0.00047000000000000004
2056-11-18,0.00047000000000000004
2056-11-19,0.00047000000000000004
2056-11-20,0.0027300000000000002
2056-11-21,0.00047999999999999996
2056-11-22,0.00659
2056-11-23,0.13577999999999998
2056-11-24,0.14261
2056-11-25,0.33644
2056-11-26,0.14123
2056-11-27,0.00091
2056-11-28,0.0009400000000000001
2056-11-29,0.00619
2056-11-30,0.026010000000000002
2056-12-01,0.001
2056-12-02,0.00875
2056-12-03,0.00443
2056-12-04,0.01821
2056-12-05,0.01081
2056-12-06,0.00126
2056-12-07,0.00106
2056-12-08,0.006529999999999999
2056-12-09,0.00132
2056-12-10,0.00112
2056-12-11,0.00247
2056-12-12,0.00109
2056-12-13,0.00109
2056-12-14,0.00648
2056-12-15,0.00109
2056-12-16,0.00109
2056-12-17,0.0011
2056-12-18,0.00485
2056-12-19,0.03959
2056-12-20,0.05001
2056-12-21,0.1149
2056-12-22,0.00555
2056-12-23,0.09224
2056-12-24,0.06733
2056-12-25,0.04342
2056-12-26,0.039580000000000004
2056-12-27,0.041069999999999995
2056-12-28,0.04055
2056-12-29,0.0392
2056-12-30,0.03758
2056-12-31,0.035769999999999996
2057-01-01,0.06506
2057-01-02,0.15092
2057-01-03,0.11871
2057-01-04,0.10933
2057-01-05,0.10636
2057-01-06,0.10285
2057-01-07,0.0934
2057-01-08,0.08774
2057-01-09,0.08072
2057-01-10,0.07347999999999999
2057-01-11,0.06695
2057-01-12,0.08384
2057-01-13,0.2081
2057-01-14,0.39039
2057-01-15,0.7005899999999999
2057-01-16,0.82915
2057-01-17,0.15600999999999998
2057-01-18,0.12343
2057-01-19,0.12343
2057-01-20,0.12825999999999999
2057-01-21,0.24191999999999997
2057-01-22,0.41936999999999997
2057-01-23,0.8526600000000001
2057-01-24,1.0214299999999998
2057-01-25,0.8283799999999999
2057-01-26,0.65067
2057-01-27,0.25413
2057-01-28,0.24206
2057-01-29,0.13652999999999998
2057-01-30,0.12382
2057-01-31,0.15267
2057-02-01,0.15345999999999999
2057-02-02,0.24533000000000002
2057-02-03,0.12587
2057-02-04,0.13144
2057-02-05,0.1246
2057-02-06,0.13935
2057-02-07,0.13692000000000001
2057-02-08,0.18114
2057-02-09,0.13451
2057-02-10,0.12537
2057-02-11,0.13360999999999998
2057-02-12,0.13239
2057-02-13,0.14343
2057-02-14,0.17289000000000002
2057-02-15,0.25916999999999996
2057-02-16,0.18391
2057-02-17,0.12586
2057-02-18,0.13263
2057-02-19,0.13509000000000002
2057-02-20,0.13835
2057-02-21,0.14778
2057-02-22,0.13005
2057-02-23,0.12655
2057-02-24,0.12862
2057-02-25,0.11519000000000001
2057-02-26,0.13213
2057-02-27,0.1086
2057-02-28,0.10042999999999999
2057-03-01,0.09307
2057-03-02,0.08456
2057-03-03,0.07611
2057-03-04,0.06833
2057-03-05,0.06125
2057-03-06,0.05512
2057-03-07,0.06387000000000001
2057-03-08,0.046439999999999995
2057-03-09,0.046060000000000004
2057-03-10,0.050480000000000004
2057-03-11,0.041839999999999995
2057-03-12,0.05554
2057-03-13,0.11546
2057-03-14,0.12100999999999999
2057-03-15,0.10493
2057-03-16,0.09222000000000001
2057-03-17,0.08952
2057-03-18,0.08321
2057-03-19,0.07576000000000001
2057-03-20,0.06807
2057-03-21,0.0745
2057-03-22,0.08227999999999999
2057-03-23,0.08993
2057-03-24,0.09385
2057-03-25,0.09283999999999999
2057-03-26,0.09764
2057-03-27,0.16608
2057-03-28,0.1795
2057-03-29,0.14096
2057-03-30,0.12232
2057-03-31,0.12268
2057-04-01,0.12491
2057-04-02,0.1148
2057-04-03,0.10349000000000001
2057-04-04,0.09382
2057-04-05,0.08482
2057-04-06,0.076
2057-04-07,0.06792000000000001
2057-04-08,0.06725
2057-04-09,0.056170000000000005
2057-04-10,0.05017
2057-04-11,0.07439
2057-04-12,0.05565
2057-04-13,0.04655
2057-04-14,0.045810000000000003
2057-04-15,0.04347
2057-04-16,0.0605
2057-04-17,0.07259
2057-04-18,0.047810000000000005
2057-04-19,0.049819999999999996
2057-04-20,0.04746
2057-04-21,0.0439
2057-04-22,0.04257
2057-04-23,0.05425
2057-04-24,0.13335
2057-04-25,0.08471000000000001
2057-04-26,0.077
2057-04-27,0.09162999999999999
2057-04-28,0.07919
2057-04-29,0.07357000000000001
2057-04-30,0.07194
2057-05-01,0.06383
2057-05-02,0.05815
2057-05-03,0.052000000000000005
2057-05-04,0.045919999999999996
2057-05-05,0.041069999999999995
2057-05-06,0.03812
2057-05-07,0.034980000000000004
2057-05-08,0.03137
2057-05-09,0.02766
2057-05-10,0.03393
2057-05-11,0.02198
2057-05-12,0.019430000000000003
2057-05-13,0.01741
2057-05-14,0.01515
2057-05-15,0.013000000000000001
2057-05-16,0.01096
2057-05-17,0.00919
2057-05-18,0.007529999999999999
2057-05-19,0.00604
2057-05-20,0.00479
2057-05-21,0.00371
2057-05-22,0.0027199999999999998
2057-05-23,0.0019199999999999998
2057-05-24,0.00145
2057-05-25,0.00125
2057-05-26,0.00122
2057-05-27,0.00121
2057-05-28,0.00119
2057-05-29,0.00118
2057-05-30,0.00116
2057-05-31,0.00114
2057-06-01,0.00112
2057-06-02,0.0011099999999999999
2057-06-03,0.00109
2057-06-04,0.00106
2057-06-05,0.0010400000000000001
2057-06-06,0.0010199999999999999
2057-06-07,0.00101
2057-06-08,0.00099
2057-06-09,0.0009699999999999999
2057-06-10,0.00095
2057-06-11,0.00093
2057-06-12,0.00091
2057-06-13,0.0008900000000000001
2057-06-14,0.0008699999999999999
2057-06-15,0.00086
2057-06-16,0.00084
2057-06-17,0.00082
2057-06-18,0.0008
2057-06-19,0.00078
2057-06-20,0.0007599999999999999
2057-06-21,0.00074
2057-06-22,0.00073
2057-06-23,0.0007099999999999999
2057-06-24,0.0006900000000000001
2057-06-25,0.0006799999999999999
2057-06-26,0.00066
2057-06-27,0.00065
2057-06-28,0.00063
2057-06-29,0.00062
2057-06-30,0.00061
2057-07-01,0.00059
2057-07-02,0.00058
2057-07-03,0.00057
2057-07-04,0.00056
2057-07-05,0.00055
2057-07-06,0.00054
2057-07-07,0.00053
2057-07-08,0.0005200000000000001
2057-07-09,0.0005200000000000001
2057-07-10,0.0005099999999999999
2057-07-11,0.0005
2057-07-12,0.0005
2057-07-13,0.0005
2057-07-14,0.00049
2057-07-15,0.00049
2057-07-16,0.00049
2057-07-17,0.00049
2057-07-18,0.00047999999999999996
2057-07-19,0.00047999999999999996
2057-07-20,0.00047999999999999996
2057-07-21,0.00047999999999999996
2057-07-22,0.00047999999999999996
2057-07-23,0.00047999999999999996
2057-07-24,0.00047999999999999996
2057-07-25,0.00047999999999999996
2057-07-26,0.00047999999999999996
2057-07-27,0.00047999999999999996
2057-07-28,0.00047999999999999996
2057-07-29,0.00047999999999999996
2057-07-30,0.00047999999999999996
2057-07-31,0.00047999999999999996
2057-08-01,0.00047999999999999996
2057-08-02,0.00047999999999999996
2057-08-03,0.00047999999999999996
2057-08-04,0.00047999999999999996
2057-08-05,0.00047999999999999996
2057-08-06,0.00047999999999999996
2057-08-07,0.00047999999999999996
2057-08-08,0.00047999999999999996
2057-08-09,0.00047999999999999996
2057-08-10,0.00047999999999999996
2057-08-11,0.00047999999999999996
2057-08-12,0.00047999999999999996
2057-08-13,0.00047999999999999996
2057-08-14,0.00047999999999999996
2057-08-15,0.00047999999999999996
2057-08-16,0.00047999999999999996
2057-08-17,0.00047999999999999996
2057-08-18,0.00047999999999999996
2057-08-19,0.00047999999999999996
2057-08-20,0.00047999999999999996
2057-08-21,0.00047999999999999996
2057-08-22,0.00047999999999999996
2057-08-23,0.00047999999999999996
2057-08-24,0.00047999999999999996
2057-08-25,0.00047999999999999996
2057-08-26,0.00047999999999999996
2057-08-27,0.00047999999999999996
2057-08-28,0.00047999999999999996
2057-08-29,0.00047999999999999996
2057-08-30,0.00047999999999999996
2057-08-31,0.00047999999999999996
2057-09-01,0.00047000000000000004
2057-09-02,0.00047000000000000004
2057-09-03,0.00047000000000000004
2057-09-04,0.00047000000000000004
2057-09-05,0.00047000000000000004
2057-09-06,0.00047000000000000004
2057-09-07,0.00047000000000000004
2057-09-08,0.00047000000000000004
2057-09-09,0.00047000000000000004
2057-09-10,0.00047000000000000004
2057-09-11,0.00047000000000000004
2057-09-12,0.00047000000000000004
2057-09-13,0.00047000000000000004
2057-09-14,0.00047000000000000004
2057-09-15,0.00047000000000000004
2057-09-16,0.00047000000000000004
2057-09-17,0.00047000000000000004
2057-09-18,0.00047000000000000004
2057-09-19,0.00047000000000000004
2057-09-20,0.00047000000000000004
2057-09-21,0.00047000000000000004
2057-09-22,0.00047000000000000004
2057-09-23,0.00047000000000000004
2057-09-24,0.00047000000000000004
2057-09-25,0.00047000000000000004
2057-09-26,0.00047000000000000004
2057-09-27,0.00047000000000000004
2057-09-28,0.00047000000000000004
2057-09-29,0.00047000000000000004
2057-09-30,0.00047000000000000004
2057-10-01,0.00047000000000000004
2057-10-02,0.00047000000000000004
2057-10-03,0.00047000000000000004
2057-10-04,0.00047000000000000004
2057-10-05,0.00047000000000000004
2057-10-06,0.00047000000000000004
2057-10-07,0.00047000000000000004
2057-10-08,0.00047000000000000004
2057-10-09,0.00047000000000000004
2057-10-10,0.00047000000000000004
2057-10-11,0.00047000000000000004
2057-10-12,0.00047000000000000004
2057-10-13,0.00047000000000000004
2057-10-14,0.00047000000000000004
2057-10-15,0.00047000000000000004
2057-10-16,0.00047000000000000004
2057-10-17,0.00047000000000000004
2057-10-18,0.00047000000000000004
2057-10-19,0.00047000000000000004
2057-10-20,0.00047000000000000004
2057-10-21,0.00047000000000000004
2057-10-22,0.00047000000000000004
2057-10-23,0.00047000000000000004
2057-10-24,0.00047000000000000004
2057-10-25,0.00047000000000000004
2057-10-26,0.00047000000000000004
2057-10-27,0.00047000000000000004
2057-10-28,0.00047000000000000004
2057-10-29,0.00047000000000000004
2057-10-30,0.00047000000000000004
2057-10-31,0.00047000000000000004
2057-11-01,0.00366
2057-11-02,0.02597
2057-11-03,0.00047000000000000004
2057-11-04,0.00047000000000000004
2057-11-05,0.00047000000000000004
2057-11-06,0.00047000000000000004
2057-11-07,0.00047000000000000004
2057-11-08,0.00047000000000000004
2057-11-09,0.00047000000000000004
2057-11-10,0.00047000000000000004
2057-11-11,0.00047000000000000004
2057-11-12,0.00047000000000000004
2057-11-13,0.00047000000000000004
2057-11-14,0.00047000000000000004
2057-11-15,0.00047000000000000004
2057-11-16,0.00047000000000000004
2057-11-17,0.00047000000000000004
2057-11-18,0.00047000000000000004
2057-11-19,0.00047000000000000004
2057-11-20,0.00047000000000000004
2057-11-21,0.00047000000000000004
2057-11-22,0.00047000000000000004
2057-11-23,0.00047000000000000004
2057-11-24,0.00047000000000000004
2057-11-25,0.00047000000000000004
2057-11-26,0.00047000000000000004
2057-11-27,0.00047000000000000004
2057-11-28,0.01596
2057-11-29,0.00047000000000000004
2057-11-30,0.00047000000000000004
2057-12-01,0.00047000000000000004
2057-12-02,0.00047000000000000004
2057-12-03,0.00047000000000000004
2057-12-04,0.00227
2057-12-05,0.00047000000000000004
2057-12-06,0.00047000000000000004
2057-12-07,0.00047000000000000004
2057-12-08,0.0033299999999999996
2057-12-09,0.00047000000000000004
2057-12-10,0.00047000000000000004
2057-12-11,0.00047000000000000004
2057-12-12,0.00047000000000000004
2057-12-13,0.00047000000000000004
2057-12-14,0.00047000000000000004
2057-12-15,0.00047000000000000004
2057-12-16,0.00047000000000000004
2057-12-17,0.00047000000000000004
2057-12-18,0.00047000000000000004
2057-12-19,0.0014
2057-12-20,0.00047000000000000004
2057-12-21,0.00047000000000000004
2057-12-22,0.00047000000000000004
2057-12-23,0.01495
2057-12-24,0.06165
2057-12-25,0.1058
2057-12-26,0.11002
2057-12-27,0.03403
2057-12-28,0.02744
2057-12-29,0.05554
2057-12-30,0.00826
2057-12-31,0.03052
2058-01-01,0.13064
2058-01-02,0.04963
2058-01-03,0.00108
2058-01-04,0.0011
2058-01-05,0.0011099999999999999
2058-01-06,0.00112
2058-01-07,0.00112
2058-01-08,0.0011300000000000001
2058-01-09,0.0011300000000000001
2058-01-10,0.0011300000000000001
2058-01-11,0.0011300000000000001
2058-01-12,0.0011300000000000001
2058-01-13,0.00116
2058-01-14,0.0011300000000000001
2058-01-15,0.00114
2058-01-16,0.0011300000000000001
2058-01-17,0.01726
2058-01-18,0.011479999999999999
2058-01-19,0.01215
2058-01-20,0.16477
2058-01-21,0.5648
2058-01-22,0.09256
2058-01-23,0.08033
2058-01-24,0.06649
2058-01-25,0.06741
2058-01-26,0.06109
2058-01-27,0.061189999999999994
2058-01-28,0.0626
2058-01-29,0.08362
2058-01-30,0.12658
2058-01-31,0.15657000000000001
2058-02-01,0.18547
2058-02-02,0.17015999999999998
2058-02-03,0.12789
2058-02-04,0.15750999999999998
2058-02-05,0.12176
2058-02-06,0.12068
2058-02-07,0.13271
2058-02-08,0.13327
2058-02-09,0.12032999999999999
2058-02-10,0.10969000000000001
2058-02-11,0.10307000000000001
2058-02-12,0.14911
2058-02-13,0.43909
2058-02-14,0.43453
2058-02-15,0.61039
2058-02-16,0.24769000000000002
2058-02-17,0.21263
2058-02-18,0.12343
2058-02-19,0.12343
2058-02-20,0.12343
2058-02-21,0.13155
2058-02-22,0.12270999999999999
2058-02-23,0.11782999999999999
2058-02-24,0.11065
2058-02-25,0.1611
2058-02-26,0.17704
2058-02-27,0.12634
2058-02-28,0.14598
2058-03-01,0.16195
2058-03-02,0.12387999999999999
2058-03-03,0.12222999999999999
2058-03-04,0.1217
2058-03-05,0.10901
2058-03-06,0.09876
2058-03-07,0.08843999999999999
2058-03-08,0.07887000000000001
2058-03-09,0.07039
2058-03-10,0.06345
2058-03-11,0.05732
2058-03-12,0.09043999999999999
2058-03-13,0.07626000000000001
2058-03-14,0.05944
2058-03-15,0.0605
2058-03-16,0.058070000000000004
2058-03-17,0.05407000000000001
2058-03-18,0.051410000000000004
2058-03-19,0.04757
2058-03-20,0.049819999999999996
2058-03-21,0.04281
2058-03-22,0.03935
2058-03-23,0.03623
2058-03-24,0.03302
2058-03-25,0.029869999999999997
2058-03-26,0.027000000000000003
2058-03-27,0.02949
2058-03-28,0.02295
2058-03-29,0.0352
2058-03-30,0.03296
2058-03-31,0.02138
2058-04-01,0.02096
2058-04-02,0.01977
2058-04-03,0.01823
2058-04-04,0.01641
2058-04-05,0.014430000000000002
2058-04-06,0.01253
2058-04-07,0.0108
2058-04-08,0.0091
2058-04-09,0.00746
2058-04-10,0.00603
2058-04-11,0.0049299999999999995
2058-04-12,0.00409
2058-04-13,0.0034
2058-04-14,0.003
2058-04-15,0.0032
2058-04-16,0.00267
2058-04-17,0.00221
2058-04-18,0.00256
2058-04-19,0.0016600000000000002
2058-04-20,0.004379999999999999
2058-04-21,0.00139
2058-04-22,0.00149
2058-04-23,0.01215
2058-04-24,0.01656
2058-04-25,0.0073
2058-04-26,0.00514
2058-04-27,0.013999999999999999
2058-04-28,0.007859999999999999
2058-04-29,0.00212
2058-04-30,0.00237
2058-05-01,0.00234
2058-05-02,0.00212
2058-05-03,0.0019
2058-05-04,0.0017
2058-05-05,0.0015199999999999999
2058-05-06,0.0013800000000000002
2058-05-07,0.00128
2058-05-08,0.00122
2058-05-09,0.0012
2058-05-10,0.00119
2058-05-11,0.00118
2058-05-12,0.00117
2058-05-13,0.00116
2058-05-14,0.00114
2058-05-15,0.00114
2058-05-16,0.0011300000000000001
2058-05-17,0.0011099999999999999
2058-05-18,0.0011
2058-05-19,0.00109
2058-05-20,0.00107
2058-05-21,0.00105
2058-05-22,0.0010400000000000001
2058-05-23,0.0010199999999999999
2058-05-24,0.001
2058-05-25,0.00099
2058-05-26,0.0009699999999999999
2058-05-27,0.00095
2058-05-28,0.00093
2058-05-29,0.00091
2058-05-30,0.0008900000000000001
2058-05-31,0.0008699999999999999
2058-06-01,0.00086
2058-06-02,0.00084
2058-06-03,0.0008300000000000001
2058-06-04,0.00081
2058-06-05,0.00088
2058-06-06,0.00262
2058-06-07,0.00079
2058-06-08,0.0007700000000000001
2058-06-09,0.00075
2058-06-10,0.00073
2058-06-11,0.0007099999999999999
2058-06-12,0.0007
2058-06-13,0.0006799999999999999
2058-06-14,0.00066
2058-06-15,0.00065
2058-06-16,0.00063
2058-06-17,0.00078
2058-06-18,0.0006
2058-06-19,0.00059
2058-06-20,0.00058
2058-06-21,0.00057
2058-06-22,0.00056
2058-06-23,0.00055
2058-06-24,0.00054
2058-06-25,0.00053
2058-06-26,0.0005200000000000001
2058-06-27,0.0005200000000000001
2058-06-28,0.0005099999999999999
2058-06-29,0.0005
2058-06-30,0.0005
2058-07-01,0.00049
2058-07-02,0.00049
2058-07-03,0.00049
2058-07-04,0.00049
2058-07-05,0.00049
2058-07-06,0.00047999999999999996
2058-07-07,0.00047999999999999996
2058-07-08,0.00047999999999999996
2058-07-09,0.00047999999999999996
2058-07-10,0.00047999999999999996
2058-07-11,0.00047999999999999996
2058-07-12,0.00047999999999999996
2058-07-13,0.00047999999999999996
2058-07-14,0.00047999999999999996
2058-07-15,0.00047999999999999996
2058-07-16,0.00047999999999999996
2058-07-17,0.00047999999999999996
2058-07-18,0.00047999999999999996
2058-07-19,0.00047999999999999996
2058-07-20,0.00047999999999999996
2058-07-21,0.00047999999999999996
2058-07-22,0.00047999999999999996
2058-07-23,0.00047999999999999996
2058-07-24,0.00047999999999999996
2058-07-25,0.00047999999999999996
2058-07-26,0.00047999999999999996
2058-07-27,0.00047999999999999996
2058-07-28,0.00047999999999999996
2058-07-29,0.00047999999999999996
2058-07-30,0.01615
2058-07-31,0.00047999999999999996
2058-08-01,0.00047999999999999996
2058-08-02,0.00047999999999999996
2058-08-03,0.00047999999999999996
2058-08-04,0.00047999999999999996
2058-08-05,0.00047999999999999996
2058-08-06,0.00047999999999999996
2058-08-07,0.00047999999999999996
2058-08-08,0.00047999999999999996
2058-08-09,0.00047999999999999996
2058-08-10,0.00047999999999999996
2058-08-11,0.00047999999999999996
2058-08-12,0.00047999999999999996
2058-08-13,0.00047999999999999996
2058-08-14,0.00047999999999999996
2058-08-15,0.00047999999999999996
2058-08-16,0.00047999999999999996
2058-08-17,0.00047999999999999996
2058-08-18,0.00047999999999999996
2058-08-19,0.00047000000000000004
2058-08-20,0.00047000000000000004
2058-08-21,0.00047000000000000004
2058-08-22,0.00047000000000000004
2058-08-23,0.00047000000000000004
2058-08-24,0.00047000000000000004
2058-08-25,0.00047000000000000004
2058-08-26,0.00047000000000000004
2058-08-27,0.00047000000000000004
2058-08-28,0.00047000000000000004
2058-08-29,0.00047000000000000004
2058-08-30,0.00047000000000000004
2058-08-31,0.00047000000000000004
2058-09-01,0.00053
2058-09-02,0.00145
2058-09-03,0.0038799999999999998
2058-09-04,0.00047000000000000004
2058-09-05,0.00047000000000000004
2058-09-06,0.00047000000000000004
2058-09-07,0.00047000000000000004
2058-09-08,0.00047000000000000004
2058-09-09,0.00047000000000000004
2058-09-10,0.00047000000000000004
2058-09-11,0.00047000000000000004
2058-09-12,0.00047000000000000004
2058-09-13,0.00047000000000000004
2058-09-14,0.00047000000000000004
2058-09-15,0.00047000000000000004
2058-09-16,0.00047000000000000004
2058-09-17,0.00047000000000000004
2058-09-18,0.00047000000000000004
2058-09-19,0.00047000000000000004
2058-09-20,0.00047000000000000004
2058-09-21,0.00047000000000000004
2058-09-22,0.00047000000000000004
2058-09-23,0.00047000000000000004
2058-09-24,0.00047000000000000004
2058-09-25,0.00047000000000000004
2058-09-26,0.00047000000000000004
2058-09-27,0.00047000000000000004
2058-09-28,0.00047000000000000004
2058-09-29,0.00047000000000000004
2058-09-30,0.00047000000000000004
2058-10-01,0.00047000000000000004
2058-10-02,0.00047000000000000004
2058-10-03,0.00047000000000000004
2058-10-04,0.00047000000000000004
2058-10-05,0.00047000000000000004
2058-10-06,0.00047000000000000004
2058-10-07,0.00047000000000000004
2058-10-08,0.00047000000000000004
2058-10-09,0.00047000000000000004
2058-10-10,0.0007700000000000001
2058-10-11,0.00047000000000000004
2058-10-12,0.00047000000000000004
2058-10-13,0.00047000000000000004
2058-10-14,0.00047000000000000004
2058-10-15,0.00047000000000000004
2058-10-16,0.00047000000000000004
2058-10-17,0.00047000000000000004
2058-10-18,0.00047000000000000004
2058-10-19,0.00047000000000000004
2058-10-20,0.00047000000000000004
2058-10-21,0.00047000000000000004
2058-10-22,0.00047000000000000004
2058-10-23,0.00047000000000000004
2058-10-24,0.00047000000000000004
2058-10-25,0.00047000000000000004
2058-10-26,0.00047000000000000004
2058-10-27,0.00047000000000000004
2058-10-28,0.00047000000000000004
2058-10-29,0.00047000000000000004
2058-10-30,0.00047000000000000004
2058-10-31,0.0035299999999999997
2058-11-01,0.0005099999999999999
2058-11-02,0.00047000000000000004
2058-11-03,0.00047000000000000004
2058-11-04,0.00047000000000000004
2058-11-05,0.00047000000000000004
2058-11-06,0.00047000000000000004
2058-11-07,0.00047000000000000004
2058-11-08,0.00047000000000000004
2058-11-09,0.00047000000000000004
2058-11-10,0.0053
2058-11-11,0.00992
2058-11-12,0.04785
2058-11-13,0.02543
2058-11-14,0.00049
2058-11-15,0.0045
2058-11-16,0.0005200000000000001
2058-11-17,0.00053
2058-11-18,0.00053
2058-11-19,0.00054
2058-11-20,0.00054
2058-11-21,0.00054
2058-11-22,0.00054
2058-11-23,0.00054
2058-11-24,0.00323
2058-11-25,0.00853
2058-11-26,0.00054
2058-11-27,0.00055
2058-11-28,0.0053
2058-11-29,0.03501
2058-11-30,0.04854
2058-12-01,0.01157
2058-12-02,0.02593
2058-12-03,0.00925
2058-12-04,0.02171
2058-12-05,0.09613
2058-12-06,0.04334
2058-12-07,0.013980000000000001
2058-12-08,0.026869999999999998
2058-12-09,0.00817
2058-12-10,0.0009699999999999999
2058-12-11,0.00099
2058-12-12,0.00099
2058-12-13,0.00716
2058-12-14,0.07042999999999999
2058-12-15,0.06695
2058-12-16,0.00259
2058-12-17,0.01908
2058-12-18,0.09322000000000001
2058-12-19,0.05499
2058-12-20,0.01571
2058-12-21,0.017480000000000002
2058-12-22,0.03335
2058-12-23,0.06706000000000001
2058-12-24,0.03796
2058-12-25,0.05409
2058-12-26,0.15674000000000002
2058-12-27,0.47353999999999996
2058-12-28,0.20251
2058-12-29,0.25895999999999997
2058-12-30,0.68412
2058-12-31,0.60563
2059-01-01,0.1473
2059-01-02,0.12343
2059-01-03,0.1245
2059-01-04,0.12343
2059-01-05,0.12328
2059-01-06,0.16527
2059-01-07,0.3803
2059-01-08,1.07667
2059-01-09,0.21959
2059-01-10,0.32908000000000004
2059-01-11,0.13235999999999998
2059-01-12,0.12483
2059-01-13,0.13772
2059-01-14,0.13373
2059-01-15,0.12343
2059-01-16,0.13003
2059-01-17,0.15363
2059-01-18,0.12254000000000001
2059-01-19,0.11863
2059-01-20,0.10966
2059-01-21,0.10765
2059-01-22,0.12588
2059-01-23,0.14993
2059-01-24,0.14489000000000002
2059-01-25,0.1232
2059-01-26,0.11938
2059-01-27,0.11207
2059-01-28,0.1033
2059-01-29,0.10379000000000001
2059-01-30,0.11124
2059-01-31,0.09152
2059-02-01,0.08836000000000001
2059-02-02,0.08079
2059-02-03,0.07528
2059-02-04,0.07178
2059-02-05,0.06445
2059-02-06,0.06336
2059-02-07,0.05584
2059-02-08,0.08488
2059-02-09,0.08197
2059-02-10,0.06613
2059-02-11,0.08711
2059-02-12,0.10632
2059-02-13,0.08202999999999999
2059-02-14,0.10633
2059-02-15,0.15529
2059-02-16,0.10849
2059-02-17,0.12334
2059-02-18,0.14117000000000002
2059-02-19,0.14744000000000002
2059-02-20,0.23626999999999998
2059-02-21,0.19275
2059-02-22,0.20801999999999998
2059-02-23,0.14564000000000002
2059-02-24,0.12649000000000002
2059-02-25,0.1331
2059-02-26,0.12319000000000001
2059-02-27,0.12280999999999999
2059-02-28,0.12104000000000001
2059-03-01,0.11323
2059-03-02,0.10217000000000001
2059-03-03,0.09152
2059-03-04,0.1036
2059-03-05,0.07661
2059-03-06,0.07187
2059-03-07,0.08346
2059-03-08,0.10599000000000001
2059-03-09,0.13057
2059-03-10,0.12985
2059-03-11,0.11252000000000001
2059-03-12,0.10991
2059-03-13,0.10074
2059-03-14,0.09449
2059-03-15,0.08585
2059-03-16,0.0926
2059-03-17,0.07372000000000001
2059-03-18,0.07188
2059-03-19,0.06916
2059-03-20,0.06047999999999999
2059-03-21,0.05555
2059-03-22,0.0504
2059-03-23,0.04543
2059-03-24,0.04085
2059-03-25,0.03708
2059-03-26,0.05281
2059-03-27,0.04439
2059-03-28,0.03472
2059-03-29,0.03481
2059-03-30,0.0424
2059-03-31,0.03349
2059-04-01,0.03337
2059-04-02,0.031110000000000002
2059-04-03,0.028730000000000002
2059-04-04,0.03198
2059-04-05,0.03151
2059-04-06,0.02802
2059-04-07,0.0253
2059-04-08,0.024390000000000002
2059-04-09,0.023459999999999998
2059-04-10,0.02265
2059-04-11,0.02196
2059-04-12,0.01986
2059-04-13,0.017580000000000002
2059-04-14,0.0152
2059-04-15,0.01291
2059-04-16,0.01091
2059-04-17,0.009290000000000001
2059-04-18,0.00795
2059-04-19,0.00672
2059-04-20,0.00563
2059-04-21,0.0047
2059-04-22,0.00389
2059-04-23,0.0034200000000000003
2059-04-24,0.00255
2059-04-25,0.00564
2059-04-26,0.0017699999999999999
2059-04-27,0.0015300000000000001
2059-04-28,0.0013599999999999999
2059-04-29,0.00233
2059-04-30,0.01488
2059-05-01,0.00137
2059-05-02,0.08171
2059-05-03,0.0631
2059-05-04,0.01204
2059-05-05,0.03291
2059-05-06,0.01726
2059-05-07,0.02575
2059-05-08,0.0224
2059-05-09,0.03642
2059-05-10,0.02198
2059-05-11,0.02246
2059-05-12,0.022019999999999998
2059-05-13,0.02069
2059-05-14,0.02495
2059-05-15,0.01814
2059-05-16,0.0168
2059-05-17,0.01475
2059-05-18,0.0126
2059-05-19,0.010320000000000001
2059-05-20,0.00825
2059-05-21,0.00646
2059-05-22,0.005
2059-05-23,0.00386
2059-05-24,0.00312
2059-05-25,0.0026
2059-05-26,0.00209
2059-05-27,0.00165
2059-05-28,0.00137
2059-05-29,0.00124
2059-05-30,0.0012
2059-05-31,0.00118
2059-06-01,0.00117
2059-06-02,0.00115
2059-06-03,0.0011300000000000001
2059-06-04,0.00112
2059-06-05,0.0011
2059-06-06,0.00108
2059-06-07,0.00106
2059-06-08,0.00105
2059-06-09,0.00103
2059-06-10,0.00101
2059-06-11,0.00098
2059-06-12,0.0009599999999999999
2059-06-13,0.0009400000000000001
2059-06-14,0.0009199999999999999
2059-06-15,0.0009
2059-06-16,0.00088
2059-06-17,0.00086
2059-06-18,0.00084
2059-06-19,0.00082
2059-06-20,0.0008
2059-06-21,0.00079
2059-06-22,0.0007700000000000001
2059-06-23,0.00075
2059-06-24,0.00074
2059-06-25,0.00072
2059-06-26,0.0007
2059-06-27,0.0006900000000000001
2059-06-28,0.00067
2059-06-29,0.00066
2059-06-30,0.00064
2059-07-01,0.00063
2059-07-02,0.00062
2059-07-03,0.00061
2059-07-04,0.00059
2059-07-05,0.00058
2059-07-06,0.00057
2059-07-07,0.00056
2059-07-08,0.00055
2059-07-09,0.00055
2059-07-10,0.00054
2059-07-11,0.00053
2059-07-12,0.0005200000000000001
2059-07-13,0.0005200000000000001
2059-07-14,0.0005099999999999999
2059-07-15,0.0005
2059-07-16,0.0005
2059-07-17,0.0005
2059-07-18,0.00049
2059-07-19,0.00049
2059-07-20,0.00049
2059-07-21,0.00049
2059-07-22,0.00047999999999999996
2059-07-23,0.00047999999999999996
2059-07-24,0.00047999999999999996
2059-07-25,0.00047999999999999996
2059-07-26,0.00047999999999999996
2059-07-27,0.00047999999999999996
2059-07-28,0.00047999999999999996
2059-07-29,0.00047999999999999996
2059-07-30,0.00047999999999999996
2059-07-31,0.00047999999999999996
2059-08-01,0.00047999999999999996
2059-08-02,0.00047999999999999996
2059-08-03,0.00047999999999999996
2059-08-04,0.00047999999999999996
2059-08-05,0.00047999999999999996
2059-08-06,0.00047999999999999996
2059-08-07,0.00047999999999999996
2059-08-08,0.00047999999999999996
2059-08-09,0.00047999999999999996
2059-08-10,0.00047999999999999996
2059-08-11,0.00047999999999999996
2059-08-12,0.00047999999999999996
2059-08-13,0.00047999999999999996
2059-08-14,0.00047999999999999996
2059-08-15,0.00047999999999999996
2059-08-16,0.00047999999999999996
2059-08-17,0.00047999999999999996
2059-08-18,0.00047999999999999996
2059-08-19,0.00047999999999999996
2059-08-20,0.00047999999999999996
2059-08-21,0.00047999999999999996
2059-08-22,0.00047999999999999996
2059-08-23,0.00047999999999999996
2059-08-24,0.00047999999999999996
2059-08-25,0.00047999999999999996
2059-08-26,0.00047999999999999996
2059-08-27,0.00047999999999999996
2059-08-28,0.00047999999999999996
2059-08-29,0.00047999999999999996
2059-08-30,0.00047999999999999996
2059-08-31,0.00047999999999999996
2059-09-01,0.00047999999999999996
2059-09-02,0.00047999999999999996
2059-09-03,0.00047999999999999996
2059-09-04,0.00047000000000000004
2059-09-05,0.00047000000000000004
2059-09-06,0.00047000000000000004
2059-09-07,0.00047000000000000004
2059-09-08,0.00047000000000000004
2059-09-09,0.00047000000000000004
2059-09-10,0.00047000000000000004
2059-09-11,0.00047000000000000004
2059-09-12,0.00047000000000000004
2059-09-13,0.00047000000000000004
2059-09-14,0.00047000000000000004
2059-09-15,0.00047000000000000004
2059-09-16,0.00047000000000000004
2059-09-17,0.00047000000000000004
2059-09-18,0.00047000000000000004
2059-09-19,0.00047000000000000004
2059-09-20,0.00047000000000000004
2059-09-21,0.00047000000000000004
2059-09-22,0.00047000000000000004
2059-09-23,0.00047000000000000004
2059-09-24,0.00047000000000000004
2059-09-25,0.00047000000000000004
2059-09-26,0.00047000000000000004
2059-09-27,0.00047000000000000004
2059-09-28,0.00047000000000000004
2059-09-29,0.00047000000000000004
2059-09-30,0.00047000000000000004
2059-10-01,0.00047000000000000004
2059-10-02,0.00047000000000000004
2059-10-03,0.00047000000000000004
2059-10-04,0.01145
2059-10-05,0.0184
2059-10-06,0.02766
2059-10-07,0.00047000000000000004
2059-10-08,0.00047999999999999996
2059-10-09,0.00047999999999999996
2059-10-10,0.00047999999999999996
2059-10-11,0.00049
2059-10-12,0.00049
2059-10-13,0.00049
2059-10-14,0.00049
2059-10-15,0.00049
2059-10-16,0.00049
2059-10-17,0.00049
2059-10-18,0.00049
2059-10-19,0.00049
2059-10-20,0.00049
2059-10-21,0.00049
2059-10-22,0.00049
2059-10-23,0.00049
2059-10-24,0.00049
2059-10-25,0.00049
2059-10-26,0.012329999999999999
2059-10-27,0.00049
2059-10-28,0.00049
2059-10-29,0.00049
2059-10-30,0.00049
2059-10-31,0.00049
2059-11-01,0.00047999999999999996
2059-11-02,0.00047999999999999996
2059-11-03,0.00047999999999999996
2059-11-04,0.00896
2059-11-05,0.007540000000000001
2059-11-06,0.00047999999999999996
2059-11-07,0.0036200000000000004
2059-11-08,0.00049
2059-11-09,0.00049
2059-11-10,0.02839
2059-11-11,0.08317000000000001
2059-11-12,0.018009999999999998
2059-11-13,0.00061
2059-11-14,0.00062
2059-11-15,0.00063
2059-11-16,0.009909999999999999
2059-11-17,0.02011
2059-11-18,0.00066
2059-11-19,0.00067
2059-11-20,0.0006799999999999999
2059-11-21,0.00266
2059-11-22,0.0006900000000000001
2059-11-23,0.0006900000000000001
2059-11-24,0.049280000000000004
2059-11-25,0.0388
2059-11-26,0.0007700000000000001
2059-11-27,0.03286
2059-11-28,0.029769999999999998
2059-11-29,0.025419999999999998
2059-11-30,0.01299
2059-12-01,0.0067599999999999995
2059-12-02,0.04236
2059-12-03,0.033339999999999995
2059-12-04,0.04567
2059-12-05,0.03403
2059-12-06,0.00583
2059-12-07,0.01292
2059-12-08,0.0027600000000000003
2059-12-09,0.00119
2059-12-10,0.0012
2059-12-11,0.01126
2059-12-12,0.01676
2059-12-13,0.02037
2059-12-14,0.04795
2059-12-15,0.00526
2059-12-16,0.02822
2059-12-17,0.038610000000000005
2059-12-18,0.08085
2059-12-19,0.16389
2059-12-20,0.08196
2059-12-21,0.07604
2059-12-22,0.15001
2059-12-23,0.3075
2059-12-24,0.3042
2059-12-25,0.63217
2059-12-26,0.77254
2059-12-27,0.15458
2059-12-28,0.39657
2059-12-29,1.29361
2059-12-30,0.9924700000000001
2059-12-31,0.7433
2060-01-01,0.45078999999999997
2060-01-02,0.12343
2060-01-03,0.12343
2060-01-04,0.12506
2060-01-05,0.12343
2060-01-06,0.12422000000000001
2060-01-07,0.11688
2060-01-08,0.10678
2060-01-09,0.09669
2060-01-10,0.15175
2060-01-11,0.17125
2060-01-12,0.13099
2060-01-13,0.12177
2060-01-14,0.11571
2060-01-15,0.10661
2060-01-16,0.13404000000000002
2060-01-17,0.11492000000000001
2060-01-18,0.10005
2060-01-19,0.09619
2060-01-20,0.08909
2060-01-21,0.08139
2060-01-22,0.0739
2060-01-23,0.06685
2060-01-24,0.06026
2060-01-25,0.05432000000000001
2060-01-26,0.0493
2060-01-27,0.04887
2060-01-28,0.13801
2060-01-29,0.41621
2060-01-30,0.5876399999999999
2060-01-31,0.39724
2060-02-01,0.1635
2060-02-02,0.24031999999999998
2060-02-03,0.24843
2060-02-04,0.12796
2060-02-05,0.13451
2060-02-06,0.12896
2060-02-07,0.12803
2060-02-08,0.12449
2060-02-09,0.13658
2060-02-10,0.33043
2060-02-11,0.39653
2060-02-12,0.5111899999999999
2060-02-13,0.22628
2060-02-14,0.13815999999999998
2060-02-15,0.12925999999999999
2060-02-16,0.12759
2060-02-17,0.12678
2060-02-18,0.1289
2060-02-19,0.13676
2060-02-20,0.13028
2060-02-21,0.12550999999999998
2060-02-22,0.12137
2060-02-23,0.11879
2060-02-24,0.13355
2060-02-25,0.0961
2060-02-26,0.0864
2060-02-27,0.07804
2060-02-28,0.07397000000000001
2060-02-29,0.09162999999999999
2060-03-01,0.23928000000000002
2060-03-02,0.75939
2060-03-03,0.18185
2060-03-04,0.21764
2060-03-05,0.12343
2060-03-06,0.12340999999999999
2060-03-07,0.14032
2060-03-08,0.12418
2060-03-09,0.12646
2060-03-10,0.11603
2060-03-11,0.10879000000000001
2060-03-12,0.09915
2060-03-13,0.1077
2060-03-14,0.09975
2060-03-15,0.11302999999999999
2060-03-16,0.08887
2060-03-17,0.09317
2060-03-18,0.09296
2060-03-19,0.07979
2060-03-20,0.07549
2060-03-21,0.06947
2060-03-22,0.07045
2060-03-23,0.0801
2060-03-24,0.07854
2060-03-25,0.07846
2060-03-26,0.08968999999999999
2060-03-27,0.0722
2060-03-28,0.07094
2060-03-29,0.06584
2060-03-30,0.059579999999999994
2060-03-31,0.05335
2060-04-01,0.04729
2060-04-02,0.04174
2060-04-03,0.03709
2060-04-04,0.033089999999999994
2060-04-05,0.029339999999999998
2060-04-06,0.02607
2060-04-07,0.02307
2060-04-08,0.02016
2060-04-09,0.01762
2060-04-10,0.015330000000000002
2060-04-11,0.013330000000000002
2060-04-12,0.01178
2060-04-13,0.0112
2060-04-14,0.01013
2060-04-15,0.00926
2060-04-16,0.0184
2060-04-17,0.007690000000000001
2060-04-18,0.0069299999999999995
2060-04-19,0.00595
2060-04-20,0.00489
2060-04-21,0.00396
2060-04-22,0.0033200000000000005
2060-04-23,0.0028399999999999996
2060-04-24,0.00246
2060-04-25,0.010159999999999999
2060-04-26,0.0019
2060-04-27,0.00162
2060-04-28,0.00141
2060-04-29,0.0012699999999999999
2060-04-30,0.00122
2060-05-01,0.00121
2060-05-02,0.0012
2060-05-03,0.00118
2060-05-04,0.00117
2060-05-05,0.00116
2060-05-06,0.00115
2060-05-07,0.0011300000000000001
2060-05-08,0.00112
2060-05-09,0.0011
2060-05-10,0.00109
2060-05-11,0.00108
2060-05-12,0.0018
2060-05-13,0.00107
2060-05-14,0.00106
2060-05-15,0.00105
2060-05-16,0.0010400000000000001
2060-05-17,0.00103
2060-05-18,0.0010199999999999999
2060-05-19,0.00101
2060-05-20,0.00099
2060-05-21,0.00098
2060-05-22,0.0009599999999999999
2060-05-23,0.00095
2060-05-24,0.00093
2060-05-25,0.00091
2060-05-26,0.0008900000000000001
2060-05-27,0.00088
2060-05-28,0.00086
2060-05-29,0.00084
2060-05-30,0.00082
2060-05-31,0.00081
2060-06-01,0.00079
2060-06-02,0.0007700000000000001
2060-06-03,0.00074
2060-06-04,0.00072
2060-06-05,0.0007
2060-06-06,0.0006900000000000001
2060-06-07,0.00067
2060-06-08,0.00066
2060-06-09,0.00065
2060-06-10,0.00063
2060-06-11,0.00062
2060-06-12,0.0006
2060-06-13,0.00059
2060-06-14,0.00057
2060-06-15,0.00056
2060-06-16,0.00055
2060-06-17,0.00054
2060-06-18,0.00053
2060-06-19,0.00053
2060-06-20,0.0005200000000000001
2060-06-21,0.0005099999999999999
2060-06-22,0.0005099999999999999
2060-06-23,0.0005
2060-06-24,0.0005
2060-06-25,0.0005
2060-06-26,0.00049
2060-06-27,0.00049
2060-06-28,0.00049
2060-06-29,0.00049
2060-06-30,0.00049
2060-07-01,0.00047999999999999996
2060-07-02,0.00047999999999999996
2060-07-03,0.00047999999999999996
2060-07-04,0.00047999999999999996
2060-07-05,0.00047999999999999996
2060-07-06,0.00047999999999999996
2060-07-07,0.00047999999999999996
2060-07-08,0.00047999999999999996
2060-07-09,0.00047999999999999996
2060-07-10,0.00047999999999999996
2060-07-11,0.00047999999999999996
2060-07-12,0.00047999999999999996
2060-07-13,0.00047999999999999996
2060-07-14,0.00047999999999999996
2060-07-15,0.00047999999999999996
2060-07-16,0.00047999999999999996
2060-07-17,0.00047999999999999996
2060-07-18,0.00047999999999999996
2060-07-19,0.00047999999999999996
2060-07-20,0.00047999999999999996
2060-07-21,0.00047999999999999996
2060-07-22,0.00047999999999999996
2060-07-23,0.0008900000000000001
2060-07-24,0.00047999999999999996
2060-07-25,0.00047999999999999996
2060-07-26,0.00047999999999999996
2060-07-27,0.00047999999999999996
2060-07-28,0.00047999999999999996
2060-07-29,0.00047999999999999996
2060-07-30,0.00047999999999999996
2060-07-31,0.00047999999999999996
2060-08-01,0.00047999999999999996
2060-08-02,0.00047999999999999996
2060-08-03,0.00047999999999999996
2060-08-04,0.00047999999999999996
2060-08-05,0.00047999999999999996
2060-08-06,0.00047999999999999996
2060-08-07,0.00047999999999999996
2060-08-08,0.00047999999999999996
2060-08-09,0.00047999999999999996
2060-08-10,0.00047999999999999996
2060-08-11,0.00047999999999999996
2060-08-12,0.00047999999999999996
2060-08-13,0.00047999999999999996
2060-08-14,0.00047999999999999996
2060-08-15,0.00047000000000000004
2060-08-16,0.00047000000000000004
2060-08-17,0.00047000000000000004
2060-08-18,0.00047000000000000004
2060-08-19,0.00047000000000000004
2060-08-20,0.00047000000000000004
2060-08-21,0.00047000000000000004
2060-08-22,0.00047000000000000004
2060-08-23,0.00047000000000000004
2060-08-24,0.00047000000000000004
2060-08-25,0.00047000000000000004
2060-08-26,0.00047000000000000004
2060-08-27,0.00047000000000000004
2060-08-28,0.00047000000000000004
2060-08-29,0.00047000000000000004
2060-08-30,0.00047000000000000004
2060-08-31,0.00047000000000000004
2060-09-01,0.00047000000000000004
2060-09-02,0.00047000000000000004
2060-09-03,0.00047000000000000004
2060-09-04,0.00047000000000000004
2060-09-05,0.00047000000000000004
2060-09-06,0.00047000000000000004
2060-09-07,0.00047000000000000004
2060-09-08,0.00047000000000000004
2060-09-09,0.00047000000000000004
2060-09-10,0.00047999999999999996
2060-09-11,0.00047000000000000004
2060-09-12,0.00047000000000000004
2060-09-13,0.00047000000000000004
2060-09-14,0.00047000000000000004
2060-09-15,0.00047000000000000004
2060-09-16,0.00047000000000000004
2060-09-17,0.00047000000000000004
2060-09-18,0.00047000000000000004
2060-09-19,0.00047000000000000004
2060-09-20,0.00047000000000000004
2060-09-21,0.00047000000000000004
2060-09-22,0.00047000000000000004
2060-09-23,0.00047000000000000004
2060-09-24,0.00047000000000000004
2060-09-25,0.00047000000000000004
2060-09-26,0.00047000000000000004
2060-09-27,0.00047000000000000004
2060-09-28,0.00047000000000000004
2060-09-29,0.00047000000000000004
2060-09-30,0.0005200000000000001
2060-10-01,0.00047999999999999996
2060-10-02,0.00047000000000000004
2060-10-03,0.00047000000000000004
2060-10-04,0.00047000000000000004
2060-10-05,0.00047000000000000004
2060-10-06,0.00047000000000000004
2060-10-07,0.00047000000000000004
2060-10-08,0.00047000000000000004
2060-10-09,0.00047000000000000004
2060-10-10,0.00047000000000000004
2060-10-11,0.00047000000000000004
2060-10-12,0.00047000000000000004
2060-10-13,0.00047000000000000004
2060-10-14,0.00047000000000000004
2060-10-15,0.00047000000000000004
2060-10-16,0.00047000000000000004
2060-10-17,0.00047000000000000004
2060-10-18,0.00047000000000000004
2060-10-19,0.00047000000000000004
2060-10-20,0.00047000000000000004
2060-10-21,0.00047000000000000004
2060-10-22,0.00047000000000000004
2060-10-23,0.00047000000000000004
2060-10-24,0.00047000000000000004
2060-10-25,0.00047000000000000004
2060-10-26,0.00047000000000000004
2060-10-27,0.00047000000000000004
2060-10-28,0.00047000000000000004
2060-10-29,0.00047000000000000004
2060-10-30,0.00047000000000000004
2060-10-31,0.00047000000000000004
2060-11-01,0.00047000000000000004
2060-11-02,0.00047000000000000004
2060-11-03,0.00047000000000000004
2060-11-04,0.00047000000000000004
2060-11-05,0.008409999999999999
2060-11-06,0.00047000000000000004
2060-11-07,0.00047000000000000004
2060-11-08,0.00047000000000000004
2060-11-09,0.00047000000000000004
2060-11-10,0.00047000000000000004
2060-11-11,0.00047000000000000004
2060-11-12,0.00047000000000000004
2060-11-13,0.00045999999999999996
2060-11-14,0.00045999999999999996
2060-11-15,0.00045999999999999996
2060-11-16,0.00045999999999999996
2060-11-17,0.00275
2060-11-18,0.00082
2060-11-19,0.00045999999999999996
2060-11-20,0.00045999999999999996
2060-11-21,0.00441
2060-11-22,0.0077599999999999995
2060-11-23,0.0188
2060-11-24,0.03784
2060-11-25,0.27129000000000003
2060-11-26,0.2966
2060-11-27,0.078
2060-11-28,0.11080999999999999
2060-11-29,0.0008900000000000001
2060-11-30,0.0009199999999999999
2060-12-01,0.00093
2060-12-02,0.007379999999999999
2060-12-03,0.00095
2060-12-04,0.00095
2060-12-05,0.00218
2060-12-06,0.0009599999999999999
2060-12-07,0.0009599999999999999
2060-12-08,0.0126
2060-12-09,0.07826
2060-12-10,0.03238
2060-12-11,0.00118
2060-12-12,0.00484
2060-12-13,0.0072299999999999994
2060-12-14,0.00599
2060-12-15,0.0011300000000000001
2060-12-16,0.0017699999999999999
2060-12-17,0.00209
2060-12-18,0.00115
2060-12-19,0.00115
2060-12-20,0.00115
2060-12-21,0.00115
2060-12-22,0.004070000000000001
2060-12-23,0.0056700000000000006
2060-12-24,0.00281
2060-12-25,0.00116
2060-12-26,0.029160000000000002
2060-12-27,0.11101
2060-12-28,0.57084
2060-12-29,0.41999
2060-12-30,0.04699
2060-12-31,0.07414
2061-01-01,0.08354
2061-01-02,0.06493
2061-01-03,0.06636
2061-01-04,0.06407
2061-01-05,0.060829999999999995
2061-01-06,0.05749
2061-01-07,0.06106
2061-01-08,0.26358000000000004
2061-01-09,1.67802
2061-01-10,0.60893
2061-01-11,0.75352
2061-01-12,0.62535
2061-01-13,0.46228
2061-01-14,0.14720999999999998
2061-01-15,0.12343
2061-01-16,0.12722999999999998
2061-01-17,0.13871
2061-01-18,0.13262000000000002
2061-01-19,0.1891
2061-01-20,0.20232
2061-01-21,0.12343
2061-01-22,0.12343
2061-01-23,0.12342
2061-01-24,0.1232
2061-01-25,0.1249
2061-01-26,0.11581
2061-01-27,0.10607
2061-01-28,0.09702000000000001
2061-01-29,0.08812
2061-01-30,0.08148
2061-01-31,0.07311000000000001
2061-02-01,0.09012
2061-02-02,0.07146
2061-02-03,0.062470000000000005
2061-02-04,0.06762
2061-02-05,0.057870000000000005
2061-02-06,0.05479
2061-02-07,0.051289999999999995
2061-02-08,0.04763
2061-02-09,0.04983
2061-02-10,0.0444
2061-02-11,0.044789999999999996
2061-02-12,0.06214
2061-02-13,0.04247
2061-02-14,0.04185
2061-02-15,0.04105
2061-02-16,0.038919999999999996
2061-02-17,0.03637
2061-02-18,0.0338
2061-02-19,0.03136
2061-02-20,0.029060000000000002
2061-02-21,0.04754
2061-02-22,0.03439
2061-02-23,0.03108
2061-02-24,0.03533
2061-02-25,0.05242
2061-02-26,0.033510000000000005
2061-02-27,0.03565
2061-02-28,0.03499
2061-03-01,0.033319999999999995
2061-03-02,0.04767
2061-03-03,0.09142
2061-03-04,0.11695
2061-03-05,0.08955
2061-03-06,0.08589
2061-03-07,0.14135999999999999
2061-03-08,0.12276
2061-03-09,0.10787999999999999
2061-03-10,0.10175
2061-03-11,0.09308
2061-03-12,0.08381
2061-03-13,0.07479
2061-03-14,0.06631000000000001
2061-03-15,0.0586
2061-03-16,0.05449
2061-03-17,0.04741
2061-03-18,0.043019999999999996
2061-03-19,0.03883
2061-03-20,0.034960000000000005
2061-03-21,0.03274
2061-03-22,0.0319
2061-03-23,0.02951
2061-03-24,0.02624
2061-03-25,0.02427
2061-03-26,0.02214
2061-03-27,0.02
2061-03-28,0.01785
2061-03-29,0.01599
2061-03-30,0.014719999999999999
2061-03-31,0.013380000000000001
2061-04-01,0.01245
2061-04-02,0.011940000000000001
2061-04-03,0.0108
2061-04-04,0.00971
2061-04-05,0.00848
2061-04-06,0.00732
2061-04-07,0.00618
2061-04-08,0.00894
2061-04-09,0.00481
2061-04-10,0.005220000000000001
2061-04-11,0.021159999999999998
2061-04-12,0.013380000000000001
2061-04-13,0.00425
2061-04-14,0.00417
2061-04-15,0.00379
2061-04-16,0.0033200000000000005
2061-04-17,0.00307
2061-04-18,0.0027199999999999998
2061-04-19,0.01183
2061-04-20,0.0023899999999999998
2061-04-21,0.00365
2061-04-22,0.00196
2061-04-23,0.0017
2061-04-24,0.00148
2061-04-25,0.00133
2061-04-26,0.00126
2061-04-27,0.00122
2061-04-28,0.0012
2061-04-29,0.00119
2061-04-30,0.00118
2061-05-01,0.00117
2061-05-02,0.00116
2061-05-03,0.00115
2061-05-04,0.01926
2061-05-05,0.01027
2061-05-06,0.00125
2061-05-07,0.00114
2061-05-08,0.0011300000000000001
2061-05-09,0.00112
2061-05-10,0.00112
2061-05-11,0.0016600000000000002
2061-05-12,0.0011
2061-05-13,0.0011
2061-05-14,0.00206
2061-05-15,0.00108
2061-05-16,0.00725
2061-05-17,0.00107
2061-05-18,0.00106
2061-05-19,0.00105
2061-05-20,0.0010400000000000001
2061-05-21,0.014159999999999999
2061-05-22,0.02456
2061-05-23,0.007559999999999999
2061-05-24,0.00532
2061-05-25,0.00107
2061-05-26,0.00107
2061-05-27,0.00203
2061-05-28,0.00106
2061-05-29,0.00106
2061-05-30,0.00105
2061-05-31,0.0010400000000000001
2061-06-01,0.00103
2061-06-02,0.0010199999999999999
2061-06-03,0.00101
2061-06-04,0.00099
2061-06-05,0.00098
2061-06-06,0.0009699999999999999
2061-06-07,0.00095
2061-06-08,0.0009400000000000001
2061-06-09,0.0009199999999999999
2061-06-10,0.00237
2061-06-11,0.00091
2061-06-12,0.0009
2061-06-13,0.0008900000000000001
2061-06-14,0.0016300000000000002
2061-06-15,0.00088
2061-06-16,0.0008699999999999999
2061-06-17,0.00085
2061-06-18,0.00084
2061-06-19,0.0008300000000000001
2061-06-20,0.00081
2061-06-21,0.0008
2061-06-22,0.00078
2061-06-23,0.0007700000000000001
2061-06-24,0.00075
2061-06-25,0.00074
2061-06-26,0.00072
2061-06-27,0.0007099999999999999
2061-06-28,0.0006900000000000001
2061-06-29,0.00067
2061-06-30,0.00066
2061-07-01,0.00064
2061-07-02,0.00063
2061-07-03,0.00061
2061-07-04,0.0006
2061-07-05,0.00059
2061-07-06,0.00058
2061-07-07,0.00057
2061-07-08,0.00056
2061-07-09,0.00055
2061-07-10,0.00054
2061-07-11,0.00053
2061-07-12,0.0005200000000000001
2061-07-13,0.0005099999999999999
2061-07-14,0.0005099999999999999
2061-07-15,0.0005
2061-07-16,0.0005
2061-07-17,0.0005
2061-07-18,0.00049
2061-07-19,0.00049
2061-07-20,0.00049
2061-07-21,0.00049
2061-07-22,0.00047999999999999996
2061-07-23,0.00047999999999999996
2061-07-24,0.00047999999999999996
2061-07-25,0.00047999999999999996
2061-07-26,0.00047999999999999996
2061-07-27,0.00047999999999999996
2061-07-28,0.00047999999999999996
2061-07-29,0.00047999999999999996
2061-07-30,0.00047999999999999996
2061-07-31,0.00047999999999999996
2061-08-01,0.00047999999999999996
2061-08-02,0.00047999999999999996
2061-08-03,0.00047999999999999996
2061-08-04,0.00047999999999999996
2061-08-05,0.00047999999999999996
2061-08-06,0.00047999999999999996
2061-08-07,0.00047999999999999996
2061-08-08,0.00047999999999999996
2061-08-09,0.00047999999999999996
2061-08-10,0.00047999999999999996
2061-08-11,0.00047999999999999996
2061-08-12,0.00047999999999999996
2061-08-13,0.00047999999999999996
2061-08-14,0.00047999999999999996
2061-08-15,0.00047999999999999996
2061-08-16,0.00047999999999999996
2061-08-17,0.00047999999999999996
2061-08-18,0.00047999999999999996
2061-08-19,0.00047999999999999996
2061-08-20,0.00047999999999999996
2061-08-21,0.00047999999999999996
2061-08-22,0.00047999999999999996
2061-08-23,0.00047999999999999996
2061-08-24,0.00047999999999999996
2061-08-25,0.00047999999999999996
2061-08-26,0.00047999999999999996
2061-08-27,0.00047999999999999996
2061-08-28,0.00047999999999999996
2061-08-29,0.00047999999999999996
2061-08-30,0.00047999999999999996
2061-08-31,0.00047999999999999996
2061-09-01,0.00047999999999999996
2061-09-02,0.00047999999999999996
2061-09-03,0.00047000000000000004
2061-09-04,0.00047000000000000004
2061-09-05,0.00047000000000000004
2061-09-06,0.00047000000000000004
2061-09-07,0.014219999999999998
2061-09-08,0.00216
2061-09-09,0.00047000000000000004
2061-09-10,0.00047000000000000004
2061-09-11,0.00047000000000000004
2061-09-12,0.00047000000000000004
2061-09-13,0.00047000000000000004
2061-09-14,0.00047000000000000004
2061-09-15,0.00047000000000000004
2061-09-16,0.00047000000000000004
2061-09-17,0.00047000000000000004
2061-09-18,0.00047000000000000004
2061-09-19,0.00047000000000000004
2061-09-20,0.00047000000000000004
2061-09-21,0.00047000000000000004
2061-09-22,0.00047000000000000004
2061-09-23,0.00047000000000000004
2061-09-24,0.00047000000000000004
2061-09-25,0.00047000000000000004
2061-09-26,0.00047000000000000004
2061-09-27,0.00047000000000000004
2061-09-28,0.00047000000000000004
2061-09-29,0.00047000000000000004
2061-09-30,0.00047000000000000004
2061-10-01,0.0059
2061-10-02,0.00047000000000000004
2061-10-03,0.00047000000000000004
2061-10-04,0.00047000000000000004
2061-10-05,0.00047000000000000004
2061-10-06,0.00047000000000000004
2061-10-07,0.00047000000000000004
2061-10-08,0.00047000000000000004
2061-10-09,0.00483
2061-10-10,0.00047000000000000004
2061-10-11,0.00047000000000000004
2061-10-12,0.00047000000000000004
2061-10-13,0.00047000000000000004
2061-10-14,0.00047000000000000004
2061-10-15,0.00084
2061-10-16,0.00047000000000000004
2061-10-17,0.00047000000000000004
2061-10-18,0.00156
2061-10-19,0.00047000000000000004
2061-10-20,0.00047000000000000004
2061-10-21,0.00047000000000000004
2061-10-22,0.00047000000000000004
2061-10-23,0.00047000000000000004
2061-10-24,0.00047000000000000004
2061-10-25,0.00047000000000000004
2061-10-26,0.00047000000000000004
2061-10-27,0.00047000000000000004
2061-10-28,0.00047000000000000004
2061-10-29,0.00047000000000000004
2061-10-30,0.00047000000000000004
2061-10-31,0.00047000000000000004
2061-11-01,0.00047000000000000004
2061-11-02,0.00047000000000000004
2061-11-03,0.00047000000000000004
2061-11-04,0.00047000000000000004
2061-11-05,0.00049
2061-11-06,0.00049
2061-11-07,0.00047000000000000004
2061-11-08,0.00047000000000000004
2061-11-09,0.00047000000000000004
2061-11-10,0.00047000000000000004
2061-11-11,0.00047000000000000004
2061-11-12,0.00047000000000000004
2061-11-13,0.00592
2061-11-14,0.01312
2061-11-15,0.00047000000000000004
2061-11-16,0.00436
2061-11-17,0.16895
2061-11-18,0.08636
2061-11-19,0.0307
2061-11-20,0.07222
2061-11-21,0.10655999999999999
2061-11-22,0.04601
2061-11-23,0.02024
2061-11-24,0.0009699999999999999
2061-11-25,0.00099
2061-11-26,0.001
2061-11-27,0.00626
2061-11-28,0.06201
2061-11-29,0.02599
2061-11-30,0.00159
2061-12-01,0.00112
2061-12-02,0.0011300000000000001
2061-12-03,0.00114
2061-12-04,0.00114
2061-12-05,0.00115
2061-12-06,0.00121
2061-12-07,0.00411
2061-12-08,0.018690000000000002
2061-12-09,0.00915
2061-12-10,0.00145
2061-12-11,0.00118
2061-12-12,0.0016699999999999998
2061-12-13,0.00123
2061-12-14,0.00125
2061-12-15,0.0012699999999999999
2061-12-16,0.0012900000000000001
2061-12-17,0.0013
2061-12-18,0.0013
2061-12-19,0.0013
2061-12-20,0.0012900000000000001
2061-12-21,0.00128
2061-12-22,0.0012699999999999999
2061-12-23,0.00126
2061-12-24,0.00125
2061-12-25,0.00124
2061-12-26,0.00123
2061-12-27,0.00123
2061-12-28,0.00122
2061-12-29,0.00121
2061-12-30,0.00314
2061-12-31,0.03515
2062-01-01,0.02918
2062-01-02,0.03279
2062-01-03,0.00288
2062-01-04,0.00396
2062-01-05,0.00451
2062-01-06,0.00474
2062-01-07,0.0048
2062-01-08,0.00486
2062-01-09,0.0047799999999999995
2062-01-10,0.00456
2062-01-11,0.00443
2062-01-12,0.00432
2062-01-13,0.00419
2062-01-14,0.00406
2062-01-15,0.00391
2062-01-16,0.00373
2062-01-17,0.00358
2062-01-18,0.039619999999999995
2062-01-19,0.09477999999999999
2062-01-20,0.02684
2062-01-21,0.02196
2062-01-22,0.024059999999999998
2062-01-23,0.02429
2062-01-24,0.0237
2062-01-25,0.04198
2062-01-26,0.11987
2062-01-27,0.20252
2062-01-28,0.21591
2062-01-29,0.11694
2062-01-30,0.11706
2062-01-31,0.1116
2062-02-01,0.10231
2062-02-02,0.0927
2062-02-03,0.08408
2062-02-04,0.07612000000000001
2062-02-05,0.06869
2062-02-06,0.061970000000000004
2062-02-07,0.05609
2062-02-08,0.050910000000000004
2062-02-09,0.04609
2062-02-10,0.04521
2062-02-11,0.04442
2062-02-12,0.04041
2062-02-13,0.03437
2062-02-14,0.03216
2062-02-15,0.030160000000000003
2062-02-16,0.046919999999999996
2062-02-17,0.03128
2062-02-18,0.030010000000000002
2062-02-19,0.03224
2062-02-20,0.02963
2062-02-21,0.027739999999999997
2062-02-22,0.02645
2062-02-23,0.02472
2062-02-24,0.022869999999999998
2062-02-25,0.02099
2062-02-26,0.019190000000000002
2062-02-27,0.017490000000000002
2062-02-28,0.015880000000000002
2062-03-01,0.01434
2062-03-02,0.01285
2062-03-03,0.01149
2062-03-04,0.01026
2062-03-05,0.00907
2062-03-06,0.008
2062-03-07,0.0070799999999999995
2062-03-08,0.00628
2062-03-09,0.00603
2062-03-10,0.005
2062-03-11,0.00958
2062-03-12,0.00983
2062-03-13,0.004070000000000001
2062-03-14,0.0036799999999999997
2062-03-15,0.0032600000000000003
2062-03-16,0.0028699999999999997
2062-03-17,0.00253
2062-03-18,0.0038200000000000005
2062-03-19,0.00216
2062-03-20,0.00197
2062-03-21,0.00176
2062-03-22,0.00158
2062-03-23,0.00214
2062-03-24,0.0013599999999999999
2062-03-25,0.0012900000000000001
2062-03-26,0.00124
2062-03-27,0.0019399999999999999
2062-03-28,0.0033200000000000005
2062-03-29,0.018080000000000002
2062-03-30,0.03439
2062-03-31,0.00139
2062-04-01,0.00162
2062-04-02,0.00172
2062-04-03,0.0016899999999999999
2062-04-04,0.00159
2062-04-05,0.00146
2062-04-06,0.00135
2062-04-07,0.0012699999999999999
2062-04-08,0.00122
2062-04-09,0.0012
2062-04-10,0.00462
2062-04-11,0.00719
2062-04-12,0.00119
2062-04-13,0.00118
2062-04-14,0.00281
2062-04-15,0.023540000000000002
2062-04-16,0.01642
2062-04-17,0.01211
2062-04-18,0.0015400000000000001
2062-04-19,0.00176
2062-04-20,0.00303
2062-04-21,0.00196
2062-04-22,0.00193
2062-04-23,0.00186
2062-04-24,0.0018100000000000002
2062-04-25,0.0017399999999999998
2062-04-26,0.00161
2062-04-27,0.00147
2062-04-28,0.0013800000000000002
2062-04-29,0.0014199999999999998
2062-04-30,0.00151
2062-05-01,0.00128
2062-05-02,0.00122
2062-05-03,0.00118
2062-05-04,0.00116
2062-05-05,0.006999999999999999
2062-05-06,0.00186
2062-05-07,0.0016300000000000002
2062-05-08,0.0011300000000000001
2062-05-09,0.00112
2062-05-10,0.0011099999999999999
2062-05-11,0.0011
2062-05-12,0.00109
2062-05-13,0.0015300000000000001
2062-05-14,0.00107
2062-05-15,0.00106
2062-05-16,0.00105
2062-05-17,0.0010400000000000001
2062-05-18,0.00103
2062-05-19,0.0010199999999999999
2062-05-20,0.001
2062-05-21,0.00099
2062-05-22,0.0009699999999999999
2062-05-23,0.0009599999999999999
2062-05-24,0.0009400000000000001
2062-05-25,0.0009199999999999999
2062-05-26,0.00091
2062-05-27,0.0008900000000000001
2062-05-28,0.00088
2062-05-29,0.00086
2062-05-30,0.00084
2062-05-31,0.00082
2062-06-01,0.0008
2062-06-02,0.00078
2062-06-03,0.0007599999999999999
2062-06-04,0.00074
2062-06-05,0.00072
2062-06-06,0.0007
2062-06-07,0.0006900000000000001
2062-06-08,0.00067
2062-06-09,0.00065
2062-06-10,0.00064
2062-06-11,0.00063
2062-06-12,0.00061
2062-06-13,0.00061
2062-06-14,0.0006
2062-06-15,0.00059
2062-06-16,0.00058
2062-06-17,0.00057
2062-06-18,0.00056
2062-06-19,0.00055
2062-06-20,0.00054
2062-06-21,0.00053
2062-06-22,0.00053
2062-06-23,0.0005200000000000001
2062-06-24,0.0005099999999999999
2062-06-25,0.0005099999999999999
2062-06-26,0.0005
2062-06-27,0.0005
2062-06-28,0.00049
2062-06-29,0.00049
2062-06-30,0.00049
2062-07-01,0.00049
2062-07-02,0.00047999999999999996
2062-07-03,0.00047999999999999996
2062-07-04,0.00047999999999999996
2062-07-05,0.00047999999999999996
2062-07-06,0.00047999999999999996
2062-07-07,0.00047999999999999996
2062-07-08,0.00047999999999999996
2062-07-09,0.00047999999999999996
2062-07-10,0.00047999999999999996
2062-07-11,0.00047999999999999996
2062-07-12,0.00047999999999999996
2062-07-13,0.00047999999999999996
2062-07-14,0.00047999999999999996
2062-07-15,0.00047999999999999996
2062-07-16,0.00047999999999999996
2062-07-17,0.00047999999999999996
2062-07-18,0.00047999999999999996
2062-07-19,0.00047999999999999996
2062-07-20,0.00047999999999999996
2062-07-21,0.00047999999999999996
2062-07-22,0.00047999999999999996
2062-07-23,0.00047999999999999996
2062-07-24,0.00047999999999999996
2062-07-25,0.00047999999999999996
2062-07-26,0.00047999999999999996
2062-07-27,0.00047999999999999996
2062-07-28,0.00047999999999999996
2062-07-29,0.00047999999999999996
2062-07-30,0.00047999999999999996
2062-07-31,0.00047999999999999996
2062-08-01,0.00047999999999999996
2062-08-02,0.00047999999999999996
2062-08-03,0.00047999999999999996
2062-08-04,0.00047999999999999996
2062-08-05,0.00047999999999999996
2062-08-06,0.00047999999999999996
2062-08-07,0.00047999999999999996
2062-08-08,0.00047999999999999996
2062-08-09,0.00047999999999999996
2062-08-10,0.00047999999999999996
2062-08-11,0.00047999999999999996
2062-08-12,0.00047999999999999996
2062-08-13,0.00047999999999999996
2062-08-14,0.00047000000000000004
2062-08-15,0.00047000000000000004
2062-08-16,0.00047000000000000004
2062-08-17,0.00047000000000000004
2062-08-18,0.00047000000000000004
2062-08-19,0.00047000000000000004
2062-08-20,0.00047000000000000004
2062-08-21,0.00047000000000000004
2062-08-22,0.00047000000000000004
2062-08-23,0.00047000000000000004
2062-08-24,0.00047000000000000004
2062-08-25,0.00047000000000000004
2062-08-26,0.00047000000000000004
2062-08-27,0.00047000000000000004
2062-08-28,0.00082
2062-08-29,0.00047000000000000004
2062-08-30,0.00047000000000000004
2062-08-31,0.00047000000000000004
2062-09-01,0.00047000000000000004
2062-09-02,0.00047000000000000004
2062-09-03,0.00047000000000000004
2062-09-04,0.00047000000000000004
2062-09-05,0.00047000000000000004
2062-09-06,0.00047000000000000004
2062-09-07,0.00047000000000000004
2062-09-08,0.00047000000000000004
2062-09-09,0.00047000000000000004
2062-09-10,0.00047000000000000004
2062-09-11,0.00047000000000000004
2062-09-12,0.00047000000000000004
2062-09-13,0.00047000000000000004
2062-09-14,0.00047000000000000004
2062-09-15,0.00047000000000000004
2062-09-16,0.00047000000000000004
2062-09-17,0.00047000000000000004
2062-09-18,0.00047000000000000004
2062-09-19,0.00047000000000000004
2062-09-20,0.00047000000000000004
2062-09-21,0.00047000000000000004
2062-09-22,0.00047000000000000004
2062-09-23,0.00047000000000000004
2062-09-24,0.00047000000000000004
2062-09-25,0.00047000000000000004
2062-09-26,0.00047000000000000004
2062-09-27,0.00047000000000000004
2062-09-28,0.00047000000000000004
2062-09-29,0.00047000000000000004
2062-09-30,0.00047000000000000004
2062-10-01,0.00126
2062-10-02,0.00047000000000000004
2062-10-03,0.00047000000000000004
2062-10-04,0.00047000000000000004
2062-10-05,0.00047000000000000004
2062-10-06,0.00047000000000000004
2062-10-07,0.00047000000000000004
2062-10-08,0.00047000000000000004
2062-10-09,0.00047000000000000004
2062-10-10,0.00643
2062-10-11,0.041819999999999996
2062-10-12,0.10076
2062-10-13,0.00055
2062-10-14,0.00058
2062-10-15,0.00058
2062-10-16,0.00059
2062-10-17,0.00059
2062-10-18,0.00059
2062-10-19,0.00059
2062-10-20,0.00059
2062-10-21,0.00058
2062-10-22,0.00058
2062-10-23,0.00057
2062-10-24,0.00057
2062-10-25,0.00056
2062-10-26,0.00056
2062-10-27,0.00056
2062-10-28,0.00055
2062-10-29,0.00055
2062-10-30,0.00055
2062-10-31,0.00055
2062-11-01,0.00054
2062-11-02,0.00054
2062-11-03,0.00606
2062-11-04,0.00054
2062-11-05,0.00054
2062-11-06,0.00054
2062-11-07,0.00054
2062-11-08,0.0011
2062-11-09,0.00053
2062-11-10,0.00053
2062-11-11,0.00053
2062-11-12,0.00053
2062-11-13,0.00053
2062-11-14,0.00053
2062-11-15,0.0005200000000000001
2062-11-16,0.0005200000000000001
2062-11-17,0.0005200000000000001
2062-11-18,0.0005200000000000001
2062-11-19,0.0005200000000000001
2062-11-20,0.0005200000000000001
2062-11-21,0.0005200000000000001
2062-11-22,0.0005099999999999999
2062-11-23,0.0005099999999999999
2062-11-24,0.0005099999999999999
2062-11-25,0.0005099999999999999
2062-11-26,0.0005099999999999999
2062-11-27,0.0005099999999999999
2062-11-28,0.0005099999999999999
2062-11-29,0.0005099999999999999
2062-11-30,0.00695
2062-12-01,0.01037
2062-12-02,0.02136
2062-12-03,0.08433
2062-12-04,0.12108
2062-12-05,0.028789999999999996
2062-12-06,0.017230000000000002
2062-12-07,0.061279999999999994
2062-12-08,0.00164
2062-12-09,0.00175
2062-12-10,0.02144
2062-12-11,0.007679999999999999
2062-12-12,0.00131
2062-12-13,0.00091
2062-12-14,0.0009199999999999999
2062-12-15,0.0073
2062-12-16,0.00242
2062-12-17,0.00093
2062-12-18,0.0009400000000000001
2062-12-19,0.0009400000000000001
2062-12-20,0.0009400000000000001
2062-12-21,0.0009400000000000001
2062-12-22,0.0009400000000000001
2062-12-23,0.0009400000000000001
2062-12-24,0.0009400000000000001
2062-12-25,0.0009400000000000001
2062-12-26,0.0009400000000000001
2062-12-27,0.00093
2062-12-28,0.00093
2062-12-29,0.00093
2062-12-30,0.00093
2062-12-31,0.00093
2063-01-01,0.00093
2063-01-02,0.00124
2063-01-03,0.0009199999999999999
2063-01-04,0.00461
2063-01-05,0.01425
2063-01-06,0.02097
2063-01-07,0.00093
2063-01-08,0.0009400000000000001
2063-01-09,0.0009400000000000001
2063-01-10,0.00095
2063-01-11,0.00095
2063-01-12,0.00095
2063-01-13,0.00095
2063-01-14,0.00095
2063-01-15,0.00095
2063-01-16,0.00095
2063-01-17,0.00095
2063-01-18,0.00095
2063-01-19,0.0009400000000000001
2063-01-20,0.01957
2063-01-21,0.07674
2063-01-22,0.5394800000000001
2063-01-23,0.6269
2063-01-24,0.10485
2063-01-25,0.1485
2063-01-26,0.10822000000000001
2063-01-27,0.11009000000000001
2063-01-28,0.17434000000000002
2063-01-29,0.27071999999999996
2063-01-30,0.17156
2063-01-31,0.13735999999999998
2063-02-01,0.29563
2063-02-02,0.34106
2063-02-03,0.13925
2063-02-04,0.12265
2063-02-05,0.13037
2063-02-06,0.15595
2063-02-07,0.17432999999999998
2063-02-08,0.16342
2063-02-09,0.1485
2063-02-10,0.16702999999999998
2063-02-11,0.18447
2063-02-12,0.17004
2063-02-13,0.12304000000000001
2063-02-14,0.16626
2063-02-15,0.17107
2063-02-16,0.12999000000000002
2063-02-17,0.12252
2063-02-18,0.1233
2063-02-19,0.14855
2063-02-20,0.35689
2063-02-21,0.3976
2063-02-22,0.14175
2063-02-23,0.13391
2063-02-24,0.13260999999999998
2063-02-25,0.1233
2063-02-26,0.1294
2063-02-27,0.12225
2063-02-28,0.11625
2063-03-01,0.10528
2063-03-02,0.09399
2063-03-03,0.08372
2063-03-04,0.075
2063-03-05,0.06745
2063-03-06,0.06062000000000001
2063-03-07,0.07557
2063-03-08,0.07516
2063-03-09,0.07674
2063-03-10,0.0684
2063-03-11,0.06312999999999999
2063-03-12,0.061489999999999996
2063-03-13,0.057510000000000006
2063-03-14,0.0532
2063-03-15,0.0485
2063-03-16,0.04413
2063-03-17,0.03997
2063-03-18,0.03924
2063-03-19,0.03429
2063-03-20,0.03153
2063-03-21,0.03021
2063-03-22,0.02684
2063-03-23,0.0251
2063-03-24,0.05159
2063-03-25,0.04969
2063-03-26,0.07246
2063-03-27,0.07192
2063-03-28,0.06419
2063-03-29,0.06904
2063-03-30,0.06493
2063-03-31,0.06948
2063-04-01,0.06055
2063-04-02,0.05725
2063-04-03,0.05247
2063-04-04,0.0478
2063-04-05,0.07255
2063-04-06,0.06929
2063-04-07,0.049589999999999995
2063-04-08,0.04987
2063-04-09,0.046610000000000006
2063-04-10,0.0427
2063-04-11,0.03843
2063-04-12,0.034
2063-04-13,0.029939999999999998
2063-04-14,0.026310000000000004
2063-04-15,0.02307
2063-04-16,0.020040000000000002
2063-04-17,0.01731
2063-04-18,0.01624
2063-04-19,0.01464
2063-04-20,0.01347
2063-04-21,0.01207
2063-04-22,0.010759999999999999
2063-04-23,0.033089999999999994
2063-04-24,0.033819999999999996
2063-04-25,0.0171
2063-04-26,0.01345
2063-04-27,0.013909999999999999
2063-04-28,0.01369
2063-04-29,0.013309999999999999
2063-04-30,0.01234
2063-05-01,0.01116
2063-05-02,0.00969
2063-05-03,0.008490000000000001
2063-05-04,0.00744
2063-05-05,0.0061600000000000005
2063-05-06,0.00484
2063-05-07,0.00435
2063-05-08,0.0028899999999999998
2063-05-09,0.00236
2063-05-10,0.0018100000000000002
2063-05-11,0.0016300000000000002
2063-05-12,0.00131
2063-05-13,0.00123
2063-05-14,0.00121
2063-05-15,0.00119
2063-05-16,0.00118
2063-05-17,0.00117
2063-05-18,0.00116
2063-05-19,0.00114
2063-05-20,0.0011300000000000001
2063-05-21,0.0011099999999999999
2063-05-22,0.0011
2063-05-23,0.00108
2063-05-24,0.00106
2063-05-25,0.00105
2063-05-26,0.00103
2063-05-27,0.0010199999999999999
2063-05-28,0.00101
2063-05-29,0.001
2063-05-30,0.00099
2063-05-31,0.00098
2063-06-01,0.0009599999999999999
2063-06-02,0.00095
2063-06-03,0.00093
2063-06-04,0.0009199999999999999
2063-06-05,0.0009
2063-06-06,0.0008900000000000001
2063-06-07,0.0008699999999999999
2063-06-08,0.00085
2063-06-09,0.0008300000000000001
2063-06-10,0.00081
2063-06-11,0.00079
2063-06-12,0.00078
2063-06-13,0.0007599999999999999
2063-06-14,0.00075
2063-06-15,0.00073
2063-06-16,0.0007099999999999999
2063-06-17,0.0007
2063-06-18,0.0006799999999999999
2063-06-19,0.00067
2063-06-20,0.00066
2063-06-21,0.00064
2063-06-22,0.00063
2063-06-23,0.00061
2063-06-24,0.0006
2063-06-25,0.00059
2063-06-26,0.00058
2063-06-27,0.00056
2063-06-28,0.00055
2063-06-29,0.00054
2063-06-30,0.00053
2063-07-01,0.00053
2063-07-02,0.0005200000000000001
2063-07-03,0.0005099999999999999
2063-07-04,0.0005099999999999999
2063-07-05,0.0005
2063-07-06,0.0005
2063-07-07,0.00049
2063-07-08,0.00049
2063-07-09,0.00049
2063-07-10,0.00049
2063-07-11,0.00047999999999999996
2063-07-12,0.00047999999999999996
2063-07-13,0.00047999999999999996
2063-07-14,0.00047999999999999996
2063-07-15,0.00047999999999999996
2063-07-16,0.00047999999999999996
2063-07-17,0.00047999999999999996
2063-07-18,0.00047999999999999996
2063-07-19,0.00047999999999999996
2063-07-20,0.00047999999999999996
2063-07-21,0.00047999999999999996
2063-07-22,0.00047999999999999996
2063-07-23,0.00047999999999999996
2063-07-24,0.00047999999999999996
2063-07-25,0.00047999999999999996
2063-07-26,0.00047999999999999996
2063-07-27,0.00047999999999999996
2063-07-28,0.00047999999999999996
2063-07-29,0.00047999999999999996
2063-07-30,0.00047999999999999996
2063-07-31,0.00047999999999999996
2063-08-01,0.00047999999999999996
2063-08-02,0.00047999999999999996
2063-08-03,0.00047999999999999996
2063-08-04,0.00047999999999999996
2063-08-05,0.00047999999999999996
2063-08-06,0.00047999999999999996
2063-08-07,0.00047999999999999996
2063-08-08,0.00047999999999999996
2063-08-09,0.00047999999999999996
2063-08-10,0.00047999999999999996
2063-08-11,0.00047999999999999996
2063-08-12,0.00047999999999999996
2063-08-13,0.00047999999999999996
2063-08-14,0.00047999999999999996
2063-08-15,0.00047999999999999996
2063-08-16,0.00047999999999999996
2063-08-17,0.00047999999999999996
2063-08-18,0.00047999999999999996
2063-08-19,0.00047999999999999996
2063-08-20,0.00047999999999999996
2063-08-21,0.00047999999999999996
2063-08-22,0.00047999999999999996
2063-08-23,0.00179
2063-08-24,0.00047999999999999996
2063-08-25,0.0009400000000000001
2063-08-26,0.00047000000000000004
2063-08-27,0.0009400000000000001
2063-08-28,0.00047000000000000004
2063-08-29,0.0007700000000000001
2063-08-30,0.00047000000000000004
2063-08-31,0.00047000000000000004
2063-09-01,0.00047000000000000004
2063-09-02,0.00047000000000000004
2063-09-03,0.00047000000000000004
2063-09-04,0.00047000000000000004
2063-09-05,0.00047000000000000004
2063-09-06,0.00047000000000000004
2063-09-07,0.00047000000000000004
2063-09-08,0.00047000000000000004
2063-09-09,0.00047000000000000004
2063-09-10,0.00047000000000000004
2063-09-11,0.00047000000000000004
2063-09-12,0.00047000000000000004
2063-09-13,0.00047000000000000004
2063-09-14,0.00047000000000000004
2063-09-15,0.00047000000000000004
2063-09-16,0.00047000000000000004
2063-09-17,0.00047000000000000004
2063-09-18,0.00047000000000000004
2063-09-19,0.00047000000000000004
2063-09-20,0.00047000000000000004
2063-09-21,0.00047000000000000004
2063-09-22,0.00047000000000000004
2063-09-23,0.00047000000000000004
2063-09-24,0.00047000000000000004
2063-09-25,0.00047000000000000004
2063-09-26,0.00047000000000000004
2063-09-27,0.00047000000000000004
2063-09-28,0.00047000000000000004
2063-09-29,0.00047000000000000004
2063-09-30,0.00047000000000000004
2063-10-01,0.00047000000000000004
2063-10-02,0.00047000000000000004
2063-10-03,0.00047000000000000004
2063-10-04,0.00047000000000000004
2063-10-05,0.00047000000000000004
2063-10-06,0.00047000000000000004
2063-10-07,0.00047000000000000004
2063-10-08,0.00047000000000000004
2063-10-09,0.00047000000000000004
2063-10-10,0.00047000000000000004
2063-10-11,0.00047000000000000004
2063-10-12,0.00047000000000000004
2063-10-13,0.00047000000000000004
2063-10-14,0.00047000000000000004
2063-10-15,0.00047000000000000004
2063-10-16,0.00047000000000000004
2063-10-17,0.00047000000000000004
2063-10-18,0.00047000000000000004
2063-10-19,0.00047000000000000004
2063-10-20,0.00047000000000000004
2063-10-21,0.00047000000000000004
2063-10-22,0.00047000000000000004
2063-10-23,0.00047000000000000004
2063-10-24,0.00047000000000000004
2063-10-25,0.00066
2063-10-26,0.00047000000000000004
2063-10-27,0.00047000000000000004
2063-10-28,0.00047000000000000004
2063-10-29,0.00047000000000000004
2063-10-30,0.00047000000000000004
2063-10-31,0.00047000000000000004
2063-11-01,0.00047000000000000004
2063-11-02,0.00047000000000000004
2063-11-03,0.00047000000000000004
2063-11-04,0.00047000000000000004
2063-11-05,0.00047000000000000004
2063-11-06,0.01267
2063-11-07,0.031330000000000004
2063-11-08,0.015819999999999997
2063-11-09,0.00971
2063-11-10,0.00692
2063-11-11,0.02103
2063-11-12,0.0005099999999999999
2063-11-13,0.00053
2063-11-14,0.00053
2063-11-15,0.00054
2063-11-16,0.00055
2063-11-17,0.00055
2063-11-18,0.00124
2063-11-19,0.0015199999999999999
2063-11-20,0.013930000000000001
2063-11-21,0.006790000000000001
2063-11-22,0.009559999999999999
2063-11-23,0.00132
2063-11-24,0.00059
2063-11-25,0.0006
2063-11-26,0.0006
2063-11-27,0.0006
2063-11-28,0.0006
2063-11-29,0.00061
2063-11-30,0.00061
2063-12-01,0.00061
2063-12-02,0.00061
2063-12-03,0.00061
2063-12-04,0.00061
2063-12-05,0.00061
2063-12-06,0.00061
2063-12-07,0.0007099999999999999
2063-12-08,0.00061
2063-12-09,0.0007700000000000001
2063-12-10,0.00061
2063-12-11,0.00061
2063-12-12,0.00159
2063-12-13,0.00061
2063-12-14,0.00061
2063-12-15,0.00061
2063-12-16,0.00061
2063-12-17,0.00061
2063-12-18,0.00061
2063-12-19,0.00061
2063-12-20,0.00061
2063-12-21,0.00061
2063-12-22,0.00061
2063-12-23,0.0008699999999999999
2063-12-24,0.007409999999999999
2063-12-25,0.027339999999999996
2063-12-26,0.09838999999999999
2063-12-27,0.00777
2063-12-28,0.00598
2063-12-29,0.0077
2063-12-30,0.00361
2063-12-31,0.005529999999999999
2064-01-01,0.03991
2064-01-02,0.0072900000000000005
2064-01-03,0.00692
2064-01-04,0.00318
2064-01-05,0.00088
2064-01-06,0.00088
2064-01-07,0.0008900000000000001
2064-01-08,0.0008900000000000001
2064-01-09,0.0008900000000000001
2064-01-10,0.0009
2064-01-11,0.0009
2064-01-12,0.0009
2064-01-13,0.00389
2064-01-14,0.0009
2064-01-15,0.00951
2064-01-16,0.00233
2064-01-17,0.0009
2064-01-18,0.0009
2064-01-19,0.00091
2064-01-20,0.00091
2064-01-21,0.0009
2064-01-22,0.0009
2064-01-23,0.0009
2064-01-24,0.0009
2064-01-25,0.0008900000000000001
2064-01-26,0.0008900000000000001
2064-01-27,0.0042899999999999995
2064-01-28,0.0008900000000000001
2064-01-29,0.00088
2064-01-30,0.00088
2064-01-31,0.00088
2064-02-01,0.00088
2064-02-02,0.00088
2064-02-03,0.0008699999999999999
2064-02-04,0.0008699999999999999
2064-02-05,0.01275
2064-02-06,0.00996
2064-02-07,0.013090000000000001
2064-02-08,0.0021899999999999997
2064-02-09,0.00088
2064-02-10,0.0008900000000000001
2064-02-11,0.00485
2064-02-12,0.00817
2064-02-13,0.0009
2064-02-14,0.00224
2064-02-15,0.0009
2064-02-16,0.0009
2064-02-17,0.0009
2064-02-18,0.0009
2064-02-19,0.00475
2064-02-20,0.0008900000000000001
2064-02-21,0.0008900000000000001
2064-02-22,0.0008900000000000001
2064-02-23,0.00088
2064-02-24,0.00088
2064-02-25,0.00126
2064-02-26,0.00447
2064-02-27,0.0039
2064-02-28,0.00771
2064-02-29,0.025169999999999998
2064-03-01,0.00562
2064-03-02,0.00106
2064-03-03,0.00091
2064-03-04,0.0009199999999999999
2064-03-05,0.0009199999999999999
2064-03-06,0.01622
2064-03-07,0.00845
2064-03-08,0.01598
2064-03-09,0.0054
2064-03-10,0.0009599999999999999
2064-03-11,0.00464
2064-03-12,0.0015199999999999999
2064-03-13,0.00217
2064-03-14,0.00099
2064-03-15,0.00099
2064-03-16,0.05968
2064-03-17,0.033389999999999996
2064-03-18,0.011090000000000001
2064-03-19,0.015090000000000001
2064-03-20,0.030510000000000002
2064-03-21,0.07877
2064-03-22,0.01235
2064-03-23,0.0171
2064-03-24,0.014669999999999999
2064-03-25,0.05222
2064-03-26,0.09577000000000001
2064-03-27,0.06788999999999999
2064-03-28,0.04263
2064-03-29,0.04666
2064-03-30,0.08893999999999999
2064-03-31,0.07111
2064-04-01,0.06512000000000001
2064-04-02,0.06527999999999999
2064-04-03,0.06071
2064-04-04,0.058320000000000004
2064-04-05,0.054779999999999995
2064-04-06,0.05022
2064-04-07,0.04547
2064-04-08,0.04104
2064-04-09,0.03854
2064-04-10,0.033339999999999995
2064-04-11,0.029810000000000003
2064-04-12,0.02645
2064-04-13,0.02336
2064-04-14,0.02061
2064-04-15,0.018269999999999998
2064-04-16,0.01627
2064-04-17,0.01433
2064-04-18,0.0124
2064-04-19,0.01066
2064-04-20,0.00925
2064-04-21,0.007509999999999999
2064-04-22,0.0061
2064-04-23,0.00511
2064-04-24,0.00442
2064-04-25,0.0039299999999999995
2064-04-26,0.00343
2064-04-27,0.0028699999999999997
2064-04-28,0.00237
2064-04-29,0.0019399999999999999
2064-04-30,0.00162
2064-05-01,0.00197
2064-05-02,0.0012900000000000001
2064-05-03,0.00123
2064-05-04,0.0012699999999999999
2064-05-05,0.0012
2064-05-06,0.00119
2064-05-07,0.00118
2064-05-08,0.00117
2064-05-09,0.00115
2064-05-10,0.00114
2064-05-11,0.00112
2064-05-12,0.0011
2064-05-13,0.00109
2064-05-14,0.00107
2064-05-15,0.00107
2064-05-16,0.00106
2064-05-17,0.00105
2064-05-18,0.00103
2064-05-19,0.0010199999999999999
2064-05-20,0.001
2064-05-21,0.00098
2064-05-22,0.0009599999999999999
2064-05-23,0.0009400000000000001
2064-05-24,0.00093
2064-05-25,0.00091
2064-05-26,0.0009
2064-05-27,0.00088
2064-05-28,0.0008699999999999999
2064-05-29,0.00086
2064-05-30,0.00084
2064-05-31,0.0008300000000000001
2064-06-01,0.00082
2064-06-02,0.0020399999999999997
2064-06-03,0.00079
2064-06-04,0.0007700000000000001
2064-06-05,0.0015300000000000001
2064-06-06,0.00074
2064-06-07,0.00072
2064-06-08,0.0007099999999999999
2064-06-09,0.0006900000000000001
2064-06-10,0.0006799999999999999
2064-06-11,0.00067
2064-06-12,0.00065
2064-06-13,0.00064
2064-06-14,0.00063
2064-06-15,0.00062
2064-06-16,0.00061
2064-06-17,0.0006
2064-06-18,0.00059
2064-06-19,0.00058
2064-06-20,0.00057
2064-06-21,0.00056
2064-06-22,0.00054
2064-06-23,0.00054
2064-06-24,0.00053
2064-06-25,0.0005200000000000001
2064-06-26,0.0005099999999999999
2064-06-27,0.0005099999999999999
2064-06-28,0.0005
2064-06-29,0.0005
2064-06-30,0.0005
2064-07-01,0.00049
2064-07-02,0.00049
2064-07-03,0.00049
2064-07-04,0.00049
2064-07-05,0.00047999999999999996
2064-07-06,0.00047999999999999996
2064-07-07,0.00047999999999999996
2064-07-08,0.00047999999999999996
2064-07-09,0.00047999999999999996
2064-07-10,0.00047999999999999996
2064-07-11,0.00047999999999999996
2064-07-12,0.00047999999999999996
2064-07-13,0.00047999999999999996
2064-07-14,0.00047999999999999996
2064-07-15,0.00047999999999999996
2064-07-16,0.00047999999999999996
2064-07-17,0.00047999999999999996
2064-07-18,0.00047999999999999996
2064-07-19,0.00047999999999999996
2064-07-20,0.00047999999999999996
2064-07-21,0.00047999999999999996
2064-07-22,0.00047999999999999996
2064-07-23,0.00047999999999999996
2064-07-24,0.00047999999999999996
2064-07-25,0.00047999999999999996
2064-07-26,0.00047999999999999996
2064-07-27,0.00047999999999999996
2064-07-28,0.00047999999999999996
2064-07-29,0.00047999999999999996
2064-07-30,0.00047999999999999996
2064-07-31,0.00047999999999999996
2064-08-01,0.00047999999999999996
2064-08-02,0.00047999999999999996
2064-08-03,0.00047999999999999996
2064-08-04,0.00047999999999999996
2064-08-05,0.00047999999999999996
2064-08-06,0.00047999999999999996
2064-08-07,0.00047999999999999996
2064-08-08,0.00047999999999999996
2064-08-09,0.00047999999999999996
2064-08-10,0.00047999999999999996
2064-08-11,0.00047999999999999996
2064-08-12,0.00047999999999999996
2064-08-13,0.00047999999999999996
2064-08-14,0.00047999999999999996
2064-08-15,0.00047999999999999996
2064-08-16,0.00047999999999999996
2064-08-17,0.00047999999999999996
2064-08-18,0.00047000000000000004
2064-08-19,0.00047000000000000004
2064-08-20,0.00047000000000000004
2064-08-21,0.00047000000000000004
2064-08-22,0.00047000000000000004
2064-08-23,0.00047000000000000004
2064-08-24,0.00047000000000000004
2064-08-25,0.00047000000000000004
2064-08-26,0.00047000000000000004
2064-08-27,0.00047000000000000004
2064-08-28,0.00047000000000000004
2064-08-29,0.00047000000000000004
2064-08-30,0.00047000000000000004
2064-08-31,0.00047000000000000004
2064-09-01,0.00047000000000000004
2064-09-02,0.00047000000000000004
2064-09-03,0.00047000000000000004
2064-09-04,0.00047000000000000004
2064-09-05,0.00047000000000000004
2064-09-06,0.00047000000000000004
2064-09-07,0.00047000000000000004
2064-09-08,0.00047000000000000004
2064-09-09,0.00047000000000000004
2064-09-10,0.00047000000000000004
2064-09-11,0.00047000000000000004
2064-09-12,0.00047000000000000004
2064-09-13,0.00047000000000000004
2064-09-14,0.00047000000000000004
2064-09-15,0.00047000000000000004
2064-09-16,0.00047000000000000004
2064-09-17,0.00047000000000000004
2064-09-18,0.00047000000000000004
2064-09-19,0.00047000000000000004
2064-09-20,0.00047000000000000004
2064-09-21,0.00047000000000000004
2064-09-22,0.00047000000000000004
2064-09-23,0.00047000000000000004
2064-09-24,0.00047000000000000004
2064-09-25,0.00047000000000000004
2064-09-26,0.00047000000000000004
2064-09-27,0.00047000000000000004
2064-09-28,0.00047000000000000004
2064-09-29,0.00047000000000000004
2064-09-30,0.00047000000000000004
2064-10-01,0.00047000000000000004
2064-10-02,0.00047000000000000004
2064-10-03,0.00047000000000000004
2064-10-04,0.00047000000000000004
2064-10-05,0.00047000000000000004
2064-10-06,0.00047000000000000004
2064-10-07,0.00047000000000000004
2064-10-08,0.00047000000000000004
2064-10-09,0.00047000000000000004
2064-10-10,0.00047000000000000004
2064-10-11,0.00047000000000000004
2064-10-12,0.00047000000000000004
2064-10-13,0.00047000000000000004
2064-10-14,0.00047000000000000004
2064-10-15,0.00047000000000000004
2064-10-16,0.00047000000000000004
2064-10-17,0.00047000000000000004
2064-10-18,0.00047000000000000004
2064-10-19,0.00047000000000000004
2064-10-20,0.00047000000000000004
2064-10-21,0.00047000000000000004
2064-10-22,0.00047000000000000004
2064-10-23,0.00047000000000000004
2064-10-24,0.00047000000000000004
2064-10-25,0.00047000000000000004
2064-10-26,0.00047000000000000004
2064-10-27,0.00047000000000000004
2064-10-28,0.00047000000000000004
2064-10-29,0.00047000000000000004
2064-10-30,0.00054
2064-10-31,0.00047000000000000004
2064-11-01,0.00047000000000000004
2064-11-02,0.00047000000000000004
2064-11-03,0.00047000000000000004
2064-11-04,0.00047000000000000004
2064-11-05,0.00047000000000000004
2064-11-06,0.00047000000000000004
2064-11-07,0.00158
2064-11-08,0.007640000000000001
2064-11-09,0.00047000000000000004
2064-11-10,0.00047000000000000004
2064-11-11,0.00047000000000000004
2064-11-12,0.00047000000000000004
2064-11-13,0.00047000000000000004
2064-11-14,0.00047000000000000004
2064-11-15,0.00047000000000000004
2064-11-16,0.00093
2064-11-17,0.00045999999999999996
2064-11-18,0.00049
2064-11-19,0.00045999999999999996
2064-11-20,0.00045999999999999996
2064-11-21,0.00045999999999999996
2064-11-22,0.00542
2064-11-23,0.018080000000000002
2064-11-24,0.04815
2064-11-25,0.12333
2064-11-26,0.029169999999999998
2064-11-27,0.00063
2064-11-28,0.04856
2064-11-29,0.13467
2064-11-30,0.19254000000000002
2064-12-01,0.35565
2064-12-02,0.05346
2064-12-03,0.00109
2064-12-04,0.00112
2064-12-05,0.0011300000000000001
2064-12-06,0.0011300000000000001
2064-12-07,0.0025800000000000003
2064-12-08,0.00114
2064-12-09,0.00114
2064-12-10,0.00114
2064-12-11,0.00114
2064-12-12,0.00114
2064-12-13,0.00114
2064-12-14,0.00114
2064-12-15,0.00114
2064-12-16,0.0011300000000000001
2064-12-17,0.0011300000000000001
2064-12-18,0.02426
2064-12-19,0.06637
2064-12-20,0.16978
2064-12-21,0.05753
2064-12-22,0.015269999999999999
2064-12-23,0.0201
2064-12-24,0.06279
2064-12-25,0.06476
2064-12-26,0.03959
2064-12-27,0.04367
2064-12-28,0.043910000000000005
2064-12-29,0.04253
2064-12-30,0.04419
2064-12-31,0.09337000000000001
2065-01-01,0.07321
2065-01-02,0.09966
2065-01-03,0.0728
2065-01-04,0.08092
2065-01-05,0.17401
2065-01-06,0.24456999999999998
2065-01-07,0.13151
2065-01-08,0.13573
2065-01-09,0.14809
2065-01-10,0.12207
2065-01-11,0.12264000000000001
2065-01-12,0.11959000000000002
2065-01-13,0.11415
2065-01-14,0.10497000000000001
2065-01-15,0.0976
2065-01-16,0.09168
2065-01-17,0.08392000000000001
2065-01-18,0.07645
2065-01-19,0.0698
2065-01-20,0.06448
2065-01-21,0.05948
2065-01-22,0.05485
2065-01-23,0.05061
2065-01-24,0.04657
2065-01-25,0.04294
2065-01-26,0.03975
2065-01-27,0.03689
2065-01-28,0.03428
2065-01-29,0.03191
2065-01-30,0.041569999999999996
2065-01-31,0.08086
2065-02-01,0.26184
2065-02-02,0.47179
2065-02-03,0.9346700000000001
2065-02-04,0.8642700000000001
2065-02-05,0.24561999999999998
2065-02-06,0.12343
2065-02-07,0.12765
2065-02-08,0.12343
2065-02-09,0.12343
2065-02-10,0.12269000000000001
2065-02-11,0.13418
2065-02-12,0.15068
2065-02-13,0.1406
2065-02-14,0.12287999999999999
2065-02-15,0.1454
2065-02-16,0.23703000000000002
2065-02-17,0.3967
2065-02-18,0.6022
2065-02-19,0.49077
2065-02-20,0.18015
2065-02-21,0.13518
2065-02-22,0.12506
2065-02-23,0.12343
2065-02-24,0.12343
2065-02-25,0.12329000000000001
2065-02-26,0.11922999999999999
2065-02-27,0.10945
2065-02-28,0.09875
2065-03-01,0.08885
2065-03-02,0.07976
2065-03-03,0.0824
2065-03-04,0.10926
2065-03-05,0.08726
2065-03-06,0.07981
2065-03-07,0.10305
2065-03-08,0.0801
2065-03-09,0.07908
2065-03-10,0.07465
2065-03-11,0.06897
2065-03-12,0.06272
2065-03-13,0.0564
2065-03-14,0.050589999999999996
2065-03-15,0.04545
2065-03-16,0.04102
2065-03-17,0.03888
2065-03-18,0.03431
2065-03-19,0.030889999999999997
2065-03-20,0.027510000000000003
2065-03-21,0.0275
2065-03-22,0.02267
2065-03-23,0.02114
2065-03-24,0.01905
2065-03-25,0.01721
2065-03-26,0.01544
2065-03-27,0.013819999999999999
2065-03-28,0.01228
2065-03-29,0.01078
2065-03-30,0.00943
2065-03-31,0.00811
2065-04-01,0.00662
2065-04-02,0.00517
2065-04-03,0.00398
2065-04-04,0.00305
2065-04-05,0.00237
2065-04-06,0.0018800000000000002
2065-04-07,0.0015300000000000001
2065-04-08,0.0013
2065-04-09,0.00122
2065-04-10,0.0015199999999999999
2065-04-11,0.0012
2065-04-12,0.00119
2065-04-13,0.0020399999999999997
2065-04-14,0.0061
2065-04-15,0.00266
2065-04-16,0.00118
2065-04-17,0.00118
2065-04-18,0.00117
2065-04-19,0.00116
2065-04-20,0.0017
2065-04-21,0.00115
2065-04-22,0.01127
2065-04-23,0.00599
2065-04-24,0.0011300000000000001
2065-04-25,0.00172
2065-04-26,0.00182
2065-04-27,0.0011300000000000001
2065-04-28,0.0056
2065-04-29,0.00242
2065-04-30,0.0016899999999999999
2065-05-01,0.00702
2065-05-02,0.00504
2065-05-03,0.00112
2065-05-04,0.00112
2065-05-05,0.0011099999999999999
2065-05-06,0.0011099999999999999
2065-05-07,0.0011
2065-05-08,0.00958
2065-05-09,0.01014
2065-05-10,0.00115
2065-05-11,0.0013800000000000002
2065-05-12,0.00109
2065-05-13,0.00108
2065-05-14,0.00108
2065-05-15,0.00107
2065-05-16,0.00155
2065-05-17,0.00432
2065-05-18,0.00539
2065-05-19,0.00106
2065-05-20,0.00105
2065-05-21,0.0010400000000000001
2065-05-22,0.0010199999999999999
2065-05-23,0.00101
2065-05-24,0.00099
2065-05-25,0.00098
2065-05-26,0.0009599999999999999
2065-05-27,0.00095
2065-05-28,0.00093
2065-05-29,0.0009199999999999999
2065-05-30,0.0009
2065-05-31,0.0008900000000000001
2065-06-01,0.00088
2065-06-02,0.00086
2065-06-03,0.00084
2065-06-04,0.00082
2065-06-05,0.0008
2065-06-06,0.00078
2065-06-07,0.0007599999999999999
2065-06-08,0.00075
2065-06-09,0.00073
2065-06-10,0.0007099999999999999
2065-06-11,0.0006900000000000001
2065-06-12,0.00067
2065-06-13,0.00065
2065-06-14,0.00064
2065-06-15,0.00062
2065-06-16,0.00061
2065-06-17,0.0006
2065-06-18,0.00058
2065-06-19,0.00057
2065-06-20,0.00056
2065-06-21,0.00055
2065-06-22,0.00054
2065-06-23,0.00053
2065-06-24,0.0005200000000000001
2065-06-25,0.0005099999999999999
2065-06-26,0.0005099999999999999
2065-06-27,0.0008300000000000001
2065-06-28,0.0005
2065-06-29,0.0005
2065-06-30,0.00049
2065-07-01,0.00049
2065-07-02,0.00049
2065-07-03,0.00049
2065-07-04,0.00047999999999999996
2065-07-05,0.00047999999999999996
2065-07-06,0.00047999999999999996
2065-07-07,0.00047999999999999996
2065-07-08,0.00047999999999999996
2065-07-09,0.00047999999999999996
2065-07-10,0.00047999999999999996
2065-07-11,0.00047999999999999996
2065-07-12,0.00047999999999999996
2065-07-13,0.00047999999999999996
2065-07-14,0.00047999999999999996
2065-07-15,0.00047999999999999996
2065-07-16,0.00047999999999999996
2065-07-17,0.00047999999999999996
2065-07-18,0.00047999999999999996
2065-07-19,0.00047999999999999996
2065-07-20,0.00047999999999999996
2065-07-21,0.00047999999999999996
2065-07-22,0.00047999999999999996
2065-07-23,0.00047999999999999996
2065-07-24,0.00047999999999999996
2065-07-25,0.00047999999999999996
2065-07-26,0.00047999999999999996
2065-07-27,0.00047999999999999996
2065-07-28,0.00047999999999999996
2065-07-29,0.00047999999999999996
2065-07-30,0.00047999999999999996
2065-07-31,0.00047999999999999996
2065-08-01,0.00047999999999999996
2065-08-02,0.00047999999999999996
2065-08-03,0.00047999999999999996
2065-08-04,0.00047999999999999996
2065-08-05,0.00047999999999999996
2065-08-06,0.00047999999999999996
2065-08-07,0.00047999999999999996
2065-08-08,0.00047999999999999996
2065-08-09,0.00047999999999999996
2065-08-10,0.00047999999999999996
2065-08-11,0.00047999999999999996
2065-08-12,0.00047999999999999996
2065-08-13,0.00047999999999999996
2065-08-14,0.00047999999999999996
2065-08-15,0.00047999999999999996
2065-08-16,0.00047999999999999996
2065-08-17,0.00047999999999999996
2065-08-18,0.00047000000000000004
2065-08-19,0.00047000000000000004
2065-08-20,0.00047000000000000004
2065-08-21,0.00047000000000000004
2065-08-22,0.00047000000000000004
2065-08-23,0.00047000000000000004
2065-08-24,0.00047000000000000004
2065-08-25,0.00047000000000000004
2065-08-26,0.00047000000000000004
2065-08-27,0.00047000000000000004
2065-08-28,0.00047000000000000004
2065-08-29,0.00047000000000000004
2065-08-30,0.00047000000000000004
2065-08-31,0.00047000000000000004
2065-09-01,0.00047000000000000004
2065-09-02,0.00047000000000000004
2065-09-03,0.00047000000000000004
2065-09-04,0.00047000000000000004
2065-09-05,0.00047000000000000004
2065-09-06,0.00047000000000000004
2065-09-07,0.00047000000000000004
2065-09-08,0.00047000000000000004
2065-09-09,0.00047000000000000004
2065-09-10,0.00047000000000000004
2065-09-11,0.00047000000000000004
2065-09-12,0.00047000000000000004
2065-09-13,0.00047000000000000004
2065-09-14,0.00047000000000000004
2065-09-15,0.00047000000000000004
2065-09-16,0.00047000000000000004
2065-09-17,0.00047000000000000004
2065-09-18,0.00047000000000000004
2065-09-19,0.00047000000000000004
2065-09-20,0.00047000000000000004
2065-09-21,0.00047000000000000004
2065-09-22,0.00047000000000000004
2065-09-23,0.00047000000000000004
2065-09-24,0.00047000000000000004
2065-09-25,0.00047000000000000004
2065-09-26,0.00047000000000000004
2065-09-27,0.00047000000000000004
2065-09-28,0.00063
2065-09-29,0.00116
2065-09-30,0.00047000000000000004
2065-10-01,0.00047000000000000004
2065-10-02,0.00047000000000000004
2065-10-03,0.00047000000000000004
2065-10-04,0.00047000000000000004
2065-10-05,0.00047000000000000004
2065-10-06,0.00047000000000000004
2065-10-07,0.00047000000000000004
2065-10-08,0.00047000000000000004
2065-10-09,0.00047000000000000004
2065-10-10,0.00047000000000000004
2065-10-11,0.00047000000000000004
2065-10-12,0.00047000000000000004
2065-10-13,0.00047000000000000004
2065-10-14,0.00047000000000000004
2065-10-15,0.00047000000000000004
2065-10-16,0.00047000000000000004
2065-10-17,0.00047000000000000004
2065-10-18,0.00047000000000000004
2065-10-19,0.00047000000000000004
2065-10-20,0.00047000000000000004
2065-10-21,0.00047000000000000004
2065-10-22,0.00047000000000000004
2065-10-23,0.00047000000000000004
2065-10-24,0.00047000000000000004
2065-10-25,0.00047000000000000004
2065-10-26,0.00047000000000000004
2065-10-27,0.00047000000000000004
2065-10-28,0.00047000000000000004
2065-10-29,0.00047000000000000004
2065-10-30,0.00047000000000000004
2065-10-31,0.00047000000000000004
2065-11-01,0.00117
2065-11-02,0.00047000000000000004
2065-11-03,0.00047000000000000004
2065-11-04,0.00047000000000000004
2065-11-05,0.00047000000000000004
2065-11-06,0.00047000000000000004
2065-11-07,0.00047000000000000004
2065-11-08,0.00047000000000000004
2065-11-09,0.00047000000000000004
2065-11-10,0.00047000000000000004
2065-11-11,0.00047000000000000004
2065-11-12,0.00047000000000000004
2065-11-13,0.00047000000000000004
2065-11-14,0.00047000000000000004
2065-11-15,0.00047000000000000004
2065-11-16,0.00045999999999999996
2065-11-17,0.00045999999999999996
2065-11-18,0.00045999999999999996
2065-11-19,0.00045999999999999996
2065-11-20,0.00045999999999999996
2065-11-21,0.00394
2065-11-22,0.00761
2065-11-23,0.01038
2065-11-24,0.00045999999999999996
2065-11-25,0.03369
2065-11-26,0.08793
2065-11-27,0.06967000000000001
2065-11-28,0.04409
2065-11-29,0.03782
2065-11-30,0.00072
2065-12-01,0.00074
2065-12-02,0.0008699999999999999
2065-12-03,0.0007599999999999999
2065-12-04,0.0007599999999999999
2065-12-05,0.0007599999999999999
2065-12-06,0.0007700000000000001
2065-12-07,0.0007700000000000001
2065-12-08,0.0007700000000000001
2065-12-09,0.0007700000000000001
2065-12-10,0.0007700000000000001
2065-12-11,0.0007700000000000001
2065-12-12,0.0007700000000000001
2065-12-13,0.0007599999999999999
2065-12-14,0.00235
2065-12-15,0.0007599999999999999
2065-12-16,0.0007599999999999999
2065-12-17,0.0007599999999999999
2065-12-18,0.0007599999999999999
2065-12-19,0.00075
2065-12-20,0.00075
2065-12-21,0.00075
2065-12-22,0.00074
2065-12-23,0.00074
2065-12-24,0.00074
2065-12-25,0.00073
2065-12-26,0.00073
2065-12-27,0.00073
2065-12-28,0.00072
2065-12-29,0.00072
2065-12-30,0.00072
2065-12-31,0.00072
2066-01-01,0.0007099999999999999
2066-01-02,0.0007099999999999999
2066-01-03,0.0007099999999999999
2066-01-04,0.0007
2066-01-05,0.0007
2066-01-06,0.0007
2066-01-07,0.0006900000000000001
2066-01-08,0.0006900000000000001
2066-01-09,0.0006900000000000001
2066-01-10,0.0006900000000000001
2066-01-11,0.0006799999999999999
2066-01-12,0.0006799999999999999
2066-01-13,0.0006799999999999999
2066-01-14,0.00067
2066-01-15,0.00067
2066-01-16,0.00067
2066-01-17,0.00066
2066-01-18,0.00066
2066-01-19,0.00066
2066-01-20,0.0018
2066-01-21,0.00065
2066-01-22,0.00065
2066-01-23,0.00065
2066-01-24,0.00483
2066-01-25,0.00434
2066-01-26,0.00065
2066-01-27,0.00064
2066-01-28,0.00064
2066-01-29,0.00064
2066-01-30,0.00244
2066-01-31,0.006509999999999999
2066-02-01,0.0015300000000000001
2066-02-02,0.00075
2066-02-03,0.00064
2066-02-04,0.00064
2066-02-05,0.00063
2066-02-06,0.00063
2066-02-07,0.00063
2066-02-08,0.017480000000000002
2066-02-09,0.12115999999999999
2066-02-10,0.61744
2066-02-11,1.02772
2066-02-12,0.29814
2066-02-13,0.00251
2066-02-14,0.00108
2066-02-15,0.00109
2066-02-16,0.00198
2066-02-17,0.00109
2066-02-18,0.00176
2066-02-19,0.01864
2066-02-20,0.05752
2066-02-21,0.02925
2066-02-22,0.01957
2066-02-23,0.013009999999999999
2066-02-24,0.00505
2066-02-25,0.00375
2066-02-26,0.00412
2066-02-27,0.00427
2066-02-28,0.0043100000000000005
2066-03-01,0.004229999999999999
2066-03-02,0.00405
2066-03-03,0.00387
2066-03-04,0.0036799999999999997
2066-03-05,0.0034200000000000003
2066-03-06,0.0031
2066-03-07,0.00277
2066-03-08,0.00249
2066-03-09,0.0022600000000000003
2066-03-10,0.00205
2066-03-11,0.00186
2066-03-12,0.00175
2066-03-13,0.00539
2066-03-14,0.055760000000000004
2066-03-15,0.9598399999999999
2066-03-16,0.36225999999999997
2066-03-17,0.16011
2066-03-18,0.08639
2066-03-19,0.08161
2066-03-20,0.07854
2066-03-21,0.07237
2066-03-22,0.06539
2066-03-23,0.05895
2066-03-24,0.0609
2066-03-25,0.07305
2066-03-26,0.06321
2066-03-27,0.05134
2066-03-28,0.0494
2066-03-29,0.04635
2066-03-30,0.11179000000000001
2066-03-31,0.11884000000000002
2066-04-01,0.07833
2066-04-02,0.07969
2066-04-03,0.08489
2066-04-04,0.0738
2066-04-05,0.07297000000000001
2066-04-06,0.06999
2066-04-07,0.06777000000000001
2066-04-08,0.06056
2066-04-09,0.05749
2066-04-10,0.051570000000000005
2066-04-11,0.04629
2066-04-12,0.04115
2066-04-13,0.03764
2066-04-14,0.04506
2066-04-15,0.13658
2066-04-16,0.1787
2066-04-17,0.13828
2066-04-18,0.60364
2066-04-19,0.18667999999999998
2066-04-20,0.12336
2066-04-21,0.12503
2066-04-22,0.1289
2066-04-23,0.12214000000000001
2066-04-24,0.11907999999999999
2066-04-25,0.10833
2066-04-26,0.09675
2066-04-27,0.08517000000000001
2066-04-28,0.07487
2066-04-29,0.08442999999999999
2066-04-30,0.0602
2066-05-01,0.053739999999999996
2066-05-02,0.052379999999999996
2066-05-03,0.043269999999999996
2066-05-04,0.03815
2066-05-05,0.03304
2066-05-06,0.028789999999999996
2066-05-07,0.02508
2066-05-08,0.02159
2066-05-09,0.01867
2066-05-10,0.01641
2066-05-11,0.01411
2066-05-12,0.01169
2066-05-13,0.00958
2066-05-14,0.00787
2066-05-15,0.006679999999999999
2066-05-16,0.00583
2066-05-17,0.00511
2066-05-18,0.00426
2066-05-19,0.0033299999999999996
2066-05-20,0.0025
2066-05-21,0.0018100000000000002
2066-05-22,0.0014
2066-05-23,0.00125
2066-05-24,0.00122
2066-05-25,0.0012
2066-05-26,0.00119
2066-05-27,0.00118
2066-05-28,0.00117
2066-05-29,0.00128
2066-05-30,0.0031899999999999997
2066-05-31,0.00132
2066-06-01,0.00228
2066-06-02,0.0011300000000000001
2066-06-03,0.01351
2066-06-04,0.00225
2066-06-05,0.0011099999999999999
2066-06-06,0.0011
2066-06-07,0.00109
2066-06-08,0.00108
2066-06-09,0.00106
2066-06-10,0.00105
2066-06-11,0.0010400000000000001
2066-06-12,0.0010199999999999999
2066-06-13,0.00101
2066-06-14,0.001
2066-06-15,0.00099
2066-06-16,0.0009699999999999999
2066-06-17,0.0009599999999999999
2066-06-18,0.0009400000000000001
2066-06-19,0.00093
2066-06-20,0.00091
2066-06-21,0.0009
2066-06-22,0.00088
2066-06-23,0.00086
2066-06-24,0.00085
2066-06-25,0.0008300000000000001
2066-06-26,0.00081
2066-06-27,0.00079
2066-06-28,0.0007700000000000001
2066-06-29,0.0007599999999999999
2066-06-30,0.00074
2066-07-01,0.00073
2066-07-02,0.0007099999999999999
2066-07-03,0.0007
2066-07-04,0.0006799999999999999
2066-07-05,0.00067
2066-07-06,0.00065
2066-07-07,0.00064
2066-07-08,0.00063
2066-07-09,0.00061
2066-07-10,0.0006
2066-07-11,0.00059
2066-07-12,0.00058
2066-07-13,0.00057
2066-07-14,0.00056
2066-07-15,0.00055
2066-07-16,0.00054
2066-07-17,0.00053
2066-07-18,0.0005200000000000001
2066-07-19,0.0005200000000000001
2066-07-20,0.0005099999999999999
2066-07-21,0.0005099999999999999
2066-07-22,0.0005
2066-07-23,0.0005
2066-07-24,0.00049
2066-07-25,0.00049
2066-07-26,0.00049
2066-07-27,0.00049
2066-07-28,0.00049
2066-07-29,0.00047999999999999996
2066-07-30,0.00047999999999999996
2066-07-31,0.00047999999999999996
2066-08-01,0.00047999999999999996
2066-08-02,0.00047999999999999996
2066-08-03,0.00047999999999999996
2066-08-04,0.00047999999999999996
2066-08-05,0.00047999999999999996
2066-08-06,0.00047999999999999996
2066-08-07,0.00047999999999999996
2066-08-08,0.00047999999999999996
2066-08-09,0.00047999999999999996
2066-08-10,0.00047999999999999996
2066-08-11,0.00047999999999999996
2066-08-12,0.00047999999999999996
2066-08-13,0.00047999999999999996
2066-08-14,0.00047999999999999996
2066-08-15,0.00047999999999999996
2066-08-16,0.00047999999999999996
2066-08-17,0.00047999999999999996
2066-08-18,0.00047999999999999996
2066-08-19,0.00047999999999999996
2066-08-20,0.00047999999999999996
2066-08-21,0.00047999999999999996
2066-08-22,0.00047999999999999996
2066-08-23,0.00047999999999999996
2066-08-24,0.00047999999999999996
2066-08-25,0.00047999999999999996
2066-08-26,0.00047999999999999996
2066-08-27,0.00047999999999999996
2066-08-28,0.00047999999999999996
2066-08-29,0.001
2066-08-30,0.0077599999999999995
2066-08-31,0.00047999999999999996
2066-09-01,0.00047999999999999996
2066-09-02,0.00047999999999999996
2066-09-03,0.00047999999999999996
2066-09-04,0.00058
2066-09-05,0.00047999999999999996
2066-09-06,0.00047999999999999996
2066-09-07,0.00047999999999999996
2066-09-08,0.00047999999999999996
2066-09-09,0.00047999999999999996
2066-09-10,0.00047999999999999996
2066-09-11,0.00047000000000000004
2066-09-12,0.00047000000000000004
2066-09-13,0.00047000000000000004
2066-09-14,0.00047000000000000004
2066-09-15,0.00047000000000000004
2066-09-16,0.00047000000000000004
2066-09-17,0.00047000000000000004
2066-09-18,0.00047000000000000004
2066-09-19,0.00047000000000000004
2066-09-20,0.00047000000000000004
2066-09-21,0.00047000000000000004
2066-09-22,0.00047000000000000004
2066-09-23,0.00047000000000000004
2066-09-24,0.00047000000000000004
2066-09-25,0.00047000000000000004
2066-09-26,0.00047000000000000004
2066-09-27,0.00047000000000000004
2066-09-28,0.00047000000000000004
2066-09-29,0.00047000000000000004
2066-09-30,0.00047000000000000004
2066-10-01,0.00047000000000000004
2066-10-02,0.00179
2066-10-03,0.00047000000000000004
2066-10-04,0.00047000000000000004
2066-10-05,0.00047000000000000004
2066-10-06,0.00047000000000000004
2066-10-07,0.00047000000000000004
2066-10-08,0.00047000000000000004
2066-10-09,0.0091
2066-10-10,0.009040000000000001
2066-10-11,0.00217
2066-10-12,0.00047000000000000004
2066-10-13,0.00047000000000000004
2066-10-14,0.00047000000000000004
2066-10-15,0.00047000000000000004
2066-10-16,0.00047000000000000004
2066-10-17,0.00047000000000000004
2066-10-18,0.00047000000000000004
2066-10-19,0.00047000000000000004
2066-10-20,0.00047000000000000004
2066-10-21,0.00047000000000000004
2066-10-22,0.00047000000000000004
2066-10-23,0.00047000000000000004
2066-10-24,0.00047000000000000004
2066-10-25,0.00047000000000000004
2066-10-26,0.00047000000000000004
2066-10-27,0.00047000000000000004
2066-10-28,0.00047000000000000004
2066-10-29,0.00047000000000000004
2066-10-30,0.00047000000000000004
2066-10-31,0.00064
2066-11-01,0.0005200000000000001
2066-11-02,0.00047000000000000004
2066-11-03,0.00047000000000000004
2066-11-04,0.00047000000000000004
2066-11-05,0.00047000000000000004
2066-11-06,0.00047000000000000004
2066-11-07,0.00047000000000000004
2066-11-08,0.00047000000000000004
2066-11-09,0.00047000000000000004
2066-11-10,0.00047000000000000004
2066-11-11,0.01877
2066-11-12,0.01646
2066-11-13,0.0007700000000000001
2066-11-14,0.00047000000000000004
2066-11-15,0.00658
2066-11-16,0.00047000000000000004
2066-11-17,0.00047000000000000004
2066-11-18,0.00047999999999999996
2066-11-19,0.00047999999999999996
2066-11-20,0.00047999999999999996
2066-11-21,0.006840000000000001
2066-11-22,0.01209
2066-11-23,0.03785
2066-11-24,0.00545
2066-11-25,0.00053
2066-11-26,0.01135
2066-11-27,0.05695
2066-11-28,0.02423
2066-11-29,0.00065
2066-11-30,0.00067
2066-12-01,0.00633
2066-12-02,0.00081
2066-12-03,0.0006900000000000001
2066-12-04,0.0007
2066-12-05,0.0007
2066-12-06,0.0007
2066-12-07,0.0007
2066-12-08,0.0007
2066-12-09,0.0006900000000000001
2066-12-10,0.0006900000000000001
2066-12-11,0.0006900000000000001
2066-12-12,0.0006900000000000001
2066-12-13,0.00278
2066-12-14,0.059629999999999996
2066-12-15,0.00225
2066-12-16,0.00074
2066-12-17,0.02829
2066-12-18,0.05351
2066-12-19,0.13585999999999998
2066-12-20,0.0513
2066-12-21,0.00101
2066-12-22,0.00972
2066-12-23,0.06276
2066-12-24,0.0011
2066-12-25,0.0011300000000000001
2066-12-26,0.00114
2066-12-27,0.00114
2066-12-28,0.00115
2066-12-29,0.00115
2066-12-30,0.00115
2066-12-31,0.00115
2067-01-01,0.00115
2067-01-02,0.00115
2067-01-03,0.00115
2067-01-04,0.00115
2067-01-05,0.00115
2067-01-06,0.00199
2067-01-07,0.00365
2067-01-08,0.00115
2067-01-09,0.00115
2067-01-10,0.00115
2067-01-11,0.00115
2067-01-12,0.00114
2067-01-13,0.00114
2067-01-14,0.00114
2067-01-15,0.00114
2067-01-16,0.00114
2067-01-17,0.00114
2067-01-18,0.0011300000000000001
2067-01-19,0.004229999999999999
2067-01-20,0.0072299999999999994
2067-01-21,0.00583
2067-01-22,0.0011300000000000001
2067-01-23,0.0011300000000000001
2067-01-24,0.0011300000000000001
2067-01-25,0.00112
2067-01-26,0.00477
2067-01-27,0.02708
2067-01-28,0.013330000000000002
2067-01-29,0.00114
2067-01-30,0.0069900000000000006
2067-01-31,0.12738
2067-02-01,0.07799
2067-02-02,0.01231
2067-02-03,0.016
2067-02-04,0.04412
2067-02-05,0.08727
2067-02-06,0.0727
2067-02-07,0.04992
2067-02-08,0.052539999999999996
2067-02-09,0.0524
2067-02-10,0.06963
2067-02-11,0.05926
2067-02-12,0.07452
2067-02-13,0.07544
2067-02-14,0.062439999999999996
2067-02-15,0.0627
2067-02-16,0.059770000000000004
2067-02-17,0.05582
2067-02-18,0.05192000000000001
2067-02-19,0.061239999999999996
2067-02-20,0.08093
2067-02-21,0.08195
2067-02-22,0.06246
2067-02-23,0.0645
2067-02-24,0.06197999999999999
2067-02-25,0.057920000000000006
2067-02-26,0.05347999999999999
2067-02-27,0.04917
2067-02-28,0.04515
2067-03-01,0.041030000000000004
2067-03-02,0.03708
2067-03-03,0.03349
2067-03-04,0.03036
2067-03-05,0.035089999999999996
2067-03-06,0.08866
2067-03-07,0.09147999999999999
2067-03-08,0.12295999999999999
2067-03-09,0.14394
2067-03-10,0.33959
2067-03-11,0.7067899999999999
2067-03-12,0.12339000000000001
2067-03-13,0.12337000000000001
2067-03-14,0.1317
2067-03-15,0.16343
2067-03-16,0.12262
2067-03-17,0.12226
2067-03-18,0.11897
2067-03-19,0.12563
2067-03-20,0.10105
2067-03-21,0.09346
2067-03-22,0.08417999999999999
2067-03-23,0.07467
2067-03-24,0.06614
2067-03-25,0.05856
2067-03-26,0.05193
2067-03-27,0.04609
2067-03-28,0.07363
2067-03-29,0.12019
2067-03-30,0.07622999999999999
2067-03-31,0.07217
2067-04-01,0.07087
2067-04-02,0.07312
2067-04-03,0.08021
2067-04-04,0.08514
2067-04-05,0.07088
2067-04-06,0.06813
2067-04-07,0.06592999999999999
2067-04-08,0.060239999999999995
2067-04-09,0.058589999999999996
2067-04-10,0.04999
2067-04-11,0.044289999999999996
2067-04-12,0.038610000000000005
2067-04-13,0.034010000000000006
2067-04-14,0.030639999999999997
2067-04-15,0.02901
2067-04-16,0.02615
2067-04-17,0.02356
2067-04-18,0.020669999999999997
2067-04-19,0.01806
2067-04-20,0.0157
2067-04-21,0.01355
2067-04-22,0.01178
2067-04-23,0.01034
2067-04-24,0.00902
2067-04-25,0.00765
2067-04-26,0.006509999999999999
2067-04-27,0.011559999999999999
2067-04-28,0.0069900000000000006
2067-04-29,0.014969999999999999
2067-04-30,0.01764
2067-05-01,0.01115
2067-05-02,0.01709
2067-05-03,0.0102
2067-05-04,0.00783
2067-05-05,0.00811
2067-05-06,0.008029999999999999
2067-05-07,0.01258
2067-05-08,0.007509999999999999
2067-05-09,0.00707
2067-05-10,0.007940000000000001
2067-05-11,0.00877
2067-05-12,0.00972
2067-05-13,0.0069299999999999995
2067-05-14,0.006529999999999999
2067-05-15,0.00588
2067-05-16,0.00524
2067-05-17,0.00446
2067-05-18,0.0035600000000000002
2067-05-19,0.0028
2067-05-20,0.00221
2067-05-21,0.00176
2067-05-22,0.00146
2067-05-23,0.0012900000000000001
2067-05-24,0.00122
2067-05-25,0.0012
2067-05-26,0.00118
2067-05-27,0.00117
2067-05-28,0.00115
2067-05-29,0.0011300000000000001
2067-05-30,0.00112
2067-05-31,0.0011
2067-06-01,0.00109
2067-06-02,0.00108
2067-06-03,0.0011
2067-06-04,0.00106
2067-06-05,0.0010400000000000001
2067-06-06,0.00103
2067-06-07,0.00101
2067-06-08,0.001
2067-06-09,0.0013
2067-06-10,0.00098
2067-06-11,0.00108
2067-06-12,0.00095
2067-06-13,0.0009400000000000001
2067-06-14,0.00093
2067-06-15,0.0037
2067-06-16,0.00091
2067-06-17,0.0009
2067-06-18,0.00088
2067-06-19,0.00086
2067-06-20,0.00085
2067-06-21,0.0008300000000000001
2067-06-22,0.00081
2067-06-23,0.0008
2067-06-24,0.00078
2067-06-25,0.0007700000000000001
2067-06-26,0.00075
2067-06-27,0.00074
2067-06-28,0.00072
2067-06-29,0.0007099999999999999
2067-06-30,0.0006900000000000001
2067-07-01,0.00067
2067-07-02,0.00066
2067-07-03,0.00064
2067-07-04,0.00062
2067-07-05,0.00061
2067-07-06,0.0006
2067-07-07,0.00058
2067-07-08,0.00057
2067-07-09,0.00056
2067-07-10,0.00055
2067-07-11,0.00054
2067-07-12,0.00053
2067-07-13,0.0005200000000000001
2067-07-14,0.0005200000000000001
2067-07-15,0.0005099999999999999
2067-07-16,0.0005
2067-07-17,0.0005
2067-07-18,0.0005
2067-07-19,0.00049
2067-07-20,0.00049
2067-07-21,0.00049
2067-07-22,0.00049
2067-07-23,0.00047999999999999996
2067-07-24,0.00047999999999999996
2067-07-25,0.00047999999999999996
2067-07-26,0.00047999999999999996
2067-07-27,0.00047999999999999996
2067-07-28,0.00047999999999999996
2067-07-29,0.00047999999999999996
2067-07-30,0.00047999999999999996
2067-07-31,0.00047999999999999996
2067-08-01,0.00047999999999999996
2067-08-02,0.00047999999999999996
2067-08-03,0.00047999999999999996
2067-08-04,0.00047999999999999996
2067-08-05,0.00047999999999999996
2067-08-06,0.00047999999999999996
2067-08-07,0.00047999999999999996
2067-08-08,0.00047999999999999996
2067-08-09,0.00047999999999999996
2067-08-10,0.00047999999999999996
2067-08-11,0.00047999999999999996
2067-08-12,0.00047999999999999996
2067-08-13,0.00047999999999999996
2067-08-14,0.00047999999999999996
2067-08-15,0.00047999999999999996
2067-08-16,0.0296
2067-08-17,0.04757
2067-08-18,0.06917999999999999
2067-08-19,0.00056
2067-08-20,0.00058
2067-08-21,0.00059
2067-08-22,0.00059
2067-08-23,0.00058
2067-08-24,0.00058
2067-08-25,0.00057
2067-08-26,0.00057
2067-08-27,0.00056
2067-08-28,0.00056
2067-08-29,0.00055
2067-08-30,0.00054
2067-08-31,0.00054
2067-09-01,0.00053
2067-09-02,0.00053
2067-09-03,0.0005200000000000001
2067-09-04,0.0005200000000000001
2067-09-05,0.0005099999999999999
2067-09-06,0.0005099999999999999
2067-09-07,0.0005
2067-09-08,0.0005
2067-09-09,0.0005
2067-09-10,0.0005
2067-09-11,0.00049
2067-09-12,0.00049
2067-09-13,0.00049
2067-09-14,0.00049
2067-09-15,0.00049
2067-09-16,0.00049
2067-09-17,0.00049
2067-09-18,0.00047999999999999996
2067-09-19,0.00047999999999999996
2067-09-20,0.00047999999999999996
2067-09-21,0.00047999999999999996
2067-09-22,0.00047999999999999996
2067-09-23,0.00047999999999999996
2067-09-24,0.00106
2067-09-25,0.0005
2067-09-26,0.00047999999999999996
2067-09-27,0.00047999999999999996
2067-09-28,0.00047999999999999996
2067-09-29,0.00047999999999999996
2067-09-30,0.00047999999999999996
2067-10-01,0.00047999999999999996
2067-10-02,0.00047999999999999996
2067-10-03,0.00047999999999999996
2067-10-04,0.00047999999999999996
2067-10-05,0.00047999999999999996
2067-10-06,0.00047999999999999996
2067-10-07,0.00047999999999999996
2067-10-08,0.00047999999999999996
2067-10-09,0.00047999999999999996
2067-10-10,0.00047999999999999996
2067-10-11,0.00047999999999999996
2067-10-12,0.00047999999999999996
2067-10-13,0.00047999999999999996
2067-10-14,0.00047999999999999996
2067-10-15,0.00047999999999999996
2067-10-16,0.00047999999999999996
2067-10-17,0.00047999999999999996
2067-10-18,0.00047999999999999996
2067-10-19,0.00047999999999999996
2067-10-20,0.00047999999999999996
2067-10-21,0.00047999999999999996
2067-10-22,0.00047999999999999996
2067-10-23,0.00047999999999999996
2067-10-24,0.00047999999999999996
2067-10-25,0.00047999999999999996
2067-10-26,0.00047999999999999996
2067-10-27,0.00047999999999999996
2067-10-28,0.00047999999999999996
2067-10-29,0.00047999999999999996
2067-10-30,0.00047999999999999996
2067-10-31,0.00047999999999999996
2067-11-01,0.00047999999999999996
2067-11-02,0.00047999999999999996
2067-11-03,0.00047999999999999996
2067-11-04,0.01255
2067-11-05,0.00088
2067-11-06,0.00047999999999999996
2067-11-07,0.00047999999999999996
2067-11-08,0.00047000000000000004
2067-11-09,0.0011300000000000001
2067-11-10,0.00047000000000000004
2067-11-11,0.00047000000000000004
2067-11-12,0.00047000000000000004
2067-11-13,0.00047000000000000004
2067-11-14,0.00047000000000000004
2067-11-15,0.00047000000000000004
2067-11-16,0.00047000000000000004
2067-11-17,0.00047000000000000004
2067-11-18,0.00047000000000000004
2067-11-19,0.00047000000000000004
2067-11-20,0.01414
2067-11-21,0.07508
2067-11-22,0.0333
2067-11-23,0.026789999999999998
2067-11-24,0.00059
2067-11-25,0.00061
2067-11-26,0.00236
2067-11-27,0.00063
2067-11-28,0.00063
2067-11-29,0.00122
2067-11-30,0.00063
2067-12-01,0.00064
2067-12-02,0.00256
2067-12-03,0.00316
2067-12-04,0.0057399999999999994
2067-12-05,0.00064
2067-12-06,0.00064
2067-12-07,0.0068
2067-12-08,0.0006799999999999999
2067-12-09,0.00065
2067-12-10,0.00065
2067-12-11,0.00065
2067-12-12,0.00065
2067-12-13,0.0049299999999999995
2067-12-14,0.00065
2067-12-15,0.00065
2067-12-16,0.00066
2067-12-17,0.00066
2067-12-18,0.00065
2067-12-19,0.00065
2067-12-20,0.00065
2067-12-21,0.00065
2067-12-22,0.00065
2067-12-23,0.00065
2067-12-24,0.0016
2067-12-25,0.004
2067-12-26,0.0054399999999999995
2067-12-27,0.0069099999999999995
2067-12-28,0.00282
2067-12-29,0.00787
2067-12-30,0.00066
2067-12-31,0.00066
2068-01-01,0.00066
2068-01-02,0.00066
2068-01-03,0.00066
2068-01-04,0.00066
2068-01-05,0.00066
2068-01-06,0.00066
2068-01-07,0.0384
2068-01-08,0.01355
2068-01-09,0.007359999999999999
2068-01-10,0.004
2068-01-11,0.00566
2068-01-12,0.01677
2068-01-13,0.00075
2068-01-14,0.011890000000000001
2068-01-15,0.015380000000000001
2068-01-16,0.0009
2068-01-17,0.00081
2068-01-18,0.00081
2068-01-19,0.00082
2068-01-20,0.00082
2068-01-21,0.00082
2068-01-22,0.00082
2068-01-23,0.00082
2068-01-24,0.00082
2068-01-25,0.007859999999999999
2068-01-26,0.01829
2068-01-27,0.00101
2068-01-28,0.00084
2068-01-29,0.00084
2068-01-30,0.00084
2068-01-31,0.00084
2068-02-01,0.00085
2068-02-02,0.00084
2068-02-03,0.00084
2068-02-04,0.00084
2068-02-05,0.00084
2068-02-06,0.00084
2068-02-07,0.00084
2068-02-08,0.00084
2068-02-09,0.006999999999999999
2068-02-10,0.018080000000000002
2068-02-11,0.0313
2068-02-12,0.044789999999999996
2068-02-13,0.024659999999999998
2068-02-14,0.0009599999999999999
2068-02-15,0.0009699999999999999
2068-02-16,0.00098
2068-02-17,0.00098
2068-02-18,0.00099
2068-02-19,0.00098
2068-02-20,0.00098
2068-02-21,0.00098
2068-02-22,0.0009699999999999999
2068-02-23,0.0009699999999999999
2068-02-24,0.00409
2068-02-25,0.00375
2068-02-26,0.0009699999999999999
2068-02-27,0.00436
2068-02-28,0.0009599999999999999
2068-02-29,0.0009599999999999999
2068-03-01,0.00095
2068-03-02,0.00095
2068-03-03,0.0009400000000000001
2068-03-04,0.00093
2068-03-05,0.00504
2068-03-06,0.01023
2068-03-07,0.00093
2068-03-08,0.00093
2068-03-09,0.0009199999999999999
2068-03-10,0.0009199999999999999
2068-03-11,0.0009199999999999999
2068-03-12,0.05695
2068-03-13,0.00159
2068-03-14,0.0009599999999999999
2068-03-15,0.0009699999999999999
2068-03-16,0.0009699999999999999
2068-03-17,0.0009699999999999999
2068-03-18,0.0009699999999999999
2068-03-19,0.00494
2068-03-20,0.0009599999999999999
2068-03-21,0.0009599999999999999
2068-03-22,0.0009599999999999999
2068-03-23,0.00095
2068-03-24,0.00095
2068-03-25,0.0009400000000000001
2068-03-26,0.00093
2068-03-27,0.018359999999999998
2068-03-28,0.01045
2068-03-29,0.00093
2068-03-30,0.00093
2068-03-31,0.00093
2068-04-01,0.0009199999999999999
2068-04-02,0.00091
2068-04-03,0.00091
2068-04-04,0.0009
2068-04-05,0.0008900000000000001
2068-04-06,0.0008900000000000001
2068-04-07,0.00088
2068-04-08,0.0008699999999999999
2068-04-09,0.00086
2068-04-10,0.00085
2068-04-11,0.00084
2068-04-12,0.00085
2068-04-13,0.0008300000000000001
2068-04-14,0.00082
2068-04-15,0.00081
2068-04-16,0.0008
2068-04-17,0.00079
2068-04-18,0.00078
2068-04-19,0.0007700000000000001
2068-04-20,0.0007700000000000001
2068-04-21,0.00075
2068-04-22,0.00078
2068-04-23,0.00073
2068-04-24,0.01057
2068-04-25,0.029310000000000003
2068-04-26,0.00773
2068-04-27,0.00073
2068-04-28,0.00073
2068-04-29,0.00072
2068-04-30,0.0007099999999999999
2068-05-01,0.0007099999999999999
2068-05-02,0.0007
2068-05-03,0.0007
2068-05-04,0.0006900000000000001
2068-05-05,0.0006799999999999999
2068-05-06,0.0006799999999999999
2068-05-07,0.00151
2068-05-08,0.00067
2068-05-09,0.0018
2068-05-10,0.00067
2068-05-11,0.00066
2068-05-12,0.00065
2068-05-13,0.0043100000000000005
2068-05-14,0.00483
2068-05-15,0.00065
2068-05-16,0.0223
2068-05-17,0.006529999999999999
2068-05-18,0.00064
2068-05-19,0.00064
2068-05-20,0.00064
2068-05-21,0.018359999999999998
2068-05-22,0.01214
2068-05-23,0.00506
2068-05-24,0.00066
2068-05-25,0.00067
2068-05-26,0.00067
2068-05-27,0.00066
2068-05-28,0.00066
2068-05-29,0.00065
2068-05-30,0.00064
2068-05-31,0.00063
2068-06-01,0.00062
2068-06-02,0.00061
2068-06-03,0.00061
2068-06-04,0.0006
2068-06-05,0.00059
2068-06-06,0.00059
2068-06-07,0.00058
2068-06-08,0.00057
2068-06-09,0.00057
2068-06-10,0.00056
2068-06-11,0.00055
2068-06-12,0.00054
2068-06-13,0.00053
2068-06-14,0.00053
2068-06-15,0.0005200000000000001
2068-06-16,0.0005099999999999999
2068-06-17,0.0005099999999999999
2068-06-18,0.0005
2068-06-19,0.0005
2068-06-20,0.0005
2068-06-21,0.00049
2068-06-22,0.00049
2068-06-23,0.00049
2068-06-24,0.00049
2068-06-25,0.00047999999999999996
2068-06-26,0.00047999999999999996
2068-06-27,0.00047999999999999996
2068-06-28,0.00047999999999999996
2068-06-29,0.00047999999999999996
2068-06-30,0.00047999999999999996
2068-07-01,0.00047999999999999996
2068-07-02,0.00047999999999999996
2068-07-03,0.00047999999999999996
2068-07-04,0.00047999999999999996
2068-07-05,0.00047999999999999996
2068-07-06,0.00047999999999999996
2068-07-07,0.00047999999999999996
2068-07-08,0.00047999999999999996
2068-07-09,0.00047999999999999996
2068-07-10,0.00047999999999999996
2068-07-11,0.00047999999999999996
2068-07-12,0.00047999999999999996
2068-07-13,0.00047999999999999996
2068-07-14,0.00047999999999999996
2068-07-15,0.00047999999999999996
2068-07-16,0.00047999999999999996
2068-07-17,0.00047999999999999996
2068-07-18,0.00047999999999999996
2068-07-19,0.00047999999999999996
2068-07-20,0.00047999999999999996
2068-07-21,0.00047999999999999996
2068-07-22,0.00047999999999999996
2068-07-23,0.00047999999999999996
2068-07-24,0.00047999999999999996
2068-07-25,0.00047999999999999996
2068-07-26,0.00047999999999999996
2068-07-27,0.00047999999999999996
2068-07-28,0.00047999999999999996
2068-07-29,0.00047999999999999996
2068-07-30,0.00047999999999999996
2068-07-31,0.00047999999999999996
2068-08-01,0.00047999999999999996
2068-08-02,0.00047999999999999996
2068-08-03,0.00047999999999999996
2068-08-04,0.00047999999999999996
2068-08-05,0.00047999999999999996
2068-08-06,0.00047999999999999996
2068-08-07,0.00047000000000000004
2068-08-08,0.00047000000000000004
2068-08-09,0.00047000000000000004
2068-08-10,0.00047000000000000004
2068-08-11,0.00047000000000000004
2068-08-12,0.00047000000000000004
2068-08-13,0.00047000000000000004
2068-08-14,0.00047000000000000004
2068-08-15,0.00047000000000000004
2068-08-16,0.00047000000000000004
2068-08-17,0.00047000000000000004
2068-08-18,0.00047000000000000004
2068-08-19,0.00047000000000000004
2068-08-20,0.00047000000000000004
2068-08-21,0.00047000000000000004
2068-08-22,0.00047000000000000004
2068-08-23,0.00047000000000000004
2068-08-24,0.00047000000000000004
2068-08-25,0.00047000000000000004
2068-08-26,0.00047000000000000004
2068-08-27,0.00047000000000000004
2068-08-28,0.00047000000000000004
2068-08-29,0.00047000000000000004
2068-08-30,0.00047000000000000004
2068-08-31,0.00047000000000000004
2068-09-01,0.00047000000000000004
2068-09-02,0.00047000000000000004
2068-09-03,0.00047000000000000004
2068-09-04,0.00047000000000000004
2068-09-05,0.00047000000000000004
2068-09-06,0.00047000000000000004
2068-09-07,0.00047000000000000004
2068-09-08,0.00047000000000000004
2068-09-09,0.00047000000000000004
2068-09-10,0.00047000000000000004
2068-09-11,0.00047000000000000004
2068-09-12,0.00047000000000000004
2068-09-13,0.00047000000000000004
2068-09-14,0.00047000000000000004
2068-09-15,0.00047000000000000004
2068-09-16,0.0005099999999999999
2068-09-17,0.0009400000000000001
2068-09-18,0.00047000000000000004
2068-09-19,0.00047000000000000004
2068-09-20,0.00047000000000000004
2068-09-21,0.00047000000000000004
2068-09-22,0.00047000000000000004
2068-09-23,0.00047000000000000004
2068-09-24,0.00047000000000000004
2068-09-25,0.00047000000000000004
2068-09-26,0.00055
2068-09-27,0.00047000000000000004
2068-09-28,0.00047000000000000004
2068-09-29,0.00302
2068-09-30,0.00047000000000000004
2068-10-01,0.00047000000000000004
2068-10-02,0.00047000000000000004
2068-10-03,0.00047000000000000004
2068-10-04,0.00047000000000000004
2068-10-05,0.00047000000000000004
2068-10-06,0.00047000000000000004
2068-10-07,0.00047000000000000004
2068-10-08,0.00047000000000000004
2068-10-09,0.00047000000000000004
2068-10-10,0.00047000000000000004
2068-10-11,0.00047000000000000004
2068-10-12,0.00047000000000000004
2068-10-13,0.00047000000000000004
2068-10-14,0.00047000000000000004
2068-10-15,0.00047000000000000004
2068-10-16,0.00047000000000000004
2068-10-17,0.00047000000000000004
2068-10-18,0.00047000000000000004
2068-10-19,0.00047000000000000004
2068-10-20,0.00047000000000000004
2068-10-21,0.00496
2068-10-22,0.00288
2068-10-23,0.00047000000000000004
2068-10-24,0.00047000000000000004
2068-10-25,0.00047000000000000004
2068-10-26,0.00047000000000000004
2068-10-27,0.00047000000000000004
2068-10-28,0.00047000000000000004
2068-10-29,0.00047000000000000004
2068-10-30,0.00047000000000000004
2068-10-31,0.00047000000000000004
2068-11-01,0.00047000000000000004
2068-11-02,0.00047000000000000004
2068-11-03,0.00047000000000000004
2068-11-04,0.00047000000000000004
2068-11-05,0.00045999999999999996
2068-11-06,0.0038399999999999997
2068-11-07,0.01179
2068-11-08,0.03437
2068-11-09,0.02365
2068-11-10,0.08865
2068-11-11,0.03173
2068-11-12,0.0299
2068-11-13,0.01299
2068-11-14,0.0119
2068-11-15,0.010490000000000001
2068-11-16,0.00072
2068-11-17,0.0059
2068-11-18,0.17683
2068-11-19,1.0207
2068-11-20,0.84641
2068-11-21,0.8731
2068-11-22,0.64156
2068-11-23,0.07311000000000001
2068-11-24,0.02054
2068-11-25,0.04502
2068-11-26,0.07683
2068-11-27,0.0412
2068-11-28,0.04508
2068-11-29,0.04439
2068-11-30,0.042539999999999994
2068-12-01,0.040389999999999995
2068-12-02,0.0379
2068-12-03,0.035269999999999996
2068-12-04,0.03253
2068-12-05,0.030019999999999998
2068-12-06,0.030560000000000004
2068-12-07,0.04867
2068-12-08,0.0558
2068-12-09,0.056420000000000005
2068-12-10,0.040389999999999995
2068-12-11,0.04333
2068-12-12,0.04328
2068-12-13,0.04162
2068-12-14,0.0393
2068-12-15,0.03702
2068-12-16,0.034730000000000004
2068-12-17,0.03245
2068-12-18,0.03015
2068-12-19,0.0279
2068-12-20,0.0259
2068-12-21,0.023819999999999997
2068-12-22,0.030760000000000003
2068-12-23,0.06851
2068-12-24,0.11282
2068-12-25,0.05005
2068-12-26,0.06928
2068-12-27,0.09461
2068-12-28,0.0713
2068-12-29,0.07105
2068-12-30,0.07197
2068-12-31,0.06498999999999999
2069-01-01,0.060610000000000004
2069-01-02,0.07292
2069-01-03,0.16225
2069-01-04,0.10542
2069-01-05,0.09652000000000001
2069-01-06,0.09542
2069-01-07,0.08753999999999999
2069-01-08,0.11223
2069-01-09,0.31498000000000004
2069-01-10,0.35501
2069-01-11,0.64002
2069-01-12,0.19399999999999998
2069-01-13,0.25194
2069-01-14,0.13974
2069-01-15,0.12369000000000001
2069-01-16,0.12343
2069-01-17,0.12343
2069-01-18,0.12336
2069-01-19,0.11972999999999999
2069-01-20,0.10955999999999999
2069-01-21,0.09835
2069-01-22,0.08788
2069-01-23,0.07852
2069-01-24,0.07025
2069-01-25,0.0631
2069-01-26,0.05705
2069-01-27,0.05173
2069-01-28,0.046919999999999996
2069-01-29,0.04261
2069-01-30,0.03873
2069-01-31,0.035230000000000004
2069-02-01,0.03216
2069-02-02,0.04961
2069-02-03,0.1972
2069-02-04,0.42663999999999996
2069-02-05,0.12180999999999999
2069-02-06,0.11243
2069-02-07,0.10654000000000001
2069-02-08,0.09747
2069-02-09,0.09009
2069-02-10,0.10038
2069-02-11,0.14562999999999998
2069-02-12,0.18513
2069-02-13,0.15784
2069-02-14,0.14104
2069-02-15,0.15738
2069-02-16,0.12327
2069-02-17,0.12270999999999999
2069-02-18,0.1181
2069-02-19,0.11534000000000001
2069-02-20,0.11444000000000001
2069-02-21,0.11079000000000001
2069-02-22,0.11892
2069-02-23,0.09949
2069-02-24,0.09522
2069-02-25,0.08811000000000001
2069-02-26,0.08222
2069-02-27,0.07343999999999999
2069-02-28,0.06756000000000001
2069-03-01,0.061939999999999995
2069-03-02,0.06121
2069-03-03,0.09056
2069-03-04,0.08004
2069-03-05,0.0829
2069-03-06,0.13055
2069-03-07,0.12516
2069-03-08,0.12133
2069-03-09,0.10782
2069-03-10,0.10249000000000001
2069-03-11,0.09455
2069-03-12,0.0864
2069-03-13,0.10375
2069-03-14,0.20364000000000002
2069-03-15,0.4444
2069-03-16,0.59633
2069-03-17,0.15642
2069-03-18,0.12455999999999999
2069-03-19,0.12343
2069-03-20,0.12379000000000001
2069-03-21,0.13860999999999998
2069-03-22,0.13102
2069-03-23,0.12014000000000001
2069-03-24,0.12987
2069-03-25,0.13455999999999999
2069-03-26,0.20146
2069-03-27,0.23903000000000002
2069-03-28,0.12342
2069-03-29,0.12332
2069-03-30,0.12787
2069-03-31,0.12240999999999999
2069-04-01,0.11944
2069-04-02,0.11034000000000001
2069-04-03,0.11295999999999999
2069-04-04,0.08926
2069-04-05,0.11556
2069-04-06,0.1809
2069-04-07,0.13455999999999999
2069-04-08,0.12201
2069-04-09,0.11740999999999999
2069-04-10,0.11309000000000001
2069-04-11,0.10153999999999999
2069-04-12,0.09291
2069-04-13,0.08536
2069-04-14,0.09156
2069-04-15,0.09156
2069-04-16,0.08462
2069-04-17,0.08785
2069-04-18,0.0747
2069-04-19,0.07072
2069-04-20,0.06433
2069-04-21,0.058039999999999994
2069-04-22,0.05117
2069-04-23,0.04654
2069-04-24,0.04077
2069-04-25,0.0361
2069-04-26,0.03232
2069-04-27,0.0285
2069-04-28,0.02445
2069-04-29,0.02085
2069-04-30,0.01772
2069-05-01,0.01494
2069-05-02,0.01238
2069-05-03,0.01005
2069-05-04,0.00848
2069-05-05,0.007529999999999999
2069-05-06,0.00671
2069-05-07,0.00547
2069-05-08,0.004079999999999999
2069-05-09,0.00292
2069-05-10,0.0021100000000000003
2069-05-11,0.0016300000000000002
2069-05-12,0.0057399999999999994
2069-05-13,0.0013
2069-05-14,0.00124
2069-05-15,0.00122
2069-05-16,0.00121
2069-05-17,0.0012
2069-05-18,0.00186
2069-05-19,0.00118
2069-05-20,0.00117
2069-05-21,0.00116
2069-05-22,0.00114
2069-05-23,0.0011300000000000001
2069-05-24,0.0011099999999999999
2069-05-25,0.0011
2069-05-26,0.00108
2069-05-27,0.00106
2069-05-28,0.0047799999999999995
2069-05-29,0.00105
2069-05-30,0.0010400000000000001
2069-05-31,0.0010400000000000001
2069-06-01,0.00103
2069-06-02,0.0010199999999999999
2069-06-03,0.00101
2069-06-04,0.001
2069-06-05,0.00098
2069-06-06,0.0009699999999999999
2069-06-07,0.00095
2069-06-08,0.0009400000000000001
2069-06-09,0.00093
2069-06-10,0.0009199999999999999
2069-06-11,0.0009
2069-06-12,0.0008900000000000001
2069-06-13,0.0008699999999999999
2069-06-14,0.00086
2069-06-15,0.00084
2069-06-16,0.00082
2069-06-17,0.0008
2069-06-18,0.00078
2069-06-19,0.0007599999999999999
2069-06-20,0.00074
2069-06-21,0.00072
2069-06-22,0.0007099999999999999
2069-06-23,0.0006900000000000001
2069-06-24,0.00067
2069-06-25,0.00066
2069-06-26,0.00064
2069-06-27,0.00063
2069-06-28,0.00061
2069-06-29,0.0006
2069-06-30,0.00058
2069-07-01,0.00057
2069-07-02,0.00056
2069-07-03,0.00055
2069-07-04,0.00054
2069-07-05,0.00053
2069-07-06,0.0005200000000000001
2069-07-07,0.0005200000000000001
2069-07-08,0.0005099999999999999
2069-07-09,0.0005099999999999999
2069-07-10,0.0005
2069-07-11,0.0005
2069-07-12,0.00049
2069-07-13,0.00049
2069-07-14,0.00049
2069-07-15,0.00049
2069-07-16,0.00053
2069-07-17,0.00047999999999999996
2069-07-18,0.00047999999999999996
2069-07-19,0.00047999999999999996
2069-07-20,0.00047999999999999996
2069-07-21,0.00047999999999999996
2069-07-22,0.00047999999999999996
2069-07-23,0.00047999999999999996
2069-07-24,0.00047999999999999996
2069-07-25,0.00047999999999999996
2069-07-26,0.00047999999999999996
2069-07-27,0.00047999999999999996
2069-07-28,0.00047999999999999996
2069-07-29,0.00047999999999999996
2069-07-30,0.00047999999999999996
2069-07-31,0.00047999999999999996
2069-08-01,0.00047999999999999996
2069-08-02,0.00047999999999999996
2069-08-03,0.00047999999999999996
2069-08-04,0.00047999999999999996
2069-08-05,0.00047999999999999996
2069-08-06,0.00047999999999999996
2069-08-07,0.00047999999999999996
2069-08-08,0.00047999999999999996
2069-08-09,0.00047999999999999996
2069-08-10,0.00047999999999999996
2069-08-11,0.00047999999999999996
2069-08-12,0.00047999999999999996
2069-08-13,0.00047999999999999996
2069-08-14,0.00047999999999999996
2069-08-15,0.00047999999999999996
2069-08-16,0.00047999999999999996
2069-08-17,0.00047999999999999996
2069-08-18,0.00047999999999999996
2069-08-19,0.00047999999999999996
2069-08-20,0.00047999999999999996
2069-08-21,0.00047999999999999996
2069-08-22,0.00047999999999999996
2069-08-23,0.00047999999999999996
2069-08-24,0.00047999999999999996
2069-08-25,0.00047999999999999996
2069-08-26,0.00047999999999999996
2069-08-27,0.00047999999999999996
2069-08-28,0.00047999999999999996
2069-08-29,0.00047999999999999996
2069-08-30,0.00047000000000000004
2069-08-31,0.00047000000000000004
2069-09-01,0.00047000000000000004
2069-09-02,0.00047000000000000004
2069-09-03,0.00047000000000000004
2069-09-04,0.00047000000000000004
2069-09-05,0.00047000000000000004
2069-09-06,0.00047000000000000004
2069-09-07,0.00047000000000000004
2069-09-08,0.00047000000000000004
2069-09-09,0.00047000000000000004
2069-09-10,0.028210000000000002
2069-09-11,1.20272
2069-09-12,0.52456
2069-09-13,0.0007
2069-09-14,0.00072
2069-09-15,0.00072
2069-09-16,0.00072
2069-09-17,0.0007099999999999999
2069-09-18,0.0007
2069-09-19,0.0006900000000000001
2069-09-20,0.0006799999999999999
2069-09-21,0.0006799999999999999
2069-09-22,0.00067
2069-09-23,0.00066
2069-09-24,0.00065
2069-09-25,0.00065
2069-09-26,0.00064
2069-09-27,0.00063
2069-09-28,0.00062
2069-09-29,0.00062
2069-09-30,0.00061
2069-10-01,0.0006
2069-10-02,0.0006
2069-10-03,0.00059
2069-10-04,0.00059
2069-10-05,0.00058
2069-10-06,0.00057
2069-10-07,0.00057
2069-10-08,0.00056
2069-10-09,0.00056
2069-10-10,0.00056
2069-10-11,0.00055
2069-10-12,0.00055
2069-10-13,0.00054
2069-10-14,0.00054
2069-10-15,0.00054
2069-10-16,0.00053
2069-10-17,0.00053
2069-10-18,0.00053
2069-10-19,0.0007
2069-10-20,0.01037
2069-10-21,0.0005200000000000001
2069-10-22,0.0005200000000000001
2069-10-23,0.0005200000000000001
2069-10-24,0.0005200000000000001
2069-10-25,0.00455
2069-10-26,0.00098
2069-10-27,0.0005099999999999999
2069-10-28,0.0005099999999999999
2069-10-29,0.0005099999999999999
2069-10-30,0.0005099999999999999
2069-10-31,0.0005
2069-11-01,0.0005
2069-11-02,0.0005
2069-11-03,0.0005
2069-11-04,0.0005
2069-11-05,0.0005
2069-11-06,0.0005
2069-11-07,0.00642
2069-11-08,0.0005
2069-11-09,0.0005
2069-11-10,0.0005
2069-11-11,0.00049
2069-11-12,0.00049
2069-11-13,0.00049
2069-11-14,0.00049
2069-11-15,0.00049
2069-11-16,0.00049
2069-11-17,0.00049
2069-11-18,0.00049
2069-11-19,0.00049
2069-11-20,0.00049
2069-11-21,0.00049
2069-11-22,0.01685
2069-11-23,0.00049
2069-11-24,0.00049
2069-11-25,0.00049
2069-11-26,0.00049
2069-11-27,0.0149
2069-11-28,0.027260000000000003
2069-11-29,0.027839999999999997
2069-11-30,0.00053
2069-12-01,0.07902999999999999
2069-12-02,0.029210000000000003
2069-12-03,0.00114
2069-12-04,0.0006900000000000001
2069-12-05,0.0007
2069-12-06,0.0007
2069-12-07,0.0007099999999999999
2069-12-08,0.0007099999999999999
2069-12-09,0.0007099999999999999
2069-12-10,0.0007099999999999999
2069-12-11,0.0007099999999999999
2069-12-12,0.0007099999999999999
2069-12-13,0.0007099999999999999
2069-12-14,0.0007099999999999999
2069-12-15,0.0007099999999999999
2069-12-16,0.0007
2069-12-17,0.00385
2069-12-18,0.00116
2069-12-19,0.0007
2069-12-20,0.0017800000000000001
2069-12-21,0.00223
2069-12-22,0.0030600000000000002
2069-12-23,0.0007
2069-12-24,0.0007
2069-12-25,0.0007
2069-12-26,0.0007
2069-12-27,0.0007
2069-12-28,0.0006900000000000001
2069-12-29,0.0006900000000000001
2069-12-30,0.0006900000000000001
2069-12-31,0.0006900000000000001
2070-01-01,0.0006900000000000001
2070-01-02,0.0006900000000000001
2070-01-03,0.00449
2070-01-04,0.0006799999999999999
2070-01-05,0.0006799999999999999
2070-01-06,0.0006799999999999999
2070-01-07,0.0006799999999999999
2070-01-08,0.015269999999999999
2070-01-09,0.02683
2070-01-10,0.00237
2070-01-11,0.0007
2070-01-12,0.0007099999999999999
2070-01-13,0.0007099999999999999
2070-01-14,0.00411
2070-01-15,0.00072
2070-01-16,0.00072
2070-01-17,0.00072
2070-01-18,0.001
2070-01-19,0.00912
2070-01-20,0.0010400000000000001
2070-01-21,0.0301
2070-01-22,0.10905999999999999
2070-01-23,0.01967
2070-01-24,0.00539
2070-01-25,0.08491
2070-01-26,0.57435
2070-01-27,1.60407
2070-01-28,0.40179000000000004
2070-01-29,0.12958
2070-01-30,1.0470899999999999
2070-01-31,1.1359
2070-02-01,0.7388899999999999
2070-02-02,0.41546000000000005
2070-02-03,0.39255
2070-02-04,0.14851
2070-02-05,0.12343
2070-02-06,0.12335
2070-02-07,0.12477
2070-02-08,0.17128
2070-02-09,0.2624
2070-02-10,0.43742
2070-02-11,0.82424
2070-02-12,0.50903
2070-02-13,0.42341000000000006
2070-02-14,0.18625999999999998
2070-02-15,0.14400000000000002
2070-02-16,0.12663
2070-02-17,0.12343
2070-02-18,0.12343
2070-02-19,0.12343
2070-02-20,0.14573
2070-02-21,0.1568
2070-02-22,0.12368
2070-02-23,0.12822999999999998
2070-02-24,0.15088
2070-02-25,0.13960999999999998
2070-02-26,0.12347999999999999
2070-02-27,0.11900000000000001
2070-02-28,0.11357
2070-03-01,0.10052
2070-03-02,0.09122999999999999
2070-03-03,0.08181000000000001
2070-03-04,0.07297000000000001
2070-03-05,0.06483
2070-03-06,0.05786
2070-03-07,0.051989999999999995
2070-03-08,0.06697
2070-03-09,0.04477
2070-03-10,0.05462
2070-03-11,0.059660000000000005
2070-03-12,0.04919
2070-03-13,0.0514
2070-03-14,0.04665
2070-03-15,0.049260000000000005
2070-03-16,0.09666
2070-03-17,0.13978
2070-03-18,0.115
2070-03-19,0.09581
2070-03-20,0.0931
2070-03-21,0.08947000000000001
2070-03-22,0.07989
2070-03-23,0.07321
2070-03-24,0.06677000000000001
2070-03-25,0.06677999999999999
2070-03-26,0.08574
2070-03-27,0.06661
2070-03-28,0.059489999999999994
2070-03-29,0.060289999999999996
2070-03-30,0.07076
2070-03-31,0.0546
2070-04-01,0.052070000000000005
2070-04-02,0.04754
2070-04-03,0.04276
2070-04-04,0.03848
2070-04-05,0.03431
2070-04-06,0.030430000000000002
2070-04-07,0.02715
2070-04-08,0.02416
2070-04-09,0.03325
2070-04-10,0.02011
2070-04-11,0.02011
2070-04-12,0.01784
2070-04-13,0.01685
2070-04-14,0.015359999999999999
2070-04-15,0.014169999999999999
2070-04-16,0.013130000000000001
2070-04-17,0.01218
2070-04-18,0.0111
2070-04-19,0.01611
2070-04-20,0.01151
2070-04-21,0.0173
2070-04-22,0.022959999999999998
2070-04-23,0.020630000000000003
2070-04-24,0.01469
2070-04-25,0.01281
2070-04-26,0.01316
2070-04-27,0.01284
2070-04-28,0.01662
2070-04-29,0.01685
2070-04-30,0.02185
2070-05-01,0.03883
2070-05-02,0.0168
2070-05-03,0.0183
2070-05-04,0.017730000000000003
2070-05-05,0.01608
2070-05-06,0.0148
2070-05-07,0.012209999999999999
2070-05-08,0.0107
2070-05-09,0.009170000000000001
2070-05-10,0.00773
2070-05-11,0.00648
2070-05-12,0.00565
2070-05-13,0.0187
2070-05-14,0.007090000000000001
2070-05-15,0.0049700000000000005
2070-05-16,0.00451
2070-05-17,0.007379999999999999
2070-05-18,0.01725
2070-05-19,0.0042
2070-05-20,0.00398
2070-05-21,0.00355
2070-05-22,0.00297
2070-05-23,0.00233
2070-05-24,0.00175
2070-05-25,0.0014
2070-05-26,0.00126
2070-05-27,0.00121
2070-05-28,0.0012
2070-05-29,0.00118
2070-05-30,0.00116
2070-05-31,0.00115
2070-06-01,0.0011300000000000001
2070-06-02,0.00112
2070-06-03,0.0011
2070-06-04,0.00109
2070-06-05,0.00107
2070-06-06,0.00105
2070-06-07,0.0010400000000000001
2070-06-08,0.0010199999999999999
2070-06-09,0.001
2070-06-10,0.00098
2070-06-11,0.0009599999999999999
2070-06-12,0.00095
2070-06-13,0.00093
2070-06-14,0.00091
2070-06-15,0.0008900000000000001
2070-06-16,0.00088
2070-06-17,0.00086
2070-06-18,0.00085
2070-06-19,0.0008300000000000001
2070-06-20,0.00081
2070-06-21,0.00079
2070-06-22,0.0007700000000000001
2070-06-23,0.00075
2070-06-24,0.00074
2070-06-25,0.00072
2070-06-26,0.0007
2070-06-27,0.0006900000000000001
2070-06-28,0.0025399999999999997
2070-06-29,0.00066
2070-06-30,0.00066
2070-07-01,0.00064
2070-07-02,0.00063
2070-07-03,0.00061
2070-07-04,0.0006
2070-07-05,0.00059
2070-07-06,0.00058
2070-07-07,0.00056
2070-07-08,0.00055
2070-07-09,0.00054
2070-07-10,0.00053
2070-07-11,0.00053
2070-07-12,0.00055
2070-07-13,0.0005099999999999999
2070-07-14,0.00054
2070-07-15,0.0005
2070-07-16,0.0005
2070-07-17,0.0005
2070-07-18,0.00049
2070-07-19,0.00049
2070-07-20,0.00049
2070-07-21,0.00049
2070-07-22,0.00049
2070-07-23,0.00047999999999999996
2070-07-24,0.00047999999999999996
2070-07-25,0.00047999999999999996
2070-07-26,0.00047999999999999996
2070-07-27,0.00047999999999999996
2070-07-28,0.00047999999999999996
2070-07-29,0.00047999999999999996
2070-07-30,0.00047999999999999996
2070-07-31,0.00047999999999999996
2070-08-01,0.0007700000000000001
2070-08-02,0.00047999999999999996
2070-08-03,0.00047999999999999996
2070-08-04,0.00047999999999999996
2070-08-05,0.00047999999999999996
2070-08-06,0.00047999999999999996
2070-08-07,0.00047999999999999996
2070-08-08,0.00047999999999999996
2070-08-09,0.00047999999999999996
2070-08-10,0.00047999999999999996
2070-08-11,0.00047999999999999996
2070-08-12,0.00047999999999999996
2070-08-13,0.00047999999999999996
2070-08-14,0.00047999999999999996
2070-08-15,0.00047999999999999996
2070-08-16,0.00047999999999999996
2070-08-17,0.00047999999999999996
2070-08-18,0.00047999999999999996
2070-08-19,0.00047999999999999996
2070-08-20,0.00047999999999999996
2070-08-21,0.00047999999999999996
2070-08-22,0.07193
2070-08-23,0.90096
2070-08-24,0.48418
2070-08-25,0.00072
2070-08-26,0.00144
2070-08-27,0.0007599999999999999
2070-08-28,0.00075
2070-08-29,0.00075
2070-08-30,0.00075
2070-08-31,0.00074
2070-09-01,0.00073
2070-09-02,0.00072
2070-09-03,0.0007099999999999999
2070-09-04,0.0007
2070-09-05,0.0006900000000000001
2070-09-06,0.0006799999999999999
2070-09-07,0.00067
2070-09-08,0.00066
2070-09-09,0.00065
2070-09-10,0.00064
2070-09-11,0.00063
2070-09-12,0.00187
2070-09-13,0.00121
2070-09-14,0.00062
2070-09-15,0.00062
2070-09-16,0.00061
2070-09-17,0.00061
2070-09-18,0.0006
2070-09-19,0.00059
2070-09-20,0.00059
2070-09-21,0.00058
2070-09-22,0.00057
2070-09-23,0.00057
2070-09-24,0.00056
2070-09-25,0.00056
2070-09-26,0.00055
2070-09-27,0.00055
2070-09-28,0.00055
2070-09-29,0.00054
2070-09-30,0.00054
2070-10-01,0.00054
2070-10-02,0.00053
2070-10-03,0.00053
2070-10-04,0.00053
2070-10-05,0.0005200000000000001
2070-10-06,0.0005200000000000001
2070-10-07,0.0005200000000000001
2070-10-08,0.0005200000000000001
2070-10-09,0.0005099999999999999
2070-10-10,0.0005099999999999999
2070-10-11,0.0005099999999999999
2070-10-12,0.0005099999999999999
2070-10-13,0.0005
2070-10-14,0.0005
2070-10-15,0.0005
2070-10-16,0.0005
2070-10-17,0.00335
2070-10-18,0.00149
2070-10-19,0.0005
2070-10-20,0.00201
2070-10-21,0.005
2070-10-22,0.0005
2070-10-23,0.00049
2070-10-24,0.00049
2070-10-25,0.00049
2070-10-26,0.00049
2070-10-27,0.00049
2070-10-28,0.00049
2070-10-29,0.00049
2070-10-30,0.00049
2070-10-31,0.00049
2070-11-01,0.00049
2070-11-02,0.00049
2070-11-03,0.00049
2070-11-04,0.00049
2070-11-05,0.00049
2070-11-06,0.00049
2070-11-07,0.00049
2070-11-08,0.00049
2070-11-09,0.00049
2070-11-10,0.00049
2070-11-11,0.00049
2070-11-12,0.00047999999999999996
2070-11-13,0.00047999999999999996
2070-11-14,0.00047999999999999996
2070-11-15,0.00047999999999999996
2070-11-16,0.00047999999999999996
2070-11-17,0.00047999999999999996
2070-11-18,0.00047999999999999996
2070-11-19,0.00047999999999999996
2070-11-20,0.0033799999999999998
2070-11-21,0.039080000000000004
2070-11-22,0.02352
2070-11-23,0.00049
2070-11-24,0.0005
2070-11-25,0.0005099999999999999
2070-11-26,0.0005200000000000001
2070-11-27,0.0005200000000000001
2070-11-28,0.00053
2070-11-29,0.00053
2070-11-30,0.00053
2070-12-01,0.00053
2070-12-02,0.00053
2070-12-03,0.0011099999999999999
2070-12-04,0.00054
2070-12-05,0.00058
2070-12-06,0.00054
2070-12-07,0.00058
2070-12-08,0.00054
2070-12-09,0.00054
2070-12-10,0.00232
2070-12-11,0.00054
2070-12-12,0.00054
2070-12-13,0.00054
2070-12-14,0.00988
2070-12-15,0.00054
2070-12-16,0.00054
2070-12-17,0.00054
2070-12-18,0.00054
2070-12-19,0.00054
2070-12-20,0.00054
2070-12-21,0.00054
2070-12-22,0.00054
2070-12-23,0.00054
2070-12-24,0.00054
2070-12-25,0.00054
2070-12-26,0.00054
2070-12-27,0.0018399999999999998
2070-12-28,0.00054
2070-12-29,0.00054
2070-12-30,0.00054
2070-12-31,0.00054
2071-01-01,0.0018
2071-01-02,0.00054
2071-01-03,0.0182
2071-01-04,0.01575
2071-01-05,0.01845
2071-01-06,0.00395
2071-01-07,0.00265
2071-01-08,0.00223
2071-01-09,0.00585
2071-01-10,0.0034200000000000003
2071-01-11,0.00159
2071-01-12,0.04535
2071-01-13,0.21968000000000001
2071-01-14,0.0336
2071-01-15,0.00187
2071-01-16,0.00091
2071-01-17,0.00086
2071-01-18,0.00112
2071-01-19,0.0008699999999999999
2071-01-20,0.027639999999999998
2071-01-21,0.00088
2071-01-22,0.0008900000000000001
2071-01-23,0.0009
2071-01-24,0.0009
2071-01-25,0.0009
2071-01-26,0.0009
2071-01-27,0.0009
2071-01-28,0.0009
2071-01-29,0.0009
2071-01-30,0.0009
2071-01-31,0.0008900000000000001
2071-02-01,0.0008900000000000001
2071-02-02,0.0008900000000000001
2071-02-03,0.0008900000000000001
2071-02-04,0.00088
2071-02-05,0.00088
2071-02-06,0.00088
2071-02-07,0.00447
2071-02-08,0.0008699999999999999
2071-02-09,0.0008699999999999999
2071-02-10,0.0008699999999999999
2071-02-11,0.0008699999999999999
2071-02-12,0.00086
2071-02-13,0.00086
2071-02-14,0.00099
2071-02-15,0.00085
2071-02-16,0.00085
2071-02-17,0.00084
2071-02-18,0.00084
2071-02-19,0.0008300000000000001
2071-02-20,0.0008300000000000001
2071-02-21,0.00082
2071-02-22,0.00082
2071-02-23,0.00082
2071-02-24,0.02121
2071-02-25,0.00797
2071-02-26,0.00081
2071-02-27,0.00148
2071-02-28,0.01547
2071-03-01,0.006520000000000001
2071-03-02,0.0008300000000000001
2071-03-03,0.0008300000000000001
2071-03-04,0.0008300000000000001
2071-03-05,0.0008300000000000001
2071-03-06,0.0008300000000000001
2071-03-07,0.0008300000000000001
2071-03-08,0.0008300000000000001
2071-03-09,0.00082
2071-03-10,0.00082
2071-03-11,0.00082
2071-03-12,0.00081
2071-03-13,0.00081
2071-03-14,0.0008
2071-03-15,0.0008
2071-03-16,0.00279
2071-03-17,0.00079
2071-03-18,0.00079
2071-03-19,0.00078
2071-03-20,0.00078
2071-03-21,0.0007700000000000001
2071-03-22,0.0007599999999999999
2071-03-23,0.0007599999999999999
2071-03-24,0.00075
2071-03-25,0.00074
2071-03-26,0.00073
2071-03-27,0.00072
2071-03-28,0.00072
2071-03-29,0.00079
2071-03-30,0.0007
2071-03-31,0.0006900000000000001
2071-04-01,0.00075
2071-04-02,0.00067
2071-04-03,0.0006900000000000001
2071-04-04,0.00066
2071-04-05,0.00065
2071-04-06,0.0016899999999999999
2071-04-07,0.00064
2071-04-08,0.00063
2071-04-09,0.00063
2071-04-10,0.00062
2071-04-11,0.00061
2071-04-12,0.0006
2071-04-13,0.00059
2071-04-14,0.0011300000000000001
2071-04-15,0.00058
2071-04-16,0.00085
2071-04-17,0.00057
2071-04-18,0.00056
2071-04-19,0.00055
2071-04-20,0.0034799999999999996
2071-04-21,0.00281
2071-04-22,0.00562
2071-04-23,0.00055
2071-04-24,0.012490000000000001
2071-04-25,0.01012
2071-04-26,0.00054
2071-04-27,0.00054
2071-04-28,0.00054
2071-04-29,0.00053
2071-04-30,0.00062
2071-05-01,0.00053
2071-05-02,0.0005200000000000001
2071-05-03,0.0005200000000000001
2071-05-04,0.0005099999999999999
2071-05-05,0.0005099999999999999
2071-05-06,0.00072
2071-05-07,0.0005
2071-05-08,0.0005
2071-05-09,0.00065
2071-05-10,0.00049
2071-05-11,0.00049
2071-05-12,0.00049
2071-05-13,0.00049
2071-05-14,0.00049
2071-05-15,0.00047999999999999996
2071-05-16,0.00047999999999999996
2071-05-17,0.00047999999999999996
2071-05-18,0.00047999999999999996
2071-05-19,0.00047999999999999996
2071-05-20,0.00047999999999999996
2071-05-21,0.00047999999999999996
2071-05-22,0.00047999999999999996
2071-05-23,0.00047999999999999996
2071-05-24,0.00047999999999999996
2071-05-25,0.00047999999999999996
2071-05-26,0.00047999999999999996
2071-05-27,0.00047999999999999996
2071-05-28,0.00047999999999999996
2071-05-29,0.00047999999999999996
2071-05-30,0.00047999999999999996
2071-05-31,0.00047999999999999996
2071-06-01,0.00047999999999999996
2071-06-02,0.00047999999999999996
2071-06-03,0.00047999999999999996
2071-06-04,0.00047999999999999996
2071-06-05,0.00047999999999999996
2071-06-06,0.00047999999999999996
2071-06-07,0.00047999999999999996
2071-06-08,0.00047999999999999996
2071-06-09,0.00047999999999999996
2071-06-10,0.00047999999999999996
2071-06-11,0.00047999999999999996
2071-06-12,0.00047999999999999996
2071-06-13,0.00047999999999999996
2071-06-14,0.00047999999999999996
2071-06-15,0.00047999999999999996
2071-06-16,0.00047999999999999996
2071-06-17,0.00047999999999999996
2071-06-18,0.00047999999999999996
2071-06-19,0.00047999999999999996
2071-06-20,0.00047999999999999996
2071-06-21,0.00047999999999999996
2071-06-22,0.00047999999999999996
2071-06-23,0.00047999999999999996
2071-06-24,0.00047999999999999996
2071-06-25,0.00047999999999999996
2071-06-26,0.00047999999999999996
2071-06-27,0.00047999999999999996
2071-06-28,0.00047999999999999996
2071-06-29,0.00047999999999999996
2071-06-30,0.00047000000000000004
2071-07-01,0.00047000000000000004
2071-07-02,0.00047000000000000004
2071-07-03,0.00047000000000000004
2071-07-04,0.00047000000000000004
2071-07-05,0.00047000000000000004
2071-07-06,0.00047000000000000004
2071-07-07,0.00047000000000000004
2071-07-08,0.00047000000000000004
2071-07-09,0.00047000000000000004
2071-07-10,0.00047000000000000004
2071-07-11,0.00047000000000000004
2071-07-12,0.00047000000000000004
2071-07-13,0.00047000000000000004
2071-07-14,0.00047000000000000004
2071-07-15,0.00047000000000000004
2071-07-16,0.00047000000000000004
2071-07-17,0.00047000000000000004
2071-07-18,0.00047000000000000004
2071-07-19,0.00047000000000000004
2071-07-20,0.00047000000000000004
2071-07-21,0.00047000000000000004
2071-07-22,0.00047000000000000004
2071-07-23,0.00047000000000000004
2071-07-24,0.00047000000000000004
2071-07-25,0.00047000000000000004
2071-07-26,0.00047000000000000004
2071-07-27,0.00047000000000000004
2071-07-28,0.00047000000000000004
2071-07-29,0.00047000000000000004
2071-07-30,0.00047000000000000004
2071-07-31,0.00047000000000000004
2071-08-01,0.00047000000000000004
2071-08-02,0.00047000000000000004
2071-08-03,0.00047000000000000004
2071-08-04,0.00047000000000000004
2071-08-05,0.00047000000000000004
2071-08-06,0.00047000000000000004
2071-08-07,0.00047000000000000004
2071-08-08,0.00047000000000000004
2071-08-09,0.00047000000000000004
2071-08-10,0.00047000000000000004
2071-08-11,0.00047000000000000004
2071-08-12,0.00047000000000000004
2071-08-13,0.00047000000000000004
2071-08-14,0.00047000000000000004
2071-08-15,0.00047000000000000004
2071-08-16,0.00047000000000000004
2071-08-17,0.00047000000000000004
2071-08-18,0.00047000000000000004
2071-08-19,0.00047000000000000004
2071-08-20,0.00047000000000000004
2071-08-21,0.00047000000000000004
2071-08-22,0.00047000000000000004
2071-08-23,0.00047000000000000004
2071-08-24,0.00047000000000000004
2071-08-25,0.00047000000000000004
2071-08-26,0.00047000000000000004
2071-08-27,0.00047000000000000004
2071-08-28,0.00047000000000000004
2071-08-29,0.00099
2071-08-30,0.00047000000000000004
2071-08-31,0.00047000000000000004
2071-09-01,0.00047000000000000004
2071-09-02,0.00078
2071-09-03,0.00047000000000000004
2071-09-04,0.00047000000000000004
2071-09-05,0.00047000000000000004
2071-09-06,0.00047000000000000004
2071-09-07,0.00047000000000000004
2071-09-08,0.00047000000000000004
2071-09-09,0.00047000000000000004
2071-09-10,0.00047000000000000004
2071-09-11,0.00047000000000000004
2071-09-12,0.00047000000000000004
2071-09-13,0.00047000000000000004
2071-09-14,0.00047000000000000004
2071-09-15,0.00047000000000000004
2071-09-16,0.00047000000000000004
2071-09-17,0.00047000000000000004
2071-09-18,0.00047000000000000004
2071-09-19,0.00047000000000000004
2071-09-20,0.00047000000000000004
2071-09-21,0.00047000000000000004
2071-09-22,0.00047000000000000004
2071-09-23,0.00047000000000000004
2071-09-24,0.00047000000000000004
2071-09-25,0.00047000000000000004
2071-09-26,0.00047000000000000004
2071-09-27,0.00047000000000000004
2071-09-28,0.00212
2071-09-29,0.00045999999999999996
2071-09-30,0.00346
2071-10-01,0.0012699999999999999
2071-10-02,0.00045999999999999996
2071-10-03,0.00045999999999999996
2071-10-04,0.00045999999999999996
2071-10-05,0.00045999999999999996
2071-10-06,0.00045999999999999996
2071-10-07,0.00045999999999999996
2071-10-08,0.00045999999999999996
2071-10-09,0.00045999999999999996
2071-10-10,0.00045999999999999996
2071-10-11,0.00045999999999999996
2071-10-12,0.00079
2071-10-13,0.00045999999999999996
2071-10-14,0.00045999999999999996
2071-10-15,0.00045999999999999996
2071-10-16,0.00045999999999999996
2071-10-17,0.0199
2071-10-18,0.00045999999999999996
2071-10-19,0.00045999999999999996
2071-10-20,0.00045999999999999996
2071-10-21,0.00045999999999999996
2071-10-22,0.00045999999999999996
2071-10-23,0.00045999999999999996
2071-10-24,0.00045999999999999996
2071-10-25,0.00045999999999999996
2071-10-26,0.00045999999999999996
2071-10-27,0.00045999999999999996
2071-10-28,0.00045999999999999996
2071-10-29,0.00045999999999999996
2071-10-30,0.00165
2071-10-31,0.00635
2071-11-01,0.0005200000000000001
2071-11-02,0.00045999999999999996
2071-11-03,0.00047000000000000004
2071-11-04,0.00821
2071-11-05,0.02264
2071-11-06,0.0326
2071-11-07,0.056979999999999996
2071-11-08,0.060239999999999995
2071-11-09,0.07717
2071-11-10,0.07135
2071-11-11,0.0007599999999999999
2071-11-12,0.00079
2071-11-13,0.00079
2071-11-14,0.0008
2071-11-15,0.0008
2071-11-16,0.0008
2071-11-17,0.0008
2071-11-18,0.0008
2071-11-19,0.0008
2071-11-20,0.0104
2071-11-21,0.05485
2071-11-22,0.0812
2071-11-23,0.017740000000000002
2071-11-24,0.00465
2071-11-25,0.00098
2071-11-26,0.00099
2071-11-27,0.001
2071-11-28,0.001
2071-11-29,0.02436
2071-11-30,0.0811
2071-12-01,0.15527
2071-12-02,0.00145
2071-12-03,0.00199
2071-12-04,0.0055
2071-12-05,0.00256
2071-12-06,0.0027600000000000003
2071-12-07,0.0028699999999999997
2071-12-08,0.00292
2071-12-09,0.00295
2071-12-10,0.00298
2071-12-11,0.00297
2071-12-12,0.00441
2071-12-13,0.0069700000000000005
2071-12-14,0.0030399999999999997
2071-12-15,0.00303
2071-12-16,0.00299
2071-12-17,0.0029100000000000003
2071-12-18,0.08623
2071-12-19,0.21980999999999998
2071-12-20,0.35815
2071-12-21,0.12739
2071-12-22,0.1245
2071-12-23,0.19095
2071-12-24,0.60121
2071-12-25,0.57916
2071-12-26,0.36105
2071-12-27,0.43538000000000004
2071-12-28,0.23521
2071-12-29,0.1266
2071-12-30,0.12548
2071-12-31,0.12337999999999999
2072-01-01,0.12315999999999999
2072-01-02,0.12274000000000002
2072-01-03,0.11778
2072-01-04,0.10743
2072-01-05,0.0966
2072-01-06,0.08668
2072-01-07,0.07801
2072-01-08,0.0702
2072-01-09,0.06319
2072-01-10,0.05706
2072-01-11,0.05165
2072-01-12,0.0468
2072-01-13,0.042539999999999994
2072-01-14,0.0531
2072-01-15,0.05467
2072-01-16,0.049760000000000006
2072-01-17,0.04748
2072-01-18,0.055439999999999996
2072-01-19,0.05697000000000001
2072-01-20,0.05068
2072-01-21,0.05001
2072-01-22,0.0495
2072-01-23,0.04788
2072-01-24,0.047080000000000004
2072-01-25,0.043930000000000004
2072-01-26,0.041280000000000004
2072-01-27,0.07149
2072-01-28,0.15807000000000002
2072-01-29,0.1772
2072-01-30,0.19299000000000002
2072-01-31,0.29155
2072-02-01,0.18188
2072-02-02,0.21014000000000002
2072-02-03,0.13347
2072-02-04,0.17024
2072-02-05,0.21218
2072-02-06,0.12343
2072-02-07,0.13375
2072-02-08,0.13677
2072-02-09,0.14856
2072-02-10,0.35722
2072-02-11,0.44125
2072-02-12,0.18172
2072-02-13,0.17620999999999998
2072-02-14,0.15508
2072-02-15,0.12343
2072-02-16,0.12343
2072-02-17,0.12343
2072-02-18,0.12546
2072-02-19,0.12014000000000001
2072-02-20,0.11076
2072-02-21,0.09995
2072-02-22,0.08984
2072-02-23,0.09781000000000001
2072-02-24,0.07521
2072-02-25,0.08144
2072-02-26,0.09937
2072-02-27,0.08242000000000001
2072-02-28,0.07787999999999999
2072-02-29,0.07468999999999999
2072-03-01,0.06991
2072-03-02,0.06427999999999999
2072-03-03,0.05869
2072-03-04,0.05342
2072-03-05,0.0487
2072-03-06,0.044410000000000005
2072-03-07,0.0403
2072-03-08,0.0365
2072-03-09,0.03305
2072-03-10,0.030039999999999997
2072-03-11,0.02779
2072-03-12,0.02519
2072-03-13,0.02344
2072-03-14,0.02179
2072-03-15,0.02035
2072-03-16,0.01885
2072-03-17,0.017269999999999997
2072-03-18,0.015790000000000002
2072-03-19,0.01438
2072-03-20,0.01287
2072-03-21,0.01178
2072-03-22,0.010490000000000001
2072-03-23,0.00932
2072-03-24,0.008159999999999999
2072-03-25,0.0070799999999999995
2072-03-26,0.00604
2072-03-27,0.00513
2072-03-28,0.00447
2072-03-29,0.00394
2072-03-30,0.0055
2072-03-31,0.0267
2072-04-01,0.07135
2072-04-02,0.048310000000000006
2072-04-03,0.05293
2072-04-04,0.027639999999999998
2072-04-05,0.031310000000000004
2072-04-06,0.03094
2072-04-07,0.0383
2072-04-08,0.02926
2072-04-09,0.027889999999999998
2072-04-10,0.025480000000000003
2072-04-11,0.0228
2072-04-12,0.02024
2072-04-13,0.01782
2072-04-14,0.01549
2072-04-15,0.0135
2072-04-16,0.01179
2072-04-17,0.010159999999999999
2072-04-18,0.00857
2072-04-19,0.007109999999999999
2072-04-20,0.00603
2072-04-21,0.0053100000000000005
2072-04-22,0.00875
2072-04-23,0.00446
2072-04-24,0.01174
2072-04-25,0.004079999999999999
2072-04-26,0.01849
2072-04-27,0.03681
2072-04-28,0.03424
2072-04-29,0.018609999999999998
2072-04-30,0.0241
2072-05-01,0.02014
2072-05-02,0.02046
2072-05-03,0.02087
2072-05-04,0.0296
2072-05-05,0.03134
2072-05-06,0.02717
2072-05-07,0.0314
2072-05-08,0.02529
2072-05-09,0.02405
2072-05-10,0.023219999999999998
2072-05-11,0.02516
2072-05-12,0.02113
2072-05-13,0.02026
2072-05-14,0.0222
2072-05-15,0.01646
2072-05-16,0.01402
2072-05-17,0.01185
2072-05-18,0.009940000000000001
2072-05-19,0.008409999999999999
2072-05-20,0.0075
2072-05-21,0.00659
2072-05-22,0.0054
2072-05-23,0.004229999999999999
2072-05-24,0.0031899999999999997
2072-05-25,0.0037600000000000003
2072-05-26,0.0020399999999999997
2072-05-27,0.00162
2072-05-28,0.00132
2072-05-29,0.00123
2072-05-30,0.0012
2072-05-31,0.00119
2072-06-01,0.00117
2072-06-02,0.00116
2072-06-03,0.00114
2072-06-04,0.0011300000000000001
2072-06-05,0.0011099999999999999
2072-06-06,0.0011
2072-06-07,0.00108
2072-06-08,0.00106
2072-06-09,0.0010400000000000001
2072-06-10,0.0010199999999999999
2072-06-11,0.001
2072-06-12,0.00098
2072-06-13,0.0009699999999999999
2072-06-14,0.00095
2072-06-15,0.00093
2072-06-16,0.00091
2072-06-17,0.0009
2072-06-18,0.0008900000000000001
2072-06-19,0.0008699999999999999
2072-06-20,0.00086
2072-06-21,0.00085
2072-06-22,0.0008300000000000001
2072-06-23,0.00082
2072-06-24,0.0008
2072-06-25,0.00078
2072-06-26,0.0007599999999999999
2072-06-27,0.00074
2072-06-28,0.00073
2072-06-29,0.0007099999999999999
2072-06-30,0.0007
2072-07-01,0.0006799999999999999
2072-07-02,0.00067
2072-07-03,0.00065
2072-07-04,0.00064
2072-07-05,0.00062
2072-07-06,0.00061
2072-07-07,0.0006
2072-07-08,0.00058
2072-07-09,0.00057
2072-07-10,0.00056
2072-07-11,0.00055
2072-07-12,0.00054
2072-07-13,0.00053
2072-07-14,0.00053
2072-07-15,0.0005200000000000001
2072-07-16,0.0005099999999999999
2072-07-17,0.0005099999999999999
2072-07-18,0.0005
2072-07-19,0.0005
2072-07-20,0.00049
2072-07-21,0.00049
2072-07-22,0.00049
2072-07-23,0.00049
2072-07-24,0.00047999999999999996
2072-07-25,0.00047999999999999996
2072-07-26,0.00047999999999999996
2072-07-27,0.00047999999999999996
2072-07-28,0.00047999999999999996
2072-07-29,0.00047999999999999996
2072-07-30,0.00047999999999999996
2072-07-31,0.00047999999999999996
2072-08-01,0.00047999999999999996
2072-08-02,0.00047999999999999996
2072-08-03,0.00047999999999999996
2072-08-04,0.00047999999999999996
2072-08-05,0.00047999999999999996
2072-08-06,0.00047999999999999996
2072-08-07,0.00047999999999999996
2072-08-08,0.00047999999999999996
2072-08-09,0.00047999999999999996
2072-08-10,0.00047999999999999996
2072-08-11,0.00047999999999999996
2072-08-12,0.00047999999999999996
2072-08-13,0.00047999999999999996
2072-08-14,0.00047999999999999996
2072-08-15,0.00047999999999999996
2072-08-16,0.00047999999999999996
2072-08-17,0.00047999999999999996
2072-08-18,0.00047999999999999996
2072-08-19,0.00047999999999999996
2072-08-20,0.00047999999999999996
2072-08-21,0.00047999999999999996
2072-08-22,0.00047999999999999996
2072-08-23,0.00047999999999999996
2072-08-24,0.00047999999999999996
2072-08-25,0.00047999999999999996
2072-08-26,0.00047999999999999996
2072-08-27,0.00047999999999999996
2072-08-28,0.00047999999999999996
2072-08-29,0.00047999999999999996
2072-08-30,0.00047999999999999996
2072-08-31,0.00047999999999999996
2072-09-01,0.00047999999999999996
2072-09-02,0.00047999999999999996
2072-09-03,0.00047999999999999996
2072-09-04,0.00047999999999999996
2072-09-05,0.00047999999999999996
2072-09-06,0.00047000000000000004
2072-09-07,0.00047000000000000004
2072-09-08,0.00047000000000000004
2072-09-09,0.00047000000000000004
2072-09-10,0.00047000000000000004
2072-09-11,0.00047000000000000004
2072-09-12,0.00047000000000000004
2072-09-13,0.00047000000000000004
2072-09-14,0.00047000000000000004
2072-09-15,0.00047000000000000004
2072-09-16,0.00047000000000000004
2072-09-17,0.00047000000000000004
2072-09-18,0.00064
2072-09-19,0.00047000000000000004
2072-09-20,0.00047000000000000004
2072-09-21,0.00047000000000000004
2072-09-22,0.004379999999999999
2072-09-23,0.02096
2072-09-24,0.00144
2072-09-25,0.00047000000000000004
2072-09-26,0.00047000000000000004
2072-09-27,0.00047000000000000004
2072-09-28,0.00047000000000000004
2072-09-29,0.00047000000000000004
2072-09-30,0.00047000000000000004
2072-10-01,0.00047000000000000004
2072-10-02,0.00047000000000000004
2072-10-03,0.00047000000000000004
2072-10-04,0.00047000000000000004
2072-10-05,0.00047000000000000004
2072-10-06,0.00047000000000000004
2072-10-07,0.00047000000000000004
2072-10-08,0.00047000000000000004
2072-10-09,0.00047000000000000004
2072-10-10,0.00047000000000000004
2072-10-11,0.00047000000000000004
2072-10-12,0.00047000000000000004
2072-10-13,0.00047000000000000004
2072-10-14,0.00047000000000000004
2072-10-15,0.00047000000000000004
2072-10-16,0.00047000000000000004
2072-10-17,0.00047000000000000004
2072-10-18,0.00047000000000000004
2072-10-19,0.00047000000000000004
2072-10-20,0.00047000000000000004
2072-10-21,0.007240000000000001
2072-10-22,0.0020399999999999997
2072-10-23,0.00063
2072-10-24,0.00047000000000000004
2072-10-25,0.00047000000000000004
2072-10-26,0.00047000000000000004
2072-10-27,0.02266
2072-10-28,0.02112
2072-10-29,0.00047000000000000004
2072-10-30,0.012629999999999999
2072-10-31,0.01874
2072-11-01,0.04294
2072-11-02,0.05532
2072-11-03,0.11577
2072-11-04,0.0746
2072-11-05,0.0159
2072-11-06,0.0008300000000000001
2072-11-07,0.00084
2072-11-08,0.00085
2072-11-09,0.00085
2072-11-10,0.00085
2072-11-11,0.00085
2072-11-12,0.00085
2072-11-13,0.00085
2072-11-14,0.00085
2072-11-15,0.00085
2072-11-16,0.00085
2072-11-17,0.00085
2072-11-18,0.00084
2072-11-19,0.00084
2072-11-20,0.00084
2072-11-21,0.00084
2072-11-22,0.0008300000000000001
2072-11-23,0.0008300000000000001
2072-11-24,0.04612
2072-11-25,0.14254
2072-11-26,0.0294
2072-11-27,0.01587
2072-11-28,0.08536
2072-11-29,0.00112
2072-11-30,0.00115
2072-12-01,0.0027600000000000003
2072-12-02,0.00117
2072-12-03,0.00249
2072-12-04,0.04106
2072-12-05,0.04675
2072-12-06,0.0171
2072-12-07,0.00955
2072-12-08,0.00815
2072-12-09,0.00806
2072-12-10,0.00866
2072-12-11,0.00891
2072-12-12,0.008879999999999999
2072-12-13,0.00859
2072-12-14,0.00821
2072-12-15,0.007940000000000001
2072-12-16,0.00765
2072-12-17,0.01182
2072-12-18,0.060160000000000005
2072-12-19,0.05056
2072-12-20,0.02435
2072-12-21,0.0251
2072-12-22,0.02673
2072-12-23,0.027030000000000002
2072-12-24,0.05382000000000001
2072-12-25,0.05113
2072-12-26,0.08245
2072-12-27,0.12303
2072-12-28,0.34583
2072-12-29,0.25669000000000003
2072-12-30,0.35125
2072-12-31,0.14975
2073-01-01,0.17687999999999998
2073-01-02,0.6239399999999999
2073-01-03,0.5105
2073-01-04,0.18342999999999998
2073-01-05,0.14678
2073-01-06,0.12663
2073-01-07,0.15063
2073-01-08,0.12454000000000001
2073-01-09,0.12318
2073-01-10,0.12347999999999999
2073-01-11,0.12211
2073-01-12,0.11417999999999999
2073-01-13,0.10377
2073-01-14,0.09329
2073-01-15,0.08386
2073-01-16,0.07783999999999999
2073-01-17,0.06896000000000001
2073-01-18,0.0629
2073-01-19,0.057379999999999994
2073-01-20,0.05235
2073-01-21,0.04779
2073-01-22,0.04353
2073-01-23,0.03965
2073-01-24,0.0363
2073-01-25,0.03418
2073-01-26,0.030930000000000003
2073-01-27,0.032119999999999996
2073-01-28,0.03642
2073-01-29,0.025789999999999997
2073-01-30,0.02543
2073-01-31,0.023219999999999998
2073-02-01,0.02182
2073-02-02,0.020380000000000002
2073-02-03,0.01899
2073-02-04,0.017730000000000003
2073-02-05,0.01655
2073-02-06,0.01546
2073-02-07,0.014469999999999998
2073-02-08,0.01366
2073-02-09,0.012819999999999998
2073-02-10,0.011909999999999999
2073-02-11,0.01108
2073-02-12,0.01023
2073-02-13,0.0094
2073-02-14,0.00857
2073-02-15,0.0077599999999999995
2073-02-16,0.01955
2073-02-17,0.03238
2073-02-18,0.062229999999999994
2073-02-19,0.04205
2073-02-20,0.02454
2073-02-21,0.02766
2073-02-22,0.02878
2073-02-23,0.027710000000000002
2073-02-24,0.02683
2073-02-25,0.02512
2073-02-26,0.02349
2073-02-27,0.02199
2073-02-28,0.02283
2073-03-01,0.020309999999999998
2073-03-02,0.018340000000000002
2073-03-03,0.01699
2073-03-04,0.01563
2073-03-05,0.014530000000000001
2073-03-06,0.0136
2073-03-07,0.01265
2073-03-08,0.01829
2073-03-09,0.011340000000000001
2073-03-10,0.010740000000000001
2073-03-11,0.01014
2073-03-12,0.01517
2073-03-13,0.00899
2073-03-14,0.00837
2073-03-15,0.007670000000000001
2073-03-16,0.00688
2073-03-17,0.00615
2073-03-18,0.00548
2073-03-19,0.0069299999999999995
2073-03-20,0.00458
2073-03-21,0.00419
2073-03-22,0.00374
2073-03-23,0.0033200000000000005
2073-03-24,0.01523
2073-03-25,0.01113
2073-03-26,0.00302
2073-03-27,0.0031100000000000004
2073-03-28,0.0037700000000000003
2073-03-29,0.04836
2073-03-30,0.44493
2073-03-31,0.11717000000000001
2073-04-01,0.059879999999999996
2073-04-02,0.05845
2073-04-03,0.05577000000000001
2073-04-04,0.05087
2073-04-05,0.045380000000000004
2073-04-06,0.04
2073-04-07,0.03526
2073-04-08,0.03129
2073-04-09,0.02754
2073-04-10,0.023969999999999998
2073-04-11,0.02107
2073-04-12,0.01886
2073-04-13,0.03228
2073-04-14,0.04099
2073-04-15,0.04087
2073-04-16,0.030610000000000002
2073-04-17,0.02661
2073-04-18,0.028360000000000003
2073-04-19,0.02635
2073-04-20,0.02461
2073-04-21,0.02204
2073-04-22,0.019190000000000002
2073-04-23,0.01876
2073-04-24,0.0824
2073-04-25,0.16408
2073-04-26,0.06377999999999999
2073-04-27,0.06468
2073-04-28,0.06192999999999999
2073-04-29,0.05654
2073-04-30,0.05038
2073-05-01,0.07024
2073-05-02,0.17087
2073-05-03,0.18721
2073-05-04,0.11635
2073-05-05,0.11732999999999999
2073-05-06,0.12713
2073-05-07,0.11267
2073-05-08,0.1023
2073-05-09,0.09431
2073-05-10,0.09053
2073-05-11,0.0838
2073-05-12,0.07162
2073-05-13,0.06462000000000001
2073-05-14,0.05712999999999999
2073-05-15,0.04992
2073-05-16,0.04307
2073-05-17,0.036680000000000004
2073-05-18,0.031039999999999998
2073-05-19,0.02597
2073-05-20,0.02175
2073-05-21,0.01846
2073-05-22,0.01586
2073-05-23,0.01349
2073-05-24,0.011059999999999999
2073-05-25,0.00869
2073-05-26,0.00645
2073-05-27,0.00458
2073-05-28,0.00318
2073-05-29,0.00215
2073-05-30,0.00151
2073-05-31,0.00126
2073-06-01,0.00121
2073-06-02,0.0012
2073-06-03,0.00118
2073-06-04,0.00117
2073-06-05,0.00116
2073-06-06,0.00114
2073-06-07,0.0011300000000000001
2073-06-08,0.0011099999999999999
2073-06-09,0.0011
2073-06-10,0.00108
2073-06-11,0.00106
2073-06-12,0.0010400000000000001
2073-06-13,0.00103
2073-06-14,0.00101
2073-06-15,0.001
2073-06-16,0.00098
2073-06-17,0.0009599999999999999
2073-06-18,0.0009400000000000001
2073-06-19,0.0009199999999999999
2073-06-20,0.0009
2073-06-21,0.00088
2073-06-22,0.00086
2073-06-23,0.00084
2073-06-24,0.00082
2073-06-25,0.0008
2073-06-26,0.00078
2073-06-27,0.0007599999999999999
2073-06-28,0.00074
2073-06-29,0.00072
2073-06-30,0.0007099999999999999
2073-07-01,0.0007
2073-07-02,0.0006799999999999999
2073-07-03,0.00067
2073-07-04,0.00066
2073-07-05,0.00064
2073-07-06,0.00063
2073-07-07,0.00062
2073-07-08,0.0006
2073-07-09,0.00059
2073-07-10,0.00057
2073-07-11,0.00056
2073-07-12,0.00055
2073-07-13,0.00054
2073-07-14,0.00053
2073-07-15,0.00053
2073-07-16,0.0005200000000000001
2073-07-17,0.0005099999999999999
2073-07-18,0.0005099999999999999
2073-07-19,0.0005
2073-07-20,0.0005
2073-07-21,0.00049
2073-07-22,0.00049
2073-07-23,0.00049
2073-07-24,0.00049
2073-07-25,0.00047999999999999996
2073-07-26,0.00047999999999999996
2073-07-27,0.00047999999999999996
2073-07-28,0.00109
2073-07-29,0.00047999999999999996
2073-07-30,0.00047999999999999996
2073-07-31,0.00047999999999999996
2073-08-01,0.00047999999999999996
2073-08-02,0.00047999999999999996
2073-08-03,0.00047999999999999996
2073-08-04,0.00047999999999999996
2073-08-05,0.00047999999999999996
2073-08-06,0.00047999999999999996
2073-08-07,0.00047999999999999996
2073-08-08,0.00047999999999999996
2073-08-09,0.00047999999999999996
2073-08-10,0.00047999999999999996
2073-08-11,0.00047999999999999996
2073-08-12,0.00047999999999999996
2073-08-13,0.00047999999999999996
2073-08-14,0.00047999999999999996
2073-08-15,0.00047999999999999996
2073-08-16,0.00047999999999999996
2073-08-17,0.00047999999999999996
2073-08-18,0.00047999999999999996
2073-08-19,0.00047999999999999996
2073-08-20,0.00047999999999999996
2073-08-21,0.00047999999999999996
2073-08-22,0.00047999999999999996
2073-08-23,0.00047999999999999996
2073-08-24,0.00047999999999999996
2073-08-25,0.00047999999999999996
2073-08-26,0.00047999999999999996
2073-08-27,0.00047999999999999996
2073-08-28,0.00047999999999999996
2073-08-29,0.00047999999999999996
2073-08-30,0.00047999999999999996
2073-08-31,0.00047999999999999996
2073-09-01,0.00126
2073-09-02,0.00047999999999999996
2073-09-03,0.00047999999999999996
2073-09-04,0.00047999999999999996
2073-09-05,0.00047999999999999996
2073-09-06,0.00047999999999999996
2073-09-07,0.00047000000000000004
2073-09-08,0.00047000000000000004
2073-09-09,0.00047000000000000004
2073-09-10,0.00047000000000000004
2073-09-11,0.00047000000000000004
2073-09-12,0.00047000000000000004
2073-09-13,0.00047000000000000004
2073-09-14,0.00047000000000000004
2073-09-15,0.00047000000000000004
2073-09-16,0.0005200000000000001
2073-09-17,0.00528
2073-09-18,0.00923
2073-09-19,0.00047000000000000004
2073-09-20,0.00047000000000000004
2073-09-21,0.00047000000000000004
2073-09-22,0.00047000000000000004
2073-09-23,0.00047000000000000004
2073-09-24,0.00047000000000000004
2073-09-25,0.00047000000000000004
2073-09-26,0.00047000000000000004
2073-09-27,0.00047000000000000004
2073-09-28,0.00047000000000000004
2073-09-29,0.00047000000000000004
2073-09-30,0.00047000000000000004
2073-10-01,0.00047000000000000004
2073-10-02,0.00047000000000000004
2073-10-03,0.00047000000000000004
2073-10-04,0.00047000000000000004
2073-10-05,0.00047000000000000004
2073-10-06,0.00047000000000000004
2073-10-07,0.00047000000000000004
2073-10-08,0.00047000000000000004
2073-10-09,0.00047000000000000004
2073-10-10,0.00047000000000000004
2073-10-11,0.00047000000000000004
2073-10-12,0.00047000000000000004
2073-10-13,0.00047000000000000004
2073-10-14,0.00047000000000000004
2073-10-15,0.00047000000000000004
2073-10-16,0.00047000000000000004
2073-10-17,0.00047000000000000004
2073-10-18,0.00047000000000000004
2073-10-19,0.00047000000000000004
2073-10-20,0.00047000000000000004
2073-10-21,0.004
2073-10-22,0.012490000000000001
2073-10-23,0.00047000000000000004
2073-10-24,0.01431
2073-10-25,0.01901
2073-10-26,0.00047000000000000004
2073-10-27,0.00047000000000000004
2073-10-28,0.00047999999999999996
2073-10-29,0.00047999999999999996
2073-10-30,0.00047999999999999996
2073-10-31,0.00047999999999999996
2073-11-01,0.00047999999999999996
2073-11-02,0.00047999999999999996
2073-11-03,0.00047999999999999996
2073-11-04,0.00047999999999999996
2073-11-05,0.00047999999999999996
2073-11-06,0.00047999999999999996
2073-11-07,0.00047999999999999996
2073-11-08,0.00047999999999999996
2073-11-09,0.00047999999999999996
2073-11-10,0.00053
2073-11-11,0.00047999999999999996
2073-11-12,0.00047999999999999996
2073-11-13,0.02536
2073-11-14,0.02437
2073-11-15,0.0005
2073-11-16,0.00108
2073-11-17,0.05293
2073-11-18,0.12796
2073-11-19,0.11772
2073-11-20,0.02735
2073-11-21,0.04382
2073-11-22,0.11886
2073-11-23,0.03745
2073-11-24,0.00103
2073-11-25,0.00105
2073-11-26,0.00106
2073-11-27,0.00107
2073-11-28,0.00107
2073-11-29,0.04292
2073-11-30,0.19011
2073-12-01,0.40399
2073-12-02,0.35961
2073-12-03,0.42025
2073-12-04,0.21265
2073-12-05,0.10475999999999999
2073-12-06,0.10644
2073-12-07,0.10413
2073-12-08,0.10386
2073-12-09,0.10098
2073-12-10,0.09953
2073-12-11,0.11757999999999999
2073-12-12,0.11787
2073-12-13,0.12557000000000001
2073-12-14,0.14447000000000002
2073-12-15,0.14794000000000002
2073-12-16,0.15924000000000002
2073-12-17,0.15512
2073-12-18,0.13221
2073-12-19,0.44196
2073-12-20,2.07479
2073-12-21,1.04663
2073-12-22,0.34339000000000003
2073-12-23,0.14861
2073-12-24,0.62159
2073-12-25,0.76639
2073-12-26,0.13477
2073-12-27,0.12435999999999998
2073-12-28,0.12344000000000001
2073-12-29,0.12343
2073-12-30,0.12343
2073-12-31,0.12229000000000001
2074-01-01,0.11899000000000001
2074-01-02,0.20355
2074-01-03,0.77646
2074-01-04,0.56366
2074-01-05,0.4368
2074-01-06,0.13665
2074-01-07,0.13109
2074-01-08,0.12343
2074-01-09,0.16774
2074-01-10,0.6092
2074-01-11,0.70295
2074-01-12,0.12343
2074-01-13,0.12343
2074-01-14,0.12343
2074-01-15,0.12343
2074-01-16,0.12324
2074-01-17,0.13332
2074-01-18,0.12426
2074-01-19,0.10658
2074-01-20,0.09963
2074-01-21,0.09136
2074-01-22,0.08298
2074-01-23,0.07514
2074-01-24,0.06802000000000001
2074-01-25,0.06162
2074-01-26,0.05587999999999999
2074-01-27,0.05067
2074-01-28,0.04609
2074-01-29,0.04195
2074-01-30,0.037989999999999996
2074-01-31,0.03936
2074-02-01,0.03439
2074-02-02,0.030239999999999996
2074-02-03,0.02804
2074-02-04,0.025730000000000003
2074-02-05,0.02359
2074-02-06,0.02465
2074-02-07,0.02028
2074-02-08,0.02556
2074-02-09,0.03385
2074-02-10,0.02304
2074-02-11,0.01886
2074-02-12,0.0189
2074-02-13,0.01866
2074-02-14,0.018119999999999997
2074-02-15,0.02546
2074-02-16,0.01842
2074-02-17,0.01729
2074-02-18,0.01703
2074-02-19,0.0172
2074-02-20,0.01596
2074-02-21,0.015090000000000001
2074-02-22,0.01408
2074-02-23,0.01315
2074-02-24,0.01222
2074-02-25,0.01182
2074-02-26,0.0107
2074-02-27,0.00997
2074-02-28,0.00919
2074-03-01,0.0084
2074-03-02,0.007679999999999999
2074-03-03,0.0071
2074-03-04,0.052129999999999996
2074-03-05,0.03456
2074-03-06,0.026889999999999997
2074-03-07,0.05151
2074-03-08,0.03368
2074-03-09,0.031239999999999997
2074-03-10,0.053610000000000005
2074-03-11,0.0353
2074-03-12,0.03657
2074-03-13,0.0436
2074-03-14,0.037000000000000005
2074-03-15,0.03489
2074-03-16,0.03312
2074-03-17,0.03084
2074-03-18,0.028239999999999998
2074-03-19,0.02544
2074-03-20,0.022609999999999998
2074-03-21,0.02023
2074-03-22,0.01803
2074-03-23,0.015880000000000002
2074-03-24,0.013880000000000002
2074-03-25,0.0121
2074-03-26,0.01051
2074-03-27,0.009179999999999999
2074-03-28,0.007859999999999999
2074-03-29,0.0066
2074-03-30,0.00557
2074-03-31,0.00465
2074-04-01,0.004220000000000001
2074-04-02,0.0035
2074-04-03,0.00309
2074-04-04,0.00264
2074-04-05,0.02519
2074-04-06,0.00213
2074-04-07,0.0018899999999999998
2074-04-08,0.00243
2074-04-09,0.018340000000000002
2074-04-10,0.02112
2074-04-11,0.02087
2074-04-12,0.03185
2074-04-13,0.09297000000000001
2074-04-14,0.11542999999999999
2074-04-15,0.08188
2074-04-16,0.059489999999999994
2074-04-17,0.0624
2074-04-18,0.059410000000000004
2074-04-19,0.055189999999999996
2074-04-20,0.05036
2074-04-21,0.04568
2074-04-22,0.04082
2074-04-23,0.04311
2074-04-24,0.033089999999999994
2074-04-25,0.0301
2074-04-26,0.02617
2074-04-27,0.02301
2074-04-28,0.01965
2074-04-29,0.01669
2074-04-30,0.01395
2074-05-01,0.01135
2074-05-02,0.009170000000000001
2074-05-03,0.00746
2074-05-04,0.0059700000000000005
2074-05-05,0.0047799999999999995
2074-05-06,0.0038200000000000005
2074-05-07,0.00305
2074-05-08,0.00645
2074-05-09,0.0043100000000000005
2074-05-10,0.006370000000000001
2074-05-11,0.0022
2074-05-12,0.0019199999999999998
2074-05-13,0.00164
2074-05-14,0.00143
2074-05-15,0.0012900000000000001
2074-05-16,0.00199
2074-05-17,0.00122
2074-05-18,0.0012
2074-05-19,0.00119
2074-05-20,0.00117
2074-05-21,0.00281
2074-05-22,0.00115
2074-05-23,0.00411
2074-05-24,0.0019
2074-05-25,0.00231
2074-05-26,0.006509999999999999
2074-05-27,0.0017699999999999999
2074-05-28,0.00115
2074-05-29,0.00112
2074-05-30,0.0011099999999999999
2074-05-31,0.0011
2074-06-01,0.00108
2074-06-02,0.00107
2074-06-03,0.00105
2074-06-04,0.00103
2074-06-05,0.00101
2074-06-06,0.001
2074-06-07,0.00098
2074-06-08,0.0009599999999999999
2074-06-09,0.0009400000000000001
2074-06-10,0.0009199999999999999
2074-06-11,0.00091
2074-06-12,0.0008900000000000001
2074-06-13,0.0008699999999999999
2074-06-14,0.00085
2074-06-15,0.0008300000000000001
2074-06-16,0.00081
2074-06-17,0.00079
2074-06-18,0.0007700000000000001
2074-06-19,0.00075
2074-06-20,0.00073
2074-06-21,0.0007099999999999999
2074-06-22,0.0006900000000000001
2074-06-23,0.0006799999999999999
2074-06-24,0.00067
2074-06-25,0.00065
2074-06-26,0.00063
2074-06-27,0.00062
2074-06-28,0.00061
2074-06-29,0.00059
2074-06-30,0.00058
2074-07-01,0.00057
2074-07-02,0.00056
2074-07-03,0.00055
2074-07-04,0.00054
2074-07-05,0.00053
2074-07-06,0.0005200000000000001
2074-07-07,0.0005200000000000001
2074-07-08,0.0005099999999999999
2074-07-09,0.0005
2074-07-10,0.0005
2074-07-11,0.00049
2074-07-12,0.00049
2074-07-13,0.00049
2074-07-14,0.00049
2074-07-15,0.00047999999999999996
2074-07-16,0.00047999999999999996
2074-07-17,0.00047999999999999996
2074-07-18,0.00047999999999999996
2074-07-19,0.00047999999999999996
2074-07-20,0.00047999999999999996
2074-07-21,0.00047999999999999996
2074-07-22,0.00047999999999999996
2074-07-23,0.00047999999999999996
2074-07-24,0.00047999999999999996
2074-07-25,0.00047999999999999996
2074-07-26,0.00047999999999999996
2074-07-27,0.00047999999999999996
2074-07-28,0.00047999999999999996
2074-07-29,0.00047999999999999996
2074-07-30,0.00047999999999999996
2074-07-31,0.0019199999999999998
2074-08-01,0.0042
2074-08-02,0.01866
2074-08-03,0.00047999999999999996
2074-08-04,0.00047999999999999996
2074-08-05,0.00047999999999999996
2074-08-06,0.00047999999999999996
2074-08-07,0.00047999999999999996
2074-08-08,0.00047999999999999996
2074-08-09,0.00047999999999999996
2074-08-10,0.00047999999999999996
2074-08-11,0.00047999999999999996
2074-08-12,0.00047999999999999996
2074-08-13,0.00047999999999999996
2074-08-14,0.00047999999999999996
2074-08-15,0.00047999999999999996
2074-08-16,0.00047999999999999996
2074-08-17,0.00047999999999999996
2074-08-18,0.00047999999999999996
2074-08-19,0.00047999999999999996
2074-08-20,0.00047999999999999996
2074-08-21,0.00047999999999999996
2074-08-22,0.00047999999999999996
2074-08-23,0.00047999999999999996
2074-08-24,0.00047999999999999996
2074-08-25,0.00047999999999999996
2074-08-26,0.00047999999999999996
2074-08-27,0.00047999999999999996
2074-08-28,0.00047999999999999996
2074-08-29,0.00047999999999999996
2074-08-30,0.00067
2074-08-31,0.00047000000000000004
2074-09-01,0.00047000000000000004
2074-09-02,0.00275
2074-09-03,0.00047000000000000004
2074-09-04,0.00047000000000000004
2074-09-05,0.00047000000000000004
2074-09-06,0.00228
2074-09-07,0.00047000000000000004
2074-09-08,0.00047000000000000004
2074-09-09,0.00209
2074-09-10,0.00047000000000000004
2074-09-11,0.0016600000000000002
2074-09-12,0.00047000000000000004
2074-09-13,0.00047000000000000004
2074-09-14,0.00047000000000000004
2074-09-15,0.00081
2074-09-16,0.00162
2074-09-17,0.00047000000000000004
2074-09-18,0.00047000000000000004
2074-09-19,0.00047000000000000004
2074-09-20,0.00047000000000000004
2074-09-21,0.00047000000000000004
2074-09-22,0.00047000000000000004
2074-09-23,0.00047000000000000004
2074-09-24,0.00047000000000000004
2074-09-25,0.00047000000000000004
2074-09-26,0.00047000000000000004
2074-09-27,0.00047000000000000004
2074-09-28,0.00047000000000000004
2074-09-29,0.00047000000000000004
2074-09-30,0.00047000000000000004
2074-10-01,0.00047000000000000004
2074-10-02,0.00047000000000000004
2074-10-03,0.00047000000000000004
2074-10-04,0.00047000000000000004
2074-10-05,0.00047000000000000004
2074-10-06,0.00047000000000000004
2074-10-07,0.00047000000000000004
2074-10-08,0.00047000000000000004
2074-10-09,0.00047000000000000004
2074-10-10,0.00047000000000000004
2074-10-11,0.00047000000000000004
2074-10-12,0.00047000000000000004
2074-10-13,0.00047000000000000004
2074-10-14,0.00047000000000000004
2074-10-15,0.00047000000000000004
2074-10-16,0.00047000000000000004
2074-10-17,0.00047000000000000004
2074-10-18,0.00047000000000000004
2074-10-19,0.00047000000000000004
2074-10-20,0.00047000000000000004
2074-10-21,0.00047000000000000004
2074-10-22,0.00047000000000000004
2074-10-23,0.00047000000000000004
2074-10-24,0.00047000000000000004
2074-10-25,0.00047000000000000004
2074-10-26,0.00047000000000000004
2074-10-27,0.00047000000000000004
2074-10-28,0.00047000000000000004
2074-10-29,0.00047000000000000004
2074-10-30,0.00047000000000000004
2074-10-31,0.00047000000000000004
2074-11-01,0.00047000000000000004
2074-11-02,0.00047000000000000004
2074-11-03,0.00047000000000000004
2074-11-04,0.00047000000000000004
2074-11-05,0.00047000000000000004
2074-11-06,0.00532
2074-11-07,0.00793
2074-11-08,0.0005
2074-11-09,0.00047000000000000004
2074-11-10,0.00047000000000000004
2074-11-11,0.01121
2074-11-12,0.03347
2074-11-13,0.00047000000000000004
2074-11-14,0.00047000000000000004
2074-11-15,0.0005
2074-11-16,0.00047999999999999996
2074-11-17,0.00047999999999999996
2074-11-18,0.00049
2074-11-19,0.08202000000000001
2074-11-20,0.33858
2074-11-21,0.71825
2074-11-22,0.35366
2074-11-23,0.053489999999999996
2074-11-24,0.16047
2074-11-25,0.06054
2074-11-26,0.02231
2074-11-27,0.00161
2074-11-28,0.00119
2074-11-29,0.02
2074-11-30,0.02316
2074-12-01,0.06795
2074-12-02,0.50967
2074-12-03,0.12637
2074-12-04,0.06947
2074-12-05,0.0719
2074-12-06,0.11607999999999999
2074-12-07,0.09548
2074-12-08,0.11772
2074-12-09,0.12282
2074-12-10,0.14420999999999998
2074-12-11,0.16295
2074-12-12,0.40883
2074-12-13,0.57938
2074-12-14,0.60275
2074-12-15,0.22813000000000003
2074-12-16,0.13323
2074-12-17,0.12985
2074-12-18,0.12343
2074-12-19,0.12343
2074-12-20,0.12342
2074-12-21,0.12029000000000001
2074-12-22,0.11017
2074-12-23,0.099
2074-12-24,0.08899
2074-12-25,0.07992
2074-12-26,0.07203
2074-12-27,0.06884
2074-12-28,0.05956
2074-12-29,0.05435
2074-12-30,0.04974
2074-12-31,0.04646
2075-01-01,0.050480000000000004
2075-01-02,0.0726
2075-01-03,0.16236
2075-01-04,0.30032
2075-01-05,0.44647
2075-01-06,0.29691999999999996
2075-01-07,0.12343
2075-01-08,0.12343
2075-01-09,0.12343
2075-01-10,0.12339000000000001
2075-01-11,0.1225
2075-01-12,0.11512
2075-01-13,0.10397999999999999
2075-01-14,0.09337000000000001
2075-01-15,0.09381
2075-01-16,0.1054
2075-01-17,0.07854
2075-01-18,0.07601000000000001
2075-01-19,0.07237
2075-01-20,0.06752000000000001
2075-01-21,0.06229
2075-01-22,0.057139999999999996
2075-01-23,0.0523
2075-01-24,0.047889999999999995
2075-01-25,0.0439
2075-01-26,0.04249
2075-01-27,0.06322
2075-01-28,0.26245
2075-01-29,1.27646
2075-01-30,0.59305
2075-01-31,0.17684
2075-02-01,0.12347999999999999
2075-02-02,0.12343
2075-02-03,0.12340999999999999
2075-02-04,0.12317
2075-02-05,0.13583
2075-02-06,0.12630999999999998
2075-02-07,0.11846
2075-02-08,0.10828
2075-02-09,0.13077
2075-02-10,0.10054
2075-02-11,0.10227
2075-02-12,0.23079000000000002
2075-02-13,0.24724000000000002
2075-02-14,0.16441
2075-02-15,0.34764
2075-02-16,0.15192
2075-02-17,0.12343
2075-02-18,0.12575
2075-02-19,0.14692
2075-02-20,0.12834
2075-02-21,0.12290999999999999
2075-02-22,0.12143
2075-02-23,0.11373
2075-02-24,0.10364000000000001
2075-02-25,0.09345
2075-02-26,0.08417999999999999
2075-02-27,0.07528
2075-02-28,0.06713999999999999
2075-03-01,0.08559
2075-03-02,0.07281
2075-03-03,0.0575
2075-03-04,0.07025
2075-03-05,0.09719
2075-03-06,0.07118
2075-03-07,0.0704
2075-03-08,0.06767999999999999
2075-03-09,0.0628
2075-03-10,0.058089999999999996
2075-03-11,0.05276
2075-03-12,0.04815
2075-03-13,0.04415
2075-03-14,0.040260000000000004
2075-03-15,0.0365
2075-03-16,0.03279
2075-03-17,0.02924
2075-03-18,0.02613
2075-03-19,0.02335
2075-03-20,0.02071
2075-03-21,0.018369999999999997
2075-03-22,0.016380000000000002
2075-03-23,0.01444
2075-03-24,0.0127
2075-03-25,0.01127
2075-03-26,0.03757
2075-03-27,0.017
2075-03-28,0.0102
2075-03-29,0.0451
2075-03-30,0.0388
2075-03-31,0.02047
2075-04-01,0.027489999999999997
2075-04-02,0.053239999999999996
2075-04-03,0.02891
2075-04-04,0.053029999999999994
2075-04-05,0.033819999999999996
2075-04-06,0.033760000000000005
2075-04-07,0.03191
2075-04-08,0.029639999999999996
2075-04-09,0.02731
2075-04-10,0.024980000000000002
2075-04-11,0.02286
2075-04-12,0.02102
2075-04-13,0.01902
2075-04-14,0.016909999999999998
2075-04-15,0.01505
2075-04-16,0.02528
2075-04-17,0.013430000000000001
2075-04-18,0.012329999999999999
2075-04-19,0.0111
2075-04-20,0.03476
2075-04-21,0.013730000000000001
2075-04-22,0.01188
2075-04-23,0.01234
2075-04-24,0.02255
2075-04-25,0.01289
2075-04-26,0.013280000000000002
2075-04-27,0.01409
2075-04-28,0.01294
2075-04-29,0.01199
2075-04-30,0.01087
2075-05-01,0.00962
2075-05-02,0.01851
2075-05-03,0.007490000000000001
2075-05-04,0.0066099999999999996
2075-05-05,0.00569
2075-05-06,0.015119999999999998
2075-05-07,0.00939
2075-05-08,0.005520000000000001
2075-05-09,0.00761
2075-05-10,0.00457
2075-05-11,0.00389
2075-05-12,0.00317
2075-05-13,0.00251
2075-05-14,0.00476
2075-05-15,0.00165
2075-05-16,0.00145
2075-05-17,0.0012900000000000001
2075-05-18,0.00554
2075-05-19,0.00122
2075-05-20,0.00121
2075-05-21,0.0012
2075-05-22,0.00119
2075-05-23,0.00542
2075-05-24,0.00827
2075-05-25,0.00118
2075-05-26,0.00117
2075-05-27,0.00116
2075-05-28,0.00115
2075-05-29,0.00114
2075-05-30,0.0011300000000000001
2075-05-31,0.00112
2075-06-01,0.00162
2075-06-02,0.0011099999999999999
2075-06-03,0.0011
2075-06-04,0.00109
2075-06-05,0.00108
2075-06-06,0.00106
2075-06-07,0.00105
2075-06-08,0.0010400000000000001
2075-06-09,0.0010199999999999999
2075-06-10,0.00101
2075-06-11,0.00099
2075-06-12,0.00098
2075-06-13,0.0009699999999999999
2075-06-14,0.0009599999999999999
2075-06-15,0.00451
2075-06-16,0.0009400000000000001
2075-06-17,0.00093
2075-06-18,0.0009199999999999999
2075-06-19,0.0009
2075-06-20,0.0008900000000000001
2075-06-21,0.0008699999999999999
2075-06-22,0.00086
2075-06-23,0.00084
2075-06-24,0.00082
2075-06-25,0.0008
2075-06-26,0.00079
2075-06-27,0.0007700000000000001
2075-06-28,0.0007599999999999999
2075-06-29,0.00074
2075-06-30,0.00072
2075-07-01,0.0007099999999999999
2075-07-02,0.0006900000000000001
2075-07-03,0.0006799999999999999
2075-07-04,0.00066
2075-07-05,0.00064
2075-07-06,0.00063
2075-07-07,0.00062
2075-07-08,0.00061
2075-07-09,0.00314
2075-07-10,0.00059
2075-07-11,0.00058
2075-07-12,0.00057
2075-07-13,0.00056
2075-07-14,0.00055
2075-07-15,0.00054
2075-07-16,0.00053
2075-07-17,0.0005200000000000001
2075-07-18,0.0005200000000000001
2075-07-19,0.0005099999999999999
2075-07-20,0.0005099999999999999
2075-07-21,0.0005
2075-07-22,0.0005
2075-07-23,0.00049
2075-07-24,0.00049
2075-07-25,0.00049
2075-07-26,0.00049
2075-07-27,0.00047999999999999996
2075-07-28,0.00047999999999999996
2075-07-29,0.00047999999999999996
2075-07-30,0.00047999999999999996
2075-07-31,0.00047999999999999996
2075-08-01,0.00047999999999999996
2075-08-02,0.00047999999999999996
2075-08-03,0.00047999999999999996
2075-08-04,0.00047999999999999996
2075-08-05,0.00047999999999999996
2075-08-06,0.00047999999999999996
2075-08-07,0.00047999999999999996
2075-08-08,0.00047999999999999996
2075-08-09,0.00047999999999999996
2075-08-10,0.00047999999999999996
2075-08-11,0.00047999999999999996
2075-08-12,0.00047999999999999996
2075-08-13,0.00047999999999999996
2075-08-14,0.00047999999999999996
2075-08-15,0.00047999999999999996
2075-08-16,0.00047999999999999996
2075-08-17,0.00047999999999999996
2075-08-18,0.00047999999999999996
2075-08-19,0.00047999999999999996
2075-08-20,0.00047999999999999996
2075-08-21,0.00047999999999999996
2075-08-22,0.00047999999999999996
2075-08-23,0.00047999999999999996
2075-08-24,0.00047999999999999996
2075-08-25,0.00047999999999999996
2075-08-26,0.00047999999999999996
2075-08-27,0.00047999999999999996
2075-08-28,0.00047999999999999996
2075-08-29,0.00047999999999999996
2075-08-30,0.00047999999999999996
2075-08-31,0.00047999999999999996
2075-09-01,0.00047999999999999996
2075-09-02,0.00047999999999999996
2075-09-03,0.00047999999999999996
2075-09-04,0.00047999999999999996
2075-09-05,0.00047999999999999996
2075-09-06,0.00047999999999999996
2075-09-07,0.00047999999999999996
2075-09-08,0.00047999999999999996
2075-09-09,0.00047000000000000004
2075-09-10,0.0005200000000000001
2075-09-11,0.00047000000000000004
2075-09-12,0.00047000000000000004
2075-09-13,0.00047000000000000004
2075-09-14,0.00047000000000000004
2075-09-15,0.00047000000000000004
2075-09-16,0.00047000000000000004
2075-09-17,0.00047000000000000004
2075-09-18,0.00047000000000000004
2075-09-19,0.00047000000000000004
2075-09-20,0.00047000000000000004
2075-09-21,0.00047000000000000004
2075-09-22,0.00047000000000000004
2075-09-23,0.00047000000000000004
2075-09-24,0.00047000000000000004
2075-09-25,0.00047000000000000004
2075-09-26,0.00047000000000000004
2075-09-27,0.00047000000000000004
2075-09-28,0.00047000000000000004
2075-09-29,0.00047000000000000004
2075-09-30,0.00047000000000000004
2075-10-01,0.00047000000000000004
2075-10-02,0.00047000000000000004
2075-10-03,0.00047000000000000004
2075-10-04,0.00047000000000000004
2075-10-05,0.00047000000000000004
2075-10-06,0.00047000000000000004
2075-10-07,0.00047000000000000004
2075-10-08,0.00047000000000000004
2075-10-09,0.00047000000000000004
2075-10-10,0.00047000000000000004
2075-10-11,0.00047000000000000004
2075-10-12,0.00047000000000000004
2075-10-13,0.00047000000000000004
2075-10-14,0.00047000000000000004
2075-10-15,0.00047000000000000004
2075-10-16,0.00047000000000000004
2075-10-17,0.00047000000000000004
2075-10-18,0.00047000000000000004
2075-10-19,0.00047000000000000004
2075-10-20,0.00047000000000000004
2075-10-21,0.00047000000000000004
2075-10-22,0.00047000000000000004
2075-10-23,0.00047000000000000004
2075-10-24,0.00047000000000000004
2075-10-25,0.00047000000000000004
2075-10-26,0.00047000000000000004
2075-10-27,0.00047000000000000004
2075-10-28,0.00047000000000000004
2075-10-29,0.00047000000000000004
2075-10-30,0.00047000000000000004
2075-10-31,0.00047000000000000004
2075-11-01,0.00047000000000000004
2075-11-02,0.00047000000000000004
2075-11-03,0.00047000000000000004
2075-11-04,0.00047000000000000004
2075-11-05,0.00047000000000000004
2075-11-06,0.00047000000000000004
2075-11-07,0.00047000000000000004
2075-11-08,0.00047000000000000004
2075-11-09,0.00047000000000000004
2075-11-10,0.00047000000000000004
2075-11-11,0.00047000000000000004
2075-11-12,0.00047000000000000004
2075-11-13,0.00047000000000000004
2075-11-14,0.00047000000000000004
2075-11-15,0.02719
2075-11-16,0.10181
2075-11-17,0.051410000000000004
2075-11-18,0.051089999999999997
2075-11-19,0.00783
2075-11-20,0.0053
2075-11-21,0.00483
2075-11-22,0.0007099999999999999
2075-11-23,0.00072
2075-11-24,0.02546
2075-11-25,0.02252
2075-11-26,0.0007599999999999999
2075-11-27,0.00078
2075-11-28,0.00079
2075-11-29,0.0008
2075-11-30,0.0008
2075-12-01,0.0008
2075-12-02,0.0008
2075-12-03,0.0008
2075-12-04,0.0008
2075-12-05,0.0008
2075-12-06,0.0008
2075-12-07,0.0008
2075-12-08,0.0008
2075-12-09,0.0008
2075-12-10,0.00079
2075-12-11,0.00079
2075-12-12,0.00079
2075-12-13,0.00078
2075-12-14,0.00078
2075-12-15,0.00078
2075-12-16,0.0007700000000000001
2075-12-17,0.0007700000000000001
2075-12-18,0.0007700000000000001
2075-12-19,0.0007599999999999999
2075-12-20,0.0007599999999999999
2075-12-21,0.0007599999999999999
2075-12-22,0.00075
2075-12-23,0.00318
2075-12-24,0.01138
2075-12-25,0.014280000000000001
2075-12-26,0.03998
2075-12-27,0.11660999999999999
2075-12-28,0.08222
2075-12-29,0.00117
2075-12-30,0.00099
2075-12-31,0.001
2076-01-01,0.00101
2076-01-02,0.0025399999999999997
2076-01-03,0.0010199999999999999
2076-01-04,0.03569
2076-01-05,0.21688000000000002
2076-01-06,0.42133000000000004
2076-01-07,0.20501999999999998
2076-01-08,0.40702
2076-01-09,0.20464000000000002
2076-01-10,0.08669
2076-01-11,0.09011
2076-01-12,0.08492999999999999
2076-01-13,0.07807
2076-01-14,0.07156
2076-01-15,0.06554
2076-01-16,0.06214
2076-01-17,0.06301
2076-01-18,0.0542
2076-01-19,0.04881
2076-01-20,0.04559
2076-01-21,0.057999999999999996
2076-01-22,0.1327
2076-01-23,0.08943999999999999
2076-01-24,0.07774
2076-01-25,0.07742
2076-01-26,0.07551000000000001
2076-01-27,0.07552
2076-01-28,0.08800000000000001
2076-01-29,0.14221
2076-01-30,0.16757
2076-01-31,0.11709000000000001
2076-02-01,0.11723
2076-02-02,0.11642000000000001
2076-02-03,0.10228999999999999
2076-02-04,0.0939
2076-02-05,0.08556
2076-02-06,0.07737999999999999
2076-02-07,0.06981
2076-02-08,0.06573
2076-02-09,0.1063
2076-02-10,0.14743
2076-02-11,0.09214
2076-02-12,0.09407
2076-02-13,0.08828
2076-02-14,0.0813
2076-02-15,0.07396
2076-02-16,0.06681000000000001
2076-02-17,0.06015
2076-02-18,0.05413
2076-02-19,0.05666
2076-02-20,0.04477
2076-02-21,0.04096
2076-02-22,0.037360000000000004
2076-02-23,0.03411
2076-02-24,0.03117
2076-02-25,0.028419999999999997
2076-02-26,0.02584
2076-02-27,0.023459999999999998
2076-02-28,0.02121
2076-02-29,0.019030000000000002
2076-03-01,0.0169
2076-03-02,0.01496
2076-03-03,0.01339
2076-03-04,0.01187
2076-03-05,0.01035
2076-03-06,0.00913
2076-03-07,0.00834
2076-03-08,0.007640000000000001
2076-03-09,0.00705
2076-03-10,0.007540000000000001
2076-03-11,0.00609
2076-03-12,0.00561
2076-03-13,0.0051
2076-03-14,0.00456
2076-03-15,0.004070000000000001
2076-03-16,0.0036799999999999997
2076-03-17,0.00339
2076-03-18,0.00344
2076-03-19,0.004379999999999999
2076-03-20,0.00374
2076-03-21,0.00288
2076-03-22,0.00297
2076-03-23,0.00255
2076-03-24,0.00232
2076-03-25,0.00207
2076-03-26,0.00183
2076-03-27,0.0016300000000000002
2076-03-28,0.00146
2076-03-29,0.00295
2076-03-30,0.00128
2076-03-31,0.00124
2076-04-01,0.00121
2076-04-02,0.0012
2076-04-03,0.00248
2076-04-04,0.00119
2076-04-05,0.0015300000000000001
2076-04-06,0.009170000000000001
2076-04-07,0.00118
2076-04-08,0.00118
2076-04-09,0.00117
2076-04-10,0.00117
2076-04-11,0.00116
2076-04-12,0.00115
2076-04-13,0.00114
2076-04-14,0.0011300000000000001
2076-04-15,0.00117
2076-04-16,0.0011
2076-04-17,0.00109
2076-04-18,0.00108
2076-04-19,0.00147
2076-04-20,0.00105
2076-04-21,0.0010400000000000001
2076-04-22,0.0010400000000000001
2076-04-23,0.00103
2076-04-24,0.00101
2076-04-25,0.001
2076-04-26,0.00099
2076-04-27,0.00285
2076-04-28,0.00139
2076-04-29,0.0012699999999999999
2076-04-30,0.00112
2076-05-01,0.00323
2076-05-02,0.00472
2076-05-03,0.0070799999999999995
2076-05-04,0.0009699999999999999
2076-05-05,0.0009599999999999999
2076-05-06,0.00095
2076-05-07,0.0009400000000000001
2076-05-08,0.00093
2076-05-09,0.0009199999999999999
2076-05-10,0.00091
2076-05-11,0.0008900000000000001
2076-05-12,0.00088
2076-05-13,0.00086
2076-05-14,0.00085
2076-05-15,0.0008300000000000001
2076-05-16,0.00081
2076-05-17,0.0008
2076-05-18,0.00078
2076-05-19,0.0007599999999999999
2076-05-20,0.00074
2076-05-21,0.00073
2076-05-22,0.0007099999999999999
2076-05-23,0.0006900000000000001
2076-05-24,0.0006799999999999999
2076-05-25,0.00066
2076-05-26,0.00064
2076-05-27,0.00063
2076-05-28,0.00062
2076-05-29,0.0006
2076-05-30,0.00059
2076-05-31,0.00058
2076-06-01,0.00057
2076-06-02,0.00056
2076-06-03,0.00055
2076-06-04,0.00054
2076-06-05,0.00053
2076-06-06,0.00053
2076-06-07,0.0005200000000000001
2076-06-08,0.0005099999999999999
2076-06-09,0.0005099999999999999
2076-06-10,0.0005
2076-06-11,0.0005
2076-06-12,0.00049
2076-06-13,0.00049
2076-06-14,0.00049
2076-06-15,0.00049
2076-06-16,0.00049
2076-06-17,0.00047999999999999996
2076-06-18,0.00047999999999999996
2076-06-19,0.00047999999999999996
2076-06-20,0.00047999999999999996
2076-06-21,0.00047999999999999996
2076-06-22,0.00047999999999999996
2076-06-23,0.00047999999999999996
2076-06-24,0.00047999999999999996
2076-06-25,0.00047999999999999996
2076-06-26,0.00047999999999999996
2076-06-27,0.00047999999999999996
2076-06-28,0.00047999999999999996
2076-06-29,0.00047999999999999996
2076-06-30,0.00047999999999999996
2076-07-01,0.00047999999999999996
2076-07-02,0.00047999999999999996
2076-07-03,0.00047999999999999996
2076-07-04,0.00047999999999999996
2076-07-05,0.00047999999999999996
2076-07-06,0.00047999999999999996
2076-07-07,0.00047999999999999996
2076-07-08,0.00047999999999999996
2076-07-09,0.00047999999999999996
2076-07-10,0.00047999999999999996
2076-07-11,0.00047999999999999996
2076-07-12,0.00047999999999999996
2076-07-13,0.00047999999999999996
2076-07-14,0.00047999999999999996
2076-07-15,0.00047999999999999996
2076-07-16,0.00047999999999999996
2076-07-17,0.00047999999999999996
2076-07-18,0.00047999999999999996
2076-07-19,0.00047999999999999996
2076-07-20,0.00047999999999999996
2076-07-21,0.00047999999999999996
2076-07-22,0.00047999999999999996
2076-07-23,0.00047999999999999996
2076-07-24,0.00047999999999999996
2076-07-25,0.00047999999999999996
2076-07-26,0.00047999999999999996
2076-07-27,0.00047999999999999996
2076-07-28,0.00047999999999999996
2076-07-29,0.00047999999999999996
2076-07-30,0.00047999999999999996
2076-07-31,0.00047000000000000004
2076-08-01,0.00047000000000000004
2076-08-02,0.00047000000000000004
2076-08-03,0.00047000000000000004
2076-08-04,0.00047000000000000004
2076-08-05,0.00047000000000000004
2076-08-06,0.00047000000000000004
2076-08-07,0.00047000000000000004
2076-08-08,0.00047000000000000004
2076-08-09,0.00047000000000000004
2076-08-10,0.00047000000000000004
2076-08-11,0.00047000000000000004
2076-08-12,0.00047000000000000004
2076-08-13,0.00047000000000000004
2076-08-14,0.00047000000000000004
2076-08-15,0.00047000000000000004
2076-08-16,0.00047000000000000004
2076-08-17,0.00047000000000000004
2076-08-18,0.00047000000000000004
2076-08-19,0.00047000000000000004
2076-08-20,0.00047000000000000004
2076-08-21,0.00047000000000000004
2076-08-22,0.00047000000000000004
2076-08-23,0.00047000000000000004
2076-08-24,0.00047000000000000004
2076-08-25,0.00047000000000000004
2076-08-26,0.00047000000000000004
2076-08-27,0.00047000000000000004
2076-08-28,0.00047000000000000004
2076-08-29,0.00047000000000000004
2076-08-30,0.00047000000000000004
2076-08-31,0.00086
2076-09-01,0.0005200000000000001
2076-09-02,0.00183
2076-09-03,0.00047000000000000004
2076-09-04,0.00206
2076-09-05,0.00047000000000000004
2076-09-06,0.00047000000000000004
2076-09-07,0.00047000000000000004
2076-09-08,0.00047000000000000004
2076-09-09,0.00047000000000000004
2076-09-10,0.00047999999999999996
2076-09-11,0.00047000000000000004
2076-09-12,0.00047000000000000004
2076-09-13,0.00047000000000000004
2076-09-14,0.00047000000000000004
2076-09-15,0.00155
2076-09-16,0.0303
2076-09-17,0.00047000000000000004
2076-09-18,0.00047000000000000004
2076-09-19,0.00047000000000000004
2076-09-20,0.00047000000000000004
2076-09-21,0.00047000000000000004
2076-09-22,0.00047000000000000004
2076-09-23,0.00047000000000000004
2076-09-24,0.00047000000000000004
2076-09-25,0.00047000000000000004
2076-09-26,0.00047000000000000004
2076-09-27,0.00047000000000000004
2076-09-28,0.00047000000000000004
2076-09-29,0.00047000000000000004
2076-09-30,0.00047000000000000004
2076-10-01,0.00047000000000000004
2076-10-02,0.00047000000000000004
2076-10-03,0.00047000000000000004
2076-10-04,0.00047000000000000004
2076-10-05,0.00047000000000000004
2076-10-06,0.00047000000000000004
2076-10-07,0.00047000000000000004
2076-10-08,0.00047000000000000004
2076-10-09,0.00047000000000000004
2076-10-10,0.00047000000000000004
2076-10-11,0.00047000000000000004
2076-10-12,0.00047000000000000004
2076-10-13,0.00047000000000000004
2076-10-14,0.00606
2076-10-15,0.00047000000000000004
2076-10-16,0.0133
2076-10-17,0.01403
2076-10-18,0.00047000000000000004
2076-10-19,0.00047000000000000004
2076-10-20,0.00047000000000000004
2076-10-21,0.00047000000000000004
2076-10-22,0.00047000000000000004
2076-10-23,0.00047000000000000004
2076-10-24,0.00047000000000000004
2076-10-25,0.00047000000000000004
2076-10-26,0.00047000000000000004
2076-10-27,0.00047000000000000004
2076-10-28,0.00047000000000000004
2076-10-29,0.00047000000000000004
2076-10-30,0.00047000000000000004
2076-10-31,0.00047000000000000004
2076-11-01,0.00047000000000000004
2076-11-02,0.00047000000000000004
2076-11-03,0.00047000000000000004
2076-11-04,0.00556
2076-11-05,0.013569999999999999
2076-11-06,0.02816
2076-11-07,0.01961
2076-11-08,0.0005
2076-11-09,0.00313
2076-11-10,0.00058
2076-11-11,0.00054
2076-11-12,0.00133
2076-11-13,0.0069099999999999995
2076-11-14,0.00055
2076-11-15,0.00055
2076-11-16,0.00055
2076-11-17,0.00055
2076-11-18,0.00055
2076-11-19,0.00055
2076-11-20,0.00055
2076-11-21,0.00055
2076-11-22,0.00055
2076-11-23,0.00577
2076-11-24,0.00055
2076-11-25,0.00055
2076-11-26,0.00055
2076-11-27,0.00055
2076-11-28,0.00055
2076-11-29,0.00055
2076-11-30,0.00055
2076-12-01,0.013309999999999999
2076-12-02,0.00055
2076-12-03,0.00055
2076-12-04,0.00055
2076-12-05,0.00055
2076-12-06,0.00055
2076-12-07,0.00055
2076-12-08,0.00055
2076-12-09,0.00055
2076-12-10,0.00055
2076-12-11,0.00055
2076-12-12,0.00055
2076-12-13,0.00055
2076-12-14,0.00055
2076-12-15,0.00074
2076-12-16,0.00054
2076-12-17,0.00054
2076-12-18,0.00054
2076-12-19,0.00054
2076-12-20,0.00054
2076-12-21,0.00054
2076-12-22,0.00054
2076-12-23,0.00054
2076-12-24,0.00054
2076-12-25,0.0232
2076-12-26,0.07134
2076-12-27,0.08982000000000001
2076-12-28,0.02787
2076-12-29,0.00072
2076-12-30,0.00074
2076-12-31,0.00075
2077-01-01,0.07422000000000001
2077-01-02,0.04535
2077-01-03,0.0008699999999999999
2077-01-04,0.0009
2077-01-05,0.00091
2077-01-06,0.00091
2077-01-07,0.0009199999999999999
2077-01-08,0.0009199999999999999
2077-01-09,0.00255
2077-01-10,0.0009199999999999999
2077-01-11,0.0009199999999999999
2077-01-12,0.0009199999999999999
2077-01-13,0.0009199999999999999
2077-01-14,0.0009199999999999999
2077-01-15,0.00439
2077-01-16,0.00093
2077-01-17,0.00093
2077-01-18,0.00093
2077-01-19,0.0009199999999999999
2077-01-20,0.0009199999999999999
2077-01-21,0.0099
2077-01-22,0.00518
2077-01-23,0.02033
2077-01-24,0.04203
2077-01-25,0.30143000000000003
2077-01-26,0.42136999999999997
2077-01-27,0.03335
2077-01-28,0.00262
2077-01-29,0.023280000000000002
2077-01-30,0.013930000000000001
2077-01-31,0.0071200000000000005
2077-02-01,0.00815
2077-02-02,0.00867
2077-02-03,0.008870000000000001
2077-02-04,0.013980000000000001
2077-02-05,0.028030000000000003
2077-02-06,0.027639999999999998
2077-02-07,0.10869000000000001
2077-02-08,0.23775
2077-02-09,0.15245999999999998
2077-02-10,0.11665
2077-02-11,0.17770999999999998
2077-02-12,0.14199
2077-02-13,0.12018
2077-02-14,0.11812
2077-02-15,0.11177000000000001
2077-02-16,0.10207000000000001
2077-02-17,0.0913
2077-02-18,0.08206000000000001
2077-02-19,0.07302
2077-02-20,0.06538
2077-02-21,0.05886
2077-02-22,0.07587999999999999
2077-02-23,0.10172
2077-02-24,0.0991
2077-02-25,0.08864
2077-02-26,0.08572
2077-02-27,0.08404
2077-02-28,0.09018
2077-03-01,0.15836
2077-03-02,0.51572
2077-03-03,0.33424
2077-03-04,0.12343
2077-03-05,0.12343
2077-03-06,0.13309
2077-03-07,0.12297000000000001
2077-03-08,0.12182
2077-03-09,0.1145
2077-03-10,0.10309000000000001
2077-03-11,0.09134
2077-03-12,0.08042
2077-03-13,0.07092000000000001
2077-03-14,0.07409
2077-03-15,0.08645
2077-03-16,0.07097
2077-03-17,0.0617
2077-03-18,0.060570000000000006
2077-03-19,0.05634
2077-03-20,0.052079999999999994
2077-03-21,0.04736
2077-03-22,0.04308
2077-03-23,0.039060000000000004
2077-03-24,0.0353
2077-03-25,0.03184
2077-03-26,0.030719999999999997
2077-03-27,0.02623
2077-03-28,0.023969999999999998
2077-03-29,0.02216
2077-03-30,0.02025
2077-03-31,0.0182
2077-04-01,0.01746
2077-04-02,0.01987
2077-04-03,0.014730000000000002
2077-04-04,0.01323
2077-04-05,0.011609999999999999
2077-04-06,0.009859999999999999
2077-04-07,0.00822
2077-04-08,0.00853
2077-04-09,0.00584
2077-04-10,0.00512
2077-04-11,0.00457
2077-04-12,0.0041600000000000005
2077-04-13,0.0036200000000000004
2077-04-14,0.007359999999999999
2077-04-15,0.00278
2077-04-16,0.00315
2077-04-17,0.0020399999999999997
2077-04-18,0.00176
2077-04-19,0.00146
2077-04-20,0.0012699999999999999
2077-04-21,0.00122
2077-04-22,0.00121
2077-04-23,0.00143
2077-04-24,0.02628
2077-04-25,0.01069
2077-04-26,0.0012
2077-04-27,0.0012
2077-04-28,0.00119
2077-04-29,0.00119
2077-04-30,0.00119
2077-05-01,0.00118
2077-05-02,0.00118
2077-05-03,0.00117
2077-05-04,0.00116
2077-05-05,0.01567
2077-05-06,0.01236
2077-05-07,0.00157
2077-05-08,0.0012
2077-05-09,0.00116
2077-05-10,0.00116
2077-05-11,0.00115
2077-05-12,0.00114
2077-05-13,0.0011300000000000001
2077-05-14,0.00112
2077-05-15,0.0011099999999999999
2077-05-16,0.0011
2077-05-17,0.00109
2077-05-18,0.00109
2077-05-19,0.00108
2077-05-20,0.00107
2077-05-21,0.00106
2077-05-22,0.00105
2077-05-23,0.0010400000000000001
2077-05-24,0.0010199999999999999
2077-05-25,0.001
2077-05-26,0.00099
2077-05-27,0.0009699999999999999
2077-05-28,0.0009599999999999999
2077-05-29,0.0009400000000000001
2077-05-30,0.00093
2077-05-31,0.0009199999999999999
2077-06-01,0.0009
2077-06-02,0.0008900000000000001
2077-06-03,0.00088
2077-06-04,0.00086
2077-06-05,0.00085
2077-06-06,0.0008300000000000001
2077-06-07,0.00082
2077-06-08,0.0008
2077-06-09,0.00079
2077-06-10,0.0007700000000000001
2077-06-11,0.00075
2077-06-12,0.00073
2077-06-13,0.0007099999999999999
2077-06-14,0.0007
2077-06-15,0.0006799999999999999
2077-06-16,0.00066
2077-06-17,0.00065
2077-06-18,0.00063
2077-06-19,0.00062
2077-06-20,0.0006
2077-06-21,0.00059
2077-06-22,0.00058
2077-06-23,0.00057
2077-06-24,0.00056
2077-06-25,0.00055
2077-06-26,0.00054
2077-06-27,0.00053
2077-06-28,0.0005200000000000001
2077-06-29,0.0005099999999999999
2077-06-30,0.0005099999999999999
2077-07-01,0.0005
2077-07-02,0.0005
2077-07-03,0.00049
2077-07-04,0.00049
2077-07-05,0.00049
2077-07-06,0.00049
2077-07-07,0.00047999999999999996
2077-07-08,0.00047999999999999996
2077-07-09,0.00047999999999999996
2077-07-10,0.00047999999999999996
2077-07-11,0.00047999999999999996
2077-07-12,0.00047999999999999996
2077-07-13,0.00047999999999999996
2077-07-14,0.00047999999999999996
2077-07-15,0.00047999999999999996
2077-07-16,0.00047999999999999996
2077-07-17,0.00047999999999999996
2077-07-18,0.00047999999999999996
2077-07-19,0.00047999999999999996
2077-07-20,0.00047999999999999996
2077-07-21,0.00047999999999999996
2077-07-22,0.00047999999999999996
2077-07-23,0.00047999999999999996
2077-07-24,0.00047999999999999996
2077-07-25,0.00047999999999999996
2077-07-26,0.00047999999999999996
2077-07-27,0.00047999999999999996
2077-07-28,0.00047999999999999996
2077-07-29,0.00047999999999999996
2077-07-30,0.00047999999999999996
2077-07-31,0.00047999999999999996
2077-08-01,0.00047999999999999996
2077-08-02,0.00047999999999999996
2077-08-03,0.00047999999999999996
2077-08-04,0.00047999999999999996
2077-08-05,0.00047999999999999996
2077-08-06,0.00047999999999999996
2077-08-07,0.00047999999999999996
2077-08-08,0.00047999999999999996
2077-08-09,0.00047999999999999996
2077-08-10,0.00047999999999999996
2077-08-11,0.00047999999999999996
2077-08-12,0.00155
2077-08-13,0.00047999999999999996
2077-08-14,0.00047999999999999996
2077-08-15,0.00047999999999999996
2077-08-16,0.00047999999999999996
2077-08-17,0.00047999999999999996
2077-08-18,0.00047999999999999996
2077-08-19,0.00047999999999999996
2077-08-20,0.00047999999999999996
2077-08-21,0.00047000000000000004
2077-08-22,0.00047000000000000004
2077-08-23,0.00047000000000000004
2077-08-24,0.00047000000000000004
2077-08-25,0.00047000000000000004
2077-08-26,0.00047000000000000004
2077-08-27,0.00047000000000000004
2077-08-28,0.00047000000000000004
2077-08-29,0.00047000000000000004
2077-08-30,0.00047000000000000004
2077-08-31,0.00047000000000000004
2077-09-01,0.00047000000000000004
2077-09-02,0.00047000000000000004
2077-09-03,0.00047000000000000004
2077-09-04,0.00047000000000000004
2077-09-05,0.00047000000000000004
2077-09-06,0.00047000000000000004
2077-09-07,0.00047000000000000004
2077-09-08,0.00047000000000000004
2077-09-09,0.00047000000000000004
2077-09-10,0.00047000000000000004
2077-09-11,0.00047000000000000004
2077-09-12,0.00047000000000000004
2077-09-13,0.00047000000000000004
2077-09-14,0.00047000000000000004
2077-09-15,0.00047000000000000004
2077-09-16,0.00047000000000000004
2077-09-17,0.00047000000000000004
2077-09-18,0.00047000000000000004
2077-09-19,0.00047000000000000004
2077-09-20,0.00047000000000000004
2077-09-21,0.00047000000000000004
2077-09-22,0.00047000000000000004
2077-09-23,0.00047000000000000004
2077-09-24,0.00047000000000000004
2077-09-25,0.0018800000000000002
2077-09-26,0.0027
2077-09-27,0.0052
2077-09-28,0.00047000000000000004
2077-09-29,0.00047000000000000004
2077-09-30,0.00047000000000000004
2077-10-01,0.00047000000000000004
2077-10-02,0.00047000000000000004
2077-10-03,0.00047000000000000004
2077-10-04,0.00047000000000000004
2077-10-05,0.00047000000000000004
2077-10-06,0.00047000000000000004
2077-10-07,0.00047000000000000004
2077-10-08,0.00047000000000000004
2077-10-09,0.00047000000000000004
2077-10-10,0.00047000000000000004
2077-10-11,0.00047000000000000004
2077-10-12,0.00047000000000000004
2077-10-13,0.00047000000000000004
2077-10-14,0.00047000000000000004
2077-10-15,0.00047000000000000004
2077-10-16,0.00047000000000000004
2077-10-17,0.00047000000000000004
2077-10-18,0.00047000000000000004
2077-10-19,0.00047000000000000004
2077-10-20,0.00047000000000000004
2077-10-21,0.00047000000000000004
2077-10-22,0.00047000000000000004
2077-10-23,0.00047000000000000004
2077-10-24,0.00047000000000000004
2077-10-25,0.00047000000000000004
2077-10-26,0.00047000000000000004
2077-10-27,0.00047000000000000004
2077-10-28,0.00047000000000000004
2077-10-29,0.00047000000000000004
2077-10-30,0.00047000000000000004
2077-10-31,0.00047000000000000004
2077-11-01,0.00047000000000000004
2077-11-02,0.00047000000000000004
2077-11-03,0.00047000000000000004
2077-11-04,0.00047000000000000004
2077-11-05,0.00047000000000000004
2077-11-06,0.00047000000000000004
2077-11-07,0.00047000000000000004
2077-11-08,0.00047000000000000004
2077-11-09,0.00047000000000000004
2077-11-10,0.00047000000000000004
2077-11-11,0.00047000000000000004
2077-11-12,0.00047000000000000004
2077-11-13,0.00047000000000000004
2077-11-14,0.00047000000000000004
2077-11-15,0.0010199999999999999
2077-11-16,0.00047000000000000004
2077-11-17,0.00047000000000000004
2077-11-18,0.00066
2077-11-19,0.00045999999999999996
2077-11-20,0.00055
2077-11-21,0.00045999999999999996
2077-11-22,0.00298
2077-11-23,0.00346
2077-11-24,0.038189999999999995
2077-11-25,0.08058
2077-11-26,0.03515
2077-11-27,0.0018800000000000002
2077-11-28,0.00072
2077-11-29,0.01215
2077-11-30,0.004229999999999999
2077-12-01,0.00424
2077-12-02,0.00268
2077-12-03,0.00065
2077-12-04,0.00065
2077-12-05,0.00065
2077-12-06,0.0054399999999999995
2077-12-07,0.00594
2077-12-08,0.00183
2077-12-09,0.00067
2077-12-10,0.00067
2077-12-11,0.00067
2077-12-12,0.00067
2077-12-13,0.00067
2077-12-14,0.00067
2077-12-15,0.00067
2077-12-16,0.00067
2077-12-17,0.00067
2077-12-18,0.00067
2077-12-19,0.0006799999999999999
2077-12-20,0.00067
2077-12-21,0.0046
2077-12-22,0.006220000000000001
2077-12-23,0.00146
2077-12-24,0.0007
2077-12-25,0.0006799999999999999
2077-12-26,0.0006799999999999999
2077-12-27,0.0007700000000000001
2077-12-28,0.01335
2077-12-29,0.014219999999999998
2077-12-30,0.0007
2077-12-31,0.0007099999999999999
2078-01-01,0.00107
2078-01-02,0.00586
2078-01-03,0.0164
2078-01-04,0.024
2078-01-05,0.02684
2078-01-06,0.02383
2078-01-07,0.03366
2078-01-08,0.02512
2078-01-09,0.019540000000000002
2078-01-10,0.01078
2078-01-11,0.00772
2078-01-12,0.03588
2078-01-13,0.062470000000000005
2078-01-14,0.03834
2078-01-15,0.01514
2078-01-16,0.01065
2078-01-17,0.007640000000000001
2078-01-18,0.0083
2078-01-19,0.03862
2078-01-20,0.06421
2078-01-21,0.00758
2078-01-22,0.01073
2078-01-23,0.01193
2078-01-24,0.01259
2078-01-25,0.0125
2078-01-26,0.01374
2078-01-27,0.0121
2078-01-28,0.011770000000000001
2078-01-29,0.011340000000000001
2078-01-30,0.013030000000000002
2078-01-31,0.03263
2078-02-01,0.02395
2078-02-02,0.0191
2078-02-03,0.015040000000000001
2078-02-04,0.01722
2078-02-05,0.057379999999999994
2078-02-06,0.08177000000000001
2078-02-07,0.08139
2078-02-08,0.054110000000000005
2078-02-09,0.05711
2078-02-10,0.055779999999999996
2078-02-11,0.052879999999999996
2078-02-12,0.04929
2078-02-13,0.04742
2078-02-14,0.05248
2078-02-15,0.05755
2078-02-16,0.11109000000000001
2078-02-17,0.19226
2078-02-18,0.16064
2078-02-19,0.15365
2078-02-20,0.17028
2078-02-21,0.27245
2078-02-22,0.23474
2078-02-23,0.1559
2078-02-24,0.35866
2078-02-25,0.3747
2078-02-26,0.12343
2078-02-27,0.13047
2078-02-28,0.12328
2078-03-01,0.12302
2078-03-02,0.12203
2078-03-03,0.11523
2078-03-04,0.1031
2078-03-05,0.09584
2078-03-06,0.15537
2078-03-07,0.09916
2078-03-08,0.10603
2078-03-09,0.12201
2078-03-10,0.09571
2078-03-11,0.10937999999999999
2078-03-12,0.11559000000000001
2078-03-13,0.13027
2078-03-14,0.18491
2078-03-15,0.12237
2078-03-16,0.12149000000000001
2078-03-17,0.11514
2078-03-18,0.11704
2078-03-19,0.09597
2078-03-20,0.08642000000000001
2078-03-21,0.07726
2078-03-22,0.0689
2078-03-23,0.061529999999999994
2078-03-24,0.05509
2078-03-25,0.04937
2078-03-26,0.04431
2078-03-27,0.03961
2078-03-28,0.03528
2078-03-29,0.03127
2078-03-30,0.027280000000000002
2078-03-31,0.02385
2078-04-01,0.02081
2078-04-02,0.0195
2078-04-03,0.03053
2078-04-04,0.01626
2078-04-05,0.01737
2078-04-06,0.01365
2078-04-07,0.01195
2078-04-08,0.01028
2078-04-09,0.008709999999999999
2078-04-10,0.00731
2078-04-11,0.006
2078-04-12,0.0049
2078-04-13,0.00402
2078-04-14,0.00358
2078-04-15,0.00288
2078-04-16,0.014469999999999998
2078-04-17,0.0023
2078-04-18,0.00207
2078-04-19,0.00221
2078-04-20,0.0017100000000000001
2078-04-21,0.0033200000000000005
2078-04-22,0.05306
2078-04-23,0.0446
2078-04-24,0.006790000000000001
2078-04-25,0.00851
2078-04-26,0.00852
2078-04-27,0.008020000000000001
2078-04-28,0.0072299999999999994
2078-04-29,0.0063100000000000005
2078-04-30,0.005529999999999999
2078-05-01,0.00466
2078-05-02,0.00374
2078-05-03,0.00302
2078-05-04,0.00251
2078-05-05,0.0021100000000000003
2078-05-06,0.0017699999999999999
2078-05-07,0.00157
2078-05-08,0.00149
2078-05-09,0.0013800000000000002
2078-05-10,0.00128
2078-05-11,0.00123
2078-05-12,0.0012
2078-05-13,0.00119
2078-05-14,0.00119
2078-05-15,0.00118
2078-05-16,0.00118
2078-05-17,0.00117
2078-05-18,0.00116
2078-05-19,0.00115
2078-05-20,0.00114
2078-05-21,0.0011300000000000001
2078-05-22,0.0011099999999999999
2078-05-23,0.0011
2078-05-24,0.00109
2078-05-25,0.00108
2078-05-26,0.00106
2078-05-27,0.00105
2078-05-28,0.00103
2078-05-29,0.0010199999999999999
2078-05-30,0.001
2078-05-31,0.00099
2078-06-01,0.00098
2078-06-02,0.0009699999999999999
2078-06-03,0.00095
2078-06-04,0.00093
2078-06-05,0.0009199999999999999
2078-06-06,0.0008900000000000001
2078-06-07,0.0008699999999999999
2078-06-08,0.00085
2078-06-09,0.00093
2078-06-10,0.00082
2078-06-11,0.0008
2078-06-12,0.00078
2078-06-13,0.0007599999999999999
2078-06-14,0.00074
2078-06-15,0.00073
2078-06-16,0.0007099999999999999
2078-06-17,0.0006900000000000001
2078-06-18,0.0006799999999999999
2078-06-19,0.00066
2078-06-20,0.00064
2078-06-21,0.00063
2078-06-22,0.00061
2078-06-23,0.0006
2078-06-24,0.00059
2078-06-25,0.00057
2078-06-26,0.00056
2078-06-27,0.00055
2078-06-28,0.00054
2078-06-29,0.00053
2078-06-30,0.0005200000000000001
2078-07-01,0.0005200000000000001
2078-07-02,0.0005099999999999999
2078-07-03,0.0005099999999999999
2078-07-04,0.0005
2078-07-05,0.0005
2078-07-06,0.00049
2078-07-07,0.00049
2078-07-08,0.00049
2078-07-09,0.00049
2078-07-10,0.00047999999999999996
2078-07-11,0.00047999999999999996
2078-07-12,0.00047999999999999996
2078-07-13,0.00047999999999999996
2078-07-14,0.008320000000000001
2078-07-15,0.029889999999999996
2078-07-16,0.00047999999999999996
2078-07-17,0.00047999999999999996
2078-07-18,0.00047999999999999996
2078-07-19,0.00047999999999999996
2078-07-20,0.00055
2078-07-21,0.00047999999999999996
2078-07-22,0.00047999999999999996
2078-07-23,0.00047999999999999996
2078-07-24,0.00047999999999999996
2078-07-25,0.00047999999999999996
2078-07-26,0.00047999999999999996
2078-07-27,0.00047999999999999996
2078-07-28,0.00047999999999999996
2078-07-29,0.00047999999999999996
2078-07-30,0.00047999999999999996
2078-07-31,0.00047999999999999996
2078-08-01,0.00047999999999999996
2078-08-02,0.00047999999999999996
2078-08-03,0.00047999999999999996
2078-08-04,0.00047999999999999996
2078-08-05,0.00047999999999999996
2078-08-06,0.00047999999999999996
2078-08-07,0.00047999999999999996
2078-08-08,0.00047999999999999996
2078-08-09,0.00047999999999999996
2078-08-10,0.00047999999999999996
2078-08-11,0.00047999999999999996
2078-08-12,0.00047999999999999996
2078-08-13,0.00047999999999999996
2078-08-14,0.00047999999999999996
2078-08-15,0.00047999999999999996
2078-08-16,0.00047999999999999996
2078-08-17,0.00047999999999999996
2078-08-18,0.00047999999999999996
2078-08-19,0.00047999999999999996
2078-08-20,0.00047999999999999996
2078-08-21,0.00047999999999999996
2078-08-22,0.00047999999999999996
2078-08-23,0.00047999999999999996
2078-08-24,0.00047999999999999996
2078-08-25,0.00047999999999999996
2078-08-26,0.00047999999999999996
2078-08-27,0.00047999999999999996
2078-08-28,0.00047999999999999996
2078-08-29,0.00047999999999999996
2078-08-30,0.00047999999999999996
2078-08-31,0.00047999999999999996
2078-09-01,0.00047999999999999996
2078-09-02,0.00047999999999999996
2078-09-03,0.00047999999999999996
2078-09-04,0.00047999999999999996
2078-09-05,0.00047999999999999996
2078-09-06,0.00047000000000000004
2078-09-07,0.00047000000000000004
2078-09-08,0.00047000000000000004
2078-09-09,0.00047000000000000004
2078-09-10,0.00047000000000000004
2078-09-11,0.00047000000000000004
2078-09-12,0.0008900000000000001
2078-09-13,0.00047000000000000004
2078-09-14,0.00047000000000000004
2078-09-15,0.00047000000000000004
2078-09-16,0.00047000000000000004
2078-09-17,0.00047000000000000004
2078-09-18,0.00047000000000000004
2078-09-19,0.00047000000000000004
2078-09-20,0.00047000000000000004
2078-09-21,0.00047000000000000004
2078-09-22,0.00047000000000000004
2078-09-23,0.00047000000000000004
2078-09-24,0.00047000000000000004
2078-09-25,0.00047000000000000004
2078-09-26,0.00047000000000000004
2078-09-27,0.00047000000000000004
2078-09-28,0.00047000000000000004
2078-09-29,0.00047000000000000004
2078-09-30,0.00047000000000000004
2078-10-01,0.0024100000000000002
2078-10-02,0.0009
2078-10-03,0.00047000000000000004
2078-10-04,0.00047000000000000004
2078-10-05,0.00047000000000000004
2078-10-06,0.00047000000000000004
2078-10-07,0.00047000000000000004
2078-10-08,0.00047000000000000004
2078-10-09,0.00047000000000000004
2078-10-10,0.00047000000000000004
2078-10-11,0.00047000000000000004
2078-10-12,0.00047000000000000004
2078-10-13,0.00047000000000000004
2078-10-14,0.00047000000000000004
2078-10-15,0.00047000000000000004
2078-10-16,0.00047000000000000004
2078-10-17,0.00047000000000000004
2078-10-18,0.00049
2078-10-19,0.00047000000000000004
2078-10-20,0.00047000000000000004
2078-10-21,0.00047000000000000004
2078-10-22,0.00047000000000000004
2078-10-23,0.00047000000000000004
2078-10-24,0.00047000000000000004
2078-10-25,0.00047000000000000004
2078-10-26,0.00047000000000000004
2078-10-27,0.00047000000000000004
2078-10-28,0.00047000000000000004
2078-10-29,0.00454
2078-10-30,0.0005
2078-10-31,0.00047000000000000004
2078-11-01,0.0034100000000000003
2078-11-02,0.00148
2078-11-03,0.00047000000000000004
2078-11-04,0.00299
2078-11-05,0.01971
2078-11-06,0.025789999999999997
2078-11-07,0.00047000000000000004
2078-11-08,0.00047999999999999996
2078-11-09,0.08732999999999999
2078-11-10,0.06277999999999999
2078-11-11,0.01725
2078-11-12,0.01877
2078-11-13,0.07463
2078-11-14,0.04922
2078-11-15,0.00082
2078-11-16,0.00202
2078-11-17,0.00085
2078-11-18,0.00086
2078-11-19,0.03515
2078-11-20,0.0189
2078-11-21,0.02441
2078-11-22,0.16857
2078-11-23,0.1168
2078-11-24,0.010409999999999999
2078-11-25,0.00131
2078-11-26,0.00146
2078-11-27,0.00156
2078-11-28,0.020309999999999998
2078-11-29,0.13743
2078-11-30,0.15508
2078-12-01,0.05542999999999999
2078-12-02,0.045939999999999995
2078-12-03,0.04811
2078-12-04,0.05037
2078-12-05,0.05134
2078-12-06,0.061810000000000004
2078-12-07,0.04508
2078-12-08,0.04475
2078-12-09,0.043039999999999995
2078-12-10,0.0409
2078-12-11,0.04427
2078-12-12,0.04046
2078-12-13,0.03557
2078-12-14,0.053029999999999994
2078-12-15,0.04203
2078-12-16,0.03619
2078-12-17,0.03665
2078-12-18,0.03584
2078-12-19,0.034539999999999994
2078-12-20,0.03449
2078-12-21,0.05631
2078-12-22,0.07205
2078-12-23,0.04216
2078-12-24,0.04732
2078-12-25,0.04501
2078-12-26,0.04315
2078-12-27,0.0407
2078-12-28,0.03823
2078-12-29,0.03582
2078-12-30,0.03347
2078-12-31,0.031160000000000004
2079-01-01,0.02897
2079-01-02,0.02688
2079-01-03,0.0251
2079-01-04,0.02375
2079-01-05,0.02241
2079-01-06,0.02096
2079-01-07,0.01965
2079-01-08,0.018359999999999998
2079-01-09,0.017130000000000003
2079-01-10,0.01605
2079-01-11,0.015069999999999998
2079-01-12,0.01425
2079-01-13,0.0217
2079-01-14,0.05248
2079-01-15,0.10584
2079-01-16,0.038
2079-01-17,0.05101
2079-01-18,0.08868
2079-01-19,0.19332
2079-01-20,0.53354
2079-01-21,0.7227899999999999
2079-01-22,0.75936
2079-01-23,0.12343
2079-01-24,0.12517999999999999
2079-01-25,0.37213
2079-01-26,0.784
2079-01-27,0.8574799999999999
2079-01-28,0.3363
2079-01-29,0.23729
2079-01-30,0.14024
2079-01-31,0.12343
2079-02-01,0.13334000000000001
2079-02-02,0.44903999999999994
2079-02-03,0.77778
2079-02-04,0.37192
2079-02-05,0.48846999999999996
2079-02-06,0.17419
2079-02-07,0.38395999999999997
2079-02-08,0.1454
2079-02-09,0.12629
2079-02-10,0.15914
2079-02-11,0.13897
2079-02-12,0.14085
2079-02-13,0.14035
2079-02-14,0.18523
2079-02-15,0.1454
2079-02-16,0.13710999999999998
2079-02-17,0.14935
2079-02-18,0.12905
2079-02-19,0.12762
2079-02-20,0.12165999999999999
2079-02-21,0.10668
2079-02-22,0.09988999999999999
2079-02-23,0.09311
2079-02-24,0.09237999999999999
2079-02-25,0.08463999999999999
2079-02-26,0.07954
2079-02-27,0.08152999999999999
2079-02-28,0.11625999999999999
2079-03-01,0.08989
2079-03-02,0.08716
2079-03-03,0.08601
2079-03-04,0.08062000000000001
2079-03-05,0.07400000000000001
2079-03-06,0.06837
2079-03-07,0.06241
2079-03-08,0.05656
2079-03-09,0.05103
2079-03-10,0.05641
2079-03-11,0.06752000000000001
2079-03-12,0.0497
2079-03-13,0.05155
2079-03-14,0.04634
2079-03-15,0.0443
2079-03-16,0.04117
2079-03-17,0.038439999999999995
2079-03-18,0.04675
2079-03-19,0.06434
2079-03-20,0.03807
2079-03-21,0.03951
2079-03-22,0.03864
2079-03-23,0.039389999999999994
2079-03-24,0.035039999999999995
2079-03-25,0.03254
2079-03-26,0.03358
2079-03-27,0.0336
2079-03-28,0.03771
2079-03-29,0.02738
2079-03-30,0.026680000000000002
2079-03-31,0.025259999999999998
2079-04-01,0.0232
2079-04-02,0.020819999999999998
2079-04-03,0.01855
2079-04-04,0.01642
2079-04-05,0.01454
2079-04-06,0.01281
2079-04-07,0.011059999999999999
2079-04-08,0.00946
2079-04-09,0.00817
2079-04-10,0.0071
2079-04-11,0.00621
2079-04-12,0.00734
2079-04-13,0.00688
2079-04-14,0.00463
2079-04-15,0.0038200000000000005
2079-04-16,0.00301
2079-04-17,0.00233
2079-04-18,0.00182
2079-04-19,0.0015199999999999999
2079-04-20,0.00131
2079-04-21,0.00123
2079-04-22,0.00149
2079-04-23,0.0012
2079-04-24,0.00119
2079-04-25,0.00118
2079-04-26,0.00117
2079-04-27,0.00116
2079-04-28,0.00115
2079-04-29,0.00114
2079-04-30,0.00119
2079-05-01,0.00112
2079-05-02,0.01099
2079-05-03,0.0058200000000000005
2079-05-04,0.00703
2079-05-05,0.00426
2079-05-06,0.0017699999999999999
2079-05-07,0.0011
2079-05-08,0.00109
2079-05-09,0.00108
2079-05-10,0.00107
2079-05-11,0.00105
2079-05-12,0.0010400000000000001
2079-05-13,0.00156
2079-05-14,0.00101
2079-05-15,0.001
2079-05-16,0.00099
2079-05-17,0.00098
2079-05-18,0.0009699999999999999
2079-05-19,0.00095
2079-05-20,0.0009400000000000001
2079-05-21,0.0009199999999999999
2079-05-22,0.00091
2079-05-23,0.0008900000000000001
2079-05-24,0.00088
2079-05-25,0.00143
2079-05-26,0.00086
2079-05-27,0.00085
2079-05-28,0.0008300000000000001
2079-05-29,0.00081
2079-05-30,0.0008
2079-05-31,0.00078
2079-06-01,0.0007599999999999999
2079-06-02,0.00075
2079-06-03,0.00073
2079-06-04,0.00072
2079-06-05,0.0007
2079-06-06,0.0006799999999999999
2079-06-07,0.00067
2079-06-08,0.00066
2079-06-09,0.00064
2079-06-10,0.00062
2079-06-11,0.00061
2079-06-12,0.0006
2079-06-13,0.00058
2079-06-14,0.00057
2079-06-15,0.00056
2079-06-16,0.00055
2079-06-17,0.00055
2079-06-18,0.00054
2079-06-19,0.00053
2079-06-20,0.0005200000000000001
2079-06-21,0.0005099999999999999
2079-06-22,0.00056
2079-06-23,0.0005
2079-06-24,0.0005
2079-06-25,0.0005
2079-06-26,0.00049
2079-06-27,0.00049
2079-06-28,0.00049
2079-06-29,0.00049
2079-06-30,0.00047999999999999996
2079-07-01,0.00047999999999999996
2079-07-02,0.00047999999999999996
2079-07-03,0.00047999999999999996
2079-07-04,0.00047999999999999996
2079-07-05,0.00047999999999999996
2079-07-06,0.00047999999999999996
2079-07-07,0.00047999999999999996
2079-07-08,0.0009400000000000001
2079-07-09,0.00047999999999999996
2079-07-10,0.00047999999999999996
2079-07-11,0.00047999999999999996
2079-07-12,0.01133
2079-07-13,0.00047999999999999996
2079-07-14,0.00047999999999999996
2079-07-15,0.00047999999999999996
2079-07-16,0.00331
2079-07-17,0.00047999999999999996
2079-07-18,0.00047999999999999996
2079-07-19,0.00047999999999999996
2079-07-20,0.00047999999999999996
2079-07-21,0.00047999999999999996
2079-07-22,0.00047999999999999996
2079-07-23,0.00047999999999999996
2079-07-24,0.00047999999999999996
2079-07-25,0.00047999999999999996
2079-07-26,0.00047999999999999996
2079-07-27,0.00047999999999999996
2079-07-28,0.00047999999999999996
2079-07-29,0.00047999999999999996
2079-07-30,0.00047999999999999996
2079-07-31,0.00047999999999999996
2079-08-01,0.00047999999999999996
2079-08-02,0.00047999999999999996
2079-08-03,0.00047999999999999996
2079-08-04,0.00047999999999999996
2079-08-05,0.00047999999999999996
2079-08-06,0.00047999999999999996
2079-08-07,0.00047999999999999996
2079-08-08,0.00047999999999999996
2079-08-09,0.00047999999999999996
2079-08-10,0.00047999999999999996
2079-08-11,0.00047999999999999996
2079-08-12,0.00047999999999999996
2079-08-13,0.00047999999999999996
2079-08-14,0.00047000000000000004
2079-08-15,0.00047000000000000004
2079-08-16,0.00047000000000000004
2079-08-17,0.00047000000000000004
2079-08-18,0.00047000000000000004
2079-08-19,0.00047000000000000004
2079-08-20,0.00047000000000000004
2079-08-21,0.00047000000000000004
2079-08-22,0.00047000000000000004
2079-08-23,0.00047000000000000004
2079-08-24,0.00047000000000000004
2079-08-25,0.00047000000000000004
2079-08-26,0.00047000000000000004
2079-08-27,0.00056
2079-08-28,0.00047000000000000004
2079-08-29,0.00047000000000000004
2079-08-30,0.00047000000000000004
2079-08-31,0.00047000000000000004
2079-09-01,0.00047000000000000004
2079-09-02,0.00047000000000000004
2079-09-03,0.00047000000000000004
2079-09-04,0.00047000000000000004
2079-09-05,0.00047000000000000004
2079-09-06,0.00047000000000000004
2079-09-07,0.00047000000000000004
2079-09-08,0.00047000000000000004
2079-09-09,0.00047000000000000004
2079-09-10,0.00047000000000000004
2079-09-11,0.00047000000000000004
2079-09-12,0.00047000000000000004
2079-09-13,0.00047000000000000004
2079-09-14,0.00047000000000000004
2079-09-15,0.00047000000000000004
2079-09-16,0.00047000000000000004
2079-09-17,0.00047000000000000004
2079-09-18,0.00047000000000000004
2079-09-19,0.00047000000000000004
2079-09-20,0.00047000000000000004
2079-09-21,0.00047000000000000004
2079-09-22,0.00047000000000000004
2079-09-23,0.00047000000000000004
2079-09-24,0.00047000000000000004
2079-09-25,0.00047000000000000004
2079-09-26,0.00047000000000000004
2079-09-27,0.00047000000000000004
2079-09-28,0.00047000000000000004
2079-09-29,0.00047000000000000004
2079-09-30,0.00047000000000000004
2079-10-01,0.00047000000000000004
2079-10-02,0.00047000000000000004
2079-10-03,0.00047000000000000004
2079-10-04,0.00047000000000000004
2079-10-05,0.00047000000000000004
2079-10-06,0.00047000000000000004
2079-10-07,0.00047000000000000004
2079-10-08,0.00047000000000000004
2079-10-09,0.00047000000000000004
2079-10-10,0.00047000000000000004
2079-10-11,0.00047000000000000004
2079-10-12,0.00047000000000000004
2079-10-13,0.00047000000000000004
2079-10-14,0.00047000000000000004
2079-10-15,0.00047000000000000004
2079-10-16,0.00047000000000000004
2079-10-17,0.00047000000000000004
2079-10-18,0.00047000000000000004
2079-10-19,0.00047000000000000004
2079-10-20,0.00047000000000000004
2079-10-21,0.00047000000000000004
2079-10-22,0.00047000000000000004
2079-10-23,0.00047000000000000004
2079-10-24,0.00047000000000000004
2079-10-25,0.00047000000000000004
2079-10-26,0.00047000000000000004
2079-10-27,0.00047000000000000004
2079-10-28,0.00047000000000000004
2079-10-29,0.00702
2079-10-30,0.00047000000000000004
2079-10-31,0.00047000000000000004
2079-11-01,0.00047000000000000004
2079-11-02,0.00047000000000000004
2079-11-03,0.00047000000000000004
2079-11-04,0.004529999999999999
2079-11-05,0.02231
2079-11-06,0.01648
2079-11-07,0.0225
2079-11-08,0.014419999999999999
2079-11-09,0.12742
2079-11-10,0.21078000000000002
2079-11-11,0.042480000000000004
2079-11-12,0.0007700000000000001
2079-11-13,0.010579999999999999
2079-11-14,0.10868
2079-11-15,0.13422
2079-11-16,0.3059
2079-11-17,0.03316
2079-11-18,0.00117
2079-11-19,0.00119
2079-11-20,0.0012
2079-11-21,0.00122
2079-11-22,0.00124
2079-11-23,0.00126
2079-11-24,0.0012699999999999999
2079-11-25,0.00128
2079-11-26,0.00128
2079-11-27,0.01138
2079-11-28,0.01155
2079-11-29,0.06274
2079-11-30,0.11439
2079-12-01,0.05973
2079-12-02,0.04407
2079-12-03,0.04228
2079-12-04,0.06733
2079-12-05,0.14619000000000001
2079-12-06,0.4181
2079-12-07,0.15548
2079-12-08,0.12608
2079-12-09,0.15415
2079-12-10,0.15124
2079-12-11,0.19460999999999998
2079-12-12,0.12735
2079-12-13,0.12164000000000001
2079-12-14,0.12817
2079-12-15,0.14417
2079-12-16,0.22301999999999997
2079-12-17,0.44161999999999996
2079-12-18,0.23631
2079-12-19,0.79389
2079-12-20,0.49065
2079-12-21,0.67428
2079-12-22,1.14596
2079-12-23,1.8589099999999998
2079-12-24,0.8263799999999999
2079-12-25,0.6279
2079-12-26,0.6056
2079-12-27,0.38558000000000003
2079-12-28,0.247
2079-12-29,0.15719
2079-12-30,0.13477999999999998
2079-12-31,0.12788
2080-01-01,0.14277
2080-01-02,0.13327
2080-01-03,0.1261
2080-01-04,0.12328
2080-01-05,0.12046
2080-01-06,0.1115
2080-01-07,0.10099999999999999
2080-01-08,0.09107
2080-01-09,0.08205
2080-01-10,0.0912
2080-01-11,0.08283
2080-01-12,0.09183
2080-01-13,0.07296
2080-01-14,0.08861000000000001
2080-01-15,0.14875
2080-01-16,0.20521
2080-01-17,0.21873
2080-01-18,0.16144
2080-01-19,0.12343
2080-01-20,0.12336
2080-01-21,0.12309
2080-01-22,0.12254000000000001
2080-01-23,0.11907999999999999
2080-01-24,0.11004000000000001
2080-01-25,0.09966
2080-01-26,0.08986
2080-01-27,0.08092
2080-01-28,0.08304
2080-01-29,0.21391
2080-01-30,0.75165
2080-01-31,0.72836
2080-02-01,1.0307
2080-02-02,1.26594
2080-02-03,0.7301300000000001
2080-02-04,0.147
2080-02-05,0.12382
2080-02-06,0.157
2080-02-07,0.35865
2080-02-08,0.40841
2080-02-09,0.12794
2080-02-10,0.12821
2080-02-11,0.12425
2080-02-12,0.12343
2080-02-13,0.12342
2080-02-14,0.12009
2080-02-15,0.11005999999999999
2080-02-16,0.10101
2080-02-17,0.10102
2080-02-18,0.09877999999999999
2080-02-19,0.08854
2080-02-20,0.10905999999999999
2080-02-21,0.10076
2080-02-22,0.08956
2080-02-23,0.10069
2080-02-24,0.1018
2080-02-25,0.08484
2080-02-26,0.08088
2080-02-27,0.07472000000000001
2080-02-28,0.06825
2080-02-29,0.062110000000000005
2080-03-01,0.056260000000000004
2080-03-02,0.08625
2080-03-03,0.0513
2080-03-04,0.05152
2080-03-05,0.049210000000000004
2080-03-06,0.04595
2080-03-07,0.04237
2080-03-08,0.03872
2080-03-09,0.03525
2080-03-10,0.03195
2080-03-11,0.02899
2080-03-12,0.026330000000000003
2080-03-13,0.0239
2080-03-14,0.02168
2080-03-15,0.03615
2080-03-16,0.03709
2080-03-17,0.11433
2080-03-18,0.07296
2080-03-19,0.08532999999999999
2080-03-20,0.0835
2080-03-21,0.07653
2080-03-22,0.07306
2080-03-23,0.06932999999999999
2080-03-24,0.064
2080-03-25,0.05835
2080-03-26,0.05287000000000001
2080-03-27,0.04757
2080-03-28,0.04263
2080-03-29,0.038060000000000004
2080-03-30,0.03422
2080-03-31,0.03128
2080-04-01,0.04477
2080-04-02,0.06647
2080-04-03,0.0519
2080-04-04,0.0428
2080-04-05,0.04335
2080-04-06,0.04369
2080-04-07,0.04185
2080-04-08,0.06232000000000001
2080-04-09,0.0732
2080-04-10,0.06391000000000001
2080-04-11,0.06532
2080-04-12,0.06566
2080-04-13,0.13808
2080-04-14,0.10232999999999999
2080-04-15,0.08983
2080-04-16,0.08469
2080-04-17,0.07703
2080-04-18,0.06929
2080-04-19,0.06235
2080-04-20,0.05596
2080-04-21,0.050910000000000004
2080-04-22,0.0461
2080-04-23,0.041339999999999995
2080-04-24,0.03973
2080-04-25,0.04371
2080-04-26,0.03631
2080-04-27,0.031
2080-04-28,0.028419999999999997
2080-04-29,0.0255
2080-04-30,0.03675
2080-05-01,0.02197
2080-05-02,0.02001
2080-05-03,0.018580000000000003
2080-05-04,0.01775
2080-05-05,0.025240000000000002
2080-05-06,0.0193
2080-05-07,0.019180000000000003
2080-05-08,0.016880000000000003
2080-05-09,0.016059999999999998
2080-05-10,0.01475
2080-05-11,0.01345
2080-05-12,0.01205
2080-05-13,0.01045
2080-05-14,0.00854
2080-05-15,0.00677
2080-05-16,0.00548
2080-05-17,0.0044399999999999995
2080-05-18,0.00536
2080-05-19,0.0030800000000000003
2080-05-20,0.0035
2080-05-21,0.0022
2080-05-22,0.0017800000000000001
2080-05-23,0.0014
2080-05-24,0.00124
2080-05-25,0.00121
2080-05-26,0.0012
2080-05-27,0.00118
2080-05-28,0.00116
2080-05-29,0.00115
2080-05-30,0.0011300000000000001
2080-05-31,0.00112
2080-06-01,0.0011
2080-06-02,0.00108
2080-06-03,0.00107
2080-06-04,0.00105
2080-06-05,0.00103
2080-06-06,0.00101
2080-06-07,0.001
2080-06-08,0.00098
2080-06-09,0.0009599999999999999
2080-06-10,0.0009400000000000001
2080-06-11,0.00093
2080-06-12,0.00091
2080-06-13,0.00147
2080-06-14,0.00088
2080-06-15,0.0008699999999999999
2080-06-16,0.00085
2080-06-17,0.0013
2080-06-18,0.00082
2080-06-19,0.00081
2080-06-20,0.00079
2080-06-21,0.00078
2080-06-22,0.0007599999999999999
2080-06-23,0.00075
2080-06-24,0.00073
2080-06-25,0.00072
2080-06-26,0.0007
2080-06-27,0.0006900000000000001
2080-06-28,0.00067
2080-06-29,0.00066
2080-06-30,0.00065
2080-07-01,0.00063
2080-07-02,0.00062
2080-07-03,0.0006
2080-07-04,0.00059
2080-07-05,0.00058
2080-07-06,0.00057
2080-07-07,0.00055
2080-07-08,0.00054
2080-07-09,0.00053
2080-07-10,0.0005200000000000001
2080-07-11,0.0005200000000000001
2080-07-12,0.0005099999999999999
2080-07-13,0.0005099999999999999
2080-07-14,0.0005
2080-07-15,0.0005
2080-07-16,0.00049
2080-07-17,0.00049
2080-07-18,0.00049
2080-07-19,0.00049
2080-07-20,0.00047999999999999996
2080-07-21,0.00047999999999999996
2080-07-22,0.00047999999999999996
2080-07-23,0.00047999999999999996
2080-07-24,0.00047999999999999996
2080-07-25,0.00047999999999999996
2080-07-26,0.00047999999999999996
2080-07-27,0.00047999999999999996
2080-07-28,0.00047999999999999996
2080-07-29,0.00047999999999999996
2080-07-30,0.00047999999999999996
2080-07-31,0.00047999999999999996
2080-08-01,0.00047999999999999996
2080-08-02,0.00047999999999999996
2080-08-03,0.00047999999999999996
2080-08-04,0.00047999999999999996
2080-08-05,0.00047999999999999996
2080-08-06,0.00047999999999999996
2080-08-07,0.00047999999999999996
2080-08-08,0.00047999999999999996
2080-08-09,0.00047999999999999996
2080-08-10,0.00047999999999999996
2080-08-11,0.00047999999999999996
2080-08-12,0.00047999999999999996
2080-08-13,0.00047999999999999996
2080-08-14,0.00047999999999999996
2080-08-15,0.00047999999999999996
2080-08-16,0.00047999999999999996
2080-08-17,0.00047999999999999996
2080-08-18,0.00047999999999999996
2080-08-19,0.00047999999999999996
2080-08-20,0.00047999999999999996
2080-08-21,0.00047999999999999996
2080-08-22,0.00047999999999999996
2080-08-23,0.00047999999999999996
2080-08-24,0.00047999999999999996
2080-08-25,0.00047999999999999996
2080-08-26,0.00047999999999999996
2080-08-27,0.00047999999999999996
2080-08-28,0.00047999999999999996
2080-08-29,0.00047999999999999996
2080-08-30,0.00047999999999999996
2080-08-31,0.00047999999999999996
2080-09-01,0.00047999999999999996
2080-09-02,0.00047000000000000004
2080-09-03,0.00047000000000000004
2080-09-04,0.00047000000000000004
2080-09-05,0.00047000000000000004
2080-09-06,0.00047000000000000004
2080-09-07,0.00047000000000000004
2080-09-08,0.00047000000000000004
2080-09-09,0.00047000000000000004
2080-09-10,0.00047000000000000004
2080-09-11,0.00047000000000000004
2080-09-12,0.00047000000000000004
2080-09-13,0.00047000000000000004
2080-09-14,0.00047000000000000004
2080-09-15,0.00047000000000000004
2080-09-16,0.00047000000000000004
2080-09-17,0.00047000000000000004
2080-09-18,0.00047000000000000004
2080-09-19,0.00047000000000000004
2080-09-20,0.00731
2080-09-21,0.0006900000000000001
2080-09-22,0.00454
2080-09-23,0.00047000000000000004
2080-09-24,0.00047000000000000004
2080-09-25,0.00047000000000000004
2080-09-26,0.00047000000000000004
2080-09-27,0.00047000000000000004
2080-09-28,0.00047000000000000004
2080-09-29,0.00047000000000000004
2080-09-30,0.00047000000000000004
2080-10-01,0.00047000000000000004
2080-10-02,0.00047000000000000004
2080-10-03,0.00047000000000000004
2080-10-04,0.00175
2080-10-05,0.00047000000000000004
2080-10-06,0.00047000000000000004
2080-10-07,0.00047000000000000004
2080-10-08,0.00047000000000000004
2080-10-09,0.00047000000000000004
2080-10-10,0.00047000000000000004
2080-10-11,0.00047000000000000004
2080-10-12,0.00047000000000000004
2080-10-13,0.00047000000000000004
2080-10-14,0.00047000000000000004
2080-10-15,0.00047000000000000004
2080-10-16,0.00047000000000000004
2080-10-17,0.00047000000000000004
2080-10-18,0.00047000000000000004
2080-10-19,0.00047000000000000004
2080-10-20,0.00047000000000000004
2080-10-21,0.00047000000000000004
2080-10-22,0.00057
2080-10-23,0.0034200000000000003
2080-10-24,0.00148
2080-10-25,0.00099
2080-10-26,0.00067
2080-10-27,0.00047000000000000004
2080-10-28,0.00047000000000000004
2080-10-29,0.00379
2080-10-30,0.00047000000000000004
2080-10-31,0.00047000000000000004
2080-11-01,0.00047000000000000004
2080-11-02,0.0044
2080-11-03,0.00047000000000000004
2080-11-04,0.00047000000000000004
2080-11-05,0.00047000000000000004
2080-11-06,0.00047000000000000004
2080-11-07,0.00047000000000000004
2080-11-08,0.00047000000000000004
2080-11-09,0.00047000000000000004
2080-11-10,0.00047000000000000004
2080-11-11,0.00107
2080-11-12,0.00047000000000000004
2080-11-13,0.0005200000000000001
2080-11-14,0.00047000000000000004
2080-11-15,0.00047000000000000004
2080-11-16,0.00047000000000000004
2080-11-17,0.00047000000000000004
2080-11-18,0.00596
2080-11-19,0.0008300000000000001
2080-11-20,0.00047000000000000004
2080-11-21,0.00047000000000000004
2080-11-22,0.00047000000000000004
2080-11-23,0.00047000000000000004
2080-11-24,0.00047000000000000004
2080-11-25,0.00893
2080-11-26,0.03584
2080-11-27,0.00047000000000000004
2080-11-28,0.00047000000000000004
2080-11-29,0.007359999999999999
2080-11-30,0.00049
2080-12-01,0.00893
2080-12-02,0.00596
2080-12-03,0.0005099999999999999
2080-12-04,0.00285
2080-12-05,0.00428
2080-12-06,0.0009400000000000001
2080-12-07,0.00053
2080-12-08,0.00053
2080-12-09,0.00053
2080-12-10,0.00054
2080-12-11,0.00432
2080-12-12,0.00054
2080-12-13,0.00671
2080-12-14,0.013030000000000002
2080-12-15,0.004
2080-12-16,0.00391
2080-12-17,0.00057
2080-12-18,0.00057
2080-12-19,0.00057
2080-12-20,0.00058
2080-12-21,0.00061
2080-12-22,0.00058
2080-12-23,0.00249
2080-12-24,0.00058
2080-12-25,0.00058
2080-12-26,0.00058
2080-12-27,0.00058
2080-12-28,0.00058
2080-12-29,0.00058
2080-12-30,0.00271
2080-12-31,0.01618
2081-01-01,0.0177
2081-01-02,0.015009999999999999
2081-01-03,0.032389999999999995
2081-01-04,0.09487000000000001
2081-01-05,0.20282999999999998
2081-01-06,0.035210000000000005
2081-01-07,0.029869999999999997
2081-01-08,0.00095
2081-01-09,0.0009699999999999999
2081-01-10,0.00098
2081-01-11,0.00098
2081-01-12,0.00098
2081-01-13,0.00098
2081-01-14,0.00098
2081-01-15,0.00098
2081-01-16,0.00098
2081-01-17,0.001
2081-01-18,0.00371
2081-01-19,0.00361
2081-01-20,0.015269999999999999
2081-01-21,0.02897
2081-01-22,0.00928
2081-01-23,0.00103
2081-01-24,0.0010400000000000001
2081-01-25,0.00105
2081-01-26,0.00105
2081-01-27,0.00105
2081-01-28,0.00105
2081-01-29,0.00105
2081-01-30,0.00105
2081-01-31,0.00105
2081-02-01,0.0010400000000000001
2081-02-02,0.0010400000000000001
2081-02-03,0.0010400000000000001
2081-02-04,0.0010400000000000001
2081-02-05,0.01914
2081-02-06,0.03323
2081-02-07,0.10427
2081-02-08,0.00892
2081-02-09,0.00119
2081-02-10,0.00243
2081-02-11,0.059660000000000005
2081-02-12,0.44614
2081-02-13,0.6280399999999999
2081-02-14,0.12143
2081-02-15,0.0687
2081-02-16,0.076
2081-02-17,0.08335
2081-02-18,0.06785
2081-02-19,0.06447
2081-02-20,0.06875
2081-02-21,0.05703
2081-02-22,0.05584
2081-02-23,0.05063
2081-02-24,0.04679
2081-02-25,0.043
2081-02-26,0.03947
2081-02-27,0.03599
2081-02-28,0.03416
2081-03-01,0.030389999999999997
2081-03-02,0.02769
2081-03-03,0.0249
2081-03-04,0.02232
2081-03-05,0.020030000000000003
2081-03-06,0.018090000000000002
2081-03-07,0.02028
2081-03-08,0.038489999999999996
2081-03-09,0.0384
2081-03-10,0.01849
2081-03-11,0.18392999999999998
2081-03-12,0.17079
2081-03-13,0.09
2081-03-14,0.09133
2081-03-15,0.08499
2081-03-16,0.07708999999999999
2081-03-17,0.07103999999999999
2081-03-18,0.06443
2081-03-19,0.058539999999999995
2081-03-20,0.053110000000000004
2081-03-21,0.047619999999999996
2081-03-22,0.04272
2081-03-23,0.03833
2081-03-24,0.03424
2081-03-25,0.03038
2081-03-26,0.02708
2081-03-27,0.0308
2081-03-28,0.04249
2081-03-29,0.02207
2081-03-30,0.02072
2081-03-31,0.02163
2081-04-01,0.06724
2081-04-02,0.12796
2081-04-03,0.05127999999999999
2081-04-04,0.07167000000000001
2081-04-05,0.06861
2081-04-06,0.05902
2081-04-07,0.05674
2081-04-08,0.05196
2081-04-09,0.04725
2081-04-10,0.043
2081-04-11,0.03854
2081-04-12,0.03866
2081-04-13,0.03198
2081-04-14,0.02883
2081-04-15,0.02567
2081-04-16,0.022609999999999998
2081-04-17,0.01956
2081-04-18,0.01654
2081-04-19,0.0137
2081-04-20,0.01196
2081-04-21,0.00954
2081-04-22,0.00784
2081-04-23,0.00635
2081-04-24,0.00513
2081-04-25,0.01143
2081-04-26,0.00374
2081-04-27,0.0031100000000000004
2081-04-28,0.00251
2081-04-29,0.00214
2081-04-30,0.0066099999999999996
2081-05-01,0.0018800000000000002
2081-05-02,0.0016300000000000002
2081-05-03,0.0014
2081-05-04,0.00126
2081-05-05,0.00122
2081-05-06,0.00121
2081-05-07,0.00119
2081-05-08,0.0012900000000000001
2081-05-09,0.00134
2081-05-10,0.00118
2081-05-11,0.00117
2081-05-12,0.00116
2081-05-13,0.00115
2081-05-14,0.00114
2081-05-15,0.0011300000000000001
2081-05-16,0.00112
2081-05-17,0.0011
2081-05-18,0.00109
2081-05-19,0.00108
2081-05-20,0.00107
2081-05-21,0.00106
2081-05-22,0.0010400000000000001
2081-05-23,0.00103
2081-05-24,0.00101
2081-05-25,0.00099
2081-05-26,0.00098
2081-05-27,0.0009699999999999999
2081-05-28,0.0009599999999999999
2081-05-29,0.00095
2081-05-30,0.0009400000000000001
2081-05-31,0.0009199999999999999
2081-06-01,0.00091
2081-06-02,0.0008900000000000001
2081-06-03,0.0008699999999999999
2081-06-04,0.00086
2081-06-05,0.00084
2081-06-06,0.00082
2081-06-07,0.0008
2081-06-08,0.00078
2081-06-09,0.0007599999999999999
2081-06-10,0.00074
2081-06-11,0.00072
2081-06-12,0.0007099999999999999
2081-06-13,0.0006900000000000001
2081-06-14,0.00067
2081-06-15,0.00066
2081-06-16,0.00065
2081-06-17,0.00063
2081-06-18,0.00062
2081-06-19,0.00061
2081-06-20,0.0006
2081-06-21,0.00059
2081-06-22,0.00058
2081-06-23,0.00057
2081-06-24,0.00056
2081-06-25,0.00055
2081-06-26,0.00054
2081-06-27,0.00053
2081-06-28,0.0005200000000000001
2081-06-29,0.0005099999999999999
2081-06-30,0.0005099999999999999
2081-07-01,0.0005
2081-07-02,0.0005
2081-07-03,0.00049
2081-07-04,0.00049
2081-07-05,0.00049
2081-07-06,0.00049
2081-07-07,0.00049
2081-07-08,0.00047999999999999996
2081-07-09,0.00047999999999999996
2081-07-10,0.00047999999999999996
2081-07-11,0.00047999999999999996
2081-07-12,0.00047999999999999996
2081-07-13,0.00047999999999999996
2081-07-14,0.00047999999999999996
2081-07-15,0.00047999999999999996
2081-07-16,0.00047999999999999996
2081-07-17,0.00047999999999999996
2081-07-18,0.00047999999999999996
2081-07-19,0.00047999999999999996
2081-07-20,0.00047999999999999996
2081-07-21,0.00047999999999999996
2081-07-22,0.00047999999999999996
2081-07-23,0.00047999999999999996
2081-07-24,0.00047999999999999996
2081-07-25,0.00047999999999999996
2081-07-26,0.00047999999999999996
2081-07-27,0.00047999999999999996
2081-07-28,0.00047999999999999996
2081-07-29,0.00047999999999999996
2081-07-30,0.00047999999999999996
2081-07-31,0.00047999999999999996
2081-08-01,0.00047999999999999996
2081-08-02,0.00047999999999999996
2081-08-03,0.00047999999999999996
2081-08-04,0.00047999999999999996
2081-08-05,0.00047999999999999996
2081-08-06,0.00047999999999999996
2081-08-07,0.00047999999999999996
2081-08-08,0.00047999999999999996
2081-08-09,0.00047999999999999996
2081-08-10,0.00047999999999999996
2081-08-11,0.00047999999999999996
2081-08-12,0.00047999999999999996
2081-08-13,0.00047999999999999996
2081-08-14,0.00047999999999999996
2081-08-15,0.00065
2081-08-16,0.00299
2081-08-17,0.00175
2081-08-18,0.00047999999999999996
2081-08-19,0.00047999999999999996
2081-08-20,0.00047999999999999996
2081-08-21,0.00047000000000000004
2081-08-22,0.00047000000000000004
2081-08-23,0.00047000000000000004
2081-08-24,0.00047000000000000004
2081-08-25,0.00047000000000000004
2081-08-26,0.00047000000000000004
2081-08-27,0.00047000000000000004
2081-08-28,0.00047000000000000004
2081-08-29,0.00047000000000000004
2081-08-30,0.00047000000000000004
2081-08-31,0.00047000000000000004
2081-09-01,0.00047000000000000004
2081-09-02,0.00047000000000000004
2081-09-03,0.00047000000000000004
2081-09-04,0.00047000000000000004
2081-09-05,0.00047000000000000004
2081-09-06,0.00047000000000000004
2081-09-07,0.00047000000000000004
2081-09-08,0.0005200000000000001
2081-09-09,0.00047000000000000004
2081-09-10,0.00047000000000000004
2081-09-11,0.00047000000000000004
2081-09-12,0.00047000000000000004
2081-09-13,0.00047000000000000004
2081-09-14,0.00047000000000000004
2081-09-15,0.00047000000000000004
2081-09-16,0.00047000000000000004
2081-09-17,0.00047000000000000004
2081-09-18,0.00047000000000000004
2081-09-19,0.00047000000000000004
2081-09-20,0.00047000000000000004
2081-09-21,0.00047000000000000004
2081-09-22,0.00047000000000000004
2081-09-23,0.00047000000000000004
2081-09-24,0.00047000000000000004
2081-09-25,0.00047000000000000004
2081-09-26,0.00047000000000000004
2081-09-27,0.00047000000000000004
2081-09-28,0.00047000000000000004
2081-09-29,0.00047000000000000004
2081-09-30,0.00047000000000000004
2081-10-01,0.00047000000000000004
2081-10-02,0.00047000000000000004
2081-10-03,0.00047000000000000004
2081-10-04,0.00047000000000000004
2081-10-05,0.00047000000000000004
2081-10-06,0.00047000000000000004
2081-10-07,0.00047000000000000004
2081-10-08,0.00047000000000000004
2081-10-09,0.00047000000000000004
2081-10-10,0.00047000000000000004
2081-10-11,0.00047000000000000004
2081-10-12,0.00047000000000000004
2081-10-13,0.00047000000000000004
2081-10-14,0.00047000000000000004
2081-10-15,0.00047000000000000004
2081-10-16,0.00047000000000000004
2081-10-17,0.00047000000000000004
2081-10-18,0.00047000000000000004
2081-10-19,0.00047000000000000004
2081-10-20,0.00047000000000000004
2081-10-21,0.00047000000000000004
2081-10-22,0.00047000000000000004
2081-10-23,0.00047000000000000004
2081-10-24,0.00047000000000000004
2081-10-25,0.00047000000000000004
2081-10-26,0.0037600000000000003
2081-10-27,0.00829
2081-10-28,0.00295
2081-10-29,0.00047000000000000004
2081-10-30,0.00047000000000000004
2081-10-31,0.0049700000000000005
2081-11-01,0.01699
2081-11-02,0.01653
2081-11-03,0.00047000000000000004
2081-11-04,0.00047000000000000004
2081-11-05,0.00047000000000000004
2081-11-06,0.00047999999999999996
2081-11-07,0.00157
2081-11-08,0.00047999999999999996
2081-11-09,0.00047999999999999996
2081-11-10,0.00047999999999999996
2081-11-11,0.00047999999999999996
2081-11-12,0.00049
2081-11-13,0.00049
2081-11-14,0.00049
2081-11-15,0.01006
2081-11-16,0.02635
2081-11-17,0.0005
2081-11-18,0.01707
2081-11-19,0.09565
2081-11-20,0.13214
2081-11-21,0.0178
2081-11-22,0.00075
2081-11-23,0.00203
2081-11-24,0.00078
2081-11-25,0.00079
2081-11-26,0.00079
2081-11-27,0.00079
2081-11-28,0.02126
2081-11-29,0.08351
2081-11-30,0.053439999999999994
2081-12-01,0.0009699999999999999
2081-12-02,0.0009699999999999999
2081-12-03,0.00098
2081-12-04,0.00098
2081-12-05,0.00519
2081-12-06,0.00818
2081-12-07,0.001
2081-12-08,0.001
2081-12-09,0.001
2081-12-10,0.001
2081-12-11,0.001
2081-12-12,0.01142
2081-12-13,0.0046700000000000005
2081-12-14,0.00212
2081-12-15,0.01994
2081-12-16,0.0353
2081-12-17,0.00229
2081-12-18,0.00108
2081-12-19,0.018869999999999998
2081-12-20,0.031089999999999996
2081-12-21,0.0188
2081-12-22,0.00117
2081-12-23,0.00119
2081-12-24,0.00121
2081-12-25,0.00277
2081-12-26,0.0048
2081-12-27,0.00185
2081-12-28,0.029810000000000003
2081-12-29,0.0983
2081-12-30,0.05504
2081-12-31,0.059910000000000005
2082-01-01,0.10239
2082-01-02,0.05027
2082-01-03,0.05657
2082-01-04,0.05437
2082-01-05,0.051739999999999994
2082-01-06,0.04848
2082-01-07,0.045160000000000006
2082-01-08,0.04178
2082-01-09,0.038560000000000004
2082-01-10,0.03562
2082-01-11,0.03306
2082-01-12,0.03537
2082-01-13,0.03656
2082-01-14,0.0291
2082-01-15,0.060610000000000004
2082-01-16,0.04587
2082-01-17,0.035660000000000004
2082-01-18,0.0377
2082-01-19,0.0375
2082-01-20,0.03632
2082-01-21,0.03462
2082-01-22,0.03265
2082-01-23,0.030719999999999997
2082-01-24,0.06417
2082-01-25,0.21006
2082-01-26,0.14839000000000002
2082-01-27,0.10667
2082-01-28,0.10288
2082-01-29,0.09721
2082-01-30,0.11150999999999998
2082-01-31,0.25597
2082-02-01,0.54281
2082-02-02,0.52704
2082-02-03,0.26061999999999996
2082-02-04,0.16126
2082-02-05,0.18813
2082-02-06,0.2672
2082-02-07,0.15362
2082-02-08,0.15034
2082-02-09,0.19839
2082-02-10,0.1345
2082-02-11,0.13218
2082-02-12,0.12929000000000002
2082-02-13,0.12407
2082-02-14,0.12984
2082-02-15,0.11849000000000001
2082-02-16,0.11120999999999999
2082-02-17,0.10107999999999999
2082-02-18,0.09062
2082-02-19,0.0809
2082-02-20,0.08877
2082-02-21,0.08955
2082-02-22,0.06757
2082-02-23,0.07039
2082-02-24,0.07115
2082-02-25,0.06454
2082-02-26,0.05939
2082-02-27,0.055639999999999995
2082-02-28,0.05152999999999999
2082-03-01,0.04745
2082-03-02,0.04351
2082-03-03,0.03977
2082-03-04,0.0366
2082-03-05,0.033760000000000005
2082-03-06,0.03147
2082-03-07,0.02883
2082-03-08,0.02609
2082-03-09,0.10362
2082-03-10,0.71727
2082-03-11,0.22988000000000003
2082-03-12,0.14209000000000002
2082-03-13,0.12232
2082-03-14,0.14078
2082-03-15,0.11613
2082-03-16,0.11355
2082-03-17,0.10192000000000001
2082-03-18,0.09257
2082-03-19,0.08276
2082-03-20,0.07403
2082-03-21,0.0672
2082-03-22,0.06101
2082-03-23,0.05511
2082-03-24,0.05943
2082-03-25,0.10122
2082-03-26,0.0551
2082-03-27,0.058070000000000004
2082-03-28,0.05559
2082-03-29,0.052079999999999994
2082-03-30,0.048260000000000004
2082-03-31,0.04552
2082-04-01,0.04212
2082-04-02,0.03884
2082-04-03,0.0357
2082-04-04,0.03218
2082-04-05,0.02851
2082-04-06,0.02505
2082-04-07,0.02175
2082-04-08,0.0187
2082-04-09,0.01598
2082-04-10,0.01661
2082-04-11,0.0551
2082-04-12,0.01429
2082-04-13,0.01546
2082-04-14,0.01599
2082-04-15,0.015780000000000002
2082-04-16,0.06545
2082-04-17,0.08317999999999999
2082-04-18,0.07176
2082-04-19,0.0844
2082-04-20,0.06264
2082-04-21,0.06289
2082-04-22,0.059210000000000006
2082-04-23,0.0552
2082-04-24,0.050730000000000004
2082-04-25,0.04604
2082-04-26,0.042089999999999995
2082-04-27,0.03825
2082-04-28,0.03439
2082-04-29,0.03071
2082-04-30,0.027219999999999998
2082-05-01,0.02342
2082-05-02,0.01948
2082-05-03,0.01612
2082-05-04,0.013330000000000002
2082-05-05,0.01089
2082-05-06,0.00873
2082-05-07,0.0069099999999999995
2082-05-08,0.00536
2082-05-09,0.00398
2082-05-10,0.00281
2082-05-11,0.00228
2082-05-12,0.0015
2082-05-13,0.00128
2082-05-14,0.00122
2082-05-15,0.0012
2082-05-16,0.00119
2082-05-17,0.00117
2082-05-18,0.0012
2082-05-19,0.00116
2082-05-20,0.00115
2082-05-21,0.0011300000000000001
2082-05-22,0.00168
2082-05-23,0.0011099999999999999
2082-05-24,0.0011
2082-05-25,0.00108
2082-05-26,0.00107
2082-05-27,0.00105
2082-05-28,0.0010400000000000001
2082-05-29,0.0010199999999999999
2082-05-30,0.001
2082-05-31,0.00099
2082-06-01,0.00098
2082-06-02,0.0009599999999999999
2082-06-03,0.0009400000000000001
2082-06-04,0.00131
2082-06-05,0.0009199999999999999
2082-06-06,0.00091
2082-06-07,0.0008900000000000001
2082-06-08,0.0008699999999999999
2082-06-09,0.00086
2082-06-10,0.00084
2082-06-11,0.0008300000000000001
2082-06-12,0.00081
2082-06-13,0.00078
2082-06-14,0.0007599999999999999
2082-06-15,0.00074
2082-06-16,0.00072
2082-06-17,0.0007
2082-06-18,0.0006900000000000001
2082-06-19,0.00067
2082-06-20,0.00066
2082-06-21,0.00064
2082-06-22,0.00063
2082-06-23,0.00061
2082-06-24,0.0006
2082-06-25,0.00059
2082-06-26,0.00057
2082-06-27,0.00056
2082-06-28,0.00055
2082-06-29,0.00054
2082-06-30,0.00053
2082-07-01,0.00053
2082-07-02,0.0005200000000000001
2082-07-03,0.0005099999999999999
2082-07-04,0.0005099999999999999
2082-07-05,0.0005
2082-07-06,0.0005
2082-07-07,0.00049
2082-07-08,0.00049
2082-07-09,0.00049
2082-07-10,0.00049
2082-07-11,0.00049
2082-07-12,0.00047999999999999996
2082-07-13,0.00047999999999999996
2082-07-14,0.00047999999999999996
2082-07-15,0.00047999999999999996
2082-07-16,0.00047999999999999996
2082-07-17,0.00047999999999999996
2082-07-18,0.00047999999999999996
2082-07-19,0.00047999999999999996
2082-07-20,0.00047999999999999996
2082-07-21,0.00047999999999999996
2082-07-22,0.00047999999999999996
2082-07-23,0.00047999999999999996
2082-07-24,0.00047999999999999996
2082-07-25,0.00047999999999999996
2082-07-26,0.00047999999999999996
2082-07-27,0.00047999999999999996
2082-07-28,0.00047999999999999996
2082-07-29,0.00047999999999999996
2082-07-30,0.00054
2082-07-31,0.00047999999999999996
2082-08-01,0.00047999999999999996
2082-08-02,0.00047999999999999996
2082-08-03,0.00047999999999999996
2082-08-04,0.00047999999999999996
2082-08-05,0.00047999999999999996
2082-08-06,0.00047999999999999996
2082-08-07,0.00047999999999999996
2082-08-08,0.00047999999999999996
2082-08-09,0.00047999999999999996
2082-08-10,0.00047999999999999996
2082-08-11,0.00047999999999999996
2082-08-12,0.00047999999999999996
2082-08-13,0.00047999999999999996
2082-08-14,0.00047999999999999996
2082-08-15,0.00047999999999999996
2082-08-16,0.00047999999999999996
2082-08-17,0.00047999999999999996
2082-08-18,0.00047999999999999996
2082-08-19,0.00047999999999999996
2082-08-20,0.00047999999999999996
2082-08-21,0.00047999999999999996
2082-08-22,0.00047999999999999996
2082-08-23,0.00047999999999999996
2082-08-24,0.00047999999999999996
2082-08-25,0.00047000000000000004
2082-08-26,0.00062
2082-08-27,0.00057
2082-08-28,0.00047000000000000004
2082-08-29,0.00047000000000000004
2082-08-30,0.00047000000000000004
2082-08-31,0.00047000000000000004
2082-09-01,0.00047000000000000004
2082-09-02,0.00047000000000000004
2082-09-03,0.00047000000000000004
2082-09-04,0.0007599999999999999
2082-09-05,0.00047000000000000004
2082-09-06,0.02555
2082-09-07,0.00047000000000000004
2082-09-08,0.00047000000000000004
2082-09-09,0.00047000000000000004
2082-09-10,0.00047000000000000004
2082-09-11,0.00047000000000000004
2082-09-12,0.00047000000000000004
2082-09-13,0.00047000000000000004
2082-09-14,0.00047000000000000004
2082-09-15,0.00047000000000000004
2082-09-16,0.00047000000000000004
2082-09-17,0.00047000000000000004
2082-09-18,0.00047000000000000004
2082-09-19,0.00047000000000000004
2082-09-20,0.00047000000000000004
2082-09-21,0.00047000000000000004
2082-09-22,0.00047000000000000004
2082-09-23,0.00047000000000000004
2082-09-24,0.00047000000000000004
2082-09-25,0.00047000000000000004
2082-09-26,0.00047000000000000004
2082-09-27,0.00047000000000000004
2082-09-28,0.00047000000000000004
2082-09-29,0.00047000000000000004
2082-09-30,0.00047000000000000004
2082-10-01,0.00047000000000000004
2082-10-02,0.00047000000000000004
2082-10-03,0.00047000000000000004
2082-10-04,0.00047000000000000004
2082-10-05,0.00047000000000000004
2082-10-06,0.00047000000000000004
2082-10-07,0.00047000000000000004
2082-10-08,0.00047000000000000004
2082-10-09,0.00047000000000000004
2082-10-10,0.00155
2082-10-11,0.00047000000000000004
2082-10-12,0.00047000000000000004
2082-10-13,0.00047000000000000004
2082-10-14,0.00047000000000000004
2082-10-15,0.00047000000000000004
2082-10-16,0.00047000000000000004
2082-10-17,0.00836
2082-10-18,0.00047000000000000004
2082-10-19,0.00047000000000000004
2082-10-20,0.00047000000000000004
2082-10-21,0.00047000000000000004
2082-10-22,0.00047000000000000004
2082-10-23,0.00047000000000000004
2082-10-24,0.00047000000000000004
2082-10-25,0.00047000000000000004
2082-10-26,0.00434
2082-10-27,0.00396
2082-10-28,0.00047000000000000004
2082-10-29,0.00594
2082-10-30,0.00047000000000000004
2082-10-31,0.00047000000000000004
2082-11-01,0.00086
2082-11-02,0.0107
2082-11-03,0.00047000000000000004
2082-11-04,0.00047000000000000004
2082-11-05,0.00047000000000000004
2082-11-06,0.00047000000000000004
2082-11-07,0.00047000000000000004
2082-11-08,0.0071
2082-11-09,0.00047000000000000004
2082-11-10,0.00047000000000000004
2082-11-11,0.00047000000000000004
2082-11-12,0.00047000000000000004
2082-11-13,0.00047000000000000004
2082-11-14,0.00047000000000000004
2082-11-15,0.00047000000000000004
2082-11-16,0.00047000000000000004
2082-11-17,0.00047000000000000004
2082-11-18,0.00047000000000000004
2082-11-19,0.00047000000000000004
2082-11-20,0.00047000000000000004
2082-11-21,0.00047000000000000004
2082-11-22,0.00626
2082-11-23,0.0192
2082-11-24,0.01526
2082-11-25,0.00047999999999999996
2082-11-26,0.00049
2082-11-27,0.0005
2082-11-28,0.0005
2082-11-29,0.0005
2082-11-30,0.0005099999999999999
2082-12-01,0.0005099999999999999
2082-12-02,0.0005099999999999999
2082-12-03,0.0005099999999999999
2082-12-04,0.0005099999999999999
2082-12-05,0.0005099999999999999
2082-12-06,0.0005099999999999999
2082-12-07,0.0005099999999999999
2082-12-08,0.0005099999999999999
2082-12-09,0.0005099999999999999
2082-12-10,0.0005099999999999999
2082-12-11,0.0005099999999999999
2082-12-12,0.0005099999999999999
2082-12-13,0.01714
2082-12-14,0.0015300000000000001
2082-12-15,0.0005099999999999999
2082-12-16,0.00056
2082-12-17,0.0005200000000000001
2082-12-18,0.0005200000000000001
2082-12-19,0.0005200000000000001
2082-12-20,0.0005200000000000001
2082-12-21,0.0005200000000000001
2082-12-22,0.00053
2082-12-23,0.00059
2082-12-24,0.01212
2082-12-25,0.029460000000000004
2082-12-26,0.01022
2082-12-27,0.0032600000000000003
2082-12-28,0.01055
2082-12-29,0.00618
2082-12-30,0.00149
2082-12-31,0.00063
2083-01-01,0.00062
2083-01-02,0.00062
2083-01-03,0.00063
2083-01-04,0.00403
2083-01-05,0.00475
2083-01-06,0.022609999999999998
2083-01-07,0.050660000000000004
2083-01-08,0.07213
2083-01-09,0.00615
2083-01-10,0.00462
2083-01-11,0.00082
2083-01-12,0.0008300000000000001
2083-01-13,0.0008300000000000001
2083-01-14,0.0008300000000000001
2083-01-15,0.0008300000000000001
2083-01-16,0.0008300000000000001
2083-01-17,0.0008300000000000001
2083-01-18,0.0008300000000000001
2083-01-19,0.0008300000000000001
2083-01-20,0.00082
2083-01-21,0.00082
2083-01-22,0.00082
2083-01-23,0.00081
2083-01-24,0.00081
2083-01-25,0.00081
2083-01-26,0.0035
2083-01-27,0.00175
2083-01-28,0.00314
2083-01-29,0.00119
2083-01-30,0.0008
2083-01-31,0.0010199999999999999
2083-02-01,0.00081
2083-02-02,0.0008
2083-02-03,0.00079
2083-02-04,0.00079
2083-02-05,0.00079
2083-02-06,0.00079
2083-02-07,0.00078
2083-02-08,0.00078
2083-02-09,0.00081
2083-02-10,0.0007700000000000001
2083-02-11,0.0007700000000000001
2083-02-12,0.0007700000000000001
2083-02-13,0.00196
2083-02-14,0.0013800000000000002
2083-02-15,0.0007599999999999999
2083-02-16,0.0007599999999999999
2083-02-17,0.00075
2083-02-18,0.00075
2083-02-19,0.00114
2083-02-20,0.00074
2083-02-21,0.01647
2083-02-22,0.0457
2083-02-23,0.02395
2083-02-24,0.0016699999999999998
2083-02-25,0.0125
2083-02-26,0.00082
2083-02-27,0.00117
2083-02-28,0.00084
2083-03-01,0.00084
2083-03-02,0.00084
2083-03-03,0.00084
2083-03-04,0.00896
2083-03-05,0.01245
2083-03-06,0.00118
2083-03-07,0.00093
2083-03-08,0.00086
2083-03-09,0.00086
2083-03-10,0.00086
2083-03-11,0.00086
2083-03-12,0.00086
2083-03-13,0.00086
2083-03-14,0.00168
2083-03-15,0.00085
2083-03-16,0.00085
2083-03-17,0.00085
2083-03-18,0.00084
2083-03-19,0.00084
2083-03-20,0.0008300000000000001
2083-03-21,0.00082
2083-03-22,0.00082
2083-03-23,0.00081
2083-03-24,0.0008
2083-03-25,0.00079
2083-03-26,0.00078
2083-03-27,0.00078
2083-03-28,0.00635
2083-03-29,0.0007700000000000001
2083-03-30,0.00659
2083-03-31,0.00084
2083-04-01,0.01683
2083-04-02,0.0089
2083-04-03,0.0007599999999999999
2083-04-04,0.0007599999999999999
2083-04-05,0.00075
2083-04-06,0.00075
2083-04-07,0.00074
2083-04-08,0.00074
2083-04-09,0.00073
2083-04-10,0.013880000000000002
2083-04-11,0.00072
2083-04-12,0.00082
2083-04-13,0.01849
2083-04-14,0.02818
2083-04-15,0.00122
2083-04-16,0.0007599999999999999
2083-04-17,0.0007700000000000001
2083-04-18,0.0007599999999999999
2083-04-19,0.0007599999999999999
2083-04-20,0.00075
2083-04-21,0.00074
2083-04-22,0.00073
2083-04-23,0.00072
2083-04-24,0.0007
2083-04-25,0.0006900000000000001
2083-04-26,0.0006799999999999999
2083-04-27,0.00067
2083-04-28,0.00066
2083-04-29,0.00066
2083-04-30,0.001
2083-05-01,0.00065
2083-05-02,0.00064
2083-05-03,0.00063
2083-05-04,0.00062
2083-05-05,0.00061
2083-05-06,0.0006
2083-05-07,0.00059
2083-05-08,0.00058
2083-05-09,0.00058
2083-05-10,0.00823
2083-05-11,0.0048
2083-05-12,0.00303
2083-05-13,0.00057
2083-05-14,0.00056
2083-05-15,0.00056
2083-05-16,0.00055
2083-05-17,0.00054
2083-05-18,0.00054
2083-05-19,0.00053
2083-05-20,0.00053
2083-05-21,0.0005200000000000001
2083-05-22,0.0005200000000000001
2083-05-23,0.0005099999999999999
2083-05-24,0.0005099999999999999
2083-05-25,0.0005099999999999999
2083-05-26,0.0005
2083-05-27,0.00365
2083-05-28,0.0005
2083-05-29,0.0005
2083-05-30,0.00049
2083-05-31,0.00049
2083-06-01,0.00049
2083-06-02,0.00049
2083-06-03,0.00049
2083-06-04,0.00049
2083-06-05,0.00047999999999999996
2083-06-06,0.00047999999999999996
2083-06-07,0.00047999999999999996
2083-06-08,0.00047999999999999996
2083-06-09,0.00047999999999999996
2083-06-10,0.00047999999999999996
2083-06-11,0.00047999999999999996
2083-06-12,0.00047999999999999996
2083-06-13,0.00047999999999999996
2083-06-14,0.00047999999999999996
2083-06-15,0.00047999999999999996
2083-06-16,0.00047999999999999996
2083-06-17,0.00047999999999999996
2083-06-18,0.00047999999999999996
2083-06-19,0.00047999999999999996
2083-06-20,0.00047999999999999996
2083-06-21,0.00047999999999999996
2083-06-22,0.00047999999999999996
2083-06-23,0.00047999999999999996
2083-06-24,0.00047999999999999996
2083-06-25,0.00047999999999999996
2083-06-26,0.00047999999999999996
2083-06-27,0.00047999999999999996
2083-06-28,0.00047999999999999996
2083-06-29,0.005229999999999999
2083-06-30,0.006379999999999999
2083-07-01,0.00047999999999999996
2083-07-02,0.00047999999999999996
2083-07-03,0.00047999999999999996
2083-07-04,0.00047999999999999996
2083-07-05,0.00047999999999999996
2083-07-06,0.00047999999999999996
2083-07-07,0.00047999999999999996
2083-07-08,0.00047999999999999996
2083-07-09,0.00047999999999999996
2083-07-10,0.00047999999999999996
2083-07-11,0.00047999999999999996
2083-07-12,0.00047999999999999996
2083-07-13,0.00047999999999999996
2083-07-14,0.00047999999999999996
2083-07-15,0.00047999999999999996
2083-07-16,0.00047999999999999996
2083-07-17,0.00047999999999999996
2083-07-18,0.00047999999999999996
2083-07-19,0.00047000000000000004
2083-07-20,0.00047000000000000004
2083-07-21,0.00047000000000000004
2083-07-22,0.00047000000000000004
2083-07-23,0.00047000000000000004
2083-07-24,0.00047000000000000004
2083-07-25,0.00047000000000000004
2083-07-26,0.00047000000000000004
2083-07-27,0.00047000000000000004
2083-07-28,0.00047000000000000004
2083-07-29,0.00047000000000000004
2083-07-30,0.00047000000000000004
2083-07-31,0.00047000000000000004
2083-08-01,0.00047000000000000004
2083-08-02,0.00047000000000000004
2083-08-03,0.00047000000000000004
2083-08-04,0.00047000000000000004
2083-08-05,0.00047000000000000004
2083-08-06,0.00047000000000000004
2083-08-07,0.00047000000000000004
2083-08-08,0.00047000000000000004
2083-08-09,0.00047000000000000004
2083-08-10,0.00047000000000000004
2083-08-11,0.00047000000000000004
2083-08-12,0.00047000000000000004
2083-08-13,0.00047000000000000004
2083-08-14,0.00047000000000000004
2083-08-15,0.00047000000000000004
2083-08-16,0.00047000000000000004
2083-08-17,0.00047000000000000004
2083-08-18,0.00047000000000000004
2083-08-19,0.00047000000000000004
2083-08-20,0.00047000000000000004
2083-08-21,0.00047000000000000004
2083-08-22,0.00047000000000000004
2083-08-23,0.00047000000000000004
2083-08-24,0.00047000000000000004
2083-08-25,0.00047000000000000004
2083-08-26,0.00047000000000000004
2083-08-27,0.00047000000000000004
2083-08-28,0.00047000000000000004
2083-08-29,0.00047000000000000004
2083-08-30,0.00047000000000000004
2083-08-31,0.00047000000000000004
2083-09-01,0.00047000000000000004
2083-09-02,0.00047000000000000004
2083-09-03,0.00047000000000000004
2083-09-04,0.00047000000000000004
2083-09-05,0.00047000000000000004
2083-09-06,0.00047000000000000004
2083-09-07,0.00047000000000000004
2083-09-08,0.00047000000000000004
2083-09-09,0.00047000000000000004
2083-09-10,0.00047000000000000004
2083-09-11,0.00088
2083-09-12,0.00047000000000000004
2083-09-13,0.00047000000000000004
2083-09-14,0.00047000000000000004
2083-09-15,0.00047000000000000004
2083-09-16,0.00047000000000000004
2083-09-17,0.00047000000000000004
2083-09-18,0.00047000000000000004
2083-09-19,0.00047000000000000004
2083-09-20,0.00047000000000000004
2083-09-21,0.00047000000000000004
2083-09-22,0.00047000000000000004
2083-09-23,0.00047000000000000004
2083-09-24,0.00047000000000000004
2083-09-25,0.00047000000000000004
2083-09-26,0.00047000000000000004
2083-09-27,0.00047000000000000004
2083-09-28,0.00047000000000000004
2083-09-29,0.00047000000000000004
2083-09-30,0.00047000000000000004
2083-10-01,0.00047000000000000004
2083-10-02,0.00047000000000000004
2083-10-03,0.00047000000000000004
2083-10-04,0.00047000000000000004
2083-10-05,0.00047000000000000004
2083-10-06,0.00047000000000000004
2083-10-07,0.00047000000000000004
2083-10-08,0.00047000000000000004
2083-10-09,0.00047000000000000004
2083-10-10,0.00047000000000000004
2083-10-11,0.008409999999999999
2083-10-12,0.0176
2083-10-13,0.01139
2083-10-14,0.044000000000000004
2083-10-15,0.01852
2083-10-16,0.0005099999999999999
2083-10-17,0.0005200000000000001
2083-10-18,0.00053
2083-10-19,0.00053
2083-10-20,0.00053
2083-10-21,0.00053
2083-10-22,0.00053
2083-10-23,0.00053
2083-10-24,0.00053
2083-10-25,0.00053
2083-10-26,0.0005200000000000001
2083-10-27,0.0005200000000000001
2083-10-28,0.0005200000000000001
2083-10-29,0.0005200000000000001
2083-10-30,0.0005200000000000001
2083-10-31,0.0005200000000000001
2083-11-01,0.044739999999999995
2083-11-02,0.0208
2083-11-03,0.024880000000000003
2083-11-04,0.00058
2083-11-05,0.0006
2083-11-06,0.00061
2083-11-07,0.00061
2083-11-08,0.00062
2083-11-09,0.00062
2083-11-10,0.00062
2083-11-11,0.00062
2083-11-12,0.00182
2083-11-13,0.00062
2083-11-14,0.0017100000000000001
2083-11-15,0.00062
2083-11-16,0.0038799999999999998
2083-11-17,0.00062
2083-11-18,0.00062
2083-11-19,0.00062
2083-11-20,0.00062
2083-11-21,0.00264
2083-11-22,0.0037600000000000003
2083-11-23,0.00603
2083-11-24,0.07973
2083-11-25,0.29555
2083-11-26,0.20792
2083-11-27,0.17085
2083-11-28,0.0010199999999999999
2083-11-29,0.0010400000000000001
2083-11-30,0.00106
2083-12-01,0.00106
2083-12-02,0.01038
2083-12-03,0.010920000000000001
2083-12-04,0.00108
2083-12-05,0.0023
2083-12-06,0.00209
2083-12-07,0.0011
2083-12-08,0.0011
2083-12-09,0.0149
2083-12-10,0.02647
2083-12-11,0.00469
2083-12-12,0.00145
2083-12-13,0.00322
2083-12-14,0.00361
2083-12-15,0.0046700000000000005
2083-12-16,0.0181
2083-12-17,0.00698
2083-12-18,0.00201
2083-12-19,0.00451
2083-12-20,0.00965
2083-12-21,0.0054399999999999995
2083-12-22,0.00448
2083-12-23,0.0049700000000000005
2083-12-24,0.00372
2083-12-25,0.00316
2083-12-26,0.00297
2083-12-27,0.00329
2083-12-28,0.00352
2083-12-29,0.00364
2083-12-30,0.00366
2083-12-31,0.01182
2084-01-01,0.0043100000000000005
2084-01-02,0.00394
2084-01-03,0.00399
2084-01-04,0.00405
2084-01-05,0.00413
2084-01-06,0.00418
2084-01-07,0.00417
2084-01-08,0.00415
2084-01-09,0.0041
2084-01-10,0.0040100000000000005
2084-01-11,0.00389
2084-01-12,0.00375
2084-01-13,0.00361
2084-01-14,0.013969999999999998
2084-01-15,0.01968
2084-01-16,0.023219999999999998
2084-01-17,0.01567
2084-01-18,0.00745
2084-01-19,0.00897
2084-01-20,0.00987
2084-01-21,0.01031
2084-01-22,0.01037
2084-01-23,0.01024
2084-01-24,0.013130000000000001
2084-01-25,0.01008
2084-01-26,0.009940000000000001
2084-01-27,0.02153
2084-01-28,0.0127
2084-01-29,0.01399
2084-01-30,0.07113
2084-01-31,0.13908
2084-02-01,0.06142
2084-02-02,0.05852
2084-02-03,0.06731000000000001
2084-02-04,0.06279
2084-02-05,0.060860000000000004
2084-02-06,0.059370000000000006
2084-02-07,0.0543
2084-02-08,0.05159
2084-02-09,0.048119999999999996
2084-02-10,0.04419
2084-02-11,0.04044
2084-02-12,0.03684
2084-02-13,0.0333
2084-02-14,0.030189999999999998
2084-02-15,0.0276
2084-02-16,0.02509
2084-02-17,0.02282
2084-02-18,0.021169999999999998
2084-02-19,0.0297
2084-02-20,0.02915
2084-02-21,0.02593
2084-02-22,0.02411
2084-02-23,0.04385
2084-02-24,0.05106
2084-02-25,0.08762
2084-02-26,0.09947
2084-02-27,0.08438
2084-02-28,0.07405
2084-02-29,0.0725
2084-03-01,0.0677
2084-03-02,0.06196
2084-03-03,0.05604
2084-03-04,0.0505
2084-03-05,0.04556
2084-03-06,0.04144
2084-03-07,0.0379
2084-03-08,0.03458
2084-03-09,0.03171
2084-03-10,0.02938
2084-03-11,0.02752
2084-03-12,0.02507
2084-03-13,0.03335
2084-03-14,0.021269999999999997
2084-03-15,0.01945
2084-03-16,0.01747
2084-03-17,0.01553
2084-03-18,0.014580000000000001
2084-03-19,0.012490000000000001
2084-03-20,0.01122
2084-03-21,0.009890000000000001
2084-03-22,0.00881
2084-03-23,0.00808
2084-03-24,0.00772
2084-03-25,0.00733
2084-03-26,0.01009
2084-03-27,0.01026
2084-03-28,0.013000000000000001
2084-03-29,0.006379999999999999
2084-03-30,0.0058200000000000005
2084-03-31,0.01077
2084-04-01,0.00585
2084-04-02,0.00509
2084-04-03,0.00466
2084-04-04,0.006670000000000001
2084-04-05,0.00405
2084-04-06,0.0036299999999999995
2084-04-07,0.00317
2084-04-08,0.00266
2084-04-09,0.00218
2084-04-10,0.00183
2084-04-11,0.0016
2084-04-12,0.00143
2084-04-13,0.00131
2084-04-14,0.00125
2084-04-15,0.00122
2084-04-16,0.00121
2084-04-17,0.0012
2084-04-18,0.00158
2084-04-19,0.00118
2084-04-20,0.0019399999999999999
2084-04-21,0.00117
2084-04-22,0.00117
2084-04-23,0.00116
2084-04-24,0.00115
2084-04-25,0.00114
2084-04-26,0.0011300000000000001
2084-04-27,0.00112
2084-04-28,0.00162
2084-04-29,0.0011
2084-04-30,0.00109
2084-05-01,0.00108
2084-05-02,0.00106
2084-05-03,0.00105
2084-05-04,0.0010400000000000001
2084-05-05,0.00103
2084-05-06,0.0012900000000000001
2084-05-07,0.001
2084-05-08,0.0013800000000000002
2084-05-09,0.00098
2084-05-10,0.0009599999999999999
2084-05-11,0.0014
2084-05-12,0.0009400000000000001
2084-05-13,0.00093
2084-05-14,0.0009199999999999999
2084-05-15,0.00322
2084-05-16,0.0008900000000000001
2084-05-17,0.0008900000000000001
2084-05-18,0.0008699999999999999
2084-05-19,0.00086
2084-05-20,0.00085
2084-05-21,0.00084
2084-05-22,0.0008300000000000001
2084-05-23,0.00082
2084-05-24,0.0008
2084-05-25,0.00079
2084-05-26,0.00078
2084-05-27,0.0007700000000000001
2084-05-28,0.0007599999999999999
2084-05-29,0.00075
2084-05-30,0.00074
2084-05-31,0.00073
2084-06-01,0.00072
2084-06-02,0.0007
2084-06-03,0.0006900000000000001
2084-06-04,0.00067
2084-06-05,0.00066
2084-06-06,0.00064
2084-06-07,0.00063
2084-06-08,0.00061
2084-06-09,0.0006
2084-06-10,0.00059
2084-06-11,0.00058
2084-06-12,0.00057
2084-06-13,0.00056
2084-06-14,0.00055
2084-06-15,0.00054
2084-06-16,0.00053
2084-06-17,0.0010400000000000001
2084-06-18,0.0005200000000000001
2084-06-19,0.0005200000000000001
2084-06-20,0.0005099999999999999
2084-06-21,0.0005099999999999999
2084-06-22,0.0005099999999999999
2084-06-23,0.0005
2084-06-24,0.0005
2084-06-25,0.00049
2084-06-26,0.00049
2084-06-27,0.00049
2084-06-28,0.00049
2084-06-29,0.00049
2084-06-30,0.00047999999999999996
2084-07-01,0.00047999999999999996
2084-07-02,0.00047999999999999996
2084-07-03,0.00047999999999999996
2084-07-04,0.00047999999999999996
2084-07-05,0.00047999999999999996
2084-07-06,0.00047999999999999996
2084-07-07,0.00047999999999999996
2084-07-08,0.00047999999999999996
2084-07-09,0.00047999999999999996
2084-07-10,0.00047999999999999996
2084-07-11,0.00047999999999999996
2084-07-12,0.00047999999999999996
2084-07-13,0.00047999999999999996
2084-07-14,0.00047999999999999996
2084-07-15,0.00047999999999999996
2084-07-16,0.00047999999999999996
2084-07-17,0.00047999999999999996
2084-07-18,0.00047999999999999996
2084-07-19,0.00047999999999999996
2084-07-20,0.00047999999999999996
2084-07-21,0.00047999999999999996
2084-07-22,0.00047999999999999996
2084-07-23,0.00047999999999999996
2084-07-24,0.00047999999999999996
2084-07-25,0.00047999999999999996
2084-07-26,0.00047999999999999996
2084-07-27,0.00047999999999999996
2084-07-28,0.00047999999999999996
2084-07-29,0.00047999999999999996
2084-07-30,0.00047999999999999996
2084-07-31,0.00047999999999999996
2084-08-01,0.00047999999999999996
2084-08-02,0.00047999999999999996
2084-08-03,0.00047999999999999996
2084-08-04,0.00047999999999999996
2084-08-05,0.00047999999999999996
2084-08-06,0.00047999999999999996
2084-08-07,0.00047999999999999996
2084-08-08,0.00047999999999999996
2084-08-09,0.00047999999999999996
2084-08-10,0.00047999999999999996
2084-08-11,0.00047999999999999996
2084-08-12,0.00047999999999999996
2084-08-13,0.00047000000000000004
2084-08-14,0.00047000000000000004
2084-08-15,0.00047000000000000004
2084-08-16,0.00047000000000000004
2084-08-17,0.00047000000000000004
2084-08-18,0.00047000000000000004
2084-08-19,0.00047000000000000004
2084-08-20,0.00047000000000000004
2084-08-21,0.00047000000000000004
2084-08-22,0.00047000000000000004
2084-08-23,0.00047000000000000004
2084-08-24,0.00047000000000000004
2084-08-25,0.00047000000000000004
2084-08-26,0.00047000000000000004
2084-08-27,0.00047000000000000004
2084-08-28,0.00047000000000000004
2084-08-29,0.00047000000000000004
2084-08-30,0.00047000000000000004
2084-08-31,0.00047000000000000004
2084-09-01,0.00047000000000000004
2084-09-02,0.00047000000000000004
2084-09-03,0.00047000000000000004
2084-09-04,0.00047000000000000004
2084-09-05,0.00047000000000000004
2084-09-06,0.00047000000000000004
2084-09-07,0.00047000000000000004
2084-09-08,0.00047000000000000004
2084-09-09,0.00047000000000000004
2084-09-10,0.00047000000000000004
2084-09-11,0.00047000000000000004
2084-09-12,0.00047000000000000004
2084-09-13,0.00047000000000000004
2084-09-14,0.00047000000000000004
2084-09-15,0.00047000000000000004
2084-09-16,0.00047000000000000004
2084-09-17,0.00047000000000000004
2084-09-18,0.00047000000000000004
2084-09-19,0.00047000000000000004
2084-09-20,0.00047000000000000004
2084-09-21,0.00047000000000000004
2084-09-22,0.00047000000000000004
2084-09-23,0.00047000000000000004
2084-09-24,0.00186
2084-09-25,0.00047000000000000004
2084-09-26,0.00047000000000000004
2084-09-27,0.00047000000000000004
2084-09-28,0.00047000000000000004
2084-09-29,0.0016300000000000002
2084-09-30,0.00496
2084-10-01,0.0005
2084-10-02,0.00047000000000000004
2084-10-03,0.00047000000000000004
2084-10-04,0.00047000000000000004
2084-10-05,0.00047000000000000004
2084-10-06,0.00047000000000000004
2084-10-07,0.00047000000000000004
2084-10-08,0.00047000000000000004
2084-10-09,0.00047000000000000004
2084-10-10,0.00047000000000000004
2084-10-11,0.00047000000000000004
2084-10-12,0.00047000000000000004
2084-10-13,0.00047000000000000004
2084-10-14,0.00047000000000000004
2084-10-15,0.00047000000000000004
2084-10-16,0.00047000000000000004
2084-10-17,0.00047000000000000004
2084-10-18,0.00047000000000000004
2084-10-19,0.00047000000000000004
2084-10-20,0.01149
2084-10-21,0.0007700000000000001
2084-10-22,0.00047000000000000004
2084-10-23,0.00047000000000000004
2084-10-24,0.00047000000000000004
2084-10-25,0.00047000000000000004
2084-10-26,0.00047000000000000004
2084-10-27,0.00047000000000000004
2084-10-28,0.00047000000000000004
2084-10-29,0.00047000000000000004
2084-10-30,0.00047000000000000004
2084-10-31,0.00047000000000000004
2084-11-01,0.00047000000000000004
2084-11-02,0.00047000000000000004
2084-11-03,0.00047000000000000004
2084-11-04,0.00047000000000000004
2084-11-05,0.00047000000000000004
2084-11-06,0.00406
2084-11-07,0.0155
2084-11-08,0.00995
2084-11-09,0.00047000000000000004
2084-11-10,0.00665
2084-11-11,0.00047000000000000004
2084-11-12,0.00047000000000000004
2084-11-13,0.00047000000000000004
2084-11-14,0.00047000000000000004
2084-11-15,0.015009999999999999
2084-11-16,0.00963
2084-11-17,0.0936
2084-11-18,0.00061
2084-11-19,0.00059
2084-11-20,0.0116
2084-11-21,0.01581
2084-11-22,0.00063
2084-11-23,0.00064
2084-11-24,0.00065
2084-11-25,0.00065
2084-11-26,0.00066
2084-11-27,0.01791
2084-11-28,0.00118
2084-11-29,0.00067
2084-11-30,0.015080000000000001
2084-12-01,0.01556
2084-12-02,0.03172
2084-12-03,0.08139
2084-12-04,0.03397
2084-12-05,0.03199
2084-12-06,0.18456
2084-12-07,0.20654
2084-12-08,0.01616
2084-12-09,0.01873
2084-12-10,0.05152
2084-12-11,0.019180000000000003
2084-12-12,0.01872
2084-12-13,0.01401
2084-12-14,0.0103
2084-12-15,0.01152
2084-12-16,0.01209
2084-12-17,0.01292
2084-12-18,0.01245
2084-12-19,0.012190000000000001
2084-12-20,0.01459
2084-12-21,0.01151
2084-12-22,0.01108
2084-12-23,0.01174
2084-12-24,0.01024
2084-12-25,0.009859999999999999
2084-12-26,0.009309999999999999
2084-12-27,0.00926
2084-12-28,0.01053
2084-12-29,0.00861
2084-12-30,0.01155
2084-12-31,0.01259
2085-01-01,0.00812
2085-01-02,0.00783
2085-01-03,0.00758
2085-01-04,0.0072900000000000005
2085-01-05,0.006999999999999999
2085-01-06,0.00672
2085-01-07,0.0065
2085-01-08,0.00628
2085-01-09,0.00687
2085-01-10,0.00585
2085-01-11,0.0056
2085-01-12,0.0052899999999999996
2085-01-13,0.00496
2085-01-14,0.00464
2085-01-15,0.00433
2085-01-16,0.02081
2085-01-17,0.0228
2085-01-18,0.0046
2085-01-19,0.0053
2085-01-20,0.00577
2085-01-21,0.0059700000000000005
2085-01-22,0.00602
2085-01-23,0.00892
2085-01-24,0.00602
2085-01-25,0.00979
2085-01-26,0.020069999999999998
2085-01-27,0.01725
2085-01-28,0.00867
2085-01-29,0.00958
2085-01-30,0.01651
2085-01-31,0.03599
2085-02-01,0.01365
2085-02-02,0.0158
2085-02-03,0.020730000000000002
2085-02-04,0.02168
2085-02-05,0.01814
2085-02-06,0.01815
2085-02-07,0.0181
2085-02-08,0.017830000000000002
2085-02-09,0.01732
2085-02-10,0.016630000000000002
2085-02-11,0.015880000000000002
2085-02-12,0.01511
2085-02-13,0.01414
2085-02-14,0.012969999999999999
2085-02-15,0.01187
2085-02-16,0.01677
2085-02-17,0.02169
2085-02-18,0.026860000000000002
2085-02-19,0.013819999999999999
2085-02-20,0.01255
2085-02-21,0.01266
2085-02-22,0.01265
2085-02-23,0.01916
2085-02-24,0.01963
2085-02-25,0.01923
2085-02-26,0.03841
2085-02-27,0.02978
2085-02-28,0.02362
2085-03-01,0.027219999999999998
2085-03-02,0.02522
2085-03-03,0.02539
2085-03-04,0.02482
2085-03-05,0.02385
2085-03-06,0.02259
2085-03-07,0.020880000000000003
2085-03-08,0.019119999999999998
2085-03-09,0.017669999999999998
2085-03-10,0.0163
2085-03-11,0.01488
2085-03-12,0.01353
2085-03-13,0.012209999999999999
2085-03-14,0.01087
2085-03-15,0.009640000000000001
2085-03-16,0.00856
2085-03-17,0.007509999999999999
2085-03-18,0.0066099999999999996
2085-03-19,0.00584
2085-03-20,0.00521
2085-03-21,0.02385
2085-03-22,0.02895
2085-03-23,0.028439999999999997
2085-03-24,0.04252
2085-03-25,0.02249
2085-03-26,0.01935
2085-03-27,0.02119
2085-03-28,0.02077
2085-03-29,0.01937
2085-03-30,0.01764
2085-03-31,0.01595
2085-04-01,0.014159999999999999
2085-04-02,0.01229
2085-04-03,0.010709999999999999
2085-04-04,0.009640000000000001
2085-04-05,0.00889
2085-04-06,0.00797
2085-04-07,0.00707
2085-04-08,0.006229999999999999
2085-04-09,0.0054
2085-04-10,0.00695
2085-04-11,0.00405
2085-04-12,0.0033799999999999998
2085-04-13,0.029019999999999997
2085-04-14,0.00265
2085-04-15,0.00244
2085-04-16,0.00213
2085-04-17,0.00183
2085-04-18,0.0016
2085-04-19,0.00143
2085-04-20,0.00133
2085-04-21,0.00126
2085-04-22,0.00122
2085-04-23,0.0012
2085-04-24,0.00119
2085-04-25,0.00442
2085-04-26,0.00117
2085-04-27,0.00143
2085-04-28,0.00115
2085-04-29,0.00114
2085-04-30,0.0011300000000000001
2085-05-01,0.00112
2085-05-02,0.0011
2085-05-03,0.00109
2085-05-04,0.00108
2085-05-05,0.00106
2085-05-06,0.00105
2085-05-07,0.0010400000000000001
2085-05-08,0.00103
2085-05-09,0.00101
2085-05-10,0.001
2085-05-11,0.00098
2085-05-12,0.0009599999999999999
2085-05-13,0.0009400000000000001
2085-05-14,0.00093
2085-05-15,0.00091
2085-05-16,0.0008900000000000001
2085-05-17,0.0008699999999999999
2085-05-18,0.00085
2085-05-19,0.0008300000000000001
2085-05-20,0.00081
2085-05-21,0.00079
2085-05-22,0.00078
2085-05-23,0.0007599999999999999
2085-05-24,0.00074
2085-05-25,0.00072
2085-05-26,0.0007
2085-05-27,0.0006900000000000001
2085-05-28,0.00067
2085-05-29,0.00065
2085-05-30,0.00064
2085-05-31,0.00062
2085-06-01,0.00061
2085-06-02,0.0006
2085-06-03,0.00058
2085-06-04,0.00057
2085-06-05,0.00056
2085-06-06,0.00055
2085-06-07,0.00054
2085-06-08,0.00053
2085-06-09,0.0005200000000000001
2085-06-10,0.0005200000000000001
2085-06-11,0.0005099999999999999
2085-06-12,0.0005099999999999999
2085-06-13,0.0005
2085-06-14,0.0005
2085-06-15,0.00049
2085-06-16,0.00049
2085-06-17,0.00049
2085-06-18,0.00049
2085-06-19,0.00047999999999999996
2085-06-20,0.00047999999999999996
2085-06-21,0.00047999999999999996
2085-06-22,0.00047999999999999996
2085-06-23,0.00047999999999999996
2085-06-24,0.00047999999999999996
2085-06-25,0.00047999999999999996
2085-06-26,0.00047999999999999996
2085-06-27,0.00047999999999999996
2085-06-28,0.00047999999999999996
2085-06-29,0.00047999999999999996
2085-06-30,0.00047999999999999996
2085-07-01,0.00047999999999999996
2085-07-02,0.00047999999999999996
2085-07-03,0.00047999999999999996
2085-07-04,0.00047999999999999996
2085-07-05,0.00047999999999999996
2085-07-06,0.00047999999999999996
2085-07-07,0.00047999999999999996
2085-07-08,0.00047999999999999996
2085-07-09,0.00047999999999999996
2085-07-10,0.00047999999999999996
2085-07-11,0.00047999999999999996
2085-07-12,0.00047999999999999996
2085-07-13,0.00047999999999999996
2085-07-14,0.00047999999999999996
2085-07-15,0.00047999999999999996
2085-07-16,0.00047999999999999996
2085-07-17,0.00047999999999999996
2085-07-18,0.00047999999999999996
2085-07-19,0.00047999999999999996
2085-07-20,0.00047999999999999996
2085-07-21,0.00047999999999999996
2085-07-22,0.00047999999999999996
2085-07-23,0.00047999999999999996
2085-07-24,0.00047999999999999996
2085-07-25,0.00047999999999999996
2085-07-26,0.00047999999999999996
2085-07-27,0.00047999999999999996
2085-07-28,0.00047999999999999996
2085-07-29,0.00047999999999999996
2085-07-30,0.00047999999999999996
2085-07-31,0.00047999999999999996
2085-08-01,0.00047999999999999996
2085-08-02,0.00047000000000000004
2085-08-03,0.00047000000000000004
2085-08-04,0.00047000000000000004
2085-08-05,0.00047000000000000004
2085-08-06,0.00047000000000000004
2085-08-07,0.00047000000000000004
2085-08-08,0.00047000000000000004
2085-08-09,0.00047000000000000004
2085-08-10,0.00047000000000000004
2085-08-11,0.00047000000000000004
2085-08-12,0.00047000000000000004
2085-08-13,0.00047000000000000004
2085-08-14,0.00047000000000000004
2085-08-15,0.00047000000000000004
2085-08-16,0.00047000000000000004
2085-08-17,0.00047000000000000004
2085-08-18,0.00047000000000000004
2085-08-19,0.00047000000000000004
2085-08-20,0.00047000000000000004
2085-08-21,0.00047000000000000004
2085-08-22,0.00047000000000000004
2085-08-23,0.00047000000000000004
2085-08-24,0.00047000000000000004
2085-08-25,0.00047000000000000004
2085-08-26,0.00047000000000000004
2085-08-27,0.00047000000000000004
2085-08-28,0.00047000000000000004
2085-08-29,0.00047000000000000004
2085-08-30,0.00047000000000000004
2085-08-31,0.00047000000000000004
2085-09-01,0.00047000000000000004
2085-09-02,0.00047000000000000004
2085-09-03,0.00047000000000000004
2085-09-04,0.00047000000000000004
2085-09-05,0.00047000000000000004
2085-09-06,0.00047000000000000004
2085-09-07,0.00047000000000000004
2085-09-08,0.00047000000000000004
2085-09-09,0.00081
2085-09-10,0.00047000000000000004
2085-09-11,0.00125
2085-09-12,0.00047000000000000004
2085-09-13,0.00047000000000000004
2085-09-14,0.00047000000000000004
2085-09-15,0.00047000000000000004
2085-09-16,0.00047000000000000004
2085-09-17,0.00047000000000000004
2085-09-18,0.00047000000000000004
2085-09-19,0.00047000000000000004
2085-09-20,0.00047000000000000004
2085-09-21,0.00047000000000000004
2085-09-22,0.00047000000000000004
2085-09-23,0.00047000000000000004
2085-09-24,0.00047000000000000004
2085-09-25,0.00047000000000000004
2085-09-26,0.00047000000000000004
2085-09-27,0.00047000000000000004
2085-09-28,0.00047000000000000004
2085-09-29,0.00047000000000000004
2085-09-30,0.00047000000000000004
2085-10-01,0.00047000000000000004
2085-10-02,0.00047000000000000004
2085-10-03,0.00047000000000000004
2085-10-04,0.00047000000000000004
2085-10-05,0.00047000000000000004
2085-10-06,0.00047000000000000004
2085-10-07,0.00047000000000000004
2085-10-08,0.00428
2085-10-09,0.029210000000000003
2085-10-10,0.02808
2085-10-11,0.00047000000000000004
2085-10-12,0.00047999999999999996
2085-10-13,0.00047999999999999996
2085-10-14,0.00049
2085-10-15,0.00049
2085-10-16,0.0034700000000000004
2085-10-17,0.00049
2085-10-18,0.00049
2085-10-19,0.02008
2085-10-20,0.07119
2085-10-21,0.02501
2085-10-22,0.0006
2085-10-23,0.00062
2085-10-24,0.00063
2085-10-25,0.00063
2085-10-26,0.00063
2085-10-27,0.00063
2085-10-28,0.00063
2085-10-29,0.00063
2085-10-30,0.00062
2085-10-31,0.00062
2085-11-01,0.07082999999999999
2085-11-02,0.3267
2085-11-03,0.39505
2085-11-04,0.19914
2085-11-05,0.01825
2085-11-06,0.0010400000000000001
2085-11-07,0.00105
2085-11-08,0.00106
2085-11-09,0.00139
2085-11-10,0.00106
2085-11-11,0.0037
2085-11-12,0.00107
2085-11-13,0.00107
2085-11-14,0.00107
2085-11-15,0.00107
2085-11-16,0.00107
2085-11-17,0.00107
2085-11-18,0.00107
2085-11-19,0.00107
2085-11-20,0.00106
2085-11-21,0.00106
2085-11-22,0.00106
2085-11-23,0.00106
2085-11-24,0.00106
2085-11-25,0.00106
2085-11-26,0.00105
2085-11-27,0.00105
2085-11-28,0.0029
2085-11-29,0.020059999999999998
2085-11-30,0.06448999999999999
2085-12-01,0.03589
2085-12-02,0.00117
2085-12-03,0.00117
2085-12-04,0.00119
2085-12-05,0.00827
2085-12-06,0.00778
2085-12-07,0.0013
2085-12-08,0.00135
2085-12-09,0.03444
2085-12-10,0.15686
2085-12-11,0.016630000000000002
2085-12-12,0.01964
2085-12-13,0.02207
2085-12-14,0.02755
2085-12-15,0.04011
2085-12-16,0.02434
2085-12-17,0.025789999999999997
2085-12-18,0.03261
2085-12-19,0.02707
2085-12-20,0.026869999999999998
2085-12-21,0.026010000000000002
2085-12-22,0.04003
2085-12-23,0.03743
2085-12-24,0.02878
2085-12-25,0.02992
2085-12-26,0.030780000000000002
2085-12-27,0.0333
2085-12-28,0.04046
2085-12-29,0.030739999999999996
2085-12-30,0.03223
2085-12-31,0.0769
2086-01-01,0.05415
2086-01-02,0.055720000000000006
2086-01-03,0.16808
2086-01-04,0.17906
2086-01-05,0.15791
2086-01-06,0.33938
2086-01-07,0.34495
2086-01-08,0.26282
2086-01-09,0.12317
2086-01-10,0.12307
2086-01-11,0.12286
2086-01-12,0.12255999999999999
2086-01-13,0.12133
2086-01-14,0.11394000000000001
2086-01-15,0.10355999999999999
2086-01-16,0.09372
2086-01-17,0.08492999999999999
2086-01-18,0.07687000000000001
2086-01-19,0.10350999999999999
2086-01-20,0.19651
2086-01-21,0.25338
2086-01-22,0.6068399999999999
2086-01-23,0.38914
2086-01-24,0.17933
2086-01-25,0.14104
2086-01-26,0.12689
2086-01-27,0.13479000000000002
2086-01-28,0.1312
2086-01-29,0.12365999999999999
2086-01-30,0.12279000000000001
2086-01-31,0.11978
2086-02-01,0.11727
2086-02-02,0.10586
2086-02-03,0.09381
2086-02-04,0.09774
2086-02-05,0.14386
2086-02-06,0.40765
2086-02-07,0.2083
2086-02-08,0.54808
2086-02-09,0.40684000000000003
2086-02-10,0.19149000000000002
2086-02-11,0.42615
2086-02-12,0.1864
2086-02-13,0.12343
2086-02-14,0.12343
2086-02-15,0.12343
2086-02-16,0.12343
2086-02-17,0.12169
2086-02-18,0.11295999999999999
2086-02-19,0.10202
2086-02-20,0.0913
2086-02-21,0.08118
2086-02-22,0.07213
2086-02-23,0.06433
2086-02-24,0.0629
2086-02-25,0.054270000000000006
2086-02-26,0.05168
2086-02-27,0.05886
2086-02-28,0.05872
2086-03-01,0.04369
2086-03-02,0.04301
2086-03-03,0.04127
2086-03-04,0.03883
2086-03-05,0.03607
2086-03-06,0.07317
2086-03-07,0.03644
2086-03-08,0.03921
2086-03-09,0.06661
2086-03-10,0.07196
2086-03-11,0.051570000000000005
2086-03-12,0.05346
2086-03-13,0.05125
2086-03-14,0.04784
2086-03-15,0.04405
2086-03-16,0.04033
2086-03-17,0.03663
2086-03-18,0.03292
2086-03-19,0.029560000000000003
2086-03-20,0.026289999999999997
2086-03-21,0.0231
2086-03-22,0.020130000000000002
2086-03-23,0.01747
2086-03-24,0.01516
2086-03-25,0.013909999999999999
2086-03-26,0.011909999999999999
2086-03-27,0.0109
2086-03-28,0.00981
2086-03-29,0.00905
2086-03-30,0.025889999999999996
2086-03-31,0.02348
2086-04-01,0.008709999999999999
2086-04-02,0.00885
2086-04-03,0.01151
2086-04-04,0.01998
2086-04-05,0.01745
2086-04-06,0.01048
2086-04-07,0.05031
2086-04-08,0.01542
2086-04-09,0.01821
2086-04-10,0.01855
2086-04-11,0.019430000000000003
2086-04-12,0.01769
2086-04-13,0.016569999999999998
2086-04-14,0.015280000000000002
2086-04-15,0.013969999999999998
2086-04-16,0.01255
2086-04-17,0.01217
2086-04-18,0.01576
2086-04-19,0.010440000000000001
2086-04-20,0.00992
2086-04-21,0.00892
2086-04-22,0.00795
2086-04-23,0.00678
2086-04-24,0.005520000000000001
2086-04-25,0.00433
2086-04-26,0.0033399999999999997
2086-04-27,0.00256
2086-04-28,0.00197
2086-04-29,0.00157
2086-04-30,0.00135
2086-05-01,0.00125
2086-05-02,0.00121
2086-05-03,0.0012
2086-05-04,0.00118
2086-05-05,0.00117
2086-05-06,0.00115
2086-05-07,0.00114
2086-05-08,0.00112
2086-05-09,0.0011
2086-05-10,0.00109
2086-05-11,0.00107
2086-05-12,0.00106
2086-05-13,0.0010400000000000001
2086-05-14,0.0010199999999999999
2086-05-15,0.001
2086-05-16,0.00098
2086-05-17,0.0009599999999999999
2086-05-18,0.00095
2086-05-19,0.00093
2086-05-20,0.00091
2086-05-21,0.0008900000000000001
2086-05-22,0.0008699999999999999
2086-05-23,0.00086
2086-05-24,0.00084
2086-05-25,0.00082
2086-05-26,0.0008
2086-05-27,0.00078
2086-05-28,0.0007599999999999999
2086-05-29,0.00074
2086-05-30,0.00072
2086-05-31,0.0007099999999999999
2086-06-01,0.0006900000000000001
2086-06-02,0.0007700000000000001
2086-06-03,0.0007599999999999999
2086-06-04,0.00067
2086-06-05,0.00066
2086-06-06,0.00064
2086-06-07,0.00063
2086-06-08,0.00061
2086-06-09,0.0006
2086-06-10,0.00059
2086-06-11,0.00058
2086-06-12,0.00057
2086-06-13,0.00056
2086-06-14,0.00055
2086-06-15,0.00054
2086-06-16,0.00053
2086-06-17,0.0005200000000000001
2086-06-18,0.0005099999999999999
2086-06-19,0.0005099999999999999
2086-06-20,0.0005
2086-06-21,0.0005
2086-06-22,0.00049
2086-06-23,0.00049
2086-06-24,0.00049
2086-06-25,0.00049
2086-06-26,0.00108
2086-06-27,0.00047999999999999996
2086-06-28,0.00047999999999999996
2086-06-29,0.00047999999999999996
2086-06-30,0.00047999999999999996
2086-07-01,0.00047999999999999996
2086-07-02,0.00047999999999999996
2086-07-03,0.00047999999999999996
2086-07-04,0.00047999999999999996
2086-07-05,0.00047999999999999996
2086-07-06,0.00047999999999999996
2086-07-07,0.00047999999999999996
2086-07-08,0.00047999999999999996
2086-07-09,0.00047999999999999996
2086-07-10,0.00047999999999999996
2086-07-11,0.00047999999999999996
2086-07-12,0.00047999999999999996
2086-07-13,0.00047999999999999996
2086-07-14,0.00047999999999999996
2086-07-15,0.00047999999999999996
2086-07-16,0.00047999999999999996
2086-07-17,0.00047999999999999996
2086-07-18,0.00047999999999999996
2086-07-19,0.00047999999999999996
2086-07-20,0.00047999999999999996
2086-07-21,0.00047999999999999996
2086-07-22,0.00047999999999999996
2086-07-23,0.00047999999999999996
2086-07-24,0.00047999999999999996
2086-07-25,0.00047999999999999996
2086-07-26,0.00047999999999999996
2086-07-27,0.00047999999999999996
2086-07-28,0.00047999999999999996
2086-07-29,0.00047999999999999996
2086-07-30,0.00047999999999999996
2086-07-31,0.00047999999999999996
2086-08-01,0.00047999999999999996
2086-08-02,0.00047999999999999996
2086-08-03,0.00047999999999999996
2086-08-04,0.00047999999999999996
2086-08-05,0.00047999999999999996
2086-08-06,0.00047999999999999996
2086-08-07,0.00047999999999999996
2086-08-08,0.00047999999999999996
2086-08-09,0.00047999999999999996
2086-08-10,0.00047999999999999996
2086-08-11,0.00047000000000000004
2086-08-12,0.00047000000000000004
2086-08-13,0.00047000000000000004
2086-08-14,0.00047000000000000004
2086-08-15,0.00047000000000000004
2086-08-16,0.00047000000000000004
2086-08-17,0.00047000000000000004
2086-08-18,0.00047000000000000004
2086-08-19,0.00047000000000000004
2086-08-20,0.00047000000000000004
2086-08-21,0.00047000000000000004
2086-08-22,0.00047000000000000004
2086-08-23,0.00047000000000000004
2086-08-24,0.00047000000000000004
2086-08-25,0.00047000000000000004
2086-08-26,0.00047000000000000004
2086-08-27,0.00047000000000000004
2086-08-28,0.00047000000000000004
2086-08-29,0.00047000000000000004
2086-08-30,0.00047000000000000004
2086-08-31,0.00047000000000000004
2086-09-01,0.00047000000000000004
2086-09-02,0.00047000000000000004
2086-09-03,0.00047000000000000004
2086-09-04,0.00047000000000000004
2086-09-05,0.00047000000000000004
2086-09-06,0.00047000000000000004
2086-09-07,0.00047000000000000004
2086-09-08,0.00117
2086-09-09,0.00047000000000000004
2086-09-10,0.00047000000000000004
2086-09-11,0.00047000000000000004
2086-09-12,0.00047000000000000004
2086-09-13,0.00047000000000000004
2086-09-14,0.00047000000000000004
2086-09-15,0.00047000000000000004
2086-09-16,0.00047000000000000004
2086-09-17,0.00047000000000000004
2086-09-18,0.00047000000000000004
2086-09-19,0.00047000000000000004
2086-09-20,0.00047000000000000004
2086-09-21,0.00047000000000000004
2086-09-22,0.00047000000000000004
2086-09-23,0.00047000000000000004
2086-09-24,0.00047000000000000004
2086-09-25,0.00047000000000000004
2086-09-26,0.00047000000000000004
2086-09-27,0.00047000000000000004
2086-09-28,0.00047000000000000004
2086-09-29,0.00047000000000000004
2086-09-30,0.00047000000000000004
2086-10-01,0.00118
2086-10-02,0.00062
2086-10-03,0.00047000000000000004
2086-10-04,0.00047000000000000004
2086-10-05,0.00047000000000000004
2086-10-06,0.00179
2086-10-07,0.00047000000000000004
2086-10-08,0.00513
2086-10-09,0.00583
2086-10-10,0.00062
2086-10-11,0.00122
2086-10-12,0.00047000000000000004
2086-10-13,0.00047000000000000004
2086-10-14,0.00137
2086-10-15,0.00047000000000000004
2086-10-16,0.00047000000000000004
2086-10-17,0.00047000000000000004
2086-10-18,0.00047000000000000004
2086-10-19,0.00047000000000000004
2086-10-20,0.00047000000000000004
2086-10-21,0.00047000000000000004
2086-10-22,0.00047000000000000004
2086-10-23,0.00047000000000000004
2086-10-24,0.00047000000000000004
2086-10-25,0.00047000000000000004
2086-10-26,0.00047000000000000004
2086-10-27,0.00047000000000000004
2086-10-28,0.00047000000000000004
2086-10-29,0.00047000000000000004
2086-10-30,0.00047000000000000004
2086-10-31,0.00047000000000000004
2086-11-01,0.00047000000000000004
2086-11-02,0.00047000000000000004
2086-11-03,0.00047000000000000004
2086-11-04,0.00123
2086-11-05,0.00047000000000000004
2086-11-06,0.00047000000000000004
2086-11-07,0.00047000000000000004
2086-11-08,0.0113
2086-11-09,0.05393
2086-11-10,0.01841
2086-11-11,0.044719999999999996
2086-11-12,0.13749
2086-11-13,0.31176
2086-11-14,0.07299
2086-11-15,0.12511
2086-11-16,0.29086
2086-11-17,0.26886
2086-11-18,0.14027
2086-11-19,0.008879999999999999
2086-11-20,0.007109999999999999
2086-11-21,0.0253
2086-11-22,0.022080000000000002
2086-11-23,0.01284
2086-11-24,0.05108
2086-11-25,0.09867999999999999
2086-11-26,0.06799
2086-11-27,0.09933
2086-11-28,0.1996
2086-11-29,0.24686
2086-11-30,0.13352999999999998
2086-12-01,0.12028
2086-12-02,0.16725
2086-12-03,0.16932
2086-12-04,0.12099000000000001
2086-12-05,0.12842
2086-12-06,0.13247
2086-12-07,0.12548
2086-12-08,0.13442
2086-12-09,0.13279000000000002
2086-12-10,0.15312
2086-12-11,0.13202
2086-12-12,0.12036
2086-12-13,0.17081
2086-12-14,0.13574
2086-12-15,0.16610999999999998
2086-12-16,0.16201
2086-12-17,0.16427999999999998
2086-12-18,0.17031
2086-12-19,0.1387
2086-12-20,0.14305
2086-12-21,0.1228
2086-12-22,0.12229000000000001
2086-12-23,0.11988
2086-12-24,0.11341
2086-12-25,0.10425
2086-12-26,0.09462000000000001
2086-12-27,0.10910999999999998
2086-12-28,0.09899
2086-12-29,0.08129
2086-12-30,0.07912999999999999
2086-12-31,0.07456
2087-01-01,0.0697
2087-01-02,0.06472
2087-01-03,0.0598
2087-01-04,0.05525
2087-01-05,0.05099
2087-01-06,0.04707
2087-01-07,0.0436
2087-01-08,0.040310000000000006
2087-01-09,0.038689999999999995
2087-01-10,0.034480000000000004
2087-01-11,0.03191
2087-01-12,0.029589999999999998
2087-01-13,0.02742
2087-01-14,0.025490000000000002
2087-01-15,0.02392
2087-01-16,0.02256
2087-01-17,0.022000000000000002
2087-01-18,0.12625999999999998
2087-01-19,2.33546
2087-01-20,1.90697
2087-01-21,0.41643
2087-01-22,0.12343
2087-01-23,0.12897999999999998
2087-01-24,1.22433
2087-01-25,2.29338
2087-01-26,1.3879
2087-01-27,0.37885
2087-01-28,0.13663
2087-01-29,0.68375
2087-01-30,1.07008
2087-01-31,0.513
2087-02-01,0.14064000000000002
2087-02-02,0.12630999999999998
2087-02-03,0.12412999999999999
2087-02-04,0.14843
2087-02-05,0.16384
2087-02-06,0.14737999999999998
2087-02-07,0.14519
2087-02-08,0.12638
2087-02-09,0.12333
2087-02-10,0.12182
2087-02-11,0.11394000000000001
2087-02-12,0.10312
2087-02-13,0.09224
2087-02-14,0.08219
2087-02-15,0.07349
2087-02-16,0.06651
2087-02-17,0.06496
2087-02-18,0.06788999999999999
2087-02-19,0.07272
2087-02-20,0.07111
2087-02-21,0.0915
2087-02-22,0.09362999999999999
2087-02-23,0.07657
2087-02-24,0.08242999999999999
2087-02-25,0.07835
2087-02-26,0.07025
2087-02-27,0.06544
2087-02-28,0.060160000000000005
2087-03-01,0.054720000000000005
2087-03-02,0.04941
2087-03-03,0.04459
2087-03-04,0.04211
2087-03-05,0.043039999999999995
2087-03-06,0.05485
2087-03-07,0.03463
2087-03-08,0.0338
2087-03-09,0.03244
2087-03-10,0.03063
2087-03-11,0.05674
2087-03-12,0.0491
2087-03-13,0.12722999999999998
2087-03-14,1.65356
2087-03-15,0.34126
2087-03-16,0.23833000000000001
2087-03-17,0.26991
2087-03-18,0.29264
2087-03-19,0.13897
2087-03-20,0.12343
2087-03-21,0.12343
2087-03-22,0.14647000000000002
2087-03-23,0.145
2087-03-24,0.12292
2087-03-25,0.12122999999999999
2087-03-26,0.11297
2087-03-27,0.10181
2087-03-28,0.09655
2087-03-29,0.0824
2087-03-30,0.0823
2087-03-31,0.0682
2087-04-01,0.0714
2087-04-02,0.06686
2087-04-03,0.06512000000000001
2087-04-04,0.06373999999999999
2087-04-05,0.06209
2087-04-06,0.06096
2087-04-07,0.05441
2087-04-08,0.050910000000000004
2087-04-09,0.04615
2087-04-10,0.04119
2087-04-11,0.03642
2087-04-12,0.03224
2087-04-13,0.02864
2087-04-14,0.025169999999999998
2087-04-15,0.022359999999999998
2087-04-16,0.025169999999999998
2087-04-17,0.01937
2087-04-18,0.01754
2087-04-19,0.015519999999999999
2087-04-20,0.01335
2087-04-21,0.01126
2087-04-22,0.009559999999999999
2087-04-23,0.00801
2087-04-24,0.00658
2087-04-25,0.00533
2087-04-26,0.0042
2087-04-27,0.00331
2087-04-28,0.00277
2087-04-29,0.00217
2087-04-30,0.00186
2087-05-01,0.003
2087-05-02,0.01444
2087-05-03,0.00545
2087-05-04,0.00148
2087-05-05,0.00135
2087-05-06,0.00125
2087-05-07,0.00122
2087-05-08,0.00121
2087-05-09,0.00119
2087-05-10,0.00118
2087-05-11,0.00117
2087-05-12,0.00116
2087-05-13,0.00115
2087-05-14,0.0011300000000000001
2087-05-15,0.00112
2087-05-16,0.0011099999999999999
2087-05-17,0.0011
2087-05-18,0.00109
2087-05-19,0.00108
2087-05-20,0.00106
2087-05-21,0.00105
2087-05-22,0.0010400000000000001
2087-05-23,0.00103
2087-05-24,0.0010199999999999999
2087-05-25,0.00101
2087-05-26,0.001
2087-05-27,0.00099
2087-05-28,0.00098
2087-05-29,0.0009699999999999999
2087-05-30,0.0009599999999999999
2087-05-31,0.00095
2087-06-01,0.0009400000000000001
2087-06-02,0.0009199999999999999
2087-06-03,0.00091
2087-06-04,0.0008900000000000001
2087-06-05,0.00088
2087-06-06,0.00086
2087-06-07,0.00085
2087-06-08,0.0008300000000000001
2087-06-09,0.00081
2087-06-10,0.0008
2087-06-11,0.00079
2087-06-12,0.0007700000000000001
2087-06-13,0.0007599999999999999
2087-06-14,0.00074
2087-06-15,0.00073
2087-06-16,0.0007099999999999999
2087-06-17,0.0006900000000000001
2087-06-18,0.0006799999999999999
2087-06-19,0.00066
2087-06-20,0.00064
2087-06-21,0.00063
2087-06-22,0.00061
2087-06-23,0.0006
2087-06-24,0.00059
2087-06-25,0.00058
2087-06-26,0.00056
2087-06-27,0.00055
2087-06-28,0.00054
2087-06-29,0.00053
2087-06-30,0.00053
2087-07-01,0.0005200000000000001
2087-07-02,0.0005099999999999999
2087-07-03,0.0005099999999999999
2087-07-04,0.0005
2087-07-05,0.0005
2087-07-06,0.00049
2087-07-07,0.00049
2087-07-08,0.00049
2087-07-09,0.00049
2087-07-10,0.00049
2087-07-11,0.00047999999999999996
2087-07-12,0.00047999999999999996
2087-07-13,0.00047999999999999996
2087-07-14,0.00047999999999999996
2087-07-15,0.00047999999999999996
2087-07-16,0.00047999999999999996
2087-07-17,0.00047999999999999996
2087-07-18,0.00047999999999999996
2087-07-19,0.00047999999999999996
2087-07-20,0.00047999999999999996
2087-07-21,0.00047999999999999996
2087-07-22,0.00047999999999999996
2087-07-23,0.00047999999999999996
2087-07-24,0.00047999999999999996
2087-07-25,0.00047999999999999996
2087-07-26,0.00047999999999999996
2087-07-27,0.00047999999999999996
2087-07-28,0.00047999999999999996
2087-07-29,0.00047999999999999996
2087-07-30,0.00047999999999999996
2087-07-31,0.00047999999999999996
2087-08-01,0.00047999999999999996
2087-08-02,0.00047999999999999996
2087-08-03,0.00047999999999999996
2087-08-04,0.00047999999999999996
2087-08-05,0.00047999999999999996
2087-08-06,0.00047999999999999996
2087-08-07,0.00047999999999999996
2087-08-08,0.00047999999999999996
2087-08-09,0.00047999999999999996
2087-08-10,0.00047999999999999996
2087-08-11,0.00047999999999999996
2087-08-12,0.00047999999999999996
2087-08-13,0.00047999999999999996
2087-08-14,0.00047999999999999996
2087-08-15,0.00047999999999999996
2087-08-16,0.00047999999999999996
2087-08-17,0.00047999999999999996
2087-08-18,0.00047999999999999996
2087-08-19,0.00047999999999999996
2087-08-20,0.00047999999999999996
2087-08-21,0.00047999999999999996
2087-08-22,0.00047999999999999996
2087-08-23,0.00047999999999999996
2087-08-24,0.00047000000000000004
2087-08-25,0.00047000000000000004
2087-08-26,0.00047000000000000004
2087-08-27,0.00047000000000000004
2087-08-28,0.00047000000000000004
2087-08-29,0.00047000000000000004
2087-08-30,0.00047000000000000004
2087-08-31,0.00047000000000000004
2087-09-01,0.00047000000000000004
2087-09-02,0.00047000000000000004
2087-09-03,0.00047000000000000004
2087-09-04,0.00047000000000000004
2087-09-05,0.00047000000000000004
2087-09-06,0.00047000000000000004
2087-09-07,0.00155
2087-09-08,0.00047000000000000004
2087-09-09,0.00159
2087-09-10,0.00047000000000000004
2087-09-11,0.00047000000000000004
2087-09-12,0.00047000000000000004
2087-09-13,0.00047000000000000004
2087-09-14,0.00047000000000000004
2087-09-15,0.00047000000000000004
2087-09-16,0.00047000000000000004
2087-09-17,0.00047000000000000004
2087-09-18,0.00047000000000000004
2087-09-19,0.00047000000000000004
2087-09-20,0.00047000000000000004
2087-09-21,0.00047000000000000004
2087-09-22,0.00047000000000000004
2087-09-23,0.00047000000000000004
2087-09-24,0.00047000000000000004
2087-09-25,0.00047000000000000004
2087-09-26,0.00047000000000000004
2087-09-27,0.00047000000000000004
2087-09-28,0.00047000000000000004
2087-09-29,0.00047000000000000004
2087-09-30,0.00047000000000000004
2087-10-01,0.00047000000000000004
2087-10-02,0.00047000000000000004
2087-10-03,0.00047000000000000004
2087-10-04,0.00047000000000000004
2087-10-05,0.00047000000000000004
2087-10-06,0.00047000000000000004
2087-10-07,0.00047000000000000004
2087-10-08,0.00047000000000000004
2087-10-09,0.00047000000000000004
2087-10-10,0.00047000000000000004
2087-10-11,0.00047000000000000004
2087-10-12,0.00047000000000000004
2087-10-13,0.00047000000000000004
2087-10-14,0.00047000000000000004
2087-10-15,0.00047000000000000004
2087-10-16,0.00047000000000000004
2087-10-17,0.00047000000000000004
2087-10-18,0.00047000000000000004
2087-10-19,0.00047000000000000004
2087-10-20,0.0093
2087-10-21,0.00047000000000000004
2087-10-22,0.00047000000000000004
2087-10-23,0.00047000000000000004
2087-10-24,0.00047000000000000004
2087-10-25,0.00047000000000000004
2087-10-26,0.00047000000000000004
2087-10-27,0.00047000000000000004
2087-10-28,0.00047000000000000004
2087-10-29,0.01209
2087-10-30,0.02431
2087-10-31,0.00047000000000000004
2087-11-01,0.00047000000000000004
2087-11-02,0.00047000000000000004
2087-11-03,0.00047000000000000004
2087-11-04,0.00047000000000000004
2087-11-05,0.00156
2087-11-06,0.00202
2087-11-07,0.00047000000000000004
2087-11-08,0.00047000000000000004
2087-11-09,0.00047999999999999996
2087-11-10,0.0017399999999999998
2087-11-11,0.00047999999999999996
2087-11-12,0.00047999999999999996
2087-11-13,0.00047999999999999996
2087-11-14,0.00047999999999999996
2087-11-15,0.00047999999999999996
2087-11-16,0.00047999999999999996
2087-11-17,0.00047999999999999996
2087-11-18,0.00047999999999999996
2087-11-19,0.00047999999999999996
2087-11-20,0.00047999999999999996
2087-11-21,0.00047999999999999996
2087-11-22,0.00047999999999999996
2087-11-23,0.00047999999999999996
2087-11-24,0.00047999999999999996
2087-11-25,0.00047999999999999996
2087-11-26,0.00047999999999999996
2087-11-27,0.00047999999999999996
2087-11-28,0.00047999999999999996
2087-11-29,0.00047999999999999996
2087-11-30,0.01238
2087-12-01,0.0207
2087-12-02,0.02968
2087-12-03,0.01407
2087-12-04,0.0005200000000000001
2087-12-05,0.00053
2087-12-06,0.00054
2087-12-07,0.00055
2087-12-08,0.00137
2087-12-09,0.00742
2087-12-10,0.00217
2087-12-11,0.00056
2087-12-12,0.00057
2087-12-13,0.00057
2087-12-14,0.00057
2087-12-15,0.00058
2087-12-16,0.00114
2087-12-17,0.014709999999999999
2087-12-18,0.027180000000000003
2087-12-19,0.01444
2087-12-20,0.00062
2087-12-21,0.00202
2087-12-22,0.0036799999999999997
2087-12-23,0.02277
2087-12-24,0.0056
2087-12-25,0.0006900000000000001
2087-12-26,0.0007
2087-12-27,0.0007
2087-12-28,0.0007
2087-12-29,0.0007099999999999999
2087-12-30,0.0007099999999999999
2087-12-31,0.0007099999999999999
2088-01-01,0.0007099999999999999
2088-01-02,0.00164
2088-01-03,0.0007099999999999999
2088-01-04,0.0007099999999999999
2088-01-05,0.00203
2088-01-06,0.00671
2088-01-07,0.00082
2088-01-08,0.0007099999999999999
2088-01-09,0.0007099999999999999
2088-01-10,0.00485
2088-01-11,0.0007700000000000001
2088-01-12,0.00072
2088-01-13,0.00072
2088-01-14,0.00072
2088-01-15,0.0007099999999999999
2088-01-16,0.0007099999999999999
2088-01-17,0.006370000000000001
2088-01-18,0.05092
2088-01-19,0.08043
2088-01-20,0.00082
2088-01-21,0.0019100000000000002
2088-01-22,0.00086
2088-01-23,0.00209
2088-01-24,0.0008699999999999999
2088-01-25,0.00088
2088-01-26,0.00088
2088-01-27,0.00088
2088-01-28,0.00091
2088-01-29,0.00283
2088-01-30,0.008190000000000001
2088-01-31,0.01006
2088-02-01,0.00919
2088-02-02,0.0035700000000000003
2088-02-03,0.00307
2088-02-04,0.0016899999999999999
2088-02-05,0.01563
2088-02-06,0.0031
2088-02-07,0.0016899999999999999
2088-02-08,0.0020800000000000003
2088-02-09,0.0041
2088-02-10,0.02286
2088-02-11,0.03633
2088-02-12,0.00162
2088-02-13,0.002
2088-02-14,0.00151
2088-02-15,0.00195
2088-02-16,0.00172
2088-02-17,0.02658
2088-02-18,0.08839
2088-02-19,0.24314000000000002
2088-02-20,0.35096
2088-02-21,0.05099
2088-02-22,0.08936000000000001
2088-02-23,0.7600100000000001
2088-02-24,0.5997100000000001
2088-02-25,0.15607000000000001
2088-02-26,0.12732000000000002
2088-02-27,0.12252
2088-02-28,0.12037
2088-02-29,0.11699999999999999
2088-03-01,0.10622000000000001
2088-03-02,0.09539
2088-03-03,0.08549
2088-03-04,0.07706
2088-03-05,0.06978
2088-03-06,0.06352000000000001
2088-03-07,0.05802
2088-03-08,0.053
2088-03-09,0.048369999999999996
2088-03-10,0.044039999999999996
2088-03-11,0.040060000000000005
2088-03-12,0.03637
2088-03-13,0.033030000000000004
2088-03-14,0.030060000000000003
2088-03-15,0.027280000000000002
2088-03-16,0.024480000000000002
2088-03-17,0.02169
2088-03-18,0.01924
2088-03-19,0.01738
2088-03-20,0.037239999999999995
2088-03-21,0.015369999999999998
2088-03-22,0.01757
2088-03-23,0.06069
2088-03-24,0.19121
2088-03-25,0.08842
2088-03-26,0.06944
2088-03-27,0.07067999999999999
2088-03-28,0.06699
2088-03-29,0.0616
2088-03-30,0.05624
2088-03-31,0.050839999999999996
2088-04-01,0.04489
2088-04-02,0.03954
2088-04-03,0.03495
2088-04-04,0.03058
2088-04-05,0.026439999999999998
2088-04-06,0.02279
2088-04-07,0.019540000000000002
2088-04-08,0.016890000000000002
2088-04-09,0.014580000000000001
2088-04-10,0.012320000000000001
2088-04-11,0.01069
2088-04-12,0.00968
2088-04-13,0.008579999999999999
2088-04-14,0.0071200000000000005
2088-04-15,0.00571
2088-04-16,0.00454
2088-04-17,0.0035700000000000003
2088-04-18,0.00277
2088-04-19,0.00217
2088-04-20,0.0094
2088-04-21,0.0017100000000000001
2088-04-22,0.00278
2088-04-23,0.00158
2088-04-24,0.00172
2088-04-25,0.02161
2088-04-26,0.00509
2088-04-27,0.00298
2088-04-28,0.00146
2088-04-29,0.0013800000000000002
2088-04-30,0.00128
2088-05-01,0.00123
2088-05-02,0.00122
2088-05-03,0.00505
2088-05-04,0.00121
2088-05-05,0.008440000000000001
2088-05-06,0.03248
2088-05-07,0.00125
2088-05-08,0.00878
2088-05-09,0.00132
2088-05-10,0.00149
2088-05-11,0.0013599999999999999
2088-05-12,0.00134
2088-05-13,0.0029100000000000003
2088-05-14,0.006229999999999999
2088-05-15,0.00564
2088-05-16,0.0015400000000000001
2088-05-17,0.0014199999999999998
2088-05-18,0.00134
2088-05-19,0.0012699999999999999
2088-05-20,0.00123
2088-05-21,0.0012
2088-05-22,0.00119
2088-05-23,0.00118
2088-05-24,0.00117
2088-05-25,0.00116
2088-05-26,0.00115
2088-05-27,0.00114
2088-05-28,0.00112
2088-05-29,0.0011099999999999999
2088-05-30,0.0011
2088-05-31,0.00108
2088-06-01,0.00106
2088-06-02,0.0010400000000000001
2088-06-03,0.00103
2088-06-04,0.00101
2088-06-05,0.00099
2088-06-06,0.00098
2088-06-07,0.0009599999999999999
2088-06-08,0.0009400000000000001
2088-06-09,0.00093
2088-06-10,0.00091
2088-06-11,0.0008900000000000001
2088-06-12,0.0008699999999999999
2088-06-13,0.00086
2088-06-14,0.00084
2088-06-15,0.00082
2088-06-16,0.0008
2088-06-17,0.00078
2088-06-18,0.0007599999999999999
2088-06-19,0.00074
2088-06-20,0.00072
2088-06-21,0.0007099999999999999
2088-06-22,0.0006900000000000001
2088-06-23,0.0006900000000000001
2088-06-24,0.001
2088-06-25,0.00066
2088-06-26,0.00064
2088-06-27,0.00062
2088-06-28,0.00061
2088-06-29,0.00059
2088-06-30,0.00058
2088-07-01,0.00057
2088-07-02,0.00056
2088-07-03,0.00055
2088-07-04,0.00054
2088-07-05,0.00053
2088-07-06,0.0005200000000000001
2088-07-07,0.0005200000000000001
2088-07-08,0.0005099999999999999
2088-07-09,0.0005
2088-07-10,0.0005
2088-07-11,0.00049
2088-07-12,0.00049
2088-07-13,0.00049
2088-07-14,0.00049
2088-07-15,0.00049
2088-07-16,0.00047999999999999996
2088-07-17,0.00047999999999999996
2088-07-18,0.00047999999999999996
2088-07-19,0.00047999999999999996
2088-07-20,0.00047999999999999996
2088-07-21,0.00047999999999999996
2088-07-22,0.00047999999999999996
2088-07-23,0.00047999999999999996
2088-07-24,0.00047999999999999996
2088-07-25,0.00047999999999999996
2088-07-26,0.00047999999999999996
2088-07-27,0.00047999999999999996
2088-07-28,0.00047999999999999996
2088-07-29,0.00047999999999999996
2088-07-30,0.00047999999999999996
2088-07-31,0.00047999999999999996
2088-08-01,0.00047999999999999996
2088-08-02,0.00047999999999999996
2088-08-03,0.00047999999999999996
2088-08-04,0.00047999999999999996
2088-08-05,0.00047999999999999996
2088-08-06,0.00047999999999999996
2088-08-07,0.00047999999999999996
2088-08-08,0.00047999999999999996
2088-08-09,0.00047999999999999996
2088-08-10,0.00047999999999999996
2088-08-11,0.00047999999999999996
2088-08-12,0.00047999999999999996
2088-08-13,0.00047999999999999996
2088-08-14,0.00047999999999999996
2088-08-15,0.00047999999999999996
2088-08-16,0.00047999999999999996
2088-08-17,0.00047999999999999996
2088-08-18,0.00047999999999999996
2088-08-19,0.00047999999999999996
2088-08-20,0.00047999999999999996
2088-08-21,0.00047999999999999996
2088-08-22,0.00047999999999999996
2088-08-23,0.00047999999999999996
2088-08-24,0.00047999999999999996
2088-08-25,0.00047999999999999996
2088-08-26,0.00047999999999999996
2088-08-27,0.00047999999999999996
2088-08-28,0.00047999999999999996
2088-08-29,0.00047000000000000004
2088-08-30,0.00047000000000000004
2088-08-31,0.00049
2088-09-01,0.0005200000000000001
2088-09-02,0.00054
2088-09-03,0.00047000000000000004
2088-09-04,0.00159
2088-09-05,0.00047000000000000004
2088-09-06,0.00047000000000000004
2088-09-07,0.00047000000000000004
2088-09-08,0.00047000000000000004
2088-09-09,0.00047000000000000004
2088-09-10,0.00047000000000000004
2088-09-11,0.00047000000000000004
2088-09-12,0.00047000000000000004
2088-09-13,0.00047000000000000004
2088-09-14,0.00047000000000000004
2088-09-15,0.00047000000000000004
2088-09-16,0.00047000000000000004
2088-09-17,0.00047000000000000004
2088-09-18,0.00047000000000000004
2088-09-19,0.00047000000000000004
2088-09-20,0.00047000000000000004
2088-09-21,0.00047000000000000004
2088-09-22,0.00047000000000000004
2088-09-23,0.00047000000000000004
2088-09-24,0.00047000000000000004
2088-09-25,0.00047000000000000004
2088-09-26,0.00047000000000000004
2088-09-27,0.00047000000000000004
2088-09-28,0.00047000000000000004
2088-09-29,0.00047000000000000004
2088-09-30,0.03159
2088-10-01,0.01829
2088-10-02,0.00047000000000000004
2088-10-03,0.00047000000000000004
2088-10-04,0.00047999999999999996
2088-10-05,0.00047999999999999996
2088-10-06,0.00047999999999999996
2088-10-07,0.00047999999999999996
2088-10-08,0.00047999999999999996
2088-10-09,0.00047999999999999996
2088-10-10,0.00047999999999999996
2088-10-11,0.00047999999999999996
2088-10-12,0.00047999999999999996
2088-10-13,0.00047999999999999996
2088-10-14,0.00047999999999999996
2088-10-15,0.00047999999999999996
2088-10-16,0.00047999999999999996
2088-10-17,0.00047999999999999996
2088-10-18,0.00047999999999999996
2088-10-19,0.00047999999999999996
2088-10-20,0.0222
2088-10-21,0.00047999999999999996
2088-10-22,0.00047999999999999996
2088-10-23,0.00047999999999999996
2088-10-24,0.00047999999999999996
2088-10-25,0.00047999999999999996
2088-10-26,0.00047999999999999996
2088-10-27,0.00047999999999999996
2088-10-28,0.00047999999999999996
2088-10-29,0.00149
2088-10-30,0.01821
2088-10-31,0.00049
2088-11-01,0.00782
2088-11-02,0.00049
2088-11-03,0.0005
2088-11-04,0.0005
2088-11-05,0.0005
2088-11-06,0.0005
2088-11-07,0.0005
2088-11-08,0.0005
2088-11-09,0.0005099999999999999
2088-11-10,0.0005099999999999999
2088-11-11,0.0005099999999999999
2088-11-12,0.0005099999999999999
2088-11-13,0.0005099999999999999
2088-11-14,0.0005099999999999999
2088-11-15,0.0005099999999999999
2088-11-16,0.0005099999999999999
2088-11-17,0.0005099999999999999
2088-11-18,0.0005
2088-11-19,0.0005
2088-11-20,0.0005
2088-11-21,0.0128
2088-11-22,0.0207
2088-11-23,0.01845
2088-11-24,0.0005200000000000001
2088-11-25,0.0054600000000000004
2088-11-26,0.0139
2088-11-27,0.00056
2088-11-28,0.02908
2088-11-29,0.02543
2088-11-30,0.00063
2088-12-01,0.00064
2088-12-02,0.00065
2088-12-03,0.0010199999999999999
2088-12-04,0.00942
2088-12-05,0.0566
2088-12-06,0.0575
2088-12-07,0.00078
2088-12-08,0.00084
2088-12-09,0.0009400000000000001
2088-12-10,0.0008300000000000001
2088-12-11,0.01005
2088-12-12,0.0021100000000000003
2088-12-13,0.00084
2088-12-14,0.00678
2088-12-15,0.00101
2088-12-16,0.00086
2088-12-17,0.00086
2088-12-18,0.00086
2088-12-19,0.00086
2088-12-20,0.00086
2088-12-21,0.00086
2088-12-22,0.00086
2088-12-23,0.00085
2088-12-24,0.00085
2088-12-25,0.00085
2088-12-26,0.00085
2088-12-27,0.00084
2088-12-28,0.00084
2088-12-29,0.00084
2088-12-30,0.00148
2088-12-31,0.00539
2089-01-01,0.02282
2089-01-02,0.03726
2089-01-03,0.0266
2089-01-04,0.18035
2089-01-05,0.34621
2089-01-06,0.13
2089-01-07,0.31816
2089-01-08,0.15865
2089-01-09,0.0401
2089-01-10,0.04622
2089-01-11,0.06641
2089-01-12,0.06089
2089-01-13,0.08671
2089-01-14,0.15009
2089-01-15,0.17742
2089-01-16,0.14299
2089-01-17,0.11875999999999999
2089-01-18,0.1285
2089-01-19,0.11646
2089-01-20,0.11864000000000001
2089-01-21,0.10594
2089-01-22,0.10604000000000001
2089-01-23,0.10517
2089-01-24,0.0908
2089-01-25,0.10432999999999999
2089-01-26,0.1431
2089-01-27,0.10202
2089-01-28,0.10225
2089-01-29,0.09576
2089-01-30,0.0877
2089-01-31,0.07946
2089-02-01,0.07193
2089-02-02,0.06521
2089-02-03,0.05935
2089-02-04,0.0669
2089-02-05,0.1725
2089-02-06,0.51299
2089-02-07,0.2578
2089-02-08,0.64658
2089-02-09,0.34826999999999997
2089-02-10,0.14038
2089-02-11,0.12343
2089-02-12,0.16351
2089-02-13,0.27216
2089-02-14,0.23159000000000002
2089-02-15,0.12343
2089-02-16,0.12343
2089-02-17,0.13207
2089-02-18,0.15519000000000002
2089-02-19,0.12529
2089-02-20,0.12585
2089-02-21,0.13185999999999998
2089-02-22,0.11656
2089-02-23,0.10747999999999999
2089-02-24,0.10939000000000002
2089-02-25,0.11547
2089-02-26,0.09612000000000001
2089-02-27,0.08937
2089-02-28,0.0838
2089-03-01,0.07608
2089-03-02,0.07095
2089-03-03,0.06346
2089-03-04,0.05828
2089-03-05,0.05306
2089-03-06,0.051910000000000005
2089-03-07,0.04662
2089-03-08,0.04195
2089-03-09,0.061189999999999994
2089-03-10,0.037110000000000004
2089-03-11,0.03614
2089-03-12,0.05435
2089-03-13,0.27164
2089-03-14,0.17262
2089-03-15,0.11164
2089-03-16,0.11179000000000001
2089-03-17,0.10253
2089-03-18,0.09337999999999999
2089-03-19,0.09136
2089-03-20,0.08346
2089-03-21,0.07128999999999999
2089-03-22,0.0646
2089-03-23,0.09618
2089-03-24,0.20456
2089-03-25,0.10493
2089-03-26,0.1223
2089-03-27,0.10260999999999999
2089-03-28,0.09566000000000001
2089-03-29,0.0868
2089-03-30,0.07716
2089-03-31,0.06829
2089-04-01,0.06045
2089-04-02,0.05414
2089-04-03,0.048530000000000004
2089-04-04,0.043019999999999996
2089-04-05,0.03876
2089-04-06,0.03545
2089-04-07,0.03261
2089-04-08,0.030619999999999998
2089-04-09,0.0266
2089-04-10,0.024
2089-04-11,0.02186
2089-04-12,0.019540000000000002
2089-04-13,0.01729
2089-04-14,0.01621
2089-04-15,0.013869999999999999
2089-04-16,0.0126
2089-04-17,0.0112
2089-04-18,0.009940000000000001
2089-04-19,0.0088
2089-04-20,0.014790000000000001
2089-04-21,0.00742
2089-04-22,0.006540000000000001
2089-04-23,0.00541
2089-04-24,0.00427
2089-04-25,0.00339
2089-04-26,0.00279
2089-04-27,0.014130000000000002
2089-04-28,0.059179999999999996
2089-04-29,0.02248
2089-04-30,0.007790000000000001
2089-05-01,0.00919
2089-05-02,0.009179999999999999
2089-05-03,0.0086
2089-05-04,0.00763
2089-05-05,0.01055
2089-05-06,0.00605
2089-05-07,0.0051600000000000005
2089-05-08,0.00426
2089-05-09,0.00358
2089-05-10,0.00302
2089-05-11,0.00257
2089-05-12,0.00223
2089-05-13,0.0017800000000000001
2089-05-14,0.00145
2089-05-15,0.00128
2089-05-16,0.00122
2089-05-17,0.0012
2089-05-18,0.00119
2089-05-19,0.00117
2089-05-20,0.00116
2089-05-21,0.00115
2089-05-22,0.0011300000000000001
2089-05-23,0.00112
2089-05-24,0.0011099999999999999
2089-05-25,0.00109
2089-05-26,0.00108
2089-05-27,0.00107
2089-05-28,0.00106
2089-05-29,0.0010400000000000001
2089-05-30,0.00103
2089-05-31,0.00101
2089-06-01,0.00099
2089-06-02,0.00098
2089-06-03,0.0009699999999999999
2089-06-04,0.0009599999999999999
2089-06-05,0.00095
2089-06-06,0.00093
2089-06-07,0.00091
2089-06-08,0.0009
2089-06-09,0.00088
2089-06-10,0.0008699999999999999
2089-06-11,0.00085
2089-06-12,0.0008300000000000001
2089-06-13,0.00082
2089-06-14,0.0008
2089-06-15,0.00079
2089-06-16,0.00078
2089-06-17,0.0007599999999999999
2089-06-18,0.00074
2089-06-19,0.00072
2089-06-20,0.0007099999999999999
2089-06-21,0.0006900000000000001
2089-06-22,0.00067
2089-06-23,0.00066
2089-06-24,0.00064
2089-06-25,0.00063
2089-06-26,0.00061
2089-06-27,0.0006
2089-06-28,0.00059
2089-06-29,0.00058
2089-06-30,0.00057
2089-07-01,0.00056
2089-07-02,0.00055
2089-07-03,0.00054
2089-07-04,0.00053
2089-07-05,0.0005200000000000001
2089-07-06,0.0045899999999999995
2089-07-07,0.0005099999999999999
2089-07-08,0.0005099999999999999
2089-07-09,0.0005
2089-07-10,0.0005
2089-07-11,0.0005
2089-07-12,0.00049
2089-07-13,0.00049
2089-07-14,0.00049
2089-07-15,0.00047999999999999996
2089-07-16,0.00047999999999999996
2089-07-17,0.00047999999999999996
2089-07-18,0.00047999999999999996
2089-07-19,0.00047999999999999996
2089-07-20,0.00047999999999999996
2089-07-21,0.00047999999999999996
2089-07-22,0.00047999999999999996
2089-07-23,0.00047999999999999996
2089-07-24,0.00047999999999999996
2089-07-25,0.00047999999999999996
2089-07-26,0.00047999999999999996
2089-07-27,0.00047999999999999996
2089-07-28,0.00047999999999999996
2089-07-29,0.00047999999999999996
2089-07-30,0.00099
2089-07-31,0.00047999999999999996
2089-08-01,0.00047999999999999996
2089-08-02,0.00047999999999999996
2089-08-03,0.00047999999999999996
2089-08-04,0.00047999999999999996
2089-08-05,0.00047999999999999996
2089-08-06,0.00047999999999999996
2089-08-07,0.00047999999999999996
2089-08-08,0.00047999999999999996
2089-08-09,0.00047999999999999996
2089-08-10,0.00047999999999999996
2089-08-11,0.00047999999999999996
2089-08-12,0.00047999999999999996
2089-08-13,0.00047999999999999996
2089-08-14,0.00047999999999999996
2089-08-15,0.00047999999999999996
2089-08-16,0.00047999999999999996
2089-08-17,0.00047999999999999996
2089-08-18,0.00047999999999999996
2089-08-19,0.00047999999999999996
2089-08-20,0.00047999999999999996
2089-08-21,0.00047999999999999996
2089-08-22,0.00047999999999999996
2089-08-23,0.00047999999999999996
2089-08-24,0.00047999999999999996
2089-08-25,0.00047999999999999996
2089-08-26,0.00047999999999999996
2089-08-27,0.00047999999999999996
2089-08-28,0.00047999999999999996
2089-08-29,0.00047000000000000004
2089-08-30,0.00773
2089-08-31,0.11035
2089-09-01,2.38234
2089-09-02,0.17039
2089-09-03,0.00074
2089-09-04,0.00091
2089-09-05,0.0007700000000000001
2089-09-06,0.0007700000000000001
2089-09-07,0.0007700000000000001
2089-09-08,0.0007700000000000001
2089-09-09,0.0007599999999999999
2089-09-10,0.00075
2089-09-11,0.00074
2089-09-12,0.00073
2089-09-13,0.00073
2089-09-14,0.0030399999999999997
2089-09-15,0.0007099999999999999
2089-09-16,0.00074
2089-09-17,0.0007
2089-09-18,0.0006900000000000001
2089-09-19,0.0006799999999999999
2089-09-20,0.00067
2089-09-21,0.00066
2089-09-22,0.00065
2089-09-23,0.01115
2089-09-24,0.00064
2089-09-25,0.00064
2089-09-26,0.00063
2089-09-27,0.00063
2089-09-28,0.00062
2089-09-29,0.0017800000000000001
2089-09-30,0.00062
2089-10-01,0.00061
2089-10-02,0.00061
2089-10-03,0.0006
2089-10-04,0.00065
2089-10-05,0.00059
2089-10-06,0.00058
2089-10-07,0.00058
2089-10-08,0.00058
2089-10-09,0.00057
2089-10-10,0.00056
2089-10-11,0.00056
2089-10-12,0.00055
2089-10-13,0.00055
2089-10-14,0.00055
2089-10-15,0.00054
2089-10-16,0.00054
2089-10-17,0.00054
2089-10-18,0.00054
2089-10-19,0.00053
2089-10-20,0.00053
2089-10-21,0.00053
2089-10-22,0.0005200000000000001
2089-10-23,0.0005200000000000001
2089-10-24,0.0005200000000000001
2089-10-25,0.0005200000000000001
2089-10-26,0.0005200000000000001
2089-10-27,0.0005200000000000001
2089-10-28,0.015340000000000001
2089-10-29,0.0005200000000000001
2089-10-30,0.0005200000000000001
2089-10-31,0.0005200000000000001
2089-11-01,0.0005200000000000001
2089-11-02,0.0005099999999999999
2089-11-03,0.0005099999999999999
2089-11-04,0.0005099999999999999
2089-11-05,0.0005099999999999999
2089-11-06,0.0005099999999999999
2089-11-07,0.013919999999999998
2089-11-08,0.0059700000000000005
2089-11-09,0.0005099999999999999
2089-11-10,0.034460000000000005
2089-11-11,0.0005200000000000001
2089-11-12,0.00053
2089-11-13,0.00054
2089-11-14,0.00055
2089-11-15,0.00055
2089-11-16,0.00055
2089-11-17,0.00055
2089-11-18,0.002
2089-11-19,0.043210000000000005
2089-11-20,0.00058
2089-11-21,0.0006
2089-11-22,0.0006
2089-11-23,0.00061
2089-11-24,0.0069700000000000005
2089-11-25,0.02065
2089-11-26,0.0009599999999999999
2089-11-27,0.00064
2089-11-28,0.03142
2089-11-29,0.03422
2089-11-30,0.03748
2089-12-01,0.02563
2089-12-02,0.009640000000000001
2089-12-03,0.0026
2089-12-04,0.0058200000000000005
2089-12-05,0.00085
2089-12-06,0.00086
2089-12-07,0.00086
2089-12-08,0.0008699999999999999
2089-12-09,0.0008699999999999999
2089-12-10,0.0008699999999999999
2089-12-11,0.0069700000000000005
2089-12-12,0.00852
2089-12-13,0.0008699999999999999
2089-12-14,0.00088
2089-12-15,0.00088
2089-12-16,0.00088
2089-12-17,0.00088
2089-12-18,0.00088
2089-12-19,0.00088
2089-12-20,0.00088
2089-12-21,0.00088
2089-12-22,0.00088
2089-12-23,0.00088
2089-12-24,0.0008699999999999999
2089-12-25,0.0008699999999999999
2089-12-26,0.0008699999999999999
2089-12-27,0.00086
2089-12-28,0.00086
2089-12-29,0.00086
2089-12-30,0.00086
2089-12-31,0.00086
2090-01-01,0.025230000000000002
2090-01-02,0.01284
2090-01-03,0.00995
2090-01-04,0.007670000000000001
2090-01-05,0.0186
2090-01-06,0.18144000000000002
2090-01-07,0.34949
2090-01-08,0.01157
2090-01-09,0.0318
2090-01-10,0.37348000000000003
2090-01-11,0.89441
2090-01-12,0.54393
2090-01-13,0.4478
2090-01-14,0.56212
2090-01-15,0.71796
2090-01-16,0.52856
2090-01-17,0.8214899999999999
2090-01-18,0.17402
2090-01-19,0.13487000000000002
2090-01-20,0.5778800000000001
2090-01-21,0.37998000000000004
2090-01-22,0.7713399999999999
2090-01-23,0.63848
2090-01-24,0.25448000000000004
2090-01-25,0.12343
2090-01-26,0.12343
2090-01-27,0.12343
2090-01-28,0.12343
2090-01-29,0.12243
2090-01-30,0.11485999999999999
2090-01-31,0.10569
2090-02-01,0.09433
2090-02-02,0.10407999999999999
2090-02-03,0.15352000000000002
2090-02-04,0.83111
2090-02-05,0.16759000000000002
2090-02-06,0.12671
2090-02-07,0.16957
2090-02-08,0.17631
2090-02-09,0.12845
2090-02-10,0.12343
2090-02-11,0.15035
2090-02-12,0.21408000000000002
2090-02-13,0.13846
2090-02-14,0.18300999999999998
2090-02-15,0.16709000000000002
2090-02-16,0.27633
2090-02-17,0.24101999999999998
2090-02-18,0.13710999999999998
2090-02-19,0.12707000000000002
2090-02-20,0.13099
2090-02-21,0.13445
2090-02-22,0.12326
2090-02-23,0.12230999999999999
2090-02-24,0.1151
2090-02-25,0.10953
2090-02-26,0.11435
2090-02-27,0.09416000000000001
2090-02-28,0.08632000000000001
2090-03-01,0.07989
2090-03-02,0.07303
2090-03-03,0.06934
2090-03-04,0.06159
2090-03-05,0.05655
2090-03-06,0.053970000000000004
2090-03-07,0.04924
2090-03-08,0.04494
2090-03-09,0.04115
2090-03-10,0.05194
2090-03-11,0.05822000000000001
2090-03-12,0.03734
2090-03-13,0.038489999999999996
2090-03-14,0.037469999999999996
2090-03-15,0.03515
2090-03-16,0.03244
2090-03-17,0.02997
2090-03-18,0.027819999999999998
2090-03-19,0.025789999999999997
2090-03-20,0.0238
2090-03-21,0.06239
2090-03-22,0.04805
2090-03-23,0.0602
2090-03-24,0.08109
2090-03-25,0.05397999999999999
2090-03-26,0.07443999999999999
2090-03-27,0.10019
2090-03-28,0.09801
2090-03-29,0.12267
2090-03-30,0.12063
2090-03-31,0.10309000000000001
2090-04-01,0.10407999999999999
2090-04-02,0.09141
2090-04-03,0.08215
2090-04-04,0.0723
2090-04-05,0.0622
2090-04-06,0.053360000000000005
2090-04-07,0.04625
2090-04-08,0.04042
2090-04-09,0.03576
2090-04-10,0.03217
2090-04-11,0.033030000000000004
2090-04-12,0.02914
2090-04-13,0.03783
2090-04-14,0.04112
2090-04-15,0.048389999999999996
2090-04-16,0.03119
2090-04-17,0.031939999999999996
2090-04-18,0.04755
2090-04-19,0.04597
2090-04-20,0.04241
2090-04-21,0.037489999999999996
2090-04-22,0.03632
2090-04-23,0.033589999999999995
2090-04-24,0.0303
2090-04-25,0.02683
2090-04-26,0.0234
2090-04-27,0.02025
2090-04-28,0.01747
2090-04-29,0.0559
2090-04-30,0.0905
2090-05-01,0.03293
2090-05-02,0.03634
2090-05-03,0.03412
2090-05-04,0.03058
2090-05-05,0.02665
2090-05-06,0.022619999999999998
2090-05-07,0.019219999999999998
2090-05-08,0.01665
2090-05-09,0.0145
2090-05-10,0.01151
2090-05-11,0.00896
2090-05-12,0.0069
2090-05-13,0.005220000000000001
2090-05-14,0.0038799999999999998
2090-05-15,0.00281
2090-05-16,0.00203
2090-05-17,0.00155
2090-05-18,0.00131
2090-05-19,0.00123
2090-05-20,0.00121
2090-05-21,0.0012
2090-05-22,0.00118
2090-05-23,0.00116
2090-05-24,0.00115
2090-05-25,0.00114
2090-05-26,0.0011300000000000001
2090-05-27,0.0011099999999999999
2090-05-28,0.0011
2090-05-29,0.00108
2090-05-30,0.00107
2090-05-31,0.00105
2090-06-01,0.00103
2090-06-02,0.00101
2090-06-03,0.00099
2090-06-04,0.0009699999999999999
2090-06-05,0.00095
2090-06-06,0.00093
2090-06-07,0.0009199999999999999
2090-06-08,0.0009
2090-06-09,0.00088
2090-06-10,0.00086
2090-06-11,0.00084
2090-06-12,0.00082
2090-06-13,0.0008
2090-06-14,0.00079
2090-06-15,0.0007700000000000001
2090-06-16,0.00075
2090-06-17,0.00074
2090-06-18,0.00072
2090-06-19,0.0007
2090-06-20,0.0006799999999999999
2090-06-21,0.00067
2090-06-22,0.00065
2090-06-23,0.00064
2090-06-24,0.00062
2090-06-25,0.00061
2090-06-26,0.00059
2090-06-27,0.00058
2090-06-28,0.00057
2090-06-29,0.00056
2090-06-30,0.00055
2090-07-01,0.00054
2090-07-02,0.00053
2090-07-03,0.0005200000000000001
2090-07-04,0.0005099999999999999
2090-07-05,0.0005099999999999999
2090-07-06,0.0005
2090-07-07,0.0005
2090-07-08,0.00049
2090-07-09,0.00049
2090-07-10,0.00049
2090-07-11,0.00049
2090-07-12,0.00047999999999999996
2090-07-13,0.00047999999999999996
2090-07-14,0.00047999999999999996
2090-07-15,0.00047999999999999996
2090-07-16,0.00047999999999999996
2090-07-17,0.00047999999999999996
2090-07-18,0.00047999999999999996
2090-07-19,0.00047999999999999996
2090-07-20,0.00047999999999999996
2090-07-21,0.00047999999999999996
2090-07-22,0.00047999999999999996
2090-07-23,0.00047999999999999996
2090-07-24,0.00047999999999999996
2090-07-25,0.00047999999999999996
2090-07-26,0.00047999999999999996
2090-07-27,0.00047999999999999996
2090-07-28,0.00047999999999999996
2090-07-29,0.00047999999999999996
2090-07-30,0.00047999999999999996
2090-07-31,0.00047999999999999996
2090-08-01,0.00047999999999999996
2090-08-02,0.00047999999999999996
2090-08-03,0.00047999999999999996
2090-08-04,0.00047999999999999996
2090-08-05,0.00047999999999999996
2090-08-06,0.00047999999999999996
2090-08-07,0.00047999999999999996
2090-08-08,0.00047999999999999996
2090-08-09,0.00047999999999999996
2090-08-10,0.00047999999999999996
2090-08-11,0.0005200000000000001
2090-08-12,0.00047999999999999996
2090-08-13,0.00047999999999999996
2090-08-14,0.00047999999999999996
2090-08-15,0.00047999999999999996
2090-08-16,0.00047999999999999996
2090-08-17,0.00047999999999999996
2090-08-18,0.00084
2090-08-19,0.00047999999999999996
2090-08-20,0.0006799999999999999
2090-08-21,0.00047999999999999996
2090-08-22,0.00047999999999999996
2090-08-23,0.00047999999999999996
2090-08-24,0.00047999999999999996
2090-08-25,0.00047999999999999996
2090-08-26,0.00047000000000000004
2090-08-27,0.00047000000000000004
2090-08-28,0.00047000000000000004
2090-08-29,0.00047000000000000004
2090-08-30,0.00047000000000000004
2090-08-31,0.00047000000000000004
2090-09-01,0.00047000000000000004
2090-09-02,0.00047000000000000004
2090-09-03,0.00047000000000000004
2090-09-04,0.00047000000000000004
2090-09-05,0.00047000000000000004
2090-09-06,0.00047000000000000004
2090-09-07,0.00047000000000000004
2090-09-08,0.00047000000000000004
2090-09-09,0.00047000000000000004
2090-09-10,0.00047000000000000004
2090-09-11,0.00047000000000000004
2090-09-12,0.00047000000000000004
2090-09-13,0.00047000000000000004
2090-09-14,0.00047000000000000004
2090-09-15,0.00047000000000000004
2090-09-16,0.00047000000000000004
2090-09-17,0.00047000000000000004
2090-09-18,0.00047000000000000004
2090-09-19,0.00047000000000000004
2090-09-20,0.00047000000000000004
2090-09-21,0.00047000000000000004
2090-09-22,0.00047000000000000004
2090-09-23,0.00047000000000000004
2090-09-24,0.00047000000000000004
2090-09-25,0.00047000000000000004
2090-09-26,0.013580000000000002
2090-09-27,0.00047000000000000004
2090-09-28,0.00202
2090-09-29,0.00047000000000000004
2090-09-30,0.00047000000000000004
2090-10-01,0.00047000000000000004
2090-10-02,0.12995
2090-10-03,0.08217999999999999
2090-10-04,0.00062
2090-10-05,0.00064
2090-10-06,0.00064
2090-10-07,0.00064
2090-10-08,0.00064
2090-10-09,0.00064
2090-10-10,0.00447
2090-10-11,0.0069099999999999995
2090-10-12,0.00064
2090-10-13,0.00064
2090-10-14,0.00063
2090-10-15,0.00063
2090-10-16,0.00062
2090-10-17,0.00062
2090-10-18,0.00062
2090-10-19,0.00061
2090-10-20,0.00061
2090-10-21,0.0006
2090-10-22,0.0006
2090-10-23,0.00059
2090-10-24,0.00059
2090-10-25,0.00058
2090-10-26,0.00058
2090-10-27,0.00058
2090-10-28,0.00057
2090-10-29,0.00057
2090-10-30,0.00057
2090-10-31,0.00084
2090-11-01,0.00063
2090-11-02,0.00056
2090-11-03,0.00056
2090-11-04,0.00056
2090-11-05,0.00339
2090-11-06,0.00055
2090-11-07,0.00055
2090-11-08,0.00106
2090-11-09,0.00055
2090-11-10,0.00055
2090-11-11,0.00055
2090-11-12,0.00055
2090-11-13,0.00055
2090-11-14,0.00055
2090-11-15,0.057010000000000005
2090-11-16,0.14367
2090-11-17,0.037630000000000004
2090-11-18,0.0060799999999999995
2090-11-19,0.00075
2090-11-20,0.0007700000000000001
2090-11-21,0.0007700000000000001
2090-11-22,0.00078
2090-11-23,0.00078
2090-11-24,0.0035299999999999997
2090-11-25,0.00078
2090-11-26,0.00078
2090-11-27,0.00078
2090-11-28,0.00936
2090-11-29,0.00958
2090-11-30,0.00123
2090-12-01,0.04562
2090-12-02,0.09763
2090-12-03,0.09365
2090-12-04,0.007359999999999999
2090-12-05,0.013869999999999999
2090-12-06,0.01957
2090-12-07,0.00109
2090-12-08,0.0011
2090-12-09,0.0011099999999999999
2090-12-10,0.00112
2090-12-11,0.00112
2090-12-12,0.00112
2090-12-13,0.00112
2090-12-14,0.00112
2090-12-15,0.00942
2090-12-16,0.061560000000000004
2090-12-17,0.12815
2090-12-18,0.10454000000000001
2090-12-19,0.1432
2090-12-20,0.0843
2090-12-21,0.08831
2090-12-22,0.16924
2090-12-23,0.14624
2090-12-24,0.11132
2090-12-25,0.11043
2090-12-26,0.18502000000000002
2090-12-27,0.62211
2090-12-28,0.9244399999999999
2090-12-29,0.55609
2090-12-30,0.22314
2090-12-31,0.29331999999999997
2091-01-01,0.28254
2091-01-02,0.12343
2091-01-03,0.12343
2091-01-04,0.12343
2091-01-05,0.12335
2091-01-06,0.12268
2091-01-07,0.11634000000000001
2091-01-08,0.10588
2091-01-09,0.09523999999999999
2091-01-10,0.09552000000000001
2091-01-11,0.08926
2091-01-12,0.08776
2091-01-13,0.11065
2091-01-14,0.10916
2091-01-15,0.09089
2091-01-16,0.19183
2091-01-17,0.27310999999999996
2091-01-18,0.70009
2091-01-19,0.7027899999999999
2091-01-20,0.29814
2091-01-21,0.28793
2091-01-22,0.12343
2091-01-23,0.12343
2091-01-24,0.12343
2091-01-25,0.12343
2091-01-26,0.14887999999999998
2091-01-27,0.2933
2091-01-28,0.87246
2091-01-29,1.43511
2091-01-30,0.9322299999999999
2091-01-31,1.2563600000000001
2091-02-01,0.55061
2091-02-02,0.25663
2091-02-03,0.16002
2091-02-04,0.15072
2091-02-05,0.17298
2091-02-06,0.14390999999999998
2091-02-07,0.16277
2091-02-08,0.17464000000000002
2091-02-09,0.12343
2091-02-10,0.12343
2091-02-11,0.12342
2091-02-12,0.12484
2091-02-13,0.14351
2091-02-14,0.13878
2091-02-15,0.11779
2091-02-16,0.11288
2091-02-17,0.11797
2091-02-18,0.15525
2091-02-19,0.12047999999999999
2091-02-20,0.11367999999999999
2091-02-21,0.124
2091-02-22,0.12822999999999998
2091-02-23,0.10342
2091-02-24,0.09905
2091-02-25,0.09076000000000001
2091-02-26,0.08183
2091-02-27,0.07337
2091-02-28,0.06559
2091-03-01,0.058629999999999995
2091-03-02,0.05252999999999999
2091-03-03,0.04675
2091-03-04,0.04226
2091-03-05,0.03796
2091-03-06,0.034069999999999996
2091-03-07,0.03805
2091-03-08,0.02827
2091-03-09,0.02574
2091-03-10,0.02334
2091-03-11,0.04127
2091-03-12,0.08941
2091-03-13,0.11216
2091-03-14,0.10747999999999999
2091-03-15,0.09636
2091-03-16,0.08446000000000001
2091-03-17,0.08437
2091-03-18,0.07689
2091-03-19,0.07124
2091-03-20,0.07568
2091-03-21,0.060079999999999995
2091-03-22,0.05509
2091-03-23,0.05014
2091-03-24,0.04493
2091-03-25,0.040119999999999996
2091-03-26,0.036019999999999996
2091-03-27,0.052070000000000005
2091-03-28,0.04523
2091-03-29,0.03259
2091-03-30,0.0329
2091-03-31,0.03188
2091-04-01,0.03047
2091-04-02,0.03589
2091-04-03,0.04987
2091-04-04,0.035
2091-04-05,0.032010000000000004
2091-04-06,0.03564
2091-04-07,0.03277
2091-04-08,0.0313
2091-04-09,0.08055
2091-04-10,0.38665
2091-04-11,0.43316000000000004
2091-04-12,0.33824
2091-04-13,0.1481
2091-04-14,0.13165
2091-04-15,0.12339000000000001
2091-04-16,0.13802999999999999
2091-04-17,0.14122
2091-04-18,0.13352999999999998
2091-04-19,0.12050999999999999
2091-04-20,0.11429
2091-04-21,0.10447999999999999
2091-04-22,0.09407
2091-04-23,0.08394
2091-04-24,0.07406
2091-04-25,0.06513
2091-04-26,0.05685
2091-04-27,0.049
2091-04-28,0.04173
2091-04-29,0.03622
2091-04-30,0.03147
2091-05-01,0.02692
2091-05-02,0.022369999999999998
2091-05-03,0.01873
2091-05-04,0.01569
2091-05-05,0.01316
2091-05-06,0.01113
2091-05-07,0.00925
2091-05-08,0.00733
2091-05-09,0.00577
2091-05-10,0.00481
2091-05-11,0.00404
2091-05-12,0.006640000000000001
2091-05-13,0.0055899999999999995
2091-05-14,0.00288
2091-05-15,0.00335
2091-05-16,0.00323
2091-05-17,0.00202
2091-05-18,0.0016899999999999999
2091-05-19,0.00144
2091-05-20,0.00337
2091-05-21,0.01687
2091-05-22,0.0015300000000000001
2091-05-23,0.00124
2091-05-24,0.00122
2091-05-25,0.00121
2091-05-26,0.0012
2091-05-27,0.00118
2091-05-28,0.00117
2091-05-29,0.00115
2091-05-30,0.00114
2091-05-31,0.00112
2091-06-01,0.0011099999999999999
2091-06-02,0.0011
2091-06-03,0.00109
2091-06-04,0.00108
2091-06-05,0.00107
2091-06-06,0.00106
2091-06-07,0.0010400000000000001
2091-06-08,0.00103
2091-06-09,0.00101
2091-06-10,0.001
2091-06-11,0.00098
2091-06-12,0.0009699999999999999
2091-06-13,0.00095
2091-06-14,0.00093
2091-06-15,0.00091
2091-06-16,0.0008900000000000001
2091-06-17,0.0008699999999999999
2091-06-18,0.00084
2091-06-19,0.00082
2091-06-20,0.0008
2091-06-21,0.00078
2091-06-22,0.0007700000000000001
2091-06-23,0.00075
2091-06-24,0.00073
2091-06-25,0.00286
2091-06-26,0.0007
2091-06-27,0.0006900000000000001
2091-06-28,0.00067
2091-06-29,0.00066
2091-06-30,0.00065
2091-07-01,0.00063
2091-07-02,0.00062
2091-07-03,0.00061
2091-07-04,0.00059
2091-07-05,0.00058
2091-07-06,0.00057
2091-07-07,0.00056
2091-07-08,0.00055
2091-07-09,0.00054
2091-07-10,0.00053
2091-07-11,0.0005200000000000001
2091-07-12,0.0005200000000000001
2091-07-13,0.0005099999999999999
2091-07-14,0.0005
2091-07-15,0.0005
2091-07-16,0.0005
2091-07-17,0.00049
2091-07-18,0.00049
2091-07-19,0.00049
2091-07-20,0.00049
2091-07-21,0.00049
2091-07-22,0.00047999999999999996
2091-07-23,0.00047999999999999996
2091-07-24,0.00047999999999999996
2091-07-25,0.00047999999999999996
2091-07-26,0.00047999999999999996
2091-07-27,0.00047999999999999996
2091-07-28,0.00047999999999999996
2091-07-29,0.00047999999999999996
2091-07-30,0.00047999999999999996
2091-07-31,0.00047999999999999996
2091-08-01,0.00047999999999999996
2091-08-02,0.00047999999999999996
2091-08-03,0.00047999999999999996
2091-08-04,0.00047999999999999996
2091-08-05,0.00047999999999999996
2091-08-06,0.00047999999999999996
2091-08-07,0.00047999999999999996
2091-08-08,0.00047999999999999996
2091-08-09,0.00047999999999999996
2091-08-10,0.00047999999999999996
2091-08-11,0.00047999999999999996
2091-08-12,0.00047999999999999996
2091-08-13,0.00047999999999999996
2091-08-14,0.00047999999999999996
2091-08-15,0.00047999999999999996
2091-08-16,0.00047999999999999996
2091-08-17,0.00047999999999999996
2091-08-18,0.00047999999999999996
2091-08-19,0.00047999999999999996
2091-08-20,0.00047999999999999996
2091-08-21,0.00047999999999999996
2091-08-22,0.00047999999999999996
2091-08-23,0.00047999999999999996
2091-08-24,0.00047999999999999996
2091-08-25,0.00047999999999999996
2091-08-26,0.00047999999999999996
2091-08-27,0.00047999999999999996
2091-08-28,0.00047999999999999996
2091-08-29,0.00047999999999999996
2091-08-30,0.00047999999999999996
2091-08-31,0.00047999999999999996
2091-09-01,0.00053
2091-09-02,0.00047999999999999996
2091-09-03,0.0005099999999999999
2091-09-04,0.00047000000000000004
2091-09-05,0.00047000000000000004
2091-09-06,0.00078
2091-09-07,0.00047000000000000004
2091-09-08,0.00047000000000000004
2091-09-09,0.00047999999999999996
2091-09-10,0.00047000000000000004
2091-09-11,0.00047000000000000004
2091-09-12,0.00049
2091-09-13,0.00047000000000000004
2091-09-14,0.00047000000000000004
2091-09-15,0.00047000000000000004
2091-09-16,0.00047000000000000004
2091-09-17,0.00047000000000000004
2091-09-18,0.00047000000000000004
2091-09-19,0.00047000000000000004
2091-09-20,0.00047000000000000004
2091-09-21,0.00047000000000000004
2091-09-22,0.00047000000000000004
2091-09-23,0.00047000000000000004
2091-09-24,0.00047000000000000004
2091-09-25,0.00047000000000000004
2091-09-26,0.00047000000000000004
2091-09-27,0.00047000000000000004
2091-09-28,0.00047000000000000004
2091-09-29,0.00047000000000000004
2091-09-30,0.00047000000000000004
2091-10-01,0.00047000000000000004
2091-10-02,0.00047000000000000004
2091-10-03,0.00047000000000000004
2091-10-04,0.00047000000000000004
2091-10-05,0.00895
2091-10-06,0.027389999999999998
2091-10-07,0.009040000000000001
2091-10-08,0.00047000000000000004
2091-10-09,0.00047000000000000004
2091-10-10,0.00047000000000000004
2091-10-11,0.00047999999999999996
2091-10-12,0.00047999999999999996
2091-10-13,0.00047999999999999996
2091-10-14,0.00047999999999999996
2091-10-15,0.00047999999999999996
2091-10-16,0.00047999999999999996
2091-10-17,0.00047999999999999996
2091-10-18,0.00047999999999999996
2091-10-19,0.00047999999999999996
2091-10-20,0.00047999999999999996
2091-10-21,0.00047999999999999996
2091-10-22,0.00047999999999999996
2091-10-23,0.00047999999999999996
2091-10-24,0.00047999999999999996
2091-10-25,0.00047999999999999996
2091-10-26,0.00047999999999999996
2091-10-27,0.00047999999999999996
2091-10-28,0.00047999999999999996
2091-10-29,0.00047999999999999996
2091-10-30,0.00047999999999999996
2091-10-31,0.00047999999999999996
2091-11-01,0.00047999999999999996
2091-11-02,0.00047999999999999996
2091-11-03,0.00047999999999999996
2091-11-04,0.00047999999999999996
2091-11-05,0.00047999999999999996
2091-11-06,0.00047999999999999996
2091-11-07,0.00047999999999999996
2091-11-08,0.00047999999999999996
2091-11-09,0.00047999999999999996
2091-11-10,0.00047999999999999996
2091-11-11,0.00047999999999999996
2091-11-12,0.00047999999999999996
2091-11-13,0.00434
2091-11-14,0.002
2091-11-15,0.00047999999999999996
2091-11-16,0.00047999999999999996
2091-11-17,0.00047999999999999996
2091-11-18,0.00047999999999999996
2091-11-19,0.00047999999999999996
2091-11-20,0.00207
2091-11-21,0.02621
2091-11-22,0.04498
2091-11-23,0.06364
2091-11-24,0.00056
2091-11-25,0.00193
2091-11-26,0.03979
2091-11-27,0.05801
2091-11-28,0.039189999999999996
2091-11-29,0.0007599999999999999
2091-11-30,0.00078
2091-12-01,0.00079
2091-12-02,0.00079
2091-12-03,0.0008
2091-12-04,0.03884
2091-12-05,0.014769999999999998
2091-12-06,0.011729999999999999
2091-12-07,0.09522
2091-12-08,0.033389999999999996
2091-12-09,0.010020000000000001
2091-12-10,0.0143
2091-12-11,0.00106
2091-12-12,0.00107
2091-12-13,0.00108
2091-12-14,0.00108
2091-12-15,0.00108
2091-12-16,0.00108
2091-12-17,0.00108
2091-12-18,0.00108
2091-12-19,0.00108
2091-12-20,0.00108
2091-12-21,0.00108
2091-12-22,0.00108
2091-12-23,0.00108
2091-12-24,0.0018800000000000002
2091-12-25,0.00108
2091-12-26,0.00275
2091-12-27,0.00107
2091-12-28,0.00108
2091-12-29,0.00107
2091-12-30,0.07065
2091-12-31,0.023190000000000002
2092-01-01,0.12015
2092-01-02,0.17490999999999998
2092-01-03,0.5936100000000001
2092-01-04,0.08132
2092-01-05,0.056170000000000005
2092-01-06,0.05917000000000001
2092-01-07,0.0613
2092-01-08,0.0768
2092-01-09,0.05633
2092-01-10,0.05616
2092-01-11,0.054110000000000005
2092-01-12,0.05117
2092-01-13,0.04779
2092-01-14,0.04437
2092-01-15,0.040999999999999995
2092-01-16,0.03771
2092-01-17,0.044000000000000004
2092-01-18,0.056960000000000004
2092-01-19,0.055779999999999996
2092-01-20,0.07505
2092-01-21,0.27825
2092-01-22,0.14154
2092-01-23,0.12558
2092-01-24,0.11815
2092-01-25,0.11009000000000001
2092-01-26,0.10205
2092-01-27,0.09333999999999999
2092-01-28,0.08532000000000001
2092-01-29,0.07891000000000001
2092-01-30,0.10201
2092-01-31,0.09145
2092-02-01,0.07975
2092-02-02,0.10082999999999999
2092-02-03,0.09696
2092-02-04,0.09813
2092-02-05,0.09675
2092-02-06,0.1005
2092-02-07,0.10294
2092-02-08,0.09565
2092-02-09,0.08668
2092-02-10,0.09045
2092-02-11,0.10953
2092-02-12,0.11375
2092-02-13,0.17044
2092-02-14,0.40421999999999997
2092-02-15,0.19834000000000002
2092-02-16,0.12563
2092-02-17,0.18552000000000002
2092-02-18,0.23369
2092-02-19,0.31193000000000004
2092-02-20,0.18145999999999998
2092-02-21,0.22399000000000002
2092-02-22,0.12343
2092-02-23,0.12343
2092-02-24,0.12343
2092-02-25,0.12330999999999999
2092-02-26,0.12705999999999998
2092-02-27,0.13910999999999998
2092-02-28,0.14075
2092-02-29,0.19245
2092-03-01,0.45058000000000004
2092-03-02,1.37521
2092-03-03,0.15373
2092-03-04,0.127
2092-03-05,0.12343
2092-03-06,0.12343
2092-03-07,0.19725
2092-03-08,0.19121
2092-03-09,0.12435999999999998
2092-03-10,0.12343
2092-03-11,0.12325
2092-03-12,0.12364000000000001
2092-03-13,0.11854
2092-03-14,0.10873
2092-03-15,0.09704
2092-03-16,0.08628999999999999
2092-03-17,0.07672999999999999
2092-03-18,0.06787
2092-03-19,0.06014
2092-03-20,0.05312000000000001
2092-03-21,0.04679
2092-03-22,0.04152
2092-03-23,0.036739999999999995
2092-03-24,0.0352
2092-03-25,0.02984
2092-03-26,0.026539999999999998
2092-03-27,0.023469999999999998
2092-03-28,0.02084
2092-03-29,0.01876
2092-03-30,0.01674
2092-03-31,0.014759999999999999
2092-04-01,0.01269
2092-04-02,0.01072
2092-04-03,0.0089
2092-04-04,0.007390000000000001
2092-04-05,0.00633
2092-04-06,0.00543
2092-04-07,0.00458
2092-04-08,0.00392
2092-04-09,0.01005
2092-04-10,0.00391
2092-04-11,0.00322
2092-04-12,0.0027300000000000002
2092-04-13,0.00237
2092-04-14,0.00206
2092-04-15,0.00176
2092-04-16,0.0015
2092-04-17,0.00133
2092-04-18,0.00124
2092-04-19,0.00122
2092-04-20,0.00121
2092-04-21,0.02245
2092-04-22,0.01926
2092-04-23,0.03234
2092-04-24,0.13928
2092-04-25,0.0114
2092-04-26,0.014209999999999999
2092-04-27,0.036160000000000005
2092-04-28,0.01788
2092-04-29,0.0188
2092-04-30,0.018340000000000002
2092-05-01,0.01712
2092-05-02,0.015569999999999999
2092-05-03,0.01924
2092-05-04,0.017730000000000003
2092-05-05,0.02085
2092-05-06,0.01371
2092-05-07,0.01319
2092-05-08,0.01179
2092-05-09,0.01025
2092-05-10,0.008759999999999999
2092-05-11,0.00719
2092-05-12,0.00579
2092-05-13,0.00457
2092-05-14,0.00365
2092-05-15,0.00295
2092-05-16,0.00235
2092-05-17,0.0026100000000000003
2092-05-18,0.0017399999999999998
2092-05-19,0.00149
2092-05-20,0.00131
2092-05-21,0.00123
2092-05-22,0.0012
2092-05-23,0.00119
2092-05-24,0.00117
2092-05-25,0.00116
2092-05-26,0.00114
2092-05-27,0.0011300000000000001
2092-05-28,0.0011099999999999999
2092-05-29,0.00109
2092-05-30,0.00108
2092-05-31,0.00106
2092-06-01,0.00161
2092-06-02,0.0017100000000000001
2092-06-03,0.00115
2092-06-04,0.00103
2092-06-05,0.00101
2092-06-06,0.001
2092-06-07,0.00098
2092-06-08,0.0009699999999999999
2092-06-09,0.00095
2092-06-10,0.00093
2092-06-11,0.00091
2092-06-12,0.0009
2092-06-13,0.00148
2092-06-14,0.00086
2092-06-15,0.00124
2092-06-16,0.0008300000000000001
2092-06-17,0.00081
2092-06-18,0.00079
2092-06-19,0.0007700000000000001
2092-06-20,0.00075
2092-06-21,0.00074
2092-06-22,0.00072
2092-06-23,0.0007
2092-06-24,0.0006900000000000001
2092-06-25,0.00067
2092-06-26,0.00066
2092-06-27,0.00064
2092-06-28,0.00063
2092-06-29,0.00061
2092-06-30,0.0006
2092-07-01,0.00059
2092-07-02,0.00058
2092-07-03,0.00057
2092-07-04,0.00056
2092-07-05,0.00055
2092-07-06,0.00054
2092-07-07,0.00053
2092-07-08,0.0005200000000000001
2092-07-09,0.0005099999999999999
2092-07-10,0.0005099999999999999
2092-07-11,0.0005
2092-07-12,0.0005
2092-07-13,0.00049
2092-07-14,0.00049
2092-07-15,0.00049
2092-07-16,0.00049
2092-07-17,0.00047999999999999996
2092-07-18,0.00047999999999999996
2092-07-19,0.00047999999999999996
2092-07-20,0.00047999999999999996
2092-07-21,0.00047999999999999996
2092-07-22,0.00047999999999999996
2092-07-23,0.00047999999999999996
2092-07-24,0.00047999999999999996
2092-07-25,0.00047999999999999996
2092-07-26,0.0006
2092-07-27,0.00047999999999999996
2092-07-28,0.00047999999999999996
2092-07-29,0.00047999999999999996
2092-07-30,0.0005099999999999999
2092-07-31,0.00047999999999999996
2092-08-01,0.00047999999999999996
2092-08-02,0.00047999999999999996
2092-08-03,0.00047999999999999996
2092-08-04,0.00047999999999999996
2092-08-05,0.00047999999999999996
2092-08-06,0.00047999999999999996
2092-08-07,0.00047999999999999996
2092-08-08,0.00047999999999999996
2092-08-09,0.00047999999999999996
2092-08-10,0.00047999999999999996
2092-08-11,0.00047999999999999996
2092-08-12,0.00047999999999999996
2092-08-13,0.00047999999999999996
2092-08-14,0.00047999999999999996
2092-08-15,0.00047999999999999996
2092-08-16,0.00047999999999999996
2092-08-17,0.00047999999999999996
2092-08-18,0.00047999999999999996
2092-08-19,0.00047999999999999996
2092-08-20,0.00047999999999999996
2092-08-21,0.00047999999999999996
2092-08-22,0.00047999999999999996
2092-08-23,0.00047999999999999996
2092-08-24,0.00047999999999999996
2092-08-25,0.00047999999999999996
2092-08-26,0.00047999999999999996
2092-08-27,0.00047999999999999996
2092-08-28,0.00047999999999999996
2092-08-29,0.00099
2092-08-30,0.00047999999999999996
2092-08-31,0.00047000000000000004
2092-09-01,0.00047999999999999996
2092-09-02,0.00047000000000000004
2092-09-03,0.0007
2092-09-04,0.00047000000000000004
2092-09-05,0.00141
2092-09-06,0.00047000000000000004
2092-09-07,0.00064
2092-09-08,0.00047000000000000004
2092-09-09,0.00047000000000000004
2092-09-10,0.00047000000000000004
2092-09-11,0.00047000000000000004
2092-09-12,0.00047000000000000004
2092-09-13,0.00047000000000000004
2092-09-14,0.00047000000000000004
2092-09-15,0.00047000000000000004
2092-09-16,0.00047000000000000004
2092-09-17,0.00047000000000000004
2092-09-18,0.00047000000000000004
2092-09-19,0.00047000000000000004
2092-09-20,0.00047000000000000004
2092-09-21,0.00047000000000000004
2092-09-22,0.00047000000000000004
2092-09-23,0.00047000000000000004
2092-09-24,0.00047000000000000004
2092-09-25,0.00047000000000000004
2092-09-26,0.00047000000000000004
2092-09-27,0.00047000000000000004
2092-09-28,0.00047000000000000004
2092-09-29,0.0025800000000000003
2092-09-30,0.00047000000000000004
2092-10-01,0.00047000000000000004
2092-10-02,0.0044
2092-10-03,0.0005099999999999999
2092-10-04,0.00047000000000000004
2092-10-05,0.00047000000000000004
2092-10-06,0.00047000000000000004
2092-10-07,0.00047000000000000004
2092-10-08,0.00047000000000000004
2092-10-09,0.00047000000000000004
2092-10-10,0.00047000000000000004
2092-10-11,0.00047000000000000004
2092-10-12,0.00047000000000000004
2092-10-13,0.00047000000000000004
2092-10-14,0.00047000000000000004
2092-10-15,0.0028899999999999998
2092-10-16,0.00047000000000000004
2092-10-17,0.01425
2092-10-18,0.02377
2092-10-19,0.023280000000000002
2092-10-20,0.00047999999999999996
2092-10-21,0.00049
2092-10-22,0.00049
2092-10-23,0.0005
2092-10-24,0.0039700000000000004
2092-10-25,0.00058
2092-10-26,0.0005
2092-10-27,0.0005
2092-10-28,0.0005099999999999999
2092-10-29,0.0005099999999999999
2092-10-30,0.0005099999999999999
2092-10-31,0.0005
2092-11-01,0.0005
2092-11-02,0.00182
2092-11-03,0.0005099999999999999
2092-11-04,0.0005099999999999999
2092-11-05,0.0005099999999999999
2092-11-06,0.0005
2092-11-07,0.0005
2092-11-08,0.0005
2092-11-09,0.0005
2092-11-10,0.0005
2092-11-11,0.0005
2092-11-12,0.0005
2092-11-13,0.0005
2092-11-14,0.0005
2092-11-15,0.0005
2092-11-16,0.0005
2092-11-17,0.0005
2092-11-18,0.0005
2092-11-19,0.0055899999999999995
2092-11-20,0.0005
2092-11-21,0.0005
2092-11-22,0.0005
2092-11-23,0.0005
2092-11-24,0.0005
2092-11-25,0.046
2092-11-26,0.06874
2092-11-27,0.15867
2092-11-28,0.04243
2092-11-29,0.04214
2092-11-30,0.14797000000000002
2092-12-01,0.1133
2092-12-02,0.0386
2092-12-03,0.0207
2092-12-04,0.00503
2092-12-05,0.00112
2092-12-06,0.0011300000000000001
2092-12-07,0.00114
2092-12-08,0.00115
2092-12-09,0.00115
2092-12-10,0.00115
2092-12-11,0.00116
2092-12-12,0.00116
2092-12-13,0.0054399999999999995
2092-12-14,0.0625
2092-12-15,0.03028
2092-12-16,0.00837
2092-12-17,0.0063100000000000005
2092-12-18,0.00439
2092-12-19,0.00735
2092-12-20,0.007940000000000001
2092-12-21,0.01792
2092-12-22,0.01369
2092-12-23,0.014669999999999999
2092-12-24,0.02185
2092-12-25,0.0325
2092-12-26,0.07225
2092-12-27,0.09972
2092-12-28,0.11989000000000001
2092-12-29,0.07617
2092-12-30,0.09295
2092-12-31,0.08404
2093-01-01,0.07748
2093-01-02,0.09339
2093-01-03,0.1567
2093-01-04,0.09975
2093-01-05,0.10186
2093-01-06,0.09546
2093-01-07,0.08722
2093-01-08,0.07883
2093-01-09,0.07112
2093-01-10,0.06457
2093-01-11,0.0954
2093-01-12,0.09416000000000001
2093-01-13,0.09673
2093-01-14,0.14094
2093-01-15,0.16111
2093-01-16,0.15889
2093-01-17,0.17314000000000002
2093-01-18,0.17285
2093-01-19,0.13212000000000002
2093-01-20,0.12479000000000001
2093-01-21,0.12287999999999999
2093-01-22,0.12236
2093-01-23,0.11888
2093-01-24,0.11475
2093-01-25,0.10263
2093-01-26,0.09317
2093-01-27,0.08553
2093-01-28,0.07832
2093-01-29,0.07132999999999999
2093-01-30,0.06483
2093-01-31,0.059000000000000004
2093-02-01,0.05401
2093-02-02,0.049319999999999996
2093-02-03,0.04505
2093-02-04,0.051539999999999996
2093-02-05,0.07332999999999999
2093-02-06,0.10277
2093-02-07,0.06886
2093-02-08,0.07608
2093-02-09,0.17827
2093-02-10,0.12767
2093-02-11,0.11327000000000001
2093-02-12,0.10815999999999999
2093-02-13,0.1024
2093-02-14,0.09405
2093-02-15,0.08382
2093-02-16,0.08516
2093-02-17,0.08982000000000001
2093-02-18,0.08325
2093-02-19,0.08122
2093-02-20,0.07256
2093-02-21,0.07198
2093-02-22,0.06936
2093-02-23,0.06377999999999999
2093-02-24,0.06369
2093-02-25,0.08726
2093-02-26,0.08607999999999999
2093-02-27,0.07001
2093-02-28,0.06905
2093-03-01,0.06605
2093-03-02,0.061689999999999995
2093-03-03,0.056979999999999996
2093-03-04,0.051989999999999995
2093-03-05,0.04761
2093-03-06,0.04402
2093-03-07,0.041010000000000005
2093-03-08,0.037610000000000005
2093-03-09,0.04808
2093-03-10,0.0323
2093-03-11,0.03017
2093-03-12,0.027989999999999998
2093-03-13,0.027839999999999997
2093-03-14,0.02462
2093-03-15,0.02315
2093-03-16,0.02175
2093-03-17,0.02101
2093-03-18,0.019280000000000002
2093-03-19,0.01787
2093-03-20,0.01625
2093-03-21,0.01465
2093-03-22,0.013059999999999999
2093-03-23,0.01144
2093-03-24,0.00996
2093-03-25,0.00962
2093-03-26,0.01957
2093-03-27,0.00798
2093-03-28,0.00944
2093-03-29,0.0069299999999999995
2093-03-30,0.00636
2093-03-31,0.00555
2093-04-01,0.00458
2093-04-02,0.00372
2093-04-03,0.00314
2093-04-04,0.013040000000000001
2093-04-05,0.00281
2093-04-06,0.00256
2093-04-07,0.00234
2093-04-08,0.0020399999999999997
2093-04-09,0.00186
2093-04-10,0.00168
2093-04-11,0.0030399999999999997
2093-04-12,0.008190000000000001
2093-04-13,0.00149
2093-04-14,0.00186
2093-04-15,0.02061
2093-04-16,0.0282
2093-04-17,0.018369999999999997
2093-04-18,0.00949
2093-04-19,0.00647
2093-04-20,0.006529999999999999
2093-04-21,0.006840000000000001
2093-04-22,0.0066
2093-04-23,0.0065
2093-04-24,0.00605
2093-04-25,0.01143
2093-04-26,0.01726
2093-04-27,0.00981
2093-04-28,0.0069700000000000005
2093-04-29,0.007529999999999999
2093-04-30,0.00825
2093-05-01,0.009729999999999999
2093-05-02,0.02005
2093-05-03,0.00889
2093-05-04,0.01214
2093-05-05,0.00863
2093-05-06,0.00835
2093-05-07,0.00742
2093-05-08,0.00633
2093-05-09,0.00534
2093-05-10,0.00448
2093-05-11,0.0036299999999999995
2093-05-12,0.0028399999999999996
2093-05-13,0.0022199999999999998
2093-05-14,0.0018
2093-05-15,0.0015
2093-05-16,0.00242
2093-05-17,0.0012900000000000001
2093-05-18,0.00124
2093-05-19,0.0012
2093-05-20,0.00119
2093-05-21,0.00117
2093-05-22,0.00115
2093-05-23,0.00114
2093-05-24,0.00112
2093-05-25,0.0011
2093-05-26,0.00108
2093-05-27,0.00107
2093-05-28,0.00105
2093-05-29,0.00103
2093-05-30,0.00101
2093-05-31,0.00099
2093-06-01,0.00098
2093-06-02,0.0009599999999999999
2093-06-03,0.0009400000000000001
2093-06-04,0.0009199999999999999
2093-06-05,0.0009
2093-06-06,0.0008699999999999999
2093-06-07,0.00086
2093-06-08,0.00084
2093-06-09,0.00088
2093-06-10,0.0008
2093-06-11,0.00122
2093-06-12,0.0007700000000000001
2093-06-13,0.00075
2093-06-14,0.0009
2093-06-15,0.001
2093-06-16,0.00091
2093-06-17,0.00072
2093-06-18,0.0006900000000000001
2093-06-19,0.00067
2093-06-20,0.00066
2093-06-21,0.00065
2093-06-22,0.00064
2093-06-23,0.00114
2093-06-24,0.00062
2093-06-25,0.00061
2093-06-26,0.00059
2093-06-27,0.00058
2093-06-28,0.00057
2093-06-29,0.00056
2093-06-30,0.00055
2093-07-01,0.00054
2093-07-02,0.00053
2093-07-03,0.0005200000000000001
2093-07-04,0.0005200000000000001
2093-07-05,0.0005099999999999999
2093-07-06,0.0005
2093-07-07,0.0005
2093-07-08,0.0005
2093-07-09,0.00049
2093-07-10,0.00049
2093-07-11,0.00049
2093-07-12,0.00049
2093-07-13,0.00047999999999999996
2093-07-14,0.00047999999999999996
2093-07-15,0.00047999999999999996
2093-07-16,0.00047999999999999996
2093-07-17,0.00047999999999999996
2093-07-18,0.00047999999999999996
2093-07-19,0.00047999999999999996
2093-07-20,0.00047999999999999996
2093-07-21,0.00047999999999999996
2093-07-22,0.00047999999999999996
2093-07-23,0.00047999999999999996
2093-07-24,0.00047999999999999996
2093-07-25,0.00047999999999999996
2093-07-26,0.00047999999999999996
2093-07-27,0.00047999999999999996
2093-07-28,0.00047999999999999996
2093-07-29,0.00047999999999999996
2093-07-30,0.00047999999999999996
2093-07-31,0.00047999999999999996
2093-08-01,0.00047999999999999996
2093-08-02,0.00047999999999999996
2093-08-03,0.00047999999999999996
2093-08-04,0.00047999999999999996
2093-08-05,0.00047999999999999996
2093-08-06,0.00047999999999999996
2093-08-07,0.00047999999999999996
2093-08-08,0.00047999999999999996
2093-08-09,0.00047999999999999996
2093-08-10,0.00047999999999999996
2093-08-11,0.00047999999999999996
2093-08-12,0.00047999999999999996
2093-08-13,0.00047999999999999996
2093-08-14,0.00047999999999999996
2093-08-15,0.00047999999999999996
2093-08-16,0.00047999999999999996
2093-08-17,0.00047999999999999996
2093-08-18,0.00047999999999999996
2093-08-19,0.00047999999999999996
2093-08-20,0.00047999999999999996
2093-08-21,0.00047999999999999996
2093-08-22,0.00047999999999999996
2093-08-23,0.00047999999999999996
2093-08-24,0.00047999999999999996
2093-08-25,0.00047999999999999996
2093-08-26,0.00047000000000000004
2093-08-27,0.00047000000000000004
2093-08-28,0.00047000000000000004
2093-08-29,0.00047000000000000004
2093-08-30,0.00047000000000000004
2093-08-31,0.00047000000000000004
2093-09-01,0.00047000000000000004
2093-09-02,0.00047000000000000004
2093-09-03,0.00047000000000000004
2093-09-04,0.00047000000000000004
2093-09-05,0.00919
2093-09-06,0.00047000000000000004
2093-09-07,0.00047000000000000004
2093-09-08,0.00047000000000000004
2093-09-09,0.00047000000000000004
2093-09-10,0.00047000000000000004
2093-09-11,0.00047000000000000004
2093-09-12,0.00047000000000000004
2093-09-13,0.00047000000000000004
2093-09-14,0.00047000000000000004
2093-09-15,0.00047000000000000004
2093-09-16,0.00047000000000000004
2093-09-17,0.00047000000000000004
2093-09-18,0.00047000000000000004
2093-09-19,0.00047000000000000004
2093-09-20,0.00047000000000000004
2093-09-21,0.00047000000000000004
2093-09-22,0.00047000000000000004
2093-09-23,0.00047000000000000004
2093-09-24,0.00047000000000000004
2093-09-25,0.00047000000000000004
2093-09-26,0.00047000000000000004
2093-09-27,0.00047000000000000004
2093-09-28,0.00047000000000000004
2093-09-29,0.00047000000000000004
2093-09-30,0.00047000000000000004
2093-10-01,0.00047000000000000004
2093-10-02,0.00047000000000000004
2093-10-03,0.00047000000000000004
2093-10-04,0.00047000000000000004
2093-10-05,0.00047000000000000004
2093-10-06,0.00047000000000000004
2093-10-07,0.00047000000000000004
2093-10-08,0.00047000000000000004
2093-10-09,0.00746
2093-10-10,0.00047000000000000004
2093-10-11,0.00047000000000000004
2093-10-12,0.00047000000000000004
2093-10-13,0.00047000000000000004
2093-10-14,0.00047000000000000004
2093-10-15,0.00047000000000000004
2093-10-16,0.00047000000000000004
2093-10-17,0.00047000000000000004
2093-10-18,0.00047000000000000004
2093-10-19,0.00047000000000000004
2093-10-20,0.00047000000000000004
2093-10-21,0.00047000000000000004
2093-10-22,0.00047000000000000004
2093-10-23,0.00047000000000000004
2093-10-24,0.00047000000000000004
2093-10-25,0.0016
2093-10-26,0.00047000000000000004
2093-10-27,0.00047000000000000004
2093-10-28,0.00047000000000000004
2093-10-29,0.00047000000000000004
2093-10-30,0.00047000000000000004
2093-10-31,0.00047000000000000004
2093-11-01,0.0008300000000000001
2093-11-02,0.00047000000000000004
2093-11-03,0.00047000000000000004
2093-11-04,0.0009599999999999999
2093-11-05,0.00047000000000000004
2093-11-06,0.00047000000000000004
2093-11-07,0.00047000000000000004
2093-11-08,0.00064
2093-11-09,0.00047000000000000004
2093-11-10,0.00047000000000000004
2093-11-11,0.00047000000000000004
2093-11-12,0.00047000000000000004
2093-11-13,0.00047000000000000004
2093-11-14,0.00047000000000000004
2093-11-15,0.00047000000000000004
2093-11-16,0.00047000000000000004
2093-11-17,0.00047000000000000004
2093-11-18,0.00047000000000000004
2093-11-19,0.00047000000000000004
2093-11-20,0.00047000000000000004
2093-11-21,0.00047000000000000004
2093-11-22,0.0025
2093-11-23,0.00047000000000000004
2093-11-24,0.00047000000000000004
2093-11-25,0.00045999999999999996
2093-11-26,0.00045999999999999996
2093-11-27,0.00158
2093-11-28,0.00045999999999999996
2093-11-29,0.00045999999999999996
2093-11-30,0.00045999999999999996
2093-12-01,0.00045999999999999996
2093-12-02,0.0034200000000000003
2093-12-03,0.0033299999999999996
2093-12-04,0.00045999999999999996
2093-12-05,0.00045999999999999996
2093-12-06,0.00045999999999999996
2093-12-07,0.0016600000000000002
2093-12-08,0.00045999999999999996
2093-12-09,0.00045999999999999996
2093-12-10,0.00045999999999999996
2093-12-11,0.00045999999999999996
2093-12-12,0.00045999999999999996
2093-12-13,0.00045999999999999996
2093-12-14,0.00045999999999999996
2093-12-15,0.00045999999999999996
2093-12-16,0.00045999999999999996
2093-12-17,0.00045999999999999996
2093-12-18,0.00045999999999999996
2093-12-19,0.00242
2093-12-20,0.00337
2093-12-21,0.00045999999999999996
2093-12-22,0.00045999999999999996
2093-12-23,0.00045999999999999996
2093-12-24,0.00045999999999999996
2093-12-25,0.00391
2093-12-26,0.0005099999999999999
2093-12-27,0.004070000000000001
2093-12-28,0.00045999999999999996
2093-12-29,0.00198
2093-12-30,0.00381
2093-12-31,0.015
2094-01-01,0.04044
2094-01-02,0.09255
2094-01-03,0.15431
2094-01-04,0.05782999999999999
2094-01-05,0.08962
2094-01-06,0.47065
2094-01-07,0.69033
2094-01-08,0.19625
2094-01-09,0.10880999999999999
2094-01-10,0.07084
2094-01-11,0.11515999999999998
2094-01-12,0.26679
2094-01-13,0.06612
2094-01-14,0.07153999999999999
2094-01-15,0.08438
2094-01-16,0.06807
2094-01-17,0.06551
2094-01-18,0.06189
2094-01-19,0.057870000000000005
2094-01-20,0.05615
2094-01-21,0.0502
2094-01-22,0.046169999999999996
2094-01-23,0.05824
2094-01-24,0.14057999999999998
2094-01-25,0.30513
2094-01-26,0.44683
2094-01-27,0.12255999999999999
2094-01-28,0.12261
2094-01-29,0.14099
2094-01-30,0.13105999999999998
2094-01-31,0.14427
2094-02-01,0.24744000000000002
2094-02-02,0.15253
2094-02-03,0.12668
2094-02-04,0.12393
2094-02-05,0.12294000000000001
2094-02-06,0.12205
2094-02-07,0.16868
2094-02-08,0.46366
2094-02-09,0.71214
2094-02-10,0.17363
2094-02-11,0.17169
2094-02-12,0.14154
2094-02-13,0.13922
2094-02-14,0.12401
2094-02-15,0.13096
2094-02-16,0.26434
2094-02-17,0.64574
2094-02-18,0.14337
2094-02-19,0.12343
2094-02-20,0.12343
2094-02-21,0.12343
2094-02-22,0.14178
2094-02-23,0.18999000000000002
2094-02-24,0.16729000000000002
2094-02-25,0.16514
2094-02-26,0.13349
2094-02-27,0.13565
2094-02-28,0.14847
2094-03-01,0.12602
2094-03-02,0.12412999999999999
2094-03-03,0.12172000000000001
2094-03-04,0.14893
2094-03-05,0.11470999999999999
2094-03-06,0.10995999999999999
2094-03-07,0.102
2094-03-08,0.11308
2094-03-09,0.18279
2094-03-10,0.12578
2094-03-11,0.12049000000000001
2094-03-12,0.18585
2094-03-13,0.21488000000000002
2094-03-14,0.12335
2094-03-15,0.12329000000000001
2094-03-16,0.12290999999999999
2094-03-17,0.12138
2094-03-18,0.11357
2094-03-19,0.10126
2094-03-20,0.08927
2094-03-21,0.07847
2094-03-22,0.07247
2094-03-23,0.07908
2094-03-24,0.05789
2094-03-25,0.05295
2094-03-26,0.047830000000000004
2094-03-27,0.04314
2094-03-28,0.03942
2094-03-29,0.03539
2094-03-30,0.03171
2094-03-31,0.02817
2094-04-01,0.02518
2094-04-02,0.022690000000000002
2094-04-03,0.02026
2094-04-04,0.01775
2094-04-05,0.0156
2094-04-06,0.01355
2094-04-07,0.011359999999999999
2094-04-08,0.00935
2094-04-09,0.00762
2094-04-10,0.006229999999999999
2094-04-11,0.00535
2094-04-12,0.00457
2094-04-13,0.004079999999999999
2094-04-14,0.00355
2094-04-15,0.0462
2094-04-16,0.00324
2094-04-17,0.0033200000000000005
2094-04-18,0.00316
2094-04-19,0.00303
2094-04-20,0.00286
2094-04-21,0.00257
2094-04-22,0.00229
2094-04-23,0.00203
2094-04-24,0.00179
2094-04-25,0.00156
2094-04-26,0.00139
2094-04-27,0.00128
2094-04-28,0.00123
2094-04-29,0.00122
2094-04-30,0.00121
2094-05-01,0.0012
2094-05-02,0.0041600000000000005
2094-05-03,0.00118
2094-05-04,0.00116
2094-05-05,0.00115
2094-05-06,0.00114
2094-05-07,0.0011300000000000001
2094-05-08,0.00112
2094-05-09,0.0011099999999999999
2094-05-10,0.0011
2094-05-11,0.00109
2094-05-12,0.00108
2094-05-13,0.00108
2094-05-14,0.00107
2094-05-15,0.00106
2094-05-16,0.00105
2094-05-17,0.00103
2094-05-18,0.0010199999999999999
2094-05-19,0.001
2094-05-20,0.00099
2094-05-21,0.00195
2094-05-22,0.0009699999999999999
2094-05-23,0.0009599999999999999
2094-05-24,0.00095
2094-05-25,0.00093
2094-05-26,0.0009199999999999999
2094-05-27,0.0009
2094-05-28,0.0008900000000000001
2094-05-29,0.0008699999999999999
2094-05-30,0.00085
2094-05-31,0.0008300000000000001
2094-06-01,0.00082
2094-06-02,0.00081
2094-06-03,0.00078
2094-06-04,0.0007599999999999999
2094-06-05,0.00074
2094-06-06,0.00073
2094-06-07,0.0007099999999999999
2094-06-08,0.0006900000000000001
2094-06-09,0.0006799999999999999
2094-06-10,0.00066
2094-06-11,0.00064
2094-06-12,0.00063
2094-06-13,0.00061
2094-06-14,0.0006
2094-06-15,0.00059
2094-06-16,0.00058
2094-06-17,0.00056
2094-06-18,0.00055
2094-06-19,0.00054
2094-06-20,0.00053
2094-06-21,0.00053
2094-06-22,0.0005200000000000001
2094-06-23,0.0005099999999999999
2094-06-24,0.0005099999999999999
2094-06-25,0.0005
2094-06-26,0.0005
2094-06-27,0.00049
2094-06-28,0.00049
2094-06-29,0.00049
2094-06-30,0.00049
2094-07-01,0.00049
2094-07-02,0.00047999999999999996
2094-07-03,0.00047999999999999996
2094-07-04,0.00047999999999999996
2094-07-05,0.00047999999999999996
2094-07-06,0.00047999999999999996
2094-07-07,0.00047999999999999996
2094-07-08,0.00047999999999999996
2094-07-09,0.00047999999999999996
2094-07-10,0.00047999999999999996
2094-07-11,0.00047999999999999996
2094-07-12,0.00047999999999999996
2094-07-13,0.00047999999999999996
2094-07-14,0.00047999999999999996
2094-07-15,0.00047999999999999996
2094-07-16,0.00047999999999999996
2094-07-17,0.00047999999999999996
2094-07-18,0.00047999999999999996
2094-07-19,0.00047999999999999996
2094-07-20,0.00047999999999999996
2094-07-21,0.00047999999999999996
2094-07-22,0.00047999999999999996
2094-07-23,0.00047999999999999996
2094-07-24,0.00047999999999999996
2094-07-25,0.00047999999999999996
2094-07-26,0.00047999999999999996
2094-07-27,0.00047999999999999996
2094-07-28,0.00047999999999999996
2094-07-29,0.00047999999999999996
2094-07-30,0.00047999999999999996
2094-07-31,0.00047999999999999996
2094-08-01,0.00047999999999999996
2094-08-02,0.00047999999999999996
2094-08-03,0.00047999999999999996
2094-08-04,0.00047999999999999996
2094-08-05,0.00047999999999999996
2094-08-06,0.00047999999999999996
2094-08-07,0.00047999999999999996
2094-08-08,0.00047999999999999996
2094-08-09,0.00047999999999999996
2094-08-10,0.00047999999999999996
2094-08-11,0.00047999999999999996
2094-08-12,0.00047999999999999996
2094-08-13,0.00047999999999999996
2094-08-14,0.00047999999999999996
2094-08-15,0.00047000000000000004
2094-08-16,0.00047000000000000004
2094-08-17,0.00047000000000000004
2094-08-18,0.00047000000000000004
2094-08-19,0.00047000000000000004
2094-08-20,0.00047000000000000004
2094-08-21,0.00047000000000000004
2094-08-22,0.00047000000000000004
2094-08-23,0.00047000000000000004
2094-08-24,0.00047000000000000004
2094-08-25,0.00047000000000000004
2094-08-26,0.00047000000000000004
2094-08-27,0.00047000000000000004
2094-08-28,0.00047000000000000004
2094-08-29,0.00047000000000000004
2094-08-30,0.00047000000000000004
2094-08-31,0.00047000000000000004
2094-09-01,0.00047000000000000004
2094-09-02,0.00047000000000000004
2094-09-03,0.00047000000000000004
2094-09-04,0.00047000000000000004
2094-09-05,0.00047000000000000004
2094-09-06,0.00047000000000000004
2094-09-07,0.00047000000000000004
2094-09-08,0.00047000000000000004
2094-09-09,0.00047000000000000004
2094-09-10,0.00047000000000000004
2094-09-11,0.00047000000000000004
2094-09-12,0.00047000000000000004
2094-09-13,0.00047000000000000004
2094-09-14,0.00047000000000000004
2094-09-15,0.00047000000000000004
2094-09-16,0.00047000000000000004
2094-09-17,0.00047000000000000004
2094-09-18,0.00047000000000000004
2094-09-19,0.00047000000000000004
2094-09-20,0.00047000000000000004
2094-09-21,0.00047000000000000004
2094-09-22,0.00047000000000000004
2094-09-23,0.00047000000000000004
2094-09-24,0.00047000000000000004
2094-09-25,0.00047000000000000004
2094-09-26,0.00047000000000000004
2094-09-27,0.00047000000000000004
2094-09-28,0.00047000000000000004
2094-09-29,0.00047000000000000004
2094-09-30,0.00047000000000000004
2094-10-01,0.00047000000000000004
2094-10-02,0.00047000000000000004
2094-10-03,0.00047000000000000004
2094-10-04,0.00047000000000000004
2094-10-05,0.00047000000000000004
2094-10-06,0.00047000000000000004
2094-10-07,0.00047000000000000004
2094-10-08,0.00047000000000000004
2094-10-09,0.00047000000000000004
2094-10-10,0.00047000000000000004
2094-10-11,0.00047000000000000004
2094-10-12,0.00047000000000000004
2094-10-13,0.00047000000000000004
2094-10-14,0.00047000000000000004
2094-10-15,0.00216
2094-10-16,0.00047000000000000004
2094-10-17,0.00047000000000000004
2094-10-18,0.00047000000000000004
2094-10-19,0.00047000000000000004
2094-10-20,0.00047000000000000004
2094-10-21,0.00047000000000000004
2094-10-22,0.00047000000000000004
2094-10-23,0.00047000000000000004
2094-10-24,0.00047000000000000004
2094-10-25,0.00047000000000000004
2094-10-26,0.00047000000000000004
2094-10-27,0.00047000000000000004
2094-10-28,0.00047000000000000004
2094-10-29,0.00047000000000000004
2094-10-30,0.00047000000000000004
2094-10-31,0.00047000000000000004
2094-11-01,0.00047000000000000004
2094-11-02,0.00047000000000000004
2094-11-03,0.00047000000000000004
2094-11-04,0.00047000000000000004
2094-11-05,0.00047000000000000004
2094-11-06,0.00047000000000000004
2094-11-07,0.00062
2094-11-08,0.00047000000000000004
2094-11-09,0.00047000000000000004
2094-11-10,0.00047000000000000004
2094-11-11,0.00047000000000000004
2094-11-12,0.00047000000000000004
2094-11-13,0.00045999999999999996
2094-11-14,0.00045999999999999996
2094-11-15,0.00045999999999999996
2094-11-16,0.00045999999999999996
2094-11-17,0.00045999999999999996
2094-11-18,0.00045999999999999996
2094-11-19,0.00045999999999999996
2094-11-20,0.00045999999999999996
2094-11-21,0.00045999999999999996
2094-11-22,0.00045999999999999996
2094-11-23,0.00045999999999999996
2094-11-24,0.00106
2094-11-25,0.00045999999999999996
2094-11-26,0.00045999999999999996
2094-11-27,0.00045999999999999996
2094-11-28,0.00045999999999999996
2094-11-29,0.00045999999999999996
2094-11-30,0.00045999999999999996
2094-12-01,0.00045999999999999996
2094-12-02,0.00135
2094-12-03,0.00099
2094-12-04,0.00183
2094-12-05,0.00061
2094-12-06,0.00797
2094-12-07,0.01872
2094-12-08,0.00703
2094-12-09,0.020069999999999998
2094-12-10,0.07737000000000001
2094-12-11,0.03282
2094-12-12,0.00058
2094-12-13,0.0007700000000000001
2094-12-14,0.00061
2094-12-15,0.00095
2094-12-16,0.00062
2094-12-17,0.00063
2094-12-18,0.00063
2094-12-19,0.0011
2094-12-20,0.00063
2094-12-21,0.00063
2094-12-22,0.00063
2094-12-23,0.00063
2094-12-24,0.00063
2094-12-25,0.02531
2094-12-26,0.03436
2094-12-27,0.008409999999999999
2094-12-28,0.0006799999999999999
2094-12-29,0.00145
2094-12-30,0.01983
2094-12-31,0.0012
2095-01-01,0.0007599999999999999
2095-01-02,0.00073
2095-01-03,0.00074
2095-01-04,0.00074
2095-01-05,0.00074
2095-01-06,0.030039999999999997
2095-01-07,0.1889
2095-01-08,0.03739
2095-01-09,0.0009400000000000001
2095-01-10,0.03935
2095-01-11,0.09706000000000001
2095-01-12,0.03564
2095-01-13,0.00114
2095-01-14,0.19758
2095-01-15,0.26124
2095-01-16,0.04725
2095-01-17,0.19849
2095-01-18,0.10859
2095-01-19,0.08652
2095-01-20,0.08626
2095-01-21,0.08077999999999999
2095-01-22,0.08856
2095-01-23,0.10985999999999999
2095-01-24,0.1839
2095-01-25,0.45831000000000005
2095-01-26,0.61787
2095-01-27,0.31817
2095-01-28,0.16582
2095-01-29,0.14428
2095-01-30,0.58943
2095-01-31,0.58437
2095-02-01,0.1605
2095-02-02,0.13129000000000002
2095-02-03,0.12343
2095-02-04,0.12343
2095-02-05,0.12343
2095-02-06,0.12312000000000001
2095-02-07,0.11746
2095-02-08,0.10868
2095-02-09,0.09752000000000001
2095-02-10,0.08857999999999999
2095-02-11,0.08132
2095-02-12,0.09062
2095-02-13,0.1078
2095-02-14,0.0888
2095-02-15,0.0861
2095-02-16,0.08444
2095-02-17,0.07814
2095-02-18,0.0722
2095-02-19,0.06569
2095-02-20,0.05919
2095-02-21,0.05322
2095-02-22,0.050730000000000004
2095-02-23,0.06629
2095-02-24,0.17486
2095-02-25,0.15537
2095-02-26,0.11306
2095-02-27,0.11163
2095-02-28,0.10334000000000002
2095-03-01,0.09375
2095-03-02,0.08429
2095-03-03,0.07534
2095-03-04,0.06711
2095-03-05,0.07175
2095-03-06,0.15400999999999998
2095-03-07,0.49513
2095-03-08,0.24786
2095-03-09,0.12343
2095-03-10,0.12389000000000001
2095-03-11,0.12412999999999999
2095-03-12,0.1227
2095-03-13,0.11930999999999999
2095-03-14,0.1095
2095-03-15,0.09746
2095-03-16,0.08582999999999999
2095-03-17,0.07556
2095-03-18,0.0668
2095-03-19,0.05927
2095-03-20,0.05271
2095-03-21,0.04771
2095-03-22,0.043210000000000005
2095-03-23,0.08148
2095-03-24,0.24946999999999997
2095-03-25,0.14851
2095-03-26,0.11019000000000001
2095-03-27,0.10726
2095-03-28,0.10195
2095-03-29,0.08993999999999999
2095-03-30,0.09598999999999999
2095-03-31,0.07669
2095-04-01,0.07182000000000001
2095-04-02,0.06541
2095-04-03,0.05897
2095-04-04,0.05296
2095-04-05,0.046939999999999996
2095-04-06,0.04123
2095-04-07,0.03605
2095-04-08,0.031330000000000004
2095-04-09,0.02698
2095-04-10,0.02309
2095-04-11,0.02062
2095-04-12,0.01803
2095-04-13,0.016669999999999997
2095-04-14,0.014819999999999998
2095-04-15,0.012759999999999999
2095-04-16,0.012759999999999999
2095-04-17,0.01012
2095-04-18,0.00902
2095-04-19,0.028730000000000002
2095-04-20,0.02402
2095-04-21,0.02561
2095-04-22,0.0379
2095-04-23,0.01786
2095-04-24,0.052610000000000004
2095-04-25,0.32519000000000003
2095-04-26,0.28976
2095-04-27,0.11939000000000001
2095-04-28,0.11474000000000001
2095-04-29,0.10542
2095-04-30,0.09701
2095-05-01,0.08872999999999999
2095-05-02,0.07986
2095-05-03,0.07112
2095-05-04,0.06242
2095-05-05,0.053970000000000004
2095-05-06,0.04605
2095-05-07,0.03912
2095-05-08,0.03319
2095-05-09,0.0278
2095-05-10,0.02307
2095-05-11,0.019430000000000003
2095-05-12,0.01656
2095-05-13,0.0142
2095-05-14,0.01187
2095-05-15,0.0095
2095-05-16,0.007379999999999999
2095-05-17,0.00581
2095-05-18,0.00481
2095-05-19,0.0039299999999999995
2095-05-20,0.00305
2095-05-21,0.0023899999999999998
2095-05-22,0.00199
2095-05-23,0.00168
2095-05-24,0.00144
2095-05-25,0.0013
2095-05-26,0.00122
2095-05-27,0.0012
2095-05-28,0.00119
2095-05-29,0.00117
2095-05-30,0.00116
2095-05-31,0.00114
2095-06-01,0.0011300000000000001
2095-06-02,0.00112
2095-06-03,0.0011
2095-06-04,0.00109
2095-06-05,0.00107
2095-06-06,0.00105
2095-06-07,0.00103
2095-06-08,0.00101
2095-06-09,0.00099
2095-06-10,0.0009699999999999999
2095-06-11,0.00095
2095-06-12,0.00093
2095-06-13,0.00091
2095-06-14,0.0008900000000000001
2095-06-15,0.00088
2095-06-16,0.00086
2095-06-17,0.00084
2095-06-18,0.00082
2095-06-19,0.00079
2095-06-20,0.0007700000000000001
2095-06-21,0.00075
2095-06-22,0.00073
2095-06-23,0.0007099999999999999
2095-06-24,0.0007
2095-06-25,0.0006799999999999999
2095-06-26,0.00067
2095-06-27,0.00065
2095-06-28,0.00064
2095-06-29,0.00062
2095-06-30,0.00061
2095-07-01,0.0006
2095-07-02,0.00058
2095-07-03,0.00057
2095-07-04,0.00056
2095-07-05,0.00055
2095-07-06,0.00054
2095-07-07,0.00053
2095-07-08,0.0005200000000000001
2095-07-09,0.0005099999999999999
2095-07-10,0.0005099999999999999
2095-07-11,0.0005
2095-07-12,0.0005
2095-07-13,0.00049
2095-07-14,0.00049
2095-07-15,0.00049
2095-07-16,0.00049
2095-07-17,0.00047999999999999996
2095-07-18,0.00047999999999999996
2095-07-19,0.00047999999999999996
2095-07-20,0.00047999999999999996
2095-07-21,0.00047999999999999996
2095-07-22,0.00047999999999999996
2095-07-23,0.00047999999999999996
2095-07-24,0.00047999999999999996
2095-07-25,0.00047999999999999996
2095-07-26,0.00047999999999999996
2095-07-27,0.00047999999999999996
2095-07-28,0.00047999999999999996
2095-07-29,0.00047999999999999996
2095-07-30,0.00047999999999999996
2095-07-31,0.00047999999999999996
2095-08-01,0.00047999999999999996
2095-08-02,0.00047999999999999996
2095-08-03,0.00047999999999999996
2095-08-04,0.00047999999999999996
2095-08-05,0.00047999999999999996
2095-08-06,0.00047999999999999996
2095-08-07,0.00047999999999999996
2095-08-08,0.00047999999999999996
2095-08-09,0.00047999999999999996
2095-08-10,0.00047999999999999996
2095-08-11,0.00047999999999999996
2095-08-12,0.00047999999999999996
2095-08-13,0.00047999999999999996
2095-08-14,0.00047999999999999996
2095-08-15,0.00047999999999999996
2095-08-16,0.00047999999999999996
2095-08-17,0.00047999999999999996
2095-08-18,0.00047999999999999996
2095-08-19,0.00047999999999999996
2095-08-20,0.00047999999999999996
2095-08-21,0.00047999999999999996
2095-08-22,0.00047999999999999996
2095-08-23,0.00047999999999999996
2095-08-24,0.00047999999999999996
2095-08-25,0.00047999999999999996
2095-08-26,0.00047999999999999996
2095-08-27,0.00047999999999999996
2095-08-28,0.00047999999999999996
2095-08-29,0.00047999999999999996
2095-08-30,0.00095
2095-08-31,0.00099
2095-09-01,0.0010199999999999999
2095-09-02,0.00047000000000000004
2095-09-03,0.00047000000000000004
2095-09-04,0.00047000000000000004
2095-09-05,0.00047000000000000004
2095-09-06,0.00047000000000000004
2095-09-07,0.00047000000000000004
2095-09-08,0.00047000000000000004
2095-09-09,0.00047000000000000004
2095-09-10,0.00047000000000000004
2095-09-11,0.00047000000000000004
2095-09-12,0.00056
2095-09-13,0.00047000000000000004
2095-09-14,0.00047000000000000004
2095-09-15,0.00047000000000000004
2095-09-16,0.00047000000000000004
2095-09-17,0.00047000000000000004
2095-09-18,0.00047000000000000004
2095-09-19,0.00047000000000000004
2095-09-20,0.00047000000000000004
2095-09-21,0.00047000000000000004
2095-09-22,0.00047000000000000004
2095-09-23,0.00047000000000000004
2095-09-24,0.00047000000000000004
2095-09-25,0.00047000000000000004
2095-09-26,0.00047000000000000004
2095-09-27,0.00047000000000000004
2095-09-28,0.00047000000000000004
2095-09-29,0.0037
2095-09-30,0.00047000000000000004
2095-10-01,0.00047000000000000004
2095-10-02,0.00047000000000000004
2095-10-03,0.00047000000000000004
2095-10-04,0.00047000000000000004
2095-10-05,0.00047000000000000004
2095-10-06,0.00047000000000000004
2095-10-07,0.00047000000000000004
2095-10-08,0.00047000000000000004
2095-10-09,0.00047000000000000004
2095-10-10,0.00047000000000000004
2095-10-11,0.00525
2095-10-12,0.00064
2095-10-13,0.00047000000000000004
2095-10-14,0.00047000000000000004
2095-10-15,0.00047000000000000004
2095-10-16,0.00047000000000000004
2095-10-17,0.00047000000000000004
2095-10-18,0.00047000000000000004
2095-10-19,0.00047000000000000004
2095-10-20,0.00047000000000000004
2095-10-21,0.00047000000000000004
2095-10-22,0.00047000000000000004
2095-10-23,0.00047000000000000004
2095-10-24,0.00047000000000000004
2095-10-25,0.00047000000000000004
2095-10-26,0.00114
2095-10-27,0.00047000000000000004
2095-10-28,0.00047000000000000004
2095-10-29,0.00047000000000000004
2095-10-30,0.00047999999999999996
2095-10-31,0.0007599999999999999
2095-11-01,0.0005
2095-11-02,0.00047000000000000004
2095-11-03,0.00047000000000000004
2095-11-04,0.00047000000000000004
2095-11-05,0.00047000000000000004
2095-11-06,0.00047000000000000004
2095-11-07,0.00106
2095-11-08,0.00047000000000000004
2095-11-09,0.00047000000000000004
2095-11-10,0.00047000000000000004
2095-11-11,0.00047000000000000004
2095-11-12,0.00187
2095-11-13,0.00047000000000000004
2095-11-14,0.00047000000000000004
2095-11-15,0.00047000000000000004
2095-11-16,0.05019
2095-11-17,0.1655
2095-11-18,0.009040000000000001
2095-11-19,0.00063
2095-11-20,0.00064
2095-11-21,0.00065
2095-11-22,0.00066
2095-11-23,0.00066
2095-11-24,0.00066
2095-11-25,0.00067
2095-11-26,0.00067
2095-11-27,0.00067
2095-11-28,0.00067
2095-11-29,0.00067
2095-11-30,0.00066
2095-12-01,0.00066
2095-12-02,0.00066
2095-12-03,0.00066
2095-12-04,0.00214
2095-12-05,0.0006799999999999999
2095-12-06,0.0006900000000000001
2095-12-07,0.00066
2095-12-08,0.00066
2095-12-09,0.00066
2095-12-10,0.00066
2095-12-11,0.00066
2095-12-12,0.00066
2095-12-13,0.00364
2095-12-14,0.00984
2095-12-15,0.0008900000000000001
2095-12-16,0.00066
2095-12-17,0.00066
2095-12-18,0.00066
2095-12-19,0.00066
2095-12-20,0.00066
2095-12-21,0.00066
2095-12-22,0.00066
2095-12-23,0.00065
2095-12-24,0.00065
2095-12-25,0.00065
2095-12-26,0.00065
2095-12-27,0.00301
2095-12-28,0.01545
2095-12-29,0.0302
2095-12-30,0.06637
2095-12-31,0.025
2096-01-01,0.15302000000000002
2096-01-02,0.72311
2096-01-03,0.49896
2096-01-04,0.00112
2096-01-05,0.00115
2096-01-06,0.00116
2096-01-07,0.00116
2096-01-08,0.00117
2096-01-09,0.00117
2096-01-10,0.00747
2096-01-11,0.0032
2096-01-12,0.00118
2096-01-13,0.00118
2096-01-14,0.00118
2096-01-15,0.00118
2096-01-16,0.0015
2096-01-17,0.00133
2096-01-18,0.00118
2096-01-19,0.00118
2096-01-20,0.00118
2096-01-21,0.00118
2096-01-22,0.00118
2096-01-23,0.00118
2096-01-24,0.00117
2096-01-25,0.00118
2096-01-26,0.00117
2096-01-27,0.00117
2096-01-28,0.00116
2096-01-29,0.00116
2096-01-30,0.00116
2096-01-31,0.00117
2096-02-01,0.00115
2096-02-02,0.00115
2096-02-03,0.01036
2096-02-04,0.0034799999999999996
2096-02-05,0.00115
2096-02-06,0.00115
2096-02-07,0.00115
2096-02-08,0.00114
2096-02-09,0.0032700000000000003
2096-02-10,0.00426
2096-02-11,0.00379
2096-02-12,0.00409
2096-02-13,0.00115
2096-02-14,0.007890000000000001
2096-02-15,0.0466
2096-02-16,0.00118
2096-02-17,0.00125
2096-02-18,0.0013
2096-02-19,0.00133
2096-02-20,0.00134
2096-02-21,0.0039700000000000004
2096-02-22,0.0013599999999999999
2096-02-23,0.00137
2096-02-24,0.0016
2096-02-25,0.01278
2096-02-26,0.0013599999999999999
2096-02-27,0.0038
2096-02-28,0.00134
2096-02-29,0.00133
2096-03-01,0.0013
2096-03-02,0.0012699999999999999
2096-03-03,0.00123
2096-03-04,0.0012
2096-03-05,0.00118
2096-03-06,0.00117
2096-03-07,0.00116
2096-03-08,0.02575
2096-03-09,0.03345
2096-03-10,0.0013
2096-03-11,0.0015
2096-03-12,0.013680000000000001
2096-03-13,0.02238
2096-03-14,0.03032
2096-03-15,0.00718
2096-03-16,0.00646
2096-03-17,0.00703
2096-03-18,0.0072
2096-03-19,0.006959999999999999
2096-03-20,0.006540000000000001
2096-03-21,0.00601
2096-03-22,0.0059
2096-03-23,0.00512
2096-03-24,0.00472
2096-03-25,0.00428
2096-03-26,0.011770000000000001
2096-03-27,0.01349
2096-03-28,0.01288
2096-03-29,0.00487
2096-03-30,0.00485
2096-03-31,0.00506
2096-04-01,0.00505
2096-04-02,0.0070599999999999994
2096-04-03,0.02194
2096-04-04,0.02095
2096-04-05,0.006529999999999999
2096-04-06,0.00839
2096-04-07,0.0071
2096-04-08,0.00705
2096-04-09,0.006520000000000001
2096-04-10,0.00605
2096-04-11,0.00542
2096-04-12,0.00472
2096-04-13,0.00398
2096-04-14,0.0033399999999999997
2096-04-15,0.0028
2096-04-16,0.00232
2096-04-17,0.00196
2096-04-18,0.0017
2096-04-19,0.00233
2096-04-20,0.0013800000000000002
2096-04-21,0.0012699999999999999
2096-04-22,0.00121
2096-04-23,0.00118
2096-04-24,0.00116
2096-04-25,0.00115
2096-04-26,0.00114
2096-04-27,0.0011300000000000001
2096-04-28,0.0011300000000000001
2096-04-29,0.00112
2096-04-30,0.00665
2096-05-01,0.00424
2096-05-02,0.0011
2096-05-03,0.0011
2096-05-04,0.00109
2096-05-05,0.00108
2096-05-06,0.00106
2096-05-07,0.00105
2096-05-08,0.0010400000000000001
2096-05-09,0.0010199999999999999
2096-05-10,0.00101
2096-05-11,0.001
2096-05-12,0.00098
2096-05-13,0.0009599999999999999
2096-05-14,0.0009400000000000001
2096-05-15,0.00093
2096-05-16,0.00091
2096-05-17,0.0008900000000000001
2096-05-18,0.0008699999999999999
2096-05-19,0.00086
2096-05-20,0.00084
2096-05-21,0.00082
2096-05-22,0.0008
2096-05-23,0.00078
2096-05-24,0.0007599999999999999
2096-05-25,0.00075
2096-05-26,0.00073
2096-05-27,0.0007099999999999999
2096-05-28,0.0007
2096-05-29,0.0006799999999999999
2096-05-30,0.00067
2096-05-31,0.00065
2096-06-01,0.00064
2096-06-02,0.00063
2096-06-03,0.00061
2096-06-04,0.0006
2096-06-05,0.00058
2096-06-06,0.00057
2096-06-07,0.00056
2096-06-08,0.00055
2096-06-09,0.00054
2096-06-10,0.00053
2096-06-11,0.0005200000000000001
2096-06-12,0.0005200000000000001
2096-06-13,0.0005099999999999999
2096-06-14,0.0005099999999999999
2096-06-15,0.0005
2096-06-16,0.0005
2096-06-17,0.00049
2096-06-18,0.00049
2096-06-19,0.00049
2096-06-20,0.00049
2096-06-21,0.00049
2096-06-22,0.00047999999999999996
2096-06-23,0.00047999999999999996
2096-06-24,0.00047999999999999996
2096-06-25,0.00047999999999999996
2096-06-26,0.00047999999999999996
2096-06-27,0.00047999999999999996
2096-06-28,0.00047999999999999996
2096-06-29,0.00047999999999999996
2096-06-30,0.00047999999999999996
2096-07-01,0.00047999999999999996
2096-07-02,0.00047999999999999996
2096-07-03,0.00047999999999999996
2096-07-04,0.00047999999999999996
2096-07-05,0.00047999999999999996
2096-07-06,0.00047999999999999996
2096-07-07,0.00047999999999999996
2096-07-08,0.00047999999999999996
2096-07-09,0.00047999999999999996
2096-07-10,0.00047999999999999996
2096-07-11,0.00047999999999999996
2096-07-12,0.00047999999999999996
2096-07-13,0.00047999999999999996
2096-07-14,0.00047999999999999996
2096-07-15,0.00047999999999999996
2096-07-16,0.00047999999999999996
2096-07-17,0.00047999999999999996
2096-07-18,0.00047999999999999996
2096-07-19,0.00047999999999999996
2096-07-20,0.00047999999999999996
2096-07-21,0.00047999999999999996
2096-07-22,0.00047999999999999996
2096-07-23,0.00047999999999999996
2096-07-24,0.00047999999999999996
2096-07-25,0.00047999999999999996
2096-07-26,0.00047999999999999996
2096-07-27,0.00047999999999999996
2096-07-28,0.00047999999999999996
2096-07-29,0.00047999999999999996
2096-07-30,0.00062
2096-07-31,0.00047999999999999996
2096-08-01,0.00047999999999999996
2096-08-02,0.00047999999999999996
2096-08-03,0.00047999999999999996
2096-08-04,0.00047000000000000004
2096-08-05,0.00047000000000000004
2096-08-06,0.00047000000000000004
2096-08-07,0.00047000000000000004
2096-08-08,0.00047000000000000004
2096-08-09,0.00047000000000000004
2096-08-10,0.00047000000000000004
2096-08-11,0.00047000000000000004
2096-08-12,0.00047000000000000004
2096-08-13,0.00047000000000000004
2096-08-14,0.00047000000000000004
2096-08-15,0.00047000000000000004
2096-08-16,0.00047000000000000004
2096-08-17,0.00047000000000000004
2096-08-18,0.00047000000000000004
2096-08-19,0.00047000000000000004
2096-08-20,0.00047000000000000004
2096-08-21,0.00047000000000000004
2096-08-22,0.00047000000000000004
2096-08-23,0.00047000000000000004
2096-08-24,0.0009400000000000001
2096-08-25,0.00047000000000000004
2096-08-26,0.0006900000000000001
2096-08-27,0.00047000000000000004
2096-08-28,0.0015199999999999999
2096-08-29,0.00047000000000000004
2096-08-30,0.0016300000000000002
2096-08-31,0.00047000000000000004
2096-09-01,0.00047000000000000004
2096-09-02,0.00047000000000000004
2096-09-03,0.00047000000000000004
2096-09-04,0.00047000000000000004
2096-09-05,0.00047000000000000004
2096-09-06,0.00047000000000000004
2096-09-07,0.00047000000000000004
2096-09-08,0.00047000000000000004
2096-09-09,0.00047000000000000004
2096-09-10,0.00047000000000000004
2096-09-11,0.00047000000000000004
2096-09-12,0.00047000000000000004
2096-09-13,0.00047000000000000004
2096-09-14,0.00047000000000000004
2096-09-15,0.00047000000000000004
2096-09-16,0.00047000000000000004
2096-09-17,0.00047000000000000004
2096-09-18,0.00047000000000000004
2096-09-19,0.00047000000000000004
2096-09-20,0.00047000000000000004
2096-09-21,0.00047000000000000004
2096-09-22,0.00047000000000000004
2096-09-23,0.00047000000000000004
2096-09-24,0.00047000000000000004
2096-09-25,0.00047000000000000004
2096-09-26,0.00047000000000000004
2096-09-27,0.00047000000000000004
2096-09-28,0.00047999999999999996
2096-09-29,0.00047000000000000004
2096-09-30,0.00047000000000000004
2096-10-01,0.00047000000000000004
2096-10-02,0.00047000000000000004
2096-10-03,0.00047000000000000004
2096-10-04,0.00047000000000000004
2096-10-05,0.00047000000000000004
2096-10-06,0.00047000000000000004
2096-10-07,0.00047000000000000004
2096-10-08,0.00047000000000000004
2096-10-09,0.00047000000000000004
2096-10-10,0.00047000000000000004
2096-10-11,0.00047000000000000004
2096-10-12,0.00047000000000000004
2096-10-13,0.00047000000000000004
2096-10-14,0.00047000000000000004
2096-10-15,0.00047000000000000004
2096-10-16,0.01914
2096-10-17,0.00047000000000000004
2096-10-18,0.00047000000000000004
2096-10-19,0.00047000000000000004
2096-10-20,0.00047000000000000004
2096-10-21,0.00047000000000000004
2096-10-22,0.00047000000000000004
2096-10-23,0.00047000000000000004
2096-10-24,0.006370000000000001
2096-10-25,0.01305
2096-10-26,0.01839
2096-10-27,0.0265
2096-10-28,0.00047999999999999996
2096-10-29,0.00049
2096-10-30,0.0005
2096-10-31,0.0005099999999999999
2096-11-01,0.0005099999999999999
2096-11-02,0.0005099999999999999
2096-11-03,0.0005099999999999999
2096-11-04,0.0005099999999999999
2096-11-05,0.0005099999999999999
2096-11-06,0.0005099999999999999
2096-11-07,0.0016899999999999999
2096-11-08,0.0005200000000000001
2096-11-09,0.0005099999999999999
2096-11-10,0.0005099999999999999
2096-11-11,0.0063
2096-11-12,0.0061200000000000004
2096-11-13,0.09841
2096-11-14,0.27504
2096-11-15,0.34176999999999996
2096-11-16,0.009590000000000001
2096-11-17,0.00084
2096-11-18,0.00086
2096-11-19,0.00086
2096-11-20,0.0008699999999999999
2096-11-21,0.0008699999999999999
2096-11-22,0.0008699999999999999
2096-11-23,0.0008699999999999999
2096-11-24,0.0008699999999999999
2096-11-25,0.0008699999999999999
2096-11-26,0.00086
2096-11-27,0.00086
2096-11-28,0.00086
2096-11-29,0.00086
2096-11-30,0.00086
2096-12-01,0.00085
2096-12-02,0.00085
2096-12-03,0.00085
2096-12-04,0.0056700000000000006
2096-12-05,0.02459
2096-12-06,0.10626
2096-12-07,0.042289999999999994
2096-12-08,0.001
2096-12-09,0.012709999999999999
2096-12-10,0.00562
2096-12-11,0.00105
2096-12-12,0.00106
2096-12-13,0.00106
2096-12-14,0.00107
2096-12-15,0.00107
2096-12-16,0.00107
2096-12-17,0.00717
2096-12-18,0.02025
2096-12-19,0.01721
2096-12-20,0.00109
2096-12-21,0.0011
2096-12-22,0.0011099999999999999
2096-12-23,0.0011099999999999999
2096-12-24,0.00112
2096-12-25,0.00112
2096-12-26,0.00134
2096-12-27,0.00271
2096-12-28,0.0019
2096-12-29,0.00112
2096-12-30,0.0011300000000000001
2096-12-31,0.0011300000000000001
2097-01-01,0.0011300000000000001
2097-01-02,0.0011300000000000001
2097-01-03,0.0011300000000000001
2097-01-04,0.00301
2097-01-05,0.0011300000000000001
2097-01-06,0.0011300000000000001
2097-01-07,0.00112
2097-01-08,0.00295
2097-01-09,0.00112
2097-01-10,0.00112
2097-01-11,0.00112
2097-01-12,0.0011099999999999999
2097-01-13,0.0011099999999999999
2097-01-14,0.00246
2097-01-15,0.0011099999999999999
2097-01-16,0.0011099999999999999
2097-01-17,0.0011
2097-01-18,0.00571
2097-01-19,0.06702000000000001
2097-01-20,0.0272
2097-01-21,0.00121
2097-01-22,0.00135
2097-01-23,0.00943
2097-01-24,0.07232999999999999
2097-01-25,0.03737
2097-01-26,0.00914
2097-01-27,0.07264
2097-01-28,0.49525
2097-01-29,0.58009
2097-01-30,0.1896
2097-01-31,0.12946
2097-02-01,0.16723
2097-02-02,0.16974
2097-02-03,0.12082000000000001
2097-02-04,0.17144
2097-02-05,0.15203
2097-02-06,0.12174000000000001
2097-02-07,0.12089000000000001
2097-02-08,0.11917
2097-02-09,0.11239
2097-02-10,0.10337
2097-02-11,0.09323
2097-02-12,0.08346
2097-02-13,0.07443
2097-02-14,0.06673
2097-02-15,0.06748
2097-02-16,0.07034
2097-02-17,0.061279999999999994
2097-02-18,0.05221
2097-02-19,0.050519999999999995
2097-02-20,0.047619999999999996
2097-02-21,0.044539999999999996
2097-02-22,0.04241
2097-02-23,0.05744
2097-02-24,0.03935
2097-02-25,0.06284
2097-02-26,0.0744
2097-02-27,0.09862
2097-02-28,0.09781000000000001
2097-03-01,0.11
2097-03-02,0.09325
2097-03-03,0.11588
2097-03-04,0.09306
2097-03-05,0.09093
2097-03-06,0.08498
2097-03-07,0.07843
2097-03-08,0.12100999999999999
2097-03-09,0.13681
2097-03-10,0.09932
2097-03-11,0.10544
2097-03-12,0.19760999999999998
2097-03-13,0.22443000000000002
2097-03-14,0.16272
2097-03-15,0.12575999999999998
2097-03-16,0.12300000000000001
2097-03-17,0.1285
2097-03-18,0.12139000000000001
2097-03-19,0.11585999999999999
2097-03-20,0.121
2097-03-21,0.10166
2097-03-22,0.09308
2097-03-23,0.08519
2097-03-24,0.0767
2097-03-25,0.06898
2097-03-26,0.06146
2097-03-27,0.054720000000000005
2097-03-28,0.04911
2097-03-29,0.0448
2097-03-30,0.04075
2097-03-31,0.04627
2097-04-01,0.04827
2097-04-02,0.03701
2097-04-03,0.03325
2097-04-04,0.031869999999999996
2097-04-05,0.029930000000000002
2097-04-06,0.06412000000000001
2097-04-07,0.08896
2097-04-08,0.07486
2097-04-09,0.06926
2097-04-10,0.061739999999999996
2097-04-11,0.057929999999999995
2097-04-12,0.05209
2097-04-13,0.04628
2097-04-14,0.04049
2097-04-15,0.035269999999999996
2097-04-16,0.03801
2097-04-17,0.037939999999999995
2097-04-18,0.027630000000000002
2097-04-19,0.025490000000000002
2097-04-20,0.02333
2097-04-21,0.026639999999999997
2097-04-22,0.02014
2097-04-23,0.01828
2097-04-24,0.01622
2097-04-25,0.014230000000000001
2097-04-26,0.01259
2097-04-27,0.01112
2097-04-28,0.00979
2097-04-29,0.00851
2097-04-30,0.00748
2097-05-01,0.006379999999999999
2097-05-02,0.0051600000000000005
2097-05-03,0.00395
2097-05-04,0.00297
2097-05-05,0.00225
2097-05-06,0.00172
2097-05-07,0.0014199999999999998
2097-05-08,0.00128
2097-05-09,0.00123
2097-05-10,0.00121
2097-05-11,0.0012
2097-05-12,0.00118
2097-05-13,0.00117
2097-05-14,0.00115
2097-05-15,0.00114
2097-05-16,0.0011300000000000001
2097-05-17,0.0011099999999999999
2097-05-18,0.0011
2097-05-19,0.00109
2097-05-20,0.00108
2097-05-21,0.00107
2097-05-22,0.00105
2097-05-23,0.0010400000000000001
2097-05-24,0.0010199999999999999
2097-05-25,0.001
2097-05-26,0.00098
2097-05-27,0.0009699999999999999
2097-05-28,0.00095
2097-05-29,0.00093
2097-05-30,0.0009199999999999999
2097-05-31,0.0009
2097-06-01,0.00088
2097-06-02,0.00086
2097-06-03,0.00084
2097-06-04,0.00082
2097-06-05,0.0008
2097-06-06,0.00078
2097-06-07,0.0007599999999999999
2097-06-08,0.00074
2097-06-09,0.00072
2097-06-10,0.0007
2097-06-11,0.0006799999999999999
2097-06-12,0.00066
2097-06-13,0.00065
2097-06-14,0.00063
2097-06-15,0.00062
2097-06-16,0.0006
2097-06-17,0.00109
2097-06-18,0.00058
2097-06-19,0.00057
2097-06-20,0.00056
2097-06-21,0.00055
2097-06-22,0.00054
2097-06-23,0.00053
2097-06-24,0.0005200000000000001
2097-06-25,0.0005200000000000001
2097-06-26,0.0005099999999999999
2097-06-27,0.0005
2097-06-28,0.0005
2097-06-29,0.0005
2097-06-30,0.00049
2097-07-01,0.00049
2097-07-02,0.00049
2097-07-03,0.00049
2097-07-04,0.00047999999999999996
2097-07-05,0.00064
2097-07-06,0.00047999999999999996
2097-07-07,0.00047999999999999996
2097-07-08,0.00047999999999999996
2097-07-09,0.00047999999999999996
2097-07-10,0.00047999999999999996
2097-07-11,0.00047999999999999996
2097-07-12,0.00047999999999999996
2097-07-13,0.00047999999999999996
2097-07-14,0.00047999999999999996
2097-07-15,0.00047999999999999996
2097-07-16,0.00047999999999999996
2097-07-17,0.00047999999999999996
2097-07-18,0.00047999999999999996
2097-07-19,0.00047999999999999996
2097-07-20,0.00047999999999999996
2097-07-21,0.00047999999999999996
2097-07-22,0.00047999999999999996
2097-07-23,0.00047999999999999996
2097-07-24,0.00047999999999999996
2097-07-25,0.00047999999999999996
2097-07-26,0.00047999999999999996
2097-07-27,0.00047999999999999996
2097-07-28,0.00047999999999999996
2097-07-29,0.00047999999999999996
2097-07-30,0.00047999999999999996
2097-07-31,0.00047999999999999996
2097-08-01,0.00047999999999999996
2097-08-02,0.00047999999999999996
2097-08-03,0.00047999999999999996
2097-08-04,0.00047999999999999996
2097-08-05,0.00047999999999999996
2097-08-06,0.00047999999999999996
2097-08-07,0.00047999999999999996
2097-08-08,0.00047999999999999996
2097-08-09,0.00047999999999999996
2097-08-10,0.00047999999999999996
2097-08-11,0.00047999999999999996
2097-08-12,0.00047999999999999996
2097-08-13,0.00047999999999999996
2097-08-14,0.00047999999999999996
2097-08-15,0.00047999999999999996
2097-08-16,0.00047999999999999996
2097-08-17,0.00047000000000000004
2097-08-18,0.00047000000000000004
2097-08-19,0.00047000000000000004
2097-08-20,0.00047000000000000004
2097-08-21,0.00047000000000000004
2097-08-22,0.00047000000000000004
2097-08-23,0.00047000000000000004
2097-08-24,0.00047000000000000004
2097-08-25,0.00047000000000000004
2097-08-26,0.00047000000000000004
2097-08-27,0.00047000000000000004
2097-08-28,0.00047000000000000004
2097-08-29,0.00047000000000000004
2097-08-30,0.00047000000000000004
2097-08-31,0.00047000000000000004
2097-09-01,0.00047000000000000004
2097-09-02,0.00091
2097-09-03,0.0009199999999999999
2097-09-04,0.00103
2097-09-05,0.00123
2097-09-06,0.00047000000000000004
2097-09-07,0.00047000000000000004
2097-09-08,0.00047000000000000004
2097-09-09,0.00047000000000000004
2097-09-10,0.00047000000000000004
2097-09-11,0.00047000000000000004
2097-09-12,0.00047000000000000004
2097-09-13,0.00047000000000000004
2097-09-14,0.00047000000000000004
2097-09-15,0.00047000000000000004
2097-09-16,0.00047000000000000004
2097-09-17,0.00047000000000000004
2097-09-18,0.00047000000000000004
2097-09-19,0.00047000000000000004
2097-09-20,0.00047000000000000004
2097-09-21,0.00047000000000000004
2097-09-22,0.00047000000000000004
2097-09-23,0.00047000000000000004
2097-09-24,0.00047000000000000004
2097-09-25,0.00047000000000000004
2097-09-26,0.00047000000000000004
2097-09-27,0.00047000000000000004
2097-09-28,0.00047000000000000004
2097-09-29,0.00047000000000000004
2097-09-30,0.00047000000000000004
2097-10-01,0.00047000000000000004
2097-10-02,0.00047000000000000004
2097-10-03,0.00047000000000000004
2097-10-04,0.00047000000000000004
2097-10-05,0.00047000000000000004
2097-10-06,0.00047000000000000004
2097-10-07,0.00047000000000000004
2097-10-08,0.00047000000000000004
2097-10-09,0.00047000000000000004
2097-10-10,0.00047000000000000004
2097-10-11,0.00047000000000000004
2097-10-12,0.00047000000000000004
2097-10-13,0.00047000000000000004
2097-10-14,0.00047000000000000004
2097-10-15,0.020390000000000002
2097-10-16,0.01915
2097-10-17,0.00047000000000000004
2097-10-18,0.00047000000000000004
2097-10-19,0.00047000000000000004
2097-10-20,0.00047000000000000004
2097-10-21,0.00047000000000000004
2097-10-22,0.00047000000000000004
2097-10-23,0.00047000000000000004
2097-10-24,0.00047000000000000004
2097-10-25,0.00047000000000000004
2097-10-26,0.00047000000000000004
2097-10-27,0.00047000000000000004
2097-10-28,0.00047000000000000004
2097-10-29,0.00047000000000000004
2097-10-30,0.00047000000000000004
2097-10-31,0.00047000000000000004
2097-11-01,0.00047000000000000004
2097-11-02,0.00047000000000000004
2097-11-03,0.00047000000000000004
2097-11-04,0.00047000000000000004
2097-11-05,0.00047000000000000004
2097-11-06,0.00047000000000000004
2097-11-07,0.00047000000000000004
2097-11-08,0.00047000000000000004
2097-11-09,0.00047999999999999996
2097-11-10,0.00047000000000000004
2097-11-11,0.00149
2097-11-12,0.00047000000000000004
2097-11-13,0.00047000000000000004
2097-11-14,0.00047000000000000004
2097-11-15,0.00047000000000000004
2097-11-16,0.00047000000000000004
2097-11-17,0.00047000000000000004
2097-11-18,0.00047000000000000004
2097-11-19,0.00047000000000000004
2097-11-20,0.00047000000000000004
2097-11-21,0.00047000000000000004
2097-11-22,0.00047000000000000004
2097-11-23,0.00047000000000000004
2097-11-24,0.00047000000000000004
2097-11-25,0.009890000000000001
2097-11-26,0.0039700000000000004
2097-11-27,0.00056
2097-11-28,0.0014
2097-11-29,0.00047000000000000004
2097-11-30,0.00047000000000000004
2097-12-01,0.00047000000000000004
2097-12-02,0.00047000000000000004
2097-12-03,0.00047000000000000004
2097-12-04,0.00047000000000000004
2097-12-05,0.00047000000000000004
2097-12-06,0.00047000000000000004
2097-12-07,0.00047000000000000004
2097-12-08,0.00047000000000000004
2097-12-09,0.00047000000000000004
2097-12-10,0.00047000000000000004
2097-12-11,0.00047000000000000004
2097-12-12,0.00047000000000000004
2097-12-13,0.00485
2097-12-14,0.00047000000000000004
2097-12-15,0.00047000000000000004
2097-12-16,0.00047000000000000004
2097-12-17,0.00047000000000000004
2097-12-18,0.00047000000000000004
2097-12-19,0.0008699999999999999
2097-12-20,0.00047000000000000004
2097-12-21,0.00047000000000000004
2097-12-22,0.00047000000000000004
2097-12-23,0.00047999999999999996
2097-12-24,0.011470000000000001
2097-12-25,0.017769999999999998
2097-12-26,0.07827
2097-12-27,0.15352000000000002
2097-12-28,0.4819
2097-12-29,2.03646
2097-12-30,1.55271
2097-12-31,0.12328
2098-01-01,0.11904
2098-01-02,0.15628
2098-01-03,0.04545
2098-01-04,0.01099
2098-01-05,0.02309
2098-01-06,0.05136
2098-01-07,0.02497
2098-01-08,0.02695
2098-01-09,0.029910000000000003
2098-01-10,0.040080000000000005
2098-01-11,0.02957
2098-01-12,0.02978
2098-01-13,0.03862
2098-01-14,0.0285
2098-01-15,0.0276
2098-01-16,0.02636
2098-01-17,0.02501
2098-01-18,0.02363
2098-01-19,0.022109999999999998
2098-01-20,0.02055
2098-01-21,0.01923
2098-01-22,0.01795
2098-01-23,0.01668
2098-01-24,0.015590000000000001
2098-01-25,0.01464
2098-01-26,0.01855
2098-01-27,0.015130000000000001
2098-01-28,0.01281
2098-01-29,0.019719999999999998
2098-01-30,0.027630000000000002
2098-01-31,0.04326
2098-02-01,0.016630000000000002
2098-02-02,0.01931
2098-02-03,0.020130000000000002
2098-02-04,0.02015
2098-02-05,0.01975
2098-02-06,0.02895
2098-02-07,0.01911
2098-02-08,0.01891
2098-02-09,0.018340000000000002
2098-02-10,0.01762
2098-02-11,0.01678
2098-02-12,0.0158
2098-02-13,0.02084
2098-02-14,0.01741
2098-02-15,0.013669999999999998
2098-02-16,0.01329
2098-02-17,0.0125
2098-02-18,0.01553
2098-02-19,0.01176
2098-02-20,0.013280000000000002
2098-02-21,0.01029
2098-02-22,0.01179
2098-02-23,0.03323
2098-02-24,0.024669999999999997
2098-02-25,0.012709999999999999
2098-02-26,0.01407
2098-02-27,0.014709999999999999
2098-02-28,0.01395
2098-03-01,0.04834
2098-03-02,0.21286999999999998
2098-03-03,0.6752199999999999
2098-03-04,0.08843
2098-03-05,0.0942
2098-03-06,0.10892
2098-03-07,0.21649000000000002
2098-03-08,0.50594
2098-03-09,0.55171
2098-03-10,0.12343
2098-03-11,0.12343
2098-03-12,0.12343
2098-03-13,0.12333
2098-03-14,0.11979000000000001
2098-03-15,0.10885
2098-03-16,0.09648999999999999
2098-03-17,0.08542000000000001
2098-03-18,0.0759
2098-03-19,0.06786
2098-03-20,0.060660000000000006
2098-03-21,0.054920000000000004
2098-03-22,0.06071
2098-03-23,0.04623
2098-03-24,0.042960000000000005
2098-03-25,0.040530000000000004
2098-03-26,0.04118
2098-03-27,0.03451
2098-03-28,0.03075
2098-03-29,0.02738
2098-03-30,0.0244
2098-03-31,0.02182
2098-04-01,0.02162
2098-04-02,0.0177
2098-04-03,0.015590000000000001
2098-04-04,0.013340000000000001
2098-04-05,0.01111
2098-04-06,0.0091
2098-04-07,0.00735
2098-04-08,0.0059
2098-04-09,0.00471
2098-04-10,0.0038299999999999996
2098-04-11,0.00323
2098-04-12,0.00267
2098-04-13,0.00295
2098-04-14,0.00199
2098-04-15,0.00175
2098-04-16,0.00155
2098-04-17,0.00998
2098-04-18,0.0045
2098-04-19,0.00144
2098-04-20,0.00243
2098-04-21,0.00196
2098-04-22,0.00386
2098-04-23,0.0118
2098-04-24,0.00131
2098-04-25,0.01222
2098-04-26,0.00541
2098-04-27,0.00134
2098-04-28,0.00173
2098-04-29,0.0014199999999999998
2098-04-30,0.00143
2098-05-01,0.0013800000000000002
2098-05-02,0.0013
2098-05-03,0.00125
2098-05-04,0.00121
2098-05-05,0.0012
2098-05-06,0.00119
2098-05-07,0.00117
2098-05-08,0.00116
2098-05-09,0.00115
2098-05-10,0.00114
2098-05-11,0.0011300000000000001
2098-05-12,0.00112
2098-05-13,0.0011
2098-05-14,0.00109
2098-05-15,0.00107
2098-05-16,0.00106
2098-05-17,0.0010400000000000001
2098-05-18,0.00103
2098-05-19,0.0010199999999999999
2098-05-20,0.00101
2098-05-21,0.001
2098-05-22,0.00099
2098-05-23,0.0009699999999999999
2098-05-24,0.0009599999999999999
2098-05-25,0.00095
2098-05-26,0.0016600000000000002
2098-05-27,0.00093
2098-05-28,0.00091
2098-05-29,0.0009
2098-05-30,0.00088
2098-05-31,0.00086
2098-06-01,0.00085
2098-06-02,0.0008300000000000001
2098-06-03,0.00081
2098-06-04,0.00079
2098-06-05,0.0007700000000000001
2098-06-06,0.0007599999999999999
2098-06-07,0.00075
2098-06-08,0.00073
2098-06-09,0.0007099999999999999
2098-06-10,0.0007
2098-06-11,0.0006799999999999999
2098-06-12,0.00066
2098-06-13,0.00065
2098-06-14,0.00063
2098-06-15,0.00062
2098-06-16,0.0006
2098-06-17,0.00059
2098-06-18,0.00058
2098-06-19,0.00057
2098-06-20,0.00056
2098-06-21,0.00055
2098-06-22,0.00054
2098-06-23,0.00053
2098-06-24,0.0005200000000000001
2098-06-25,0.0005200000000000001
2098-06-26,0.0005099999999999999
2098-06-27,0.0005099999999999999
2098-06-28,0.0005
2098-06-29,0.0005
2098-06-30,0.00049
2098-07-01,0.00049
2098-07-02,0.00061
2098-07-03,0.00049
2098-07-04,0.00049
2098-07-05,0.00047999999999999996
2098-07-06,0.00047999999999999996
2098-07-07,0.00047999999999999996
2098-07-08,0.00047999999999999996
2098-07-09,0.00047999999999999996
2098-07-10,0.00047999999999999996
2098-07-11,0.00047999999999999996
2098-07-12,0.00047999999999999996
2098-07-13,0.00047999999999999996
2098-07-14,0.00047999999999999996
2098-07-15,0.00047999999999999996
2098-07-16,0.00047999999999999996
2098-07-17,0.00047999999999999996
2098-07-18,0.00047999999999999996
2098-07-19,0.00047999999999999996
2098-07-20,0.00047999999999999996
2098-07-21,0.00047999999999999996
2098-07-22,0.00047999999999999996
2098-07-23,0.00047999999999999996
2098-07-24,0.00047999999999999996
2098-07-25,0.00047999999999999996
2098-07-26,0.00047999999999999996
2098-07-27,0.00047999999999999996
2098-07-28,0.00047999999999999996
2098-07-29,0.00047999999999999996
2098-07-30,0.00047999999999999996
2098-07-31,0.00047999999999999996
2098-08-01,0.00047999999999999996
2098-08-02,0.00047999999999999996
2098-08-03,0.00047999999999999996
2098-08-04,0.00047999999999999996
2098-08-05,0.00047999999999999996
2098-08-06,0.00047999999999999996
2098-08-07,0.00047999999999999996
2098-08-08,0.00047999999999999996
2098-08-09,0.00047999999999999996
2098-08-10,0.00047999999999999996
2098-08-11,0.00047999999999999996
2098-08-12,0.00047999999999999996
2098-08-13,0.00047999999999999996
2098-08-14,0.00047999999999999996
2098-08-15,0.00047999999999999996
2098-08-16,0.00047999999999999996
2098-08-17,0.00047999999999999996
2098-08-18,0.00047999999999999996
2098-08-19,0.00047000000000000004
2098-08-20,0.00047000000000000004
2098-08-21,0.00057
2098-08-22,0.00047000000000000004
2098-08-23,0.00085
2098-08-24,0.00047000000000000004
2098-08-25,0.00056
2098-08-26,0.00047000000000000004
2098-08-27,0.00047000000000000004
2098-08-28,0.00047000000000000004
2098-08-29,0.00047000000000000004
2098-08-30,0.00047000000000000004
2098-08-31,0.00047000000000000004
2098-09-01,0.0007599999999999999
2098-09-02,0.0005
2098-09-03,0.00059
2098-09-04,0.0005099999999999999
2098-09-05,0.0017399999999999998
2098-09-06,0.0005200000000000001
2098-09-07,0.00047000000000000004
2098-09-08,0.00047000000000000004
2098-09-09,0.00122
2098-09-10,0.00047999999999999996
2098-09-11,0.00047000000000000004
2098-09-12,0.00047000000000000004
2098-09-13,0.00047000000000000004
2098-09-14,0.00047000000000000004
2098-09-15,0.00047000000000000004
2098-09-16,0.00047000000000000004
2098-09-17,0.00047000000000000004
2098-09-18,0.00047000000000000004
2098-09-19,0.0144
2098-09-20,0.02854
2098-09-21,0.00047000000000000004
2098-09-22,0.00047000000000000004
2098-09-23,0.00047000000000000004
2098-09-24,0.0011099999999999999
2098-09-25,0.00047999999999999996
2098-09-26,0.00047999999999999996
2098-09-27,0.00047999999999999996
2098-09-28,0.00179
2098-09-29,0.01795
2098-09-30,0.042710000000000005
2098-10-01,0.05057
2098-10-02,0.0203
2098-10-03,0.00116
2098-10-04,0.00062
2098-10-05,0.00062
2098-10-06,0.00062
2098-10-07,0.00062
2098-10-08,0.00062
2098-10-09,0.00062
2098-10-10,0.00062
2098-10-11,0.00061
2098-10-12,0.00061
2098-10-13,0.0006
2098-10-14,0.0006
2098-10-15,0.00059
2098-10-16,0.00058
2098-10-17,0.00058
2098-10-18,0.00058
2098-10-19,0.00057
2098-10-20,0.00057
2098-10-21,0.00057
2098-10-22,0.00056
2098-10-23,0.00056
2098-10-24,0.00056
2098-10-25,0.00055
2098-10-26,0.00055
2098-10-27,0.00055
2098-10-28,0.00054
2098-10-29,0.00054
2098-10-30,0.00054
2098-10-31,0.00053
2098-11-01,0.00053
2098-11-02,0.00053
2098-11-03,0.00053
2098-11-04,0.00053
2098-11-05,0.0005200000000000001
2098-11-06,0.0005200000000000001
2098-11-07,0.0005200000000000001
2098-11-08,0.0005200000000000001
2098-11-09,0.0005200000000000001
2098-11-10,0.0005200000000000001
2098-11-11,0.0005200000000000001
2098-11-12,0.0005099999999999999
2098-11-13,0.00232
2098-11-14,0.03342
2098-11-15,0.020380000000000002
2098-11-16,0.0005200000000000001
2098-11-17,0.00175
2098-11-18,0.00054
2098-11-19,0.00054
2098-11-20,0.00054
2098-11-21,0.00054
2098-11-22,0.00055
2098-11-23,0.01856
2098-11-24,0.02254
2098-11-25,0.01176
2098-11-26,0.00059
2098-11-27,0.0006
2098-11-28,0.00061
2098-11-29,0.00061
2098-11-30,0.00062
2098-12-01,0.00062
2098-12-02,0.00062
2098-12-03,0.00062
2098-12-04,0.00062
2098-12-05,0.00062
2098-12-06,0.00062
2098-12-07,0.00062
2098-12-08,0.00062
2098-12-09,0.00062
2098-12-10,0.0046
2098-12-11,0.00065
2098-12-12,0.00172
2098-12-13,0.00062
2098-12-14,0.00062
2098-12-15,0.00062
2098-12-16,0.010759999999999999
2098-12-17,0.04875
2098-12-18,0.05825
2098-12-19,0.00785
2098-12-20,0.0338
2098-12-21,0.12236
2098-12-22,0.04082
2098-12-23,0.10464000000000001
2098-12-24,0.0348
2098-12-25,0.0011
2098-12-26,0.00116
2098-12-27,0.0104
2098-12-28,0.01925
2098-12-29,0.0396
2098-12-30,0.05003
2098-12-31,0.0227
2099-01-01,0.00532
2099-01-02,0.00621
2099-01-03,0.007090000000000001
2099-01-04,0.00755
2099-01-05,0.00772
2099-01-06,0.06894
2099-01-07,0.29549000000000003
2099-01-08,0.34368000000000004
2099-01-09,0.12049000000000001
2099-01-10,0.10638
2099-01-11,0.11394000000000001
2099-01-12,0.19353
2099-01-13,0.11915999999999999
2099-01-14,0.11947
2099-01-15,0.14743
2099-01-16,0.25385
2099-01-17,0.52996
2099-01-18,0.17795
2099-01-19,0.13599
2099-01-20,0.15364
2099-01-21,0.19166
2099-01-22,0.21231
2099-01-23,0.13288
2099-01-24,0.13665
2099-01-25,0.14573
2099-01-26,0.12305999999999999
2099-01-27,0.12279000000000001
2099-01-28,0.12243
2099-01-29,0.1193
2099-01-30,0.12278
2099-01-31,0.22715
2099-02-01,0.54203
2099-02-02,0.89317
2099-02-03,0.53189
2099-02-04,0.34761
2099-02-05,0.50544
2099-02-06,0.12343
2099-02-07,0.124
2099-02-08,0.12343
2099-02-09,0.12343
2099-02-10,0.12242
2099-02-11,0.11445
2099-02-12,0.10315999999999999
2099-02-13,0.09224
2099-02-14,0.09617
2099-02-15,0.08246
2099-02-16,0.07066
2099-02-17,0.07175
2099-02-18,0.06255
2099-02-19,0.05864
2099-02-20,0.05488
2099-02-21,0.056010000000000004
2099-02-22,0.04752
2099-02-23,0.04378
2099-02-24,0.047510000000000004
2099-02-25,0.050089999999999996
2099-02-26,0.11374000000000001
2099-02-27,0.6923699999999999
2099-02-28,0.14703
2099-03-01,0.11592999999999999
2099-03-02,0.11099
2099-03-03,0.10049
2099-03-04,0.08971
2099-03-05,0.07956
2099-03-06,0.07013
2099-03-07,0.06197999999999999
2099-03-08,0.05805
2099-03-09,0.054360000000000006
2099-03-10,0.04752
2099-03-11,0.04364
2099-03-12,0.039760000000000004
2099-03-13,0.06907999999999999
2099-03-14,0.068
2099-03-15,0.060520000000000004
2099-03-16,0.05112
2099-03-17,0.050839999999999996
2099-03-18,0.04811
2099-03-19,0.0446
2099-03-20,0.04098
2099-03-21,0.0373
2099-03-22,0.03387
2099-03-23,0.03121
2099-03-24,0.03903
2099-03-25,0.027639999999999998
2099-03-26,0.028030000000000003
2099-03-27,0.09926
2099-03-28,0.88982
2099-03-29,0.2294
2099-03-30,0.1773
2099-03-31,0.12278
2099-04-01,0.12240999999999999
2099-04-02,0.11818
2099-04-03,0.10685
2099-04-04,0.09451
2099-04-05,0.08467999999999999
2099-04-06,0.07895
2099-04-07,0.06712
2099-04-08,0.06146
2099-04-09,0.05317
2099-04-10,0.056760000000000005
2099-04-11,0.04464
2099-04-12,0.04067
2099-04-13,0.036160000000000005
2099-04-14,0.0321
2099-04-15,0.03335
2099-04-16,0.02663
2099-04-17,0.02387
2099-04-18,0.0212
2099-04-19,0.01857
2099-04-20,0.016309999999999998
2099-04-21,0.02033
2099-04-22,0.01653
2099-04-23,0.01351
2099-04-24,0.0118
2099-04-25,0.00999
2099-04-26,0.0083
2099-04-27,0.00677
2099-04-28,0.008870000000000001
2099-04-29,0.00473
2099-04-30,0.00404
2099-05-01,0.0031899999999999997
2099-05-02,0.00248
2099-05-03,0.00201
2099-05-04,0.00168
2099-05-05,0.00144
2099-05-06,0.00128
2099-05-07,0.00122
2099-05-08,0.0012
2099-05-09,0.00391
2099-05-10,0.00119
2099-05-11,0.00117
2099-05-12,0.00116
2099-05-13,0.00115
2099-05-14,0.00114
2099-05-15,0.0011300000000000001
2099-05-16,0.00112
2099-05-17,0.0011099999999999999
2099-05-18,0.00109
2099-05-19,0.00108
2099-05-20,0.00107
2099-05-21,0.01027
2099-05-22,0.00702
2099-05-23,0.00105
2099-05-24,0.0010400000000000001
2099-05-25,0.00103
2099-05-26,0.0010199999999999999
2099-05-27,0.00101
2099-05-28,0.001
2099-05-29,0.00099
2099-05-30,0.0027
2099-05-31,0.0009699999999999999
2099-06-01,0.0009599999999999999
2099-06-02,0.00095
2099-06-03,0.0009400000000000001
2099-06-04,0.00093
2099-06-05,0.0009199999999999999
2099-06-06,0.00091
2099-06-07,0.0009
2099-06-08,0.0008900000000000001
2099-06-09,0.00088
2099-06-10,0.0008699999999999999
2099-06-11,0.00085
2099-06-12,0.0008300000000000001
2099-06-13,0.00082
2099-06-14,0.0008
2099-06-15,0.00078
2099-06-16,0.0007700000000000001
2099-06-17,0.00075
2099-06-18,0.00074
2099-06-19,0.00073
2099-06-20,0.0007099999999999999
2099-06-21,0.0007
2099-06-22,0.0006799999999999999
2099-06-23,0.00067
2099-06-24,0.00065
2099-06-25,0.00064
2099-06-26,0.00063
2099-06-27,0.00061
2099-06-28,0.0006
2099-06-29,0.00059
2099-06-30,0.00058
2099-07-01,0.00056
2099-07-02,0.00055
2099-07-03,0.00054
2099-07-04,0.00053
2099-07-05,0.00053
2099-07-06,0.0005200000000000001
2099-07-07,0.0005099999999999999
2099-07-08,0.0005099999999999999
2099-07-09,0.0005
2099-07-10,0.0005
2099-07-11,0.00049
2099-07-12,0.00049
2099-07-13,0.00049
2099-07-14,0.00049
2099-07-15,0.00525
2099-07-16,0.00047999999999999996
2099-07-17,0.00047999999999999996
2099-07-18,0.00047999999999999996
2099-07-19,0.00047999999999999996
2099-07-20,0.00047999999999999996
2099-07-21,0.00047999999999999996
2099-07-22,0.00047999999999999996
2099-07-23,0.00047999999999999996
2099-07-24,0.00047999999999999996
2099-07-25,0.00047999999999999996
2099-07-26,0.00047999999999999996
2099-07-27,0.00047999999999999996
2099-07-28,0.00047999999999999996
2099-07-29,0.00047999999999999996
2099-07-30,0.00047999999999999996
2099-07-31,0.00047999999999999996
2099-08-01,0.00047999999999999996
2099-08-02,0.00047999999999999996
2099-08-03,0.00047999999999999996
2099-08-04,0.00047999999999999996
2099-08-05,0.00047999999999999996
2099-08-06,0.00047999999999999996
2099-08-07,0.00047999999999999996
2099-08-08,0.00047999999999999996
2099-08-09,0.00047999999999999996
2099-08-10,0.00047999999999999996
2099-08-11,0.00047999999999999996
2099-08-12,0.00047999999999999996
2099-08-13,0.00047999999999999996
2099-08-14,0.00047999999999999996
2099-08-15,0.00047999999999999996
2099-08-16,0.00047999999999999996
2099-08-17,0.00047999999999999996
2099-08-18,0.00047999999999999996
2099-08-19,0.00047999999999999996
2099-08-20,0.00047999999999999996
2099-08-21,0.00047999999999999996
2099-08-22,0.00047999999999999996
2099-08-23,0.00047999999999999996
2099-08-24,0.00149
2099-08-25,0.033030000000000004
2099-08-26,1.8059900000000002
2099-08-27,0.72191
2099-08-28,0.0007099999999999999
2099-08-29,0.00073
2099-08-30,0.00073
2099-08-31,0.00073
2099-09-01,0.00124
2099-09-02,0.00072
2099-09-03,0.0034700000000000004
2099-09-04,0.0007099999999999999
2099-09-05,0.006229999999999999
2099-09-06,0.0007
2099-09-07,0.0007
2099-09-08,0.0006900000000000001
2099-09-09,0.0006799999999999999
2099-09-10,0.0006799999999999999
2099-09-11,0.00067
2099-09-12,0.00066
2099-09-13,0.00066
2099-09-14,0.00065
2099-09-15,0.00064
2099-09-16,0.00063
2099-09-17,0.00062
2099-09-18,0.00061
2099-09-19,0.00061
2099-09-20,0.0006
2099-09-21,0.00059
2099-09-22,0.00058
2099-09-23,0.00057
2099-09-24,0.00057
2099-09-25,0.00056
2099-09-26,0.00056
2099-09-27,0.00055
2099-09-28,0.0010199999999999999
2099-09-29,0.00054
2099-09-30,0.00054
2099-10-01,0.00053
2099-10-02,0.00053
2099-10-03,0.0005200000000000001
2099-10-04,0.0005200000000000001
2099-10-05,0.0005200000000000001
2099-10-06,0.0005099999999999999
2099-10-07,0.0005099999999999999
2099-10-08,0.0005099999999999999
2099-10-09,0.0035399999999999997
2099-10-10,0.0005
2099-10-11,0.00541
2099-10-12,0.0005
2099-10-13,0.0005
2099-10-14,0.0005
2099-10-15,0.0005
2099-10-16,0.0005
2099-10-17,0.00049
2099-10-18,0.00049
2099-10-19,0.00063
2099-10-20,0.0006799999999999999
2099-10-21,0.00049
2099-10-22,0.00049
2099-10-23,0.00049
2099-10-24,0.00049
2099-10-25,0.00049
2099-10-26,0.00049
2099-10-27,0.00049
2099-10-28,0.00049
2099-10-29,0.00049
2099-10-30,0.00049
2099-10-31,0.00049
2099-11-01,0.02317
2099-11-02,0.01355
2099-11-03,0.00049
2099-11-04,0.0005099999999999999
2099-11-05,0.00049
2099-11-06,0.00049
2099-11-07,0.00049
2099-11-08,0.00049
2099-11-09,0.0005
2099-11-10,0.00058
2099-11-11,0.0005
2099-11-12,0.0005
2099-11-13,0.0005
2099-11-14,0.0005
2099-11-15,0.0005
2099-11-16,0.0005
2099-11-17,0.0005
2099-11-18,0.0005
2099-11-19,0.0005
2099-11-20,0.0005
2099-11-21,0.0005
2099-11-22,0.0005
2099-11-23,0.0005
2099-11-24,0.0005
2099-11-25,0.0005
2099-11-26,0.0005
2099-11-27,0.00049
2099-11-28,0.00049
2099-11-29,0.00049
2099-11-30,0.00049
2099-12-01,0.00049
2099-12-02,0.00049
2099-12-03,0.00049
2099-12-04,0.00049
2099-12-05,0.00049
2099-12-06,0.00049
2099-12-07,0.0018800000000000002
2099-12-08,0.00049
2099-12-09,0.00109
2099-12-10,0.0103
2099-12-11,0.01677
2099-12-12,0.00481
2099-12-13,0.02306
2099-12-14,0.00565
2099-12-15,0.0005200000000000001
2099-12-16,0.00053
2099-12-17,0.00053
2099-12-18,0.00054
2099-12-19,0.00054
2099-12-20,0.00054
2099-12-21,0.00054
2099-12-22,0.00054
2099-12-23,0.00055
2099-12-24,0.07826
2099-12-25,0.29197
2099-12-26,0.2076
2099-12-27,0.00082
2099-12-28,0.00084
2099-12-29,0.01971
2099-12-30,0.12935
2099-12-31,0.015090000000000001
2100-01-01,0.00106
2100-01-02,0.0054600000000000004
2100-01-03,0.00105
2100-01-04,0.00105
2100-01-05,0.00106
2100-01-06,0.00106
2100-01-07,0.00106
2100-01-08,0.00106
2100-01-09,0.00106
2100-01-10,0.007940000000000001
2100-01-11,0.0032600000000000003
2100-01-12,0.00106
2100-01-13,0.00106
2100-01-14,0.00106
2100-01-15,0.00106
2100-01-16,0.00106
2100-01-17,0.00106
2100-01-18,0.00106
2100-01-19,0.00105
2100-01-20,0.00105
2100-01-21,0.00105
2100-01-22,0.0010400000000000001
2100-01-23,0.0010400000000000001
2100-01-24,0.024569999999999998
2100-01-25,0.1615
2100-01-26,0.08467000000000001
2100-01-27,0.0203
2100-01-28,0.00402
2100-01-29,0.0236
2100-01-30,0.16816
2100-01-31,0.75395
2100-02-01,0.16418
2100-02-02,0.16605
2100-02-03,0.23309000000000002
2100-02-04,0.23421999999999998
2100-02-05,0.15558
2100-02-06,0.12189000000000001
2100-02-07,0.12178
2100-02-08,0.12145999999999998
2100-02-09,0.12261
2100-02-10,0.13639
2100-02-11,0.14965
2100-02-12,0.23105
2100-02-13,0.26914
2100-02-14,0.13230999999999998
2100-02-15,0.17490999999999998
2100-02-16,0.31809
2100-02-17,0.15987
2100-02-18,0.14045
2100-02-19,0.12387000000000001
2100-02-20,0.13349
2100-02-21,0.12804000000000001
2100-02-22,0.12272999999999999
2100-02-23,0.12175
2100-02-24,0.12255
2100-02-25,0.11975999999999999
2100-02-26,0.10564000000000001
2100-02-27,0.09572
2100-02-28,0.08896
2100-03-01,0.08025
2100-03-02,0.08924
2100-03-03,0.0676
2100-03-04,0.06791
2100-03-05,0.11058
2100-03-06,0.07692
2100-03-07,0.07449
2100-03-08,0.0734
2100-03-09,0.06722
2100-03-10,0.06256
2100-03-11,0.05765
2100-03-12,0.052829999999999995
2100-03-13,0.05113
2100-03-14,0.05596
2100-03-15,0.04307
2100-03-16,0.04057
2100-03-17,0.03775
2100-03-18,0.034730000000000004
2100-03-19,0.031689999999999996
2100-03-20,0.028739999999999998
2100-03-21,0.02609
2100-03-22,0.02362
2100-03-23,0.02145
2100-03-24,0.01948
2100-03-25,0.01744
2100-03-26,0.015390000000000001
2100-03-27,0.013359999999999999
2100-03-28,0.01146
2100-03-29,0.00974
2100-03-30,0.00821
2100-03-31,0.00688
2100-04-01,0.0055899999999999995
2100-04-02,0.00443
2100-04-03,0.0036299999999999995
2100-04-04,0.006940000000000001
2100-04-05,0.0037799999999999995
2100-04-06,0.00279
2100-04-07,0.00392
2100-04-08,0.00232
2100-04-09,0.00202
2100-04-10,0.0016600000000000002
2100-04-11,0.00141
2100-04-12,0.00126
2100-04-13,0.00122
2100-04-14,0.01885
2100-04-15,0.06715
2100-04-16,0.0061
2100-04-17,0.00257
2100-04-18,0.00278
2100-04-19,0.00576
2100-04-20,0.00267
2100-04-21,0.00245
2100-04-22,0.0022
2100-04-23,0.0019399999999999999
2100-04-24,0.0023
2100-04-25,0.00149
2100-04-26,0.0015199999999999999
2100-04-27,0.00133
2100-04-28,0.00126
2100-04-29,0.00121
2100-04-30,0.00137
2100-05-01,0.00118
2100-05-02,0.00117
2100-05-03,0.00116
2100-05-04,0.00115
2100-05-05,0.00114
2100-05-06,0.0011300000000000001
2100-05-07,0.00112
2100-05-08,0.0011099999999999999
2100-05-09,0.0011
2100-05-10,0.00109
2100-05-11,0.00109
2100-05-12,0.00108
2100-05-13,0.00107
2100-05-14,0.00106
2100-05-15,0.00105
2100-05-16,0.0010400000000000001
2100-05-17,0.00106
2100-05-18,0.00101
2100-05-19,0.001
2100-05-20,0.00098
2100-05-21,0.0009699999999999999
2100-05-22,0.00095
2100-05-23,0.0009400000000000001
2100-05-24,0.0009199999999999999
2100-05-25,0.0009
2100-05-26,0.00088
2100-05-27,0.00086
2100-05-28,0.00084
2100-05-29,0.00082
2100-05-30,0.0008
2100-05-31,0.00078
2100-06-01,0.0007599999999999999
2100-06-02,0.00074
2100-06-03,0.00072
2100-06-04,0.0007
2100-06-05,0.0006799999999999999
2100-06-06,0.00066
2100-06-07,0.00065
2100-06-08,0.00064
2100-06-09,0.00062
2100-06-10,0.00061
2100-06-11,0.00059
2100-06-12,0.00058
2100-06-13,0.00057
2100-06-14,0.00056
2100-06-15,0.00055
2100-06-16,0.00054
2100-06-17,0.00053
2100-06-18,0.0005200000000000001
2100-06-19,0.0005099999999999999
2100-06-20,0.0005099999999999999
2100-06-21,0.0005
2100-06-22,0.0005
2100-06-23,0.0005
2100-06-24,0.00049
2100-06-25,0.00049
2100-06-26,0.00049
2100-06-27,0.00049
2100-06-28,0.00047999999999999996
2100-06-29,0.00047999999999999996
2100-06-30,0.00047999999999999996
2100-07-01,0.00047999999999999996
2100-07-02,0.00047999999999999996
2100-07-03,0.00047999999999999996
2100-07-04,0.00047999999999999996
2100-07-05,0.00047999999999999996
2100-07-06,0.00047999999999999996
2100-07-07,0.00047999999999999996
2100-07-08,0.00047999999999999996
2100-07-09,0.00047999999999999996
2100-07-10,0.00047999999999999996
2100-07-11,0.00047999999999999996
2100-07-12,0.00047999999999999996
2100-07-13,0.00047999999999999996
2100-07-14,0.00047999999999999996
2100-07-15,0.00047999999999999996
2100-07-16,0.00047999999999999996
2100-07-17,0.00047999999999999996
2100-07-18,0.00047999999999999996
2100-07-19,0.00047999999999999996
2100-07-20,0.00047999999999999996
2100-07-21,0.00047999999999999996
2100-07-22,0.00047999999999999996
2100-07-23,0.00047999999999999996
2100-07-24,0.00047999999999999996
2100-07-25,0.00047999999999999996
2100-07-26,0.00047999999999999996
2100-07-27,0.00047999999999999996
2100-07-28,0.00047999999999999996
2100-07-29,0.00047999999999999996
2100-07-30,0.00047999999999999996
2100-07-31,0.00047999999999999996
2100-08-01,0.00047999999999999996
2100-08-02,0.00047999999999999996
2100-08-03,0.00047999999999999996
2100-08-04,0.00047999999999999996
2100-08-05,0.00047999999999999996
2100-08-06,0.00047999999999999996
2100-08-07,0.00047999999999999996
2100-08-08,0.00047999999999999996
2100-08-09,0.00047999999999999996
2100-08-10,0.00047999999999999996
2100-08-11,0.00047000000000000004
2100-08-12,0.00047000000000000004
2100-08-13,0.00047000000000000004
2100-08-14,0.00047000000000000004
2100-08-15,0.00047000000000000004
2100-08-16,0.00047000000000000004
2100-08-17,0.00047000000000000004
2100-08-18,0.00047000000000000004
2100-08-19,0.00047000000000000004
2100-08-20,0.00047000000000000004
2100-08-21,0.00047000000000000004
2100-08-22,0.00047000000000000004
2100-08-23,0.00047000000000000004
2100-08-24,0.00047000000000000004
2100-08-25,0.00047000000000000004
2100-08-26,0.00047000000000000004
2100-08-27,0.00047000000000000004
2100-08-28,0.00047000000000000004
2100-08-29,0.00047000000000000004
2100-08-30,0.00047000000000000004
2100-08-31,0.00047000000000000004
2100-09-01,0.00047000000000000004
2100-09-02,0.00047000000000000004
2100-09-03,0.00047000000000000004
2100-09-04,0.0005200000000000001
2100-09-05,0.00047000000000000004
2100-09-06,0.00047000000000000004
2100-09-07,0.00146
2100-09-08,0.00047000000000000004
2100-09-09,0.019119999999999998
2100-09-10,0.00047000000000000004
2100-09-11,0.00047000000000000004
2100-09-12,0.00047000000000000004
2100-09-13,0.00047000000000000004
2100-09-14,0.00047000000000000004
2100-09-15,0.00047000000000000004
2100-09-16,0.00047000000000000004
2100-09-17,0.00047000000000000004
2100-09-18,0.00047000000000000004
2100-09-19,0.00047000000000000004
2100-09-20,0.00047000000000000004
2100-09-21,0.00047000000000000004
2100-09-22,0.00047000000000000004
2100-09-23,0.00047000000000000004
2100-09-24,0.00047000000000000004
2100-09-25,0.00047000000000000004
2100-09-26,0.00047000000000000004
2100-09-27,0.00047000000000000004
2100-09-28,0.00047000000000000004
2100-09-29,0.00047000000000000004
2100-09-30,0.00047000000000000004
2100-10-01,0.00047000000000000004
2100-10-02,0.00047000000000000004
2100-10-03,0.00047000000000000004
2100-10-04,0.00047000000000000004
2100-10-05,0.00047000000000000004
2100-10-06,0.00047000000000000004
2100-10-07,0.00047000000000000004
2100-10-08,0.00047000000000000004
2100-10-09,0.00047000000000000004
2100-10-10,0.00047000000000000004
2100-10-11,0.00047000000000000004
2100-10-12,0.00047000000000000004
2100-10-13,0.00047000000000000004
2100-10-14,0.00047000000000000004
2100-10-15,0.00047000000000000004
2100-10-16,0.00047000000000000004
2100-10-17,0.00047000000000000004
2100-10-18,0.00047000000000000004
2100-10-19,0.00047000000000000004
2100-10-20,0.00047000000000000004
2100-10-21,0.00047000000000000004
2100-10-22,0.00047000000000000004
2100-10-23,0.00047000000000000004
2100-10-24,0.00047000000000000004
2100-10-25,0.00047000000000000004
2100-10-26,0.00047000000000000004
2100-10-27,0.00047000000000000004
2100-10-28,0.00047000000000000004
2100-10-29,0.00047000000000000004
2100-10-30,0.00047000000000000004
2100-10-31,0.00047000000000000004
2100-11-01,0.00047000000000000004
2100-11-02,0.00047000000000000004
2100-11-03,0.00047000000000000004
2100-11-04,0.00047000000000000004
2100-11-05,0.00047000000000000004
2100-11-06,0.00047000000000000004
2100-11-07,0.00047000000000000004
2100-11-08,0.00047000000000000004
2100-11-09,0.00074
2100-11-10,0.00045999999999999996
2100-11-11,0.00045999999999999996
2100-11-12,0.00045999999999999996
2100-11-13,0.00045999999999999996
2100-11-14,0.0006
2100-11-15,0.0112
2100-11-16,0.00045999999999999996
2100-11-17,0.00146
2100-11-18,0.00489
2100-11-19,0.00045999999999999996
2100-11-20,0.00045999999999999996
2100-11-21,0.00045999999999999996
2100-11-22,0.00045999999999999996
2100-11-23,0.00045999999999999996
2100-11-24,0.00045999999999999996
2100-11-25,0.00045999999999999996
2100-11-26,0.00045999999999999996
2100-11-27,0.00045999999999999996
2100-11-28,0.00045999999999999996
2100-11-29,0.050519999999999995
2100-11-30,0.0832
2100-12-01,0.03997
2100-12-02,0.00212
2100-12-03,0.00062
2100-12-04,0.00063
2100-12-05,0.00064
2100-12-06,0.00064
2100-12-07,0.00064
2100-12-08,0.00065
2100-12-09,0.00065
2100-12-10,0.00065
2100-12-11,0.0075
2100-12-12,0.034539999999999994
2100-12-13,0.00557
2100-12-14,0.0006799999999999999
2100-12-15,0.0006900000000000001
2100-12-16,0.008579999999999999
2100-12-17,0.0007099999999999999
2100-12-18,0.0007099999999999999
2100-12-19,0.0007099999999999999
2100-12-20,0.00072
2100-12-21,0.004070000000000001
2100-12-22,0.00073
2100-12-23,0.00072
2100-12-24,0.00072
2100-12-25,0.00072
2100-12-26,0.00072
2100-12-27,0.00072
2100-12-28,0.00072
2100-12-29,0.00072
2100-12-30,0.004370000000000001
2100-12-31,0.0007099999999999999
